solid 
 facet normal -1.000000e+00  0.000000e+00  0.000000e+00
   outer loop
     vertex  0.000000e+00  0.000000e+00  0.000000e+00
     vertex  0.000000e+00  1.367000e+02  4.000000e+01
     vertex  0.000000e+00  1.367000e+02  0.000000e+00
   endloop
 endfacet
 facet normal -1.000000e+00  0.000000e+00  0.000000e+00
   outer loop
     vertex  0.000000e+00  0.000000e+00  4.000000e+01
     vertex  0.000000e+00  1.367000e+02  4.000000e+01
     vertex  0.000000e+00  0.000000e+00  0.000000e+00
   endloop
 endfacet
 facet normal  0.000000e+00 -1.000000e+00 -0.000000e+00
   outer loop
     vertex  2.337128e+01  0.000000e+00  1.844766e+01
     vertex  0.000000e+00  0.000000e+00  0.000000e+00
     vertex  2.341448e+01  0.000000e+00  1.840356e+01
   endloop
 endfacet
 facet normal -0.000000e+00 -1.000000e+00  0.000000e+00
   outer loop
     vertex  2.345887e+01  0.000000e+00  1.836067e+01
     vertex  2.341448e+01  0.000000e+00  1.840356e+01
     vertex  0.000000e+00  0.000000e+00  0.000000e+00
   endloop
 endfacet
 facet normal  0.000000e+00 -1.000000e+00 -0.000000e+00
   outer loop
     vertex  2.332930e+01  0.000000e+00  1.849293e+01
     vertex  0.000000e+00  0.000000e+00  0.000000e+00
     vertex  2.337128e+01  0.000000e+00  1.844766e+01
   endloop
 endfacet
 facet normal -0.000000e+00 -1.000000e+00  0.000000e+00
   outer loop
     vertex  2.350442e+01  0.000000e+00  1.831900e+01
     vertex  2.345887e+01  0.000000e+00  1.836067e+01
     vertex  0.000000e+00  0.000000e+00  0.000000e+00
   endloop
 endfacet
 facet normal  0.000000e+00 -1.000000e+00 -0.000000e+00
   outer loop
     vertex  2.328859e+01  0.000000e+00  1.853933e+01
     vertex  0.000000e+00  0.000000e+00  0.000000e+00
     vertex  2.332930e+01  0.000000e+00  1.849293e+01
   endloop
 endfacet
 facet normal -0.000000e+00 -1.000000e+00  0.000000e+00
   outer loop
     vertex  2.355110e+01  0.000000e+00  1.827861e+01
     vertex  2.350442e+01  0.000000e+00  1.831900e+01
     vertex  0.000000e+00  0.000000e+00  0.000000e+00
   endloop
 endfacet
 facet normal  0.000000e+00 -1.000000e+00 -0.000000e+00
   outer loop
     vertex  2.324916e+01  0.000000e+00  1.858683e+01
     vertex  0.000000e+00  0.000000e+00  0.000000e+00
     vertex  2.328859e+01  0.000000e+00  1.853933e+01
   endloop
 endfacet
 facet normal -0.000000e+00 -1.000000e+00  0.000000e+00
   outer loop
     vertex  2.359887e+01  0.000000e+00  1.823951e+01
     vertex  2.355110e+01  0.000000e+00  1.827861e+01
     vertex  0.000000e+00  0.000000e+00  0.000000e+00
   endloop
 endfacet
 facet normal  0.000000e+00 -1.000000e+00 -0.000000e+00
   outer loop
     vertex  2.321105e+01  0.000000e+00  1.863539e+01
     vertex  0.000000e+00  0.000000e+00  0.000000e+00
     vertex  2.324916e+01  0.000000e+00  1.858683e+01
   endloop
 endfacet
 facet normal -0.000000e+00 -1.000000e+00  0.000000e+00
   outer loop
     vertex  2.364770e+01  0.000000e+00  1.820173e+01
     vertex  2.359887e+01  0.000000e+00  1.823951e+01
     vertex  0.000000e+00  0.000000e+00  0.000000e+00
   endloop
 endfacet
 facet normal  0.000000e+00 -1.000000e+00 -0.000000e+00
   outer loop
     vertex  2.317428e+01  0.000000e+00  1.868499e+01
     vertex  0.000000e+00  0.000000e+00  0.000000e+00
     vertex  2.321105e+01  0.000000e+00  1.863539e+01
   endloop
 endfacet
 facet normal -0.000000e+00 -1.000000e+00  0.000000e+00
   outer loop
     vertex  2.369754e+01  0.000000e+00  1.816531e+01
     vertex  2.364770e+01  0.000000e+00  1.820173e+01
     vertex  0.000000e+00  0.000000e+00  0.000000e+00
   endloop
 endfacet
 facet normal  0.000000e+00 -1.000000e+00 -0.000000e+00
   outer loop
     vertex  2.313890e+01  0.000000e+00  1.873557e+01
     vertex  0.000000e+00  0.000000e+00  0.000000e+00
     vertex  2.317428e+01  0.000000e+00  1.868499e+01
   endloop
 endfacet
 facet normal -0.000000e+00 -1.000000e+00  0.000000e+00
   outer loop
     vertex  2.374836e+01  0.000000e+00  1.813027e+01
     vertex  2.369754e+01  0.000000e+00  1.816531e+01
     vertex  0.000000e+00  0.000000e+00  0.000000e+00
   endloop
 endfacet
 facet normal  0.000000e+00 -1.000000e+00 -0.000000e+00
   outer loop
     vertex  2.310491e+01  0.000000e+00  1.878710e+01
     vertex  0.000000e+00  0.000000e+00  0.000000e+00
     vertex  2.313890e+01  0.000000e+00  1.873557e+01
   endloop
 endfacet
 facet normal -0.000000e+00 -1.000000e+00  0.000000e+00
   outer loop
     vertex  2.380013e+01  0.000000e+00  1.809663e+01
     vertex  2.374836e+01  0.000000e+00  1.813027e+01
     vertex  0.000000e+00  0.000000e+00  0.000000e+00
   endloop
 endfacet
 facet normal  0.000000e+00 -1.000000e+00 -0.000000e+00
   outer loop
     vertex  2.307235e+01  0.000000e+00  1.883955e+01
     vertex  0.000000e+00  0.000000e+00  0.000000e+00
     vertex  2.310491e+01  0.000000e+00  1.878710e+01
   endloop
 endfacet
 facet normal -0.000000e+00 -1.000000e+00  0.000000e+00
   outer loop
     vertex  2.385280e+01  0.000000e+00  1.806443e+01
     vertex  2.380013e+01  0.000000e+00  1.809663e+01
     vertex  0.000000e+00  0.000000e+00  0.000000e+00
   endloop
 endfacet
 facet normal  0.000000e+00 -1.000000e+00 -0.000000e+00
   outer loop
     vertex  2.304124e+01  0.000000e+00  1.889287e+01
     vertex  0.000000e+00  0.000000e+00  0.000000e+00
     vertex  2.307235e+01  0.000000e+00  1.883955e+01
   endloop
 endfacet
 facet normal -0.000000e+00 -1.000000e+00  0.000000e+00
   outer loop
     vertex  2.390633e+01  0.000000e+00  1.803369e+01
     vertex  2.385280e+01  0.000000e+00  1.806443e+01
     vertex  0.000000e+00  0.000000e+00  0.000000e+00
   endloop
 endfacet
 facet normal  0.000000e+00 -1.000000e+00 -0.000000e+00
   outer loop
     vertex  2.301160e+01  0.000000e+00  1.894702e+01
     vertex  0.000000e+00  0.000000e+00  0.000000e+00
     vertex  2.304124e+01  0.000000e+00  1.889287e+01
   endloop
 endfacet
 facet normal -0.000000e+00 -1.000000e+00  0.000000e+00
   outer loop
     vertex  2.396069e+01  0.000000e+00  1.800442e+01
     vertex  2.390633e+01  0.000000e+00  1.803369e+01
     vertex  0.000000e+00  0.000000e+00  0.000000e+00
   endloop
 endfacet
 facet normal  0.000000e+00 -1.000000e+00 -0.000000e+00
   outer loop
     vertex  2.298346e+01  0.000000e+00  1.900197e+01
     vertex  0.000000e+00  0.000000e+00  0.000000e+00
     vertex  2.301160e+01  0.000000e+00  1.894702e+01
   endloop
 endfacet
 facet normal -0.000000e+00 -1.000000e+00  0.000000e+00
   outer loop
     vertex  2.401582e+01  0.000000e+00  1.797666e+01
     vertex  2.396069e+01  0.000000e+00  1.800442e+01
     vertex  0.000000e+00  0.000000e+00  0.000000e+00
   endloop
 endfacet
 facet normal  0.000000e+00 -1.000000e+00 -0.000000e+00
   outer loop
     vertex  2.295684e+01  0.000000e+00  1.905767e+01
     vertex  0.000000e+00  0.000000e+00  0.000000e+00
     vertex  2.298346e+01  0.000000e+00  1.900197e+01
   endloop
 endfacet
 facet normal -0.000000e+00 -1.000000e+00  0.000000e+00
   outer loop
     vertex  2.407170e+01  0.000000e+00  1.795042e+01
     vertex  2.401582e+01  0.000000e+00  1.797666e+01
     vertex  0.000000e+00  0.000000e+00  0.000000e+00
   endloop
 endfacet
 facet normal  0.000000e+00 -1.000000e+00 -0.000000e+00
   outer loop
     vertex  2.293176e+01  0.000000e+00  1.911407e+01
     vertex  0.000000e+00  0.000000e+00  0.000000e+00
     vertex  2.295684e+01  0.000000e+00  1.905767e+01
   endloop
 endfacet
 facet normal -0.000000e+00 -1.000000e+00  0.000000e+00
   outer loop
     vertex  2.412828e+01  0.000000e+00  1.792573e+01
     vertex  2.407170e+01  0.000000e+00  1.795042e+01
     vertex  0.000000e+00  0.000000e+00  0.000000e+00
   endloop
 endfacet
 facet normal  0.000000e+00 -1.000000e+00 -0.000000e+00
   outer loop
     vertex  2.290823e+01  0.000000e+00  1.917115e+01
     vertex  0.000000e+00  0.000000e+00  0.000000e+00
     vertex  2.293176e+01  0.000000e+00  1.911407e+01
   endloop
 endfacet
 facet normal -0.000000e+00 -1.000000e+00  0.000000e+00
   outer loop
     vertex  2.418551e+01  0.000000e+00  1.790259e+01
     vertex  2.412828e+01  0.000000e+00  1.792573e+01
     vertex  0.000000e+00  0.000000e+00  0.000000e+00
   endloop
 endfacet
 facet normal  0.000000e+00 -1.000000e+00 -0.000000e+00
   outer loop
     vertex  2.288628e+01  0.000000e+00  1.922884e+01
     vertex  0.000000e+00  0.000000e+00  0.000000e+00
     vertex  2.290823e+01  0.000000e+00  1.917115e+01
   endloop
 endfacet
 facet normal -0.000000e+00 -1.000000e+00  0.000000e+00
   outer loop
     vertex  2.424336e+01  0.000000e+00  1.788104e+01
     vertex  2.418551e+01  0.000000e+00  1.790259e+01
     vertex  0.000000e+00  0.000000e+00  0.000000e+00
   endloop
 endfacet
 facet normal  0.000000e+00 -1.000000e+00 -0.000000e+00
   outer loop
     vertex  2.286592e+01  0.000000e+00  1.928712e+01
     vertex  0.000000e+00  0.000000e+00  0.000000e+00
     vertex  2.288628e+01  0.000000e+00  1.922884e+01
   endloop
 endfacet
 facet normal -0.000000e+00 -1.000000e+00  0.000000e+00
   outer loop
     vertex  2.430178e+01  0.000000e+00  1.786108e+01
     vertex  2.424336e+01  0.000000e+00  1.788104e+01
     vertex  0.000000e+00  0.000000e+00  0.000000e+00
   endloop
 endfacet
 facet normal  0.000000e+00 -1.000000e+00 -0.000000e+00
   outer loop
     vertex  2.284716e+01  0.000000e+00  1.934594e+01
     vertex  0.000000e+00  0.000000e+00  0.000000e+00
     vertex  2.286592e+01  0.000000e+00  1.928712e+01
   endloop
 endfacet
 facet normal -0.000000e+00 -1.000000e+00  0.000000e+00
   outer loop
     vertex  2.436072e+01  0.000000e+00  1.784273e+01
     vertex  2.430178e+01  0.000000e+00  1.786108e+01
     vertex  0.000000e+00  0.000000e+00  0.000000e+00
   endloop
 endfacet
 facet normal  0.000000e+00 -1.000000e+00 -0.000000e+00
   outer loop
     vertex  2.283003e+01  0.000000e+00  1.940524e+01
     vertex  0.000000e+00  0.000000e+00  0.000000e+00
     vertex  2.284716e+01  0.000000e+00  1.934594e+01
   endloop
 endfacet
 facet normal -0.000000e+00 -1.000000e+00  0.000000e+00
   outer loop
     vertex  2.442014e+01  0.000000e+00  1.782600e+01
     vertex  2.436072e+01  0.000000e+00  1.784273e+01
     vertex  0.000000e+00  0.000000e+00  0.000000e+00
   endloop
 endfacet
 facet normal  0.000000e+00 -1.000000e+00 -0.000000e+00
   outer loop
     vertex  2.281453e+01  0.000000e+00  1.946500e+01
     vertex  0.000000e+00  0.000000e+00  0.000000e+00
     vertex  2.283003e+01  0.000000e+00  1.940524e+01
   endloop
 endfacet
 facet normal -0.000000e+00 -1.000000e+00  0.000000e+00
   outer loop
     vertex  2.448000e+01  0.000000e+00  1.781091e+01
     vertex  2.442014e+01  0.000000e+00  1.782600e+01
     vertex  0.000000e+00  0.000000e+00  0.000000e+00
   endloop
 endfacet
 facet normal  0.000000e+00 -1.000000e+00 -0.000000e+00
   outer loop
     vertex  2.280068e+01  0.000000e+00  1.952516e+01
     vertex  0.000000e+00  0.000000e+00  0.000000e+00
     vertex  2.281453e+01  0.000000e+00  1.946500e+01
   endloop
 endfacet
 facet normal -0.000000e+00 -1.000000e+00  0.000000e+00
   outer loop
     vertex  2.454025e+01  0.000000e+00  1.779747e+01
     vertex  2.448000e+01  0.000000e+00  1.781091e+01
     vertex  0.000000e+00  0.000000e+00  0.000000e+00
   endloop
 endfacet
 facet normal  0.000000e+00 -1.000000e+00 -0.000000e+00
   outer loop
     vertex  2.278848e+01  0.000000e+00  1.958567e+01
     vertex  0.000000e+00  0.000000e+00  0.000000e+00
     vertex  2.280068e+01  0.000000e+00  1.952516e+01
   endloop
 endfacet
 facet normal -0.000000e+00 -1.000000e+00  0.000000e+00
   outer loop
     vertex  2.460085e+01  0.000000e+00  1.778569e+01
     vertex  2.454025e+01  0.000000e+00  1.779747e+01
     vertex  0.000000e+00  0.000000e+00  0.000000e+00
   endloop
 endfacet
 facet normal  0.000000e+00 -1.000000e+00 -0.000000e+00
   outer loop
     vertex  2.277794e+01  0.000000e+00  1.964650e+01
     vertex  0.000000e+00  0.000000e+00  0.000000e+00
     vertex  2.278848e+01  0.000000e+00  1.958567e+01
   endloop
 endfacet
 facet normal -0.000000e+00 -1.000000e+00  0.000000e+00
   outer loop
     vertex  2.466175e+01  0.000000e+00  1.777557e+01
     vertex  2.460085e+01  0.000000e+00  1.778569e+01
     vertex  0.000000e+00  0.000000e+00  0.000000e+00
   endloop
 endfacet
 facet normal  0.000000e+00 -1.000000e+00 -0.000000e+00
   outer loop
     vertex  2.276908e+01  0.000000e+00  1.970759e+01
     vertex  0.000000e+00  0.000000e+00  0.000000e+00
     vertex  2.277794e+01  0.000000e+00  1.964650e+01
   endloop
 endfacet
 facet normal -0.000000e+00 -1.000000e+00  0.000000e+00
   outer loop
     vertex  2.472290e+01  0.000000e+00  1.776713e+01
     vertex  2.466175e+01  0.000000e+00  1.777557e+01
     vertex  0.000000e+00  0.000000e+00  0.000000e+00
   endloop
 endfacet
 facet normal  0.000000e+00 -1.000000e+00 -0.000000e+00
   outer loop
     vertex  2.276190e+01  0.000000e+00  1.976890e+01
     vertex  0.000000e+00  0.000000e+00  0.000000e+00
     vertex  2.276908e+01  0.000000e+00  1.970759e+01
   endloop
 endfacet
 facet normal -0.000000e+00 -1.000000e+00  0.000000e+00
   outer loop
     vertex  2.478426e+01  0.000000e+00  1.776037e+01
     vertex  2.472290e+01  0.000000e+00  1.776713e+01
     vertex  0.000000e+00  0.000000e+00  0.000000e+00
   endloop
 endfacet
 facet normal  0.000000e+00 -1.000000e+00 -0.000000e+00
   outer loop
     vertex  2.275640e+01  0.000000e+00  1.983039e+01
     vertex  0.000000e+00  0.000000e+00  0.000000e+00
     vertex  2.276190e+01  0.000000e+00  1.976890e+01
   endloop
 endfacet
 facet normal -0.000000e+00 -1.000000e+00  0.000000e+00
   outer loop
     vertex  2.484579e+01  0.000000e+00  1.775529e+01
     vertex  2.478426e+01  0.000000e+00  1.776037e+01
     vertex  0.000000e+00  0.000000e+00  0.000000e+00
   endloop
 endfacet
 facet normal  0.000000e+00 -1.000000e+00 -0.000000e+00
   outer loop
     vertex  2.275259e+01  0.000000e+00  1.989201e+01
     vertex  0.000000e+00  0.000000e+00  0.000000e+00
     vertex  2.275640e+01  0.000000e+00  1.983039e+01
   endloop
 endfacet
 facet normal -0.000000e+00 -1.000000e+00  0.000000e+00
   outer loop
     vertex  2.490742e+01  0.000000e+00  1.775191e+01
     vertex  2.484579e+01  0.000000e+00  1.775529e+01
     vertex  0.000000e+00  0.000000e+00  0.000000e+00
   endloop
 endfacet
 facet normal  0.000000e+00 -1.000000e+00 -0.000000e+00
   outer loop
     vertex  2.275048e+01  0.000000e+00  1.995370e+01
     vertex  0.000000e+00  0.000000e+00  0.000000e+00
     vertex  2.275259e+01  0.000000e+00  1.989201e+01
   endloop
 endfacet
 facet normal -0.000000e+00 -1.000000e+00  0.000000e+00
   outer loop
     vertex  2.496913e+01  0.000000e+00  1.775021e+01
     vertex  2.490742e+01  0.000000e+00  1.775191e+01
     vertex  0.000000e+00  0.000000e+00  0.000000e+00
   endloop
 endfacet
 facet normal -0.000000e+00 -1.000000e+00  0.000000e+00
   outer loop
     vertex  2.275005e+01  0.000000e+00  2.001543e+01
     vertex  0.000000e+00  0.000000e+00  4.000000e+01
     vertex  0.000000e+00  0.000000e+00  0.000000e+00
   endloop
 endfacet
 facet normal  0.000000e+00 -1.000000e+00 -0.000000e+00
   outer loop
     vertex  2.275005e+01  0.000000e+00  2.001543e+01
     vertex  0.000000e+00  0.000000e+00  0.000000e+00
     vertex  2.275048e+01  0.000000e+00  1.995370e+01
   endloop
 endfacet
 facet normal -0.000000e+00 -1.000000e+00  0.000000e+00
   outer loop
     vertex  2.503087e+01  0.000000e+00  1.775021e+01
     vertex  2.496913e+01  0.000000e+00  1.775021e+01
     vertex  0.000000e+00  0.000000e+00  0.000000e+00
   endloop
 endfacet
 facet normal -0.000000e+00 -1.000000e+00  0.000000e+00
   outer loop
     vertex  2.275132e+01  0.000000e+00  2.007715e+01
     vertex  0.000000e+00  0.000000e+00  4.000000e+01
     vertex  2.275005e+01  0.000000e+00  2.001543e+01
   endloop
 endfacet
 facet normal  0.000000e+00 -1.000000e+00  0.000000e+00
   outer loop
     vertex  2.509258e+01  0.000000e+00  1.775191e+01
     vertex  2.503087e+01  0.000000e+00  1.775021e+01
     vertex  0.000000e+00  0.000000e+00  0.000000e+00
   endloop
 endfacet
 facet normal -0.000000e+00 -1.000000e+00  0.000000e+00
   outer loop
     vertex  2.275429e+01  0.000000e+00  2.013881e+01
     vertex  0.000000e+00  0.000000e+00  4.000000e+01
     vertex  2.275132e+01  0.000000e+00  2.007715e+01
   endloop
 endfacet
 facet normal  0.000000e+00 -1.000000e+00  0.000000e+00
   outer loop
     vertex  2.515421e+01  0.000000e+00  1.775529e+01
     vertex  2.509258e+01  0.000000e+00  1.775191e+01
     vertex  0.000000e+00  0.000000e+00  0.000000e+00
   endloop
 endfacet
 facet normal -0.000000e+00 -1.000000e+00  0.000000e+00
   outer loop
     vertex  2.275894e+01  0.000000e+00  2.020037e+01
     vertex  0.000000e+00  0.000000e+00  4.000000e+01
     vertex  2.275429e+01  0.000000e+00  2.013881e+01
   endloop
 endfacet
 facet normal  0.000000e+00 -1.000000e+00  0.000000e+00
   outer loop
     vertex  2.521574e+01  0.000000e+00  1.776037e+01
     vertex  2.515421e+01  0.000000e+00  1.775529e+01
     vertex  0.000000e+00  0.000000e+00  0.000000e+00
   endloop
 endfacet
 facet normal -0.000000e+00 -1.000000e+00  0.000000e+00
   outer loop
     vertex  2.276528e+01  0.000000e+00  2.026178e+01
     vertex  0.000000e+00  0.000000e+00  4.000000e+01
     vertex  2.275894e+01  0.000000e+00  2.020037e+01
   endloop
 endfacet
 facet normal  0.000000e+00 -1.000000e+00  0.000000e+00
   outer loop
     vertex  2.527710e+01  0.000000e+00  1.776713e+01
     vertex  2.521574e+01  0.000000e+00  1.776037e+01
     vertex  0.000000e+00  0.000000e+00  0.000000e+00
   endloop
 endfacet
 facet normal -0.000000e+00 -1.000000e+00  0.000000e+00
   outer loop
     vertex  2.277330e+01  0.000000e+00  2.032299e+01
     vertex  0.000000e+00  0.000000e+00  4.000000e+01
     vertex  2.276528e+01  0.000000e+00  2.026178e+01
   endloop
 endfacet
 facet normal  0.000000e+00 -1.000000e+00  0.000000e+00
   outer loop
     vertex  2.533825e+01  0.000000e+00  1.777557e+01
     vertex  2.527710e+01  0.000000e+00  1.776713e+01
     vertex  0.000000e+00  0.000000e+00  0.000000e+00
   endloop
 endfacet
 facet normal -0.000000e+00 -1.000000e+00  0.000000e+00
   outer loop
     vertex  2.278300e+01  0.000000e+00  2.038395e+01
     vertex  0.000000e+00  0.000000e+00  4.000000e+01
     vertex  2.277330e+01  0.000000e+00  2.032299e+01
   endloop
 endfacet
 facet normal  0.000000e+00 -1.000000e+00  0.000000e+00
   outer loop
     vertex  2.539915e+01  0.000000e+00  1.778569e+01
     vertex  2.533825e+01  0.000000e+00  1.777557e+01
     vertex  0.000000e+00  0.000000e+00  0.000000e+00
   endloop
 endfacet
 facet normal -0.000000e+00 -1.000000e+00  0.000000e+00
   outer loop
     vertex  2.279437e+01  0.000000e+00  2.044463e+01
     vertex  0.000000e+00  0.000000e+00  4.000000e+01
     vertex  2.278300e+01  0.000000e+00  2.038395e+01
   endloop
 endfacet
 facet normal  0.000000e+00 -1.000000e+00  0.000000e+00
   outer loop
     vertex  2.545975e+01  0.000000e+00  1.779747e+01
     vertex  2.539915e+01  0.000000e+00  1.778569e+01
     vertex  0.000000e+00  0.000000e+00  0.000000e+00
   endloop
 endfacet
 facet normal -0.000000e+00 -1.000000e+00  0.000000e+00
   outer loop
     vertex  2.280740e+01  0.000000e+00  2.050497e+01
     vertex  0.000000e+00  0.000000e+00  4.000000e+01
     vertex  2.279437e+01  0.000000e+00  2.044463e+01
   endloop
 endfacet
 facet normal  0.000000e+00 -1.000000e+00  0.000000e+00
   outer loop
     vertex  2.552000e+01  0.000000e+00  1.781091e+01
     vertex  2.545975e+01  0.000000e+00  1.779747e+01
     vertex  0.000000e+00  0.000000e+00  0.000000e+00
   endloop
 endfacet
 facet normal -0.000000e+00 -1.000000e+00  0.000000e+00
   outer loop
     vertex  2.282208e+01  0.000000e+00  2.056493e+01
     vertex  0.000000e+00  0.000000e+00  4.000000e+01
     vertex  2.280740e+01  0.000000e+00  2.050497e+01
   endloop
 endfacet
 facet normal  0.000000e+00 -1.000000e+00  0.000000e+00
   outer loop
     vertex  2.557986e+01  0.000000e+00  1.782600e+01
     vertex  2.552000e+01  0.000000e+00  1.781091e+01
     vertex  0.000000e+00  0.000000e+00  0.000000e+00
   endloop
 endfacet
 facet normal -0.000000e+00 -1.000000e+00  0.000000e+00
   outer loop
     vertex  2.283839e+01  0.000000e+00  2.062447e+01
     vertex  0.000000e+00  0.000000e+00  4.000000e+01
     vertex  2.282208e+01  0.000000e+00  2.056493e+01
   endloop
 endfacet
 facet normal  0.000000e+00 -1.000000e+00  0.000000e+00
   outer loop
     vertex  2.563928e+01  0.000000e+00  1.784273e+01
     vertex  2.557986e+01  0.000000e+00  1.782600e+01
     vertex  0.000000e+00  0.000000e+00  0.000000e+00
   endloop
 endfacet
 facet normal -0.000000e+00 -1.000000e+00  0.000000e+00
   outer loop
     vertex  2.285634e+01  0.000000e+00  2.068354e+01
     vertex  0.000000e+00  0.000000e+00  4.000000e+01
     vertex  2.283839e+01  0.000000e+00  2.062447e+01
   endloop
 endfacet
 facet normal  0.000000e+00 -1.000000e+00  0.000000e+00
   outer loop
     vertex  2.569822e+01  0.000000e+00  1.786108e+01
     vertex  2.563928e+01  0.000000e+00  1.784273e+01
     vertex  0.000000e+00  0.000000e+00  0.000000e+00
   endloop
 endfacet
 facet normal -0.000000e+00 -1.000000e+00  0.000000e+00
   outer loop
     vertex  2.287590e+01  0.000000e+00  2.074209e+01
     vertex  0.000000e+00  0.000000e+00  4.000000e+01
     vertex  2.285634e+01  0.000000e+00  2.068354e+01
   endloop
 endfacet
 facet normal  0.000000e+00 -1.000000e+00  0.000000e+00
   outer loop
     vertex  2.575664e+01  0.000000e+00  1.788104e+01
     vertex  2.569822e+01  0.000000e+00  1.786108e+01
     vertex  0.000000e+00  0.000000e+00  0.000000e+00
   endloop
 endfacet
 facet normal -0.000000e+00 -1.000000e+00  0.000000e+00
   outer loop
     vertex  2.289706e+01  0.000000e+00  2.080008e+01
     vertex  0.000000e+00  0.000000e+00  4.000000e+01
     vertex  2.287590e+01  0.000000e+00  2.074209e+01
   endloop
 endfacet
 facet normal  0.000000e+00 -1.000000e+00  0.000000e+00
   outer loop
     vertex  2.581449e+01  0.000000e+00  1.790259e+01
     vertex  2.575664e+01  0.000000e+00  1.788104e+01
     vertex  0.000000e+00  0.000000e+00  0.000000e+00
   endloop
 endfacet
 facet normal -0.000000e+00 -1.000000e+00  0.000000e+00
   outer loop
     vertex  2.291980e+01  0.000000e+00  2.085747e+01
     vertex  0.000000e+00  0.000000e+00  4.000000e+01
     vertex  2.289706e+01  0.000000e+00  2.080008e+01
   endloop
 endfacet
 facet normal  0.000000e+00 -1.000000e+00  0.000000e+00
   outer loop
     vertex  2.587172e+01  0.000000e+00  1.792573e+01
     vertex  2.581449e+01  0.000000e+00  1.790259e+01
     vertex  0.000000e+00  0.000000e+00  0.000000e+00
   endloop
 endfacet
 facet normal -0.000000e+00 -1.000000e+00  0.000000e+00
   outer loop
     vertex  2.294410e+01  0.000000e+00  2.091422e+01
     vertex  0.000000e+00  0.000000e+00  4.000000e+01
     vertex  2.291980e+01  0.000000e+00  2.085747e+01
   endloop
 endfacet
 facet normal  0.000000e+00 -1.000000e+00  0.000000e+00
   outer loop
     vertex  2.592830e+01  0.000000e+00  1.795042e+01
     vertex  2.587172e+01  0.000000e+00  1.792573e+01
     vertex  0.000000e+00  0.000000e+00  0.000000e+00
   endloop
 endfacet
 facet normal -0.000000e+00 -1.000000e+00  0.000000e+00
   outer loop
     vertex  2.296996e+01  0.000000e+00  2.097027e+01
     vertex  0.000000e+00  0.000000e+00  4.000000e+01
     vertex  2.294410e+01  0.000000e+00  2.091422e+01
   endloop
 endfacet
 facet normal  0.000000e+00 -1.000000e+00  0.000000e+00
   outer loop
     vertex  2.598418e+01  0.000000e+00  1.797666e+01
     vertex  2.592830e+01  0.000000e+00  1.795042e+01
     vertex  0.000000e+00  0.000000e+00  0.000000e+00
   endloop
 endfacet
 facet normal -0.000000e+00 -1.000000e+00  0.000000e+00
   outer loop
     vertex  2.299734e+01  0.000000e+00  2.102560e+01
     vertex  0.000000e+00  0.000000e+00  4.000000e+01
     vertex  2.296996e+01  0.000000e+00  2.097027e+01
   endloop
 endfacet
 facet normal -0.000000e+00 -1.000000e+00  0.000000e+00
   outer loop
     vertex  2.302623e+01  0.000000e+00  2.108016e+01
     vertex  0.000000e+00  0.000000e+00  4.000000e+01
     vertex  2.299734e+01  0.000000e+00  2.102560e+01
   endloop
 endfacet
 facet normal -0.000000e+00 -1.000000e+00  0.000000e+00
   outer loop
     vertex  2.305661e+01  0.000000e+00  2.113390e+01
     vertex  0.000000e+00  0.000000e+00  4.000000e+01
     vertex  2.302623e+01  0.000000e+00  2.108016e+01
   endloop
 endfacet
 facet normal -0.000000e+00 -1.000000e+00  0.000000e+00
   outer loop
     vertex  2.308845e+01  0.000000e+00  2.118679e+01
     vertex  0.000000e+00  0.000000e+00  4.000000e+01
     vertex  2.305661e+01  0.000000e+00  2.113390e+01
   endloop
 endfacet
 facet normal -0.000000e+00 -1.000000e+00  0.000000e+00
   outer loop
     vertex  2.312172e+01  0.000000e+00  2.123878e+01
     vertex  0.000000e+00  0.000000e+00  4.000000e+01
     vertex  2.308845e+01  0.000000e+00  2.118679e+01
   endloop
 endfacet
 facet normal -0.000000e+00 -1.000000e+00  0.000000e+00
   outer loop
     vertex  2.315642e+01  0.000000e+00  2.128984e+01
     vertex  0.000000e+00  0.000000e+00  4.000000e+01
     vertex  2.312172e+01  0.000000e+00  2.123878e+01
   endloop
 endfacet
 facet normal -0.000000e+00 -1.000000e+00  0.000000e+00
   outer loop
     vertex  2.319250e+01  0.000000e+00  2.133994e+01
     vertex  0.000000e+00  0.000000e+00  4.000000e+01
     vertex  2.315642e+01  0.000000e+00  2.128984e+01
   endloop
 endfacet
 facet normal -0.000000e+00 -1.000000e+00  0.000000e+00
   outer loop
     vertex  2.322994e+01  0.000000e+00  2.138902e+01
     vertex  0.000000e+00  0.000000e+00  4.000000e+01
     vertex  2.319250e+01  0.000000e+00  2.133994e+01
   endloop
 endfacet
 facet normal -0.000000e+00 -1.000000e+00  0.000000e+00
   outer loop
     vertex  2.326871e+01  0.000000e+00  2.143706e+01
     vertex  0.000000e+00  0.000000e+00  4.000000e+01
     vertex  2.322994e+01  0.000000e+00  2.138902e+01
   endloop
 endfacet
 facet normal -0.000000e+00 -1.000000e+00  0.000000e+00
   outer loop
     vertex  2.330878e+01  0.000000e+00  2.148401e+01
     vertex  0.000000e+00  0.000000e+00  4.000000e+01
     vertex  2.326871e+01  0.000000e+00  2.143706e+01
   endloop
 endfacet
 facet normal -0.000000e+00 -1.000000e+00  0.000000e+00
   outer loop
     vertex  2.335013e+01  0.000000e+00  2.152985e+01
     vertex  0.000000e+00  0.000000e+00  4.000000e+01
     vertex  2.330878e+01  0.000000e+00  2.148401e+01
   endloop
 endfacet
 facet normal -0.000000e+00 -1.000000e+00  0.000000e+00
   outer loop
     vertex  2.339272e+01  0.000000e+00  2.157454e+01
     vertex  0.000000e+00  0.000000e+00  4.000000e+01
     vertex  2.335013e+01  0.000000e+00  2.152985e+01
   endloop
 endfacet
 facet normal -0.000000e+00 -1.000000e+00  0.000000e+00
   outer loop
     vertex  2.343653e+01  0.000000e+00  2.161804e+01
     vertex  0.000000e+00  0.000000e+00  4.000000e+01
     vertex  2.339272e+01  0.000000e+00  2.157454e+01
   endloop
 endfacet
 facet normal -0.000000e+00 -1.000000e+00  0.000000e+00
   outer loop
     vertex  2.348150e+01  0.000000e+00  2.166032e+01
     vertex  0.000000e+00  0.000000e+00  4.000000e+01
     vertex  2.343653e+01  0.000000e+00  2.161804e+01
   endloop
 endfacet
 facet normal -0.000000e+00 -1.000000e+00  0.000000e+00
   outer loop
     vertex  2.352762e+01  0.000000e+00  2.170136e+01
     vertex  0.000000e+00  0.000000e+00  4.000000e+01
     vertex  2.348150e+01  0.000000e+00  2.166032e+01
   endloop
 endfacet
 facet normal -0.000000e+00 -1.000000e+00  0.000000e+00
   outer loop
     vertex  2.357485e+01  0.000000e+00  2.174111e+01
     vertex  0.000000e+00  0.000000e+00  4.000000e+01
     vertex  2.352762e+01  0.000000e+00  2.170136e+01
   endloop
 endfacet
 facet normal -0.000000e+00 -1.000000e+00  0.000000e+00
   outer loop
     vertex  2.362316e+01  0.000000e+00  2.177955e+01
     vertex  0.000000e+00  0.000000e+00  4.000000e+01
     vertex  2.357485e+01  0.000000e+00  2.174111e+01
   endloop
 endfacet
 facet normal -0.000000e+00 -1.000000e+00  0.000000e+00
   outer loop
     vertex  2.367249e+01  0.000000e+00  2.181665e+01
     vertex  0.000000e+00  0.000000e+00  4.000000e+01
     vertex  2.362316e+01  0.000000e+00  2.177955e+01
   endloop
 endfacet
 facet normal -0.000000e+00 -1.000000e+00  0.000000e+00
   outer loop
     vertex  2.372283e+01  0.000000e+00  2.185239e+01
     vertex  0.000000e+00  0.000000e+00  4.000000e+01
     vertex  2.367249e+01  0.000000e+00  2.181665e+01
   endloop
 endfacet
 facet normal -0.000000e+00 -1.000000e+00  0.000000e+00
   outer loop
     vertex  2.377413e+01  0.000000e+00  2.188673e+01
     vertex  0.000000e+00  0.000000e+00  4.000000e+01
     vertex  2.372283e+01  0.000000e+00  2.185239e+01
   endloop
 endfacet
 facet normal -0.000000e+00 -1.000000e+00  0.000000e+00
   outer loop
     vertex  2.382635e+01  0.000000e+00  2.191965e+01
     vertex  0.000000e+00  0.000000e+00  4.000000e+01
     vertex  2.377413e+01  0.000000e+00  2.188673e+01
   endloop
 endfacet
 facet normal -0.000000e+00 -1.000000e+00  0.000000e+00
   outer loop
     vertex  2.387946e+01  0.000000e+00  2.195112e+01
     vertex  0.000000e+00  0.000000e+00  4.000000e+01
     vertex  2.382635e+01  0.000000e+00  2.191965e+01
   endloop
 endfacet
 facet normal -0.000000e+00 -1.000000e+00  0.000000e+00
   outer loop
     vertex  2.393341e+01  0.000000e+00  2.198113e+01
     vertex  0.000000e+00  0.000000e+00  4.000000e+01
     vertex  2.387946e+01  0.000000e+00  2.195112e+01
   endloop
 endfacet
 facet normal -0.000000e+00 -1.000000e+00  0.000000e+00
   outer loop
     vertex  2.398816e+01  0.000000e+00  2.200965e+01
     vertex  0.000000e+00  0.000000e+00  4.000000e+01
     vertex  2.393341e+01  0.000000e+00  2.198113e+01
   endloop
 endfacet
 facet normal -0.000000e+00 -1.000000e+00  0.000000e+00
   outer loop
     vertex  2.404367e+01  0.000000e+00  2.203665e+01
     vertex  0.000000e+00  0.000000e+00  4.000000e+01
     vertex  2.398816e+01  0.000000e+00  2.200965e+01
   endloop
 endfacet
 facet normal -0.000000e+00 -1.000000e+00  0.000000e+00
   outer loop
     vertex  2.409991e+01  0.000000e+00  2.206212e+01
     vertex  0.000000e+00  0.000000e+00  4.000000e+01
     vertex  2.404367e+01  0.000000e+00  2.203665e+01
   endloop
 endfacet
 facet normal -0.000000e+00 -1.000000e+00  0.000000e+00
   outer loop
     vertex  2.415682e+01  0.000000e+00  2.208604e+01
     vertex  0.000000e+00  0.000000e+00  4.000000e+01
     vertex  2.409991e+01  0.000000e+00  2.206212e+01
   endloop
 endfacet
 facet normal -0.000000e+00 -1.000000e+00  0.000000e+00
   outer loop
     vertex  2.421436e+01  0.000000e+00  2.210838e+01
     vertex  0.000000e+00  0.000000e+00  4.000000e+01
     vertex  2.415682e+01  0.000000e+00  2.208604e+01
   endloop
 endfacet
 facet normal -0.000000e+00 -1.000000e+00  0.000000e+00
   outer loop
     vertex  2.427250e+01  0.000000e+00  2.212914e+01
     vertex  0.000000e+00  0.000000e+00  4.000000e+01
     vertex  2.421436e+01  0.000000e+00  2.210838e+01
   endloop
 endfacet
 facet normal -0.000000e+00 -1.000000e+00  0.000000e+00
   outer loop
     vertex  2.433118e+01  0.000000e+00  2.214830e+01
     vertex  0.000000e+00  0.000000e+00  4.000000e+01
     vertex  2.427250e+01  0.000000e+00  2.212914e+01
   endloop
 endfacet
 facet normal -0.000000e+00 -1.000000e+00  0.000000e+00
   outer loop
     vertex  2.439037e+01  0.000000e+00  2.216584e+01
     vertex  0.000000e+00  0.000000e+00  4.000000e+01
     vertex  2.433118e+01  0.000000e+00  2.214830e+01
   endloop
 endfacet
 facet normal -0.000000e+00 -1.000000e+00  0.000000e+00
   outer loop
     vertex  2.445002e+01  0.000000e+00  2.218175e+01
     vertex  0.000000e+00  0.000000e+00  4.000000e+01
     vertex  2.439037e+01  0.000000e+00  2.216584e+01
   endloop
 endfacet
 facet normal -0.000000e+00 -1.000000e+00  0.000000e+00
   outer loop
     vertex  2.451008e+01  0.000000e+00  2.219601e+01
     vertex  0.000000e+00  0.000000e+00  4.000000e+01
     vertex  2.445002e+01  0.000000e+00  2.218175e+01
   endloop
 endfacet
 facet normal -0.000000e+00 -1.000000e+00  0.000000e+00
   outer loop
     vertex  2.457051e+01  0.000000e+00  2.220863e+01
     vertex  0.000000e+00  0.000000e+00  4.000000e+01
     vertex  2.451008e+01  0.000000e+00  2.219601e+01
   endloop
 endfacet
 facet normal -0.000000e+00 -1.000000e+00  0.000000e+00
   outer loop
     vertex  2.463126e+01  0.000000e+00  2.221958e+01
     vertex  0.000000e+00  0.000000e+00  4.000000e+01
     vertex  2.457051e+01  0.000000e+00  2.220863e+01
   endloop
 endfacet
 facet normal -0.000000e+00 -1.000000e+00  0.000000e+00
   outer loop
     vertex  2.469230e+01  0.000000e+00  2.222886e+01
     vertex  0.000000e+00  0.000000e+00  4.000000e+01
     vertex  2.463126e+01  0.000000e+00  2.221958e+01
   endloop
 endfacet
 facet normal -0.000000e+00 -1.000000e+00  0.000000e+00
   outer loop
     vertex  2.475356e+01  0.000000e+00  2.223646e+01
     vertex  0.000000e+00  0.000000e+00  4.000000e+01
     vertex  2.469230e+01  0.000000e+00  2.222886e+01
   endloop
 endfacet
 facet normal -0.000000e+00 -1.000000e+00  0.000000e+00
   outer loop
     vertex  2.481501e+01  0.000000e+00  2.224238e+01
     vertex  0.000000e+00  0.000000e+00  4.000000e+01
     vertex  2.475356e+01  0.000000e+00  2.223646e+01
   endloop
 endfacet
 facet normal -0.000000e+00 -1.000000e+00  0.000000e+00
   outer loop
     vertex  2.487659e+01  0.000000e+00  2.224661e+01
     vertex  0.000000e+00  0.000000e+00  4.000000e+01
     vertex  2.481501e+01  0.000000e+00  2.224238e+01
   endloop
 endfacet
 facet normal -0.000000e+00 -1.000000e+00  0.000000e+00
   outer loop
     vertex  2.493827e+01  0.000000e+00  2.224915e+01
     vertex  0.000000e+00  0.000000e+00  4.000000e+01
     vertex  2.487659e+01  0.000000e+00  2.224661e+01
   endloop
 endfacet
 facet normal -0.000000e+00 -1.000000e+00  0.000000e+00
   outer loop
     vertex  2.500000e+01  0.000000e+00  2.225000e+01
     vertex  0.000000e+00  0.000000e+00  4.000000e+01
     vertex  2.493827e+01  0.000000e+00  2.224915e+01
   endloop
 endfacet
 facet normal  0.000000e+00 -1.000000e+00  0.000000e+00
   outer loop
     vertex  2.506173e+01  0.000000e+00  2.224915e+01
     vertex  0.000000e+00  0.000000e+00  4.000000e+01
     vertex  2.500000e+01  0.000000e+00  2.225000e+01
   endloop
 endfacet
 facet normal  0.000000e+00 -1.000000e+00  0.000000e+00
   outer loop
     vertex  2.512341e+01  0.000000e+00  2.224661e+01
     vertex  0.000000e+00  0.000000e+00  4.000000e+01
     vertex  2.506173e+01  0.000000e+00  2.224915e+01
   endloop
 endfacet
 facet normal  0.000000e+00 -1.000000e+00  0.000000e+00
   outer loop
     vertex  2.518499e+01  0.000000e+00  2.224238e+01
     vertex  0.000000e+00  0.000000e+00  4.000000e+01
     vertex  2.512341e+01  0.000000e+00  2.224661e+01
   endloop
 endfacet
 facet normal  0.000000e+00 -1.000000e+00  0.000000e+00
   outer loop
     vertex  2.524644e+01  0.000000e+00  2.223646e+01
     vertex  0.000000e+00  0.000000e+00  4.000000e+01
     vertex  2.518499e+01  0.000000e+00  2.224238e+01
   endloop
 endfacet
 facet normal  0.000000e+00 -1.000000e+00  0.000000e+00
   outer loop
     vertex  2.530770e+01  0.000000e+00  2.222886e+01
     vertex  0.000000e+00  0.000000e+00  4.000000e+01
     vertex  2.524644e+01  0.000000e+00  2.223646e+01
   endloop
 endfacet
 facet normal  0.000000e+00 -1.000000e+00  0.000000e+00
   outer loop
     vertex  2.536874e+01  0.000000e+00  2.221958e+01
     vertex  0.000000e+00  0.000000e+00  4.000000e+01
     vertex  2.530770e+01  0.000000e+00  2.222886e+01
   endloop
 endfacet
 facet normal  0.000000e+00 -1.000000e+00  0.000000e+00
   outer loop
     vertex  2.542949e+01  0.000000e+00  2.220863e+01
     vertex  0.000000e+00  0.000000e+00  4.000000e+01
     vertex  2.536874e+01  0.000000e+00  2.221958e+01
   endloop
 endfacet
 facet normal  0.000000e+00 -1.000000e+00  0.000000e+00
   outer loop
     vertex  2.548992e+01  0.000000e+00  2.219601e+01
     vertex  0.000000e+00  0.000000e+00  4.000000e+01
     vertex  2.542949e+01  0.000000e+00  2.220863e+01
   endloop
 endfacet
 facet normal  0.000000e+00 -1.000000e+00  0.000000e+00
   outer loop
     vertex  2.554998e+01  0.000000e+00  2.218175e+01
     vertex  0.000000e+00  0.000000e+00  4.000000e+01
     vertex  2.548992e+01  0.000000e+00  2.219601e+01
   endloop
 endfacet
 facet normal  0.000000e+00 -1.000000e+00  0.000000e+00
   outer loop
     vertex  2.560963e+01  0.000000e+00  2.216584e+01
     vertex  0.000000e+00  0.000000e+00  4.000000e+01
     vertex  2.554998e+01  0.000000e+00  2.218175e+01
   endloop
 endfacet
 facet normal  0.000000e+00 -1.000000e+00  0.000000e+00
   outer loop
     vertex  2.566882e+01  0.000000e+00  2.214830e+01
     vertex  0.000000e+00  0.000000e+00  4.000000e+01
     vertex  2.560963e+01  0.000000e+00  2.216584e+01
   endloop
 endfacet
 facet normal  0.000000e+00 -1.000000e+00  0.000000e+00
   outer loop
     vertex  2.572750e+01  0.000000e+00  2.212914e+01
     vertex  0.000000e+00  0.000000e+00  4.000000e+01
     vertex  2.566882e+01  0.000000e+00  2.214830e+01
   endloop
 endfacet
 facet normal  0.000000e+00 -1.000000e+00  0.000000e+00
   outer loop
     vertex  2.578564e+01  0.000000e+00  2.210838e+01
     vertex  0.000000e+00  0.000000e+00  4.000000e+01
     vertex  2.572750e+01  0.000000e+00  2.212914e+01
   endloop
 endfacet
 facet normal  0.000000e+00 -1.000000e+00  0.000000e+00
   outer loop
     vertex  2.584318e+01  0.000000e+00  2.208604e+01
     vertex  0.000000e+00  0.000000e+00  4.000000e+01
     vertex  2.578564e+01  0.000000e+00  2.210838e+01
   endloop
 endfacet
 facet normal  0.000000e+00 -1.000000e+00  0.000000e+00
   outer loop
     vertex  2.590009e+01  0.000000e+00  2.206212e+01
     vertex  0.000000e+00  0.000000e+00  4.000000e+01
     vertex  2.584318e+01  0.000000e+00  2.208604e+01
   endloop
 endfacet
 facet normal  0.000000e+00 -1.000000e+00  0.000000e+00
   outer loop
     vertex  2.595633e+01  0.000000e+00  2.203665e+01
     vertex  0.000000e+00  0.000000e+00  4.000000e+01
     vertex  2.590009e+01  0.000000e+00  2.206212e+01
   endloop
 endfacet
 facet normal  0.000000e+00 -1.000000e+00  0.000000e+00
   outer loop
     vertex  2.601184e+01  0.000000e+00  2.200965e+01
     vertex  0.000000e+00  0.000000e+00  4.000000e+01
     vertex  2.595633e+01  0.000000e+00  2.203665e+01
   endloop
 endfacet
 facet normal  0.000000e+00 -1.000000e+00  0.000000e+00
   outer loop
     vertex  1.525000e+02  0.000000e+00  0.000000e+00
     vertex  2.609367e+01  0.000000e+00  1.803369e+01
     vertex  2.603931e+01  0.000000e+00  1.800442e+01
   endloop
 endfacet
 facet normal  0.000000e+00 -1.000000e+00  0.000000e+00
   outer loop
     vertex  1.525000e+02  0.000000e+00  0.000000e+00
     vertex  2.603931e+01  0.000000e+00  1.800442e+01
     vertex  2.598418e+01  0.000000e+00  1.797666e+01
   endloop
 endfacet
 facet normal  0.000000e+00 -1.000000e+00  0.000000e+00
   outer loop
     vertex  1.525000e+02  0.000000e+00  0.000000e+00
     vertex  2.598418e+01  0.000000e+00  1.797666e+01
     vertex  0.000000e+00  0.000000e+00  0.000000e+00
   endloop
 endfacet
 facet normal  0.000000e+00 -1.000000e+00  0.000000e+00
   outer loop
     vertex  1.525000e+02  0.000000e+00  0.000000e+00
     vertex  2.724995e+01  0.000000e+00  2.001543e+01
     vertex  2.724952e+01  0.000000e+00  1.995370e+01
   endloop
 endfacet
 facet normal  0.000000e+00 -1.000000e+00  0.000000e+00
   outer loop
     vertex  1.525000e+02  0.000000e+00  0.000000e+00
     vertex  2.724952e+01  0.000000e+00  1.995370e+01
     vertex  2.724741e+01  0.000000e+00  1.989201e+01
   endloop
 endfacet
 facet normal  0.000000e+00 -1.000000e+00  0.000000e+00
   outer loop
     vertex  1.525000e+02  0.000000e+00  0.000000e+00
     vertex  2.724741e+01  0.000000e+00  1.989201e+01
     vertex  2.724360e+01  0.000000e+00  1.983039e+01
   endloop
 endfacet
 facet normal  0.000000e+00 -1.000000e+00  0.000000e+00
   outer loop
     vertex  1.525000e+02  0.000000e+00  0.000000e+00
     vertex  2.724360e+01  0.000000e+00  1.983039e+01
     vertex  2.723810e+01  0.000000e+00  1.976890e+01
   endloop
 endfacet
 facet normal  0.000000e+00 -1.000000e+00  0.000000e+00
   outer loop
     vertex  1.525000e+02  0.000000e+00  0.000000e+00
     vertex  2.723810e+01  0.000000e+00  1.976890e+01
     vertex  2.723092e+01  0.000000e+00  1.970759e+01
   endloop
 endfacet
 facet normal  0.000000e+00 -1.000000e+00  0.000000e+00
   outer loop
     vertex  1.525000e+02  0.000000e+00  0.000000e+00
     vertex  2.723092e+01  0.000000e+00  1.970759e+01
     vertex  2.722206e+01  0.000000e+00  1.964650e+01
   endloop
 endfacet
 facet normal  0.000000e+00 -1.000000e+00  0.000000e+00
   outer loop
     vertex  1.525000e+02  0.000000e+00  0.000000e+00
     vertex  2.722206e+01  0.000000e+00  1.964650e+01
     vertex  2.721152e+01  0.000000e+00  1.958567e+01
   endloop
 endfacet
 facet normal  0.000000e+00 -1.000000e+00  0.000000e+00
   outer loop
     vertex  1.525000e+02  0.000000e+00  0.000000e+00
     vertex  2.721152e+01  0.000000e+00  1.958567e+01
     vertex  2.719932e+01  0.000000e+00  1.952516e+01
   endloop
 endfacet
 facet normal  0.000000e+00 -1.000000e+00  0.000000e+00
   outer loop
     vertex  1.525000e+02  0.000000e+00  0.000000e+00
     vertex  2.719932e+01  0.000000e+00  1.952516e+01
     vertex  2.718547e+01  0.000000e+00  1.946500e+01
   endloop
 endfacet
 facet normal  0.000000e+00 -1.000000e+00  0.000000e+00
   outer loop
     vertex  1.525000e+02  0.000000e+00  0.000000e+00
     vertex  2.718547e+01  0.000000e+00  1.946500e+01
     vertex  2.716997e+01  0.000000e+00  1.940524e+01
   endloop
 endfacet
 facet normal  0.000000e+00 -1.000000e+00  0.000000e+00
   outer loop
     vertex  1.525000e+02  0.000000e+00  0.000000e+00
     vertex  2.716997e+01  0.000000e+00  1.940524e+01
     vertex  2.715284e+01  0.000000e+00  1.934594e+01
   endloop
 endfacet
 facet normal  0.000000e+00 -1.000000e+00  0.000000e+00
   outer loop
     vertex  1.525000e+02  0.000000e+00  0.000000e+00
     vertex  2.715284e+01  0.000000e+00  1.934594e+01
     vertex  2.713408e+01  0.000000e+00  1.928712e+01
   endloop
 endfacet
 facet normal  0.000000e+00 -1.000000e+00  0.000000e+00
   outer loop
     vertex  1.525000e+02  0.000000e+00  0.000000e+00
     vertex  2.713408e+01  0.000000e+00  1.928712e+01
     vertex  2.711372e+01  0.000000e+00  1.922884e+01
   endloop
 endfacet
 facet normal  0.000000e+00 -1.000000e+00  0.000000e+00
   outer loop
     vertex  1.525000e+02  0.000000e+00  0.000000e+00
     vertex  2.711372e+01  0.000000e+00  1.922884e+01
     vertex  2.709177e+01  0.000000e+00  1.917115e+01
   endloop
 endfacet
 facet normal  0.000000e+00 -1.000000e+00  0.000000e+00
   outer loop
     vertex  1.525000e+02  0.000000e+00  0.000000e+00
     vertex  2.709177e+01  0.000000e+00  1.917115e+01
     vertex  2.706824e+01  0.000000e+00  1.911407e+01
   endloop
 endfacet
 facet normal  0.000000e+00 -1.000000e+00  0.000000e+00
   outer loop
     vertex  1.525000e+02  0.000000e+00  0.000000e+00
     vertex  2.706824e+01  0.000000e+00  1.911407e+01
     vertex  2.704316e+01  0.000000e+00  1.905767e+01
   endloop
 endfacet
 facet normal  0.000000e+00 -1.000000e+00  0.000000e+00
   outer loop
     vertex  1.525000e+02  0.000000e+00  0.000000e+00
     vertex  2.704316e+01  0.000000e+00  1.905767e+01
     vertex  2.701654e+01  0.000000e+00  1.900197e+01
   endloop
 endfacet
 facet normal  0.000000e+00 -1.000000e+00  0.000000e+00
   outer loop
     vertex  1.525000e+02  0.000000e+00  0.000000e+00
     vertex  2.701654e+01  0.000000e+00  1.900197e+01
     vertex  2.698840e+01  0.000000e+00  1.894702e+01
   endloop
 endfacet
 facet normal  0.000000e+00 -1.000000e+00  0.000000e+00
   outer loop
     vertex  1.525000e+02  0.000000e+00  0.000000e+00
     vertex  2.698840e+01  0.000000e+00  1.894702e+01
     vertex  2.695876e+01  0.000000e+00  1.889287e+01
   endloop
 endfacet
 facet normal  0.000000e+00 -1.000000e+00  0.000000e+00
   outer loop
     vertex  1.525000e+02  0.000000e+00  0.000000e+00
     vertex  2.695876e+01  0.000000e+00  1.889287e+01
     vertex  2.692765e+01  0.000000e+00  1.883955e+01
   endloop
 endfacet
 facet normal  0.000000e+00 -1.000000e+00  0.000000e+00
   outer loop
     vertex  1.525000e+02  0.000000e+00  0.000000e+00
     vertex  2.692765e+01  0.000000e+00  1.883955e+01
     vertex  2.689509e+01  0.000000e+00  1.878710e+01
   endloop
 endfacet
 facet normal  0.000000e+00 -1.000000e+00  0.000000e+00
   outer loop
     vertex  1.525000e+02  0.000000e+00  0.000000e+00
     vertex  2.689509e+01  0.000000e+00  1.878710e+01
     vertex  2.686110e+01  0.000000e+00  1.873557e+01
   endloop
 endfacet
 facet normal  0.000000e+00 -1.000000e+00  0.000000e+00
   outer loop
     vertex  1.525000e+02  0.000000e+00  0.000000e+00
     vertex  2.686110e+01  0.000000e+00  1.873557e+01
     vertex  2.682572e+01  0.000000e+00  1.868499e+01
   endloop
 endfacet
 facet normal  0.000000e+00 -1.000000e+00  0.000000e+00
   outer loop
     vertex  1.525000e+02  0.000000e+00  0.000000e+00
     vertex  2.682572e+01  0.000000e+00  1.868499e+01
     vertex  2.678895e+01  0.000000e+00  1.863539e+01
   endloop
 endfacet
 facet normal  0.000000e+00 -1.000000e+00  0.000000e+00
   outer loop
     vertex  1.525000e+02  0.000000e+00  0.000000e+00
     vertex  2.678895e+01  0.000000e+00  1.863539e+01
     vertex  2.675084e+01  0.000000e+00  1.858683e+01
   endloop
 endfacet
 facet normal  0.000000e+00 -1.000000e+00  0.000000e+00
   outer loop
     vertex  1.525000e+02  0.000000e+00  0.000000e+00
     vertex  2.675084e+01  0.000000e+00  1.858683e+01
     vertex  2.671141e+01  0.000000e+00  1.853933e+01
   endloop
 endfacet
 facet normal  0.000000e+00 -1.000000e+00  0.000000e+00
   outer loop
     vertex  1.525000e+02  0.000000e+00  0.000000e+00
     vertex  2.671141e+01  0.000000e+00  1.853933e+01
     vertex  2.667070e+01  0.000000e+00  1.849293e+01
   endloop
 endfacet
 facet normal  0.000000e+00 -1.000000e+00  0.000000e+00
   outer loop
     vertex  1.525000e+02  0.000000e+00  0.000000e+00
     vertex  2.667070e+01  0.000000e+00  1.849293e+01
     vertex  2.662872e+01  0.000000e+00  1.844766e+01
   endloop
 endfacet
 facet normal  0.000000e+00 -1.000000e+00  0.000000e+00
   outer loop
     vertex  1.525000e+02  0.000000e+00  0.000000e+00
     vertex  2.662872e+01  0.000000e+00  1.844766e+01
     vertex  2.658552e+01  0.000000e+00  1.840356e+01
   endloop
 endfacet
 facet normal  0.000000e+00 -1.000000e+00  0.000000e+00
   outer loop
     vertex  1.525000e+02  0.000000e+00  0.000000e+00
     vertex  2.658552e+01  0.000000e+00  1.840356e+01
     vertex  2.654113e+01  0.000000e+00  1.836067e+01
   endloop
 endfacet
 facet normal  0.000000e+00 -1.000000e+00  0.000000e+00
   outer loop
     vertex  1.525000e+02  0.000000e+00  0.000000e+00
     vertex  2.654113e+01  0.000000e+00  1.836067e+01
     vertex  2.649558e+01  0.000000e+00  1.831900e+01
   endloop
 endfacet
 facet normal  0.000000e+00 -1.000000e+00  0.000000e+00
   outer loop
     vertex  1.525000e+02  0.000000e+00  0.000000e+00
     vertex  2.649558e+01  0.000000e+00  1.831900e+01
     vertex  2.644890e+01  0.000000e+00  1.827861e+01
   endloop
 endfacet
 facet normal  0.000000e+00 -1.000000e+00  0.000000e+00
   outer loop
     vertex  1.525000e+02  0.000000e+00  0.000000e+00
     vertex  2.644890e+01  0.000000e+00  1.827861e+01
     vertex  2.640113e+01  0.000000e+00  1.823951e+01
   endloop
 endfacet
 facet normal  0.000000e+00 -1.000000e+00  0.000000e+00
   outer loop
     vertex  1.525000e+02  0.000000e+00  0.000000e+00
     vertex  2.640113e+01  0.000000e+00  1.823951e+01
     vertex  2.635230e+01  0.000000e+00  1.820173e+01
   endloop
 endfacet
 facet normal  0.000000e+00 -1.000000e+00  0.000000e+00
   outer loop
     vertex  1.525000e+02  0.000000e+00  0.000000e+00
     vertex  2.635230e+01  0.000000e+00  1.820173e+01
     vertex  2.630246e+01  0.000000e+00  1.816531e+01
   endloop
 endfacet
 facet normal  0.000000e+00 -1.000000e+00  0.000000e+00
   outer loop
     vertex  1.525000e+02  0.000000e+00  0.000000e+00
     vertex  2.630246e+01  0.000000e+00  1.816531e+01
     vertex  2.625164e+01  0.000000e+00  1.813027e+01
   endloop
 endfacet
 facet normal  0.000000e+00 -1.000000e+00  0.000000e+00
   outer loop
     vertex  1.525000e+02  0.000000e+00  0.000000e+00
     vertex  2.625164e+01  0.000000e+00  1.813027e+01
     vertex  2.619987e+01  0.000000e+00  1.809663e+01
   endloop
 endfacet
 facet normal  0.000000e+00 -1.000000e+00  0.000000e+00
   outer loop
     vertex  1.525000e+02  0.000000e+00  0.000000e+00
     vertex  2.619987e+01  0.000000e+00  1.809663e+01
     vertex  2.614720e+01  0.000000e+00  1.806443e+01
   endloop
 endfacet
 facet normal  0.000000e+00 -1.000000e+00  0.000000e+00
   outer loop
     vertex  1.525000e+02  0.000000e+00  0.000000e+00
     vertex  2.614720e+01  0.000000e+00  1.806443e+01
     vertex  2.609367e+01  0.000000e+00  1.803369e+01
   endloop
 endfacet
 facet normal  0.000000e+00 -1.000000e+00 -0.000000e+00
   outer loop
     vertex  1.525000e+02  0.000000e+00  4.000000e+01
     vertex  2.724995e+01  0.000000e+00  2.001543e+01
     vertex  1.525000e+02  0.000000e+00  0.000000e+00
   endloop
 endfacet
 facet normal  0.000000e+00 -1.000000e+00  0.000000e+00
   outer loop
     vertex  1.525000e+02  0.000000e+00  4.000000e+01
     vertex  2.601184e+01  0.000000e+00  2.200965e+01
     vertex  2.606659e+01  0.000000e+00  2.198113e+01
   endloop
 endfacet
 facet normal  0.000000e+00 -1.000000e+00  0.000000e+00
   outer loop
     vertex  1.525000e+02  0.000000e+00  4.000000e+01
     vertex  2.606659e+01  0.000000e+00  2.198113e+01
     vertex  2.612054e+01  0.000000e+00  2.195112e+01
   endloop
 endfacet
 facet normal  0.000000e+00 -1.000000e+00  0.000000e+00
   outer loop
     vertex  1.525000e+02  0.000000e+00  4.000000e+01
     vertex  2.612054e+01  0.000000e+00  2.195112e+01
     vertex  2.617365e+01  0.000000e+00  2.191965e+01
   endloop
 endfacet
 facet normal  0.000000e+00 -1.000000e+00  0.000000e+00
   outer loop
     vertex  1.525000e+02  0.000000e+00  4.000000e+01
     vertex  2.617365e+01  0.000000e+00  2.191965e+01
     vertex  2.622587e+01  0.000000e+00  2.188673e+01
   endloop
 endfacet
 facet normal  0.000000e+00 -1.000000e+00  0.000000e+00
   outer loop
     vertex  1.525000e+02  0.000000e+00  4.000000e+01
     vertex  2.622587e+01  0.000000e+00  2.188673e+01
     vertex  2.627717e+01  0.000000e+00  2.185239e+01
   endloop
 endfacet
 facet normal  0.000000e+00 -1.000000e+00  0.000000e+00
   outer loop
     vertex  1.525000e+02  0.000000e+00  4.000000e+01
     vertex  2.627717e+01  0.000000e+00  2.185239e+01
     vertex  2.632751e+01  0.000000e+00  2.181665e+01
   endloop
 endfacet
 facet normal  0.000000e+00 -1.000000e+00  0.000000e+00
   outer loop
     vertex  1.525000e+02  0.000000e+00  4.000000e+01
     vertex  2.632751e+01  0.000000e+00  2.181665e+01
     vertex  2.637684e+01  0.000000e+00  2.177955e+01
   endloop
 endfacet
 facet normal  0.000000e+00 -1.000000e+00  0.000000e+00
   outer loop
     vertex  1.525000e+02  0.000000e+00  4.000000e+01
     vertex  2.637684e+01  0.000000e+00  2.177955e+01
     vertex  2.642515e+01  0.000000e+00  2.174111e+01
   endloop
 endfacet
 facet normal  0.000000e+00 -1.000000e+00  0.000000e+00
   outer loop
     vertex  1.525000e+02  0.000000e+00  4.000000e+01
     vertex  2.642515e+01  0.000000e+00  2.174111e+01
     vertex  2.647238e+01  0.000000e+00  2.170136e+01
   endloop
 endfacet
 facet normal  0.000000e+00 -1.000000e+00  0.000000e+00
   outer loop
     vertex  1.525000e+02  0.000000e+00  4.000000e+01
     vertex  2.647238e+01  0.000000e+00  2.170136e+01
     vertex  2.651850e+01  0.000000e+00  2.166032e+01
   endloop
 endfacet
 facet normal  0.000000e+00 -1.000000e+00  0.000000e+00
   outer loop
     vertex  1.525000e+02  0.000000e+00  4.000000e+01
     vertex  2.651850e+01  0.000000e+00  2.166032e+01
     vertex  2.656347e+01  0.000000e+00  2.161804e+01
   endloop
 endfacet
 facet normal  0.000000e+00 -1.000000e+00  0.000000e+00
   outer loop
     vertex  1.525000e+02  0.000000e+00  4.000000e+01
     vertex  2.656347e+01  0.000000e+00  2.161804e+01
     vertex  2.660728e+01  0.000000e+00  2.157454e+01
   endloop
 endfacet
 facet normal  0.000000e+00 -1.000000e+00  0.000000e+00
   outer loop
     vertex  1.525000e+02  0.000000e+00  4.000000e+01
     vertex  2.660728e+01  0.000000e+00  2.157454e+01
     vertex  2.664987e+01  0.000000e+00  2.152985e+01
   endloop
 endfacet
 facet normal  0.000000e+00 -1.000000e+00  0.000000e+00
   outer loop
     vertex  1.525000e+02  0.000000e+00  4.000000e+01
     vertex  2.664987e+01  0.000000e+00  2.152985e+01
     vertex  2.669122e+01  0.000000e+00  2.148401e+01
   endloop
 endfacet
 facet normal  0.000000e+00 -1.000000e+00  0.000000e+00
   outer loop
     vertex  1.525000e+02  0.000000e+00  4.000000e+01
     vertex  2.669122e+01  0.000000e+00  2.148401e+01
     vertex  2.673129e+01  0.000000e+00  2.143706e+01
   endloop
 endfacet
 facet normal  0.000000e+00 -1.000000e+00  0.000000e+00
   outer loop
     vertex  1.525000e+02  0.000000e+00  4.000000e+01
     vertex  2.673129e+01  0.000000e+00  2.143706e+01
     vertex  2.677006e+01  0.000000e+00  2.138902e+01
   endloop
 endfacet
 facet normal  0.000000e+00 -1.000000e+00  0.000000e+00
   outer loop
     vertex  1.525000e+02  0.000000e+00  4.000000e+01
     vertex  2.677006e+01  0.000000e+00  2.138902e+01
     vertex  2.680750e+01  0.000000e+00  2.133994e+01
   endloop
 endfacet
 facet normal  0.000000e+00 -1.000000e+00  0.000000e+00
   outer loop
     vertex  1.525000e+02  0.000000e+00  4.000000e+01
     vertex  2.680750e+01  0.000000e+00  2.133994e+01
     vertex  2.684358e+01  0.000000e+00  2.128984e+01
   endloop
 endfacet
 facet normal  0.000000e+00 -1.000000e+00  0.000000e+00
   outer loop
     vertex  1.525000e+02  0.000000e+00  4.000000e+01
     vertex  2.684358e+01  0.000000e+00  2.128984e+01
     vertex  2.687828e+01  0.000000e+00  2.123878e+01
   endloop
 endfacet
 facet normal  0.000000e+00 -1.000000e+00  0.000000e+00
   outer loop
     vertex  1.525000e+02  0.000000e+00  4.000000e+01
     vertex  2.687828e+01  0.000000e+00  2.123878e+01
     vertex  2.691155e+01  0.000000e+00  2.118679e+01
   endloop
 endfacet
 facet normal  0.000000e+00 -1.000000e+00  0.000000e+00
   outer loop
     vertex  1.525000e+02  0.000000e+00  4.000000e+01
     vertex  2.691155e+01  0.000000e+00  2.118679e+01
     vertex  2.694339e+01  0.000000e+00  2.113390e+01
   endloop
 endfacet
 facet normal  0.000000e+00 -1.000000e+00  0.000000e+00
   outer loop
     vertex  1.525000e+02  0.000000e+00  4.000000e+01
     vertex  2.694339e+01  0.000000e+00  2.113390e+01
     vertex  2.697377e+01  0.000000e+00  2.108016e+01
   endloop
 endfacet
 facet normal  0.000000e+00 -1.000000e+00  0.000000e+00
   outer loop
     vertex  1.525000e+02  0.000000e+00  4.000000e+01
     vertex  2.697377e+01  0.000000e+00  2.108016e+01
     vertex  2.700266e+01  0.000000e+00  2.102560e+01
   endloop
 endfacet
 facet normal  0.000000e+00 -1.000000e+00  0.000000e+00
   outer loop
     vertex  1.525000e+02  0.000000e+00  4.000000e+01
     vertex  2.700266e+01  0.000000e+00  2.102560e+01
     vertex  2.703004e+01  0.000000e+00  2.097027e+01
   endloop
 endfacet
 facet normal  0.000000e+00 -1.000000e+00  0.000000e+00
   outer loop
     vertex  1.525000e+02  0.000000e+00  4.000000e+01
     vertex  2.703004e+01  0.000000e+00  2.097027e+01
     vertex  2.705590e+01  0.000000e+00  2.091422e+01
   endloop
 endfacet
 facet normal -0.000000e+00 -1.000000e+00  0.000000e+00
   outer loop
     vertex  1.525000e+02  0.000000e+00  4.000000e+01
     vertex  0.000000e+00  0.000000e+00  4.000000e+01
     vertex  2.601184e+01  0.000000e+00  2.200965e+01
   endloop
 endfacet
 facet normal  0.000000e+00 -1.000000e+00  0.000000e+00
   outer loop
     vertex  1.525000e+02  0.000000e+00  4.000000e+01
     vertex  2.705590e+01  0.000000e+00  2.091422e+01
     vertex  2.708020e+01  0.000000e+00  2.085747e+01
   endloop
 endfacet
 facet normal  0.000000e+00 -1.000000e+00  0.000000e+00
   outer loop
     vertex  1.525000e+02  0.000000e+00  4.000000e+01
     vertex  2.708020e+01  0.000000e+00  2.085747e+01
     vertex  2.710294e+01  0.000000e+00  2.080008e+01
   endloop
 endfacet
 facet normal  0.000000e+00 -1.000000e+00  0.000000e+00
   outer loop
     vertex  1.525000e+02  0.000000e+00  4.000000e+01
     vertex  2.710294e+01  0.000000e+00  2.080008e+01
     vertex  2.712410e+01  0.000000e+00  2.074209e+01
   endloop
 endfacet
 facet normal  0.000000e+00 -1.000000e+00  0.000000e+00
   outer loop
     vertex  1.525000e+02  0.000000e+00  4.000000e+01
     vertex  2.712410e+01  0.000000e+00  2.074209e+01
     vertex  2.714366e+01  0.000000e+00  2.068354e+01
   endloop
 endfacet
 facet normal  0.000000e+00 -1.000000e+00  0.000000e+00
   outer loop
     vertex  1.525000e+02  0.000000e+00  4.000000e+01
     vertex  2.714366e+01  0.000000e+00  2.068354e+01
     vertex  2.716161e+01  0.000000e+00  2.062447e+01
   endloop
 endfacet
 facet normal  0.000000e+00 -1.000000e+00  0.000000e+00
   outer loop
     vertex  1.525000e+02  0.000000e+00  4.000000e+01
     vertex  2.716161e+01  0.000000e+00  2.062447e+01
     vertex  2.717792e+01  0.000000e+00  2.056493e+01
   endloop
 endfacet
 facet normal  0.000000e+00 -1.000000e+00  0.000000e+00
   outer loop
     vertex  1.525000e+02  0.000000e+00  4.000000e+01
     vertex  2.717792e+01  0.000000e+00  2.056493e+01
     vertex  2.719260e+01  0.000000e+00  2.050497e+01
   endloop
 endfacet
 facet normal  0.000000e+00 -1.000000e+00  0.000000e+00
   outer loop
     vertex  1.525000e+02  0.000000e+00  4.000000e+01
     vertex  2.719260e+01  0.000000e+00  2.050497e+01
     vertex  2.720563e+01  0.000000e+00  2.044463e+01
   endloop
 endfacet
 facet normal  0.000000e+00 -1.000000e+00  0.000000e+00
   outer loop
     vertex  1.525000e+02  0.000000e+00  4.000000e+01
     vertex  2.720563e+01  0.000000e+00  2.044463e+01
     vertex  2.721700e+01  0.000000e+00  2.038395e+01
   endloop
 endfacet
 facet normal  0.000000e+00 -1.000000e+00  0.000000e+00
   outer loop
     vertex  1.525000e+02  0.000000e+00  4.000000e+01
     vertex  2.721700e+01  0.000000e+00  2.038395e+01
     vertex  2.722670e+01  0.000000e+00  2.032299e+01
   endloop
 endfacet
 facet normal  0.000000e+00 -1.000000e+00  0.000000e+00
   outer loop
     vertex  1.525000e+02  0.000000e+00  4.000000e+01
     vertex  2.722670e+01  0.000000e+00  2.032299e+01
     vertex  2.723472e+01  0.000000e+00  2.026178e+01
   endloop
 endfacet
 facet normal  0.000000e+00 -1.000000e+00  0.000000e+00
   outer loop
     vertex  1.525000e+02  0.000000e+00  4.000000e+01
     vertex  2.723472e+01  0.000000e+00  2.026178e+01
     vertex  2.724106e+01  0.000000e+00  2.020037e+01
   endloop
 endfacet
 facet normal  0.000000e+00 -1.000000e+00  0.000000e+00
   outer loop
     vertex  1.525000e+02  0.000000e+00  4.000000e+01
     vertex  2.724106e+01  0.000000e+00  2.020037e+01
     vertex  2.724571e+01  0.000000e+00  2.013881e+01
   endloop
 endfacet
 facet normal  0.000000e+00 -1.000000e+00  0.000000e+00
   outer loop
     vertex  1.525000e+02  0.000000e+00  4.000000e+01
     vertex  2.724571e+01  0.000000e+00  2.013881e+01
     vertex  2.724868e+01  0.000000e+00  2.007715e+01
   endloop
 endfacet
 facet normal  0.000000e+00 -1.000000e+00  0.000000e+00
   outer loop
     vertex  1.525000e+02  0.000000e+00  4.000000e+01
     vertex  2.724868e+01  0.000000e+00  2.007715e+01
     vertex  2.724995e+01  0.000000e+00  2.001543e+01
   endloop
 endfacet
 facet normal  0.000000e+00  0.000000e+00  1.000000e+00
   outer loop
     vertex  1.525000e+02  1.367000e+02  4.000000e+01
     vertex  0.000000e+00  1.367000e+02  4.000000e+01
     vertex  0.000000e+00  0.000000e+00  4.000000e+01
   endloop
 endfacet
 facet normal  0.000000e+00  0.000000e+00  1.000000e+00
   outer loop
     vertex  1.525000e+02  1.367000e+02  4.000000e+01
     vertex  0.000000e+00  0.000000e+00  4.000000e+01
     vertex  1.525000e+02  0.000000e+00  4.000000e+01
   endloop
 endfacet
 facet normal  0.000000e+00  1.000000e+00  0.000000e+00
   outer loop
     vertex  1.543653e+01  1.367000e+02  1.838196e+01
     vertex  0.000000e+00  1.367000e+02  0.000000e+00
     vertex  1.539272e+01  1.367000e+02  1.842546e+01
   endloop
 endfacet
 facet normal  0.000000e+00  1.000000e+00  0.000000e+00
   outer loop
     vertex  1.535013e+01  1.367000e+02  1.847015e+01
     vertex  1.539272e+01  1.367000e+02  1.842546e+01
     vertex  0.000000e+00  1.367000e+02  0.000000e+00
   endloop
 endfacet
 facet normal  0.000000e+00  1.000000e+00  0.000000e+00
   outer loop
     vertex  1.548150e+01  1.367000e+02  1.833968e+01
     vertex  0.000000e+00  1.367000e+02  0.000000e+00
     vertex  1.543653e+01  1.367000e+02  1.838196e+01
   endloop
 endfacet
 facet normal  0.000000e+00  1.000000e+00  0.000000e+00
   outer loop
     vertex  1.530878e+01  1.367000e+02  1.851599e+01
     vertex  1.535013e+01  1.367000e+02  1.847015e+01
     vertex  0.000000e+00  1.367000e+02  0.000000e+00
   endloop
 endfacet
 facet normal  0.000000e+00  1.000000e+00  0.000000e+00
   outer loop
     vertex  1.552762e+01  1.367000e+02  1.829864e+01
     vertex  0.000000e+00  1.367000e+02  0.000000e+00
     vertex  1.548150e+01  1.367000e+02  1.833968e+01
   endloop
 endfacet
 facet normal  0.000000e+00  1.000000e+00  0.000000e+00
   outer loop
     vertex  1.526871e+01  1.367000e+02  1.856294e+01
     vertex  1.530878e+01  1.367000e+02  1.851599e+01
     vertex  0.000000e+00  1.367000e+02  0.000000e+00
   endloop
 endfacet
 facet normal  0.000000e+00  1.000000e+00  0.000000e+00
   outer loop
     vertex  1.557485e+01  1.367000e+02  1.825889e+01
     vertex  0.000000e+00  1.367000e+02  0.000000e+00
     vertex  1.552762e+01  1.367000e+02  1.829864e+01
   endloop
 endfacet
 facet normal  0.000000e+00  1.000000e+00  0.000000e+00
   outer loop
     vertex  1.522994e+01  1.367000e+02  1.861098e+01
     vertex  1.526871e+01  1.367000e+02  1.856294e+01
     vertex  0.000000e+00  1.367000e+02  0.000000e+00
   endloop
 endfacet
 facet normal  0.000000e+00  1.000000e+00  0.000000e+00
   outer loop
     vertex  1.562316e+01  1.367000e+02  1.822045e+01
     vertex  0.000000e+00  1.367000e+02  0.000000e+00
     vertex  1.557485e+01  1.367000e+02  1.825889e+01
   endloop
 endfacet
 facet normal  0.000000e+00  1.000000e+00  0.000000e+00
   outer loop
     vertex  1.519250e+01  1.367000e+02  1.866006e+01
     vertex  1.522994e+01  1.367000e+02  1.861098e+01
     vertex  0.000000e+00  1.367000e+02  0.000000e+00
   endloop
 endfacet
 facet normal  0.000000e+00  1.000000e+00  0.000000e+00
   outer loop
     vertex  1.567249e+01  1.367000e+02  1.818335e+01
     vertex  0.000000e+00  1.367000e+02  0.000000e+00
     vertex  1.562316e+01  1.367000e+02  1.822045e+01
   endloop
 endfacet
 facet normal  0.000000e+00  1.000000e+00  0.000000e+00
   outer loop
     vertex  1.515642e+01  1.367000e+02  1.871016e+01
     vertex  1.519250e+01  1.367000e+02  1.866006e+01
     vertex  0.000000e+00  1.367000e+02  0.000000e+00
   endloop
 endfacet
 facet normal  0.000000e+00  1.000000e+00  0.000000e+00
   outer loop
     vertex  1.572283e+01  1.367000e+02  1.814761e+01
     vertex  0.000000e+00  1.367000e+02  0.000000e+00
     vertex  1.567249e+01  1.367000e+02  1.818335e+01
   endloop
 endfacet
 facet normal  0.000000e+00  1.000000e+00  0.000000e+00
   outer loop
     vertex  1.512172e+01  1.367000e+02  1.876122e+01
     vertex  1.515642e+01  1.367000e+02  1.871016e+01
     vertex  0.000000e+00  1.367000e+02  0.000000e+00
   endloop
 endfacet
 facet normal  0.000000e+00  1.000000e+00  0.000000e+00
   outer loop
     vertex  1.577413e+01  1.367000e+02  1.811327e+01
     vertex  0.000000e+00  1.367000e+02  0.000000e+00
     vertex  1.572283e+01  1.367000e+02  1.814761e+01
   endloop
 endfacet
 facet normal  0.000000e+00  1.000000e+00  0.000000e+00
   outer loop
     vertex  1.508845e+01  1.367000e+02  1.881321e+01
     vertex  1.512172e+01  1.367000e+02  1.876122e+01
     vertex  0.000000e+00  1.367000e+02  0.000000e+00
   endloop
 endfacet
 facet normal  0.000000e+00  1.000000e+00  0.000000e+00
   outer loop
     vertex  1.582635e+01  1.367000e+02  1.808035e+01
     vertex  0.000000e+00  1.367000e+02  0.000000e+00
     vertex  1.577413e+01  1.367000e+02  1.811327e+01
   endloop
 endfacet
 facet normal  0.000000e+00  1.000000e+00  0.000000e+00
   outer loop
     vertex  1.505661e+01  1.367000e+02  1.886610e+01
     vertex  1.508845e+01  1.367000e+02  1.881321e+01
     vertex  0.000000e+00  1.367000e+02  0.000000e+00
   endloop
 endfacet
 facet normal  0.000000e+00  1.000000e+00  0.000000e+00
   outer loop
     vertex  1.587946e+01  1.367000e+02  1.804888e+01
     vertex  0.000000e+00  1.367000e+02  0.000000e+00
     vertex  1.582635e+01  1.367000e+02  1.808035e+01
   endloop
 endfacet
 facet normal  0.000000e+00  1.000000e+00  0.000000e+00
   outer loop
     vertex  1.502623e+01  1.367000e+02  1.891984e+01
     vertex  1.505661e+01  1.367000e+02  1.886610e+01
     vertex  0.000000e+00  1.367000e+02  0.000000e+00
   endloop
 endfacet
 facet normal  0.000000e+00  1.000000e+00  0.000000e+00
   outer loop
     vertex  1.593341e+01  1.367000e+02  1.801887e+01
     vertex  0.000000e+00  1.367000e+02  0.000000e+00
     vertex  1.587946e+01  1.367000e+02  1.804888e+01
   endloop
 endfacet
 facet normal  0.000000e+00  1.000000e+00  0.000000e+00
   outer loop
     vertex  1.499734e+01  1.367000e+02  1.897440e+01
     vertex  1.502623e+01  1.367000e+02  1.891984e+01
     vertex  0.000000e+00  1.367000e+02  0.000000e+00
   endloop
 endfacet
 facet normal  0.000000e+00  1.000000e+00  0.000000e+00
   outer loop
     vertex  1.598816e+01  1.367000e+02  1.799035e+01
     vertex  0.000000e+00  1.367000e+02  0.000000e+00
     vertex  1.593341e+01  1.367000e+02  1.801887e+01
   endloop
 endfacet
 facet normal  0.000000e+00  1.000000e+00  0.000000e+00
   outer loop
     vertex  1.496996e+01  1.367000e+02  1.902973e+01
     vertex  1.499734e+01  1.367000e+02  1.897440e+01
     vertex  0.000000e+00  1.367000e+02  0.000000e+00
   endloop
 endfacet
 facet normal  0.000000e+00  1.000000e+00  0.000000e+00
   outer loop
     vertex  1.604367e+01  1.367000e+02  1.796335e+01
     vertex  0.000000e+00  1.367000e+02  0.000000e+00
     vertex  1.598816e+01  1.367000e+02  1.799035e+01
   endloop
 endfacet
 facet normal  0.000000e+00  1.000000e+00  0.000000e+00
   outer loop
     vertex  1.494410e+01  1.367000e+02  1.908578e+01
     vertex  1.496996e+01  1.367000e+02  1.902973e+01
     vertex  0.000000e+00  1.367000e+02  0.000000e+00
   endloop
 endfacet
 facet normal  0.000000e+00  1.000000e+00  0.000000e+00
   outer loop
     vertex  1.609991e+01  1.367000e+02  1.793788e+01
     vertex  0.000000e+00  1.367000e+02  0.000000e+00
     vertex  1.604367e+01  1.367000e+02  1.796335e+01
   endloop
 endfacet
 facet normal  0.000000e+00  1.000000e+00  0.000000e+00
   outer loop
     vertex  1.491980e+01  1.367000e+02  1.914253e+01
     vertex  1.494410e+01  1.367000e+02  1.908578e+01
     vertex  0.000000e+00  1.367000e+02  0.000000e+00
   endloop
 endfacet
 facet normal  0.000000e+00  1.000000e+00  0.000000e+00
   outer loop
     vertex  1.615682e+01  1.367000e+02  1.791396e+01
     vertex  0.000000e+00  1.367000e+02  0.000000e+00
     vertex  1.609991e+01  1.367000e+02  1.793788e+01
   endloop
 endfacet
 facet normal  0.000000e+00  1.000000e+00  0.000000e+00
   outer loop
     vertex  1.489706e+01  1.367000e+02  1.919992e+01
     vertex  1.491980e+01  1.367000e+02  1.914253e+01
     vertex  0.000000e+00  1.367000e+02  0.000000e+00
   endloop
 endfacet
 facet normal  0.000000e+00  1.000000e+00  0.000000e+00
   outer loop
     vertex  1.621436e+01  1.367000e+02  1.789162e+01
     vertex  0.000000e+00  1.367000e+02  0.000000e+00
     vertex  1.615682e+01  1.367000e+02  1.791396e+01
   endloop
 endfacet
 facet normal  0.000000e+00  1.000000e+00  0.000000e+00
   outer loop
     vertex  1.487590e+01  1.367000e+02  1.925791e+01
     vertex  1.489706e+01  1.367000e+02  1.919992e+01
     vertex  0.000000e+00  1.367000e+02  0.000000e+00
   endloop
 endfacet
 facet normal  0.000000e+00  1.000000e+00  0.000000e+00
   outer loop
     vertex  1.627250e+01  1.367000e+02  1.787086e+01
     vertex  0.000000e+00  1.367000e+02  0.000000e+00
     vertex  1.621436e+01  1.367000e+02  1.789162e+01
   endloop
 endfacet
 facet normal  0.000000e+00  1.000000e+00  0.000000e+00
   outer loop
     vertex  1.485634e+01  1.367000e+02  1.931646e+01
     vertex  1.487590e+01  1.367000e+02  1.925791e+01
     vertex  0.000000e+00  1.367000e+02  0.000000e+00
   endloop
 endfacet
 facet normal  0.000000e+00  1.000000e+00  0.000000e+00
   outer loop
     vertex  1.633118e+01  1.367000e+02  1.785170e+01
     vertex  0.000000e+00  1.367000e+02  0.000000e+00
     vertex  1.627250e+01  1.367000e+02  1.787086e+01
   endloop
 endfacet
 facet normal  0.000000e+00  1.000000e+00  0.000000e+00
   outer loop
     vertex  1.483839e+01  1.367000e+02  1.937553e+01
     vertex  1.485634e+01  1.367000e+02  1.931646e+01
     vertex  0.000000e+00  1.367000e+02  0.000000e+00
   endloop
 endfacet
 facet normal  0.000000e+00  1.000000e+00  0.000000e+00
   outer loop
     vertex  1.639037e+01  1.367000e+02  1.783416e+01
     vertex  0.000000e+00  1.367000e+02  0.000000e+00
     vertex  1.633118e+01  1.367000e+02  1.785170e+01
   endloop
 endfacet
 facet normal  0.000000e+00  1.000000e+00  0.000000e+00
   outer loop
     vertex  1.482208e+01  1.367000e+02  1.943507e+01
     vertex  1.483839e+01  1.367000e+02  1.937553e+01
     vertex  0.000000e+00  1.367000e+02  0.000000e+00
   endloop
 endfacet
 facet normal  0.000000e+00  1.000000e+00  0.000000e+00
   outer loop
     vertex  1.645002e+01  1.367000e+02  1.781825e+01
     vertex  0.000000e+00  1.367000e+02  0.000000e+00
     vertex  1.639037e+01  1.367000e+02  1.783416e+01
   endloop
 endfacet
 facet normal  0.000000e+00  1.000000e+00  0.000000e+00
   outer loop
     vertex  1.480740e+01  1.367000e+02  1.949503e+01
     vertex  1.482208e+01  1.367000e+02  1.943507e+01
     vertex  0.000000e+00  1.367000e+02  0.000000e+00
   endloop
 endfacet
 facet normal  0.000000e+00  1.000000e+00  0.000000e+00
   outer loop
     vertex  1.651008e+01  1.367000e+02  1.780399e+01
     vertex  0.000000e+00  1.367000e+02  0.000000e+00
     vertex  1.645002e+01  1.367000e+02  1.781825e+01
   endloop
 endfacet
 facet normal  0.000000e+00  1.000000e+00  0.000000e+00
   outer loop
     vertex  1.479437e+01  1.367000e+02  1.955537e+01
     vertex  1.480740e+01  1.367000e+02  1.949503e+01
     vertex  0.000000e+00  1.367000e+02  0.000000e+00
   endloop
 endfacet
 facet normal  0.000000e+00  1.000000e+00  0.000000e+00
   outer loop
     vertex  1.657051e+01  1.367000e+02  1.779137e+01
     vertex  0.000000e+00  1.367000e+02  0.000000e+00
     vertex  1.651008e+01  1.367000e+02  1.780399e+01
   endloop
 endfacet
 facet normal  0.000000e+00  1.000000e+00  0.000000e+00
   outer loop
     vertex  1.478300e+01  1.367000e+02  1.961605e+01
     vertex  1.479437e+01  1.367000e+02  1.955537e+01
     vertex  0.000000e+00  1.367000e+02  0.000000e+00
   endloop
 endfacet
 facet normal  0.000000e+00  1.000000e+00  0.000000e+00
   outer loop
     vertex  1.663126e+01  1.367000e+02  1.778042e+01
     vertex  0.000000e+00  1.367000e+02  0.000000e+00
     vertex  1.657051e+01  1.367000e+02  1.779137e+01
   endloop
 endfacet
 facet normal  0.000000e+00  1.000000e+00  0.000000e+00
   outer loop
     vertex  1.477330e+01  1.367000e+02  1.967701e+01
     vertex  1.478300e+01  1.367000e+02  1.961605e+01
     vertex  0.000000e+00  1.367000e+02  0.000000e+00
   endloop
 endfacet
 facet normal  0.000000e+00  1.000000e+00  0.000000e+00
   outer loop
     vertex  1.669230e+01  1.367000e+02  1.777114e+01
     vertex  0.000000e+00  1.367000e+02  0.000000e+00
     vertex  1.663126e+01  1.367000e+02  1.778042e+01
   endloop
 endfacet
 facet normal  0.000000e+00  1.000000e+00  0.000000e+00
   outer loop
     vertex  1.476528e+01  1.367000e+02  1.973822e+01
     vertex  1.477330e+01  1.367000e+02  1.967701e+01
     vertex  0.000000e+00  1.367000e+02  0.000000e+00
   endloop
 endfacet
 facet normal  0.000000e+00  1.000000e+00  0.000000e+00
   outer loop
     vertex  1.675356e+01  1.367000e+02  1.776354e+01
     vertex  0.000000e+00  1.367000e+02  0.000000e+00
     vertex  1.669230e+01  1.367000e+02  1.777114e+01
   endloop
 endfacet
 facet normal  0.000000e+00  1.000000e+00  0.000000e+00
   outer loop
     vertex  1.475894e+01  1.367000e+02  1.979963e+01
     vertex  1.476528e+01  1.367000e+02  1.973822e+01
     vertex  0.000000e+00  1.367000e+02  0.000000e+00
   endloop
 endfacet
 facet normal  0.000000e+00  1.000000e+00  0.000000e+00
   outer loop
     vertex  1.681501e+01  1.367000e+02  1.775762e+01
     vertex  0.000000e+00  1.367000e+02  0.000000e+00
     vertex  1.675356e+01  1.367000e+02  1.776354e+01
   endloop
 endfacet
 facet normal  0.000000e+00  1.000000e+00  0.000000e+00
   outer loop
     vertex  1.475429e+01  1.367000e+02  1.986119e+01
     vertex  1.475894e+01  1.367000e+02  1.979963e+01
     vertex  0.000000e+00  1.367000e+02  0.000000e+00
   endloop
 endfacet
 facet normal  0.000000e+00  1.000000e+00  0.000000e+00
   outer loop
     vertex  1.687659e+01  1.367000e+02  1.775339e+01
     vertex  0.000000e+00  1.367000e+02  0.000000e+00
     vertex  1.681501e+01  1.367000e+02  1.775762e+01
   endloop
 endfacet
 facet normal  0.000000e+00  1.000000e+00  0.000000e+00
   outer loop
     vertex  1.475132e+01  1.367000e+02  1.992285e+01
     vertex  1.475429e+01  1.367000e+02  1.986119e+01
     vertex  0.000000e+00  1.367000e+02  0.000000e+00
   endloop
 endfacet
 facet normal  0.000000e+00  1.000000e+00  0.000000e+00
   outer loop
     vertex  1.693827e+01  1.367000e+02  1.775085e+01
     vertex  0.000000e+00  1.367000e+02  0.000000e+00
     vertex  1.687659e+01  1.367000e+02  1.775339e+01
   endloop
 endfacet
 facet normal  0.000000e+00  1.000000e+00  0.000000e+00
   outer loop
     vertex  1.475005e+01  1.367000e+02  1.998457e+01
     vertex  1.475132e+01  1.367000e+02  1.992285e+01
     vertex  0.000000e+00  1.367000e+02  0.000000e+00
   endloop
 endfacet
 facet normal  0.000000e+00  1.000000e+00  0.000000e+00
   outer loop
     vertex  1.700000e+01  1.367000e+02  1.775000e+01
     vertex  0.000000e+00  1.367000e+02  0.000000e+00
     vertex  1.693827e+01  1.367000e+02  1.775085e+01
   endloop
 endfacet
 facet normal  0.000000e+00  1.000000e+00  0.000000e+00
   outer loop
     vertex  1.706173e+01  1.367000e+02  1.775085e+01
     vertex  0.000000e+00  1.367000e+02  0.000000e+00
     vertex  1.700000e+01  1.367000e+02  1.775000e+01
   endloop
 endfacet
 facet normal  0.000000e+00  1.000000e+00  0.000000e+00
   outer loop
     vertex  1.712341e+01  1.367000e+02  1.775339e+01
     vertex  0.000000e+00  1.367000e+02  0.000000e+00
     vertex  1.706173e+01  1.367000e+02  1.775085e+01
   endloop
 endfacet
 facet normal  0.000000e+00  1.000000e+00  0.000000e+00
   outer loop
     vertex  1.718499e+01  1.367000e+02  1.775762e+01
     vertex  0.000000e+00  1.367000e+02  0.000000e+00
     vertex  1.712341e+01  1.367000e+02  1.775339e+01
   endloop
 endfacet
 facet normal  0.000000e+00  1.000000e+00  0.000000e+00
   outer loop
     vertex  1.724644e+01  1.367000e+02  1.776354e+01
     vertex  0.000000e+00  1.367000e+02  0.000000e+00
     vertex  1.718499e+01  1.367000e+02  1.775762e+01
   endloop
 endfacet
 facet normal  0.000000e+00  1.000000e+00  0.000000e+00
   outer loop
     vertex  1.730770e+01  1.367000e+02  1.777114e+01
     vertex  0.000000e+00  1.367000e+02  0.000000e+00
     vertex  1.724644e+01  1.367000e+02  1.776354e+01
   endloop
 endfacet
 facet normal  0.000000e+00  1.000000e+00  0.000000e+00
   outer loop
     vertex  1.736874e+01  1.367000e+02  1.778042e+01
     vertex  0.000000e+00  1.367000e+02  0.000000e+00
     vertex  1.730770e+01  1.367000e+02  1.777114e+01
   endloop
 endfacet
 facet normal  0.000000e+00  1.000000e+00  0.000000e+00
   outer loop
     vertex  1.742949e+01  1.367000e+02  1.779137e+01
     vertex  0.000000e+00  1.367000e+02  0.000000e+00
     vertex  1.736874e+01  1.367000e+02  1.778042e+01
   endloop
 endfacet
 facet normal  0.000000e+00  1.000000e+00  0.000000e+00
   outer loop
     vertex  1.748992e+01  1.367000e+02  1.780399e+01
     vertex  0.000000e+00  1.367000e+02  0.000000e+00
     vertex  1.742949e+01  1.367000e+02  1.779137e+01
   endloop
 endfacet
 facet normal  0.000000e+00  1.000000e+00  0.000000e+00
   outer loop
     vertex  1.754998e+01  1.367000e+02  1.781825e+01
     vertex  0.000000e+00  1.367000e+02  0.000000e+00
     vertex  1.748992e+01  1.367000e+02  1.780399e+01
   endloop
 endfacet
 facet normal  0.000000e+00  1.000000e+00  0.000000e+00
   outer loop
     vertex  1.760963e+01  1.367000e+02  1.783416e+01
     vertex  0.000000e+00  1.367000e+02  0.000000e+00
     vertex  1.754998e+01  1.367000e+02  1.781825e+01
   endloop
 endfacet
 facet normal  0.000000e+00  1.000000e+00  0.000000e+00
   outer loop
     vertex  1.766882e+01  1.367000e+02  1.785170e+01
     vertex  0.000000e+00  1.367000e+02  0.000000e+00
     vertex  1.760963e+01  1.367000e+02  1.783416e+01
   endloop
 endfacet
 facet normal  0.000000e+00  1.000000e+00  0.000000e+00
   outer loop
     vertex  1.772750e+01  1.367000e+02  1.787086e+01
     vertex  0.000000e+00  1.367000e+02  0.000000e+00
     vertex  1.766882e+01  1.367000e+02  1.785170e+01
   endloop
 endfacet
 facet normal  0.000000e+00  1.000000e+00  0.000000e+00
   outer loop
     vertex  1.778564e+01  1.367000e+02  1.789162e+01
     vertex  0.000000e+00  1.367000e+02  0.000000e+00
     vertex  1.772750e+01  1.367000e+02  1.787086e+01
   endloop
 endfacet
 facet normal  0.000000e+00  1.000000e+00  0.000000e+00
   outer loop
     vertex  1.784318e+01  1.367000e+02  1.791396e+01
     vertex  0.000000e+00  1.367000e+02  0.000000e+00
     vertex  1.778564e+01  1.367000e+02  1.789162e+01
   endloop
 endfacet
 facet normal  0.000000e+00  1.000000e+00  0.000000e+00
   outer loop
     vertex  1.790009e+01  1.367000e+02  1.793788e+01
     vertex  0.000000e+00  1.367000e+02  0.000000e+00
     vertex  1.784318e+01  1.367000e+02  1.791396e+01
   endloop
 endfacet
 facet normal  0.000000e+00  1.000000e+00  0.000000e+00
   outer loop
     vertex  1.795633e+01  1.367000e+02  1.796335e+01
     vertex  0.000000e+00  1.367000e+02  0.000000e+00
     vertex  1.790009e+01  1.367000e+02  1.793788e+01
   endloop
 endfacet
 facet normal  0.000000e+00  1.000000e+00  0.000000e+00
   outer loop
     vertex  1.801184e+01  1.367000e+02  1.799035e+01
     vertex  0.000000e+00  1.367000e+02  0.000000e+00
     vertex  1.795633e+01  1.367000e+02  1.796335e+01
   endloop
 endfacet
 facet normal  0.000000e+00  1.000000e+00  0.000000e+00
   outer loop
     vertex  1.806659e+01  1.367000e+02  1.801887e+01
     vertex  0.000000e+00  1.367000e+02  0.000000e+00
     vertex  1.801184e+01  1.367000e+02  1.799035e+01
   endloop
 endfacet
 facet normal  0.000000e+00  1.000000e+00  0.000000e+00
   outer loop
     vertex  0.000000e+00  1.367000e+02  4.000000e+01
     vertex  1.792830e+01  1.367000e+02  2.204958e+01
     vertex  1.787172e+01  1.367000e+02  2.207427e+01
   endloop
 endfacet
 facet normal  0.000000e+00  1.000000e+00  0.000000e+00
   outer loop
     vertex  0.000000e+00  1.367000e+02  4.000000e+01
     vertex  1.787172e+01  1.367000e+02  2.207427e+01
     vertex  1.781449e+01  1.367000e+02  2.209741e+01
   endloop
 endfacet
 facet normal  0.000000e+00  1.000000e+00  0.000000e+00
   outer loop
     vertex  0.000000e+00  1.367000e+02  4.000000e+01
     vertex  1.781449e+01  1.367000e+02  2.209741e+01
     vertex  1.775664e+01  1.367000e+02  2.211896e+01
   endloop
 endfacet
 facet normal  0.000000e+00  1.000000e+00  0.000000e+00
   outer loop
     vertex  0.000000e+00  1.367000e+02  4.000000e+01
     vertex  1.775664e+01  1.367000e+02  2.211896e+01
     vertex  1.769822e+01  1.367000e+02  2.213892e+01
   endloop
 endfacet
 facet normal  0.000000e+00  1.000000e+00  0.000000e+00
   outer loop
     vertex  0.000000e+00  1.367000e+02  4.000000e+01
     vertex  1.769822e+01  1.367000e+02  2.213892e+01
     vertex  1.763928e+01  1.367000e+02  2.215727e+01
   endloop
 endfacet
 facet normal  0.000000e+00  1.000000e+00  0.000000e+00
   outer loop
     vertex  0.000000e+00  1.367000e+02  4.000000e+01
     vertex  1.763928e+01  1.367000e+02  2.215727e+01
     vertex  1.757986e+01  1.367000e+02  2.217400e+01
   endloop
 endfacet
 facet normal  0.000000e+00  1.000000e+00  0.000000e+00
   outer loop
     vertex  0.000000e+00  1.367000e+02  4.000000e+01
     vertex  1.757986e+01  1.367000e+02  2.217400e+01
     vertex  1.752000e+01  1.367000e+02  2.218909e+01
   endloop
 endfacet
 facet normal  0.000000e+00  1.000000e+00  0.000000e+00
   outer loop
     vertex  0.000000e+00  1.367000e+02  4.000000e+01
     vertex  1.752000e+01  1.367000e+02  2.218909e+01
     vertex  1.745975e+01  1.367000e+02  2.220253e+01
   endloop
 endfacet
 facet normal  0.000000e+00  1.000000e+00  0.000000e+00
   outer loop
     vertex  0.000000e+00  1.367000e+02  4.000000e+01
     vertex  1.745975e+01  1.367000e+02  2.220253e+01
     vertex  1.739915e+01  1.367000e+02  2.221431e+01
   endloop
 endfacet
 facet normal  0.000000e+00  1.000000e+00  0.000000e+00
   outer loop
     vertex  0.000000e+00  1.367000e+02  4.000000e+01
     vertex  1.739915e+01  1.367000e+02  2.221431e+01
     vertex  1.733825e+01  1.367000e+02  2.222443e+01
   endloop
 endfacet
 facet normal  0.000000e+00  1.000000e+00  0.000000e+00
   outer loop
     vertex  0.000000e+00  1.367000e+02  4.000000e+01
     vertex  1.733825e+01  1.367000e+02  2.222443e+01
     vertex  1.727710e+01  1.367000e+02  2.223287e+01
   endloop
 endfacet
 facet normal  0.000000e+00  1.000000e+00  0.000000e+00
   outer loop
     vertex  0.000000e+00  1.367000e+02  4.000000e+01
     vertex  1.727710e+01  1.367000e+02  2.223287e+01
     vertex  1.721574e+01  1.367000e+02  2.223963e+01
   endloop
 endfacet
 facet normal  0.000000e+00  1.000000e+00  0.000000e+00
   outer loop
     vertex  0.000000e+00  1.367000e+02  4.000000e+01
     vertex  1.721574e+01  1.367000e+02  2.223963e+01
     vertex  1.715421e+01  1.367000e+02  2.224471e+01
   endloop
 endfacet
 facet normal  0.000000e+00  1.000000e+00  0.000000e+00
   outer loop
     vertex  0.000000e+00  1.367000e+02  4.000000e+01
     vertex  1.715421e+01  1.367000e+02  2.224471e+01
     vertex  1.709258e+01  1.367000e+02  2.224809e+01
   endloop
 endfacet
 facet normal  0.000000e+00  1.000000e+00  0.000000e+00
   outer loop
     vertex  0.000000e+00  1.367000e+02  4.000000e+01
     vertex  1.709258e+01  1.367000e+02  2.224809e+01
     vertex  1.703087e+01  1.367000e+02  2.224979e+01
   endloop
 endfacet
 facet normal  0.000000e+00  1.000000e+00  0.000000e+00
   outer loop
     vertex  0.000000e+00  1.367000e+02  4.000000e+01
     vertex  1.703087e+01  1.367000e+02  2.224979e+01
     vertex  1.696913e+01  1.367000e+02  2.224979e+01
   endloop
 endfacet
 facet normal  0.000000e+00  1.000000e+00  0.000000e+00
   outer loop
     vertex  0.000000e+00  1.367000e+02  4.000000e+01
     vertex  1.696913e+01  1.367000e+02  2.224979e+01
     vertex  1.690742e+01  1.367000e+02  2.224809e+01
   endloop
 endfacet
 facet normal  0.000000e+00  1.000000e+00  0.000000e+00
   outer loop
     vertex  0.000000e+00  1.367000e+02  4.000000e+01
     vertex  1.690742e+01  1.367000e+02  2.224809e+01
     vertex  1.684579e+01  1.367000e+02  2.224471e+01
   endloop
 endfacet
 facet normal  0.000000e+00  1.000000e+00  0.000000e+00
   outer loop
     vertex  0.000000e+00  1.367000e+02  4.000000e+01
     vertex  1.684579e+01  1.367000e+02  2.224471e+01
     vertex  1.678426e+01  1.367000e+02  2.223963e+01
   endloop
 endfacet
 facet normal  0.000000e+00  1.000000e+00  0.000000e+00
   outer loop
     vertex  0.000000e+00  1.367000e+02  4.000000e+01
     vertex  1.678426e+01  1.367000e+02  2.223963e+01
     vertex  1.672290e+01  1.367000e+02  2.223287e+01
   endloop
 endfacet
 facet normal  0.000000e+00  1.000000e+00  0.000000e+00
   outer loop
     vertex  0.000000e+00  1.367000e+02  4.000000e+01
     vertex  1.672290e+01  1.367000e+02  2.223287e+01
     vertex  1.666175e+01  1.367000e+02  2.222443e+01
   endloop
 endfacet
 facet normal  0.000000e+00  1.000000e+00  0.000000e+00
   outer loop
     vertex  0.000000e+00  1.367000e+02  4.000000e+01
     vertex  1.666175e+01  1.367000e+02  2.222443e+01
     vertex  1.660085e+01  1.367000e+02  2.221431e+01
   endloop
 endfacet
 facet normal  0.000000e+00  1.000000e+00  0.000000e+00
   outer loop
     vertex  0.000000e+00  1.367000e+02  4.000000e+01
     vertex  1.660085e+01  1.367000e+02  2.221431e+01
     vertex  1.654025e+01  1.367000e+02  2.220253e+01
   endloop
 endfacet
 facet normal  0.000000e+00  1.000000e+00  0.000000e+00
   outer loop
     vertex  0.000000e+00  1.367000e+02  4.000000e+01
     vertex  1.654025e+01  1.367000e+02  2.220253e+01
     vertex  1.648000e+01  1.367000e+02  2.218909e+01
   endloop
 endfacet
 facet normal  0.000000e+00  1.000000e+00  0.000000e+00
   outer loop
     vertex  0.000000e+00  1.367000e+02  4.000000e+01
     vertex  1.648000e+01  1.367000e+02  2.218909e+01
     vertex  1.642014e+01  1.367000e+02  2.217400e+01
   endloop
 endfacet
 facet normal  0.000000e+00  1.000000e+00  0.000000e+00
   outer loop
     vertex  0.000000e+00  1.367000e+02  4.000000e+01
     vertex  1.642014e+01  1.367000e+02  2.217400e+01
     vertex  1.636072e+01  1.367000e+02  2.215727e+01
   endloop
 endfacet
 facet normal  0.000000e+00  1.000000e+00  0.000000e+00
   outer loop
     vertex  0.000000e+00  1.367000e+02  4.000000e+01
     vertex  1.636072e+01  1.367000e+02  2.215727e+01
     vertex  1.630178e+01  1.367000e+02  2.213892e+01
   endloop
 endfacet
 facet normal  0.000000e+00  1.000000e+00  0.000000e+00
   outer loop
     vertex  0.000000e+00  1.367000e+02  4.000000e+01
     vertex  1.630178e+01  1.367000e+02  2.213892e+01
     vertex  1.624336e+01  1.367000e+02  2.211896e+01
   endloop
 endfacet
 facet normal  0.000000e+00  1.000000e+00  0.000000e+00
   outer loop
     vertex  0.000000e+00  1.367000e+02  4.000000e+01
     vertex  1.624336e+01  1.367000e+02  2.211896e+01
     vertex  1.618551e+01  1.367000e+02  2.209741e+01
   endloop
 endfacet
 facet normal  0.000000e+00  1.000000e+00  0.000000e+00
   outer loop
     vertex  0.000000e+00  1.367000e+02  4.000000e+01
     vertex  1.618551e+01  1.367000e+02  2.209741e+01
     vertex  1.612828e+01  1.367000e+02  2.207427e+01
   endloop
 endfacet
 facet normal  0.000000e+00  1.000000e+00  0.000000e+00
   outer loop
     vertex  0.000000e+00  1.367000e+02  4.000000e+01
     vertex  1.612828e+01  1.367000e+02  2.207427e+01
     vertex  1.607170e+01  1.367000e+02  2.204958e+01
   endloop
 endfacet
 facet normal  0.000000e+00  1.000000e+00  0.000000e+00
   outer loop
     vertex  0.000000e+00  1.367000e+02  4.000000e+01
     vertex  1.607170e+01  1.367000e+02  2.204958e+01
     vertex  1.601582e+01  1.367000e+02  2.202334e+01
   endloop
 endfacet
 facet normal  0.000000e+00  1.000000e+00  0.000000e+00
   outer loop
     vertex  0.000000e+00  1.367000e+02  4.000000e+01
     vertex  1.601582e+01  1.367000e+02  2.202334e+01
     vertex  1.596069e+01  1.367000e+02  2.199558e+01
   endloop
 endfacet
 facet normal  0.000000e+00  1.000000e+00  0.000000e+00
   outer loop
     vertex  0.000000e+00  1.367000e+02  4.000000e+01
     vertex  1.596069e+01  1.367000e+02  2.199558e+01
     vertex  1.590633e+01  1.367000e+02  2.196631e+01
   endloop
 endfacet
 facet normal  0.000000e+00  1.000000e+00  0.000000e+00
   outer loop
     vertex  0.000000e+00  1.367000e+02  4.000000e+01
     vertex  1.590633e+01  1.367000e+02  2.196631e+01
     vertex  1.585280e+01  1.367000e+02  2.193557e+01
   endloop
 endfacet
 facet normal  0.000000e+00  1.000000e+00  0.000000e+00
   outer loop
     vertex  0.000000e+00  1.367000e+02  4.000000e+01
     vertex  1.585280e+01  1.367000e+02  2.193557e+01
     vertex  1.580013e+01  1.367000e+02  2.190337e+01
   endloop
 endfacet
 facet normal  0.000000e+00  1.000000e+00  0.000000e+00
   outer loop
     vertex  0.000000e+00  1.367000e+02  4.000000e+01
     vertex  1.580013e+01  1.367000e+02  2.190337e+01
     vertex  1.574836e+01  1.367000e+02  2.186973e+01
   endloop
 endfacet
 facet normal  0.000000e+00  1.000000e+00  0.000000e+00
   outer loop
     vertex  0.000000e+00  1.367000e+02  4.000000e+01
     vertex  1.574836e+01  1.367000e+02  2.186973e+01
     vertex  1.569754e+01  1.367000e+02  2.183469e+01
   endloop
 endfacet
 facet normal  0.000000e+00  1.000000e+00  0.000000e+00
   outer loop
     vertex  0.000000e+00  1.367000e+02  4.000000e+01
     vertex  1.569754e+01  1.367000e+02  2.183469e+01
     vertex  1.564770e+01  1.367000e+02  2.179827e+01
   endloop
 endfacet
 facet normal  0.000000e+00  1.000000e+00  0.000000e+00
   outer loop
     vertex  0.000000e+00  1.367000e+02  4.000000e+01
     vertex  1.564770e+01  1.367000e+02  2.179827e+01
     vertex  1.559887e+01  1.367000e+02  2.176049e+01
   endloop
 endfacet
 facet normal  0.000000e+00  1.000000e+00  0.000000e+00
   outer loop
     vertex  0.000000e+00  1.367000e+02  4.000000e+01
     vertex  1.559887e+01  1.367000e+02  2.176049e+01
     vertex  1.555110e+01  1.367000e+02  2.172139e+01
   endloop
 endfacet
 facet normal  0.000000e+00  1.000000e+00  0.000000e+00
   outer loop
     vertex  0.000000e+00  1.367000e+02  4.000000e+01
     vertex  1.555110e+01  1.367000e+02  2.172139e+01
     vertex  1.550442e+01  1.367000e+02  2.168100e+01
   endloop
 endfacet
 facet normal  0.000000e+00  1.000000e+00  0.000000e+00
   outer loop
     vertex  0.000000e+00  1.367000e+02  4.000000e+01
     vertex  1.550442e+01  1.367000e+02  2.168100e+01
     vertex  1.545887e+01  1.367000e+02  2.163933e+01
   endloop
 endfacet
 facet normal  0.000000e+00  1.000000e+00  0.000000e+00
   outer loop
     vertex  0.000000e+00  1.367000e+02  4.000000e+01
     vertex  1.545887e+01  1.367000e+02  2.163933e+01
     vertex  1.541448e+01  1.367000e+02  2.159644e+01
   endloop
 endfacet
 facet normal  0.000000e+00  1.000000e+00  0.000000e+00
   outer loop
     vertex  0.000000e+00  1.367000e+02  4.000000e+01
     vertex  1.541448e+01  1.367000e+02  2.159644e+01
     vertex  1.537128e+01  1.367000e+02  2.155234e+01
   endloop
 endfacet
 facet normal  0.000000e+00  1.000000e+00  0.000000e+00
   outer loop
     vertex  0.000000e+00  1.367000e+02  4.000000e+01
     vertex  1.537128e+01  1.367000e+02  2.155234e+01
     vertex  1.532930e+01  1.367000e+02  2.150707e+01
   endloop
 endfacet
 facet normal  0.000000e+00  1.000000e+00  0.000000e+00
   outer loop
     vertex  0.000000e+00  1.367000e+02  4.000000e+01
     vertex  1.532930e+01  1.367000e+02  2.150707e+01
     vertex  1.528859e+01  1.367000e+02  2.146067e+01
   endloop
 endfacet
 facet normal  0.000000e+00  1.000000e+00  0.000000e+00
   outer loop
     vertex  0.000000e+00  1.367000e+02  4.000000e+01
     vertex  1.528859e+01  1.367000e+02  2.146067e+01
     vertex  1.524916e+01  1.367000e+02  2.141317e+01
   endloop
 endfacet
 facet normal  0.000000e+00  1.000000e+00  0.000000e+00
   outer loop
     vertex  0.000000e+00  1.367000e+02  4.000000e+01
     vertex  1.524916e+01  1.367000e+02  2.141317e+01
     vertex  1.521105e+01  1.367000e+02  2.136461e+01
   endloop
 endfacet
 facet normal  0.000000e+00  1.000000e+00  0.000000e+00
   outer loop
     vertex  0.000000e+00  1.367000e+02  4.000000e+01
     vertex  1.521105e+01  1.367000e+02  2.136461e+01
     vertex  1.517428e+01  1.367000e+02  2.131501e+01
   endloop
 endfacet
 facet normal  0.000000e+00  1.000000e+00  0.000000e+00
   outer loop
     vertex  0.000000e+00  1.367000e+02  4.000000e+01
     vertex  1.517428e+01  1.367000e+02  2.131501e+01
     vertex  1.513890e+01  1.367000e+02  2.126443e+01
   endloop
 endfacet
 facet normal  0.000000e+00  1.000000e+00  0.000000e+00
   outer loop
     vertex  0.000000e+00  1.367000e+02  4.000000e+01
     vertex  1.513890e+01  1.367000e+02  2.126443e+01
     vertex  1.510491e+01  1.367000e+02  2.121290e+01
   endloop
 endfacet
 facet normal  0.000000e+00  1.000000e+00  0.000000e+00
   outer loop
     vertex  0.000000e+00  1.367000e+02  4.000000e+01
     vertex  1.510491e+01  1.367000e+02  2.121290e+01
     vertex  1.507235e+01  1.367000e+02  2.116045e+01
   endloop
 endfacet
 facet normal  0.000000e+00  1.000000e+00  0.000000e+00
   outer loop
     vertex  0.000000e+00  1.367000e+02  4.000000e+01
     vertex  1.507235e+01  1.367000e+02  2.116045e+01
     vertex  1.504124e+01  1.367000e+02  2.110713e+01
   endloop
 endfacet
 facet normal  0.000000e+00  1.000000e+00  0.000000e+00
   outer loop
     vertex  0.000000e+00  1.367000e+02  4.000000e+01
     vertex  1.504124e+01  1.367000e+02  2.110713e+01
     vertex  1.501160e+01  1.367000e+02  2.105298e+01
   endloop
 endfacet
 facet normal  0.000000e+00  1.000000e+00  0.000000e+00
   outer loop
     vertex  0.000000e+00  1.367000e+02  4.000000e+01
     vertex  1.501160e+01  1.367000e+02  2.105298e+01
     vertex  1.498346e+01  1.367000e+02  2.099803e+01
   endloop
 endfacet
 facet normal  0.000000e+00  1.000000e+00  0.000000e+00
   outer loop
     vertex  0.000000e+00  1.367000e+02  4.000000e+01
     vertex  1.498346e+01  1.367000e+02  2.099803e+01
     vertex  1.495684e+01  1.367000e+02  2.094233e+01
   endloop
 endfacet
 facet normal  0.000000e+00  1.000000e+00  0.000000e+00
   outer loop
     vertex  0.000000e+00  1.367000e+02  4.000000e+01
     vertex  1.495684e+01  1.367000e+02  2.094233e+01
     vertex  1.493176e+01  1.367000e+02  2.088593e+01
   endloop
 endfacet
 facet normal  0.000000e+00  1.000000e+00  0.000000e+00
   outer loop
     vertex  0.000000e+00  1.367000e+02  4.000000e+01
     vertex  1.493176e+01  1.367000e+02  2.088593e+01
     vertex  1.490823e+01  1.367000e+02  2.082885e+01
   endloop
 endfacet
 facet normal  0.000000e+00  1.000000e+00  0.000000e+00
   outer loop
     vertex  0.000000e+00  1.367000e+02  4.000000e+01
     vertex  1.490823e+01  1.367000e+02  2.082885e+01
     vertex  1.488628e+01  1.367000e+02  2.077116e+01
   endloop
 endfacet
 facet normal  0.000000e+00  1.000000e+00  0.000000e+00
   outer loop
     vertex  0.000000e+00  1.367000e+02  4.000000e+01
     vertex  1.488628e+01  1.367000e+02  2.077116e+01
     vertex  1.486592e+01  1.367000e+02  2.071288e+01
   endloop
 endfacet
 facet normal  0.000000e+00  1.000000e+00  0.000000e+00
   outer loop
     vertex  0.000000e+00  1.367000e+02  4.000000e+01
     vertex  1.486592e+01  1.367000e+02  2.071288e+01
     vertex  1.484716e+01  1.367000e+02  2.065406e+01
   endloop
 endfacet
 facet normal  0.000000e+00  1.000000e+00  0.000000e+00
   outer loop
     vertex  0.000000e+00  1.367000e+02  4.000000e+01
     vertex  1.484716e+01  1.367000e+02  2.065406e+01
     vertex  1.483003e+01  1.367000e+02  2.059476e+01
   endloop
 endfacet
 facet normal  0.000000e+00  1.000000e+00  0.000000e+00
   outer loop
     vertex  0.000000e+00  1.367000e+02  4.000000e+01
     vertex  1.483003e+01  1.367000e+02  2.059476e+01
     vertex  1.481453e+01  1.367000e+02  2.053500e+01
   endloop
 endfacet
 facet normal  0.000000e+00  1.000000e+00  0.000000e+00
   outer loop
     vertex  0.000000e+00  1.367000e+02  4.000000e+01
     vertex  1.481453e+01  1.367000e+02  2.053500e+01
     vertex  1.480068e+01  1.367000e+02  2.047484e+01
   endloop
 endfacet
 facet normal  0.000000e+00  1.000000e+00  0.000000e+00
   outer loop
     vertex  0.000000e+00  1.367000e+02  4.000000e+01
     vertex  1.480068e+01  1.367000e+02  2.047484e+01
     vertex  1.478848e+01  1.367000e+02  2.041433e+01
   endloop
 endfacet
 facet normal  0.000000e+00  1.000000e+00  0.000000e+00
   outer loop
     vertex  0.000000e+00  1.367000e+02  4.000000e+01
     vertex  1.478848e+01  1.367000e+02  2.041433e+01
     vertex  1.477794e+01  1.367000e+02  2.035350e+01
   endloop
 endfacet
 facet normal  0.000000e+00  1.000000e+00  0.000000e+00
   outer loop
     vertex  0.000000e+00  1.367000e+02  4.000000e+01
     vertex  1.477794e+01  1.367000e+02  2.035350e+01
     vertex  1.476908e+01  1.367000e+02  2.029241e+01
   endloop
 endfacet
 facet normal  0.000000e+00  1.000000e+00  0.000000e+00
   outer loop
     vertex  0.000000e+00  1.367000e+02  4.000000e+01
     vertex  1.476908e+01  1.367000e+02  2.029241e+01
     vertex  1.476190e+01  1.367000e+02  2.023110e+01
   endloop
 endfacet
 facet normal  0.000000e+00  1.000000e+00  0.000000e+00
   outer loop
     vertex  0.000000e+00  1.367000e+02  4.000000e+01
     vertex  1.476190e+01  1.367000e+02  2.023110e+01
     vertex  1.475640e+01  1.367000e+02  2.016961e+01
   endloop
 endfacet
 facet normal  0.000000e+00  1.000000e+00  0.000000e+00
   outer loop
     vertex  0.000000e+00  1.367000e+02  4.000000e+01
     vertex  1.475640e+01  1.367000e+02  2.016961e+01
     vertex  1.475259e+01  1.367000e+02  2.010799e+01
   endloop
 endfacet
 facet normal  0.000000e+00  1.000000e+00  0.000000e+00
   outer loop
     vertex  0.000000e+00  1.367000e+02  4.000000e+01
     vertex  1.475259e+01  1.367000e+02  2.010799e+01
     vertex  1.475048e+01  1.367000e+02  2.004630e+01
   endloop
 endfacet
 facet normal  0.000000e+00  1.000000e+00  0.000000e+00
   outer loop
     vertex  0.000000e+00  1.367000e+02  4.000000e+01
     vertex  1.475048e+01  1.367000e+02  2.004630e+01
     vertex  1.475005e+01  1.367000e+02  1.998457e+01
   endloop
 endfacet
 facet normal  0.000000e+00  1.000000e+00  0.000000e+00
   outer loop
     vertex  0.000000e+00  1.367000e+02  4.000000e+01
     vertex  1.475005e+01  1.367000e+02  1.998457e+01
     vertex  0.000000e+00  1.367000e+02  0.000000e+00
   endloop
 endfacet
 facet normal  0.000000e+00  1.000000e+00  0.000000e+00
   outer loop
     vertex  1.798418e+01  1.367000e+02  2.202334e+01
     vertex  1.792830e+01  1.367000e+02  2.204958e+01
     vertex  0.000000e+00  1.367000e+02  4.000000e+01
   endloop
 endfacet
 facet normal  0.000000e+00  1.000000e+00  0.000000e+00
   outer loop
     vertex  1.803931e+01  1.367000e+02  2.199558e+01
     vertex  1.798418e+01  1.367000e+02  2.202334e+01
     vertex  0.000000e+00  1.367000e+02  4.000000e+01
   endloop
 endfacet
 facet normal  0.000000e+00  1.000000e+00  0.000000e+00
   outer loop
     vertex  5.839272e+01  1.367000e+02  1.842546e+01
     vertex  1.856347e+01  1.367000e+02  1.838196e+01
     vertex  1.860728e+01  1.367000e+02  1.842546e+01
   endloop
 endfacet
 facet normal  0.000000e+00  1.000000e+00  0.000000e+00
   outer loop
     vertex  5.843653e+01  1.367000e+02  1.838196e+01
     vertex  1.856347e+01  1.367000e+02  1.838196e+01
     vertex  5.839272e+01  1.367000e+02  1.842546e+01
   endloop
 endfacet
 facet normal  0.000000e+00  1.000000e+00  0.000000e+00
   outer loop
     vertex  5.835013e+01  1.367000e+02  1.847015e+01
     vertex  5.839272e+01  1.367000e+02  1.842546e+01
     vertex  1.860728e+01  1.367000e+02  1.842546e+01
   endloop
 endfacet
 facet normal  0.000000e+00  1.000000e+00  0.000000e+00
   outer loop
     vertex  5.835013e+01  1.367000e+02  1.847015e+01
     vertex  1.860728e+01  1.367000e+02  1.842546e+01
     vertex  1.864987e+01  1.367000e+02  1.847015e+01
   endloop
 endfacet
 facet normal  0.000000e+00  1.000000e+00  0.000000e+00
   outer loop
     vertex  5.848150e+01  1.367000e+02  1.833968e+01
     vertex  1.856347e+01  1.367000e+02  1.838196e+01
     vertex  5.843653e+01  1.367000e+02  1.838196e+01
   endloop
 endfacet
 facet normal  0.000000e+00  1.000000e+00  0.000000e+00
   outer loop
     vertex  5.848150e+01  1.367000e+02  1.833968e+01
     vertex  1.847238e+01  1.367000e+02  1.829864e+01
     vertex  1.851850e+01  1.367000e+02  1.833968e+01
   endloop
 endfacet
 facet normal  0.000000e+00  1.000000e+00  0.000000e+00
   outer loop
     vertex  5.848150e+01  1.367000e+02  1.833968e+01
     vertex  1.851850e+01  1.367000e+02  1.833968e+01
     vertex  1.856347e+01  1.367000e+02  1.838196e+01
   endloop
 endfacet
 facet normal  0.000000e+00  1.000000e+00  0.000000e+00
   outer loop
     vertex  5.830878e+01  1.367000e+02  1.851599e+01
     vertex  1.864987e+01  1.367000e+02  1.847015e+01
     vertex  1.869122e+01  1.367000e+02  1.851599e+01
   endloop
 endfacet
 facet normal  0.000000e+00  1.000000e+00  0.000000e+00
   outer loop
     vertex  5.830878e+01  1.367000e+02  1.851599e+01
     vertex  5.835013e+01  1.367000e+02  1.847015e+01
     vertex  1.864987e+01  1.367000e+02  1.847015e+01
   endloop
 endfacet
 facet normal  0.000000e+00  1.000000e+00  0.000000e+00
   outer loop
     vertex  5.852762e+01  1.367000e+02  1.829864e+01
     vertex  1.847238e+01  1.367000e+02  1.829864e+01
     vertex  5.848150e+01  1.367000e+02  1.833968e+01
   endloop
 endfacet
 facet normal  0.000000e+00  1.000000e+00  0.000000e+00
   outer loop
     vertex  5.826871e+01  1.367000e+02  1.856294e+01
     vertex  1.869122e+01  1.367000e+02  1.851599e+01
     vertex  1.873129e+01  1.367000e+02  1.856294e+01
   endloop
 endfacet
 facet normal  0.000000e+00  1.000000e+00  0.000000e+00
   outer loop
     vertex  5.826871e+01  1.367000e+02  1.856294e+01
     vertex  5.830878e+01  1.367000e+02  1.851599e+01
     vertex  1.869122e+01  1.367000e+02  1.851599e+01
   endloop
 endfacet
 facet normal  0.000000e+00  1.000000e+00  0.000000e+00
   outer loop
     vertex  5.857485e+01  1.367000e+02  1.825889e+01
     vertex  1.847238e+01  1.367000e+02  1.829864e+01
     vertex  5.852762e+01  1.367000e+02  1.829864e+01
   endloop
 endfacet
 facet normal  0.000000e+00  1.000000e+00  0.000000e+00
   outer loop
     vertex  5.857485e+01  1.367000e+02  1.825889e+01
     vertex  1.842515e+01  1.367000e+02  1.825889e+01
     vertex  1.847238e+01  1.367000e+02  1.829864e+01
   endloop
 endfacet
 facet normal  0.000000e+00  1.000000e+00  0.000000e+00
   outer loop
     vertex  5.822994e+01  1.367000e+02  1.861098e+01
     vertex  1.873129e+01  1.367000e+02  1.856294e+01
     vertex  1.877006e+01  1.367000e+02  1.861098e+01
   endloop
 endfacet
 facet normal  0.000000e+00  1.000000e+00  0.000000e+00
   outer loop
     vertex  5.822994e+01  1.367000e+02  1.861098e+01
     vertex  1.877006e+01  1.367000e+02  1.861098e+01
     vertex  1.880750e+01  1.367000e+02  1.866006e+01
   endloop
 endfacet
 facet normal  0.000000e+00  1.000000e+00  0.000000e+00
   outer loop
     vertex  5.822994e+01  1.367000e+02  1.861098e+01
     vertex  5.826871e+01  1.367000e+02  1.856294e+01
     vertex  1.873129e+01  1.367000e+02  1.856294e+01
   endloop
 endfacet
 facet normal  0.000000e+00  1.000000e+00  0.000000e+00
   outer loop
     vertex  5.862316e+01  1.367000e+02  1.822045e+01
     vertex  1.837684e+01  1.367000e+02  1.822045e+01
     vertex  1.842515e+01  1.367000e+02  1.825889e+01
   endloop
 endfacet
 facet normal  0.000000e+00  1.000000e+00  0.000000e+00
   outer loop
     vertex  5.862316e+01  1.367000e+02  1.822045e+01
     vertex  1.842515e+01  1.367000e+02  1.825889e+01
     vertex  5.857485e+01  1.367000e+02  1.825889e+01
   endloop
 endfacet
 facet normal  0.000000e+00  1.000000e+00  0.000000e+00
   outer loop
     vertex  5.819250e+01  1.367000e+02  1.866006e+01
     vertex  5.822994e+01  1.367000e+02  1.861098e+01
     vertex  1.880750e+01  1.367000e+02  1.866006e+01
   endloop
 endfacet
 facet normal  0.000000e+00  1.000000e+00  0.000000e+00
   outer loop
     vertex  5.867249e+01  1.367000e+02  1.818335e+01
     vertex  1.837684e+01  1.367000e+02  1.822045e+01
     vertex  5.862316e+01  1.367000e+02  1.822045e+01
   endloop
 endfacet
 facet normal  0.000000e+00  1.000000e+00  0.000000e+00
   outer loop
     vertex  5.867249e+01  1.367000e+02  1.818335e+01
     vertex  1.832751e+01  1.367000e+02  1.818335e+01
     vertex  1.837684e+01  1.367000e+02  1.822045e+01
   endloop
 endfacet
 facet normal  0.000000e+00  1.000000e+00  0.000000e+00
   outer loop
     vertex  5.815642e+01  1.367000e+02  1.871016e+01
     vertex  1.880750e+01  1.367000e+02  1.866006e+01
     vertex  1.884358e+01  1.367000e+02  1.871016e+01
   endloop
 endfacet
 facet normal  0.000000e+00  1.000000e+00  0.000000e+00
   outer loop
     vertex  5.815642e+01  1.367000e+02  1.871016e+01
     vertex  5.819250e+01  1.367000e+02  1.866006e+01
     vertex  1.880750e+01  1.367000e+02  1.866006e+01
   endloop
 endfacet
 facet normal  0.000000e+00  1.000000e+00  0.000000e+00
   outer loop
     vertex  5.872283e+01  1.367000e+02  1.814761e+01
     vertex  1.827717e+01  1.367000e+02  1.814761e+01
     vertex  1.832751e+01  1.367000e+02  1.818335e+01
   endloop
 endfacet
 facet normal  0.000000e+00  1.000000e+00  0.000000e+00
   outer loop
     vertex  5.872283e+01  1.367000e+02  1.814761e+01
     vertex  1.832751e+01  1.367000e+02  1.818335e+01
     vertex  5.867249e+01  1.367000e+02  1.818335e+01
   endloop
 endfacet
 facet normal  0.000000e+00  1.000000e+00  0.000000e+00
   outer loop
     vertex  5.812172e+01  1.367000e+02  1.876122e+01
     vertex  1.884358e+01  1.367000e+02  1.871016e+01
     vertex  1.887828e+01  1.367000e+02  1.876122e+01
   endloop
 endfacet
 facet normal  0.000000e+00  1.000000e+00  0.000000e+00
   outer loop
     vertex  5.812172e+01  1.367000e+02  1.876122e+01
     vertex  5.815642e+01  1.367000e+02  1.871016e+01
     vertex  1.884358e+01  1.367000e+02  1.871016e+01
   endloop
 endfacet
 facet normal  0.000000e+00  1.000000e+00  0.000000e+00
   outer loop
     vertex  5.877413e+01  1.367000e+02  1.811327e+01
     vertex  1.817365e+01  1.367000e+02  1.808035e+01
     vertex  1.822587e+01  1.367000e+02  1.811327e+01
   endloop
 endfacet
 facet normal  0.000000e+00  1.000000e+00  0.000000e+00
   outer loop
     vertex  5.877413e+01  1.367000e+02  1.811327e+01
     vertex  1.822587e+01  1.367000e+02  1.811327e+01
     vertex  1.827717e+01  1.367000e+02  1.814761e+01
   endloop
 endfacet
 facet normal  0.000000e+00  1.000000e+00  0.000000e+00
   outer loop
     vertex  5.877413e+01  1.367000e+02  1.811327e+01
     vertex  1.827717e+01  1.367000e+02  1.814761e+01
     vertex  5.872283e+01  1.367000e+02  1.814761e+01
   endloop
 endfacet
 facet normal  0.000000e+00  1.000000e+00  0.000000e+00
   outer loop
     vertex  5.808845e+01  1.367000e+02  1.881321e+01
     vertex  5.812172e+01  1.367000e+02  1.876122e+01
     vertex  1.887828e+01  1.367000e+02  1.876122e+01
   endloop
 endfacet
 facet normal  0.000000e+00  1.000000e+00  0.000000e+00
   outer loop
     vertex  5.808845e+01  1.367000e+02  1.881321e+01
     vertex  1.887828e+01  1.367000e+02  1.876122e+01
     vertex  1.891155e+01  1.367000e+02  1.881321e+01
   endloop
 endfacet
 facet normal  0.000000e+00  1.000000e+00  0.000000e+00
   outer loop
     vertex  5.882635e+01  1.367000e+02  1.808035e+01
     vertex  1.812054e+01  1.367000e+02  1.804888e+01
     vertex  1.817365e+01  1.367000e+02  1.808035e+01
   endloop
 endfacet
 facet normal  0.000000e+00  1.000000e+00  0.000000e+00
   outer loop
     vertex  5.882635e+01  1.367000e+02  1.808035e+01
     vertex  1.817365e+01  1.367000e+02  1.808035e+01
     vertex  5.877413e+01  1.367000e+02  1.811327e+01
   endloop
 endfacet
 facet normal  0.000000e+00  1.000000e+00  0.000000e+00
   outer loop
     vertex  5.805661e+01  1.367000e+02  1.886610e+01
     vertex  1.891155e+01  1.367000e+02  1.881321e+01
     vertex  1.894339e+01  1.367000e+02  1.886610e+01
   endloop
 endfacet
 facet normal  0.000000e+00  1.000000e+00  0.000000e+00
   outer loop
     vertex  5.805661e+01  1.367000e+02  1.886610e+01
     vertex  5.808845e+01  1.367000e+02  1.881321e+01
     vertex  1.891155e+01  1.367000e+02  1.881321e+01
   endloop
 endfacet
 facet normal  0.000000e+00  1.000000e+00  0.000000e+00
   outer loop
     vertex  5.887946e+01  1.367000e+02  1.804888e+01
     vertex  1.812054e+01  1.367000e+02  1.804888e+01
     vertex  5.882635e+01  1.367000e+02  1.808035e+01
   endloop
 endfacet
 facet normal  0.000000e+00  1.000000e+00  0.000000e+00
   outer loop
     vertex  5.802623e+01  1.367000e+02  1.891984e+01
     vertex  1.894339e+01  1.367000e+02  1.886610e+01
     vertex  1.897377e+01  1.367000e+02  1.891984e+01
   endloop
 endfacet
 facet normal  0.000000e+00  1.000000e+00  0.000000e+00
   outer loop
     vertex  5.802623e+01  1.367000e+02  1.891984e+01
     vertex  5.805661e+01  1.367000e+02  1.886610e+01
     vertex  1.894339e+01  1.367000e+02  1.886610e+01
   endloop
 endfacet
 facet normal  0.000000e+00  1.000000e+00  0.000000e+00
   outer loop
     vertex  5.893341e+01  1.367000e+02  1.801887e+01
     vertex  1.806659e+01  1.367000e+02  1.801887e+01
     vertex  1.812054e+01  1.367000e+02  1.804888e+01
   endloop
 endfacet
 facet normal  0.000000e+00  1.000000e+00  0.000000e+00
   outer loop
     vertex  5.893341e+01  1.367000e+02  1.801887e+01
     vertex  0.000000e+00  1.367000e+02  0.000000e+00
     vertex  1.806659e+01  1.367000e+02  1.801887e+01
   endloop
 endfacet
 facet normal  0.000000e+00  1.000000e+00  0.000000e+00
   outer loop
     vertex  5.893341e+01  1.367000e+02  1.801887e+01
     vertex  1.812054e+01  1.367000e+02  1.804888e+01
     vertex  5.887946e+01  1.367000e+02  1.804888e+01
   endloop
 endfacet
 facet normal  0.000000e+00  1.000000e+00  0.000000e+00
   outer loop
     vertex  5.799734e+01  1.367000e+02  1.897440e+01
     vertex  1.897377e+01  1.367000e+02  1.891984e+01
     vertex  1.900266e+01  1.367000e+02  1.897440e+01
   endloop
 endfacet
 facet normal  0.000000e+00  1.000000e+00  0.000000e+00
   outer loop
     vertex  5.799734e+01  1.367000e+02  1.897440e+01
     vertex  5.802623e+01  1.367000e+02  1.891984e+01
     vertex  1.897377e+01  1.367000e+02  1.891984e+01
   endloop
 endfacet
 facet normal  0.000000e+00  1.000000e+00  0.000000e+00
   outer loop
     vertex  5.898816e+01  1.367000e+02  1.799035e+01
     vertex  0.000000e+00  1.367000e+02  0.000000e+00
     vertex  5.893341e+01  1.367000e+02  1.801887e+01
   endloop
 endfacet
 facet normal  0.000000e+00  1.000000e+00  0.000000e+00
   outer loop
     vertex  5.796996e+01  1.367000e+02  1.902973e+01
     vertex  1.900266e+01  1.367000e+02  1.897440e+01
     vertex  1.903004e+01  1.367000e+02  1.902973e+01
   endloop
 endfacet
 facet normal  0.000000e+00  1.000000e+00  0.000000e+00
   outer loop
     vertex  5.796996e+01  1.367000e+02  1.902973e+01
     vertex  5.799734e+01  1.367000e+02  1.897440e+01
     vertex  1.900266e+01  1.367000e+02  1.897440e+01
   endloop
 endfacet
 facet normal  0.000000e+00  1.000000e+00  0.000000e+00
   outer loop
     vertex  5.904367e+01  1.367000e+02  1.796335e+01
     vertex  0.000000e+00  1.367000e+02  0.000000e+00
     vertex  5.898816e+01  1.367000e+02  1.799035e+01
   endloop
 endfacet
 facet normal  0.000000e+00  1.000000e+00  0.000000e+00
   outer loop
     vertex  5.794410e+01  1.367000e+02  1.908578e+01
     vertex  5.796996e+01  1.367000e+02  1.902973e+01
     vertex  1.903004e+01  1.367000e+02  1.902973e+01
   endloop
 endfacet
 facet normal  0.000000e+00  1.000000e+00  0.000000e+00
   outer loop
     vertex  5.794410e+01  1.367000e+02  1.908578e+01
     vertex  1.903004e+01  1.367000e+02  1.902973e+01
     vertex  1.905590e+01  1.367000e+02  1.908578e+01
   endloop
 endfacet
 facet normal  0.000000e+00  1.000000e+00  0.000000e+00
   outer loop
     vertex  5.794410e+01  1.367000e+02  1.908578e+01
     vertex  1.905590e+01  1.367000e+02  1.908578e+01
     vertex  1.908020e+01  1.367000e+02  1.914253e+01
   endloop
 endfacet
 facet normal  0.000000e+00  1.000000e+00  0.000000e+00
   outer loop
     vertex  5.909991e+01  1.367000e+02  1.793788e+01
     vertex  0.000000e+00  1.367000e+02  0.000000e+00
     vertex  5.904367e+01  1.367000e+02  1.796335e+01
   endloop
 endfacet
 facet normal  0.000000e+00  1.000000e+00  0.000000e+00
   outer loop
     vertex  5.791980e+01  1.367000e+02  1.914253e+01
     vertex  5.794410e+01  1.367000e+02  1.908578e+01
     vertex  1.908020e+01  1.367000e+02  1.914253e+01
   endloop
 endfacet
 facet normal  0.000000e+00  1.000000e+00  0.000000e+00
   outer loop
     vertex  5.915682e+01  1.367000e+02  1.791396e+01
     vertex  0.000000e+00  1.367000e+02  0.000000e+00
     vertex  5.909991e+01  1.367000e+02  1.793788e+01
   endloop
 endfacet
 facet normal  0.000000e+00  1.000000e+00  0.000000e+00
   outer loop
     vertex  5.789706e+01  1.367000e+02  1.919992e+01
     vertex  5.791980e+01  1.367000e+02  1.914253e+01
     vertex  1.908020e+01  1.367000e+02  1.914253e+01
   endloop
 endfacet
 facet normal  0.000000e+00  1.000000e+00  0.000000e+00
   outer loop
     vertex  5.789706e+01  1.367000e+02  1.919992e+01
     vertex  1.908020e+01  1.367000e+02  1.914253e+01
     vertex  1.910294e+01  1.367000e+02  1.919992e+01
   endloop
 endfacet
 facet normal  0.000000e+00  1.000000e+00  0.000000e+00
   outer loop
     vertex  5.921436e+01  1.367000e+02  1.789162e+01
     vertex  0.000000e+00  1.367000e+02  0.000000e+00
     vertex  5.915682e+01  1.367000e+02  1.791396e+01
   endloop
 endfacet
 facet normal  0.000000e+00  1.000000e+00  0.000000e+00
   outer loop
     vertex  5.787590e+01  1.367000e+02  1.925791e+01
     vertex  1.910294e+01  1.367000e+02  1.919992e+01
     vertex  1.912410e+01  1.367000e+02  1.925791e+01
   endloop
 endfacet
 facet normal  0.000000e+00  1.000000e+00  0.000000e+00
   outer loop
     vertex  5.787590e+01  1.367000e+02  1.925791e+01
     vertex  1.912410e+01  1.367000e+02  1.925791e+01
     vertex  1.914366e+01  1.367000e+02  1.931646e+01
   endloop
 endfacet
 facet normal  0.000000e+00  1.000000e+00  0.000000e+00
   outer loop
     vertex  5.787590e+01  1.367000e+02  1.925791e+01
     vertex  5.789706e+01  1.367000e+02  1.919992e+01
     vertex  1.910294e+01  1.367000e+02  1.919992e+01
   endloop
 endfacet
 facet normal  0.000000e+00  1.000000e+00  0.000000e+00
   outer loop
     vertex  5.927250e+01  1.367000e+02  1.787086e+01
     vertex  0.000000e+00  1.367000e+02  0.000000e+00
     vertex  5.921436e+01  1.367000e+02  1.789162e+01
   endloop
 endfacet
 facet normal  0.000000e+00  1.000000e+00  0.000000e+00
   outer loop
     vertex  5.785634e+01  1.367000e+02  1.931646e+01
     vertex  5.787590e+01  1.367000e+02  1.925791e+01
     vertex  1.914366e+01  1.367000e+02  1.931646e+01
   endloop
 endfacet
 facet normal  0.000000e+00  1.000000e+00  0.000000e+00
   outer loop
     vertex  5.933118e+01  1.367000e+02  1.785170e+01
     vertex  0.000000e+00  1.367000e+02  0.000000e+00
     vertex  5.927250e+01  1.367000e+02  1.787086e+01
   endloop
 endfacet
 facet normal  0.000000e+00  1.000000e+00  0.000000e+00
   outer loop
     vertex  5.783839e+01  1.367000e+02  1.937553e+01
     vertex  5.785634e+01  1.367000e+02  1.931646e+01
     vertex  1.914366e+01  1.367000e+02  1.931646e+01
   endloop
 endfacet
 facet normal  0.000000e+00  1.000000e+00  0.000000e+00
   outer loop
     vertex  5.783839e+01  1.367000e+02  1.937553e+01
     vertex  1.914366e+01  1.367000e+02  1.931646e+01
     vertex  1.916161e+01  1.367000e+02  1.937553e+01
   endloop
 endfacet
 facet normal  0.000000e+00  1.000000e+00  0.000000e+00
   outer loop
     vertex  5.783839e+01  1.367000e+02  1.937553e+01
     vertex  1.916161e+01  1.367000e+02  1.937553e+01
     vertex  1.917792e+01  1.367000e+02  1.943507e+01
   endloop
 endfacet
 facet normal  0.000000e+00  1.000000e+00  0.000000e+00
   outer loop
     vertex  5.939037e+01  1.367000e+02  1.783416e+01
     vertex  0.000000e+00  1.367000e+02  0.000000e+00
     vertex  5.933118e+01  1.367000e+02  1.785170e+01
   endloop
 endfacet
 facet normal  0.000000e+00  1.000000e+00  0.000000e+00
   outer loop
     vertex  5.782208e+01  1.367000e+02  1.943507e+01
     vertex  1.917792e+01  1.367000e+02  1.943507e+01
     vertex  1.919260e+01  1.367000e+02  1.949503e+01
   endloop
 endfacet
 facet normal  0.000000e+00  1.000000e+00  0.000000e+00
   outer loop
     vertex  5.782208e+01  1.367000e+02  1.943507e+01
     vertex  5.783839e+01  1.367000e+02  1.937553e+01
     vertex  1.917792e+01  1.367000e+02  1.943507e+01
   endloop
 endfacet
 facet normal  0.000000e+00  1.000000e+00  0.000000e+00
   outer loop
     vertex  5.945002e+01  1.367000e+02  1.781825e+01
     vertex  0.000000e+00  1.367000e+02  0.000000e+00
     vertex  5.939037e+01  1.367000e+02  1.783416e+01
   endloop
 endfacet
 facet normal  0.000000e+00  1.000000e+00  0.000000e+00
   outer loop
     vertex  5.780740e+01  1.367000e+02  1.949503e+01
     vertex  5.782208e+01  1.367000e+02  1.943507e+01
     vertex  1.919260e+01  1.367000e+02  1.949503e+01
   endloop
 endfacet
 facet normal  0.000000e+00  1.000000e+00  0.000000e+00
   outer loop
     vertex  5.951008e+01  1.367000e+02  1.780399e+01
     vertex  0.000000e+00  1.367000e+02  0.000000e+00
     vertex  5.945002e+01  1.367000e+02  1.781825e+01
   endloop
 endfacet
 facet normal  0.000000e+00  1.000000e+00  0.000000e+00
   outer loop
     vertex  5.779437e+01  1.367000e+02  1.955537e+01
     vertex  5.780740e+01  1.367000e+02  1.949503e+01
     vertex  1.919260e+01  1.367000e+02  1.949503e+01
   endloop
 endfacet
 facet normal  0.000000e+00  1.000000e+00  0.000000e+00
   outer loop
     vertex  5.779437e+01  1.367000e+02  1.955537e+01
     vertex  1.919260e+01  1.367000e+02  1.949503e+01
     vertex  1.920563e+01  1.367000e+02  1.955537e+01
   endloop
 endfacet
 facet normal  0.000000e+00  1.000000e+00  0.000000e+00
   outer loop
     vertex  5.957051e+01  1.367000e+02  1.779137e+01
     vertex  0.000000e+00  1.367000e+02  0.000000e+00
     vertex  5.951008e+01  1.367000e+02  1.780399e+01
   endloop
 endfacet
 facet normal  0.000000e+00  1.000000e+00  0.000000e+00
   outer loop
     vertex  5.778300e+01  1.367000e+02  1.961605e+01
     vertex  5.779437e+01  1.367000e+02  1.955537e+01
     vertex  1.920563e+01  1.367000e+02  1.955537e+01
   endloop
 endfacet
 facet normal  0.000000e+00  1.000000e+00  0.000000e+00
   outer loop
     vertex  5.778300e+01  1.367000e+02  1.961605e+01
     vertex  1.920563e+01  1.367000e+02  1.955537e+01
     vertex  1.921700e+01  1.367000e+02  1.961605e+01
   endloop
 endfacet
 facet normal  0.000000e+00  1.000000e+00  0.000000e+00
   outer loop
     vertex  5.963126e+01  1.367000e+02  1.778042e+01
     vertex  0.000000e+00  1.367000e+02  0.000000e+00
     vertex  5.957051e+01  1.367000e+02  1.779137e+01
   endloop
 endfacet
 facet normal  0.000000e+00  1.000000e+00  0.000000e+00
   outer loop
     vertex  5.777330e+01  1.367000e+02  1.967701e+01
     vertex  5.778300e+01  1.367000e+02  1.961605e+01
     vertex  1.921700e+01  1.367000e+02  1.961605e+01
   endloop
 endfacet
 facet normal  0.000000e+00  1.000000e+00  0.000000e+00
   outer loop
     vertex  5.777330e+01  1.367000e+02  1.967701e+01
     vertex  1.921700e+01  1.367000e+02  1.961605e+01
     vertex  1.922670e+01  1.367000e+02  1.967701e+01
   endloop
 endfacet
 facet normal  0.000000e+00  1.000000e+00  0.000000e+00
   outer loop
     vertex  5.969230e+01  1.367000e+02  1.777114e+01
     vertex  0.000000e+00  1.367000e+02  0.000000e+00
     vertex  5.963126e+01  1.367000e+02  1.778042e+01
   endloop
 endfacet
 facet normal  0.000000e+00  1.000000e+00  0.000000e+00
   outer loop
     vertex  5.776528e+01  1.367000e+02  1.973822e+01
     vertex  5.777330e+01  1.367000e+02  1.967701e+01
     vertex  1.922670e+01  1.367000e+02  1.967701e+01
   endloop
 endfacet
 facet normal  0.000000e+00  1.000000e+00  0.000000e+00
   outer loop
     vertex  5.776528e+01  1.367000e+02  1.973822e+01
     vertex  1.922670e+01  1.367000e+02  1.967701e+01
     vertex  1.923472e+01  1.367000e+02  1.973822e+01
   endloop
 endfacet
 facet normal  0.000000e+00  1.000000e+00  0.000000e+00
   outer loop
     vertex  5.975356e+01  1.367000e+02  1.776354e+01
     vertex  0.000000e+00  1.367000e+02  0.000000e+00
     vertex  5.969230e+01  1.367000e+02  1.777114e+01
   endloop
 endfacet
 facet normal  0.000000e+00  1.000000e+00  0.000000e+00
   outer loop
     vertex  5.775894e+01  1.367000e+02  1.979963e+01
     vertex  5.776528e+01  1.367000e+02  1.973822e+01
     vertex  1.923472e+01  1.367000e+02  1.973822e+01
   endloop
 endfacet
 facet normal  0.000000e+00  1.000000e+00  0.000000e+00
   outer loop
     vertex  5.775894e+01  1.367000e+02  1.979963e+01
     vertex  1.923472e+01  1.367000e+02  1.973822e+01
     vertex  1.924106e+01  1.367000e+02  1.979963e+01
   endloop
 endfacet
 facet normal  0.000000e+00  1.000000e+00  0.000000e+00
   outer loop
     vertex  5.981501e+01  1.367000e+02  1.775762e+01
     vertex  0.000000e+00  1.367000e+02  0.000000e+00
     vertex  5.975356e+01  1.367000e+02  1.776354e+01
   endloop
 endfacet
 facet normal  0.000000e+00  1.000000e+00  0.000000e+00
   outer loop
     vertex  5.775429e+01  1.367000e+02  1.986119e+01
     vertex  5.775894e+01  1.367000e+02  1.979963e+01
     vertex  1.924106e+01  1.367000e+02  1.979963e+01
   endloop
 endfacet
 facet normal  0.000000e+00  1.000000e+00  0.000000e+00
   outer loop
     vertex  5.775429e+01  1.367000e+02  1.986119e+01
     vertex  1.924106e+01  1.367000e+02  1.979963e+01
     vertex  1.924571e+01  1.367000e+02  1.986119e+01
   endloop
 endfacet
 facet normal  0.000000e+00  1.000000e+00  0.000000e+00
   outer loop
     vertex  5.987659e+01  1.367000e+02  1.775339e+01
     vertex  0.000000e+00  1.367000e+02  0.000000e+00
     vertex  5.981501e+01  1.367000e+02  1.775762e+01
   endloop
 endfacet
 facet normal  0.000000e+00  1.000000e+00  0.000000e+00
   outer loop
     vertex  5.775132e+01  1.367000e+02  1.992285e+01
     vertex  5.775429e+01  1.367000e+02  1.986119e+01
     vertex  1.924571e+01  1.367000e+02  1.986119e+01
   endloop
 endfacet
 facet normal  0.000000e+00  1.000000e+00  0.000000e+00
   outer loop
     vertex  5.775132e+01  1.367000e+02  1.992285e+01
     vertex  1.924571e+01  1.367000e+02  1.986119e+01
     vertex  1.924868e+01  1.367000e+02  1.992285e+01
   endloop
 endfacet
 facet normal  0.000000e+00  1.000000e+00  0.000000e+00
   outer loop
     vertex  5.993827e+01  1.367000e+02  1.775085e+01
     vertex  0.000000e+00  1.367000e+02  0.000000e+00
     vertex  5.987659e+01  1.367000e+02  1.775339e+01
   endloop
 endfacet
 facet normal  0.000000e+00  1.000000e+00  0.000000e+00
   outer loop
     vertex  5.775005e+01  1.367000e+02  1.998457e+01
     vertex  1.924868e+01  1.367000e+02  1.992285e+01
     vertex  1.924995e+01  1.367000e+02  1.998457e+01
   endloop
 endfacet
 facet normal  0.000000e+00  1.000000e+00  0.000000e+00
   outer loop
     vertex  5.775005e+01  1.367000e+02  1.998457e+01
     vertex  5.775132e+01  1.367000e+02  1.992285e+01
     vertex  1.924868e+01  1.367000e+02  1.992285e+01
   endloop
 endfacet
 facet normal  0.000000e+00  1.000000e+00  0.000000e+00
   outer loop
     vertex  6.000000e+01  1.367000e+02  1.775000e+01
     vertex  0.000000e+00  1.367000e+02  0.000000e+00
     vertex  5.993827e+01  1.367000e+02  1.775085e+01
   endloop
 endfacet
 facet normal  0.000000e+00  1.000000e+00  0.000000e+00
   outer loop
     vertex  5.775048e+01  1.367000e+02  2.004630e+01
     vertex  1.924995e+01  1.367000e+02  1.998457e+01
     vertex  1.924952e+01  1.367000e+02  2.004630e+01
   endloop
 endfacet
 facet normal  0.000000e+00  1.000000e+00  0.000000e+00
   outer loop
     vertex  5.775048e+01  1.367000e+02  2.004630e+01
     vertex  5.775005e+01  1.367000e+02  1.998457e+01
     vertex  1.924995e+01  1.367000e+02  1.998457e+01
   endloop
 endfacet
 facet normal  0.000000e+00  1.000000e+00  0.000000e+00
   outer loop
     vertex  6.006173e+01  1.367000e+02  1.775085e+01
     vertex  0.000000e+00  1.367000e+02  0.000000e+00
     vertex  6.000000e+01  1.367000e+02  1.775000e+01
   endloop
 endfacet
 facet normal  0.000000e+00  1.000000e+00  0.000000e+00
   outer loop
     vertex  5.775259e+01  1.367000e+02  2.010799e+01
     vertex  5.775048e+01  1.367000e+02  2.004630e+01
     vertex  1.924952e+01  1.367000e+02  2.004630e+01
   endloop
 endfacet
 facet normal  0.000000e+00  1.000000e+00  0.000000e+00
   outer loop
     vertex  5.775259e+01  1.367000e+02  2.010799e+01
     vertex  1.924952e+01  1.367000e+02  2.004630e+01
     vertex  1.924741e+01  1.367000e+02  2.010799e+01
   endloop
 endfacet
 facet normal  0.000000e+00  1.000000e+00  0.000000e+00
   outer loop
     vertex  5.775259e+01  1.367000e+02  2.010799e+01
     vertex  1.924741e+01  1.367000e+02  2.010799e+01
     vertex  1.924360e+01  1.367000e+02  2.016961e+01
   endloop
 endfacet
 facet normal  0.000000e+00  1.000000e+00  0.000000e+00
   outer loop
     vertex  6.012341e+01  1.367000e+02  1.775339e+01
     vertex  0.000000e+00  1.367000e+02  0.000000e+00
     vertex  6.006173e+01  1.367000e+02  1.775085e+01
   endloop
 endfacet
 facet normal  0.000000e+00  1.000000e+00  0.000000e+00
   outer loop
     vertex  5.775640e+01  1.367000e+02  2.016961e+01
     vertex  5.775259e+01  1.367000e+02  2.010799e+01
     vertex  1.924360e+01  1.367000e+02  2.016961e+01
   endloop
 endfacet
 facet normal  0.000000e+00  1.000000e+00  0.000000e+00
   outer loop
     vertex  5.776190e+01  1.367000e+02  2.023110e+01
     vertex  5.775640e+01  1.367000e+02  2.016961e+01
     vertex  1.924360e+01  1.367000e+02  2.016961e+01
   endloop
 endfacet
 facet normal  0.000000e+00  1.000000e+00  0.000000e+00
   outer loop
     vertex  5.776190e+01  1.367000e+02  2.023110e+01
     vertex  1.924360e+01  1.367000e+02  2.016961e+01
     vertex  1.923810e+01  1.367000e+02  2.023110e+01
   endloop
 endfacet
 facet normal  0.000000e+00  1.000000e+00  0.000000e+00
   outer loop
     vertex  5.776908e+01  1.367000e+02  2.029241e+01
     vertex  5.776190e+01  1.367000e+02  2.023110e+01
     vertex  1.923810e+01  1.367000e+02  2.023110e+01
   endloop
 endfacet
 facet normal  0.000000e+00  1.000000e+00  0.000000e+00
   outer loop
     vertex  5.776908e+01  1.367000e+02  2.029241e+01
     vertex  1.923810e+01  1.367000e+02  2.023110e+01
     vertex  1.923092e+01  1.367000e+02  2.029241e+01
   endloop
 endfacet
 facet normal  0.000000e+00  1.000000e+00  0.000000e+00
   outer loop
     vertex  5.777794e+01  1.367000e+02  2.035350e+01
     vertex  5.776908e+01  1.367000e+02  2.029241e+01
     vertex  1.923092e+01  1.367000e+02  2.029241e+01
   endloop
 endfacet
 facet normal  0.000000e+00  1.000000e+00  0.000000e+00
   outer loop
     vertex  5.777794e+01  1.367000e+02  2.035350e+01
     vertex  1.923092e+01  1.367000e+02  2.029241e+01
     vertex  1.922206e+01  1.367000e+02  2.035350e+01
   endloop
 endfacet
 facet normal  0.000000e+00  1.000000e+00  0.000000e+00
   outer loop
     vertex  5.778848e+01  1.367000e+02  2.041433e+01
     vertex  5.777794e+01  1.367000e+02  2.035350e+01
     vertex  1.922206e+01  1.367000e+02  2.035350e+01
   endloop
 endfacet
 facet normal  0.000000e+00  1.000000e+00  0.000000e+00
   outer loop
     vertex  5.778848e+01  1.367000e+02  2.041433e+01
     vertex  1.922206e+01  1.367000e+02  2.035350e+01
     vertex  1.921152e+01  1.367000e+02  2.041433e+01
   endloop
 endfacet
 facet normal  0.000000e+00  1.000000e+00  0.000000e+00
   outer loop
     vertex  5.780068e+01  1.367000e+02  2.047484e+01
     vertex  5.778848e+01  1.367000e+02  2.041433e+01
     vertex  1.921152e+01  1.367000e+02  2.041433e+01
   endloop
 endfacet
 facet normal  0.000000e+00  1.000000e+00  0.000000e+00
   outer loop
     vertex  5.780068e+01  1.367000e+02  2.047484e+01
     vertex  1.921152e+01  1.367000e+02  2.041433e+01
     vertex  1.919932e+01  1.367000e+02  2.047484e+01
   endloop
 endfacet
 facet normal  0.000000e+00  1.000000e+00  0.000000e+00
   outer loop
     vertex  5.780068e+01  1.367000e+02  2.047484e+01
     vertex  1.919932e+01  1.367000e+02  2.047484e+01
     vertex  1.918547e+01  1.367000e+02  2.053500e+01
   endloop
 endfacet
 facet normal  0.000000e+00  1.000000e+00  0.000000e+00
   outer loop
     vertex  5.781453e+01  1.367000e+02  2.053500e+01
     vertex  5.780068e+01  1.367000e+02  2.047484e+01
     vertex  1.918547e+01  1.367000e+02  2.053500e+01
   endloop
 endfacet
 facet normal  0.000000e+00  1.000000e+00  0.000000e+00
   outer loop
     vertex  5.781453e+01  1.367000e+02  2.053500e+01
     vertex  1.918547e+01  1.367000e+02  2.053500e+01
     vertex  1.916997e+01  1.367000e+02  2.059476e+01
   endloop
 endfacet
 facet normal  0.000000e+00  1.000000e+00  0.000000e+00
   outer loop
     vertex  5.783003e+01  1.367000e+02  2.059476e+01
     vertex  5.781453e+01  1.367000e+02  2.053500e+01
     vertex  1.916997e+01  1.367000e+02  2.059476e+01
   endloop
 endfacet
 facet normal  0.000000e+00  1.000000e+00  0.000000e+00
   outer loop
     vertex  5.784716e+01  1.367000e+02  2.065406e+01
     vertex  5.783003e+01  1.367000e+02  2.059476e+01
     vertex  1.916997e+01  1.367000e+02  2.059476e+01
   endloop
 endfacet
 facet normal  0.000000e+00  1.000000e+00  0.000000e+00
   outer loop
     vertex  5.784716e+01  1.367000e+02  2.065406e+01
     vertex  1.916997e+01  1.367000e+02  2.059476e+01
     vertex  1.915284e+01  1.367000e+02  2.065406e+01
   endloop
 endfacet
 facet normal  0.000000e+00  1.000000e+00  0.000000e+00
   outer loop
     vertex  5.786592e+01  1.367000e+02  2.071288e+01
     vertex  5.784716e+01  1.367000e+02  2.065406e+01
     vertex  1.915284e+01  1.367000e+02  2.065406e+01
   endloop
 endfacet
 facet normal  0.000000e+00  1.000000e+00  0.000000e+00
   outer loop
     vertex  5.786592e+01  1.367000e+02  2.071288e+01
     vertex  1.915284e+01  1.367000e+02  2.065406e+01
     vertex  1.913408e+01  1.367000e+02  2.071288e+01
   endloop
 endfacet
 facet normal  0.000000e+00  1.000000e+00  0.000000e+00
   outer loop
     vertex  5.788628e+01  1.367000e+02  2.077116e+01
     vertex  5.786592e+01  1.367000e+02  2.071288e+01
     vertex  1.913408e+01  1.367000e+02  2.071288e+01
   endloop
 endfacet
 facet normal  0.000000e+00  1.000000e+00  0.000000e+00
   outer loop
     vertex  5.788628e+01  1.367000e+02  2.077116e+01
     vertex  1.913408e+01  1.367000e+02  2.071288e+01
     vertex  1.911372e+01  1.367000e+02  2.077116e+01
   endloop
 endfacet
 facet normal  0.000000e+00  1.000000e+00  0.000000e+00
   outer loop
     vertex  5.788628e+01  1.367000e+02  2.077116e+01
     vertex  1.911372e+01  1.367000e+02  2.077116e+01
     vertex  1.909177e+01  1.367000e+02  2.082885e+01
   endloop
 endfacet
 facet normal  0.000000e+00  1.000000e+00  0.000000e+00
   outer loop
     vertex  5.790823e+01  1.367000e+02  2.082885e+01
     vertex  5.788628e+01  1.367000e+02  2.077116e+01
     vertex  1.909177e+01  1.367000e+02  2.082885e+01
   endloop
 endfacet
 facet normal  0.000000e+00  1.000000e+00  0.000000e+00
   outer loop
     vertex  5.790823e+01  1.367000e+02  2.082885e+01
     vertex  1.909177e+01  1.367000e+02  2.082885e+01
     vertex  1.906824e+01  1.367000e+02  2.088593e+01
   endloop
 endfacet
 facet normal  0.000000e+00  1.000000e+00  0.000000e+00
   outer loop
     vertex  5.793176e+01  1.367000e+02  2.088593e+01
     vertex  5.790823e+01  1.367000e+02  2.082885e+01
     vertex  1.906824e+01  1.367000e+02  2.088593e+01
   endloop
 endfacet
 facet normal  0.000000e+00  1.000000e+00  0.000000e+00
   outer loop
     vertex  5.795684e+01  1.367000e+02  2.094233e+01
     vertex  1.906824e+01  1.367000e+02  2.088593e+01
     vertex  1.904316e+01  1.367000e+02  2.094233e+01
   endloop
 endfacet
 facet normal  0.000000e+00  1.000000e+00  0.000000e+00
   outer loop
     vertex  5.795684e+01  1.367000e+02  2.094233e+01
     vertex  5.793176e+01  1.367000e+02  2.088593e+01
     vertex  1.906824e+01  1.367000e+02  2.088593e+01
   endloop
 endfacet
 facet normal  0.000000e+00  1.000000e+00  0.000000e+00
   outer loop
     vertex  5.798346e+01  1.367000e+02  2.099803e+01
     vertex  5.795684e+01  1.367000e+02  2.094233e+01
     vertex  1.904316e+01  1.367000e+02  2.094233e+01
   endloop
 endfacet
 facet normal  0.000000e+00  1.000000e+00  0.000000e+00
   outer loop
     vertex  5.798346e+01  1.367000e+02  2.099803e+01
     vertex  1.904316e+01  1.367000e+02  2.094233e+01
     vertex  1.901654e+01  1.367000e+02  2.099803e+01
   endloop
 endfacet
 facet normal  0.000000e+00  1.000000e+00  0.000000e+00
   outer loop
     vertex  5.801160e+01  1.367000e+02  2.105298e+01
     vertex  5.798346e+01  1.367000e+02  2.099803e+01
     vertex  1.901654e+01  1.367000e+02  2.099803e+01
   endloop
 endfacet
 facet normal  0.000000e+00  1.000000e+00  0.000000e+00
   outer loop
     vertex  5.801160e+01  1.367000e+02  2.105298e+01
     vertex  1.901654e+01  1.367000e+02  2.099803e+01
     vertex  1.898840e+01  1.367000e+02  2.105298e+01
   endloop
 endfacet
 facet normal  0.000000e+00  1.000000e+00  0.000000e+00
   outer loop
     vertex  5.801160e+01  1.367000e+02  2.105298e+01
     vertex  1.898840e+01  1.367000e+02  2.105298e+01
     vertex  1.895876e+01  1.367000e+02  2.110713e+01
   endloop
 endfacet
 facet normal  0.000000e+00  1.000000e+00  0.000000e+00
   outer loop
     vertex  5.804124e+01  1.367000e+02  2.110713e+01
     vertex  5.801160e+01  1.367000e+02  2.105298e+01
     vertex  1.895876e+01  1.367000e+02  2.110713e+01
   endloop
 endfacet
 facet normal  0.000000e+00  1.000000e+00  0.000000e+00
   outer loop
     vertex  5.807235e+01  1.367000e+02  2.116045e+01
     vertex  5.804124e+01  1.367000e+02  2.110713e+01
     vertex  1.895876e+01  1.367000e+02  2.110713e+01
   endloop
 endfacet
 facet normal  0.000000e+00  1.000000e+00  0.000000e+00
   outer loop
     vertex  5.807235e+01  1.367000e+02  2.116045e+01
     vertex  1.895876e+01  1.367000e+02  2.110713e+01
     vertex  1.892765e+01  1.367000e+02  2.116045e+01
   endloop
 endfacet
 facet normal  0.000000e+00  1.000000e+00  0.000000e+00
   outer loop
     vertex  5.807235e+01  1.367000e+02  2.116045e+01
     vertex  1.892765e+01  1.367000e+02  2.116045e+01
     vertex  1.889509e+01  1.367000e+02  2.121290e+01
   endloop
 endfacet
 facet normal  0.000000e+00  1.000000e+00  0.000000e+00
   outer loop
     vertex  5.810491e+01  1.367000e+02  2.121290e+01
     vertex  1.889509e+01  1.367000e+02  2.121290e+01
     vertex  1.886110e+01  1.367000e+02  2.126443e+01
   endloop
 endfacet
 facet normal  0.000000e+00  1.000000e+00  0.000000e+00
   outer loop
     vertex  5.810491e+01  1.367000e+02  2.121290e+01
     vertex  5.807235e+01  1.367000e+02  2.116045e+01
     vertex  1.889509e+01  1.367000e+02  2.121290e+01
   endloop
 endfacet
 facet normal  0.000000e+00  1.000000e+00  0.000000e+00
   outer loop
     vertex  5.813890e+01  1.367000e+02  2.126443e+01
     vertex  5.810491e+01  1.367000e+02  2.121290e+01
     vertex  1.886110e+01  1.367000e+02  2.126443e+01
   endloop
 endfacet
 facet normal  0.000000e+00  1.000000e+00  0.000000e+00
   outer loop
     vertex  5.813890e+01  1.367000e+02  2.126443e+01
     vertex  1.886110e+01  1.367000e+02  2.126443e+01
     vertex  1.882572e+01  1.367000e+02  2.131501e+01
   endloop
 endfacet
 facet normal  0.000000e+00  1.000000e+00  0.000000e+00
   outer loop
     vertex  5.817428e+01  1.367000e+02  2.131501e+01
     vertex  5.813890e+01  1.367000e+02  2.126443e+01
     vertex  1.882572e+01  1.367000e+02  2.131501e+01
   endloop
 endfacet
 facet normal  0.000000e+00  1.000000e+00  0.000000e+00
   outer loop
     vertex  5.817428e+01  1.367000e+02  2.131501e+01
     vertex  1.882572e+01  1.367000e+02  2.131501e+01
     vertex  1.878895e+01  1.367000e+02  2.136461e+01
   endloop
 endfacet
 facet normal  0.000000e+00  1.000000e+00  0.000000e+00
   outer loop
     vertex  5.821105e+01  1.367000e+02  2.136461e+01
     vertex  5.817428e+01  1.367000e+02  2.131501e+01
     vertex  1.878895e+01  1.367000e+02  2.136461e+01
   endloop
 endfacet
 facet normal  0.000000e+00  1.000000e+00  0.000000e+00
   outer loop
     vertex  5.824916e+01  1.367000e+02  2.141317e+01
     vertex  5.821105e+01  1.367000e+02  2.136461e+01
     vertex  1.878895e+01  1.367000e+02  2.136461e+01
   endloop
 endfacet
 facet normal  0.000000e+00  1.000000e+00  0.000000e+00
   outer loop
     vertex  5.824916e+01  1.367000e+02  2.141317e+01
     vertex  1.878895e+01  1.367000e+02  2.136461e+01
     vertex  1.875084e+01  1.367000e+02  2.141317e+01
   endloop
 endfacet
 facet normal  0.000000e+00  1.000000e+00  0.000000e+00
   outer loop
     vertex  5.824916e+01  1.367000e+02  2.141317e+01
     vertex  1.875084e+01  1.367000e+02  2.141317e+01
     vertex  1.871141e+01  1.367000e+02  2.146067e+01
   endloop
 endfacet
 facet normal  0.000000e+00  1.000000e+00  0.000000e+00
   outer loop
     vertex  5.828859e+01  1.367000e+02  2.146067e+01
     vertex  5.824916e+01  1.367000e+02  2.141317e+01
     vertex  1.871141e+01  1.367000e+02  2.146067e+01
   endloop
 endfacet
 facet normal  0.000000e+00  1.000000e+00  0.000000e+00
   outer loop
     vertex  5.832930e+01  1.367000e+02  2.150707e+01
     vertex  5.828859e+01  1.367000e+02  2.146067e+01
     vertex  1.871141e+01  1.367000e+02  2.146067e+01
   endloop
 endfacet
 facet normal  0.000000e+00  1.000000e+00  0.000000e+00
   outer loop
     vertex  5.832930e+01  1.367000e+02  2.150707e+01
     vertex  1.871141e+01  1.367000e+02  2.146067e+01
     vertex  1.867070e+01  1.367000e+02  2.150707e+01
   endloop
 endfacet
 facet normal  0.000000e+00  1.000000e+00  0.000000e+00
   outer loop
     vertex  5.837128e+01  1.367000e+02  2.155234e+01
     vertex  5.832930e+01  1.367000e+02  2.150707e+01
     vertex  1.867070e+01  1.367000e+02  2.150707e+01
   endloop
 endfacet
 facet normal  0.000000e+00  1.000000e+00  0.000000e+00
   outer loop
     vertex  5.837128e+01  1.367000e+02  2.155234e+01
     vertex  1.867070e+01  1.367000e+02  2.150707e+01
     vertex  1.862872e+01  1.367000e+02  2.155234e+01
   endloop
 endfacet
 facet normal  0.000000e+00  1.000000e+00  0.000000e+00
   outer loop
     vertex  5.837128e+01  1.367000e+02  2.155234e+01
     vertex  1.862872e+01  1.367000e+02  2.155234e+01
     vertex  1.858552e+01  1.367000e+02  2.159644e+01
   endloop
 endfacet
 facet normal  0.000000e+00  1.000000e+00  0.000000e+00
   outer loop
     vertex  5.841448e+01  1.367000e+02  2.159644e+01
     vertex  5.837128e+01  1.367000e+02  2.155234e+01
     vertex  1.858552e+01  1.367000e+02  2.159644e+01
   endloop
 endfacet
 facet normal  0.000000e+00  1.000000e+00  0.000000e+00
   outer loop
     vertex  5.841448e+01  1.367000e+02  2.159644e+01
     vertex  1.858552e+01  1.367000e+02  2.159644e+01
     vertex  1.854113e+01  1.367000e+02  2.163933e+01
   endloop
 endfacet
 facet normal  0.000000e+00  1.000000e+00  0.000000e+00
   outer loop
     vertex  5.845887e+01  1.367000e+02  2.163933e+01
     vertex  5.841448e+01  1.367000e+02  2.159644e+01
     vertex  1.854113e+01  1.367000e+02  2.163933e+01
   endloop
 endfacet
 facet normal  0.000000e+00  1.000000e+00  0.000000e+00
   outer loop
     vertex  5.845887e+01  1.367000e+02  2.163933e+01
     vertex  1.854113e+01  1.367000e+02  2.163933e+01
     vertex  1.849558e+01  1.367000e+02  2.168100e+01
   endloop
 endfacet
 facet normal  0.000000e+00  1.000000e+00  0.000000e+00
   outer loop
     vertex  5.850442e+01  1.367000e+02  2.168100e+01
     vertex  5.845887e+01  1.367000e+02  2.163933e+01
     vertex  1.849558e+01  1.367000e+02  2.168100e+01
   endloop
 endfacet
 facet normal  0.000000e+00  1.000000e+00  0.000000e+00
   outer loop
     vertex  5.855110e+01  1.367000e+02  2.172139e+01
     vertex  5.850442e+01  1.367000e+02  2.168100e+01
     vertex  1.849558e+01  1.367000e+02  2.168100e+01
   endloop
 endfacet
 facet normal  0.000000e+00  1.000000e+00  0.000000e+00
   outer loop
     vertex  5.855110e+01  1.367000e+02  2.172139e+01
     vertex  1.849558e+01  1.367000e+02  2.168100e+01
     vertex  1.844890e+01  1.367000e+02  2.172139e+01
   endloop
 endfacet
 facet normal  0.000000e+00  1.000000e+00  0.000000e+00
   outer loop
     vertex  5.855110e+01  1.367000e+02  2.172139e+01
     vertex  1.844890e+01  1.367000e+02  2.172139e+01
     vertex  1.840113e+01  1.367000e+02  2.176049e+01
   endloop
 endfacet
 facet normal  0.000000e+00  1.000000e+00  0.000000e+00
   outer loop
     vertex  5.859887e+01  1.367000e+02  2.176049e+01
     vertex  5.855110e+01  1.367000e+02  2.172139e+01
     vertex  1.840113e+01  1.367000e+02  2.176049e+01
   endloop
 endfacet
 facet normal  0.000000e+00  1.000000e+00  0.000000e+00
   outer loop
     vertex  5.864770e+01  1.367000e+02  2.179827e+01
     vertex  5.859887e+01  1.367000e+02  2.176049e+01
     vertex  1.840113e+01  1.367000e+02  2.176049e+01
   endloop
 endfacet
 facet normal  0.000000e+00  1.000000e+00  0.000000e+00
   outer loop
     vertex  5.864770e+01  1.367000e+02  2.179827e+01
     vertex  1.840113e+01  1.367000e+02  2.176049e+01
     vertex  1.835230e+01  1.367000e+02  2.179827e+01
   endloop
 endfacet
 facet normal  0.000000e+00  1.000000e+00  0.000000e+00
   outer loop
     vertex  5.869754e+01  1.367000e+02  2.183469e+01
     vertex  1.835230e+01  1.367000e+02  2.179827e+01
     vertex  1.830246e+01  1.367000e+02  2.183469e+01
   endloop
 endfacet
 facet normal  0.000000e+00  1.000000e+00  0.000000e+00
   outer loop
     vertex  5.869754e+01  1.367000e+02  2.183469e+01
     vertex  5.864770e+01  1.367000e+02  2.179827e+01
     vertex  1.835230e+01  1.367000e+02  2.179827e+01
   endloop
 endfacet
 facet normal  0.000000e+00  1.000000e+00  0.000000e+00
   outer loop
     vertex  5.874836e+01  1.367000e+02  2.186973e+01
     vertex  5.869754e+01  1.367000e+02  2.183469e+01
     vertex  1.830246e+01  1.367000e+02  2.183469e+01
   endloop
 endfacet
 facet normal  0.000000e+00  1.000000e+00  0.000000e+00
   outer loop
     vertex  5.874836e+01  1.367000e+02  2.186973e+01
     vertex  1.830246e+01  1.367000e+02  2.183469e+01
     vertex  1.825164e+01  1.367000e+02  2.186973e+01
   endloop
 endfacet
 facet normal  0.000000e+00  1.000000e+00  0.000000e+00
   outer loop
     vertex  5.880013e+01  1.367000e+02  2.190337e+01
     vertex  5.874836e+01  1.367000e+02  2.186973e+01
     vertex  1.825164e+01  1.367000e+02  2.186973e+01
   endloop
 endfacet
 facet normal  0.000000e+00  1.000000e+00  0.000000e+00
   outer loop
     vertex  5.880013e+01  1.367000e+02  2.190337e+01
     vertex  1.825164e+01  1.367000e+02  2.186973e+01
     vertex  1.819987e+01  1.367000e+02  2.190337e+01
   endloop
 endfacet
 facet normal  0.000000e+00  1.000000e+00  0.000000e+00
   outer loop
     vertex  5.885280e+01  1.367000e+02  2.193557e+01
     vertex  5.880013e+01  1.367000e+02  2.190337e+01
     vertex  1.819987e+01  1.367000e+02  2.190337e+01
   endloop
 endfacet
 facet normal  0.000000e+00  1.000000e+00  0.000000e+00
   outer loop
     vertex  5.885280e+01  1.367000e+02  2.193557e+01
     vertex  1.819987e+01  1.367000e+02  2.190337e+01
     vertex  1.814720e+01  1.367000e+02  2.193557e+01
   endloop
 endfacet
 facet normal  0.000000e+00  1.000000e+00  0.000000e+00
   outer loop
     vertex  5.890633e+01  1.367000e+02  2.196631e+01
     vertex  5.885280e+01  1.367000e+02  2.193557e+01
     vertex  1.814720e+01  1.367000e+02  2.193557e+01
   endloop
 endfacet
 facet normal  0.000000e+00  1.000000e+00  0.000000e+00
   outer loop
     vertex  5.890633e+01  1.367000e+02  2.196631e+01
     vertex  1.814720e+01  1.367000e+02  2.193557e+01
     vertex  1.809367e+01  1.367000e+02  2.196631e+01
   endloop
 endfacet
 facet normal  0.000000e+00  1.000000e+00  0.000000e+00
   outer loop
     vertex  5.896069e+01  1.367000e+02  2.199558e+01
     vertex  1.809367e+01  1.367000e+02  2.196631e+01
     vertex  1.803931e+01  1.367000e+02  2.199558e+01
   endloop
 endfacet
 facet normal  0.000000e+00  1.000000e+00  0.000000e+00
   outer loop
     vertex  5.896069e+01  1.367000e+02  2.199558e+01
     vertex  5.890633e+01  1.367000e+02  2.196631e+01
     vertex  1.809367e+01  1.367000e+02  2.196631e+01
   endloop
 endfacet
 facet normal  0.000000e+00  1.000000e+00  0.000000e+00
   outer loop
     vertex  5.896069e+01  1.367000e+02  2.199558e+01
     vertex  1.803931e+01  1.367000e+02  2.199558e+01
     vertex  0.000000e+00  1.367000e+02  4.000000e+01
   endloop
 endfacet
 facet normal  0.000000e+00  1.000000e+00  0.000000e+00
   outer loop
     vertex  5.901582e+01  1.367000e+02  2.202334e+01
     vertex  5.896069e+01  1.367000e+02  2.199558e+01
     vertex  0.000000e+00  1.367000e+02  4.000000e+01
   endloop
 endfacet
 facet normal  0.000000e+00  1.000000e+00  0.000000e+00
   outer loop
     vertex  5.907170e+01  1.367000e+02  2.204958e+01
     vertex  5.901582e+01  1.367000e+02  2.202334e+01
     vertex  0.000000e+00  1.367000e+02  4.000000e+01
   endloop
 endfacet
 facet normal  0.000000e+00  1.000000e+00  0.000000e+00
   outer loop
     vertex  5.912828e+01  1.367000e+02  2.207427e+01
     vertex  5.907170e+01  1.367000e+02  2.204958e+01
     vertex  0.000000e+00  1.367000e+02  4.000000e+01
   endloop
 endfacet
 facet normal  0.000000e+00  1.000000e+00  0.000000e+00
   outer loop
     vertex  5.918551e+01  1.367000e+02  2.209741e+01
     vertex  5.912828e+01  1.367000e+02  2.207427e+01
     vertex  0.000000e+00  1.367000e+02  4.000000e+01
   endloop
 endfacet
 facet normal  0.000000e+00  1.000000e+00  0.000000e+00
   outer loop
     vertex  5.924336e+01  1.367000e+02  2.211896e+01
     vertex  5.918551e+01  1.367000e+02  2.209741e+01
     vertex  0.000000e+00  1.367000e+02  4.000000e+01
   endloop
 endfacet
 facet normal  0.000000e+00  1.000000e+00  0.000000e+00
   outer loop
     vertex  5.930178e+01  1.367000e+02  2.213892e+01
     vertex  5.924336e+01  1.367000e+02  2.211896e+01
     vertex  0.000000e+00  1.367000e+02  4.000000e+01
   endloop
 endfacet
 facet normal  0.000000e+00  1.000000e+00  0.000000e+00
   outer loop
     vertex  5.936072e+01  1.367000e+02  2.215727e+01
     vertex  5.930178e+01  1.367000e+02  2.213892e+01
     vertex  0.000000e+00  1.367000e+02  4.000000e+01
   endloop
 endfacet
 facet normal  0.000000e+00  1.000000e+00  0.000000e+00
   outer loop
     vertex  5.942014e+01  1.367000e+02  2.217400e+01
     vertex  5.936072e+01  1.367000e+02  2.215727e+01
     vertex  0.000000e+00  1.367000e+02  4.000000e+01
   endloop
 endfacet
 facet normal  0.000000e+00  1.000000e+00  0.000000e+00
   outer loop
     vertex  5.948000e+01  1.367000e+02  2.218909e+01
     vertex  5.942014e+01  1.367000e+02  2.217400e+01
     vertex  0.000000e+00  1.367000e+02  4.000000e+01
   endloop
 endfacet
 facet normal  0.000000e+00  1.000000e+00  0.000000e+00
   outer loop
     vertex  5.954025e+01  1.367000e+02  2.220253e+01
     vertex  5.948000e+01  1.367000e+02  2.218909e+01
     vertex  0.000000e+00  1.367000e+02  4.000000e+01
   endloop
 endfacet
 facet normal  0.000000e+00  1.000000e+00  0.000000e+00
   outer loop
     vertex  5.960085e+01  1.367000e+02  2.221431e+01
     vertex  5.954025e+01  1.367000e+02  2.220253e+01
     vertex  0.000000e+00  1.367000e+02  4.000000e+01
   endloop
 endfacet
 facet normal  0.000000e+00  1.000000e+00  0.000000e+00
   outer loop
     vertex  5.966175e+01  1.367000e+02  2.222443e+01
     vertex  5.960085e+01  1.367000e+02  2.221431e+01
     vertex  0.000000e+00  1.367000e+02  4.000000e+01
   endloop
 endfacet
 facet normal  0.000000e+00  1.000000e+00  0.000000e+00
   outer loop
     vertex  5.972290e+01  1.367000e+02  2.223287e+01
     vertex  5.966175e+01  1.367000e+02  2.222443e+01
     vertex  0.000000e+00  1.367000e+02  4.000000e+01
   endloop
 endfacet
 facet normal  0.000000e+00  1.000000e+00  0.000000e+00
   outer loop
     vertex  5.978426e+01  1.367000e+02  2.223963e+01
     vertex  5.972290e+01  1.367000e+02  2.223287e+01
     vertex  0.000000e+00  1.367000e+02  4.000000e+01
   endloop
 endfacet
 facet normal  0.000000e+00  1.000000e+00  0.000000e+00
   outer loop
     vertex  5.984579e+01  1.367000e+02  2.224471e+01
     vertex  5.978426e+01  1.367000e+02  2.223963e+01
     vertex  0.000000e+00  1.367000e+02  4.000000e+01
   endloop
 endfacet
 facet normal  0.000000e+00  1.000000e+00  0.000000e+00
   outer loop
     vertex  5.990742e+01  1.367000e+02  2.224809e+01
     vertex  5.984579e+01  1.367000e+02  2.224471e+01
     vertex  0.000000e+00  1.367000e+02  4.000000e+01
   endloop
 endfacet
 facet normal  0.000000e+00  1.000000e+00  0.000000e+00
   outer loop
     vertex  5.996913e+01  1.367000e+02  2.224979e+01
     vertex  5.990742e+01  1.367000e+02  2.224809e+01
     vertex  0.000000e+00  1.367000e+02  4.000000e+01
   endloop
 endfacet
 facet normal  0.000000e+00  1.000000e+00  0.000000e+00
   outer loop
     vertex  6.003087e+01  1.367000e+02  2.224979e+01
     vertex  5.996913e+01  1.367000e+02  2.224979e+01
     vertex  0.000000e+00  1.367000e+02  4.000000e+01
   endloop
 endfacet
 facet normal  0.000000e+00  1.000000e+00  0.000000e+00
   outer loop
     vertex  6.009258e+01  1.367000e+02  2.224809e+01
     vertex  6.003087e+01  1.367000e+02  2.224979e+01
     vertex  0.000000e+00  1.367000e+02  4.000000e+01
   endloop
 endfacet
 facet normal  0.000000e+00  1.000000e+00  0.000000e+00
   outer loop
     vertex  1.525000e+02  1.367000e+02  0.000000e+00
     vertex  6.030770e+01  1.367000e+02  1.777114e+01
     vertex  6.036874e+01  1.367000e+02  1.778042e+01
   endloop
 endfacet
 facet normal  0.000000e+00  1.000000e+00  0.000000e+00
   outer loop
     vertex  1.525000e+02  1.367000e+02  0.000000e+00
     vertex  6.036874e+01  1.367000e+02  1.778042e+01
     vertex  6.042949e+01  1.367000e+02  1.779137e+01
   endloop
 endfacet
 facet normal  0.000000e+00  1.000000e+00  0.000000e+00
   outer loop
     vertex  1.525000e+02  1.367000e+02  0.000000e+00
     vertex  6.042949e+01  1.367000e+02  1.779137e+01
     vertex  6.048992e+01  1.367000e+02  1.780399e+01
   endloop
 endfacet
 facet normal  0.000000e+00  1.000000e+00  0.000000e+00
   outer loop
     vertex  1.525000e+02  1.367000e+02  0.000000e+00
     vertex  6.048992e+01  1.367000e+02  1.780399e+01
     vertex  6.054998e+01  1.367000e+02  1.781825e+01
   endloop
 endfacet
 facet normal  0.000000e+00  1.000000e+00  0.000000e+00
   outer loop
     vertex  1.525000e+02  1.367000e+02  0.000000e+00
     vertex  6.054998e+01  1.367000e+02  1.781825e+01
     vertex  6.060963e+01  1.367000e+02  1.783416e+01
   endloop
 endfacet
 facet normal  0.000000e+00  1.000000e+00  0.000000e+00
   outer loop
     vertex  1.525000e+02  1.367000e+02  0.000000e+00
     vertex  6.060963e+01  1.367000e+02  1.783416e+01
     vertex  6.066882e+01  1.367000e+02  1.785170e+01
   endloop
 endfacet
 facet normal  0.000000e+00  1.000000e+00  0.000000e+00
   outer loop
     vertex  1.525000e+02  1.367000e+02  0.000000e+00
     vertex  6.066882e+01  1.367000e+02  1.785170e+01
     vertex  6.072750e+01  1.367000e+02  1.787086e+01
   endloop
 endfacet
 facet normal  0.000000e+00  1.000000e+00  0.000000e+00
   outer loop
     vertex  1.525000e+02  1.367000e+02  0.000000e+00
     vertex  6.072750e+01  1.367000e+02  1.787086e+01
     vertex  6.078564e+01  1.367000e+02  1.789162e+01
   endloop
 endfacet
 facet normal  0.000000e+00  1.000000e+00  0.000000e+00
   outer loop
     vertex  1.525000e+02  1.367000e+02  0.000000e+00
     vertex  6.078564e+01  1.367000e+02  1.789162e+01
     vertex  6.084318e+01  1.367000e+02  1.791396e+01
   endloop
 endfacet
 facet normal  0.000000e+00  1.000000e+00  0.000000e+00
   outer loop
     vertex  1.525000e+02  1.367000e+02  0.000000e+00
     vertex  6.084318e+01  1.367000e+02  1.791396e+01
     vertex  6.090009e+01  1.367000e+02  1.793788e+01
   endloop
 endfacet
 facet normal  0.000000e+00  1.000000e+00  0.000000e+00
   outer loop
     vertex  1.525000e+02  1.367000e+02  0.000000e+00
     vertex  6.090009e+01  1.367000e+02  1.793788e+01
     vertex  6.095633e+01  1.367000e+02  1.796335e+01
   endloop
 endfacet
 facet normal  0.000000e+00  1.000000e+00  0.000000e+00
   outer loop
     vertex  1.525000e+02  1.367000e+02  0.000000e+00
     vertex  6.095633e+01  1.367000e+02  1.796335e+01
     vertex  6.101184e+01  1.367000e+02  1.799035e+01
   endloop
 endfacet
 facet normal  0.000000e+00  1.000000e+00  0.000000e+00
   outer loop
     vertex  1.525000e+02  1.367000e+02  0.000000e+00
     vertex  6.101184e+01  1.367000e+02  1.799035e+01
     vertex  6.106659e+01  1.367000e+02  1.801887e+01
   endloop
 endfacet
 facet normal  0.000000e+00  1.000000e+00  0.000000e+00
   outer loop
     vertex  1.525000e+02  1.367000e+02  0.000000e+00
     vertex  6.106659e+01  1.367000e+02  1.801887e+01
     vertex  6.112054e+01  1.367000e+02  1.804888e+01
   endloop
 endfacet
 facet normal  0.000000e+00  1.000000e+00  0.000000e+00
   outer loop
     vertex  1.525000e+02  1.367000e+02  0.000000e+00
     vertex  6.112054e+01  1.367000e+02  1.804888e+01
     vertex  6.117365e+01  1.367000e+02  1.808035e+01
   endloop
 endfacet
 facet normal  0.000000e+00  1.000000e+00  0.000000e+00
   outer loop
     vertex  1.525000e+02  1.367000e+02  0.000000e+00
     vertex  6.117365e+01  1.367000e+02  1.808035e+01
     vertex  6.122587e+01  1.367000e+02  1.811327e+01
   endloop
 endfacet
 facet normal  0.000000e+00  1.000000e+00  0.000000e+00
   outer loop
     vertex  1.525000e+02  1.367000e+02  0.000000e+00
     vertex  6.122587e+01  1.367000e+02  1.811327e+01
     vertex  6.127717e+01  1.367000e+02  1.814761e+01
   endloop
 endfacet
 facet normal  0.000000e+00  1.000000e+00  0.000000e+00
   outer loop
     vertex  1.525000e+02  1.367000e+02  0.000000e+00
     vertex  6.127717e+01  1.367000e+02  1.814761e+01
     vertex  6.132751e+01  1.367000e+02  1.818335e+01
   endloop
 endfacet
 facet normal  0.000000e+00  1.000000e+00  0.000000e+00
   outer loop
     vertex  1.525000e+02  1.367000e+02  0.000000e+00
     vertex  6.132751e+01  1.367000e+02  1.818335e+01
     vertex  6.137684e+01  1.367000e+02  1.822045e+01
   endloop
 endfacet
 facet normal  0.000000e+00  1.000000e+00  0.000000e+00
   outer loop
     vertex  1.525000e+02  1.367000e+02  0.000000e+00
     vertex  6.137684e+01  1.367000e+02  1.822045e+01
     vertex  6.142515e+01  1.367000e+02  1.825889e+01
   endloop
 endfacet
 facet normal  0.000000e+00  1.000000e+00  0.000000e+00
   outer loop
     vertex  1.525000e+02  1.367000e+02  0.000000e+00
     vertex  6.142515e+01  1.367000e+02  1.825889e+01
     vertex  6.147238e+01  1.367000e+02  1.829864e+01
   endloop
 endfacet
 facet normal  0.000000e+00  1.000000e+00  0.000000e+00
   outer loop
     vertex  1.525000e+02  1.367000e+02  0.000000e+00
     vertex  6.147238e+01  1.367000e+02  1.829864e+01
     vertex  6.151850e+01  1.367000e+02  1.833968e+01
   endloop
 endfacet
 facet normal  0.000000e+00  1.000000e+00  0.000000e+00
   outer loop
     vertex  1.525000e+02  1.367000e+02  0.000000e+00
     vertex  6.151850e+01  1.367000e+02  1.833968e+01
     vertex  6.156347e+01  1.367000e+02  1.838196e+01
   endloop
 endfacet
 facet normal  0.000000e+00  1.000000e+00  0.000000e+00
   outer loop
     vertex  1.525000e+02  1.367000e+02  0.000000e+00
     vertex  6.156347e+01  1.367000e+02  1.838196e+01
     vertex  6.160728e+01  1.367000e+02  1.842546e+01
   endloop
 endfacet
 facet normal  0.000000e+00  1.000000e+00  0.000000e+00
   outer loop
     vertex  1.525000e+02  1.367000e+02  0.000000e+00
     vertex  6.160728e+01  1.367000e+02  1.842546e+01
     vertex  6.164987e+01  1.367000e+02  1.847015e+01
   endloop
 endfacet
 facet normal  0.000000e+00  1.000000e+00  0.000000e+00
   outer loop
     vertex  1.525000e+02  1.367000e+02  0.000000e+00
     vertex  6.164987e+01  1.367000e+02  1.847015e+01
     vertex  6.169122e+01  1.367000e+02  1.851599e+01
   endloop
 endfacet
 facet normal  0.000000e+00  1.000000e+00  0.000000e+00
   outer loop
     vertex  1.525000e+02  1.367000e+02  0.000000e+00
     vertex  6.169122e+01  1.367000e+02  1.851599e+01
     vertex  6.173129e+01  1.367000e+02  1.856294e+01
   endloop
 endfacet
 facet normal  0.000000e+00  1.000000e+00  0.000000e+00
   outer loop
     vertex  1.525000e+02  1.367000e+02  0.000000e+00
     vertex  6.173129e+01  1.367000e+02  1.856294e+01
     vertex  6.177006e+01  1.367000e+02  1.861098e+01
   endloop
 endfacet
 facet normal  0.000000e+00  1.000000e+00  0.000000e+00
   outer loop
     vertex  1.525000e+02  1.367000e+02  0.000000e+00
     vertex  6.177006e+01  1.367000e+02  1.861098e+01
     vertex  6.180750e+01  1.367000e+02  1.866006e+01
   endloop
 endfacet
 facet normal  0.000000e+00  1.000000e+00  0.000000e+00
   outer loop
     vertex  1.525000e+02  1.367000e+02  0.000000e+00
     vertex  6.180750e+01  1.367000e+02  1.866006e+01
     vertex  6.184358e+01  1.367000e+02  1.871016e+01
   endloop
 endfacet
 facet normal  0.000000e+00  1.000000e+00  0.000000e+00
   outer loop
     vertex  1.525000e+02  1.367000e+02  0.000000e+00
     vertex  6.184358e+01  1.367000e+02  1.871016e+01
     vertex  6.187828e+01  1.367000e+02  1.876122e+01
   endloop
 endfacet
 facet normal  0.000000e+00  1.000000e+00  0.000000e+00
   outer loop
     vertex  1.525000e+02  1.367000e+02  0.000000e+00
     vertex  6.187828e+01  1.367000e+02  1.876122e+01
     vertex  6.191155e+01  1.367000e+02  1.881321e+01
   endloop
 endfacet
 facet normal  0.000000e+00  1.000000e+00  0.000000e+00
   outer loop
     vertex  1.525000e+02  1.367000e+02  0.000000e+00
     vertex  6.191155e+01  1.367000e+02  1.881321e+01
     vertex  6.194339e+01  1.367000e+02  1.886610e+01
   endloop
 endfacet
 facet normal  0.000000e+00  1.000000e+00  0.000000e+00
   outer loop
     vertex  1.525000e+02  1.367000e+02  0.000000e+00
     vertex  6.194339e+01  1.367000e+02  1.886610e+01
     vertex  6.197377e+01  1.367000e+02  1.891984e+01
   endloop
 endfacet
 facet normal  0.000000e+00  1.000000e+00  0.000000e+00
   outer loop
     vertex  1.525000e+02  1.367000e+02  0.000000e+00
     vertex  6.197377e+01  1.367000e+02  1.891984e+01
     vertex  6.200266e+01  1.367000e+02  1.897440e+01
   endloop
 endfacet
 facet normal  0.000000e+00  1.000000e+00  0.000000e+00
   outer loop
     vertex  1.525000e+02  1.367000e+02  0.000000e+00
     vertex  6.200266e+01  1.367000e+02  1.897440e+01
     vertex  6.203004e+01  1.367000e+02  1.902973e+01
   endloop
 endfacet
 facet normal  0.000000e+00  1.000000e+00  0.000000e+00
   outer loop
     vertex  1.525000e+02  1.367000e+02  0.000000e+00
     vertex  6.203004e+01  1.367000e+02  1.902973e+01
     vertex  6.205590e+01  1.367000e+02  1.908578e+01
   endloop
 endfacet
 facet normal  0.000000e+00  1.000000e+00  0.000000e+00
   outer loop
     vertex  1.525000e+02  1.367000e+02  0.000000e+00
     vertex  6.205590e+01  1.367000e+02  1.908578e+01
     vertex  6.208020e+01  1.367000e+02  1.914253e+01
   endloop
 endfacet
 facet normal  0.000000e+00  1.000000e+00  0.000000e+00
   outer loop
     vertex  1.525000e+02  1.367000e+02  0.000000e+00
     vertex  6.208020e+01  1.367000e+02  1.914253e+01
     vertex  6.210294e+01  1.367000e+02  1.919992e+01
   endloop
 endfacet
 facet normal  0.000000e+00  1.000000e+00  0.000000e+00
   outer loop
     vertex  1.525000e+02  1.367000e+02  0.000000e+00
     vertex  6.210294e+01  1.367000e+02  1.919992e+01
     vertex  6.212410e+01  1.367000e+02  1.925791e+01
   endloop
 endfacet
 facet normal  0.000000e+00  1.000000e+00  0.000000e+00
   outer loop
     vertex  1.525000e+02  1.367000e+02  0.000000e+00
     vertex  6.212410e+01  1.367000e+02  1.925791e+01
     vertex  6.214366e+01  1.367000e+02  1.931646e+01
   endloop
 endfacet
 facet normal  0.000000e+00  1.000000e+00  0.000000e+00
   outer loop
     vertex  1.525000e+02  1.367000e+02  0.000000e+00
     vertex  6.214366e+01  1.367000e+02  1.931646e+01
     vertex  6.216161e+01  1.367000e+02  1.937553e+01
   endloop
 endfacet
 facet normal  0.000000e+00  1.000000e+00  0.000000e+00
   outer loop
     vertex  1.525000e+02  1.367000e+02  0.000000e+00
     vertex  6.216161e+01  1.367000e+02  1.937553e+01
     vertex  6.217792e+01  1.367000e+02  1.943507e+01
   endloop
 endfacet
 facet normal  0.000000e+00  1.000000e+00  0.000000e+00
   outer loop
     vertex  1.525000e+02  1.367000e+02  0.000000e+00
     vertex  6.217792e+01  1.367000e+02  1.943507e+01
     vertex  6.219260e+01  1.367000e+02  1.949503e+01
   endloop
 endfacet
 facet normal  0.000000e+00  1.000000e+00  0.000000e+00
   outer loop
     vertex  1.525000e+02  1.367000e+02  0.000000e+00
     vertex  6.219260e+01  1.367000e+02  1.949503e+01
     vertex  6.220563e+01  1.367000e+02  1.955537e+01
   endloop
 endfacet
 facet normal  0.000000e+00  1.000000e+00  0.000000e+00
   outer loop
     vertex  1.525000e+02  1.367000e+02  0.000000e+00
     vertex  6.220563e+01  1.367000e+02  1.955537e+01
     vertex  6.221700e+01  1.367000e+02  1.961605e+01
   endloop
 endfacet
 facet normal  0.000000e+00  1.000000e+00  0.000000e+00
   outer loop
     vertex  1.525000e+02  1.367000e+02  0.000000e+00
     vertex  6.221700e+01  1.367000e+02  1.961605e+01
     vertex  6.222670e+01  1.367000e+02  1.967701e+01
   endloop
 endfacet
 facet normal  0.000000e+00  1.000000e+00  0.000000e+00
   outer loop
     vertex  1.525000e+02  1.367000e+02  0.000000e+00
     vertex  6.222670e+01  1.367000e+02  1.967701e+01
     vertex  6.223472e+01  1.367000e+02  1.973822e+01
   endloop
 endfacet
 facet normal  0.000000e+00  1.000000e+00  0.000000e+00
   outer loop
     vertex  1.525000e+02  1.367000e+02  0.000000e+00
     vertex  6.223472e+01  1.367000e+02  1.973822e+01
     vertex  6.224106e+01  1.367000e+02  1.979963e+01
   endloop
 endfacet
 facet normal  0.000000e+00  1.000000e+00  0.000000e+00
   outer loop
     vertex  1.525000e+02  1.367000e+02  0.000000e+00
     vertex  6.224106e+01  1.367000e+02  1.979963e+01
     vertex  6.224571e+01  1.367000e+02  1.986119e+01
   endloop
 endfacet
 facet normal  0.000000e+00  1.000000e+00  0.000000e+00
   outer loop
     vertex  1.525000e+02  1.367000e+02  0.000000e+00
     vertex  6.224571e+01  1.367000e+02  1.986119e+01
     vertex  6.224868e+01  1.367000e+02  1.992285e+01
   endloop
 endfacet
 facet normal  0.000000e+00  1.000000e+00  0.000000e+00
   outer loop
     vertex  1.525000e+02  1.367000e+02  0.000000e+00
     vertex  6.224868e+01  1.367000e+02  1.992285e+01
     vertex  6.224995e+01  1.367000e+02  1.998457e+01
   endloop
 endfacet
 facet normal  0.000000e+00  1.000000e+00  0.000000e+00
   outer loop
     vertex  1.525000e+02  1.367000e+02  4.000000e+01
     vertex  6.213408e+01  1.367000e+02  2.071288e+01
     vertex  6.211372e+01  1.367000e+02  2.077116e+01
   endloop
 endfacet
 facet normal  0.000000e+00  1.000000e+00  0.000000e+00
   outer loop
     vertex  1.525000e+02  1.367000e+02  4.000000e+01
     vertex  6.211372e+01  1.367000e+02  2.077116e+01
     vertex  6.209177e+01  1.367000e+02  2.082885e+01
   endloop
 endfacet
 facet normal  0.000000e+00  1.000000e+00  0.000000e+00
   outer loop
     vertex  1.525000e+02  1.367000e+02  4.000000e+01
     vertex  6.209177e+01  1.367000e+02  2.082885e+01
     vertex  6.206824e+01  1.367000e+02  2.088593e+01
   endloop
 endfacet
 facet normal  0.000000e+00  1.000000e+00  0.000000e+00
   outer loop
     vertex  1.525000e+02  1.367000e+02  4.000000e+01
     vertex  6.206824e+01  1.367000e+02  2.088593e+01
     vertex  6.204316e+01  1.367000e+02  2.094233e+01
   endloop
 endfacet
 facet normal  0.000000e+00  1.000000e+00  0.000000e+00
   outer loop
     vertex  1.525000e+02  1.367000e+02  4.000000e+01
     vertex  6.204316e+01  1.367000e+02  2.094233e+01
     vertex  6.201654e+01  1.367000e+02  2.099803e+01
   endloop
 endfacet
 facet normal  0.000000e+00  1.000000e+00  0.000000e+00
   outer loop
     vertex  1.525000e+02  1.367000e+02  4.000000e+01
     vertex  6.201654e+01  1.367000e+02  2.099803e+01
     vertex  6.198840e+01  1.367000e+02  2.105298e+01
   endloop
 endfacet
 facet normal  0.000000e+00  1.000000e+00  0.000000e+00
   outer loop
     vertex  1.525000e+02  1.367000e+02  4.000000e+01
     vertex  6.198840e+01  1.367000e+02  2.105298e+01
     vertex  6.195876e+01  1.367000e+02  2.110713e+01
   endloop
 endfacet
 facet normal  0.000000e+00  1.000000e+00  0.000000e+00
   outer loop
     vertex  1.525000e+02  1.367000e+02  4.000000e+01
     vertex  6.195876e+01  1.367000e+02  2.110713e+01
     vertex  6.192765e+01  1.367000e+02  2.116045e+01
   endloop
 endfacet
 facet normal  0.000000e+00  1.000000e+00  0.000000e+00
   outer loop
     vertex  1.525000e+02  1.367000e+02  4.000000e+01
     vertex  6.192765e+01  1.367000e+02  2.116045e+01
     vertex  6.189509e+01  1.367000e+02  2.121290e+01
   endloop
 endfacet
 facet normal  0.000000e+00  1.000000e+00  0.000000e+00
   outer loop
     vertex  1.525000e+02  1.367000e+02  4.000000e+01
     vertex  6.189509e+01  1.367000e+02  2.121290e+01
     vertex  6.186110e+01  1.367000e+02  2.126443e+01
   endloop
 endfacet
 facet normal  0.000000e+00  1.000000e+00  0.000000e+00
   outer loop
     vertex  1.525000e+02  1.367000e+02  4.000000e+01
     vertex  6.186110e+01  1.367000e+02  2.126443e+01
     vertex  6.182572e+01  1.367000e+02  2.131501e+01
   endloop
 endfacet
 facet normal  0.000000e+00  1.000000e+00  0.000000e+00
   outer loop
     vertex  1.525000e+02  1.367000e+02  4.000000e+01
     vertex  6.182572e+01  1.367000e+02  2.131501e+01
     vertex  6.178895e+01  1.367000e+02  2.136461e+01
   endloop
 endfacet
 facet normal  0.000000e+00  1.000000e+00  0.000000e+00
   outer loop
     vertex  1.525000e+02  1.367000e+02  4.000000e+01
     vertex  6.178895e+01  1.367000e+02  2.136461e+01
     vertex  6.175084e+01  1.367000e+02  2.141317e+01
   endloop
 endfacet
 facet normal  0.000000e+00  1.000000e+00  0.000000e+00
   outer loop
     vertex  1.525000e+02  1.367000e+02  4.000000e+01
     vertex  6.175084e+01  1.367000e+02  2.141317e+01
     vertex  6.171141e+01  1.367000e+02  2.146067e+01
   endloop
 endfacet
 facet normal  0.000000e+00  1.000000e+00  0.000000e+00
   outer loop
     vertex  1.525000e+02  1.367000e+02  4.000000e+01
     vertex  6.171141e+01  1.367000e+02  2.146067e+01
     vertex  6.167070e+01  1.367000e+02  2.150707e+01
   endloop
 endfacet
 facet normal  0.000000e+00  1.000000e+00  0.000000e+00
   outer loop
     vertex  1.525000e+02  1.367000e+02  4.000000e+01
     vertex  6.167070e+01  1.367000e+02  2.150707e+01
     vertex  6.162872e+01  1.367000e+02  2.155234e+01
   endloop
 endfacet
 facet normal  0.000000e+00  1.000000e+00  0.000000e+00
   outer loop
     vertex  1.525000e+02  1.367000e+02  4.000000e+01
     vertex  6.162872e+01  1.367000e+02  2.155234e+01
     vertex  6.158552e+01  1.367000e+02  2.159644e+01
   endloop
 endfacet
 facet normal  0.000000e+00  1.000000e+00  0.000000e+00
   outer loop
     vertex  1.525000e+02  1.367000e+02  4.000000e+01
     vertex  6.158552e+01  1.367000e+02  2.159644e+01
     vertex  6.154113e+01  1.367000e+02  2.163933e+01
   endloop
 endfacet
 facet normal  0.000000e+00  1.000000e+00  0.000000e+00
   outer loop
     vertex  1.525000e+02  1.367000e+02  4.000000e+01
     vertex  6.154113e+01  1.367000e+02  2.163933e+01
     vertex  6.149558e+01  1.367000e+02  2.168100e+01
   endloop
 endfacet
 facet normal  0.000000e+00  1.000000e+00  0.000000e+00
   outer loop
     vertex  1.525000e+02  1.367000e+02  4.000000e+01
     vertex  6.149558e+01  1.367000e+02  2.168100e+01
     vertex  6.144890e+01  1.367000e+02  2.172139e+01
   endloop
 endfacet
 facet normal  0.000000e+00  1.000000e+00  0.000000e+00
   outer loop
     vertex  1.525000e+02  1.367000e+02  4.000000e+01
     vertex  6.144890e+01  1.367000e+02  2.172139e+01
     vertex  6.140113e+01  1.367000e+02  2.176049e+01
   endloop
 endfacet
 facet normal  0.000000e+00  1.000000e+00  0.000000e+00
   outer loop
     vertex  1.525000e+02  1.367000e+02  4.000000e+01
     vertex  6.140113e+01  1.367000e+02  2.176049e+01
     vertex  6.135230e+01  1.367000e+02  2.179827e+01
   endloop
 endfacet
 facet normal  0.000000e+00  1.000000e+00  0.000000e+00
   outer loop
     vertex  1.525000e+02  1.367000e+02  4.000000e+01
     vertex  6.135230e+01  1.367000e+02  2.179827e+01
     vertex  6.130246e+01  1.367000e+02  2.183469e+01
   endloop
 endfacet
 facet normal  0.000000e+00  1.000000e+00  0.000000e+00
   outer loop
     vertex  1.525000e+02  1.367000e+02  4.000000e+01
     vertex  6.130246e+01  1.367000e+02  2.183469e+01
     vertex  6.125164e+01  1.367000e+02  2.186973e+01
   endloop
 endfacet
 facet normal  0.000000e+00  1.000000e+00  0.000000e+00
   outer loop
     vertex  1.525000e+02  1.367000e+02  4.000000e+01
     vertex  6.125164e+01  1.367000e+02  2.186973e+01
     vertex  6.119987e+01  1.367000e+02  2.190337e+01
   endloop
 endfacet
 facet normal  0.000000e+00  1.000000e+00  0.000000e+00
   outer loop
     vertex  1.525000e+02  1.367000e+02  4.000000e+01
     vertex  6.119987e+01  1.367000e+02  2.190337e+01
     vertex  6.114720e+01  1.367000e+02  2.193557e+01
   endloop
 endfacet
 facet normal  0.000000e+00  1.000000e+00  0.000000e+00
   outer loop
     vertex  1.525000e+02  1.367000e+02  4.000000e+01
     vertex  6.114720e+01  1.367000e+02  2.193557e+01
     vertex  6.109367e+01  1.367000e+02  2.196631e+01
   endloop
 endfacet
 facet normal  0.000000e+00  1.000000e+00  0.000000e+00
   outer loop
     vertex  1.525000e+02  1.367000e+02  4.000000e+01
     vertex  6.109367e+01  1.367000e+02  2.196631e+01
     vertex  6.103931e+01  1.367000e+02  2.199558e+01
   endloop
 endfacet
 facet normal  0.000000e+00  1.000000e+00  0.000000e+00
   outer loop
     vertex  1.525000e+02  1.367000e+02  4.000000e+01
     vertex  6.103931e+01  1.367000e+02  2.199558e+01
     vertex  6.098418e+01  1.367000e+02  2.202334e+01
   endloop
 endfacet
 facet normal  0.000000e+00  1.000000e+00  0.000000e+00
   outer loop
     vertex  1.525000e+02  1.367000e+02  4.000000e+01
     vertex  6.098418e+01  1.367000e+02  2.202334e+01
     vertex  6.092830e+01  1.367000e+02  2.204958e+01
   endloop
 endfacet
 facet normal  0.000000e+00  1.000000e+00  0.000000e+00
   outer loop
     vertex  1.525000e+02  1.367000e+02  4.000000e+01
     vertex  6.092830e+01  1.367000e+02  2.204958e+01
     vertex  6.087172e+01  1.367000e+02  2.207427e+01
   endloop
 endfacet
 facet normal  0.000000e+00  1.000000e+00  0.000000e+00
   outer loop
     vertex  1.525000e+02  1.367000e+02  4.000000e+01
     vertex  6.087172e+01  1.367000e+02  2.207427e+01
     vertex  6.081449e+01  1.367000e+02  2.209741e+01
   endloop
 endfacet
 facet normal  0.000000e+00  1.000000e+00  0.000000e+00
   outer loop
     vertex  1.525000e+02  1.367000e+02  4.000000e+01
     vertex  6.081449e+01  1.367000e+02  2.209741e+01
     vertex  6.075664e+01  1.367000e+02  2.211896e+01
   endloop
 endfacet
 facet normal  0.000000e+00  1.000000e+00  0.000000e+00
   outer loop
     vertex  1.525000e+02  1.367000e+02  4.000000e+01
     vertex  6.075664e+01  1.367000e+02  2.211896e+01
     vertex  6.069822e+01  1.367000e+02  2.213892e+01
   endloop
 endfacet
 facet normal  0.000000e+00  1.000000e+00  0.000000e+00
   outer loop
     vertex  1.525000e+02  1.367000e+02  4.000000e+01
     vertex  6.069822e+01  1.367000e+02  2.213892e+01
     vertex  6.063928e+01  1.367000e+02  2.215727e+01
   endloop
 endfacet
 facet normal  0.000000e+00  1.000000e+00  0.000000e+00
   outer loop
     vertex  1.525000e+02  1.367000e+02  4.000000e+01
     vertex  6.063928e+01  1.367000e+02  2.215727e+01
     vertex  6.057986e+01  1.367000e+02  2.217400e+01
   endloop
 endfacet
 facet normal  0.000000e+00  1.000000e+00  0.000000e+00
   outer loop
     vertex  1.525000e+02  1.367000e+02  4.000000e+01
     vertex  6.057986e+01  1.367000e+02  2.217400e+01
     vertex  6.052000e+01  1.367000e+02  2.218909e+01
   endloop
 endfacet
 facet normal  0.000000e+00  1.000000e+00  0.000000e+00
   outer loop
     vertex  1.525000e+02  1.367000e+02  4.000000e+01
     vertex  6.052000e+01  1.367000e+02  2.218909e+01
     vertex  6.045975e+01  1.367000e+02  2.220253e+01
   endloop
 endfacet
 facet normal  0.000000e+00  1.000000e+00  0.000000e+00
   outer loop
     vertex  1.525000e+02  1.367000e+02  4.000000e+01
     vertex  6.045975e+01  1.367000e+02  2.220253e+01
     vertex  6.039915e+01  1.367000e+02  2.221431e+01
   endloop
 endfacet
 facet normal  0.000000e+00  1.000000e+00  0.000000e+00
   outer loop
     vertex  1.525000e+02  1.367000e+02  4.000000e+01
     vertex  6.039915e+01  1.367000e+02  2.221431e+01
     vertex  6.033825e+01  1.367000e+02  2.222443e+01
   endloop
 endfacet
 facet normal  0.000000e+00  1.000000e+00  0.000000e+00
   outer loop
     vertex  1.525000e+02  1.367000e+02  4.000000e+01
     vertex  6.224995e+01  1.367000e+02  1.998457e+01
     vertex  6.224952e+01  1.367000e+02  2.004630e+01
   endloop
 endfacet
 facet normal  0.000000e+00  1.000000e+00  0.000000e+00
   outer loop
     vertex  1.525000e+02  1.367000e+02  4.000000e+01
     vertex  1.525000e+02  1.367000e+02  0.000000e+00
     vertex  6.224995e+01  1.367000e+02  1.998457e+01
   endloop
 endfacet
 facet normal  0.000000e+00  1.000000e+00  0.000000e+00
   outer loop
     vertex  1.525000e+02  1.367000e+02  4.000000e+01
     vertex  6.224952e+01  1.367000e+02  2.004630e+01
     vertex  6.224741e+01  1.367000e+02  2.010799e+01
   endloop
 endfacet
 facet normal  0.000000e+00  1.000000e+00  0.000000e+00
   outer loop
     vertex  1.525000e+02  1.367000e+02  4.000000e+01
     vertex  6.224741e+01  1.367000e+02  2.010799e+01
     vertex  6.224360e+01  1.367000e+02  2.016961e+01
   endloop
 endfacet
 facet normal  0.000000e+00  1.000000e+00  0.000000e+00
   outer loop
     vertex  1.525000e+02  1.367000e+02  4.000000e+01
     vertex  6.224360e+01  1.367000e+02  2.016961e+01
     vertex  6.223810e+01  1.367000e+02  2.023110e+01
   endloop
 endfacet
 facet normal  0.000000e+00  1.000000e+00  0.000000e+00
   outer loop
     vertex  1.525000e+02  1.367000e+02  4.000000e+01
     vertex  6.223810e+01  1.367000e+02  2.023110e+01
     vertex  6.223092e+01  1.367000e+02  2.029241e+01
   endloop
 endfacet
 facet normal  0.000000e+00  1.000000e+00  0.000000e+00
   outer loop
     vertex  1.525000e+02  1.367000e+02  4.000000e+01
     vertex  6.223092e+01  1.367000e+02  2.029241e+01
     vertex  6.222206e+01  1.367000e+02  2.035350e+01
   endloop
 endfacet
 facet normal  0.000000e+00  1.000000e+00  0.000000e+00
   outer loop
     vertex  1.525000e+02  1.367000e+02  4.000000e+01
     vertex  6.222206e+01  1.367000e+02  2.035350e+01
     vertex  6.221152e+01  1.367000e+02  2.041433e+01
   endloop
 endfacet
 facet normal  0.000000e+00  1.000000e+00  0.000000e+00
   outer loop
     vertex  1.525000e+02  1.367000e+02  4.000000e+01
     vertex  6.221152e+01  1.367000e+02  2.041433e+01
     vertex  6.219932e+01  1.367000e+02  2.047484e+01
   endloop
 endfacet
 facet normal  0.000000e+00  1.000000e+00  0.000000e+00
   outer loop
     vertex  1.525000e+02  1.367000e+02  4.000000e+01
     vertex  6.219932e+01  1.367000e+02  2.047484e+01
     vertex  6.218547e+01  1.367000e+02  2.053500e+01
   endloop
 endfacet
 facet normal  0.000000e+00  1.000000e+00  0.000000e+00
   outer loop
     vertex  1.525000e+02  1.367000e+02  4.000000e+01
     vertex  6.218547e+01  1.367000e+02  2.053500e+01
     vertex  6.216997e+01  1.367000e+02  2.059476e+01
   endloop
 endfacet
 facet normal  0.000000e+00  1.000000e+00  0.000000e+00
   outer loop
     vertex  1.525000e+02  1.367000e+02  4.000000e+01
     vertex  6.216997e+01  1.367000e+02  2.059476e+01
     vertex  6.215284e+01  1.367000e+02  2.065406e+01
   endloop
 endfacet
 facet normal  0.000000e+00  1.000000e+00  0.000000e+00
   outer loop
     vertex  1.525000e+02  1.367000e+02  4.000000e+01
     vertex  6.215284e+01  1.367000e+02  2.065406e+01
     vertex  6.213408e+01  1.367000e+02  2.071288e+01
   endloop
 endfacet
 facet normal  0.000000e+00  1.000000e+00  0.000000e+00
   outer loop
     vertex  1.525000e+02  1.367000e+02  0.000000e+00
     vertex  0.000000e+00  1.367000e+02  0.000000e+00
     vertex  6.012341e+01  1.367000e+02  1.775339e+01
   endloop
 endfacet
 facet normal  0.000000e+00  1.000000e+00  0.000000e+00
   outer loop
     vertex  1.525000e+02  1.367000e+02  0.000000e+00
     vertex  6.012341e+01  1.367000e+02  1.775339e+01
     vertex  6.018499e+01  1.367000e+02  1.775762e+01
   endloop
 endfacet
 facet normal  0.000000e+00  1.000000e+00  0.000000e+00
   outer loop
     vertex  1.525000e+02  1.367000e+02  0.000000e+00
     vertex  6.018499e+01  1.367000e+02  1.775762e+01
     vertex  6.024644e+01  1.367000e+02  1.776354e+01
   endloop
 endfacet
 facet normal  0.000000e+00  1.000000e+00  0.000000e+00
   outer loop
     vertex  1.525000e+02  1.367000e+02  0.000000e+00
     vertex  6.024644e+01  1.367000e+02  1.776354e+01
     vertex  6.030770e+01  1.367000e+02  1.777114e+01
   endloop
 endfacet
 facet normal -0.000000e+00  1.000000e+00  0.000000e+00
   outer loop
     vertex  0.000000e+00  1.367000e+02  4.000000e+01
     vertex  1.525000e+02  1.367000e+02  4.000000e+01
     vertex  6.009258e+01  1.367000e+02  2.224809e+01
   endloop
 endfacet
 facet normal -0.000000e+00  1.000000e+00  0.000000e+00
   outer loop
     vertex  6.009258e+01  1.367000e+02  2.224809e+01
     vertex  1.525000e+02  1.367000e+02  4.000000e+01
     vertex  6.015421e+01  1.367000e+02  2.224471e+01
   endloop
 endfacet
 facet normal -0.000000e+00  1.000000e+00  0.000000e+00
   outer loop
     vertex  6.015421e+01  1.367000e+02  2.224471e+01
     vertex  1.525000e+02  1.367000e+02  4.000000e+01
     vertex  6.021574e+01  1.367000e+02  2.223963e+01
   endloop
 endfacet
 facet normal -0.000000e+00  1.000000e+00  0.000000e+00
   outer loop
     vertex  6.021574e+01  1.367000e+02  2.223963e+01
     vertex  1.525000e+02  1.367000e+02  4.000000e+01
     vertex  6.027710e+01  1.367000e+02  2.223287e+01
   endloop
 endfacet
 facet normal -0.000000e+00  1.000000e+00  0.000000e+00
   outer loop
     vertex  6.027710e+01  1.367000e+02  2.223287e+01
     vertex  1.525000e+02  1.367000e+02  4.000000e+01
     vertex  6.033825e+01  1.367000e+02  2.222443e+01
   endloop
 endfacet
 facet normal  0.000000e+00  0.000000e+00 -1.000000e+00
   outer loop
     vertex  1.525000e+02  0.000000e+00  0.000000e+00
     vertex  0.000000e+00  0.000000e+00  0.000000e+00
     vertex  8.450000e+01  3.235000e+01  0.000000e+00
   endloop
 endfacet
 facet normal -0.000000e+00 -0.000000e+00 -1.000000e+00
   outer loop
     vertex  1.525000e+02  3.235000e+01  0.000000e+00
     vertex  1.525000e+02  0.000000e+00  0.000000e+00
     vertex  8.450000e+01  3.235000e+01  0.000000e+00
   endloop
 endfacet
 facet normal -0.000000e+00  0.000000e+00 -1.000000e+00
   outer loop
     vertex  8.450000e+01  1.043500e+02  0.000000e+00
     vertex  0.000000e+00  0.000000e+00  0.000000e+00
     vertex  0.000000e+00  1.367000e+02  0.000000e+00
   endloop
 endfacet
 facet normal  0.000000e+00 -0.000000e+00 -1.000000e+00
   outer loop
     vertex  8.450000e+01  1.043500e+02  0.000000e+00
     vertex  8.450000e+01  3.235000e+01  0.000000e+00
     vertex  0.000000e+00  0.000000e+00  0.000000e+00
   endloop
 endfacet
 facet normal  0.000000e+00 -0.000000e+00 -1.000000e+00
   outer loop
     vertex  1.525000e+02  1.367000e+02  0.000000e+00
     vertex  1.525000e+02  1.043500e+02  0.000000e+00
     vertex  8.450000e+01  1.043500e+02  0.000000e+00
   endloop
 endfacet
 facet normal -0.000000e+00  0.000000e+00 -1.000000e+00
   outer loop
     vertex  1.525000e+02  1.367000e+02  0.000000e+00
     vertex  8.450000e+01  1.043500e+02  0.000000e+00
     vertex  0.000000e+00  1.367000e+02  0.000000e+00
   endloop
 endfacet
 facet normal  1.000000e+00  0.000000e+00  0.000000e+00
   outer loop
     vertex  1.525000e+02  1.043500e+02  3.500000e+01
     vertex  1.525000e+02  1.043500e+02  0.000000e+00
     vertex  1.525000e+02  1.367000e+02  0.000000e+00
   endloop
 endfacet
 facet normal  1.000000e+00 -0.000000e+00  0.000000e+00
   outer loop
     vertex  1.525000e+02  1.043500e+02  3.500000e+01
     vertex  1.525000e+02  1.367000e+02  0.000000e+00
     vertex  1.525000e+02  1.367000e+02  4.000000e+01
   endloop
 endfacet
 facet normal  1.000000e+00 -0.000000e+00  0.000000e+00
   outer loop
     vertex  1.525000e+02  1.586860e+01  1.910109e+01
     vertex  1.525000e+02  3.235000e+01  0.000000e+00
     vertex  1.525000e+02  1.589293e+01  1.912526e+01
   endloop
 endfacet
 facet normal  1.000000e+00  0.000000e+00  0.000000e+00
   outer loop
     vertex  1.525000e+02  1.591659e+01  1.915008e+01
     vertex  1.525000e+02  1.589293e+01  1.912526e+01
     vertex  1.525000e+02  3.235000e+01  0.000000e+00
   endloop
 endfacet
 facet normal  1.000000e+00 -0.000000e+00  0.000000e+00
   outer loop
     vertex  1.525000e+02  1.584361e+01  1.907760e+01
     vertex  1.525000e+02  3.235000e+01  0.000000e+00
     vertex  1.525000e+02  1.586860e+01  1.910109e+01
   endloop
 endfacet
 facet normal  1.000000e+00  0.000000e+00  0.000000e+00
   outer loop
     vertex  1.525000e+02  1.593956e+01  1.917555e+01
     vertex  1.525000e+02  1.591659e+01  1.915008e+01
     vertex  1.525000e+02  3.235000e+01  0.000000e+00
   endloop
 endfacet
 facet normal  1.000000e+00 -0.000000e+00  0.000000e+00
   outer loop
     vertex  1.525000e+02  1.581799e+01  1.905480e+01
     vertex  1.525000e+02  3.235000e+01  0.000000e+00
     vertex  1.525000e+02  1.584361e+01  1.907760e+01
   endloop
 endfacet
 facet normal  1.000000e+00  0.000000e+00  0.000000e+00
   outer loop
     vertex  1.525000e+02  1.596183e+01  1.920164e+01
     vertex  1.525000e+02  1.593956e+01  1.917555e+01
     vertex  1.525000e+02  3.235000e+01  0.000000e+00
   endloop
 endfacet
 facet normal  1.000000e+00 -0.000000e+00  0.000000e+00
   outer loop
     vertex  1.525000e+02  1.579175e+01  1.903272e+01
     vertex  1.525000e+02  3.235000e+01  0.000000e+00
     vertex  1.525000e+02  1.581799e+01  1.905480e+01
   endloop
 endfacet
 facet normal  1.000000e+00  0.000000e+00  0.000000e+00
   outer loop
     vertex  1.525000e+02  1.598337e+01  1.922832e+01
     vertex  1.525000e+02  1.596183e+01  1.920164e+01
     vertex  1.525000e+02  3.235000e+01  0.000000e+00
   endloop
 endfacet
 facet normal  1.000000e+00 -0.000000e+00  0.000000e+00
   outer loop
     vertex  1.525000e+02  1.576491e+01  1.901136e+01
     vertex  1.525000e+02  3.235000e+01  0.000000e+00
     vertex  1.525000e+02  1.579175e+01  1.903272e+01
   endloop
 endfacet
 facet normal  1.000000e+00  0.000000e+00  0.000000e+00
   outer loop
     vertex  1.525000e+02  1.600417e+01  1.925559e+01
     vertex  1.525000e+02  1.598337e+01  1.922832e+01
     vertex  1.525000e+02  3.235000e+01  0.000000e+00
   endloop
 endfacet
 facet normal  1.000000e+00 -0.000000e+00  0.000000e+00
   outer loop
     vertex  1.525000e+02  1.573750e+01  1.899075e+01
     vertex  1.525000e+02  3.235000e+01  0.000000e+00
     vertex  1.525000e+02  1.576491e+01  1.901136e+01
   endloop
 endfacet
 facet normal  1.000000e+00  0.000000e+00  0.000000e+00
   outer loop
     vertex  1.525000e+02  1.602421e+01  1.928342e+01
     vertex  1.525000e+02  1.600417e+01  1.925559e+01
     vertex  1.525000e+02  3.235000e+01  0.000000e+00
   endloop
 endfacet
 facet normal  1.000000e+00 -0.000000e+00  0.000000e+00
   outer loop
     vertex  1.525000e+02  1.570954e+01  1.897090e+01
     vertex  1.525000e+02  3.235000e+01  0.000000e+00
     vertex  1.525000e+02  1.573750e+01  1.899075e+01
   endloop
 endfacet
 facet normal  1.000000e+00  0.000000e+00  0.000000e+00
   outer loop
     vertex  1.525000e+02  1.604349e+01  1.931179e+01
     vertex  1.525000e+02  1.602421e+01  1.928342e+01
     vertex  1.525000e+02  3.235000e+01  0.000000e+00
   endloop
 endfacet
 facet normal  1.000000e+00 -0.000000e+00  0.000000e+00
   outer loop
     vertex  1.525000e+02  1.568104e+01  1.895182e+01
     vertex  1.525000e+02  3.235000e+01  0.000000e+00
     vertex  1.525000e+02  1.570954e+01  1.897090e+01
   endloop
 endfacet
 facet normal  1.000000e+00  0.000000e+00  0.000000e+00
   outer loop
     vertex  1.525000e+02  1.606197e+01  1.934067e+01
     vertex  1.525000e+02  1.604349e+01  1.931179e+01
     vertex  1.525000e+02  3.235000e+01  0.000000e+00
   endloop
 endfacet
 facet normal  1.000000e+00 -0.000000e+00  0.000000e+00
   outer loop
     vertex  1.525000e+02  1.565203e+01  1.893353e+01
     vertex  1.525000e+02  3.235000e+01  0.000000e+00
     vertex  1.525000e+02  1.568104e+01  1.895182e+01
   endloop
 endfacet
 facet normal  1.000000e+00  0.000000e+00  0.000000e+00
   outer loop
     vertex  1.525000e+02  1.607966e+01  1.937006e+01
     vertex  1.525000e+02  1.606197e+01  1.934067e+01
     vertex  1.525000e+02  3.235000e+01  0.000000e+00
   endloop
 endfacet
 facet normal  1.000000e+00 -0.000000e+00  0.000000e+00
   outer loop
     vertex  1.525000e+02  1.562252e+01  1.891604e+01
     vertex  1.525000e+02  3.235000e+01  0.000000e+00
     vertex  1.525000e+02  1.565203e+01  1.893353e+01
   endloop
 endfacet
 facet normal  1.000000e+00  0.000000e+00  0.000000e+00
   outer loop
     vertex  1.525000e+02  1.609654e+01  1.939991e+01
     vertex  1.525000e+02  1.607966e+01  1.937006e+01
     vertex  1.525000e+02  3.235000e+01  0.000000e+00
   endloop
 endfacet
 facet normal  1.000000e+00 -0.000000e+00  0.000000e+00
   outer loop
     vertex  1.525000e+02  1.559255e+01  1.889937e+01
     vertex  1.525000e+02  3.235000e+01  0.000000e+00
     vertex  1.525000e+02  1.562252e+01  1.891604e+01
   endloop
 endfacet
 facet normal  1.000000e+00  0.000000e+00  0.000000e+00
   outer loop
     vertex  1.525000e+02  1.611259e+01  1.943022e+01
     vertex  1.525000e+02  1.609654e+01  1.939991e+01
     vertex  1.525000e+02  3.235000e+01  0.000000e+00
   endloop
 endfacet
 facet normal  1.000000e+00 -0.000000e+00  0.000000e+00
   outer loop
     vertex  1.525000e+02  1.556213e+01  1.888353e+01
     vertex  1.525000e+02  3.235000e+01  0.000000e+00
     vertex  1.525000e+02  1.559255e+01  1.889937e+01
   endloop
 endfacet
 facet normal  1.000000e+00  0.000000e+00  0.000000e+00
   outer loop
     vertex  1.525000e+02  1.612780e+01  1.946096e+01
     vertex  1.525000e+02  1.611259e+01  1.943022e+01
     vertex  1.525000e+02  3.235000e+01  0.000000e+00
   endloop
 endfacet
 facet normal  1.000000e+00 -0.000000e+00  0.000000e+00
   outer loop
     vertex  1.525000e+02  1.553129e+01  1.886853e+01
     vertex  1.525000e+02  3.235000e+01  0.000000e+00
     vertex  1.525000e+02  1.556213e+01  1.888353e+01
   endloop
 endfacet
 facet normal  1.000000e+00  0.000000e+00  0.000000e+00
   outer loop
     vertex  1.525000e+02  1.614216e+01  1.949210e+01
     vertex  1.525000e+02  1.612780e+01  1.946096e+01
     vertex  1.525000e+02  3.235000e+01  0.000000e+00
   endloop
 endfacet
 facet normal  1.000000e+00 -0.000000e+00  0.000000e+00
   outer loop
     vertex  1.525000e+02  1.550005e+01  1.885438e+01
     vertex  1.525000e+02  3.235000e+01  0.000000e+00
     vertex  1.525000e+02  1.553129e+01  1.886853e+01
   endloop
 endfacet
 facet normal  1.000000e+00  0.000000e+00  0.000000e+00
   outer loop
     vertex  1.525000e+02  1.615567e+01  1.952363e+01
     vertex  1.525000e+02  1.614216e+01  1.949210e+01
     vertex  1.525000e+02  3.235000e+01  0.000000e+00
   endloop
 endfacet
 facet normal  1.000000e+00 -0.000000e+00  0.000000e+00
   outer loop
     vertex  1.525000e+02  1.546843e+01  1.884109e+01
     vertex  1.525000e+02  3.235000e+01  0.000000e+00
     vertex  1.525000e+02  1.550005e+01  1.885438e+01
   endloop
 endfacet
 facet normal  1.000000e+00  0.000000e+00  0.000000e+00
   outer loop
     vertex  1.525000e+02  1.616830e+01  1.955551e+01
     vertex  1.525000e+02  1.615567e+01  1.952363e+01
     vertex  1.525000e+02  3.235000e+01  0.000000e+00
   endloop
 endfacet
 facet normal  1.000000e+00 -0.000000e+00  0.000000e+00
   outer loop
     vertex  1.525000e+02  1.543647e+01  1.882868e+01
     vertex  1.525000e+02  3.235000e+01  0.000000e+00
     vertex  1.525000e+02  1.546843e+01  1.884109e+01
   endloop
 endfacet
 facet normal  1.000000e+00  0.000000e+00  0.000000e+00
   outer loop
     vertex  1.525000e+02  1.618006e+01  1.958773e+01
     vertex  1.525000e+02  1.616830e+01  1.955551e+01
     vertex  1.525000e+02  3.235000e+01  0.000000e+00
   endloop
 endfacet
 facet normal  1.000000e+00 -0.000000e+00  0.000000e+00
   outer loop
     vertex  1.525000e+02  1.540417e+01  1.881714e+01
     vertex  1.525000e+02  3.235000e+01  0.000000e+00
     vertex  1.525000e+02  1.543647e+01  1.882868e+01
   endloop
 endfacet
 facet normal  1.000000e+00  0.000000e+00  0.000000e+00
   outer loop
     vertex  1.525000e+02  1.619092e+01  1.962026e+01
     vertex  1.525000e+02  1.618006e+01  1.958773e+01
     vertex  1.525000e+02  3.235000e+01  0.000000e+00
   endloop
 endfacet
 facet normal  1.000000e+00 -0.000000e+00  0.000000e+00
   outer loop
     vertex  1.525000e+02  1.537156e+01  1.880650e+01
     vertex  1.525000e+02  3.235000e+01  0.000000e+00
     vertex  1.525000e+02  1.540417e+01  1.881714e+01
   endloop
 endfacet
 facet normal  1.000000e+00  0.000000e+00  0.000000e+00
   outer loop
     vertex  1.525000e+02  1.620089e+01  1.965307e+01
     vertex  1.525000e+02  1.619092e+01  1.962026e+01
     vertex  1.525000e+02  3.235000e+01  0.000000e+00
   endloop
 endfacet
 facet normal  1.000000e+00 -0.000000e+00  0.000000e+00
   outer loop
     vertex  1.525000e+02  1.533868e+01  1.879676e+01
     vertex  1.525000e+02  3.235000e+01  0.000000e+00
     vertex  1.525000e+02  1.537156e+01  1.880650e+01
   endloop
 endfacet
 facet normal  1.000000e+00  0.000000e+00  0.000000e+00
   outer loop
     vertex  1.525000e+02  1.620996e+01  1.968615e+01
     vertex  1.525000e+02  1.620089e+01  1.965307e+01
     vertex  1.525000e+02  3.235000e+01  0.000000e+00
   endloop
 endfacet
 facet normal  1.000000e+00 -0.000000e+00  0.000000e+00
   outer loop
     vertex  1.525000e+02  1.530554e+01  1.878792e+01
     vertex  1.525000e+02  3.235000e+01  0.000000e+00
     vertex  1.525000e+02  1.533868e+01  1.879676e+01
   endloop
 endfacet
 facet normal  1.000000e+00  0.000000e+00  0.000000e+00
   outer loop
     vertex  1.525000e+02  1.621811e+01  1.971946e+01
     vertex  1.525000e+02  1.620996e+01  1.968615e+01
     vertex  1.525000e+02  3.235000e+01  0.000000e+00
   endloop
 endfacet
 facet normal  1.000000e+00 -0.000000e+00  0.000000e+00
   outer loop
     vertex  1.525000e+02  1.527218e+01  1.877999e+01
     vertex  1.525000e+02  3.235000e+01  0.000000e+00
     vertex  1.525000e+02  1.530554e+01  1.878792e+01
   endloop
 endfacet
 facet normal  1.000000e+00  0.000000e+00  0.000000e+00
   outer loop
     vertex  1.525000e+02  1.622535e+01  1.975298e+01
     vertex  1.525000e+02  1.621811e+01  1.971946e+01
     vertex  1.525000e+02  3.235000e+01  0.000000e+00
   endloop
 endfacet
 facet normal  1.000000e+00 -0.000000e+00  0.000000e+00
   outer loop
     vertex  1.525000e+02  1.523860e+01  1.877298e+01
     vertex  1.525000e+02  3.235000e+01  0.000000e+00
     vertex  1.525000e+02  1.527218e+01  1.877999e+01
   endloop
 endfacet
 facet normal  1.000000e+00  0.000000e+00  0.000000e+00
   outer loop
     vertex  1.525000e+02  1.623167e+01  1.978669e+01
     vertex  1.525000e+02  1.622535e+01  1.975298e+01
     vertex  1.525000e+02  3.235000e+01  0.000000e+00
   endloop
 endfacet
 facet normal  1.000000e+00 -0.000000e+00  0.000000e+00
   outer loop
     vertex  1.525000e+02  1.520485e+01  1.876690e+01
     vertex  1.525000e+02  3.235000e+01  0.000000e+00
     vertex  1.525000e+02  1.523860e+01  1.877298e+01
   endloop
 endfacet
 facet normal  1.000000e+00 -0.000000e+00  0.000000e+00
   outer loop
     vertex  1.525000e+02  1.623705e+01  1.982056e+01
     vertex  1.525000e+02  3.235000e+01  0.000000e+00
     vertex  1.525000e+02  3.235000e+01  3.500000e+01
   endloop
 endfacet
 facet normal  1.000000e+00  0.000000e+00  0.000000e+00
   outer loop
     vertex  1.525000e+02  1.623705e+01  1.982056e+01
     vertex  1.525000e+02  1.623167e+01  1.978669e+01
     vertex  1.525000e+02  3.235000e+01  0.000000e+00
   endloop
 endfacet
 facet normal  1.000000e+00 -0.000000e+00  0.000000e+00
   outer loop
     vertex  1.525000e+02  1.517095e+01  1.876174e+01
     vertex  1.525000e+02  3.235000e+01  0.000000e+00
     vertex  1.525000e+02  1.520485e+01  1.876690e+01
   endloop
 endfacet
 facet normal  1.000000e+00 -0.000000e+00  0.000000e+00
   outer loop
     vertex  1.525000e+02  1.624151e+01  1.985457e+01
     vertex  1.525000e+02  1.623705e+01  1.982056e+01
     vertex  1.525000e+02  3.235000e+01  3.500000e+01
   endloop
 endfacet
 facet normal  1.000000e+00 -0.000000e+00  0.000000e+00
   outer loop
     vertex  1.525000e+02  1.513691e+01  1.875752e+01
     vertex  1.525000e+02  3.235000e+01  0.000000e+00
     vertex  1.525000e+02  1.517095e+01  1.876174e+01
   endloop
 endfacet
 facet normal  1.000000e+00 -0.000000e+00  0.000000e+00
   outer loop
     vertex  1.525000e+02  1.624503e+01  1.988868e+01
     vertex  1.525000e+02  1.624151e+01  1.985457e+01
     vertex  1.525000e+02  3.235000e+01  3.500000e+01
   endloop
 endfacet
 facet normal  1.000000e+00 -0.000000e+00  0.000000e+00
   outer loop
     vertex  1.525000e+02  1.510277e+01  1.875423e+01
     vertex  1.525000e+02  3.235000e+01  0.000000e+00
     vertex  1.525000e+02  1.513691e+01  1.875752e+01
   endloop
 endfacet
 facet normal  1.000000e+00 -0.000000e+00  0.000000e+00
   outer loop
     vertex  1.525000e+02  1.624762e+01  1.992288e+01
     vertex  1.525000e+02  1.624503e+01  1.988868e+01
     vertex  1.525000e+02  3.235000e+01  3.500000e+01
   endloop
 endfacet
 facet normal  1.000000e+00  0.000000e+00  0.000000e+00
   outer loop
     vertex  1.525000e+02  1.506856e+01  1.875188e+01
     vertex  1.525000e+02  0.000000e+00  0.000000e+00
     vertex  1.525000e+02  3.235000e+01  0.000000e+00
   endloop
 endfacet
 facet normal  1.000000e+00 -0.000000e+00  0.000000e+00
   outer loop
     vertex  1.525000e+02  1.506856e+01  1.875188e+01
     vertex  1.525000e+02  3.235000e+01  0.000000e+00
     vertex  1.525000e+02  1.510277e+01  1.875423e+01
   endloop
 endfacet
 facet normal  1.000000e+00 -0.000000e+00  0.000000e+00
   outer loop
     vertex  1.525000e+02  1.624926e+01  1.995714e+01
     vertex  1.525000e+02  1.624762e+01  1.992288e+01
     vertex  1.525000e+02  3.235000e+01  3.500000e+01
   endloop
 endfacet
 facet normal  1.000000e+00 -0.000000e+00  0.000000e+00
   outer loop
     vertex  1.525000e+02  1.503429e+01  1.875047e+01
     vertex  1.525000e+02  0.000000e+00  0.000000e+00
     vertex  1.525000e+02  1.506856e+01  1.875188e+01
   endloop
 endfacet
 facet normal  1.000000e+00 -0.000000e+00  0.000000e+00
   outer loop
     vertex  1.525000e+02  1.624997e+01  1.999143e+01
     vertex  1.525000e+02  1.624926e+01  1.995714e+01
     vertex  1.525000e+02  3.235000e+01  3.500000e+01
   endloop
 endfacet
 facet normal  1.000000e+00 -0.000000e+00  0.000000e+00
   outer loop
     vertex  1.525000e+02  1.500000e+01  1.875000e+01
     vertex  1.525000e+02  0.000000e+00  0.000000e+00
     vertex  1.525000e+02  1.503429e+01  1.875047e+01
   endloop
 endfacet
 facet normal  1.000000e+00 -0.000000e+00  0.000000e+00
   outer loop
     vertex  1.525000e+02  1.624974e+01  2.002572e+01
     vertex  1.525000e+02  1.624997e+01  1.999143e+01
     vertex  1.525000e+02  3.235000e+01  3.500000e+01
   endloop
 endfacet
 facet normal  1.000000e+00  0.000000e+00  0.000000e+00
   outer loop
     vertex  1.525000e+02  1.496571e+01  1.875047e+01
     vertex  1.525000e+02  0.000000e+00  0.000000e+00
     vertex  1.525000e+02  1.500000e+01  1.875000e+01
   endloop
 endfacet
 facet normal  1.000000e+00 -0.000000e+00  0.000000e+00
   outer loop
     vertex  1.525000e+02  1.624856e+01  2.006000e+01
     vertex  1.525000e+02  1.624974e+01  2.002572e+01
     vertex  1.525000e+02  3.235000e+01  3.500000e+01
   endloop
 endfacet
 facet normal  1.000000e+00  0.000000e+00  0.000000e+00
   outer loop
     vertex  1.525000e+02  1.493144e+01  1.875188e+01
     vertex  1.525000e+02  0.000000e+00  0.000000e+00
     vertex  1.525000e+02  1.496571e+01  1.875047e+01
   endloop
 endfacet
 facet normal  1.000000e+00 -0.000000e+00  0.000000e+00
   outer loop
     vertex  1.525000e+02  1.624644e+01  2.009423e+01
     vertex  1.525000e+02  1.624856e+01  2.006000e+01
     vertex  1.525000e+02  3.235000e+01  3.500000e+01
   endloop
 endfacet
 facet normal  1.000000e+00  0.000000e+00  0.000000e+00
   outer loop
     vertex  1.525000e+02  1.489723e+01  1.875423e+01
     vertex  1.525000e+02  0.000000e+00  0.000000e+00
     vertex  1.525000e+02  1.493144e+01  1.875188e+01
   endloop
 endfacet
 facet normal  1.000000e+00 -0.000000e+00  0.000000e+00
   outer loop
     vertex  1.525000e+02  1.624339e+01  2.012839e+01
     vertex  1.525000e+02  1.624644e+01  2.009423e+01
     vertex  1.525000e+02  3.235000e+01  3.500000e+01
   endloop
 endfacet
 facet normal  1.000000e+00  0.000000e+00  0.000000e+00
   outer loop
     vertex  1.525000e+02  1.486309e+01  1.875752e+01
     vertex  1.525000e+02  0.000000e+00  0.000000e+00
     vertex  1.525000e+02  1.489723e+01  1.875423e+01
   endloop
 endfacet
 facet normal  1.000000e+00 -0.000000e+00  0.000000e+00
   outer loop
     vertex  1.525000e+02  1.623940e+01  2.016245e+01
     vertex  1.525000e+02  1.624339e+01  2.012839e+01
     vertex  1.525000e+02  3.235000e+01  3.500000e+01
   endloop
 endfacet
 facet normal  1.000000e+00  0.000000e+00  0.000000e+00
   outer loop
     vertex  1.525000e+02  1.482905e+01  1.876174e+01
     vertex  1.525000e+02  0.000000e+00  0.000000e+00
     vertex  1.525000e+02  1.486309e+01  1.875752e+01
   endloop
 endfacet
 facet normal  1.000000e+00 -0.000000e+00  0.000000e+00
   outer loop
     vertex  1.525000e+02  1.623448e+01  2.019639e+01
     vertex  1.525000e+02  1.623940e+01  2.016245e+01
     vertex  1.525000e+02  3.235000e+01  3.500000e+01
   endloop
 endfacet
 facet normal  1.000000e+00  0.000000e+00  0.000000e+00
   outer loop
     vertex  1.525000e+02  1.479515e+01  1.876690e+01
     vertex  1.525000e+02  0.000000e+00  0.000000e+00
     vertex  1.525000e+02  1.482905e+01  1.876174e+01
   endloop
 endfacet
 facet normal  1.000000e+00 -0.000000e+00  0.000000e+00
   outer loop
     vertex  1.525000e+02  1.622862e+01  2.023018e+01
     vertex  1.525000e+02  1.623448e+01  2.019639e+01
     vertex  1.525000e+02  3.235000e+01  3.500000e+01
   endloop
 endfacet
 facet normal  1.000000e+00  0.000000e+00  0.000000e+00
   outer loop
     vertex  1.525000e+02  1.476140e+01  1.877298e+01
     vertex  1.525000e+02  0.000000e+00  0.000000e+00
     vertex  1.525000e+02  1.479515e+01  1.876690e+01
   endloop
 endfacet
 facet normal  1.000000e+00 -0.000000e+00  0.000000e+00
   outer loop
     vertex  1.525000e+02  1.622185e+01  2.026380e+01
     vertex  1.525000e+02  1.622862e+01  2.023018e+01
     vertex  1.525000e+02  3.235000e+01  3.500000e+01
   endloop
 endfacet
 facet normal  1.000000e+00  0.000000e+00  0.000000e+00
   outer loop
     vertex  1.525000e+02  1.472782e+01  1.877999e+01
     vertex  1.525000e+02  0.000000e+00  0.000000e+00
     vertex  1.525000e+02  1.476140e+01  1.877298e+01
   endloop
 endfacet
 facet normal  1.000000e+00 -0.000000e+00  0.000000e+00
   outer loop
     vertex  1.525000e+02  1.621415e+01  2.029722e+01
     vertex  1.525000e+02  1.622185e+01  2.026380e+01
     vertex  1.525000e+02  3.235000e+01  3.500000e+01
   endloop
 endfacet
 facet normal  1.000000e+00  0.000000e+00  0.000000e+00
   outer loop
     vertex  1.525000e+02  1.469446e+01  1.878792e+01
     vertex  1.525000e+02  0.000000e+00  0.000000e+00
     vertex  1.525000e+02  1.472782e+01  1.877999e+01
   endloop
 endfacet
 facet normal  1.000000e+00 -0.000000e+00  0.000000e+00
   outer loop
     vertex  1.525000e+02  1.620554e+01  2.033042e+01
     vertex  1.525000e+02  1.621415e+01  2.029722e+01
     vertex  1.525000e+02  3.235000e+01  3.500000e+01
   endloop
 endfacet
 facet normal  1.000000e+00  0.000000e+00  0.000000e+00
   outer loop
     vertex  1.525000e+02  1.466132e+01  1.879676e+01
     vertex  1.525000e+02  0.000000e+00  0.000000e+00
     vertex  1.525000e+02  1.469446e+01  1.878792e+01
   endloop
 endfacet
 facet normal  1.000000e+00 -0.000000e+00  0.000000e+00
   outer loop
     vertex  1.525000e+02  1.619602e+01  2.036337e+01
     vertex  1.525000e+02  1.620554e+01  2.033042e+01
     vertex  1.525000e+02  3.235000e+01  3.500000e+01
   endloop
 endfacet
 facet normal  1.000000e+00  0.000000e+00  0.000000e+00
   outer loop
     vertex  1.525000e+02  1.462844e+01  1.880650e+01
     vertex  1.525000e+02  0.000000e+00  0.000000e+00
     vertex  1.525000e+02  1.466132e+01  1.879676e+01
   endloop
 endfacet
 facet normal  1.000000e+00 -0.000000e+00  0.000000e+00
   outer loop
     vertex  1.525000e+02  1.618560e+01  2.039604e+01
     vertex  1.525000e+02  1.619602e+01  2.036337e+01
     vertex  1.525000e+02  3.235000e+01  3.500000e+01
   endloop
 endfacet
 facet normal  1.000000e+00  0.000000e+00  0.000000e+00
   outer loop
     vertex  1.525000e+02  1.459583e+01  1.881714e+01
     vertex  1.525000e+02  0.000000e+00  0.000000e+00
     vertex  1.525000e+02  1.462844e+01  1.880650e+01
   endloop
 endfacet
 facet normal  1.000000e+00 -0.000000e+00  0.000000e+00
   outer loop
     vertex  1.525000e+02  1.617429e+01  2.042842e+01
     vertex  1.525000e+02  1.618560e+01  2.039604e+01
     vertex  1.525000e+02  3.235000e+01  3.500000e+01
   endloop
 endfacet
 facet normal  1.000000e+00  0.000000e+00  0.000000e+00
   outer loop
     vertex  1.525000e+02  1.456353e+01  1.882868e+01
     vertex  1.525000e+02  0.000000e+00  0.000000e+00
     vertex  1.525000e+02  1.459583e+01  1.881714e+01
   endloop
 endfacet
 facet normal  1.000000e+00 -0.000000e+00  0.000000e+00
   outer loop
     vertex  1.525000e+02  1.616209e+01  2.046047e+01
     vertex  1.525000e+02  1.617429e+01  2.042842e+01
     vertex  1.525000e+02  3.235000e+01  3.500000e+01
   endloop
 endfacet
 facet normal  1.000000e+00  0.000000e+00  0.000000e+00
   outer loop
     vertex  1.525000e+02  1.453157e+01  1.884109e+01
     vertex  1.525000e+02  0.000000e+00  0.000000e+00
     vertex  1.525000e+02  1.456353e+01  1.882868e+01
   endloop
 endfacet
 facet normal  1.000000e+00 -0.000000e+00  0.000000e+00
   outer loop
     vertex  1.525000e+02  1.614902e+01  2.049218e+01
     vertex  1.525000e+02  1.616209e+01  2.046047e+01
     vertex  1.525000e+02  3.235000e+01  3.500000e+01
   endloop
 endfacet
 facet normal  1.000000e+00  0.000000e+00  0.000000e+00
   outer loop
     vertex  1.525000e+02  1.449995e+01  1.885438e+01
     vertex  1.525000e+02  0.000000e+00  0.000000e+00
     vertex  1.525000e+02  1.453157e+01  1.884109e+01
   endloop
 endfacet
 facet normal  1.000000e+00 -0.000000e+00  0.000000e+00
   outer loop
     vertex  1.525000e+02  1.613509e+01  2.052352e+01
     vertex  1.525000e+02  1.614902e+01  2.049218e+01
     vertex  1.525000e+02  3.235000e+01  3.500000e+01
   endloop
 endfacet
 facet normal  1.000000e+00  0.000000e+00  0.000000e+00
   outer loop
     vertex  1.525000e+02  1.446871e+01  1.886853e+01
     vertex  1.525000e+02  0.000000e+00  0.000000e+00
     vertex  1.525000e+02  1.449995e+01  1.885438e+01
   endloop
 endfacet
 facet normal  1.000000e+00 -0.000000e+00  0.000000e+00
   outer loop
     vertex  1.525000e+02  1.612030e+01  2.055446e+01
     vertex  1.525000e+02  1.613509e+01  2.052352e+01
     vertex  1.525000e+02  3.235000e+01  3.500000e+01
   endloop
 endfacet
 facet normal  1.000000e+00  0.000000e+00  0.000000e+00
   outer loop
     vertex  1.525000e+02  1.443787e+01  1.888353e+01
     vertex  1.525000e+02  0.000000e+00  0.000000e+00
     vertex  1.525000e+02  1.446871e+01  1.886853e+01
   endloop
 endfacet
 facet normal  1.000000e+00 -0.000000e+00  0.000000e+00
   outer loop
     vertex  1.525000e+02  1.610467e+01  2.058499e+01
     vertex  1.525000e+02  1.612030e+01  2.055446e+01
     vertex  1.525000e+02  3.235000e+01  3.500000e+01
   endloop
 endfacet
 facet normal  1.000000e+00  0.000000e+00  0.000000e+00
   outer loop
     vertex  1.525000e+02  1.440745e+01  1.889937e+01
     vertex  1.525000e+02  0.000000e+00  0.000000e+00
     vertex  1.525000e+02  1.443787e+01  1.888353e+01
   endloop
 endfacet
 facet normal  1.000000e+00 -0.000000e+00  0.000000e+00
   outer loop
     vertex  1.525000e+02  1.608820e+01  2.061507e+01
     vertex  1.525000e+02  1.610467e+01  2.058499e+01
     vertex  1.525000e+02  3.235000e+01  3.500000e+01
   endloop
 endfacet
 facet normal  1.000000e+00  0.000000e+00  0.000000e+00
   outer loop
     vertex  1.525000e+02  1.437748e+01  1.891604e+01
     vertex  1.525000e+02  0.000000e+00  0.000000e+00
     vertex  1.525000e+02  1.440745e+01  1.889937e+01
   endloop
 endfacet
 facet normal  1.000000e+00 -0.000000e+00  0.000000e+00
   outer loop
     vertex  1.525000e+02  1.607092e+01  2.064470e+01
     vertex  1.525000e+02  1.608820e+01  2.061507e+01
     vertex  1.525000e+02  3.235000e+01  3.500000e+01
   endloop
 endfacet
 facet normal  1.000000e+00  0.000000e+00  0.000000e+00
   outer loop
     vertex  1.525000e+02  1.434797e+01  1.893353e+01
     vertex  1.525000e+02  0.000000e+00  0.000000e+00
     vertex  1.525000e+02  1.437748e+01  1.891604e+01
   endloop
 endfacet
 facet normal  1.000000e+00 -0.000000e+00  0.000000e+00
   outer loop
     vertex  1.525000e+02  1.605283e+01  2.067383e+01
     vertex  1.525000e+02  1.607092e+01  2.064470e+01
     vertex  1.525000e+02  3.235000e+01  3.500000e+01
   endloop
 endfacet
 facet normal  1.000000e+00  0.000000e+00  0.000000e+00
   outer loop
     vertex  1.525000e+02  1.431896e+01  1.895182e+01
     vertex  1.525000e+02  0.000000e+00  0.000000e+00
     vertex  1.525000e+02  1.434797e+01  1.893353e+01
   endloop
 endfacet
 facet normal  1.000000e+00 -0.000000e+00  0.000000e+00
   outer loop
     vertex  1.525000e+02  1.603395e+01  2.070246e+01
     vertex  1.525000e+02  1.605283e+01  2.067383e+01
     vertex  1.525000e+02  3.235000e+01  3.500000e+01
   endloop
 endfacet
 facet normal  1.000000e+00  0.000000e+00  0.000000e+00
   outer loop
     vertex  1.525000e+02  1.429046e+01  1.897090e+01
     vertex  1.525000e+02  0.000000e+00  0.000000e+00
     vertex  1.525000e+02  1.431896e+01  1.895182e+01
   endloop
 endfacet
 facet normal  1.000000e+00 -0.000000e+00  0.000000e+00
   outer loop
     vertex  1.525000e+02  1.601429e+01  2.073056e+01
     vertex  1.525000e+02  1.603395e+01  2.070246e+01
     vertex  1.525000e+02  3.235000e+01  3.500000e+01
   endloop
 endfacet
 facet normal  1.000000e+00  0.000000e+00  0.000000e+00
   outer loop
     vertex  1.525000e+02  1.426250e+01  1.899075e+01
     vertex  1.525000e+02  0.000000e+00  0.000000e+00
     vertex  1.525000e+02  1.429046e+01  1.897090e+01
   endloop
 endfacet
 facet normal  1.000000e+00 -0.000000e+00  0.000000e+00
   outer loop
     vertex  1.525000e+02  1.599386e+01  2.075811e+01
     vertex  1.525000e+02  1.601429e+01  2.073056e+01
     vertex  1.525000e+02  3.235000e+01  3.500000e+01
   endloop
 endfacet
 facet normal  1.000000e+00  0.000000e+00  0.000000e+00
   outer loop
     vertex  1.525000e+02  1.423509e+01  1.901136e+01
     vertex  1.525000e+02  0.000000e+00  0.000000e+00
     vertex  1.525000e+02  1.426250e+01  1.899075e+01
   endloop
 endfacet
 facet normal  1.000000e+00 -0.000000e+00  0.000000e+00
   outer loop
     vertex  1.525000e+02  1.597269e+01  2.078509e+01
     vertex  1.525000e+02  1.599386e+01  2.075811e+01
     vertex  1.525000e+02  3.235000e+01  3.500000e+01
   endloop
 endfacet
 facet normal  1.000000e+00  0.000000e+00  0.000000e+00
   outer loop
     vertex  1.525000e+02  1.420825e+01  1.903272e+01
     vertex  1.525000e+02  0.000000e+00  0.000000e+00
     vertex  1.525000e+02  1.423509e+01  1.901136e+01
   endloop
 endfacet
 facet normal  1.000000e+00 -0.000000e+00  0.000000e+00
   outer loop
     vertex  1.525000e+02  1.595079e+01  2.081148e+01
     vertex  1.525000e+02  1.597269e+01  2.078509e+01
     vertex  1.525000e+02  3.235000e+01  3.500000e+01
   endloop
 endfacet
 facet normal  1.000000e+00  0.000000e+00  0.000000e+00
   outer loop
     vertex  1.525000e+02  1.418201e+01  1.905480e+01
     vertex  1.525000e+02  0.000000e+00  0.000000e+00
     vertex  1.525000e+02  1.420825e+01  1.903272e+01
   endloop
 endfacet
 facet normal  1.000000e+00 -0.000000e+00  0.000000e+00
   outer loop
     vertex  1.525000e+02  1.592817e+01  2.083726e+01
     vertex  1.525000e+02  1.595079e+01  2.081148e+01
     vertex  1.525000e+02  3.235000e+01  3.500000e+01
   endloop
 endfacet
 facet normal  1.000000e+00  0.000000e+00  0.000000e+00
   outer loop
     vertex  1.525000e+02  1.415639e+01  1.907760e+01
     vertex  1.525000e+02  0.000000e+00  0.000000e+00
     vertex  1.525000e+02  1.418201e+01  1.905480e+01
   endloop
 endfacet
 facet normal  1.000000e+00 -0.000000e+00  0.000000e+00
   outer loop
     vertex  1.525000e+02  1.590485e+01  2.086241e+01
     vertex  1.525000e+02  1.592817e+01  2.083726e+01
     vertex  1.525000e+02  3.235000e+01  3.500000e+01
   endloop
 endfacet
 facet normal  1.000000e+00  0.000000e+00  0.000000e+00
   outer loop
     vertex  1.525000e+02  1.413140e+01  1.910109e+01
     vertex  1.525000e+02  0.000000e+00  0.000000e+00
     vertex  1.525000e+02  1.415639e+01  1.907760e+01
   endloop
 endfacet
 facet normal  1.000000e+00 -0.000000e+00  0.000000e+00
   outer loop
     vertex  1.525000e+02  1.588085e+01  2.088691e+01
     vertex  1.525000e+02  1.590485e+01  2.086241e+01
     vertex  1.525000e+02  3.235000e+01  3.500000e+01
   endloop
 endfacet
 facet normal  1.000000e+00  0.000000e+00  0.000000e+00
   outer loop
     vertex  1.525000e+02  1.410707e+01  1.912526e+01
     vertex  1.525000e+02  0.000000e+00  0.000000e+00
     vertex  1.525000e+02  1.413140e+01  1.910109e+01
   endloop
 endfacet
 facet normal  1.000000e+00 -0.000000e+00  0.000000e+00
   outer loop
     vertex  1.525000e+02  1.585618e+01  2.091074e+01
     vertex  1.525000e+02  1.588085e+01  2.088691e+01
     vertex  1.525000e+02  3.235000e+01  3.500000e+01
   endloop
 endfacet
 facet normal  1.000000e+00  0.000000e+00  0.000000e+00
   outer loop
     vertex  1.525000e+02  1.408341e+01  1.915008e+01
     vertex  1.525000e+02  0.000000e+00  0.000000e+00
     vertex  1.525000e+02  1.410707e+01  1.912526e+01
   endloop
 endfacet
 facet normal  1.000000e+00 -0.000000e+00  0.000000e+00
   outer loop
     vertex  1.525000e+02  1.583088e+01  2.093389e+01
     vertex  1.525000e+02  1.585618e+01  2.091074e+01
     vertex  1.525000e+02  3.235000e+01  3.500000e+01
   endloop
 endfacet
 facet normal  1.000000e+00  0.000000e+00  0.000000e+00
   outer loop
     vertex  1.525000e+02  1.406044e+01  1.917555e+01
     vertex  1.525000e+02  0.000000e+00  0.000000e+00
     vertex  1.525000e+02  1.408341e+01  1.915008e+01
   endloop
 endfacet
 facet normal  1.000000e+00 -0.000000e+00  0.000000e+00
   outer loop
     vertex  1.525000e+02  1.580494e+01  2.095633e+01
     vertex  1.525000e+02  1.583088e+01  2.093389e+01
     vertex  1.525000e+02  3.235000e+01  3.500000e+01
   endloop
 endfacet
 facet normal  1.000000e+00  0.000000e+00  0.000000e+00
   outer loop
     vertex  1.525000e+02  1.403817e+01  1.920164e+01
     vertex  1.525000e+02  0.000000e+00  0.000000e+00
     vertex  1.525000e+02  1.406044e+01  1.917555e+01
   endloop
 endfacet
 facet normal  1.000000e+00 -0.000000e+00  0.000000e+00
   outer loop
     vertex  1.525000e+02  1.577840e+01  2.097805e+01
     vertex  1.525000e+02  1.580494e+01  2.095633e+01
     vertex  1.525000e+02  3.235000e+01  3.500000e+01
   endloop
 endfacet
 facet normal  1.000000e+00  0.000000e+00  0.000000e+00
   outer loop
     vertex  1.525000e+02  1.401663e+01  1.922832e+01
     vertex  1.525000e+02  0.000000e+00  0.000000e+00
     vertex  1.525000e+02  1.403817e+01  1.920164e+01
   endloop
 endfacet
 facet normal  1.000000e+00 -0.000000e+00  0.000000e+00
   outer loop
     vertex  1.525000e+02  1.575128e+01  2.099904e+01
     vertex  1.525000e+02  1.577840e+01  2.097805e+01
     vertex  1.525000e+02  3.235000e+01  3.500000e+01
   endloop
 endfacet
 facet normal  1.000000e+00  0.000000e+00  0.000000e+00
   outer loop
     vertex  1.525000e+02  1.399583e+01  1.925559e+01
     vertex  1.525000e+02  0.000000e+00  0.000000e+00
     vertex  1.525000e+02  1.401663e+01  1.922832e+01
   endloop
 endfacet
 facet normal  1.000000e+00 -0.000000e+00  0.000000e+00
   outer loop
     vertex  1.525000e+02  1.572359e+01  2.101927e+01
     vertex  1.525000e+02  1.575128e+01  2.099904e+01
     vertex  1.525000e+02  3.235000e+01  3.500000e+01
   endloop
 endfacet
 facet normal  1.000000e+00  0.000000e+00  0.000000e+00
   outer loop
     vertex  1.525000e+02  1.397579e+01  1.928342e+01
     vertex  1.525000e+02  0.000000e+00  0.000000e+00
     vertex  1.525000e+02  1.399583e+01  1.925559e+01
   endloop
 endfacet
 facet normal  1.000000e+00 -0.000000e+00  0.000000e+00
   outer loop
     vertex  1.525000e+02  1.569535e+01  2.103874e+01
     vertex  1.525000e+02  1.572359e+01  2.101927e+01
     vertex  1.525000e+02  3.235000e+01  3.500000e+01
   endloop
 endfacet
 facet normal  1.000000e+00  0.000000e+00  0.000000e+00
   outer loop
     vertex  1.525000e+02  1.395651e+01  1.931179e+01
     vertex  1.525000e+02  0.000000e+00  0.000000e+00
     vertex  1.525000e+02  1.397579e+01  1.928342e+01
   endloop
 endfacet
 facet normal  1.000000e+00 -0.000000e+00  0.000000e+00
   outer loop
     vertex  1.525000e+02  1.566660e+01  2.105743e+01
     vertex  1.525000e+02  1.569535e+01  2.103874e+01
     vertex  1.525000e+02  3.235000e+01  3.500000e+01
   endloop
 endfacet
 facet normal  1.000000e+00  0.000000e+00  0.000000e+00
   outer loop
     vertex  1.525000e+02  1.393803e+01  1.934067e+01
     vertex  1.525000e+02  0.000000e+00  0.000000e+00
     vertex  1.525000e+02  1.395651e+01  1.931179e+01
   endloop
 endfacet
 facet normal  1.000000e+00 -0.000000e+00  0.000000e+00
   outer loop
     vertex  1.525000e+02  1.563733e+01  2.107532e+01
     vertex  1.525000e+02  1.566660e+01  2.105743e+01
     vertex  1.525000e+02  3.235000e+01  3.500000e+01
   endloop
 endfacet
 facet normal  1.000000e+00  0.000000e+00  0.000000e+00
   outer loop
     vertex  1.525000e+02  1.392034e+01  1.937006e+01
     vertex  1.525000e+02  0.000000e+00  0.000000e+00
     vertex  1.525000e+02  1.393803e+01  1.934067e+01
   endloop
 endfacet
 facet normal  1.000000e+00 -0.000000e+00  0.000000e+00
   outer loop
     vertex  1.525000e+02  1.560759e+01  2.109240e+01
     vertex  1.525000e+02  1.563733e+01  2.107532e+01
     vertex  1.525000e+02  3.235000e+01  3.500000e+01
   endloop
 endfacet
 facet normal  1.000000e+00  0.000000e+00  0.000000e+00
   outer loop
     vertex  1.525000e+02  1.390346e+01  1.939991e+01
     vertex  1.525000e+02  0.000000e+00  0.000000e+00
     vertex  1.525000e+02  1.392034e+01  1.937006e+01
   endloop
 endfacet
 facet normal  1.000000e+00 -0.000000e+00  0.000000e+00
   outer loop
     vertex  1.525000e+02  1.557740e+01  2.110865e+01
     vertex  1.525000e+02  1.560759e+01  2.109240e+01
     vertex  1.525000e+02  3.235000e+01  3.500000e+01
   endloop
 endfacet
 facet normal  1.000000e+00  0.000000e+00  0.000000e+00
   outer loop
     vertex  1.525000e+02  1.388741e+01  1.943022e+01
     vertex  1.525000e+02  0.000000e+00  0.000000e+00
     vertex  1.525000e+02  1.390346e+01  1.939991e+01
   endloop
 endfacet
 facet normal  1.000000e+00 -0.000000e+00  0.000000e+00
   outer loop
     vertex  1.525000e+02  1.554676e+01  2.112408e+01
     vertex  1.525000e+02  1.557740e+01  2.110865e+01
     vertex  1.525000e+02  3.235000e+01  3.500000e+01
   endloop
 endfacet
 facet normal  1.000000e+00  0.000000e+00  0.000000e+00
   outer loop
     vertex  1.525000e+02  1.387220e+01  1.946096e+01
     vertex  1.525000e+02  0.000000e+00  0.000000e+00
     vertex  1.525000e+02  1.388741e+01  1.943022e+01
   endloop
 endfacet
 facet normal  1.000000e+00 -0.000000e+00  0.000000e+00
   outer loop
     vertex  1.525000e+02  1.551572e+01  2.113865e+01
     vertex  1.525000e+02  1.554676e+01  2.112408e+01
     vertex  1.525000e+02  3.235000e+01  3.500000e+01
   endloop
 endfacet
 facet normal  1.000000e+00  0.000000e+00  0.000000e+00
   outer loop
     vertex  1.525000e+02  1.385784e+01  1.949210e+01
     vertex  1.525000e+02  0.000000e+00  0.000000e+00
     vertex  1.525000e+02  1.387220e+01  1.946096e+01
   endloop
 endfacet
 facet normal  1.000000e+00 -0.000000e+00  0.000000e+00
   outer loop
     vertex  1.525000e+02  1.548429e+01  2.115237e+01
     vertex  1.525000e+02  1.551572e+01  2.113865e+01
     vertex  1.525000e+02  3.235000e+01  3.500000e+01
   endloop
 endfacet
 facet normal  1.000000e+00  0.000000e+00  0.000000e+00
   outer loop
     vertex  1.525000e+02  1.384433e+01  1.952363e+01
     vertex  1.525000e+02  0.000000e+00  0.000000e+00
     vertex  1.525000e+02  1.385784e+01  1.949210e+01
   endloop
 endfacet
 facet normal  1.000000e+00 -0.000000e+00  0.000000e+00
   outer loop
     vertex  1.525000e+02  1.545249e+01  2.116523e+01
     vertex  1.525000e+02  1.548429e+01  2.115237e+01
     vertex  1.525000e+02  3.235000e+01  3.500000e+01
   endloop
 endfacet
 facet normal  1.000000e+00  0.000000e+00  0.000000e+00
   outer loop
     vertex  1.525000e+02  1.383170e+01  1.955551e+01
     vertex  1.525000e+02  0.000000e+00  0.000000e+00
     vertex  1.525000e+02  1.384433e+01  1.952363e+01
   endloop
 endfacet
 facet normal  1.000000e+00 -0.000000e+00  0.000000e+00
   outer loop
     vertex  1.525000e+02  1.542036e+01  2.117720e+01
     vertex  1.525000e+02  1.545249e+01  2.116523e+01
     vertex  1.525000e+02  3.235000e+01  3.500000e+01
   endloop
 endfacet
 facet normal  1.000000e+00  0.000000e+00  0.000000e+00
   outer loop
     vertex  1.525000e+02  1.381994e+01  1.958773e+01
     vertex  1.525000e+02  0.000000e+00  0.000000e+00
     vertex  1.525000e+02  1.383170e+01  1.955551e+01
   endloop
 endfacet
 facet normal  1.000000e+00 -0.000000e+00  0.000000e+00
   outer loop
     vertex  1.525000e+02  1.538790e+01  2.118829e+01
     vertex  1.525000e+02  1.542036e+01  2.117720e+01
     vertex  1.525000e+02  3.235000e+01  3.500000e+01
   endloop
 endfacet
 facet normal  1.000000e+00  0.000000e+00  0.000000e+00
   outer loop
     vertex  1.525000e+02  1.380908e+01  1.962026e+01
     vertex  1.525000e+02  0.000000e+00  0.000000e+00
     vertex  1.525000e+02  1.381994e+01  1.958773e+01
   endloop
 endfacet
 facet normal  1.000000e+00 -0.000000e+00  0.000000e+00
   outer loop
     vertex  1.525000e+02  1.535516e+01  2.119848e+01
     vertex  1.525000e+02  1.538790e+01  2.118829e+01
     vertex  1.525000e+02  3.235000e+01  3.500000e+01
   endloop
 endfacet
 facet normal  1.000000e+00  0.000000e+00  0.000000e+00
   outer loop
     vertex  1.525000e+02  1.379911e+01  1.965307e+01
     vertex  1.525000e+02  0.000000e+00  0.000000e+00
     vertex  1.525000e+02  1.380908e+01  1.962026e+01
   endloop
 endfacet
 facet normal  1.000000e+00 -0.000000e+00  0.000000e+00
   outer loop
     vertex  1.525000e+02  1.532214e+01  2.120778e+01
     vertex  1.525000e+02  1.535516e+01  2.119848e+01
     vertex  1.525000e+02  3.235000e+01  3.500000e+01
   endloop
 endfacet
 facet normal  1.000000e+00  0.000000e+00  0.000000e+00
   outer loop
     vertex  1.525000e+02  1.379004e+01  1.968615e+01
     vertex  1.525000e+02  0.000000e+00  0.000000e+00
     vertex  1.525000e+02  1.379911e+01  1.965307e+01
   endloop
 endfacet
 facet normal  1.000000e+00 -0.000000e+00  0.000000e+00
   outer loop
     vertex  1.525000e+02  1.528889e+01  2.121616e+01
     vertex  1.525000e+02  1.532214e+01  2.120778e+01
     vertex  1.525000e+02  3.235000e+01  3.500000e+01
   endloop
 endfacet
 facet normal  1.000000e+00  0.000000e+00  0.000000e+00
   outer loop
     vertex  1.525000e+02  1.378189e+01  1.971946e+01
     vertex  1.525000e+02  0.000000e+00  0.000000e+00
     vertex  1.525000e+02  1.379004e+01  1.968615e+01
   endloop
 endfacet
 facet normal  1.000000e+00 -0.000000e+00  0.000000e+00
   outer loop
     vertex  1.525000e+02  1.525541e+01  2.122363e+01
     vertex  1.525000e+02  1.528889e+01  2.121616e+01
     vertex  1.525000e+02  3.235000e+01  3.500000e+01
   endloop
 endfacet
 facet normal  1.000000e+00  0.000000e+00  0.000000e+00
   outer loop
     vertex  1.525000e+02  1.377465e+01  1.975298e+01
     vertex  1.525000e+02  0.000000e+00  0.000000e+00
     vertex  1.525000e+02  1.378189e+01  1.971946e+01
   endloop
 endfacet
 facet normal  1.000000e+00 -0.000000e+00  0.000000e+00
   outer loop
     vertex  1.525000e+02  1.522175e+01  2.123017e+01
     vertex  1.525000e+02  1.525541e+01  2.122363e+01
     vertex  1.525000e+02  3.235000e+01  3.500000e+01
   endloop
 endfacet
 facet normal  1.000000e+00  0.000000e+00  0.000000e+00
   outer loop
     vertex  1.525000e+02  1.376833e+01  1.978669e+01
     vertex  1.525000e+02  0.000000e+00  0.000000e+00
     vertex  1.525000e+02  1.377465e+01  1.975298e+01
   endloop
 endfacet
 facet normal  1.000000e+00 -0.000000e+00  0.000000e+00
   outer loop
     vertex  1.525000e+02  1.518792e+01  2.123579e+01
     vertex  1.525000e+02  1.522175e+01  2.123017e+01
     vertex  1.525000e+02  3.235000e+01  3.500000e+01
   endloop
 endfacet
 facet normal  1.000000e+00  0.000000e+00  0.000000e+00
   outer loop
     vertex  1.525000e+02  1.376295e+01  1.982056e+01
     vertex  1.525000e+02  0.000000e+00  0.000000e+00
     vertex  1.525000e+02  1.376833e+01  1.978669e+01
   endloop
 endfacet
 facet normal  1.000000e+00 -0.000000e+00  0.000000e+00
   outer loop
     vertex  1.525000e+02  1.515394e+01  2.124048e+01
     vertex  1.525000e+02  1.518792e+01  2.123579e+01
     vertex  1.525000e+02  3.235000e+01  3.500000e+01
   endloop
 endfacet
 facet normal  1.000000e+00  0.000000e+00  0.000000e+00
   outer loop
     vertex  1.525000e+02  1.375849e+01  1.985457e+01
     vertex  1.525000e+02  0.000000e+00  0.000000e+00
     vertex  1.525000e+02  1.376295e+01  1.982056e+01
   endloop
 endfacet
 facet normal  1.000000e+00 -0.000000e+00  0.000000e+00
   outer loop
     vertex  1.525000e+02  1.511985e+01  2.124424e+01
     vertex  1.525000e+02  1.515394e+01  2.124048e+01
     vertex  1.525000e+02  3.235000e+01  3.500000e+01
   endloop
 endfacet
 facet normal  1.000000e+00  0.000000e+00  0.000000e+00
   outer loop
     vertex  1.525000e+02  1.375497e+01  1.988868e+01
     vertex  1.525000e+02  0.000000e+00  0.000000e+00
     vertex  1.525000e+02  1.375849e+01  1.985457e+01
   endloop
 endfacet
 facet normal  1.000000e+00 -0.000000e+00  0.000000e+00
   outer loop
     vertex  1.525000e+02  1.508567e+01  2.124706e+01
     vertex  1.525000e+02  1.511985e+01  2.124424e+01
     vertex  1.525000e+02  3.235000e+01  3.500000e+01
   endloop
 endfacet
 facet normal  1.000000e+00  0.000000e+00  0.000000e+00
   outer loop
     vertex  1.525000e+02  1.375238e+01  1.992288e+01
     vertex  1.525000e+02  0.000000e+00  0.000000e+00
     vertex  1.525000e+02  1.375497e+01  1.988868e+01
   endloop
 endfacet
 facet normal  1.000000e+00  0.000000e+00  0.000000e+00
   outer loop
     vertex  1.525000e+02  1.375074e+01  1.995714e+01
     vertex  1.525000e+02  0.000000e+00  0.000000e+00
     vertex  1.525000e+02  1.375238e+01  1.992288e+01
   endloop
 endfacet
 facet normal  1.000000e+00  0.000000e+00  0.000000e+00
   outer loop
     vertex  1.525000e+02  1.375003e+01  1.999143e+01
     vertex  1.525000e+02  0.000000e+00  0.000000e+00
     vertex  1.525000e+02  1.375074e+01  1.995714e+01
   endloop
 endfacet
 facet normal  1.000000e+00  0.000000e+00  0.000000e+00
   outer loop
     vertex  1.525000e+02  0.000000e+00  4.000000e+01
     vertex  1.525000e+02  1.427641e+01  2.101927e+01
     vertex  1.525000e+02  1.430465e+01  2.103874e+01
   endloop
 endfacet
 facet normal  1.000000e+00  0.000000e+00  0.000000e+00
   outer loop
     vertex  1.525000e+02  0.000000e+00  4.000000e+01
     vertex  1.525000e+02  1.430465e+01  2.103874e+01
     vertex  1.525000e+02  1.433340e+01  2.105743e+01
   endloop
 endfacet
 facet normal  1.000000e+00  0.000000e+00  0.000000e+00
   outer loop
     vertex  1.525000e+02  0.000000e+00  4.000000e+01
     vertex  1.525000e+02  1.433340e+01  2.105743e+01
     vertex  1.525000e+02  1.436267e+01  2.107532e+01
   endloop
 endfacet
 facet normal  1.000000e+00  0.000000e+00  0.000000e+00
   outer loop
     vertex  1.525000e+02  0.000000e+00  4.000000e+01
     vertex  1.525000e+02  1.436267e+01  2.107532e+01
     vertex  1.525000e+02  1.439241e+01  2.109240e+01
   endloop
 endfacet
 facet normal  1.000000e+00  0.000000e+00  0.000000e+00
   outer loop
     vertex  1.525000e+02  0.000000e+00  4.000000e+01
     vertex  1.525000e+02  1.439241e+01  2.109240e+01
     vertex  1.525000e+02  1.442260e+01  2.110865e+01
   endloop
 endfacet
 facet normal  1.000000e+00  0.000000e+00  0.000000e+00
   outer loop
     vertex  1.525000e+02  0.000000e+00  4.000000e+01
     vertex  1.525000e+02  1.442260e+01  2.110865e+01
     vertex  1.525000e+02  1.445324e+01  2.112408e+01
   endloop
 endfacet
 facet normal  1.000000e+00  0.000000e+00  0.000000e+00
   outer loop
     vertex  1.525000e+02  0.000000e+00  4.000000e+01
     vertex  1.525000e+02  1.445324e+01  2.112408e+01
     vertex  1.525000e+02  1.448428e+01  2.113865e+01
   endloop
 endfacet
 facet normal  1.000000e+00  0.000000e+00  0.000000e+00
   outer loop
     vertex  1.525000e+02  0.000000e+00  4.000000e+01
     vertex  1.525000e+02  1.448428e+01  2.113865e+01
     vertex  1.525000e+02  1.451571e+01  2.115237e+01
   endloop
 endfacet
 facet normal  1.000000e+00  0.000000e+00  0.000000e+00
   outer loop
     vertex  1.525000e+02  0.000000e+00  4.000000e+01
     vertex  1.525000e+02  1.451571e+01  2.115237e+01
     vertex  1.525000e+02  1.454751e+01  2.116523e+01
   endloop
 endfacet
 facet normal  1.000000e+00  0.000000e+00  0.000000e+00
   outer loop
     vertex  1.525000e+02  0.000000e+00  4.000000e+01
     vertex  1.525000e+02  1.454751e+01  2.116523e+01
     vertex  1.525000e+02  1.457964e+01  2.117720e+01
   endloop
 endfacet
 facet normal  1.000000e+00  0.000000e+00  0.000000e+00
   outer loop
     vertex  1.525000e+02  0.000000e+00  4.000000e+01
     vertex  1.525000e+02  1.457964e+01  2.117720e+01
     vertex  1.525000e+02  1.461210e+01  2.118829e+01
   endloop
 endfacet
 facet normal  1.000000e+00  0.000000e+00  0.000000e+00
   outer loop
     vertex  1.525000e+02  0.000000e+00  4.000000e+01
     vertex  1.525000e+02  1.461210e+01  2.118829e+01
     vertex  1.525000e+02  1.464484e+01  2.119848e+01
   endloop
 endfacet
 facet normal  1.000000e+00  0.000000e+00  0.000000e+00
   outer loop
     vertex  1.525000e+02  0.000000e+00  4.000000e+01
     vertex  1.525000e+02  1.464484e+01  2.119848e+01
     vertex  1.525000e+02  1.467786e+01  2.120778e+01
   endloop
 endfacet
 facet normal  1.000000e+00  0.000000e+00  0.000000e+00
   outer loop
     vertex  1.525000e+02  0.000000e+00  4.000000e+01
     vertex  1.525000e+02  1.467786e+01  2.120778e+01
     vertex  1.525000e+02  1.471111e+01  2.121616e+01
   endloop
 endfacet
 facet normal  1.000000e+00  0.000000e+00  0.000000e+00
   outer loop
     vertex  1.525000e+02  0.000000e+00  4.000000e+01
     vertex  1.525000e+02  1.471111e+01  2.121616e+01
     vertex  1.525000e+02  1.474459e+01  2.122363e+01
   endloop
 endfacet
 facet normal  1.000000e+00  0.000000e+00  0.000000e+00
   outer loop
     vertex  1.525000e+02  0.000000e+00  4.000000e+01
     vertex  1.525000e+02  1.474459e+01  2.122363e+01
     vertex  1.525000e+02  1.477825e+01  2.123017e+01
   endloop
 endfacet
 facet normal  1.000000e+00  0.000000e+00  0.000000e+00
   outer loop
     vertex  1.525000e+02  0.000000e+00  4.000000e+01
     vertex  1.525000e+02  1.477825e+01  2.123017e+01
     vertex  1.525000e+02  1.481208e+01  2.123579e+01
   endloop
 endfacet
 facet normal  1.000000e+00  0.000000e+00  0.000000e+00
   outer loop
     vertex  1.525000e+02  0.000000e+00  4.000000e+01
     vertex  1.525000e+02  1.481208e+01  2.123579e+01
     vertex  1.525000e+02  1.484606e+01  2.124048e+01
   endloop
 endfacet
 facet normal  1.000000e+00  0.000000e+00  0.000000e+00
   outer loop
     vertex  1.525000e+02  0.000000e+00  4.000000e+01
     vertex  1.525000e+02  1.484606e+01  2.124048e+01
     vertex  1.525000e+02  1.488015e+01  2.124424e+01
   endloop
 endfacet
 facet normal  1.000000e+00  0.000000e+00  0.000000e+00
   outer loop
     vertex  1.525000e+02  0.000000e+00  4.000000e+01
     vertex  1.525000e+02  1.488015e+01  2.124424e+01
     vertex  1.525000e+02  1.491433e+01  2.124706e+01
   endloop
 endfacet
 facet normal  1.000000e+00  0.000000e+00  0.000000e+00
   outer loop
     vertex  1.525000e+02  0.000000e+00  4.000000e+01
     vertex  1.525000e+02  1.491433e+01  2.124706e+01
     vertex  1.525000e+02  1.494857e+01  2.124894e+01
   endloop
 endfacet
 facet normal  1.000000e+00  0.000000e+00  0.000000e+00
   outer loop
     vertex  1.525000e+02  0.000000e+00  4.000000e+01
     vertex  1.525000e+02  1.494857e+01  2.124894e+01
     vertex  1.525000e+02  1.498285e+01  2.124988e+01
   endloop
 endfacet
 facet normal  1.000000e+00  0.000000e+00  0.000000e+00
   outer loop
     vertex  1.525000e+02  0.000000e+00  4.000000e+01
     vertex  1.525000e+02  1.498285e+01  2.124988e+01
     vertex  1.525000e+02  1.501715e+01  2.124988e+01
   endloop
 endfacet
 facet normal  1.000000e+00  0.000000e+00  0.000000e+00
   outer loop
     vertex  1.525000e+02  0.000000e+00  4.000000e+01
     vertex  1.525000e+02  1.501715e+01  2.124988e+01
     vertex  1.525000e+02  1.505143e+01  2.124894e+01
   endloop
 endfacet
 facet normal  1.000000e+00  0.000000e+00  0.000000e+00
   outer loop
     vertex  1.525000e+02  0.000000e+00  4.000000e+01
     vertex  1.525000e+02  1.505143e+01  2.124894e+01
     vertex  1.525000e+02  1.508567e+01  2.124706e+01
   endloop
 endfacet
 facet normal  1.000000e+00  0.000000e+00  0.000000e+00
   outer loop
     vertex  1.525000e+02  0.000000e+00  4.000000e+01
     vertex  1.525000e+02  1.375003e+01  1.999143e+01
     vertex  1.525000e+02  1.375026e+01  2.002572e+01
   endloop
 endfacet
 facet normal  1.000000e+00  0.000000e+00  0.000000e+00
   outer loop
     vertex  1.525000e+02  0.000000e+00  4.000000e+01
     vertex  1.525000e+02  1.375026e+01  2.002572e+01
     vertex  1.525000e+02  1.375144e+01  2.006000e+01
   endloop
 endfacet
 facet normal  1.000000e+00  0.000000e+00  0.000000e+00
   outer loop
     vertex  1.525000e+02  0.000000e+00  4.000000e+01
     vertex  1.525000e+02  1.375144e+01  2.006000e+01
     vertex  1.525000e+02  1.375356e+01  2.009423e+01
   endloop
 endfacet
 facet normal  1.000000e+00  0.000000e+00  0.000000e+00
   outer loop
     vertex  1.525000e+02  0.000000e+00  4.000000e+01
     vertex  1.525000e+02  1.375356e+01  2.009423e+01
     vertex  1.525000e+02  1.375661e+01  2.012839e+01
   endloop
 endfacet
 facet normal  1.000000e+00  0.000000e+00  0.000000e+00
   outer loop
     vertex  1.525000e+02  0.000000e+00  4.000000e+01
     vertex  1.525000e+02  1.375661e+01  2.012839e+01
     vertex  1.525000e+02  1.376060e+01  2.016245e+01
   endloop
 endfacet
 facet normal  1.000000e+00  0.000000e+00  0.000000e+00
   outer loop
     vertex  1.525000e+02  0.000000e+00  4.000000e+01
     vertex  1.525000e+02  1.376060e+01  2.016245e+01
     vertex  1.525000e+02  1.376552e+01  2.019639e+01
   endloop
 endfacet
 facet normal  1.000000e+00  0.000000e+00  0.000000e+00
   outer loop
     vertex  1.525000e+02  0.000000e+00  4.000000e+01
     vertex  1.525000e+02  1.376552e+01  2.019639e+01
     vertex  1.525000e+02  1.377138e+01  2.023018e+01
   endloop
 endfacet
 facet normal  1.000000e+00  0.000000e+00  0.000000e+00
   outer loop
     vertex  1.525000e+02  0.000000e+00  4.000000e+01
     vertex  1.525000e+02  1.377138e+01  2.023018e+01
     vertex  1.525000e+02  1.377815e+01  2.026380e+01
   endloop
 endfacet
 facet normal  1.000000e+00  0.000000e+00  0.000000e+00
   outer loop
     vertex  1.525000e+02  0.000000e+00  4.000000e+01
     vertex  1.525000e+02  1.377815e+01  2.026380e+01
     vertex  1.525000e+02  1.378585e+01  2.029722e+01
   endloop
 endfacet
 facet normal  1.000000e+00  0.000000e+00  0.000000e+00
   outer loop
     vertex  1.525000e+02  0.000000e+00  4.000000e+01
     vertex  1.525000e+02  1.378585e+01  2.029722e+01
     vertex  1.525000e+02  1.379446e+01  2.033042e+01
   endloop
 endfacet
 facet normal  1.000000e+00  0.000000e+00  0.000000e+00
   outer loop
     vertex  1.525000e+02  0.000000e+00  4.000000e+01
     vertex  1.525000e+02  1.379446e+01  2.033042e+01
     vertex  1.525000e+02  1.380398e+01  2.036337e+01
   endloop
 endfacet
 facet normal  1.000000e+00  0.000000e+00  0.000000e+00
   outer loop
     vertex  1.525000e+02  0.000000e+00  4.000000e+01
     vertex  1.525000e+02  1.380398e+01  2.036337e+01
     vertex  1.525000e+02  1.381440e+01  2.039604e+01
   endloop
 endfacet
 facet normal  1.000000e+00  0.000000e+00  0.000000e+00
   outer loop
     vertex  1.525000e+02  0.000000e+00  4.000000e+01
     vertex  1.525000e+02  1.381440e+01  2.039604e+01
     vertex  1.525000e+02  1.382571e+01  2.042842e+01
   endloop
 endfacet
 facet normal  1.000000e+00  0.000000e+00  0.000000e+00
   outer loop
     vertex  1.525000e+02  0.000000e+00  4.000000e+01
     vertex  1.525000e+02  1.382571e+01  2.042842e+01
     vertex  1.525000e+02  1.383791e+01  2.046047e+01
   endloop
 endfacet
 facet normal  1.000000e+00  0.000000e+00  0.000000e+00
   outer loop
     vertex  1.525000e+02  0.000000e+00  4.000000e+01
     vertex  1.525000e+02  1.383791e+01  2.046047e+01
     vertex  1.525000e+02  1.385098e+01  2.049218e+01
   endloop
 endfacet
 facet normal  1.000000e+00  0.000000e+00  0.000000e+00
   outer loop
     vertex  1.525000e+02  0.000000e+00  4.000000e+01
     vertex  1.525000e+02  1.385098e+01  2.049218e+01
     vertex  1.525000e+02  1.386491e+01  2.052352e+01
   endloop
 endfacet
 facet normal  1.000000e+00  0.000000e+00  0.000000e+00
   outer loop
     vertex  1.525000e+02  0.000000e+00  4.000000e+01
     vertex  1.525000e+02  1.386491e+01  2.052352e+01
     vertex  1.525000e+02  1.387970e+01  2.055446e+01
   endloop
 endfacet
 facet normal  1.000000e+00  0.000000e+00  0.000000e+00
   outer loop
     vertex  1.525000e+02  0.000000e+00  4.000000e+01
     vertex  1.525000e+02  1.387970e+01  2.055446e+01
     vertex  1.525000e+02  1.389533e+01  2.058499e+01
   endloop
 endfacet
 facet normal  1.000000e+00  0.000000e+00  0.000000e+00
   outer loop
     vertex  1.525000e+02  0.000000e+00  4.000000e+01
     vertex  1.525000e+02  1.508567e+01  2.124706e+01
     vertex  1.525000e+02  3.235000e+01  3.500000e+01
   endloop
 endfacet
 facet normal  1.000000e+00  0.000000e+00  0.000000e+00
   outer loop
     vertex  1.525000e+02  0.000000e+00  4.000000e+01
     vertex  1.525000e+02  1.389533e+01  2.058499e+01
     vertex  1.525000e+02  1.391180e+01  2.061507e+01
   endloop
 endfacet
 facet normal  1.000000e+00  0.000000e+00  0.000000e+00
   outer loop
     vertex  1.525000e+02  0.000000e+00  4.000000e+01
     vertex  1.525000e+02  1.391180e+01  2.061507e+01
     vertex  1.525000e+02  1.392908e+01  2.064470e+01
   endloop
 endfacet
 facet normal  1.000000e+00  0.000000e+00  0.000000e+00
   outer loop
     vertex  1.525000e+02  0.000000e+00  4.000000e+01
     vertex  1.525000e+02  1.392908e+01  2.064470e+01
     vertex  1.525000e+02  1.394717e+01  2.067383e+01
   endloop
 endfacet
 facet normal  1.000000e+00  0.000000e+00  0.000000e+00
   outer loop
     vertex  1.525000e+02  0.000000e+00  4.000000e+01
     vertex  1.525000e+02  1.394717e+01  2.067383e+01
     vertex  1.525000e+02  1.396605e+01  2.070246e+01
   endloop
 endfacet
 facet normal  1.000000e+00  0.000000e+00  0.000000e+00
   outer loop
     vertex  1.525000e+02  0.000000e+00  4.000000e+01
     vertex  1.525000e+02  1.396605e+01  2.070246e+01
     vertex  1.525000e+02  1.398571e+01  2.073056e+01
   endloop
 endfacet
 facet normal  1.000000e+00  0.000000e+00  0.000000e+00
   outer loop
     vertex  1.525000e+02  0.000000e+00  4.000000e+01
     vertex  1.525000e+02  1.398571e+01  2.073056e+01
     vertex  1.525000e+02  1.400614e+01  2.075811e+01
   endloop
 endfacet
 facet normal  1.000000e+00  0.000000e+00  0.000000e+00
   outer loop
     vertex  1.525000e+02  0.000000e+00  4.000000e+01
     vertex  1.525000e+02  1.400614e+01  2.075811e+01
     vertex  1.525000e+02  1.402731e+01  2.078509e+01
   endloop
 endfacet
 facet normal  1.000000e+00  0.000000e+00  0.000000e+00
   outer loop
     vertex  1.525000e+02  0.000000e+00  4.000000e+01
     vertex  1.525000e+02  1.402731e+01  2.078509e+01
     vertex  1.525000e+02  1.404921e+01  2.081148e+01
   endloop
 endfacet
 facet normal  1.000000e+00  0.000000e+00  0.000000e+00
   outer loop
     vertex  1.525000e+02  0.000000e+00  4.000000e+01
     vertex  1.525000e+02  1.404921e+01  2.081148e+01
     vertex  1.525000e+02  1.407183e+01  2.083726e+01
   endloop
 endfacet
 facet normal  1.000000e+00  0.000000e+00  0.000000e+00
   outer loop
     vertex  1.525000e+02  0.000000e+00  4.000000e+01
     vertex  1.525000e+02  1.407183e+01  2.083726e+01
     vertex  1.525000e+02  1.409515e+01  2.086241e+01
   endloop
 endfacet
 facet normal  1.000000e+00  0.000000e+00  0.000000e+00
   outer loop
     vertex  1.525000e+02  0.000000e+00  4.000000e+01
     vertex  1.525000e+02  1.409515e+01  2.086241e+01
     vertex  1.525000e+02  1.411915e+01  2.088691e+01
   endloop
 endfacet
 facet normal  1.000000e+00  0.000000e+00  0.000000e+00
   outer loop
     vertex  1.525000e+02  0.000000e+00  4.000000e+01
     vertex  1.525000e+02  0.000000e+00  0.000000e+00
     vertex  1.525000e+02  1.375003e+01  1.999143e+01
   endloop
 endfacet
 facet normal  1.000000e+00  0.000000e+00  0.000000e+00
   outer loop
     vertex  1.525000e+02  0.000000e+00  4.000000e+01
     vertex  1.525000e+02  1.411915e+01  2.088691e+01
     vertex  1.525000e+02  1.414382e+01  2.091074e+01
   endloop
 endfacet
 facet normal  1.000000e+00  0.000000e+00  0.000000e+00
   outer loop
     vertex  1.525000e+02  0.000000e+00  4.000000e+01
     vertex  1.525000e+02  1.414382e+01  2.091074e+01
     vertex  1.525000e+02  1.416912e+01  2.093389e+01
   endloop
 endfacet
 facet normal  1.000000e+00  0.000000e+00  0.000000e+00
   outer loop
     vertex  1.525000e+02  0.000000e+00  4.000000e+01
     vertex  1.525000e+02  1.416912e+01  2.093389e+01
     vertex  1.525000e+02  1.419506e+01  2.095633e+01
   endloop
 endfacet
 facet normal  1.000000e+00  0.000000e+00  0.000000e+00
   outer loop
     vertex  1.525000e+02  0.000000e+00  4.000000e+01
     vertex  1.525000e+02  1.419506e+01  2.095633e+01
     vertex  1.525000e+02  1.422160e+01  2.097805e+01
   endloop
 endfacet
 facet normal  1.000000e+00  0.000000e+00  0.000000e+00
   outer loop
     vertex  1.525000e+02  0.000000e+00  4.000000e+01
     vertex  1.525000e+02  1.422160e+01  2.097805e+01
     vertex  1.525000e+02  1.424872e+01  2.099904e+01
   endloop
 endfacet
 facet normal  1.000000e+00  0.000000e+00  0.000000e+00
   outer loop
     vertex  1.525000e+02  0.000000e+00  4.000000e+01
     vertex  1.525000e+02  1.424872e+01  2.099904e+01
     vertex  1.525000e+02  1.427641e+01  2.101927e+01
   endloop
 endfacet
 facet normal  1.000000e+00  0.000000e+00  0.000000e+00
   outer loop
     vertex  1.525000e+02  1.367000e+02  4.000000e+01
     vertex  1.525000e+02  0.000000e+00  4.000000e+01
     vertex  1.525000e+02  3.235000e+01  3.500000e+01
   endloop
 endfacet
 facet normal  1.000000e+00  0.000000e+00  0.000000e+00
   outer loop
     vertex  1.525000e+02  1.367000e+02  4.000000e+01
     vertex  1.525000e+02  3.235000e+01  3.500000e+01
     vertex  1.525000e+02  1.043500e+02  3.500000e+01
   endloop
 endfacet
 facet normal -1.371831e-02  0.000000e+00 -9.999059e-01
   outer loop
     vertex  2.506173e+01  6.000000e+00  2.224915e+01
     vertex  2.500000e+01  0.000000e+00  2.225000e+01
     vertex  2.500000e+01  6.000000e+00  2.225000e+01
   endloop
 endfacet
 facet normal -1.371831e-02 -0.000000e+00 -9.999059e-01
   outer loop
     vertex  2.506173e+01  6.000000e+00  2.224915e+01
     vertex  2.506173e+01  0.000000e+00  2.224915e+01
     vertex  2.500000e+01  0.000000e+00  2.225000e+01
   endloop
 endfacet
 facet normal -4.114462e-02 -0.000000e+00 -9.991532e-01
   outer loop
     vertex  2.512341e+01  6.000000e+00  2.224661e+01
     vertex  2.512341e+01  0.000000e+00  2.224661e+01
     vertex  2.506173e+01  0.000000e+00  2.224915e+01
   endloop
 endfacet
 facet normal -4.114462e-02  0.000000e+00 -9.991532e-01
   outer loop
     vertex  2.512341e+01  6.000000e+00  2.224661e+01
     vertex  2.506173e+01  0.000000e+00  2.224915e+01
     vertex  2.506173e+01  6.000000e+00  2.224915e+01
   endloop
 endfacet
 facet normal -6.853995e-02 -0.000000e+00 -9.976484e-01
   outer loop
     vertex  2.518499e+01  6.000000e+00  2.224238e+01
     vertex  2.518499e+01  0.000000e+00  2.224238e+01
     vertex  2.512341e+01  0.000000e+00  2.224661e+01
   endloop
 endfacet
 facet normal -6.853995e-02  0.000000e+00 -9.976484e-01
   outer loop
     vertex  2.518499e+01  6.000000e+00  2.224238e+01
     vertex  2.512341e+01  0.000000e+00  2.224661e+01
     vertex  2.512341e+01  6.000000e+00  2.224661e+01
   endloop
 endfacet
 facet normal -9.588368e-02 -0.000000e+00 -9.953925e-01
   outer loop
     vertex  2.524644e+01  6.000000e+00  2.223646e+01
     vertex  2.524644e+01  0.000000e+00  2.223646e+01
     vertex  2.518499e+01  0.000000e+00  2.224238e+01
   endloop
 endfacet
 facet normal -9.588368e-02  0.000000e+00 -9.953925e-01
   outer loop
     vertex  2.524644e+01  6.000000e+00  2.223646e+01
     vertex  2.518499e+01  0.000000e+00  2.224238e+01
     vertex  2.518499e+01  6.000000e+00  2.224238e+01
   endloop
 endfacet
 facet normal -1.231552e-01 -0.000000e+00 -9.923874e-01
   outer loop
     vertex  2.530770e+01  6.000000e+00  2.222886e+01
     vertex  2.530770e+01  0.000000e+00  2.222886e+01
     vertex  2.524644e+01  0.000000e+00  2.223646e+01
   endloop
 endfacet
 facet normal -1.231552e-01  0.000000e+00 -9.923874e-01
   outer loop
     vertex  2.530770e+01  6.000000e+00  2.222886e+01
     vertex  2.524644e+01  0.000000e+00  2.223646e+01
     vertex  2.524644e+01  6.000000e+00  2.223646e+01
   endloop
 endfacet
 facet normal -1.503341e-01 -0.000000e+00 -9.886353e-01
   outer loop
     vertex  2.536874e+01  6.000000e+00  2.221958e+01
     vertex  2.536874e+01  0.000000e+00  2.221958e+01
     vertex  2.530770e+01  0.000000e+00  2.222886e+01
   endloop
 endfacet
 facet normal -1.773998e-01 -0.000000e+00 -9.841389e-01
   outer loop
     vertex  2.536874e+01  6.000000e+00  2.221958e+01
     vertex  2.542949e+01  0.000000e+00  2.220863e+01
     vertex  2.536874e+01  0.000000e+00  2.221958e+01
   endloop
 endfacet
 facet normal -1.503341e-01  0.000000e+00 -9.886353e-01
   outer loop
     vertex  2.536874e+01  6.000000e+00  2.221958e+01
     vertex  2.530770e+01  0.000000e+00  2.222886e+01
     vertex  2.530770e+01  6.000000e+00  2.222886e+01
   endloop
 endfacet
 facet normal -1.773998e-01 -0.000000e+00 -9.841389e-01
   outer loop
     vertex  2.542949e+01  6.000000e+00  2.220863e+01
     vertex  2.542949e+01  0.000000e+00  2.220863e+01
     vertex  2.536874e+01  6.000000e+00  2.221958e+01
   endloop
 endfacet
 facet normal -2.043319e-01 -0.000000e+00 -9.789017e-01
   outer loop
     vertex  2.548992e+01  6.000000e+00  2.219601e+01
     vertex  2.548992e+01  0.000000e+00  2.219601e+01
     vertex  2.542949e+01  0.000000e+00  2.220863e+01
   endloop
 endfacet
 facet normal -2.043319e-01  0.000000e+00 -9.789017e-01
   outer loop
     vertex  2.548992e+01  6.000000e+00  2.219601e+01
     vertex  2.542949e+01  0.000000e+00  2.220863e+01
     vertex  2.542949e+01  6.000000e+00  2.220863e+01
   endloop
 endfacet
 facet normal -2.311102e-01 -0.000000e+00 -9.729276e-01
   outer loop
     vertex  2.554998e+01  6.000000e+00  2.218175e+01
     vertex  2.554998e+01  0.000000e+00  2.218175e+01
     vertex  2.548992e+01  0.000000e+00  2.219601e+01
   endloop
 endfacet
 facet normal -2.311102e-01  0.000000e+00 -9.729276e-01
   outer loop
     vertex  2.554998e+01  6.000000e+00  2.218175e+01
     vertex  2.548992e+01  0.000000e+00  2.219601e+01
     vertex  2.548992e+01  6.000000e+00  2.219601e+01
   endloop
 endfacet
 facet normal -2.577146e-01  0.000000e+00 -9.662211e-01
   outer loop
     vertex  2.560963e+01  6.000000e+00  2.216584e+01
     vertex  2.554998e+01  0.000000e+00  2.218175e+01
     vertex  2.554998e+01  6.000000e+00  2.218175e+01
   endloop
 endfacet
 facet normal -2.577146e-01 -0.000000e+00 -9.662211e-01
   outer loop
     vertex  2.560963e+01  6.000000e+00  2.216584e+01
     vertex  2.560963e+01  0.000000e+00  2.216584e+01
     vertex  2.554998e+01  0.000000e+00  2.218175e+01
   endloop
 endfacet
 facet normal -2.841250e-01 -0.000000e+00 -9.587873e-01
   outer loop
     vertex  2.560963e+01  6.000000e+00  2.216584e+01
     vertex  2.566882e+01  0.000000e+00  2.214830e+01
     vertex  2.560963e+01  0.000000e+00  2.216584e+01
   endloop
 endfacet
 facet normal -2.841250e-01 -0.000000e+00 -9.587873e-01
   outer loop
     vertex  2.566882e+01  6.000000e+00  2.214830e+01
     vertex  2.566882e+01  0.000000e+00  2.214830e+01
     vertex  2.560963e+01  6.000000e+00  2.216584e+01
   endloop
 endfacet
 facet normal -3.103214e-01 -0.000000e+00 -9.506317e-01
   outer loop
     vertex  2.566882e+01  6.000000e+00  2.214830e+01
     vertex  2.572750e+01  0.000000e+00  2.212914e+01
     vertex  2.566882e+01  0.000000e+00  2.214830e+01
   endloop
 endfacet
 facet normal -3.103214e-01 -0.000000e+00 -9.506317e-01
   outer loop
     vertex  2.572750e+01  6.000000e+00  2.212914e+01
     vertex  2.572750e+01  0.000000e+00  2.212914e+01
     vertex  2.566882e+01  6.000000e+00  2.214830e+01
   endloop
 endfacet
 facet normal -3.362843e-01 -0.000000e+00 -9.417605e-01
   outer loop
     vertex  2.572750e+01  6.000000e+00  2.212914e+01
     vertex  2.578564e+01  0.000000e+00  2.210838e+01
     vertex  2.572750e+01  0.000000e+00  2.212914e+01
   endloop
 endfacet
 facet normal -3.362843e-01 -0.000000e+00 -9.417605e-01
   outer loop
     vertex  2.578564e+01  6.000000e+00  2.210838e+01
     vertex  2.578564e+01  0.000000e+00  2.210838e+01
     vertex  2.572750e+01  6.000000e+00  2.212914e+01
   endloop
 endfacet
 facet normal -3.619940e-01  0.000000e+00 -9.321804e-01
   outer loop
     vertex  2.584318e+01  6.000000e+00  2.208604e+01
     vertex  2.578564e+01  0.000000e+00  2.210838e+01
     vertex  2.578564e+01  6.000000e+00  2.210838e+01
   endloop
 endfacet
 facet normal -3.619940e-01 -0.000000e+00 -9.321804e-01
   outer loop
     vertex  2.584318e+01  6.000000e+00  2.208604e+01
     vertex  2.584318e+01  0.000000e+00  2.208604e+01
     vertex  2.578564e+01  0.000000e+00  2.210838e+01
   endloop
 endfacet
 facet normal -3.874313e-01  0.000000e+00 -9.218986e-01
   outer loop
     vertex  2.590009e+01  6.000000e+00  2.206212e+01
     vertex  2.584318e+01  0.000000e+00  2.208604e+01
     vertex  2.584318e+01  6.000000e+00  2.208604e+01
   endloop
 endfacet
 facet normal -3.874313e-01 -0.000000e+00 -9.218986e-01
   outer loop
     vertex  2.590009e+01  6.000000e+00  2.206212e+01
     vertex  2.590009e+01  0.000000e+00  2.206212e+01
     vertex  2.584318e+01  0.000000e+00  2.208604e+01
   endloop
 endfacet
 facet normal -4.125769e-01  0.000000e+00 -9.109228e-01
   outer loop
     vertex  2.595633e+01  6.000000e+00  2.203665e+01
     vertex  2.590009e+01  0.000000e+00  2.206212e+01
     vertex  2.590009e+01  6.000000e+00  2.206212e+01
   endloop
 endfacet
 facet normal -4.125769e-01 -0.000000e+00 -9.109228e-01
   outer loop
     vertex  2.595633e+01  6.000000e+00  2.203665e+01
     vertex  2.595633e+01  0.000000e+00  2.203665e+01
     vertex  2.590009e+01  0.000000e+00  2.206212e+01
   endloop
 endfacet
 facet normal -4.374119e-01  0.000000e+00 -8.992613e-01
   outer loop
     vertex  2.601184e+01  6.000000e+00  2.200965e+01
     vertex  2.595633e+01  0.000000e+00  2.203665e+01
     vertex  2.595633e+01  6.000000e+00  2.203665e+01
   endloop
 endfacet
 facet normal -4.374119e-01 -0.000000e+00 -8.992613e-01
   outer loop
     vertex  2.601184e+01  6.000000e+00  2.200965e+01
     vertex  2.601184e+01  0.000000e+00  2.200965e+01
     vertex  2.595633e+01  0.000000e+00  2.203665e+01
   endloop
 endfacet
 facet normal -4.619176e-01  0.000000e+00 -8.869228e-01
   outer loop
     vertex  2.606659e+01  6.000000e+00  2.198113e+01
     vertex  2.601184e+01  0.000000e+00  2.200965e+01
     vertex  2.601184e+01  6.000000e+00  2.200965e+01
   endloop
 endfacet
 facet normal -4.619176e-01 -0.000000e+00 -8.869228e-01
   outer loop
     vertex  2.606659e+01  6.000000e+00  2.198113e+01
     vertex  2.606659e+01  0.000000e+00  2.198113e+01
     vertex  2.601184e+01  0.000000e+00  2.200965e+01
   endloop
 endfacet
 facet normal -4.860756e-01  0.000000e+00 -8.739167e-01
   outer loop
     vertex  2.612054e+01  6.000000e+00  2.195112e+01
     vertex  2.606659e+01  0.000000e+00  2.198113e+01
     vertex  2.606659e+01  6.000000e+00  2.198113e+01
   endloop
 endfacet
 facet normal -4.860756e-01 -0.000000e+00 -8.739167e-01
   outer loop
     vertex  2.612054e+01  6.000000e+00  2.195112e+01
     vertex  2.612054e+01  0.000000e+00  2.195112e+01
     vertex  2.606659e+01  0.000000e+00  2.198113e+01
   endloop
 endfacet
 facet normal -5.098678e-01  0.000000e+00 -8.602528e-01
   outer loop
     vertex  2.617365e+01  6.000000e+00  2.191965e+01
     vertex  2.612054e+01  0.000000e+00  2.195112e+01
     vertex  2.612054e+01  6.000000e+00  2.195112e+01
   endloop
 endfacet
 facet normal -5.098678e-01 -0.000000e+00 -8.602528e-01
   outer loop
     vertex  2.617365e+01  6.000000e+00  2.191965e+01
     vertex  2.617365e+01  0.000000e+00  2.191965e+01
     vertex  2.612054e+01  0.000000e+00  2.195112e+01
   endloop
 endfacet
 facet normal -5.332761e-01  0.000000e+00 -8.459413e-01
   outer loop
     vertex  2.622587e+01  6.000000e+00  2.188673e+01
     vertex  2.617365e+01  0.000000e+00  2.191965e+01
     vertex  2.617365e+01  6.000000e+00  2.191965e+01
   endloop
 endfacet
 facet normal -5.332761e-01 -0.000000e+00 -8.459413e-01
   outer loop
     vertex  2.622587e+01  6.000000e+00  2.188673e+01
     vertex  2.622587e+01  0.000000e+00  2.188673e+01
     vertex  2.617365e+01  0.000000e+00  2.191965e+01
   endloop
 endfacet
 facet normal -5.562829e-01 -0.000000e+00 -8.309929e-01
   outer loop
     vertex  2.627717e+01  6.000000e+00  2.185239e+01
     vertex  2.627717e+01  0.000000e+00  2.185239e+01
     vertex  2.622587e+01  0.000000e+00  2.188673e+01
   endloop
 endfacet
 facet normal -5.562829e-01  0.000000e+00 -8.309929e-01
   outer loop
     vertex  2.627717e+01  6.000000e+00  2.185239e+01
     vertex  2.622587e+01  0.000000e+00  2.188673e+01
     vertex  2.622587e+01  6.000000e+00  2.188673e+01
   endloop
 endfacet
 facet normal -5.788711e-01 -0.000000e+00 -8.154191e-01
   outer loop
     vertex  2.632751e+01  6.000000e+00  2.181665e+01
     vertex  2.632751e+01  0.000000e+00  2.181665e+01
     vertex  2.627717e+01  0.000000e+00  2.185239e+01
   endloop
 endfacet
 facet normal -5.788711e-01  0.000000e+00 -8.154191e-01
   outer loop
     vertex  2.632751e+01  6.000000e+00  2.181665e+01
     vertex  2.627717e+01  0.000000e+00  2.185239e+01
     vertex  2.627717e+01  6.000000e+00  2.185239e+01
   endloop
 endfacet
 facet normal -6.010234e-01 -0.000000e+00 -7.992314e-01
   outer loop
     vertex  2.637684e+01  6.000000e+00  2.177955e+01
     vertex  2.637684e+01  0.000000e+00  2.177955e+01
     vertex  2.632751e+01  0.000000e+00  2.181665e+01
   endloop
 endfacet
 facet normal -6.010234e-01  0.000000e+00 -7.992314e-01
   outer loop
     vertex  2.637684e+01  6.000000e+00  2.177955e+01
     vertex  2.632751e+01  0.000000e+00  2.181665e+01
     vertex  2.632751e+01  6.000000e+00  2.181665e+01
   endloop
 endfacet
 facet normal -6.227234e-01 -0.000000e+00 -7.824421e-01
   outer loop
     vertex  2.642515e+01  6.000000e+00  2.174111e+01
     vertex  2.642515e+01  0.000000e+00  2.174111e+01
     vertex  2.637684e+01  0.000000e+00  2.177955e+01
   endloop
 endfacet
 facet normal -6.227234e-01  0.000000e+00 -7.824421e-01
   outer loop
     vertex  2.642515e+01  6.000000e+00  2.174111e+01
     vertex  2.637684e+01  0.000000e+00  2.177955e+01
     vertex  2.637684e+01  6.000000e+00  2.177955e+01
   endloop
 endfacet
 facet normal -6.439545e-01 -0.000000e+00 -7.650637e-01
   outer loop
     vertex  2.647238e+01  6.000000e+00  2.170136e+01
     vertex  2.647238e+01  0.000000e+00  2.170136e+01
     vertex  2.642515e+01  0.000000e+00  2.174111e+01
   endloop
 endfacet
 facet normal -6.439545e-01  0.000000e+00 -7.650637e-01
   outer loop
     vertex  2.647238e+01  6.000000e+00  2.170136e+01
     vertex  2.642515e+01  0.000000e+00  2.174111e+01
     vertex  2.642515e+01  6.000000e+00  2.174111e+01
   endloop
 endfacet
 facet normal -6.647010e-01 -0.000000e+00 -7.471095e-01
   outer loop
     vertex  2.651850e+01  6.000000e+00  2.166032e+01
     vertex  2.651850e+01  0.000000e+00  2.166032e+01
     vertex  2.647238e+01  0.000000e+00  2.170136e+01
   endloop
 endfacet
 facet normal -6.849470e-01 -0.000000e+00 -7.285929e-01
   outer loop
     vertex  2.651850e+01  6.000000e+00  2.166032e+01
     vertex  2.656347e+01  0.000000e+00  2.161804e+01
     vertex  2.651850e+01  0.000000e+00  2.166032e+01
   endloop
 endfacet
 facet normal -6.647010e-01  0.000000e+00 -7.471095e-01
   outer loop
     vertex  2.651850e+01  6.000000e+00  2.166032e+01
     vertex  2.647238e+01  0.000000e+00  2.170136e+01
     vertex  2.647238e+01  6.000000e+00  2.170136e+01
   endloop
 endfacet
 facet normal -6.849470e-01 -0.000000e+00 -7.285929e-01
   outer loop
     vertex  2.656347e+01  6.000000e+00  2.161804e+01
     vertex  2.656347e+01  0.000000e+00  2.161804e+01
     vertex  2.651850e+01  6.000000e+00  2.166032e+01
   endloop
 endfacet
 facet normal -7.046775e-01 -0.000000e+00 -7.095278e-01
   outer loop
     vertex  2.660728e+01  6.000000e+00  2.157454e+01
     vertex  2.660728e+01  0.000000e+00  2.157454e+01
     vertex  2.656347e+01  0.000000e+00  2.161804e+01
   endloop
 endfacet
 facet normal -7.238775e-01 -0.000000e+00 -6.899286e-01
   outer loop
     vertex  2.660728e+01  6.000000e+00  2.157454e+01
     vertex  2.664987e+01  0.000000e+00  2.152985e+01
     vertex  2.660728e+01  0.000000e+00  2.157454e+01
   endloop
 endfacet
 facet normal -7.046775e-01  0.000000e+00 -7.095278e-01
   outer loop
     vertex  2.660728e+01  6.000000e+00  2.157454e+01
     vertex  2.656347e+01  0.000000e+00  2.161804e+01
     vertex  2.656347e+01  6.000000e+00  2.161804e+01
   endloop
 endfacet
 facet normal -7.238775e-01 -0.000000e+00 -6.899286e-01
   outer loop
     vertex  2.664987e+01  6.000000e+00  2.152985e+01
     vertex  2.664987e+01  0.000000e+00  2.152985e+01
     vertex  2.660728e+01  6.000000e+00  2.157454e+01
   endloop
 endfacet
 facet normal -7.425325e-01 -0.000000e+00 -6.698100e-01
   outer loop
     vertex  2.669122e+01  6.000000e+00  2.148401e+01
     vertex  2.669122e+01  0.000000e+00  2.148401e+01
     vertex  2.664987e+01  0.000000e+00  2.152985e+01
   endloop
 endfacet
 facet normal -7.425325e-01  0.000000e+00 -6.698100e-01
   outer loop
     vertex  2.669122e+01  6.000000e+00  2.148401e+01
     vertex  2.664987e+01  0.000000e+00  2.152985e+01
     vertex  2.664987e+01  6.000000e+00  2.152985e+01
   endloop
 endfacet
 facet normal -7.606287e-01 -0.000000e+00 -6.491872e-01
   outer loop
     vertex  2.673129e+01  6.000000e+00  2.143706e+01
     vertex  2.673129e+01  0.000000e+00  2.143706e+01
     vertex  2.669122e+01  0.000000e+00  2.148401e+01
   endloop
 endfacet
 facet normal -7.781522e-01 -0.000000e+00 -6.280757e-01
   outer loop
     vertex  2.673129e+01  6.000000e+00  2.143706e+01
     vertex  2.677006e+01  0.000000e+00  2.138902e+01
     vertex  2.673129e+01  0.000000e+00  2.143706e+01
   endloop
 endfacet
 facet normal -7.606287e-01  0.000000e+00 -6.491872e-01
   outer loop
     vertex  2.673129e+01  6.000000e+00  2.143706e+01
     vertex  2.669122e+01  0.000000e+00  2.148401e+01
     vertex  2.669122e+01  6.000000e+00  2.148401e+01
   endloop
 endfacet
 facet normal -7.950900e-01 -0.000000e+00 -6.064915e-01
   outer loop
     vertex  2.677006e+01  6.000000e+00  2.138902e+01
     vertex  2.680750e+01  0.000000e+00  2.133994e+01
     vertex  2.677006e+01  0.000000e+00  2.138902e+01
   endloop
 endfacet
 facet normal -7.781522e-01 -0.000000e+00 -6.280757e-01
   outer loop
     vertex  2.677006e+01  6.000000e+00  2.138902e+01
     vertex  2.677006e+01  0.000000e+00  2.138902e+01
     vertex  2.673129e+01  6.000000e+00  2.143706e+01
   endloop
 endfacet
 facet normal -7.950900e-01 -0.000000e+00 -6.064915e-01
   outer loop
     vertex  2.680750e+01  6.000000e+00  2.133994e+01
     vertex  2.680750e+01  0.000000e+00  2.133994e+01
     vertex  2.677006e+01  6.000000e+00  2.138902e+01
   endloop
 endfacet
 facet normal -8.114292e-01  0.000000e+00 -5.844507e-01
   outer loop
     vertex  2.684358e+01  6.000000e+00  2.128984e+01
     vertex  2.680750e+01  0.000000e+00  2.133994e+01
     vertex  2.680750e+01  6.000000e+00  2.133994e+01
   endloop
 endfacet
 facet normal -8.114292e-01 -0.000000e+00 -5.844507e-01
   outer loop
     vertex  2.684358e+01  6.000000e+00  2.128984e+01
     vertex  2.684358e+01  0.000000e+00  2.128984e+01
     vertex  2.680750e+01  0.000000e+00  2.133994e+01
   endloop
 endfacet
 facet normal -8.271577e-01 -0.000000e+00 -5.619699e-01
   outer loop
     vertex  2.687828e+01  6.000000e+00  2.123878e+01
     vertex  2.687828e+01  0.000000e+00  2.123878e+01
     vertex  2.684358e+01  0.000000e+00  2.128984e+01
   endloop
 endfacet
 facet normal -8.271577e-01  0.000000e+00 -5.619699e-01
   outer loop
     vertex  2.687828e+01  6.000000e+00  2.123878e+01
     vertex  2.684358e+01  0.000000e+00  2.128984e+01
     vertex  2.684358e+01  6.000000e+00  2.128984e+01
   endloop
 endfacet
 facet normal -8.422635e-01  0.000000e+00 -5.390661e-01
   outer loop
     vertex  2.691155e+01  6.000000e+00  2.118679e+01
     vertex  2.687828e+01  0.000000e+00  2.123878e+01
     vertex  2.687828e+01  6.000000e+00  2.123878e+01
   endloop
 endfacet
 facet normal -8.422635e-01 -0.000000e+00 -5.390661e-01
   outer loop
     vertex  2.691155e+01  6.000000e+00  2.118679e+01
     vertex  2.691155e+01  0.000000e+00  2.118679e+01
     vertex  2.687828e+01  0.000000e+00  2.123878e+01
   endloop
 endfacet
 facet normal -8.567352e-01  0.000000e+00 -5.157565e-01
   outer loop
     vertex  2.694339e+01  6.000000e+00  2.113390e+01
     vertex  2.691155e+01  0.000000e+00  2.118679e+01
     vertex  2.691155e+01  6.000000e+00  2.118679e+01
   endloop
 endfacet
 facet normal -8.567352e-01 -0.000000e+00 -5.157565e-01
   outer loop
     vertex  2.694339e+01  6.000000e+00  2.113390e+01
     vertex  2.694339e+01  0.000000e+00  2.113390e+01
     vertex  2.691155e+01  0.000000e+00  2.118679e+01
   endloop
 endfacet
 facet normal -8.705620e-01  0.000000e+00 -4.920587e-01
   outer loop
     vertex  2.697377e+01  6.000000e+00  2.108016e+01
     vertex  2.694339e+01  0.000000e+00  2.113390e+01
     vertex  2.694339e+01  6.000000e+00  2.113390e+01
   endloop
 endfacet
 facet normal -8.705620e-01 -0.000000e+00 -4.920587e-01
   outer loop
     vertex  2.697377e+01  6.000000e+00  2.108016e+01
     vertex  2.697377e+01  0.000000e+00  2.108016e+01
     vertex  2.694339e+01  0.000000e+00  2.113390e+01
   endloop
 endfacet
 facet normal -8.837335e-01  0.000000e+00 -4.679904e-01
   outer loop
     vertex  2.700266e+01  6.000000e+00  2.102560e+01
     vertex  2.697377e+01  0.000000e+00  2.108016e+01
     vertex  2.697377e+01  6.000000e+00  2.108016e+01
   endloop
 endfacet
 facet normal -8.837335e-01 -0.000000e+00 -4.679904e-01
   outer loop
     vertex  2.700266e+01  6.000000e+00  2.102560e+01
     vertex  2.700266e+01  0.000000e+00  2.102560e+01
     vertex  2.697377e+01  0.000000e+00  2.108016e+01
   endloop
 endfacet
 facet normal -8.962398e-01  0.000000e+00 -4.435699e-01
   outer loop
     vertex  2.703004e+01  6.000000e+00  2.097027e+01
     vertex  2.700266e+01  0.000000e+00  2.102560e+01
     vertex  2.700266e+01  6.000000e+00  2.102560e+01
   endloop
 endfacet
 facet normal -8.962398e-01 -0.000000e+00 -4.435699e-01
   outer loop
     vertex  2.703004e+01  6.000000e+00  2.097027e+01
     vertex  2.703004e+01  0.000000e+00  2.097027e+01
     vertex  2.700266e+01  0.000000e+00  2.102560e+01
   endloop
 endfacet
 facet normal -9.080714e-01  0.000000e+00 -4.188155e-01
   outer loop
     vertex  2.705590e+01  6.000000e+00  2.091422e+01
     vertex  2.703004e+01  0.000000e+00  2.097027e+01
     vertex  2.703004e+01  6.000000e+00  2.097027e+01
   endloop
 endfacet
 facet normal -9.080714e-01 -0.000000e+00 -4.188155e-01
   outer loop
     vertex  2.705590e+01  6.000000e+00  2.091422e+01
     vertex  2.705590e+01  0.000000e+00  2.091422e+01
     vertex  2.703004e+01  0.000000e+00  2.097027e+01
   endloop
 endfacet
 facet normal -9.192194e-01  0.000000e+00 -3.937458e-01
   outer loop
     vertex  2.708020e+01  6.000000e+00  2.085747e+01
     vertex  2.705590e+01  0.000000e+00  2.091422e+01
     vertex  2.705590e+01  6.000000e+00  2.091422e+01
   endloop
 endfacet
 facet normal -9.192194e-01 -0.000000e+00 -3.937458e-01
   outer loop
     vertex  2.708020e+01  6.000000e+00  2.085747e+01
     vertex  2.708020e+01  0.000000e+00  2.085747e+01
     vertex  2.705590e+01  0.000000e+00  2.091422e+01
   endloop
 endfacet
 facet normal -9.296754e-01  0.000000e+00 -3.683796e-01
   outer loop
     vertex  2.710294e+01  6.000000e+00  2.080008e+01
     vertex  2.708020e+01  0.000000e+00  2.085747e+01
     vertex  2.708020e+01  6.000000e+00  2.085747e+01
   endloop
 endfacet
 facet normal -9.296754e-01 -0.000000e+00 -3.683796e-01
   outer loop
     vertex  2.710294e+01  6.000000e+00  2.080008e+01
     vertex  2.710294e+01  0.000000e+00  2.080008e+01
     vertex  2.708020e+01  0.000000e+00  2.085747e+01
   endloop
 endfacet
 facet normal -9.394317e-01 -0.000000e+00 -3.427362e-01
   outer loop
     vertex  2.710294e+01  6.000000e+00  2.080008e+01
     vertex  2.712410e+01  0.000000e+00  2.074209e+01
     vertex  2.710294e+01  0.000000e+00  2.080008e+01
   endloop
 endfacet
 facet normal -9.394317e-01 -0.000000e+00 -3.427362e-01
   outer loop
     vertex  2.712410e+01  6.000000e+00  2.074209e+01
     vertex  2.712410e+01  0.000000e+00  2.074209e+01
     vertex  2.710294e+01  6.000000e+00  2.080008e+01
   endloop
 endfacet
 facet normal -9.484807e-01  0.000000e+00 -3.168348e-01
   outer loop
     vertex  2.714366e+01  6.000000e+00  2.068354e+01
     vertex  2.712410e+01  0.000000e+00  2.074209e+01
     vertex  2.712410e+01  6.000000e+00  2.074209e+01
   endloop
 endfacet
 facet normal -9.484807e-01 -0.000000e+00 -3.168348e-01
   outer loop
     vertex  2.714366e+01  6.000000e+00  2.068354e+01
     vertex  2.714366e+01  0.000000e+00  2.068354e+01
     vertex  2.712410e+01  0.000000e+00  2.074209e+01
   endloop
 endfacet
 facet normal -9.568158e-01  0.000000e+00 -2.906949e-01
   outer loop
     vertex  2.716161e+01  6.000000e+00  2.062447e+01
     vertex  2.714366e+01  0.000000e+00  2.068354e+01
     vertex  2.714366e+01  6.000000e+00  2.068354e+01
   endloop
 endfacet
 facet normal -9.568158e-01 -0.000000e+00 -2.906949e-01
   outer loop
     vertex  2.716161e+01  6.000000e+00  2.062447e+01
     vertex  2.716161e+01  0.000000e+00  2.062447e+01
     vertex  2.714366e+01  0.000000e+00  2.068354e+01
   endloop
 endfacet
 facet normal -9.644306e-01  0.000000e+00 -2.643362e-01
   outer loop
     vertex  2.717792e+01  6.000000e+00  2.056493e+01
     vertex  2.716161e+01  0.000000e+00  2.062447e+01
     vertex  2.716161e+01  6.000000e+00  2.062447e+01
   endloop
 endfacet
 facet normal -9.644306e-01 -0.000000e+00 -2.643362e-01
   outer loop
     vertex  2.717792e+01  6.000000e+00  2.056493e+01
     vertex  2.717792e+01  0.000000e+00  2.056493e+01
     vertex  2.716161e+01  0.000000e+00  2.062447e+01
   endloop
 endfacet
 facet normal -9.713194e-01  0.000000e+00 -2.377784e-01
   outer loop
     vertex  2.719260e+01  6.000000e+00  2.050497e+01
     vertex  2.717792e+01  0.000000e+00  2.056493e+01
     vertex  2.717792e+01  6.000000e+00  2.056493e+01
   endloop
 endfacet
 facet normal -9.713194e-01 -0.000000e+00 -2.377784e-01
   outer loop
     vertex  2.719260e+01  6.000000e+00  2.050497e+01
     vertex  2.719260e+01  0.000000e+00  2.050497e+01
     vertex  2.717792e+01  0.000000e+00  2.056493e+01
   endloop
 endfacet
 facet normal -9.774771e-01  0.000000e+00 -2.110417e-01
   outer loop
     vertex  2.720563e+01  6.000000e+00  2.044463e+01
     vertex  2.719260e+01  0.000000e+00  2.050497e+01
     vertex  2.719260e+01  6.000000e+00  2.050497e+01
   endloop
 endfacet
 facet normal -9.774771e-01 -0.000000e+00 -2.110417e-01
   outer loop
     vertex  2.720563e+01  6.000000e+00  2.044463e+01
     vertex  2.720563e+01  0.000000e+00  2.044463e+01
     vertex  2.719260e+01  0.000000e+00  2.050497e+01
   endloop
 endfacet
 facet normal -9.828989e-01  0.000000e+00 -1.841461e-01
   outer loop
     vertex  2.721700e+01  6.000000e+00  2.038395e+01
     vertex  2.720563e+01  0.000000e+00  2.044463e+01
     vertex  2.720563e+01  6.000000e+00  2.044463e+01
   endloop
 endfacet
 facet normal -9.828989e-01 -0.000000e+00 -1.841461e-01
   outer loop
     vertex  2.721700e+01  6.000000e+00  2.038395e+01
     vertex  2.721700e+01  0.000000e+00  2.038395e+01
     vertex  2.720563e+01  0.000000e+00  2.044463e+01
   endloop
 endfacet
 facet normal -9.875808e-01 -0.000000e+00 -1.571119e-01
   outer loop
     vertex  2.721700e+01  6.000000e+00  2.038395e+01
     vertex  2.722670e+01  0.000000e+00  2.032299e+01
     vertex  2.721700e+01  0.000000e+00  2.038395e+01
   endloop
 endfacet
 facet normal -9.875808e-01 -0.000000e+00 -1.571119e-01
   outer loop
     vertex  2.722670e+01  6.000000e+00  2.032299e+01
     vertex  2.722670e+01  0.000000e+00  2.032299e+01
     vertex  2.721700e+01  6.000000e+00  2.038395e+01
   endloop
 endfacet
 facet normal -9.915193e-01 -0.000000e+00 -1.299594e-01
   outer loop
     vertex  2.722670e+01  6.000000e+00  2.032299e+01
     vertex  2.723472e+01  0.000000e+00  2.026178e+01
     vertex  2.722670e+01  0.000000e+00  2.032299e+01
   endloop
 endfacet
 facet normal -9.915193e-01 -0.000000e+00 -1.299594e-01
   outer loop
     vertex  2.723472e+01  6.000000e+00  2.026178e+01
     vertex  2.723472e+01  0.000000e+00  2.026178e+01
     vertex  2.722670e+01  6.000000e+00  2.032299e+01
   endloop
 endfacet
 facet normal -9.947114e-01  0.000000e+00 -1.027091e-01
   outer loop
     vertex  2.724106e+01  6.000000e+00  2.020037e+01
     vertex  2.723472e+01  0.000000e+00  2.026178e+01
     vertex  2.723472e+01  6.000000e+00  2.026178e+01
   endloop
 endfacet
 facet normal -9.947114e-01 -0.000000e+00 -1.027091e-01
   outer loop
     vertex  2.724106e+01  6.000000e+00  2.020037e+01
     vertex  2.724106e+01  0.000000e+00  2.020037e+01
     vertex  2.723472e+01  0.000000e+00  2.026178e+01
   endloop
 endfacet
 facet normal -9.971548e-01  0.000000e+00 -7.538152e-02
   outer loop
     vertex  2.724571e+01  6.000000e+00  2.013881e+01
     vertex  2.724106e+01  0.000000e+00  2.020037e+01
     vertex  2.724106e+01  6.000000e+00  2.020037e+01
   endloop
 endfacet
 facet normal -9.971548e-01 -0.000000e+00 -7.538152e-02
   outer loop
     vertex  2.724571e+01  6.000000e+00  2.013881e+01
     vertex  2.724571e+01  0.000000e+00  2.013881e+01
     vertex  2.724106e+01  0.000000e+00  2.020037e+01
   endloop
 endfacet
 facet normal -9.988475e-01  0.000000e+00 -4.799716e-02
   outer loop
     vertex  2.724868e+01  6.000000e+00  2.007715e+01
     vertex  2.724571e+01  0.000000e+00  2.013881e+01
     vertex  2.724571e+01  6.000000e+00  2.013881e+01
   endloop
 endfacet
 facet normal -9.988475e-01 -0.000000e+00 -4.799716e-02
   outer loop
     vertex  2.724868e+01  6.000000e+00  2.007715e+01
     vertex  2.724868e+01  0.000000e+00  2.007715e+01
     vertex  2.724571e+01  0.000000e+00  2.013881e+01
   endloop
 endfacet
 facet normal -9.997883e-01 -0.000000e+00 -2.057667e-02
   outer loop
     vertex  2.724995e+01  6.000000e+00  2.001543e+01
     vertex  2.724995e+01  0.000000e+00  2.001543e+01
     vertex  2.724868e+01  0.000000e+00  2.007715e+01
   endloop
 endfacet
 facet normal -9.997883e-01  0.000000e+00 -2.057667e-02
   outer loop
     vertex  2.724995e+01  6.000000e+00  2.001543e+01
     vertex  2.724868e+01  0.000000e+00  2.007715e+01
     vertex  2.724868e+01  6.000000e+00  2.007715e+01
   endloop
 endfacet
 facet normal -9.999765e-01  0.000000e+00  6.859319e-03
   outer loop
     vertex  2.724995e+01  6.000000e+00  2.001543e+01
     vertex  2.724952e+01  0.000000e+00  1.995370e+01
     vertex  2.724995e+01  0.000000e+00  2.001543e+01
   endloop
 endfacet
 facet normal -9.999765e-01  0.000000e+00  6.859319e-03
   outer loop
     vertex  2.724952e+01  6.000000e+00  1.995370e+01
     vertex  2.724952e+01  0.000000e+00  1.995370e+01
     vertex  2.724995e+01  6.000000e+00  2.001543e+01
   endloop
 endfacet
 facet normal -9.994119e-01  0.000000e+00  3.429014e-02
   outer loop
     vertex  2.724741e+01  6.000000e+00  1.989201e+01
     vertex  2.724741e+01  0.000000e+00  1.989201e+01
     vertex  2.724952e+01  0.000000e+00  1.995370e+01
   endloop
 endfacet
 facet normal -9.994119e-01  0.000000e+00  3.429014e-02
   outer loop
     vertex  2.724741e+01  6.000000e+00  1.989201e+01
     vertex  2.724952e+01  0.000000e+00  1.995370e+01
     vertex  2.724952e+01  6.000000e+00  1.995370e+01
   endloop
 endfacet
 facet normal -9.980950e-01  0.000000e+00  6.169515e-02
   outer loop
     vertex  2.724360e+01  6.000000e+00  1.983039e+01
     vertex  2.724360e+01  0.000000e+00  1.983039e+01
     vertex  2.724741e+01  0.000000e+00  1.989201e+01
   endloop
 endfacet
 facet normal -9.960268e-01  0.000000e+00  8.905371e-02
   outer loop
     vertex  2.724360e+01  6.000000e+00  1.983039e+01
     vertex  2.723810e+01  0.000000e+00  1.976890e+01
     vertex  2.724360e+01  0.000000e+00  1.983039e+01
   endloop
 endfacet
 facet normal -9.980950e-01  0.000000e+00  6.169515e-02
   outer loop
     vertex  2.724360e+01  6.000000e+00  1.983039e+01
     vertex  2.724741e+01  0.000000e+00  1.989201e+01
     vertex  2.724741e+01  6.000000e+00  1.989201e+01
   endloop
 endfacet
 facet normal -9.960268e-01  0.000000e+00  8.905371e-02
   outer loop
     vertex  2.723810e+01  6.000000e+00  1.976890e+01
     vertex  2.723810e+01  0.000000e+00  1.976890e+01
     vertex  2.724360e+01  6.000000e+00  1.983039e+01
   endloop
 endfacet
 facet normal -9.932088e-01  0.000000e+00  1.163452e-01
   outer loop
     vertex  2.723092e+01  6.000000e+00  1.970759e+01
     vertex  2.723810e+01  0.000000e+00  1.976890e+01
     vertex  2.723810e+01  6.000000e+00  1.976890e+01
   endloop
 endfacet
 facet normal -9.932088e-01  0.000000e+00  1.163452e-01
   outer loop
     vertex  2.723092e+01  6.000000e+00  1.970759e+01
     vertex  2.723092e+01  0.000000e+00  1.970759e+01
     vertex  2.723810e+01  0.000000e+00  1.976890e+01
   endloop
 endfacet
 facet normal -9.896432e-01  0.000000e+00  1.435492e-01
   outer loop
     vertex  2.722206e+01  6.000000e+00  1.964650e+01
     vertex  2.723092e+01  0.000000e+00  1.970759e+01
     vertex  2.723092e+01  6.000000e+00  1.970759e+01
   endloop
 endfacet
 facet normal -9.896432e-01  0.000000e+00  1.435492e-01
   outer loop
     vertex  2.722206e+01  6.000000e+00  1.964650e+01
     vertex  2.722206e+01  0.000000e+00  1.964650e+01
     vertex  2.723092e+01  0.000000e+00  1.970759e+01
   endloop
 endfacet
 facet normal -9.853326e-01  0.000000e+00  1.706451e-01
   outer loop
     vertex  2.722206e+01  6.000000e+00  1.964650e+01
     vertex  2.721152e+01  0.000000e+00  1.958567e+01
     vertex  2.722206e+01  0.000000e+00  1.964650e+01
   endloop
 endfacet
 facet normal -9.853326e-01  0.000000e+00  1.706451e-01
   outer loop
     vertex  2.721152e+01  6.000000e+00  1.958567e+01
     vertex  2.721152e+01  0.000000e+00  1.958567e+01
     vertex  2.722206e+01  6.000000e+00  1.964650e+01
   endloop
 endfacet
 facet normal -9.802802e-01  0.000000e+00  1.976125e-01
   outer loop
     vertex  2.719932e+01  6.000000e+00  1.952516e+01
     vertex  2.721152e+01  0.000000e+00  1.958567e+01
     vertex  2.721152e+01  6.000000e+00  1.958567e+01
   endloop
 endfacet
 facet normal -9.802802e-01  0.000000e+00  1.976125e-01
   outer loop
     vertex  2.719932e+01  6.000000e+00  1.952516e+01
     vertex  2.719932e+01  0.000000e+00  1.952516e+01
     vertex  2.721152e+01  0.000000e+00  1.958567e+01
   endloop
 endfacet
 facet normal -9.744899e-01  0.000000e+00  2.244312e-01
   outer loop
     vertex  2.718547e+01  6.000000e+00  1.946500e+01
     vertex  2.719932e+01  0.000000e+00  1.952516e+01
     vertex  2.719932e+01  6.000000e+00  1.952516e+01
   endloop
 endfacet
 facet normal -9.744899e-01  0.000000e+00  2.244312e-01
   outer loop
     vertex  2.718547e+01  6.000000e+00  1.946500e+01
     vertex  2.718547e+01  0.000000e+00  1.946500e+01
     vertex  2.719932e+01  0.000000e+00  1.952516e+01
   endloop
 endfacet
 facet normal -9.679661e-01  0.000000e+00  2.510809e-01
   outer loop
     vertex  2.718547e+01  6.000000e+00  1.946500e+01
     vertex  2.716997e+01  0.000000e+00  1.940524e+01
     vertex  2.718547e+01  0.000000e+00  1.946500e+01
   endloop
 endfacet
 facet normal -9.679661e-01  0.000000e+00  2.510809e-01
   outer loop
     vertex  2.716997e+01  6.000000e+00  1.940524e+01
     vertex  2.716997e+01  0.000000e+00  1.940524e+01
     vertex  2.718547e+01  6.000000e+00  1.946500e+01
   endloop
 endfacet
 facet normal -9.607136e-01  0.000000e+00  2.775416e-01
   outer loop
     vertex  2.715284e+01  6.000000e+00  1.934594e+01
     vertex  2.716997e+01  0.000000e+00  1.940524e+01
     vertex  2.716997e+01  6.000000e+00  1.940524e+01
   endloop
 endfacet
 facet normal -9.607136e-01  0.000000e+00  2.775416e-01
   outer loop
     vertex  2.715284e+01  6.000000e+00  1.934594e+01
     vertex  2.715284e+01  0.000000e+00  1.934594e+01
     vertex  2.716997e+01  0.000000e+00  1.940524e+01
   endloop
 endfacet
 facet normal -9.527379e-01  0.000000e+00  3.037934e-01
   outer loop
     vertex  2.713408e+01  6.000000e+00  1.928712e+01
     vertex  2.715284e+01  0.000000e+00  1.934594e+01
     vertex  2.715284e+01  6.000000e+00  1.934594e+01
   endloop
 endfacet
 facet normal -9.527379e-01  0.000000e+00  3.037934e-01
   outer loop
     vertex  2.713408e+01  6.000000e+00  1.928712e+01
     vertex  2.713408e+01  0.000000e+00  1.928712e+01
     vertex  2.715284e+01  0.000000e+00  1.934594e+01
   endloop
 endfacet
 facet normal -9.440450e-01  0.000000e+00  3.298166e-01
   outer loop
     vertex  2.711372e+01  6.000000e+00  1.922884e+01
     vertex  2.713408e+01  0.000000e+00  1.928712e+01
     vertex  2.713408e+01  6.000000e+00  1.928712e+01
   endloop
 endfacet
 facet normal -9.440450e-01  0.000000e+00  3.298166e-01
   outer loop
     vertex  2.711372e+01  6.000000e+00  1.922884e+01
     vertex  2.711372e+01  0.000000e+00  1.922884e+01
     vertex  2.713408e+01  0.000000e+00  1.928712e+01
   endloop
 endfacet
 facet normal -9.346415e-01  0.000000e+00  3.555914e-01
   outer loop
     vertex  2.711372e+01  6.000000e+00  1.922884e+01
     vertex  2.709177e+01  0.000000e+00  1.917115e+01
     vertex  2.711372e+01  0.000000e+00  1.922884e+01
   endloop
 endfacet
 facet normal -9.346415e-01  0.000000e+00  3.555914e-01
   outer loop
     vertex  2.709177e+01  6.000000e+00  1.917115e+01
     vertex  2.709177e+01  0.000000e+00  1.917115e+01
     vertex  2.711372e+01  6.000000e+00  1.922884e+01
   endloop
 endfacet
 facet normal -9.137314e-01  0.000000e+00  4.063188e-01
   outer loop
     vertex  2.706824e+01  6.000000e+00  1.911407e+01
     vertex  2.704316e+01  0.000000e+00  1.905767e+01
     vertex  2.706824e+01  0.000000e+00  1.911407e+01
   endloop
 endfacet
 facet normal -9.245344e-01  0.000000e+00  3.810986e-01
   outer loop
     vertex  2.706824e+01  6.000000e+00  1.911407e+01
     vertex  2.709177e+01  0.000000e+00  1.917115e+01
     vertex  2.709177e+01  6.000000e+00  1.917115e+01
   endloop
 endfacet
 facet normal -9.245344e-01  0.000000e+00  3.810986e-01
   outer loop
     vertex  2.706824e+01  6.000000e+00  1.911407e+01
     vertex  2.706824e+01  0.000000e+00  1.911407e+01
     vertex  2.709177e+01  0.000000e+00  1.917115e+01
   endloop
 endfacet
 facet normal -9.137314e-01  0.000000e+00  4.063188e-01
   outer loop
     vertex  2.704316e+01  6.000000e+00  1.905767e+01
     vertex  2.704316e+01  0.000000e+00  1.905767e+01
     vertex  2.706824e+01  6.000000e+00  1.911407e+01
   endloop
 endfacet
 facet normal -9.022405e-01  0.000000e+00  4.312333e-01
   outer loop
     vertex  2.701654e+01  6.000000e+00  1.900197e+01
     vertex  2.701654e+01  0.000000e+00  1.900197e+01
     vertex  2.704316e+01  0.000000e+00  1.905767e+01
   endloop
 endfacet
 facet normal -9.022405e-01  0.000000e+00  4.312333e-01
   outer loop
     vertex  2.701654e+01  6.000000e+00  1.900197e+01
     vertex  2.704316e+01  0.000000e+00  1.905767e+01
     vertex  2.704316e+01  6.000000e+00  1.905767e+01
   endloop
 endfacet
 facet normal -8.900704e-01  0.000000e+00  4.558231e-01
   outer loop
     vertex  2.698840e+01  6.000000e+00  1.894702e+01
     vertex  2.698840e+01  0.000000e+00  1.894702e+01
     vertex  2.701654e+01  0.000000e+00  1.900197e+01
   endloop
 endfacet
 facet normal -8.772303e-01  0.000000e+00  4.800697e-01
   outer loop
     vertex  2.698840e+01  6.000000e+00  1.894702e+01
     vertex  2.695876e+01  0.000000e+00  1.889287e+01
     vertex  2.698840e+01  0.000000e+00  1.894702e+01
   endloop
 endfacet
 facet normal -8.900704e-01  0.000000e+00  4.558231e-01
   outer loop
     vertex  2.698840e+01  6.000000e+00  1.894702e+01
     vertex  2.701654e+01  0.000000e+00  1.900197e+01
     vertex  2.701654e+01  6.000000e+00  1.900197e+01
   endloop
 endfacet
 facet normal -8.772303e-01  0.000000e+00  4.800697e-01
   outer loop
     vertex  2.695876e+01  6.000000e+00  1.889287e+01
     vertex  2.695876e+01  0.000000e+00  1.889287e+01
     vertex  2.698840e+01  6.000000e+00  1.894702e+01
   endloop
 endfacet
 facet normal -8.637299e-01  0.000000e+00  5.039550e-01
   outer loop
     vertex  2.692765e+01  6.000000e+00  1.883955e+01
     vertex  2.692765e+01  0.000000e+00  1.883955e+01
     vertex  2.695876e+01  0.000000e+00  1.889287e+01
   endloop
 endfacet
 facet normal -8.637299e-01  0.000000e+00  5.039550e-01
   outer loop
     vertex  2.692765e+01  6.000000e+00  1.883955e+01
     vertex  2.695876e+01  0.000000e+00  1.889287e+01
     vertex  2.695876e+01  6.000000e+00  1.889287e+01
   endloop
 endfacet
 facet normal -8.495793e-01  0.000000e+00  5.274609e-01
   outer loop
     vertex  2.689509e+01  6.000000e+00  1.878710e+01
     vertex  2.689509e+01  0.000000e+00  1.878710e+01
     vertex  2.692765e+01  0.000000e+00  1.883955e+01
   endloop
 endfacet
 facet normal -8.347891e-01  0.000000e+00  5.505698e-01
   outer loop
     vertex  2.689509e+01  6.000000e+00  1.878710e+01
     vertex  2.686110e+01  0.000000e+00  1.873557e+01
     vertex  2.689509e+01  0.000000e+00  1.878710e+01
   endloop
 endfacet
 facet normal -8.495793e-01  0.000000e+00  5.274609e-01
   outer loop
     vertex  2.689509e+01  6.000000e+00  1.878710e+01
     vertex  2.692765e+01  0.000000e+00  1.883955e+01
     vertex  2.692765e+01  6.000000e+00  1.883955e+01
   endloop
 endfacet
 facet normal -8.347891e-01  0.000000e+00  5.505698e-01
   outer loop
     vertex  2.686110e+01  6.000000e+00  1.873557e+01
     vertex  2.686110e+01  0.000000e+00  1.873557e+01
     vertex  2.689509e+01  6.000000e+00  1.878710e+01
   endloop
 endfacet
 facet normal -8.193706e-01  0.000000e+00  5.732642e-01
   outer loop
     vertex  2.682572e+01  6.000000e+00  1.868499e+01
     vertex  2.682572e+01  0.000000e+00  1.868499e+01
     vertex  2.686110e+01  0.000000e+00  1.873557e+01
   endloop
 endfacet
 facet normal -8.193706e-01  0.000000e+00  5.732642e-01
   outer loop
     vertex  2.682572e+01  6.000000e+00  1.868499e+01
     vertex  2.686110e+01  0.000000e+00  1.873557e+01
     vertex  2.686110e+01  6.000000e+00  1.873557e+01
   endloop
 endfacet
 facet normal -8.033352e-01  0.000000e+00  5.955271e-01
   outer loop
     vertex  2.678895e+01  6.000000e+00  1.863539e+01
     vertex  2.678895e+01  0.000000e+00  1.863539e+01
     vertex  2.682572e+01  0.000000e+00  1.868499e+01
   endloop
 endfacet
 facet normal -7.866951e-01  0.000000e+00  6.173417e-01
   outer loop
     vertex  2.678895e+01  6.000000e+00  1.863539e+01
     vertex  2.675084e+01  0.000000e+00  1.858683e+01
     vertex  2.678895e+01  0.000000e+00  1.863539e+01
   endloop
 endfacet
 facet normal -8.033352e-01  0.000000e+00  5.955271e-01
   outer loop
     vertex  2.678895e+01  6.000000e+00  1.863539e+01
     vertex  2.682572e+01  0.000000e+00  1.868499e+01
     vertex  2.682572e+01  6.000000e+00  1.868499e+01
   endloop
 endfacet
 facet normal -7.866951e-01  0.000000e+00  6.173417e-01
   outer loop
     vertex  2.675084e+01  6.000000e+00  1.858683e+01
     vertex  2.675084e+01  0.000000e+00  1.858683e+01
     vertex  2.678895e+01  6.000000e+00  1.863539e+01
   endloop
 endfacet
 facet normal -7.694628e-01  0.000000e+00  6.386916e-01
   outer loop
     vertex  2.671141e+01  6.000000e+00  1.853933e+01
     vertex  2.671141e+01  0.000000e+00  1.853933e+01
     vertex  2.675084e+01  0.000000e+00  1.858683e+01
   endloop
 endfacet
 facet normal -7.694628e-01  0.000000e+00  6.386916e-01
   outer loop
     vertex  2.671141e+01  6.000000e+00  1.853933e+01
     vertex  2.675084e+01  0.000000e+00  1.858683e+01
     vertex  2.675084e+01  6.000000e+00  1.858683e+01
   endloop
 endfacet
 facet normal -7.516513e-01  0.000000e+00  6.595607e-01
   outer loop
     vertex  2.667070e+01  6.000000e+00  1.849293e+01
     vertex  2.667070e+01  0.000000e+00  1.849293e+01
     vertex  2.671141e+01  0.000000e+00  1.853933e+01
   endloop
 endfacet
 facet normal -7.516513e-01  0.000000e+00  6.595607e-01
   outer loop
     vertex  2.667070e+01  6.000000e+00  1.849293e+01
     vertex  2.671141e+01  0.000000e+00  1.853933e+01
     vertex  2.671141e+01  6.000000e+00  1.853933e+01
   endloop
 endfacet
 facet normal -7.332740e-01  0.000000e+00  6.799333e-01
   outer loop
     vertex  2.662872e+01  6.000000e+00  1.844766e+01
     vertex  2.662872e+01  0.000000e+00  1.844766e+01
     vertex  2.667070e+01  0.000000e+00  1.849293e+01
   endloop
 endfacet
 facet normal -7.143447e-01  0.000000e+00  6.997940e-01
   outer loop
     vertex  2.662872e+01  6.000000e+00  1.844766e+01
     vertex  2.658552e+01  0.000000e+00  1.840356e+01
     vertex  2.662872e+01  0.000000e+00  1.844766e+01
   endloop
 endfacet
 facet normal -7.332740e-01  0.000000e+00  6.799333e-01
   outer loop
     vertex  2.662872e+01  6.000000e+00  1.844766e+01
     vertex  2.667070e+01  0.000000e+00  1.849293e+01
     vertex  2.667070e+01  6.000000e+00  1.849293e+01
   endloop
 endfacet
 facet normal -7.143447e-01  0.000000e+00  6.997940e-01
   outer loop
     vertex  2.658552e+01  6.000000e+00  1.840356e+01
     vertex  2.658552e+01  0.000000e+00  1.840356e+01
     vertex  2.662872e+01  6.000000e+00  1.844766e+01
   endloop
 endfacet
 facet normal -6.948776e-01  0.000000e+00  7.191280e-01
   outer loop
     vertex  2.658552e+01  6.000000e+00  1.840356e+01
     vertex  2.654113e+01  0.000000e+00  1.836067e+01
     vertex  2.658552e+01  0.000000e+00  1.840356e+01
   endloop
 endfacet
 facet normal -6.948776e-01  0.000000e+00  7.191280e-01
   outer loop
     vertex  2.654113e+01  6.000000e+00  1.836067e+01
     vertex  2.654113e+01  0.000000e+00  1.836067e+01
     vertex  2.658552e+01  6.000000e+00  1.840356e+01
   endloop
 endfacet
 facet normal -6.748875e-01  0.000000e+00  7.379206e-01
   outer loop
     vertex  2.654113e+01  6.000000e+00  1.836067e+01
     vertex  2.649558e+01  0.000000e+00  1.831900e+01
     vertex  2.654113e+01  0.000000e+00  1.836067e+01
   endloop
 endfacet
 facet normal -6.748875e-01  0.000000e+00  7.379206e-01
   outer loop
     vertex  2.649558e+01  6.000000e+00  1.831900e+01
     vertex  2.649558e+01  0.000000e+00  1.831900e+01
     vertex  2.654113e+01  6.000000e+00  1.836067e+01
   endloop
 endfacet
 facet normal -6.543893e-01  0.000000e+00  7.561578e-01
   outer loop
     vertex  2.644890e+01  6.000000e+00  1.827861e+01
     vertex  2.649558e+01  0.000000e+00  1.831900e+01
     vertex  2.649558e+01  6.000000e+00  1.831900e+01
   endloop
 endfacet
 facet normal -6.543893e-01  0.000000e+00  7.561578e-01
   outer loop
     vertex  2.644890e+01  6.000000e+00  1.827861e+01
     vertex  2.644890e+01  0.000000e+00  1.827861e+01
     vertex  2.649558e+01  0.000000e+00  1.831900e+01
   endloop
 endfacet
 facet normal -6.333986e-01  0.000000e+00  7.738257e-01
   outer loop
     vertex  2.644890e+01  6.000000e+00  1.827861e+01
     vertex  2.640113e+01  0.000000e+00  1.823951e+01
     vertex  2.644890e+01  0.000000e+00  1.827861e+01
   endloop
 endfacet
 facet normal -6.333986e-01  0.000000e+00  7.738257e-01
   outer loop
     vertex  2.640113e+01  6.000000e+00  1.823951e+01
     vertex  2.640113e+01  0.000000e+00  1.823951e+01
     vertex  2.644890e+01  6.000000e+00  1.827861e+01
   endloop
 endfacet
 facet normal -6.119310e-01  0.000000e+00  7.909112e-01
   outer loop
     vertex  2.635230e+01  6.000000e+00  1.820173e+01
     vertex  2.635230e+01  0.000000e+00  1.820173e+01
     vertex  2.640113e+01  0.000000e+00  1.823951e+01
   endloop
 endfacet
 facet normal -6.119310e-01  0.000000e+00  7.909112e-01
   outer loop
     vertex  2.635230e+01  6.000000e+00  1.820173e+01
     vertex  2.640113e+01  0.000000e+00  1.823951e+01
     vertex  2.640113e+01  6.000000e+00  1.823951e+01
   endloop
 endfacet
 facet normal -5.900028e-01  0.000000e+00  8.074012e-01
   outer loop
     vertex  2.630246e+01  6.000000e+00  1.816531e+01
     vertex  2.635230e+01  0.000000e+00  1.820173e+01
     vertex  2.635230e+01  6.000000e+00  1.820173e+01
   endloop
 endfacet
 facet normal -5.900028e-01  0.000000e+00  8.074012e-01
   outer loop
     vertex  2.630246e+01  6.000000e+00  1.816531e+01
     vertex  2.630246e+01  0.000000e+00  1.816531e+01
     vertex  2.635230e+01  0.000000e+00  1.820173e+01
   endloop
 endfacet
 facet normal -5.676304e-01  0.000000e+00  8.232835e-01
   outer loop
     vertex  2.630246e+01  6.000000e+00  1.816531e+01
     vertex  2.625164e+01  0.000000e+00  1.813027e+01
     vertex  2.630246e+01  0.000000e+00  1.816531e+01
   endloop
 endfacet
 facet normal -5.448308e-01  0.000000e+00  8.385460e-01
   outer loop
     vertex  2.625164e+01  6.000000e+00  1.813027e+01
     vertex  2.619987e+01  0.000000e+00  1.809663e+01
     vertex  2.625164e+01  0.000000e+00  1.813027e+01
   endloop
 endfacet
 facet normal -5.676304e-01  0.000000e+00  8.232835e-01
   outer loop
     vertex  2.625164e+01  6.000000e+00  1.813027e+01
     vertex  2.625164e+01  0.000000e+00  1.813027e+01
     vertex  2.630246e+01  6.000000e+00  1.816531e+01
   endloop
 endfacet
 facet normal -5.448308e-01  0.000000e+00  8.385460e-01
   outer loop
     vertex  2.619987e+01  6.000000e+00  1.809663e+01
     vertex  2.619987e+01  0.000000e+00  1.809663e+01
     vertex  2.625164e+01  6.000000e+00  1.813027e+01
   endloop
 endfacet
 facet normal -5.216210e-01  0.000000e+00  8.531773e-01
   outer loop
     vertex  2.614720e+01  6.000000e+00  1.806443e+01
     vertex  2.614720e+01  0.000000e+00  1.806443e+01
     vertex  2.619987e+01  0.000000e+00  1.809663e+01
   endloop
 endfacet
 facet normal -4.980186e-01  0.000000e+00  8.671664e-01
   outer loop
     vertex  2.614720e+01  6.000000e+00  1.806443e+01
     vertex  2.609367e+01  0.000000e+00  1.803369e+01
     vertex  2.614720e+01  0.000000e+00  1.806443e+01
   endloop
 endfacet
 facet normal -5.216210e-01  0.000000e+00  8.531773e-01
   outer loop
     vertex  2.614720e+01  6.000000e+00  1.806443e+01
     vertex  2.619987e+01  0.000000e+00  1.809663e+01
     vertex  2.619987e+01  6.000000e+00  1.809663e+01
   endloop
 endfacet
 facet normal -4.980186e-01  0.000000e+00  8.671664e-01
   outer loop
     vertex  2.609367e+01  6.000000e+00  1.803369e+01
     vertex  2.609367e+01  0.000000e+00  1.803369e+01
     vertex  2.614720e+01  6.000000e+00  1.806443e+01
   endloop
 endfacet
 facet normal -4.740412e-01  0.000000e+00  8.805026e-01
   outer loop
     vertex  2.603931e+01  6.000000e+00  1.800442e+01
     vertex  2.603931e+01  0.000000e+00  1.800442e+01
     vertex  2.609367e+01  0.000000e+00  1.803369e+01
   endloop
 endfacet
 facet normal -4.740412e-01  0.000000e+00  8.805026e-01
   outer loop
     vertex  2.603931e+01  6.000000e+00  1.800442e+01
     vertex  2.609367e+01  0.000000e+00  1.803369e+01
     vertex  2.609367e+01  6.000000e+00  1.803369e+01
   endloop
 endfacet
 facet normal -4.497071e-01  0.000000e+00  8.931761e-01
   outer loop
     vertex  2.598418e+01  6.000000e+00  1.797666e+01
     vertex  2.598418e+01  0.000000e+00  1.797666e+01
     vertex  2.603931e+01  0.000000e+00  1.800442e+01
   endloop
 endfacet
 facet normal -4.250344e-01  0.000000e+00  9.051772e-01
   outer loop
     vertex  2.598418e+01  6.000000e+00  1.797666e+01
     vertex  2.592830e+01  0.000000e+00  1.795042e+01
     vertex  2.598418e+01  0.000000e+00  1.797666e+01
   endloop
 endfacet
 facet normal -4.497071e-01  0.000000e+00  8.931761e-01
   outer loop
     vertex  2.598418e+01  6.000000e+00  1.797666e+01
     vertex  2.603931e+01  0.000000e+00  1.800442e+01
     vertex  2.603931e+01  6.000000e+00  1.800442e+01
   endloop
 endfacet
 facet normal -4.250344e-01  0.000000e+00  9.051772e-01
   outer loop
     vertex  2.592830e+01  6.000000e+00  1.795042e+01
     vertex  2.592830e+01  0.000000e+00  1.795042e+01
     vertex  2.598418e+01  6.000000e+00  1.797666e+01
   endloop
 endfacet
 facet normal -4.000417e-01  0.000000e+00  9.164969e-01
   outer loop
     vertex  2.587172e+01  6.000000e+00  1.792573e+01
     vertex  2.587172e+01  0.000000e+00  1.792573e+01
     vertex  2.592830e+01  0.000000e+00  1.795042e+01
   endloop
 endfacet
 facet normal -4.000417e-01  0.000000e+00  9.164969e-01
   outer loop
     vertex  2.587172e+01  6.000000e+00  1.792573e+01
     vertex  2.592830e+01  0.000000e+00  1.795042e+01
     vertex  2.592830e+01  6.000000e+00  1.795042e+01
   endloop
 endfacet
 facet normal -3.747479e-01  0.000000e+00  9.271267e-01
   outer loop
     vertex  2.581449e+01  6.000000e+00  1.790259e+01
     vertex  2.581449e+01  0.000000e+00  1.790259e+01
     vertex  2.587172e+01  0.000000e+00  1.792573e+01
   endloop
 endfacet
 facet normal -3.491720e-01  0.000000e+00  9.370586e-01
   outer loop
     vertex  2.581449e+01  6.000000e+00  1.790259e+01
     vertex  2.575664e+01  0.000000e+00  1.788104e+01
     vertex  2.581449e+01  0.000000e+00  1.790259e+01
   endloop
 endfacet
 facet normal -3.747479e-01  0.000000e+00  9.271267e-01
   outer loop
     vertex  2.581449e+01  6.000000e+00  1.790259e+01
     vertex  2.587172e+01  0.000000e+00  1.792573e+01
     vertex  2.587172e+01  6.000000e+00  1.792573e+01
   endloop
 endfacet
 facet normal -3.491720e-01  0.000000e+00  9.370586e-01
   outer loop
     vertex  2.575664e+01  6.000000e+00  1.788104e+01
     vertex  2.575664e+01  0.000000e+00  1.788104e+01
     vertex  2.581449e+01  6.000000e+00  1.790259e+01
   endloop
 endfacet
 facet normal -3.233333e-01  0.000000e+00  9.462851e-01
   outer loop
     vertex  2.569822e+01  6.000000e+00  1.786108e+01
     vertex  2.569822e+01  0.000000e+00  1.786108e+01
     vertex  2.575664e+01  0.000000e+00  1.788104e+01
   endloop
 endfacet
 facet normal -3.233333e-01  0.000000e+00  9.462851e-01
   outer loop
     vertex  2.569822e+01  6.000000e+00  1.786108e+01
     vertex  2.575664e+01  0.000000e+00  1.788104e+01
     vertex  2.575664e+01  6.000000e+00  1.788104e+01
   endloop
 endfacet
 facet normal -2.972512e-01  0.000000e+00  9.547993e-01
   outer loop
     vertex  2.563928e+01  6.000000e+00  1.784273e+01
     vertex  2.563928e+01  0.000000e+00  1.784273e+01
     vertex  2.569822e+01  0.000000e+00  1.786108e+01
   endloop
 endfacet
 facet normal -2.709453e-01  0.000000e+00  9.625948e-01
   outer loop
     vertex  2.563928e+01  6.000000e+00  1.784273e+01
     vertex  2.557986e+01  0.000000e+00  1.782600e+01
     vertex  2.563928e+01  0.000000e+00  1.784273e+01
   endloop
 endfacet
 facet normal -2.972512e-01  0.000000e+00  9.547993e-01
   outer loop
     vertex  2.563928e+01  6.000000e+00  1.784273e+01
     vertex  2.569822e+01  0.000000e+00  1.786108e+01
     vertex  2.569822e+01  6.000000e+00  1.786108e+01
   endloop
 endfacet
 facet normal -2.709453e-01  0.000000e+00  9.625948e-01
   outer loop
     vertex  2.557986e+01  6.000000e+00  1.782600e+01
     vertex  2.557986e+01  0.000000e+00  1.782600e+01
     vertex  2.563928e+01  6.000000e+00  1.784273e+01
   endloop
 endfacet
 facet normal -2.444354e-01  0.000000e+00  9.696656e-01
   outer loop
     vertex  2.552000e+01  6.000000e+00  1.781091e+01
     vertex  2.552000e+01  0.000000e+00  1.781091e+01
     vertex  2.557986e+01  0.000000e+00  1.782600e+01
   endloop
 endfacet
 facet normal -2.444354e-01  0.000000e+00  9.696656e-01
   outer loop
     vertex  2.552000e+01  6.000000e+00  1.781091e+01
     vertex  2.557986e+01  0.000000e+00  1.782600e+01
     vertex  2.557986e+01  6.000000e+00  1.782600e+01
   endloop
 endfacet
 facet normal -2.177416e-01  0.000000e+00  9.760065e-01
   outer loop
     vertex  2.545975e+01  6.000000e+00  1.779747e+01
     vertex  2.545975e+01  0.000000e+00  1.779747e+01
     vertex  2.552000e+01  0.000000e+00  1.781091e+01
   endloop
 endfacet
 facet normal -1.908838e-01  0.000000e+00  9.816126e-01
   outer loop
     vertex  2.545975e+01  6.000000e+00  1.779747e+01
     vertex  2.539915e+01  0.000000e+00  1.778569e+01
     vertex  2.545975e+01  0.000000e+00  1.779747e+01
   endloop
 endfacet
 facet normal -2.177416e-01  0.000000e+00  9.760065e-01
   outer loop
     vertex  2.545975e+01  6.000000e+00  1.779747e+01
     vertex  2.552000e+01  0.000000e+00  1.781091e+01
     vertex  2.552000e+01  6.000000e+00  1.781091e+01
   endloop
 endfacet
 facet normal -1.908838e-01  0.000000e+00  9.816126e-01
   outer loop
     vertex  2.539915e+01  6.000000e+00  1.778569e+01
     vertex  2.539915e+01  0.000000e+00  1.778569e+01
     vertex  2.545975e+01  6.000000e+00  1.779747e+01
   endloop
 endfacet
 facet normal -1.638824e-01  0.000000e+00  9.864799e-01
   outer loop
     vertex  2.533825e+01  6.000000e+00  1.777557e+01
     vertex  2.533825e+01  0.000000e+00  1.777557e+01
     vertex  2.539915e+01  0.000000e+00  1.778569e+01
   endloop
 endfacet
 facet normal -1.638824e-01  0.000000e+00  9.864799e-01
   outer loop
     vertex  2.533825e+01  6.000000e+00  1.777557e+01
     vertex  2.539915e+01  0.000000e+00  1.778569e+01
     vertex  2.539915e+01  6.000000e+00  1.778569e+01
   endloop
 endfacet
 facet normal -1.367575e-01  0.000000e+00  9.906046e-01
   outer loop
     vertex  2.527710e+01  6.000000e+00  1.776713e+01
     vertex  2.527710e+01  0.000000e+00  1.776713e+01
     vertex  2.533825e+01  0.000000e+00  1.777557e+01
   endloop
 endfacet
 facet normal -1.095298e-01  0.000000e+00  9.939835e-01
   outer loop
     vertex  2.527710e+01  6.000000e+00  1.776713e+01
     vertex  2.521574e+01  0.000000e+00  1.776037e+01
     vertex  2.527710e+01  0.000000e+00  1.776713e+01
   endloop
 endfacet
 facet normal -1.367575e-01  0.000000e+00  9.906046e-01
   outer loop
     vertex  2.527710e+01  6.000000e+00  1.776713e+01
     vertex  2.533825e+01  0.000000e+00  1.777557e+01
     vertex  2.533825e+01  6.000000e+00  1.777557e+01
   endloop
 endfacet
 facet normal -1.095298e-01  0.000000e+00  9.939835e-01
   outer loop
     vertex  2.521574e+01  6.000000e+00  1.776037e+01
     vertex  2.521574e+01  0.000000e+00  1.776037e+01
     vertex  2.527710e+01  6.000000e+00  1.776713e+01
   endloop
 endfacet
 facet normal -8.221955e-02  0.000000e+00  9.966142e-01
   outer loop
     vertex  2.515421e+01  6.000000e+00  1.775529e+01
     vertex  2.521574e+01  0.000000e+00  1.776037e+01
     vertex  2.521574e+01  6.000000e+00  1.776037e+01
   endloop
 endfacet
 facet normal -8.221955e-02  0.000000e+00  9.966142e-01
   outer loop
     vertex  2.515421e+01  6.000000e+00  1.775529e+01
     vertex  2.515421e+01  0.000000e+00  1.775529e+01
     vertex  2.521574e+01  0.000000e+00  1.776037e+01
   endloop
 endfacet
 facet normal -5.484744e-02  0.000000e+00  9.984947e-01
   outer loop
     vertex  2.515421e+01  6.000000e+00  1.775529e+01
     vertex  2.509258e+01  0.000000e+00  1.775191e+01
     vertex  2.515421e+01  0.000000e+00  1.775529e+01
   endloop
 endfacet
 facet normal -5.484744e-02  0.000000e+00  9.984947e-01
   outer loop
     vertex  2.509258e+01  6.000000e+00  1.775191e+01
     vertex  2.509258e+01  0.000000e+00  1.775191e+01
     vertex  2.515421e+01  6.000000e+00  1.775529e+01
   endloop
 endfacet
 facet normal -2.743405e-02  0.000000e+00  9.996236e-01
   outer loop
     vertex  2.509258e+01  6.000000e+00  1.775191e+01
     vertex  2.503087e+01  0.000000e+00  1.775021e+01
     vertex  2.509258e+01  0.000000e+00  1.775191e+01
   endloop
 endfacet
 facet normal -2.743405e-02  0.000000e+00  9.996236e-01
   outer loop
     vertex  2.503087e+01  6.000000e+00  1.775021e+01
     vertex  2.503087e+01  0.000000e+00  1.775021e+01
     vertex  2.509258e+01  6.000000e+00  1.775191e+01
   endloop
 endfacet
 facet normal  0.000000e+00  0.000000e+00  1.000000e+00
   outer loop
     vertex  2.503087e+01  6.000000e+00  1.775021e+01
     vertex  2.496913e+01  0.000000e+00  1.775021e+01
     vertex  2.503087e+01  0.000000e+00  1.775021e+01
   endloop
 endfacet
 facet normal -0.000000e+00  0.000000e+00  1.000000e+00
   outer loop
     vertex  2.496913e+01  6.000000e+00  1.775021e+01
     vertex  2.496913e+01  0.000000e+00  1.775021e+01
     vertex  2.503087e+01  6.000000e+00  1.775021e+01
   endloop
 endfacet
 facet normal  2.743405e-02  0.000000e+00  9.996236e-01
   outer loop
     vertex  2.490742e+01  6.000000e+00  1.775191e+01
     vertex  2.496913e+01  0.000000e+00  1.775021e+01
     vertex  2.496913e+01  6.000000e+00  1.775021e+01
   endloop
 endfacet
 facet normal  2.743405e-02  0.000000e+00  9.996236e-01
   outer loop
     vertex  2.490742e+01  6.000000e+00  1.775191e+01
     vertex  2.490742e+01  0.000000e+00  1.775191e+01
     vertex  2.496913e+01  0.000000e+00  1.775021e+01
   endloop
 endfacet
 facet normal  5.484744e-02  0.000000e+00  9.984947e-01
   outer loop
     vertex  2.484579e+01  6.000000e+00  1.775529e+01
     vertex  2.490742e+01  0.000000e+00  1.775191e+01
     vertex  2.490742e+01  6.000000e+00  1.775191e+01
   endloop
 endfacet
 facet normal  5.484744e-02  0.000000e+00  9.984947e-01
   outer loop
     vertex  2.484579e+01  6.000000e+00  1.775529e+01
     vertex  2.484579e+01  0.000000e+00  1.775529e+01
     vertex  2.490742e+01  0.000000e+00  1.775191e+01
   endloop
 endfacet
 facet normal  8.221955e-02  0.000000e+00  9.966142e-01
   outer loop
     vertex  2.478426e+01  6.000000e+00  1.776037e+01
     vertex  2.484579e+01  0.000000e+00  1.775529e+01
     vertex  2.484579e+01  6.000000e+00  1.775529e+01
   endloop
 endfacet
 facet normal  8.221955e-02  0.000000e+00  9.966142e-01
   outer loop
     vertex  2.478426e+01  6.000000e+00  1.776037e+01
     vertex  2.478426e+01  0.000000e+00  1.776037e+01
     vertex  2.484579e+01  0.000000e+00  1.775529e+01
   endloop
 endfacet
 facet normal  1.095298e-01  0.000000e+00  9.939835e-01
   outer loop
     vertex  2.478426e+01  6.000000e+00  1.776037e+01
     vertex  2.472290e+01  0.000000e+00  1.776713e+01
     vertex  2.478426e+01  0.000000e+00  1.776037e+01
   endloop
 endfacet
 facet normal  1.095298e-01  0.000000e+00  9.939835e-01
   outer loop
     vertex  2.472290e+01  6.000000e+00  1.776713e+01
     vertex  2.472290e+01  0.000000e+00  1.776713e+01
     vertex  2.478426e+01  6.000000e+00  1.776037e+01
   endloop
 endfacet
 facet normal  1.367575e-01  0.000000e+00  9.906046e-01
   outer loop
     vertex  2.472290e+01  6.000000e+00  1.776713e+01
     vertex  2.466175e+01  0.000000e+00  1.777557e+01
     vertex  2.472290e+01  0.000000e+00  1.776713e+01
   endloop
 endfacet
 facet normal  1.367575e-01  0.000000e+00  9.906046e-01
   outer loop
     vertex  2.466175e+01  6.000000e+00  1.777557e+01
     vertex  2.466175e+01  0.000000e+00  1.777557e+01
     vertex  2.472290e+01  6.000000e+00  1.776713e+01
   endloop
 endfacet
 facet normal  1.638824e-01  0.000000e+00  9.864799e-01
   outer loop
     vertex  2.466175e+01  6.000000e+00  1.777557e+01
     vertex  2.460085e+01  0.000000e+00  1.778569e+01
     vertex  2.466175e+01  0.000000e+00  1.777557e+01
   endloop
 endfacet
 facet normal  1.638824e-01  0.000000e+00  9.864799e-01
   outer loop
     vertex  2.460085e+01  6.000000e+00  1.778569e+01
     vertex  2.460085e+01  0.000000e+00  1.778569e+01
     vertex  2.466175e+01  6.000000e+00  1.777557e+01
   endloop
 endfacet
 facet normal  1.908838e-01  0.000000e+00  9.816126e-01
   outer loop
     vertex  2.454025e+01  6.000000e+00  1.779747e+01
     vertex  2.460085e+01  0.000000e+00  1.778569e+01
     vertex  2.460085e+01  6.000000e+00  1.778569e+01
   endloop
 endfacet
 facet normal  1.908838e-01  0.000000e+00  9.816126e-01
   outer loop
     vertex  2.454025e+01  6.000000e+00  1.779747e+01
     vertex  2.454025e+01  0.000000e+00  1.779747e+01
     vertex  2.460085e+01  0.000000e+00  1.778569e+01
   endloop
 endfacet
 facet normal  2.177416e-01  0.000000e+00  9.760065e-01
   outer loop
     vertex  2.454025e+01  6.000000e+00  1.779747e+01
     vertex  2.448000e+01  0.000000e+00  1.781091e+01
     vertex  2.454025e+01  0.000000e+00  1.779747e+01
   endloop
 endfacet
 facet normal  2.177416e-01  0.000000e+00  9.760065e-01
   outer loop
     vertex  2.448000e+01  6.000000e+00  1.781091e+01
     vertex  2.448000e+01  0.000000e+00  1.781091e+01
     vertex  2.454025e+01  6.000000e+00  1.779747e+01
   endloop
 endfacet
 facet normal  2.444354e-01  0.000000e+00  9.696656e-01
   outer loop
     vertex  2.442014e+01  6.000000e+00  1.782600e+01
     vertex  2.442014e+01  0.000000e+00  1.782600e+01
     vertex  2.448000e+01  0.000000e+00  1.781091e+01
   endloop
 endfacet
 facet normal  2.709453e-01  0.000000e+00  9.625948e-01
   outer loop
     vertex  2.442014e+01  6.000000e+00  1.782600e+01
     vertex  2.436072e+01  0.000000e+00  1.784273e+01
     vertex  2.442014e+01  0.000000e+00  1.782600e+01
   endloop
 endfacet
 facet normal  2.444354e-01  0.000000e+00  9.696656e-01
   outer loop
     vertex  2.442014e+01  6.000000e+00  1.782600e+01
     vertex  2.448000e+01  0.000000e+00  1.781091e+01
     vertex  2.448000e+01  6.000000e+00  1.781091e+01
   endloop
 endfacet
 facet normal  2.709453e-01  0.000000e+00  9.625948e-01
   outer loop
     vertex  2.436072e+01  6.000000e+00  1.784273e+01
     vertex  2.436072e+01  0.000000e+00  1.784273e+01
     vertex  2.442014e+01  6.000000e+00  1.782600e+01
   endloop
 endfacet
 facet normal  2.972512e-01  0.000000e+00  9.547993e-01
   outer loop
     vertex  2.430178e+01  6.000000e+00  1.786108e+01
     vertex  2.430178e+01  0.000000e+00  1.786108e+01
     vertex  2.436072e+01  0.000000e+00  1.784273e+01
   endloop
 endfacet
 facet normal  2.972512e-01  0.000000e+00  9.547993e-01
   outer loop
     vertex  2.430178e+01  6.000000e+00  1.786108e+01
     vertex  2.436072e+01  0.000000e+00  1.784273e+01
     vertex  2.436072e+01  6.000000e+00  1.784273e+01
   endloop
 endfacet
 facet normal  3.233333e-01  0.000000e+00  9.462851e-01
   outer loop
     vertex  2.424336e+01  6.000000e+00  1.788104e+01
     vertex  2.424336e+01  0.000000e+00  1.788104e+01
     vertex  2.430178e+01  0.000000e+00  1.786108e+01
   endloop
 endfacet
 facet normal  3.491720e-01  0.000000e+00  9.370586e-01
   outer loop
     vertex  2.424336e+01  6.000000e+00  1.788104e+01
     vertex  2.418551e+01  0.000000e+00  1.790259e+01
     vertex  2.424336e+01  0.000000e+00  1.788104e+01
   endloop
 endfacet
 facet normal  3.233333e-01  0.000000e+00  9.462851e-01
   outer loop
     vertex  2.424336e+01  6.000000e+00  1.788104e+01
     vertex  2.430178e+01  0.000000e+00  1.786108e+01
     vertex  2.430178e+01  6.000000e+00  1.786108e+01
   endloop
 endfacet
 facet normal  3.491720e-01  0.000000e+00  9.370586e-01
   outer loop
     vertex  2.418551e+01  6.000000e+00  1.790259e+01
     vertex  2.418551e+01  0.000000e+00  1.790259e+01
     vertex  2.424336e+01  6.000000e+00  1.788104e+01
   endloop
 endfacet
 facet normal  3.747479e-01  0.000000e+00  9.271267e-01
   outer loop
     vertex  2.412828e+01  6.000000e+00  1.792573e+01
     vertex  2.412828e+01  0.000000e+00  1.792573e+01
     vertex  2.418551e+01  0.000000e+00  1.790259e+01
   endloop
 endfacet
 facet normal  3.747479e-01  0.000000e+00  9.271267e-01
   outer loop
     vertex  2.412828e+01  6.000000e+00  1.792573e+01
     vertex  2.418551e+01  0.000000e+00  1.790259e+01
     vertex  2.418551e+01  6.000000e+00  1.790259e+01
   endloop
 endfacet
 facet normal  4.000417e-01  0.000000e+00  9.164969e-01
   outer loop
     vertex  2.407170e+01  6.000000e+00  1.795042e+01
     vertex  2.407170e+01  0.000000e+00  1.795042e+01
     vertex  2.412828e+01  0.000000e+00  1.792573e+01
   endloop
 endfacet
 facet normal  4.250344e-01  0.000000e+00  9.051772e-01
   outer loop
     vertex  2.407170e+01  6.000000e+00  1.795042e+01
     vertex  2.401582e+01  0.000000e+00  1.797666e+01
     vertex  2.407170e+01  0.000000e+00  1.795042e+01
   endloop
 endfacet
 facet normal  4.000417e-01  0.000000e+00  9.164969e-01
   outer loop
     vertex  2.407170e+01  6.000000e+00  1.795042e+01
     vertex  2.412828e+01  0.000000e+00  1.792573e+01
     vertex  2.412828e+01  6.000000e+00  1.792573e+01
   endloop
 endfacet
 facet normal  4.497071e-01  0.000000e+00  8.931761e-01
   outer loop
     vertex  2.401582e+01  6.000000e+00  1.797666e+01
     vertex  2.396069e+01  0.000000e+00  1.800442e+01
     vertex  2.401582e+01  0.000000e+00  1.797666e+01
   endloop
 endfacet
 facet normal  4.250344e-01  0.000000e+00  9.051772e-01
   outer loop
     vertex  2.401582e+01  6.000000e+00  1.797666e+01
     vertex  2.401582e+01  0.000000e+00  1.797666e+01
     vertex  2.407170e+01  6.000000e+00  1.795042e+01
   endloop
 endfacet
 facet normal  4.497071e-01  0.000000e+00  8.931761e-01
   outer loop
     vertex  2.396069e+01  6.000000e+00  1.800442e+01
     vertex  2.396069e+01  0.000000e+00  1.800442e+01
     vertex  2.401582e+01  6.000000e+00  1.797666e+01
   endloop
 endfacet
 facet normal  4.740412e-01  0.000000e+00  8.805026e-01
   outer loop
     vertex  2.390633e+01  6.000000e+00  1.803369e+01
     vertex  2.390633e+01  0.000000e+00  1.803369e+01
     vertex  2.396069e+01  0.000000e+00  1.800442e+01
   endloop
 endfacet
 facet normal  4.740412e-01  0.000000e+00  8.805026e-01
   outer loop
     vertex  2.390633e+01  6.000000e+00  1.803369e+01
     vertex  2.396069e+01  0.000000e+00  1.800442e+01
     vertex  2.396069e+01  6.000000e+00  1.800442e+01
   endloop
 endfacet
 facet normal  4.980186e-01  0.000000e+00  8.671664e-01
   outer loop
     vertex  2.385280e+01  6.000000e+00  1.806443e+01
     vertex  2.385280e+01  0.000000e+00  1.806443e+01
     vertex  2.390633e+01  0.000000e+00  1.803369e+01
   endloop
 endfacet
 facet normal  5.216210e-01  0.000000e+00  8.531773e-01
   outer loop
     vertex  2.385280e+01  6.000000e+00  1.806443e+01
     vertex  2.380013e+01  0.000000e+00  1.809663e+01
     vertex  2.385280e+01  0.000000e+00  1.806443e+01
   endloop
 endfacet
 facet normal  4.980186e-01  0.000000e+00  8.671664e-01
   outer loop
     vertex  2.385280e+01  6.000000e+00  1.806443e+01
     vertex  2.390633e+01  0.000000e+00  1.803369e+01
     vertex  2.390633e+01  6.000000e+00  1.803369e+01
   endloop
 endfacet
 facet normal  5.216210e-01  0.000000e+00  8.531773e-01
   outer loop
     vertex  2.380013e+01  6.000000e+00  1.809663e+01
     vertex  2.380013e+01  0.000000e+00  1.809663e+01
     vertex  2.385280e+01  6.000000e+00  1.806443e+01
   endloop
 endfacet
 facet normal  5.448308e-01  0.000000e+00  8.385460e-01
   outer loop
     vertex  2.374836e+01  6.000000e+00  1.813027e+01
     vertex  2.380013e+01  0.000000e+00  1.809663e+01
     vertex  2.380013e+01  6.000000e+00  1.809663e+01
   endloop
 endfacet
 facet normal  5.448308e-01  0.000000e+00  8.385460e-01
   outer loop
     vertex  2.374836e+01  6.000000e+00  1.813027e+01
     vertex  2.374836e+01  0.000000e+00  1.813027e+01
     vertex  2.380013e+01  0.000000e+00  1.809663e+01
   endloop
 endfacet
 facet normal  5.676304e-01  0.000000e+00  8.232835e-01
   outer loop
     vertex  2.374836e+01  6.000000e+00  1.813027e+01
     vertex  2.369754e+01  0.000000e+00  1.816531e+01
     vertex  2.374836e+01  0.000000e+00  1.813027e+01
   endloop
 endfacet
 facet normal  5.676304e-01  0.000000e+00  8.232835e-01
   outer loop
     vertex  2.369754e+01  6.000000e+00  1.816531e+01
     vertex  2.369754e+01  0.000000e+00  1.816531e+01
     vertex  2.374836e+01  6.000000e+00  1.813027e+01
   endloop
 endfacet
 facet normal  5.900028e-01  0.000000e+00  8.074012e-01
   outer loop
     vertex  2.369754e+01  6.000000e+00  1.816531e+01
     vertex  2.364770e+01  0.000000e+00  1.820173e+01
     vertex  2.369754e+01  0.000000e+00  1.816531e+01
   endloop
 endfacet
 facet normal  5.900028e-01  0.000000e+00  8.074012e-01
   outer loop
     vertex  2.364770e+01  6.000000e+00  1.820173e+01
     vertex  2.364770e+01  0.000000e+00  1.820173e+01
     vertex  2.369754e+01  6.000000e+00  1.816531e+01
   endloop
 endfacet
 facet normal  6.119310e-01  0.000000e+00  7.909112e-01
   outer loop
     vertex  2.359887e+01  6.000000e+00  1.823951e+01
     vertex  2.364770e+01  0.000000e+00  1.820173e+01
     vertex  2.364770e+01  6.000000e+00  1.820173e+01
   endloop
 endfacet
 facet normal  6.119310e-01  0.000000e+00  7.909112e-01
   outer loop
     vertex  2.359887e+01  6.000000e+00  1.823951e+01
     vertex  2.359887e+01  0.000000e+00  1.823951e+01
     vertex  2.364770e+01  0.000000e+00  1.820173e+01
   endloop
 endfacet
 facet normal  6.333986e-01  0.000000e+00  7.738257e-01
   outer loop
     vertex  2.359887e+01  6.000000e+00  1.823951e+01
     vertex  2.355110e+01  0.000000e+00  1.827861e+01
     vertex  2.359887e+01  0.000000e+00  1.823951e+01
   endloop
 endfacet
 facet normal  6.333986e-01  0.000000e+00  7.738257e-01
   outer loop
     vertex  2.355110e+01  6.000000e+00  1.827861e+01
     vertex  2.355110e+01  0.000000e+00  1.827861e+01
     vertex  2.359887e+01  6.000000e+00  1.823951e+01
   endloop
 endfacet
 facet normal  6.543893e-01  0.000000e+00  7.561578e-01
   outer loop
     vertex  2.350442e+01  6.000000e+00  1.831900e+01
     vertex  2.355110e+01  0.000000e+00  1.827861e+01
     vertex  2.355110e+01  6.000000e+00  1.827861e+01
   endloop
 endfacet
 facet normal  6.543893e-01  0.000000e+00  7.561578e-01
   outer loop
     vertex  2.350442e+01  6.000000e+00  1.831900e+01
     vertex  2.350442e+01  0.000000e+00  1.831900e+01
     vertex  2.355110e+01  0.000000e+00  1.827861e+01
   endloop
 endfacet
 facet normal  6.748875e-01  0.000000e+00  7.379206e-01
   outer loop
     vertex  2.350442e+01  6.000000e+00  1.831900e+01
     vertex  2.345887e+01  0.000000e+00  1.836067e+01
     vertex  2.350442e+01  0.000000e+00  1.831900e+01
   endloop
 endfacet
 facet normal  6.748875e-01  0.000000e+00  7.379206e-01
   outer loop
     vertex  2.345887e+01  6.000000e+00  1.836067e+01
     vertex  2.345887e+01  0.000000e+00  1.836067e+01
     vertex  2.350442e+01  6.000000e+00  1.831900e+01
   endloop
 endfacet
 facet normal  6.948776e-01  0.000000e+00  7.191280e-01
   outer loop
     vertex  2.345887e+01  6.000000e+00  1.836067e+01
     vertex  2.341448e+01  0.000000e+00  1.840356e+01
     vertex  2.345887e+01  0.000000e+00  1.836067e+01
   endloop
 endfacet
 facet normal  6.948776e-01  0.000000e+00  7.191280e-01
   outer loop
     vertex  2.341448e+01  6.000000e+00  1.840356e+01
     vertex  2.341448e+01  0.000000e+00  1.840356e+01
     vertex  2.345887e+01  6.000000e+00  1.836067e+01
   endloop
 endfacet
 facet normal  7.143447e-01  0.000000e+00  6.997940e-01
   outer loop
     vertex  2.341448e+01  6.000000e+00  1.840356e+01
     vertex  2.337128e+01  0.000000e+00  1.844766e+01
     vertex  2.341448e+01  0.000000e+00  1.840356e+01
   endloop
 endfacet
 facet normal  7.143447e-01  0.000000e+00  6.997940e-01
   outer loop
     vertex  2.337128e+01  6.000000e+00  1.844766e+01
     vertex  2.337128e+01  0.000000e+00  1.844766e+01
     vertex  2.341448e+01  6.000000e+00  1.840356e+01
   endloop
 endfacet
 facet normal  7.332740e-01  0.000000e+00  6.799333e-01
   outer loop
     vertex  2.332930e+01  6.000000e+00  1.849293e+01
     vertex  2.337128e+01  0.000000e+00  1.844766e+01
     vertex  2.337128e+01  6.000000e+00  1.844766e+01
   endloop
 endfacet
 facet normal  7.332740e-01  0.000000e+00  6.799333e-01
   outer loop
     vertex  2.332930e+01  6.000000e+00  1.849293e+01
     vertex  2.332930e+01  0.000000e+00  1.849293e+01
     vertex  2.337128e+01  0.000000e+00  1.844766e+01
   endloop
 endfacet
 facet normal  7.516513e-01  0.000000e+00  6.595607e-01
   outer loop
     vertex  2.328859e+01  6.000000e+00  1.853933e+01
     vertex  2.332930e+01  0.000000e+00  1.849293e+01
     vertex  2.332930e+01  6.000000e+00  1.849293e+01
   endloop
 endfacet
 facet normal  7.516513e-01  0.000000e+00  6.595607e-01
   outer loop
     vertex  2.328859e+01  6.000000e+00  1.853933e+01
     vertex  2.328859e+01  0.000000e+00  1.853933e+01
     vertex  2.332930e+01  0.000000e+00  1.849293e+01
   endloop
 endfacet
 facet normal  7.694628e-01  0.000000e+00  6.386916e-01
   outer loop
     vertex  2.328859e+01  6.000000e+00  1.853933e+01
     vertex  2.324916e+01  0.000000e+00  1.858683e+01
     vertex  2.328859e+01  0.000000e+00  1.853933e+01
   endloop
 endfacet
 facet normal  7.694628e-01  0.000000e+00  6.386916e-01
   outer loop
     vertex  2.324916e+01  6.000000e+00  1.858683e+01
     vertex  2.324916e+01  0.000000e+00  1.858683e+01
     vertex  2.328859e+01  6.000000e+00  1.853933e+01
   endloop
 endfacet
 facet normal  7.866951e-01  0.000000e+00  6.173417e-01
   outer loop
     vertex  2.321105e+01  6.000000e+00  1.863539e+01
     vertex  2.324916e+01  0.000000e+00  1.858683e+01
     vertex  2.324916e+01  6.000000e+00  1.858683e+01
   endloop
 endfacet
 facet normal  7.866951e-01  0.000000e+00  6.173417e-01
   outer loop
     vertex  2.321105e+01  6.000000e+00  1.863539e+01
     vertex  2.321105e+01  0.000000e+00  1.863539e+01
     vertex  2.324916e+01  0.000000e+00  1.858683e+01
   endloop
 endfacet
 facet normal  8.033352e-01  0.000000e+00  5.955271e-01
   outer loop
     vertex  2.321105e+01  6.000000e+00  1.863539e+01
     vertex  2.317428e+01  0.000000e+00  1.868499e+01
     vertex  2.321105e+01  0.000000e+00  1.863539e+01
   endloop
 endfacet
 facet normal  8.033352e-01  0.000000e+00  5.955271e-01
   outer loop
     vertex  2.317428e+01  6.000000e+00  1.868499e+01
     vertex  2.317428e+01  0.000000e+00  1.868499e+01
     vertex  2.321105e+01  6.000000e+00  1.863539e+01
   endloop
 endfacet
 facet normal  8.193706e-01  0.000000e+00  5.732642e-01
   outer loop
     vertex  2.317428e+01  6.000000e+00  1.868499e+01
     vertex  2.313890e+01  0.000000e+00  1.873557e+01
     vertex  2.317428e+01  0.000000e+00  1.868499e+01
   endloop
 endfacet
 facet normal  8.193706e-01  0.000000e+00  5.732642e-01
   outer loop
     vertex  2.313890e+01  6.000000e+00  1.873557e+01
     vertex  2.313890e+01  0.000000e+00  1.873557e+01
     vertex  2.317428e+01  6.000000e+00  1.868499e+01
   endloop
 endfacet
 facet normal  8.347891e-01  0.000000e+00  5.505698e-01
   outer loop
     vertex  2.313890e+01  6.000000e+00  1.873557e+01
     vertex  2.310491e+01  0.000000e+00  1.878710e+01
     vertex  2.313890e+01  0.000000e+00  1.873557e+01
   endloop
 endfacet
 facet normal  8.347891e-01  0.000000e+00  5.505698e-01
   outer loop
     vertex  2.310491e+01  6.000000e+00  1.878710e+01
     vertex  2.310491e+01  0.000000e+00  1.878710e+01
     vertex  2.313890e+01  6.000000e+00  1.873557e+01
   endloop
 endfacet
 facet normal  8.495793e-01  0.000000e+00  5.274609e-01
   outer loop
     vertex  2.307235e+01  6.000000e+00  1.883955e+01
     vertex  2.310491e+01  0.000000e+00  1.878710e+01
     vertex  2.310491e+01  6.000000e+00  1.878710e+01
   endloop
 endfacet
 facet normal  8.495793e-01  0.000000e+00  5.274609e-01
   outer loop
     vertex  2.307235e+01  6.000000e+00  1.883955e+01
     vertex  2.307235e+01  0.000000e+00  1.883955e+01
     vertex  2.310491e+01  0.000000e+00  1.878710e+01
   endloop
 endfacet
 facet normal  8.637299e-01  0.000000e+00  5.039550e-01
   outer loop
     vertex  2.307235e+01  6.000000e+00  1.883955e+01
     vertex  2.304124e+01  0.000000e+00  1.889287e+01
     vertex  2.307235e+01  0.000000e+00  1.883955e+01
   endloop
 endfacet
 facet normal  8.637299e-01  0.000000e+00  5.039550e-01
   outer loop
     vertex  2.304124e+01  6.000000e+00  1.889287e+01
     vertex  2.304124e+01  0.000000e+00  1.889287e+01
     vertex  2.307235e+01  6.000000e+00  1.883955e+01
   endloop
 endfacet
 facet normal  8.772303e-01  0.000000e+00  4.800697e-01
   outer loop
     vertex  2.301160e+01  6.000000e+00  1.894702e+01
     vertex  2.304124e+01  0.000000e+00  1.889287e+01
     vertex  2.304124e+01  6.000000e+00  1.889287e+01
   endloop
 endfacet
 facet normal  8.772303e-01  0.000000e+00  4.800697e-01
   outer loop
     vertex  2.301160e+01  6.000000e+00  1.894702e+01
     vertex  2.301160e+01  0.000000e+00  1.894702e+01
     vertex  2.304124e+01  0.000000e+00  1.889287e+01
   endloop
 endfacet
 facet normal  8.900704e-01  0.000000e+00  4.558231e-01
   outer loop
     vertex  2.301160e+01  6.000000e+00  1.894702e+01
     vertex  2.298346e+01  0.000000e+00  1.900197e+01
     vertex  2.301160e+01  0.000000e+00  1.894702e+01
   endloop
 endfacet
 facet normal  8.900704e-01  0.000000e+00  4.558231e-01
   outer loop
     vertex  2.298346e+01  6.000000e+00  1.900197e+01
     vertex  2.298346e+01  0.000000e+00  1.900197e+01
     vertex  2.301160e+01  6.000000e+00  1.894702e+01
   endloop
 endfacet
 facet normal  9.022405e-01  0.000000e+00  4.312333e-01
   outer loop
     vertex  2.295684e+01  6.000000e+00  1.905767e+01
     vertex  2.298346e+01  0.000000e+00  1.900197e+01
     vertex  2.298346e+01  6.000000e+00  1.900197e+01
   endloop
 endfacet
 facet normal  9.022405e-01  0.000000e+00  4.312333e-01
   outer loop
     vertex  2.295684e+01  6.000000e+00  1.905767e+01
     vertex  2.295684e+01  0.000000e+00  1.905767e+01
     vertex  2.298346e+01  0.000000e+00  1.900197e+01
   endloop
 endfacet
 facet normal  9.137314e-01  0.000000e+00  4.063188e-01
   outer loop
     vertex  2.293176e+01  6.000000e+00  1.911407e+01
     vertex  2.295684e+01  0.000000e+00  1.905767e+01
     vertex  2.295684e+01  6.000000e+00  1.905767e+01
   endloop
 endfacet
 facet normal  9.137314e-01  0.000000e+00  4.063188e-01
   outer loop
     vertex  2.293176e+01  6.000000e+00  1.911407e+01
     vertex  2.293176e+01  0.000000e+00  1.911407e+01
     vertex  2.295684e+01  0.000000e+00  1.905767e+01
   endloop
 endfacet
 facet normal  9.245344e-01  0.000000e+00  3.810986e-01
   outer loop
     vertex  2.293176e+01  6.000000e+00  1.911407e+01
     vertex  2.290823e+01  0.000000e+00  1.917115e+01
     vertex  2.293176e+01  0.000000e+00  1.911407e+01
   endloop
 endfacet
 facet normal  9.245344e-01  0.000000e+00  3.810986e-01
   outer loop
     vertex  2.290823e+01  6.000000e+00  1.917115e+01
     vertex  2.290823e+01  0.000000e+00  1.917115e+01
     vertex  2.293176e+01  6.000000e+00  1.911407e+01
   endloop
 endfacet
 facet normal  9.346415e-01  0.000000e+00  3.555914e-01
   outer loop
     vertex  2.288628e+01  6.000000e+00  1.922884e+01
     vertex  2.288628e+01  0.000000e+00  1.922884e+01
     vertex  2.290823e+01  0.000000e+00  1.917115e+01
   endloop
 endfacet
 facet normal  9.346415e-01  0.000000e+00  3.555914e-01
   outer loop
     vertex  2.288628e+01  6.000000e+00  1.922884e+01
     vertex  2.290823e+01  0.000000e+00  1.917115e+01
     vertex  2.290823e+01  6.000000e+00  1.917115e+01
   endloop
 endfacet
 facet normal  9.440450e-01  0.000000e+00  3.298166e-01
   outer loop
     vertex  2.286592e+01  6.000000e+00  1.928712e+01
     vertex  2.286592e+01  0.000000e+00  1.928712e+01
     vertex  2.288628e+01  0.000000e+00  1.922884e+01
   endloop
 endfacet
 facet normal  9.527379e-01  0.000000e+00  3.037934e-01
   outer loop
     vertex  2.286592e+01  6.000000e+00  1.928712e+01
     vertex  2.284716e+01  0.000000e+00  1.934594e+01
     vertex  2.286592e+01  0.000000e+00  1.928712e+01
   endloop
 endfacet
 facet normal  9.440450e-01  0.000000e+00  3.298166e-01
   outer loop
     vertex  2.286592e+01  6.000000e+00  1.928712e+01
     vertex  2.288628e+01  0.000000e+00  1.922884e+01
     vertex  2.288628e+01  6.000000e+00  1.922884e+01
   endloop
 endfacet
 facet normal  9.607136e-01  0.000000e+00  2.775416e-01
   outer loop
     vertex  2.284716e+01  6.000000e+00  1.934594e+01
     vertex  2.283003e+01  0.000000e+00  1.940524e+01
     vertex  2.284716e+01  0.000000e+00  1.934594e+01
   endloop
 endfacet
 facet normal  9.527379e-01  0.000000e+00  3.037934e-01
   outer loop
     vertex  2.284716e+01  6.000000e+00  1.934594e+01
     vertex  2.284716e+01  0.000000e+00  1.934594e+01
     vertex  2.286592e+01  6.000000e+00  1.928712e+01
   endloop
 endfacet
 facet normal  9.607136e-01  0.000000e+00  2.775416e-01
   outer loop
     vertex  2.283003e+01  6.000000e+00  1.940524e+01
     vertex  2.283003e+01  0.000000e+00  1.940524e+01
     vertex  2.284716e+01  6.000000e+00  1.934594e+01
   endloop
 endfacet
 facet normal  9.679661e-01  0.000000e+00  2.510809e-01
   outer loop
     vertex  2.281453e+01  6.000000e+00  1.946500e+01
     vertex  2.283003e+01  0.000000e+00  1.940524e+01
     vertex  2.283003e+01  6.000000e+00  1.940524e+01
   endloop
 endfacet
 facet normal  9.679661e-01  0.000000e+00  2.510809e-01
   outer loop
     vertex  2.281453e+01  6.000000e+00  1.946500e+01
     vertex  2.281453e+01  0.000000e+00  1.946500e+01
     vertex  2.283003e+01  0.000000e+00  1.940524e+01
   endloop
 endfacet
 facet normal  9.744899e-01  0.000000e+00  2.244312e-01
   outer loop
     vertex  2.281453e+01  6.000000e+00  1.946500e+01
     vertex  2.280068e+01  0.000000e+00  1.952516e+01
     vertex  2.281453e+01  0.000000e+00  1.946500e+01
   endloop
 endfacet
 facet normal  9.744899e-01  0.000000e+00  2.244312e-01
   outer loop
     vertex  2.280068e+01  6.000000e+00  1.952516e+01
     vertex  2.280068e+01  0.000000e+00  1.952516e+01
     vertex  2.281453e+01  6.000000e+00  1.946500e+01
   endloop
 endfacet
 facet normal  9.802802e-01  0.000000e+00  1.976125e-01
   outer loop
     vertex  2.278848e+01  6.000000e+00  1.958567e+01
     vertex  2.280068e+01  0.000000e+00  1.952516e+01
     vertex  2.280068e+01  6.000000e+00  1.952516e+01
   endloop
 endfacet
 facet normal  9.802802e-01  0.000000e+00  1.976125e-01
   outer loop
     vertex  2.278848e+01  6.000000e+00  1.958567e+01
     vertex  2.278848e+01  0.000000e+00  1.958567e+01
     vertex  2.280068e+01  0.000000e+00  1.952516e+01
   endloop
 endfacet
 facet normal  9.853326e-01  0.000000e+00  1.706451e-01
   outer loop
     vertex  2.278848e+01  6.000000e+00  1.958567e+01
     vertex  2.277794e+01  0.000000e+00  1.964650e+01
     vertex  2.278848e+01  0.000000e+00  1.958567e+01
   endloop
 endfacet
 facet normal  9.853326e-01  0.000000e+00  1.706451e-01
   outer loop
     vertex  2.277794e+01  6.000000e+00  1.964650e+01
     vertex  2.277794e+01  0.000000e+00  1.964650e+01
     vertex  2.278848e+01  6.000000e+00  1.958567e+01
   endloop
 endfacet
 facet normal  9.896432e-01  0.000000e+00  1.435492e-01
   outer loop
     vertex  2.277794e+01  6.000000e+00  1.964650e+01
     vertex  2.276908e+01  0.000000e+00  1.970759e+01
     vertex  2.277794e+01  0.000000e+00  1.964650e+01
   endloop
 endfacet
 facet normal  9.896432e-01  0.000000e+00  1.435492e-01
   outer loop
     vertex  2.276908e+01  6.000000e+00  1.970759e+01
     vertex  2.276908e+01  0.000000e+00  1.970759e+01
     vertex  2.277794e+01  6.000000e+00  1.964650e+01
   endloop
 endfacet
 facet normal  9.932088e-01  0.000000e+00  1.163452e-01
   outer loop
     vertex  2.276908e+01  6.000000e+00  1.970759e+01
     vertex  2.276190e+01  0.000000e+00  1.976890e+01
     vertex  2.276908e+01  0.000000e+00  1.970759e+01
   endloop
 endfacet
 facet normal  9.932088e-01  0.000000e+00  1.163452e-01
   outer loop
     vertex  2.276190e+01  6.000000e+00  1.976890e+01
     vertex  2.276190e+01  0.000000e+00  1.976890e+01
     vertex  2.276908e+01  6.000000e+00  1.970759e+01
   endloop
 endfacet
 facet normal  9.960268e-01  0.000000e+00  8.905371e-02
   outer loop
     vertex  2.275640e+01  6.000000e+00  1.983039e+01
     vertex  2.276190e+01  0.000000e+00  1.976890e+01
     vertex  2.276190e+01  6.000000e+00  1.976890e+01
   endloop
 endfacet
 facet normal  9.960268e-01  0.000000e+00  8.905371e-02
   outer loop
     vertex  2.275640e+01  6.000000e+00  1.983039e+01
     vertex  2.275640e+01  0.000000e+00  1.983039e+01
     vertex  2.276190e+01  0.000000e+00  1.976890e+01
   endloop
 endfacet
 facet normal  9.980950e-01  0.000000e+00  6.169515e-02
   outer loop
     vertex  2.275640e+01  6.000000e+00  1.983039e+01
     vertex  2.275259e+01  0.000000e+00  1.989201e+01
     vertex  2.275640e+01  0.000000e+00  1.983039e+01
   endloop
 endfacet
 facet normal  9.980950e-01  0.000000e+00  6.169515e-02
   outer loop
     vertex  2.275259e+01  6.000000e+00  1.989201e+01
     vertex  2.275259e+01  0.000000e+00  1.989201e+01
     vertex  2.275640e+01  6.000000e+00  1.983039e+01
   endloop
 endfacet
 facet normal  9.994119e-01  0.000000e+00  3.429014e-02
   outer loop
     vertex  2.275048e+01  6.000000e+00  1.995370e+01
     vertex  2.275259e+01  0.000000e+00  1.989201e+01
     vertex  2.275259e+01  6.000000e+00  1.989201e+01
   endloop
 endfacet
 facet normal  9.994119e-01  0.000000e+00  3.429014e-02
   outer loop
     vertex  2.275048e+01  6.000000e+00  1.995370e+01
     vertex  2.275048e+01  0.000000e+00  1.995370e+01
     vertex  2.275259e+01  0.000000e+00  1.989201e+01
   endloop
 endfacet
 facet normal  9.999765e-01  0.000000e+00  6.859319e-03
   outer loop
     vertex  2.275048e+01  6.000000e+00  1.995370e+01
     vertex  2.275005e+01  0.000000e+00  2.001543e+01
     vertex  2.275048e+01  0.000000e+00  1.995370e+01
   endloop
 endfacet
 facet normal  9.999765e-01  0.000000e+00  6.859319e-03
   outer loop
     vertex  2.275005e+01  6.000000e+00  2.001543e+01
     vertex  2.275005e+01  0.000000e+00  2.001543e+01
     vertex  2.275048e+01  6.000000e+00  1.995370e+01
   endloop
 endfacet
 facet normal  9.988475e-01  0.000000e+00 -4.799716e-02
   outer loop
     vertex  2.275132e+01  6.000000e+00  2.007715e+01
     vertex  2.275429e+01  0.000000e+00  2.013881e+01
     vertex  2.275132e+01  0.000000e+00  2.007715e+01
   endloop
 endfacet
 facet normal  9.997883e-01  0.000000e+00 -2.057667e-02
   outer loop
     vertex  2.275132e+01  6.000000e+00  2.007715e+01
     vertex  2.275005e+01  0.000000e+00  2.001543e+01
     vertex  2.275005e+01  6.000000e+00  2.001543e+01
   endloop
 endfacet
 facet normal  9.997883e-01  0.000000e+00 -2.057667e-02
   outer loop
     vertex  2.275132e+01  6.000000e+00  2.007715e+01
     vertex  2.275132e+01  0.000000e+00  2.007715e+01
     vertex  2.275005e+01  0.000000e+00  2.001543e+01
   endloop
 endfacet
 facet normal  9.988475e-01  0.000000e+00 -4.799716e-02
   outer loop
     vertex  2.275429e+01  6.000000e+00  2.013881e+01
     vertex  2.275429e+01  0.000000e+00  2.013881e+01
     vertex  2.275132e+01  6.000000e+00  2.007715e+01
   endloop
 endfacet
 facet normal  9.971548e-01  0.000000e+00 -7.538152e-02
   outer loop
     vertex  2.275894e+01  6.000000e+00  2.020037e+01
     vertex  2.275894e+01  0.000000e+00  2.020037e+01
     vertex  2.275429e+01  0.000000e+00  2.013881e+01
   endloop
 endfacet
 facet normal  9.971548e-01  0.000000e+00 -7.538152e-02
   outer loop
     vertex  2.275894e+01  6.000000e+00  2.020037e+01
     vertex  2.275429e+01  0.000000e+00  2.013881e+01
     vertex  2.275429e+01  6.000000e+00  2.013881e+01
   endloop
 endfacet
 facet normal  9.947114e-01  0.000000e+00 -1.027091e-01
   outer loop
     vertex  2.276528e+01  6.000000e+00  2.026178e+01
     vertex  2.276528e+01  0.000000e+00  2.026178e+01
     vertex  2.275894e+01  0.000000e+00  2.020037e+01
   endloop
 endfacet
 facet normal  9.947114e-01  0.000000e+00 -1.027091e-01
   outer loop
     vertex  2.276528e+01  6.000000e+00  2.026178e+01
     vertex  2.275894e+01  0.000000e+00  2.020037e+01
     vertex  2.275894e+01  6.000000e+00  2.020037e+01
   endloop
 endfacet
 facet normal  9.915193e-01  0.000000e+00 -1.299594e-01
   outer loop
     vertex  2.277330e+01  6.000000e+00  2.032299e+01
     vertex  2.277330e+01  0.000000e+00  2.032299e+01
     vertex  2.276528e+01  0.000000e+00  2.026178e+01
   endloop
 endfacet
 facet normal  9.915193e-01  0.000000e+00 -1.299594e-01
   outer loop
     vertex  2.277330e+01  6.000000e+00  2.032299e+01
     vertex  2.276528e+01  0.000000e+00  2.026178e+01
     vertex  2.276528e+01  6.000000e+00  2.026178e+01
   endloop
 endfacet
 facet normal  9.875808e-01  0.000000e+00 -1.571119e-01
   outer loop
     vertex  2.278300e+01  6.000000e+00  2.038395e+01
     vertex  2.278300e+01  0.000000e+00  2.038395e+01
     vertex  2.277330e+01  0.000000e+00  2.032299e+01
   endloop
 endfacet
 facet normal  9.828989e-01  0.000000e+00 -1.841461e-01
   outer loop
     vertex  2.278300e+01  6.000000e+00  2.038395e+01
     vertex  2.279437e+01  0.000000e+00  2.044463e+01
     vertex  2.278300e+01  0.000000e+00  2.038395e+01
   endloop
 endfacet
 facet normal  9.875808e-01  0.000000e+00 -1.571119e-01
   outer loop
     vertex  2.278300e+01  6.000000e+00  2.038395e+01
     vertex  2.277330e+01  0.000000e+00  2.032299e+01
     vertex  2.277330e+01  6.000000e+00  2.032299e+01
   endloop
 endfacet
 facet normal  9.774771e-01  0.000000e+00 -2.110417e-01
   outer loop
     vertex  2.279437e+01  6.000000e+00  2.044463e+01
     vertex  2.280740e+01  0.000000e+00  2.050497e+01
     vertex  2.279437e+01  0.000000e+00  2.044463e+01
   endloop
 endfacet
 facet normal  9.828989e-01  0.000000e+00 -1.841461e-01
   outer loop
     vertex  2.279437e+01  6.000000e+00  2.044463e+01
     vertex  2.279437e+01  0.000000e+00  2.044463e+01
     vertex  2.278300e+01  6.000000e+00  2.038395e+01
   endloop
 endfacet
 facet normal  9.713194e-01  0.000000e+00 -2.377784e-01
   outer loop
     vertex  2.280740e+01  6.000000e+00  2.050497e+01
     vertex  2.282208e+01  0.000000e+00  2.056493e+01
     vertex  2.280740e+01  0.000000e+00  2.050497e+01
   endloop
 endfacet
 facet normal  9.774771e-01  0.000000e+00 -2.110417e-01
   outer loop
     vertex  2.280740e+01  6.000000e+00  2.050497e+01
     vertex  2.280740e+01  0.000000e+00  2.050497e+01
     vertex  2.279437e+01  6.000000e+00  2.044463e+01
   endloop
 endfacet
 facet normal  9.644306e-01  0.000000e+00 -2.643362e-01
   outer loop
     vertex  2.282208e+01  6.000000e+00  2.056493e+01
     vertex  2.283839e+01  0.000000e+00  2.062447e+01
     vertex  2.282208e+01  0.000000e+00  2.056493e+01
   endloop
 endfacet
 facet normal  9.713194e-01  0.000000e+00 -2.377784e-01
   outer loop
     vertex  2.282208e+01  6.000000e+00  2.056493e+01
     vertex  2.282208e+01  0.000000e+00  2.056493e+01
     vertex  2.280740e+01  6.000000e+00  2.050497e+01
   endloop
 endfacet
 facet normal  9.644306e-01  0.000000e+00 -2.643362e-01
   outer loop
     vertex  2.283839e+01  6.000000e+00  2.062447e+01
     vertex  2.283839e+01  0.000000e+00  2.062447e+01
     vertex  2.282208e+01  6.000000e+00  2.056493e+01
   endloop
 endfacet
 facet normal  9.568158e-01  0.000000e+00 -2.906949e-01
   outer loop
     vertex  2.285634e+01  6.000000e+00  2.068354e+01
     vertex  2.285634e+01  0.000000e+00  2.068354e+01
     vertex  2.283839e+01  0.000000e+00  2.062447e+01
   endloop
 endfacet
 facet normal  9.568158e-01  0.000000e+00 -2.906949e-01
   outer loop
     vertex  2.285634e+01  6.000000e+00  2.068354e+01
     vertex  2.283839e+01  0.000000e+00  2.062447e+01
     vertex  2.283839e+01  6.000000e+00  2.062447e+01
   endloop
 endfacet
 facet normal  9.484807e-01  0.000000e+00 -3.168348e-01
   outer loop
     vertex  2.287590e+01  6.000000e+00  2.074209e+01
     vertex  2.287590e+01  0.000000e+00  2.074209e+01
     vertex  2.285634e+01  0.000000e+00  2.068354e+01
   endloop
 endfacet
 facet normal  9.394317e-01  0.000000e+00 -3.427362e-01
   outer loop
     vertex  2.287590e+01  6.000000e+00  2.074209e+01
     vertex  2.289706e+01  0.000000e+00  2.080008e+01
     vertex  2.287590e+01  0.000000e+00  2.074209e+01
   endloop
 endfacet
 facet normal  9.484807e-01  0.000000e+00 -3.168348e-01
   outer loop
     vertex  2.287590e+01  6.000000e+00  2.074209e+01
     vertex  2.285634e+01  0.000000e+00  2.068354e+01
     vertex  2.285634e+01  6.000000e+00  2.068354e+01
   endloop
 endfacet
 facet normal  9.394317e-01  0.000000e+00 -3.427362e-01
   outer loop
     vertex  2.289706e+01  6.000000e+00  2.080008e+01
     vertex  2.289706e+01  0.000000e+00  2.080008e+01
     vertex  2.287590e+01  6.000000e+00  2.074209e+01
   endloop
 endfacet
 facet normal  9.296754e-01  0.000000e+00 -3.683796e-01
   outer loop
     vertex  2.291980e+01  6.000000e+00  2.085747e+01
     vertex  2.291980e+01  0.000000e+00  2.085747e+01
     vertex  2.289706e+01  0.000000e+00  2.080008e+01
   endloop
 endfacet
 facet normal  9.296754e-01  0.000000e+00 -3.683796e-01
   outer loop
     vertex  2.291980e+01  6.000000e+00  2.085747e+01
     vertex  2.289706e+01  0.000000e+00  2.080008e+01
     vertex  2.289706e+01  6.000000e+00  2.080008e+01
   endloop
 endfacet
 facet normal  9.192194e-01  0.000000e+00 -3.937458e-01
   outer loop
     vertex  2.294410e+01  6.000000e+00  2.091422e+01
     vertex  2.291980e+01  0.000000e+00  2.085747e+01
     vertex  2.291980e+01  6.000000e+00  2.085747e+01
   endloop
 endfacet
 facet normal  9.192194e-01  0.000000e+00 -3.937458e-01
   outer loop
     vertex  2.294410e+01  6.000000e+00  2.091422e+01
     vertex  2.294410e+01  0.000000e+00  2.091422e+01
     vertex  2.291980e+01  0.000000e+00  2.085747e+01
   endloop
 endfacet
 facet normal  9.080714e-01  0.000000e+00 -4.188155e-01
   outer loop
     vertex  2.294410e+01  6.000000e+00  2.091422e+01
     vertex  2.296996e+01  0.000000e+00  2.097027e+01
     vertex  2.294410e+01  0.000000e+00  2.091422e+01
   endloop
 endfacet
 facet normal  9.080714e-01  0.000000e+00 -4.188155e-01
   outer loop
     vertex  2.296996e+01  6.000000e+00  2.097027e+01
     vertex  2.296996e+01  0.000000e+00  2.097027e+01
     vertex  2.294410e+01  6.000000e+00  2.091422e+01
   endloop
 endfacet
 facet normal  8.962398e-01  0.000000e+00 -4.435699e-01
   outer loop
     vertex  2.299734e+01  6.000000e+00  2.102560e+01
     vertex  2.299734e+01  0.000000e+00  2.102560e+01
     vertex  2.296996e+01  0.000000e+00  2.097027e+01
   endloop
 endfacet
 facet normal  8.837335e-01  0.000000e+00 -4.679904e-01
   outer loop
     vertex  2.299734e+01  6.000000e+00  2.102560e+01
     vertex  2.302623e+01  0.000000e+00  2.108016e+01
     vertex  2.299734e+01  0.000000e+00  2.102560e+01
   endloop
 endfacet
 facet normal  8.962398e-01  0.000000e+00 -4.435699e-01
   outer loop
     vertex  2.299734e+01  6.000000e+00  2.102560e+01
     vertex  2.296996e+01  0.000000e+00  2.097027e+01
     vertex  2.296996e+01  6.000000e+00  2.097027e+01
   endloop
 endfacet
 facet normal  8.837335e-01  0.000000e+00 -4.679904e-01
   outer loop
     vertex  2.302623e+01  6.000000e+00  2.108016e+01
     vertex  2.302623e+01  0.000000e+00  2.108016e+01
     vertex  2.299734e+01  6.000000e+00  2.102560e+01
   endloop
 endfacet
 facet normal  8.705620e-01  0.000000e+00 -4.920587e-01
   outer loop
     vertex  2.302623e+01  6.000000e+00  2.108016e+01
     vertex  2.305661e+01  0.000000e+00  2.113390e+01
     vertex  2.302623e+01  0.000000e+00  2.108016e+01
   endloop
 endfacet
 facet normal  8.705620e-01  0.000000e+00 -4.920587e-01
   outer loop
     vertex  2.305661e+01  6.000000e+00  2.113390e+01
     vertex  2.305661e+01  0.000000e+00  2.113390e+01
     vertex  2.302623e+01  6.000000e+00  2.108016e+01
   endloop
 endfacet
 facet normal  8.567352e-01  0.000000e+00 -5.157565e-01
   outer loop
     vertex  2.305661e+01  6.000000e+00  2.113390e+01
     vertex  2.308845e+01  0.000000e+00  2.118679e+01
     vertex  2.305661e+01  0.000000e+00  2.113390e+01
   endloop
 endfacet
 facet normal  8.567352e-01  0.000000e+00 -5.157565e-01
   outer loop
     vertex  2.308845e+01  6.000000e+00  2.118679e+01
     vertex  2.308845e+01  0.000000e+00  2.118679e+01
     vertex  2.305661e+01  6.000000e+00  2.113390e+01
   endloop
 endfacet
 facet normal  8.422635e-01  0.000000e+00 -5.390661e-01
   outer loop
     vertex  2.312172e+01  6.000000e+00  2.123878e+01
     vertex  2.312172e+01  0.000000e+00  2.123878e+01
     vertex  2.308845e+01  0.000000e+00  2.118679e+01
   endloop
 endfacet
 facet normal  8.422635e-01  0.000000e+00 -5.390661e-01
   outer loop
     vertex  2.312172e+01  6.000000e+00  2.123878e+01
     vertex  2.308845e+01  0.000000e+00  2.118679e+01
     vertex  2.308845e+01  6.000000e+00  2.118679e+01
   endloop
 endfacet
 facet normal  8.271577e-01  0.000000e+00 -5.619699e-01
   outer loop
     vertex  2.315642e+01  6.000000e+00  2.128984e+01
     vertex  2.315642e+01  0.000000e+00  2.128984e+01
     vertex  2.312172e+01  0.000000e+00  2.123878e+01
   endloop
 endfacet
 facet normal  8.114292e-01  0.000000e+00 -5.844507e-01
   outer loop
     vertex  2.315642e+01  6.000000e+00  2.128984e+01
     vertex  2.319250e+01  0.000000e+00  2.133994e+01
     vertex  2.315642e+01  0.000000e+00  2.128984e+01
   endloop
 endfacet
 facet normal  8.271577e-01  0.000000e+00 -5.619699e-01
   outer loop
     vertex  2.315642e+01  6.000000e+00  2.128984e+01
     vertex  2.312172e+01  0.000000e+00  2.123878e+01
     vertex  2.312172e+01  6.000000e+00  2.123878e+01
   endloop
 endfacet
 facet normal  8.114292e-01  0.000000e+00 -5.844507e-01
   outer loop
     vertex  2.319250e+01  6.000000e+00  2.133994e+01
     vertex  2.319250e+01  0.000000e+00  2.133994e+01
     vertex  2.315642e+01  6.000000e+00  2.128984e+01
   endloop
 endfacet
 facet normal  7.950900e-01  0.000000e+00 -6.064915e-01
   outer loop
     vertex  2.322994e+01  6.000000e+00  2.138902e+01
     vertex  2.322994e+01  0.000000e+00  2.138902e+01
     vertex  2.319250e+01  0.000000e+00  2.133994e+01
   endloop
 endfacet
 facet normal  7.781522e-01  0.000000e+00 -6.280757e-01
   outer loop
     vertex  2.322994e+01  6.000000e+00  2.138902e+01
     vertex  2.326871e+01  0.000000e+00  2.143706e+01
     vertex  2.322994e+01  0.000000e+00  2.138902e+01
   endloop
 endfacet
 facet normal  7.950900e-01  0.000000e+00 -6.064915e-01
   outer loop
     vertex  2.322994e+01  6.000000e+00  2.138902e+01
     vertex  2.319250e+01  0.000000e+00  2.133994e+01
     vertex  2.319250e+01  6.000000e+00  2.133994e+01
   endloop
 endfacet
 facet normal  7.781522e-01  0.000000e+00 -6.280757e-01
   outer loop
     vertex  2.326871e+01  6.000000e+00  2.143706e+01
     vertex  2.326871e+01  0.000000e+00  2.143706e+01
     vertex  2.322994e+01  6.000000e+00  2.138902e+01
   endloop
 endfacet
 facet normal  7.606287e-01  0.000000e+00 -6.491872e-01
   outer loop
     vertex  2.326871e+01  6.000000e+00  2.143706e+01
     vertex  2.330878e+01  0.000000e+00  2.148401e+01
     vertex  2.326871e+01  0.000000e+00  2.143706e+01
   endloop
 endfacet
 facet normal  7.606287e-01  0.000000e+00 -6.491872e-01
   outer loop
     vertex  2.330878e+01  6.000000e+00  2.148401e+01
     vertex  2.330878e+01  0.000000e+00  2.148401e+01
     vertex  2.326871e+01  6.000000e+00  2.143706e+01
   endloop
 endfacet
 facet normal  7.425325e-01  0.000000e+00 -6.698100e-01
   outer loop
     vertex  2.335013e+01  6.000000e+00  2.152985e+01
     vertex  2.335013e+01  0.000000e+00  2.152985e+01
     vertex  2.330878e+01  0.000000e+00  2.148401e+01
   endloop
 endfacet
 facet normal  7.425325e-01  0.000000e+00 -6.698100e-01
   outer loop
     vertex  2.335013e+01  6.000000e+00  2.152985e+01
     vertex  2.330878e+01  0.000000e+00  2.148401e+01
     vertex  2.330878e+01  6.000000e+00  2.148401e+01
   endloop
 endfacet
 facet normal  7.238775e-01  0.000000e+00 -6.899286e-01
   outer loop
     vertex  2.339272e+01  6.000000e+00  2.157454e+01
     vertex  2.339272e+01  0.000000e+00  2.157454e+01
     vertex  2.335013e+01  0.000000e+00  2.152985e+01
   endloop
 endfacet
 facet normal  7.238775e-01  0.000000e+00 -6.899286e-01
   outer loop
     vertex  2.339272e+01  6.000000e+00  2.157454e+01
     vertex  2.335013e+01  0.000000e+00  2.152985e+01
     vertex  2.335013e+01  6.000000e+00  2.152985e+01
   endloop
 endfacet
 facet normal  7.046775e-01  0.000000e+00 -7.095278e-01
   outer loop
     vertex  2.343653e+01  6.000000e+00  2.161804e+01
     vertex  2.343653e+01  0.000000e+00  2.161804e+01
     vertex  2.339272e+01  0.000000e+00  2.157454e+01
   endloop
 endfacet
 facet normal  7.046775e-01  0.000000e+00 -7.095278e-01
   outer loop
     vertex  2.343653e+01  6.000000e+00  2.161804e+01
     vertex  2.339272e+01  0.000000e+00  2.157454e+01
     vertex  2.339272e+01  6.000000e+00  2.157454e+01
   endloop
 endfacet
 facet normal  6.849470e-01  0.000000e+00 -7.285929e-01
   outer loop
     vertex  2.348150e+01  6.000000e+00  2.166032e+01
     vertex  2.348150e+01  0.000000e+00  2.166032e+01
     vertex  2.343653e+01  0.000000e+00  2.161804e+01
   endloop
 endfacet
 facet normal  6.849470e-01  0.000000e+00 -7.285929e-01
   outer loop
     vertex  2.348150e+01  6.000000e+00  2.166032e+01
     vertex  2.343653e+01  0.000000e+00  2.161804e+01
     vertex  2.343653e+01  6.000000e+00  2.161804e+01
   endloop
 endfacet
 facet normal  6.647010e-01  0.000000e+00 -7.471095e-01
   outer loop
     vertex  2.352762e+01  6.000000e+00  2.170136e+01
     vertex  2.352762e+01  0.000000e+00  2.170136e+01
     vertex  2.348150e+01  0.000000e+00  2.166032e+01
   endloop
 endfacet
 facet normal  6.647010e-01  0.000000e+00 -7.471095e-01
   outer loop
     vertex  2.352762e+01  6.000000e+00  2.170136e+01
     vertex  2.348150e+01  0.000000e+00  2.166032e+01
     vertex  2.348150e+01  6.000000e+00  2.166032e+01
   endloop
 endfacet
 facet normal  6.439545e-01  0.000000e+00 -7.650637e-01
   outer loop
     vertex  2.357485e+01  6.000000e+00  2.174111e+01
     vertex  2.357485e+01  0.000000e+00  2.174111e+01
     vertex  2.352762e+01  0.000000e+00  2.170136e+01
   endloop
 endfacet
 facet normal  6.439545e-01  0.000000e+00 -7.650637e-01
   outer loop
     vertex  2.357485e+01  6.000000e+00  2.174111e+01
     vertex  2.352762e+01  0.000000e+00  2.170136e+01
     vertex  2.352762e+01  6.000000e+00  2.170136e+01
   endloop
 endfacet
 facet normal  6.227234e-01  0.000000e+00 -7.824421e-01
   outer loop
     vertex  2.362316e+01  6.000000e+00  2.177955e+01
     vertex  2.362316e+01  0.000000e+00  2.177955e+01
     vertex  2.357485e+01  0.000000e+00  2.174111e+01
   endloop
 endfacet
 facet normal  6.227234e-01  0.000000e+00 -7.824421e-01
   outer loop
     vertex  2.362316e+01  6.000000e+00  2.177955e+01
     vertex  2.357485e+01  0.000000e+00  2.174111e+01
     vertex  2.357485e+01  6.000000e+00  2.174111e+01
   endloop
 endfacet
 facet normal  6.010234e-01  0.000000e+00 -7.992314e-01
   outer loop
     vertex  2.367249e+01  6.000000e+00  2.181665e+01
     vertex  2.367249e+01  0.000000e+00  2.181665e+01
     vertex  2.362316e+01  0.000000e+00  2.177955e+01
   endloop
 endfacet
 facet normal  6.010234e-01  0.000000e+00 -7.992314e-01
   outer loop
     vertex  2.367249e+01  6.000000e+00  2.181665e+01
     vertex  2.362316e+01  0.000000e+00  2.177955e+01
     vertex  2.362316e+01  6.000000e+00  2.177955e+01
   endloop
 endfacet
 facet normal  5.788711e-01  0.000000e+00 -8.154191e-01
   outer loop
     vertex  2.372283e+01  6.000000e+00  2.185239e+01
     vertex  2.372283e+01  0.000000e+00  2.185239e+01
     vertex  2.367249e+01  0.000000e+00  2.181665e+01
   endloop
 endfacet
 facet normal  5.562829e-01  0.000000e+00 -8.309929e-01
   outer loop
     vertex  2.372283e+01  6.000000e+00  2.185239e+01
     vertex  2.377413e+01  0.000000e+00  2.188673e+01
     vertex  2.372283e+01  0.000000e+00  2.185239e+01
   endloop
 endfacet
 facet normal  5.788711e-01  0.000000e+00 -8.154191e-01
   outer loop
     vertex  2.372283e+01  6.000000e+00  2.185239e+01
     vertex  2.367249e+01  0.000000e+00  2.181665e+01
     vertex  2.367249e+01  6.000000e+00  2.181665e+01
   endloop
 endfacet
 facet normal  5.562829e-01  0.000000e+00 -8.309929e-01
   outer loop
     vertex  2.377413e+01  6.000000e+00  2.188673e+01
     vertex  2.377413e+01  0.000000e+00  2.188673e+01
     vertex  2.372283e+01  6.000000e+00  2.185239e+01
   endloop
 endfacet
 facet normal  5.332761e-01  0.000000e+00 -8.459413e-01
   outer loop
     vertex  2.382635e+01  6.000000e+00  2.191965e+01
     vertex  2.382635e+01  0.000000e+00  2.191965e+01
     vertex  2.377413e+01  0.000000e+00  2.188673e+01
   endloop
 endfacet
 facet normal  5.098678e-01  0.000000e+00 -8.602528e-01
   outer loop
     vertex  2.382635e+01  6.000000e+00  2.191965e+01
     vertex  2.387946e+01  0.000000e+00  2.195112e+01
     vertex  2.382635e+01  0.000000e+00  2.191965e+01
   endloop
 endfacet
 facet normal  5.332761e-01  0.000000e+00 -8.459413e-01
   outer loop
     vertex  2.382635e+01  6.000000e+00  2.191965e+01
     vertex  2.377413e+01  0.000000e+00  2.188673e+01
     vertex  2.377413e+01  6.000000e+00  2.188673e+01
   endloop
 endfacet
 facet normal  5.098678e-01  0.000000e+00 -8.602528e-01
   outer loop
     vertex  2.387946e+01  6.000000e+00  2.195112e+01
     vertex  2.387946e+01  0.000000e+00  2.195112e+01
     vertex  2.382635e+01  6.000000e+00  2.191965e+01
   endloop
 endfacet
 facet normal  4.860756e-01  0.000000e+00 -8.739167e-01
   outer loop
     vertex  2.393341e+01  6.000000e+00  2.198113e+01
     vertex  2.393341e+01  0.000000e+00  2.198113e+01
     vertex  2.387946e+01  0.000000e+00  2.195112e+01
   endloop
 endfacet
 facet normal  4.860756e-01  0.000000e+00 -8.739167e-01
   outer loop
     vertex  2.393341e+01  6.000000e+00  2.198113e+01
     vertex  2.387946e+01  0.000000e+00  2.195112e+01
     vertex  2.387946e+01  6.000000e+00  2.195112e+01
   endloop
 endfacet
 facet normal  4.619176e-01  0.000000e+00 -8.869228e-01
   outer loop
     vertex  2.398816e+01  6.000000e+00  2.200965e+01
     vertex  2.393341e+01  0.000000e+00  2.198113e+01
     vertex  2.393341e+01  6.000000e+00  2.198113e+01
   endloop
 endfacet
 facet normal  4.619176e-01  0.000000e+00 -8.869228e-01
   outer loop
     vertex  2.398816e+01  6.000000e+00  2.200965e+01
     vertex  2.398816e+01  0.000000e+00  2.200965e+01
     vertex  2.393341e+01  0.000000e+00  2.198113e+01
   endloop
 endfacet
 facet normal  4.374119e-01  0.000000e+00 -8.992613e-01
   outer loop
     vertex  2.398816e+01  6.000000e+00  2.200965e+01
     vertex  2.404367e+01  0.000000e+00  2.203665e+01
     vertex  2.398816e+01  0.000000e+00  2.200965e+01
   endloop
 endfacet
 facet normal  4.374119e-01  0.000000e+00 -8.992613e-01
   outer loop
     vertex  2.404367e+01  6.000000e+00  2.203665e+01
     vertex  2.404367e+01  0.000000e+00  2.203665e+01
     vertex  2.398816e+01  6.000000e+00  2.200965e+01
   endloop
 endfacet
 facet normal  4.125769e-01  0.000000e+00 -9.109228e-01
   outer loop
     vertex  2.409991e+01  6.000000e+00  2.206212e+01
     vertex  2.404367e+01  0.000000e+00  2.203665e+01
     vertex  2.404367e+01  6.000000e+00  2.203665e+01
   endloop
 endfacet
 facet normal  4.125769e-01  0.000000e+00 -9.109228e-01
   outer loop
     vertex  2.409991e+01  6.000000e+00  2.206212e+01
     vertex  2.409991e+01  0.000000e+00  2.206212e+01
     vertex  2.404367e+01  0.000000e+00  2.203665e+01
   endloop
 endfacet
 facet normal  3.874313e-01  0.000000e+00 -9.218986e-01
   outer loop
     vertex  2.415682e+01  6.000000e+00  2.208604e+01
     vertex  2.409991e+01  0.000000e+00  2.206212e+01
     vertex  2.409991e+01  6.000000e+00  2.206212e+01
   endloop
 endfacet
 facet normal  3.874313e-01  0.000000e+00 -9.218986e-01
   outer loop
     vertex  2.415682e+01  6.000000e+00  2.208604e+01
     vertex  2.415682e+01  0.000000e+00  2.208604e+01
     vertex  2.409991e+01  0.000000e+00  2.206212e+01
   endloop
 endfacet
 facet normal  3.619940e-01  0.000000e+00 -9.321804e-01
   outer loop
     vertex  2.421436e+01  6.000000e+00  2.210838e+01
     vertex  2.415682e+01  0.000000e+00  2.208604e+01
     vertex  2.415682e+01  6.000000e+00  2.208604e+01
   endloop
 endfacet
 facet normal  3.619940e-01  0.000000e+00 -9.321804e-01
   outer loop
     vertex  2.421436e+01  6.000000e+00  2.210838e+01
     vertex  2.421436e+01  0.000000e+00  2.210838e+01
     vertex  2.415682e+01  0.000000e+00  2.208604e+01
   endloop
 endfacet
 facet normal  3.362843e-01  0.000000e+00 -9.417605e-01
   outer loop
     vertex  2.427250e+01  6.000000e+00  2.212914e+01
     vertex  2.421436e+01  0.000000e+00  2.210838e+01
     vertex  2.421436e+01  6.000000e+00  2.210838e+01
   endloop
 endfacet
 facet normal  3.362843e-01  0.000000e+00 -9.417605e-01
   outer loop
     vertex  2.427250e+01  6.000000e+00  2.212914e+01
     vertex  2.427250e+01  0.000000e+00  2.212914e+01
     vertex  2.421436e+01  0.000000e+00  2.210838e+01
   endloop
 endfacet
 facet normal  3.103214e-01  0.000000e+00 -9.506317e-01
   outer loop
     vertex  2.433118e+01  6.000000e+00  2.214830e+01
     vertex  2.427250e+01  0.000000e+00  2.212914e+01
     vertex  2.427250e+01  6.000000e+00  2.212914e+01
   endloop
 endfacet
 facet normal  3.103214e-01  0.000000e+00 -9.506317e-01
   outer loop
     vertex  2.433118e+01  6.000000e+00  2.214830e+01
     vertex  2.433118e+01  0.000000e+00  2.214830e+01
     vertex  2.427250e+01  0.000000e+00  2.212914e+01
   endloop
 endfacet
 facet normal  2.841250e-01  0.000000e+00 -9.587873e-01
   outer loop
     vertex  2.433118e+01  6.000000e+00  2.214830e+01
     vertex  2.439037e+01  0.000000e+00  2.216584e+01
     vertex  2.433118e+01  0.000000e+00  2.214830e+01
   endloop
 endfacet
 facet normal  2.841250e-01  0.000000e+00 -9.587873e-01
   outer loop
     vertex  2.439037e+01  6.000000e+00  2.216584e+01
     vertex  2.439037e+01  0.000000e+00  2.216584e+01
     vertex  2.433118e+01  6.000000e+00  2.214830e+01
   endloop
 endfacet
 facet normal  2.577146e-01  0.000000e+00 -9.662211e-01
   outer loop
     vertex  2.445002e+01  6.000000e+00  2.218175e+01
     vertex  2.439037e+01  0.000000e+00  2.216584e+01
     vertex  2.439037e+01  6.000000e+00  2.216584e+01
   endloop
 endfacet
 facet normal  2.577146e-01  0.000000e+00 -9.662211e-01
   outer loop
     vertex  2.445002e+01  6.000000e+00  2.218175e+01
     vertex  2.445002e+01  0.000000e+00  2.218175e+01
     vertex  2.439037e+01  0.000000e+00  2.216584e+01
   endloop
 endfacet
 facet normal  2.311102e-01  0.000000e+00 -9.729276e-01
   outer loop
     vertex  2.451008e+01  6.000000e+00  2.219601e+01
     vertex  2.445002e+01  0.000000e+00  2.218175e+01
     vertex  2.445002e+01  6.000000e+00  2.218175e+01
   endloop
 endfacet
 facet normal  2.311102e-01  0.000000e+00 -9.729276e-01
   outer loop
     vertex  2.451008e+01  6.000000e+00  2.219601e+01
     vertex  2.451008e+01  0.000000e+00  2.219601e+01
     vertex  2.445002e+01  0.000000e+00  2.218175e+01
   endloop
 endfacet
 facet normal  2.043319e-01  0.000000e+00 -9.789017e-01
   outer loop
     vertex  2.457051e+01  6.000000e+00  2.220863e+01
     vertex  2.451008e+01  0.000000e+00  2.219601e+01
     vertex  2.451008e+01  6.000000e+00  2.219601e+01
   endloop
 endfacet
 facet normal  2.043319e-01  0.000000e+00 -9.789017e-01
   outer loop
     vertex  2.457051e+01  6.000000e+00  2.220863e+01
     vertex  2.457051e+01  0.000000e+00  2.220863e+01
     vertex  2.451008e+01  0.000000e+00  2.219601e+01
   endloop
 endfacet
 facet normal  1.773998e-01  0.000000e+00 -9.841389e-01
   outer loop
     vertex  2.463126e+01  6.000000e+00  2.221958e+01
     vertex  2.457051e+01  0.000000e+00  2.220863e+01
     vertex  2.457051e+01  6.000000e+00  2.220863e+01
   endloop
 endfacet
 facet normal  1.773998e-01  0.000000e+00 -9.841389e-01
   outer loop
     vertex  2.463126e+01  6.000000e+00  2.221958e+01
     vertex  2.463126e+01  0.000000e+00  2.221958e+01
     vertex  2.457051e+01  0.000000e+00  2.220863e+01
   endloop
 endfacet
 facet normal  1.503341e-01  0.000000e+00 -9.886353e-01
   outer loop
     vertex  2.469230e+01  6.000000e+00  2.222886e+01
     vertex  2.463126e+01  0.000000e+00  2.221958e+01
     vertex  2.463126e+01  6.000000e+00  2.221958e+01
   endloop
 endfacet
 facet normal  1.503341e-01  0.000000e+00 -9.886353e-01
   outer loop
     vertex  2.469230e+01  6.000000e+00  2.222886e+01
     vertex  2.469230e+01  0.000000e+00  2.222886e+01
     vertex  2.463126e+01  0.000000e+00  2.221958e+01
   endloop
 endfacet
 facet normal  1.231552e-01  0.000000e+00 -9.923874e-01
   outer loop
     vertex  2.469230e+01  6.000000e+00  2.222886e+01
     vertex  2.475356e+01  0.000000e+00  2.223646e+01
     vertex  2.469230e+01  0.000000e+00  2.222886e+01
   endloop
 endfacet
 facet normal  1.231552e-01  0.000000e+00 -9.923874e-01
   outer loop
     vertex  2.475356e+01  6.000000e+00  2.223646e+01
     vertex  2.475356e+01  0.000000e+00  2.223646e+01
     vertex  2.469230e+01  6.000000e+00  2.222886e+01
   endloop
 endfacet
 facet normal  9.588368e-02  0.000000e+00 -9.953925e-01
   outer loop
     vertex  2.481501e+01  6.000000e+00  2.224238e+01
     vertex  2.481501e+01  0.000000e+00  2.224238e+01
     vertex  2.475356e+01  0.000000e+00  2.223646e+01
   endloop
 endfacet
 facet normal  6.853995e-02  0.000000e+00 -9.976484e-01
   outer loop
     vertex  2.481501e+01  6.000000e+00  2.224238e+01
     vertex  2.487659e+01  0.000000e+00  2.224661e+01
     vertex  2.481501e+01  0.000000e+00  2.224238e+01
   endloop
 endfacet
 facet normal  9.588368e-02  0.000000e+00 -9.953925e-01
   outer loop
     vertex  2.481501e+01  6.000000e+00  2.224238e+01
     vertex  2.475356e+01  0.000000e+00  2.223646e+01
     vertex  2.475356e+01  6.000000e+00  2.223646e+01
   endloop
 endfacet
 facet normal  6.853995e-02  0.000000e+00 -9.976484e-01
   outer loop
     vertex  2.487659e+01  6.000000e+00  2.224661e+01
     vertex  2.487659e+01  0.000000e+00  2.224661e+01
     vertex  2.481501e+01  6.000000e+00  2.224238e+01
   endloop
 endfacet
 facet normal  4.114462e-02  0.000000e+00 -9.991532e-01
   outer loop
     vertex  2.493827e+01  6.000000e+00  2.224915e+01
     vertex  2.493827e+01  0.000000e+00  2.224915e+01
     vertex  2.487659e+01  0.000000e+00  2.224661e+01
   endloop
 endfacet
 facet normal  4.114462e-02  0.000000e+00 -9.991532e-01
   outer loop
     vertex  2.493827e+01  6.000000e+00  2.224915e+01
     vertex  2.487659e+01  0.000000e+00  2.224661e+01
     vertex  2.487659e+01  6.000000e+00  2.224661e+01
   endloop
 endfacet
 facet normal  1.371831e-02  0.000000e+00 -9.999059e-01
   outer loop
     vertex  2.500000e+01  6.000000e+00  2.225000e+01
     vertex  2.500000e+01  0.000000e+00  2.225000e+01
     vertex  2.493827e+01  0.000000e+00  2.224915e+01
   endloop
 endfacet
 facet normal  1.371831e-02  0.000000e+00 -9.999059e-01
   outer loop
     vertex  2.500000e+01  6.000000e+00  2.225000e+01
     vertex  2.493827e+01  0.000000e+00  2.224915e+01
     vertex  2.493827e+01  6.000000e+00  2.224915e+01
   endloop
 endfacet
 facet normal -1.371831e-02  0.000000e+00  9.999059e-01
   outer loop
     vertex  1.706173e+01  1.307000e+02  1.775085e+01
     vertex  1.700000e+01  1.367000e+02  1.775000e+01
     vertex  1.700000e+01  1.307000e+02  1.775000e+01
   endloop
 endfacet
 facet normal -1.371831e-02  0.000000e+00  9.999059e-01
   outer loop
     vertex  1.706173e+01  1.307000e+02  1.775085e+01
     vertex  1.706173e+01  1.367000e+02  1.775085e+01
     vertex  1.700000e+01  1.367000e+02  1.775000e+01
   endloop
 endfacet
 facet normal -4.114462e-02  0.000000e+00  9.991532e-01
   outer loop
     vertex  1.712341e+01  1.307000e+02  1.775339e+01
     vertex  1.712341e+01  1.367000e+02  1.775339e+01
     vertex  1.706173e+01  1.367000e+02  1.775085e+01
   endloop
 endfacet
 facet normal -4.114462e-02  0.000000e+00  9.991532e-01
   outer loop
     vertex  1.712341e+01  1.307000e+02  1.775339e+01
     vertex  1.706173e+01  1.367000e+02  1.775085e+01
     vertex  1.706173e+01  1.307000e+02  1.775085e+01
   endloop
 endfacet
 facet normal -6.853995e-02  0.000000e+00  9.976484e-01
   outer loop
     vertex  1.718499e+01  1.307000e+02  1.775762e+01
     vertex  1.718499e+01  1.367000e+02  1.775762e+01
     vertex  1.712341e+01  1.367000e+02  1.775339e+01
   endloop
 endfacet
 facet normal -6.853995e-02  0.000000e+00  9.976484e-01
   outer loop
     vertex  1.718499e+01  1.307000e+02  1.775762e+01
     vertex  1.712341e+01  1.367000e+02  1.775339e+01
     vertex  1.712341e+01  1.307000e+02  1.775339e+01
   endloop
 endfacet
 facet normal -9.588368e-02  0.000000e+00  9.953925e-01
   outer loop
     vertex  1.724644e+01  1.307000e+02  1.776354e+01
     vertex  1.724644e+01  1.367000e+02  1.776354e+01
     vertex  1.718499e+01  1.367000e+02  1.775762e+01
   endloop
 endfacet
 facet normal -9.588368e-02  0.000000e+00  9.953925e-01
   outer loop
     vertex  1.724644e+01  1.307000e+02  1.776354e+01
     vertex  1.718499e+01  1.367000e+02  1.775762e+01
     vertex  1.718499e+01  1.307000e+02  1.775762e+01
   endloop
 endfacet
 facet normal -1.231552e-01  0.000000e+00  9.923874e-01
   outer loop
     vertex  1.730770e+01  1.307000e+02  1.777114e+01
     vertex  1.730770e+01  1.367000e+02  1.777114e+01
     vertex  1.724644e+01  1.367000e+02  1.776354e+01
   endloop
 endfacet
 facet normal -1.231552e-01  0.000000e+00  9.923874e-01
   outer loop
     vertex  1.730770e+01  1.307000e+02  1.777114e+01
     vertex  1.724644e+01  1.367000e+02  1.776354e+01
     vertex  1.724644e+01  1.307000e+02  1.776354e+01
   endloop
 endfacet
 facet normal -1.503341e-01  0.000000e+00  9.886353e-01
   outer loop
     vertex  1.736874e+01  1.307000e+02  1.778042e+01
     vertex  1.736874e+01  1.367000e+02  1.778042e+01
     vertex  1.730770e+01  1.367000e+02  1.777114e+01
   endloop
 endfacet
 facet normal -1.773998e-01  0.000000e+00  9.841389e-01
   outer loop
     vertex  1.736874e+01  1.307000e+02  1.778042e+01
     vertex  1.742949e+01  1.367000e+02  1.779137e+01
     vertex  1.736874e+01  1.367000e+02  1.778042e+01
   endloop
 endfacet
 facet normal -1.503341e-01  0.000000e+00  9.886353e-01
   outer loop
     vertex  1.736874e+01  1.307000e+02  1.778042e+01
     vertex  1.730770e+01  1.367000e+02  1.777114e+01
     vertex  1.730770e+01  1.307000e+02  1.777114e+01
   endloop
 endfacet
 facet normal -1.773998e-01  0.000000e+00  9.841389e-01
   outer loop
     vertex  1.742949e+01  1.307000e+02  1.779137e+01
     vertex  1.742949e+01  1.367000e+02  1.779137e+01
     vertex  1.736874e+01  1.307000e+02  1.778042e+01
   endloop
 endfacet
 facet normal -2.043319e-01  0.000000e+00  9.789017e-01
   outer loop
     vertex  1.748992e+01  1.307000e+02  1.780399e+01
     vertex  1.748992e+01  1.367000e+02  1.780399e+01
     vertex  1.742949e+01  1.367000e+02  1.779137e+01
   endloop
 endfacet
 facet normal -2.043319e-01  0.000000e+00  9.789017e-01
   outer loop
     vertex  1.748992e+01  1.307000e+02  1.780399e+01
     vertex  1.742949e+01  1.367000e+02  1.779137e+01
     vertex  1.742949e+01  1.307000e+02  1.779137e+01
   endloop
 endfacet
 facet normal -2.311102e-01  0.000000e+00  9.729276e-01
   outer loop
     vertex  1.754998e+01  1.307000e+02  1.781825e+01
     vertex  1.754998e+01  1.367000e+02  1.781825e+01
     vertex  1.748992e+01  1.367000e+02  1.780399e+01
   endloop
 endfacet
 facet normal -2.311102e-01  0.000000e+00  9.729276e-01
   outer loop
     vertex  1.754998e+01  1.307000e+02  1.781825e+01
     vertex  1.748992e+01  1.367000e+02  1.780399e+01
     vertex  1.748992e+01  1.307000e+02  1.780399e+01
   endloop
 endfacet
 facet normal -2.577146e-01  0.000000e+00  9.662211e-01
   outer loop
     vertex  1.760963e+01  1.307000e+02  1.783416e+01
     vertex  1.754998e+01  1.367000e+02  1.781825e+01
     vertex  1.754998e+01  1.307000e+02  1.781825e+01
   endloop
 endfacet
 facet normal -2.577146e-01  0.000000e+00  9.662211e-01
   outer loop
     vertex  1.760963e+01  1.307000e+02  1.783416e+01
     vertex  1.760963e+01  1.367000e+02  1.783416e+01
     vertex  1.754998e+01  1.367000e+02  1.781825e+01
   endloop
 endfacet
 facet normal -2.841250e-01  0.000000e+00  9.587873e-01
   outer loop
     vertex  1.760963e+01  1.307000e+02  1.783416e+01
     vertex  1.766882e+01  1.367000e+02  1.785170e+01
     vertex  1.760963e+01  1.367000e+02  1.783416e+01
   endloop
 endfacet
 facet normal -2.841250e-01  0.000000e+00  9.587873e-01
   outer loop
     vertex  1.766882e+01  1.307000e+02  1.785170e+01
     vertex  1.766882e+01  1.367000e+02  1.785170e+01
     vertex  1.760963e+01  1.307000e+02  1.783416e+01
   endloop
 endfacet
 facet normal -3.103214e-01  0.000000e+00  9.506317e-01
   outer loop
     vertex  1.766882e+01  1.307000e+02  1.785170e+01
     vertex  1.772750e+01  1.367000e+02  1.787086e+01
     vertex  1.766882e+01  1.367000e+02  1.785170e+01
   endloop
 endfacet
 facet normal -3.103214e-01  0.000000e+00  9.506317e-01
   outer loop
     vertex  1.772750e+01  1.307000e+02  1.787086e+01
     vertex  1.772750e+01  1.367000e+02  1.787086e+01
     vertex  1.766882e+01  1.307000e+02  1.785170e+01
   endloop
 endfacet
 facet normal -3.362843e-01  0.000000e+00  9.417605e-01
   outer loop
     vertex  1.772750e+01  1.307000e+02  1.787086e+01
     vertex  1.778564e+01  1.367000e+02  1.789162e+01
     vertex  1.772750e+01  1.367000e+02  1.787086e+01
   endloop
 endfacet
 facet normal -3.362843e-01  0.000000e+00  9.417605e-01
   outer loop
     vertex  1.778564e+01  1.307000e+02  1.789162e+01
     vertex  1.778564e+01  1.367000e+02  1.789162e+01
     vertex  1.772750e+01  1.307000e+02  1.787086e+01
   endloop
 endfacet
 facet normal -3.619940e-01  0.000000e+00  9.321804e-01
   outer loop
     vertex  1.784318e+01  1.307000e+02  1.791396e+01
     vertex  1.778564e+01  1.367000e+02  1.789162e+01
     vertex  1.778564e+01  1.307000e+02  1.789162e+01
   endloop
 endfacet
 facet normal -3.619940e-01  0.000000e+00  9.321804e-01
   outer loop
     vertex  1.784318e+01  1.307000e+02  1.791396e+01
     vertex  1.784318e+01  1.367000e+02  1.791396e+01
     vertex  1.778564e+01  1.367000e+02  1.789162e+01
   endloop
 endfacet
 facet normal -3.874313e-01  0.000000e+00  9.218986e-01
   outer loop
     vertex  1.790009e+01  1.307000e+02  1.793788e+01
     vertex  1.784318e+01  1.367000e+02  1.791396e+01
     vertex  1.784318e+01  1.307000e+02  1.791396e+01
   endloop
 endfacet
 facet normal -3.874313e-01  0.000000e+00  9.218986e-01
   outer loop
     vertex  1.790009e+01  1.307000e+02  1.793788e+01
     vertex  1.790009e+01  1.367000e+02  1.793788e+01
     vertex  1.784318e+01  1.367000e+02  1.791396e+01
   endloop
 endfacet
 facet normal -4.125769e-01  0.000000e+00  9.109228e-01
   outer loop
     vertex  1.795633e+01  1.307000e+02  1.796335e+01
     vertex  1.790009e+01  1.367000e+02  1.793788e+01
     vertex  1.790009e+01  1.307000e+02  1.793788e+01
   endloop
 endfacet
 facet normal -4.125769e-01  0.000000e+00  9.109228e-01
   outer loop
     vertex  1.795633e+01  1.307000e+02  1.796335e+01
     vertex  1.795633e+01  1.367000e+02  1.796335e+01
     vertex  1.790009e+01  1.367000e+02  1.793788e+01
   endloop
 endfacet
 facet normal -4.374119e-01  0.000000e+00  8.992613e-01
   outer loop
     vertex  1.801184e+01  1.307000e+02  1.799035e+01
     vertex  1.795633e+01  1.367000e+02  1.796335e+01
     vertex  1.795633e+01  1.307000e+02  1.796335e+01
   endloop
 endfacet
 facet normal -4.374119e-01  0.000000e+00  8.992613e-01
   outer loop
     vertex  1.801184e+01  1.307000e+02  1.799035e+01
     vertex  1.801184e+01  1.367000e+02  1.799035e+01
     vertex  1.795633e+01  1.367000e+02  1.796335e+01
   endloop
 endfacet
 facet normal -4.619176e-01  0.000000e+00  8.869228e-01
   outer loop
     vertex  1.806659e+01  1.307000e+02  1.801887e+01
     vertex  1.801184e+01  1.367000e+02  1.799035e+01
     vertex  1.801184e+01  1.307000e+02  1.799035e+01
   endloop
 endfacet
 facet normal -4.619176e-01  0.000000e+00  8.869228e-01
   outer loop
     vertex  1.806659e+01  1.307000e+02  1.801887e+01
     vertex  1.806659e+01  1.367000e+02  1.801887e+01
     vertex  1.801184e+01  1.367000e+02  1.799035e+01
   endloop
 endfacet
 facet normal -4.860756e-01  0.000000e+00  8.739167e-01
   outer loop
     vertex  1.812054e+01  1.307000e+02  1.804888e+01
     vertex  1.806659e+01  1.367000e+02  1.801887e+01
     vertex  1.806659e+01  1.307000e+02  1.801887e+01
   endloop
 endfacet
 facet normal -4.860756e-01  0.000000e+00  8.739167e-01
   outer loop
     vertex  1.812054e+01  1.307000e+02  1.804888e+01
     vertex  1.812054e+01  1.367000e+02  1.804888e+01
     vertex  1.806659e+01  1.367000e+02  1.801887e+01
   endloop
 endfacet
 facet normal -5.098678e-01  0.000000e+00  8.602528e-01
   outer loop
     vertex  1.817365e+01  1.307000e+02  1.808035e+01
     vertex  1.812054e+01  1.367000e+02  1.804888e+01
     vertex  1.812054e+01  1.307000e+02  1.804888e+01
   endloop
 endfacet
 facet normal -5.098678e-01  0.000000e+00  8.602528e-01
   outer loop
     vertex  1.817365e+01  1.307000e+02  1.808035e+01
     vertex  1.817365e+01  1.367000e+02  1.808035e+01
     vertex  1.812054e+01  1.367000e+02  1.804888e+01
   endloop
 endfacet
 facet normal -5.332761e-01  0.000000e+00  8.459413e-01
   outer loop
     vertex  1.822587e+01  1.307000e+02  1.811327e+01
     vertex  1.817365e+01  1.367000e+02  1.808035e+01
     vertex  1.817365e+01  1.307000e+02  1.808035e+01
   endloop
 endfacet
 facet normal -5.332761e-01  0.000000e+00  8.459413e-01
   outer loop
     vertex  1.822587e+01  1.307000e+02  1.811327e+01
     vertex  1.822587e+01  1.367000e+02  1.811327e+01
     vertex  1.817365e+01  1.367000e+02  1.808035e+01
   endloop
 endfacet
 facet normal -5.562829e-01  0.000000e+00  8.309929e-01
   outer loop
     vertex  1.827717e+01  1.307000e+02  1.814761e+01
     vertex  1.827717e+01  1.367000e+02  1.814761e+01
     vertex  1.822587e+01  1.367000e+02  1.811327e+01
   endloop
 endfacet
 facet normal -5.562829e-01  0.000000e+00  8.309929e-01
   outer loop
     vertex  1.827717e+01  1.307000e+02  1.814761e+01
     vertex  1.822587e+01  1.367000e+02  1.811327e+01
     vertex  1.822587e+01  1.307000e+02  1.811327e+01
   endloop
 endfacet
 facet normal -5.788711e-01  0.000000e+00  8.154191e-01
   outer loop
     vertex  1.832751e+01  1.307000e+02  1.818335e+01
     vertex  1.832751e+01  1.367000e+02  1.818335e+01
     vertex  1.827717e+01  1.367000e+02  1.814761e+01
   endloop
 endfacet
 facet normal -5.788711e-01  0.000000e+00  8.154191e-01
   outer loop
     vertex  1.832751e+01  1.307000e+02  1.818335e+01
     vertex  1.827717e+01  1.367000e+02  1.814761e+01
     vertex  1.827717e+01  1.307000e+02  1.814761e+01
   endloop
 endfacet
 facet normal -6.010234e-01  0.000000e+00  7.992314e-01
   outer loop
     vertex  1.837684e+01  1.307000e+02  1.822045e+01
     vertex  1.837684e+01  1.367000e+02  1.822045e+01
     vertex  1.832751e+01  1.367000e+02  1.818335e+01
   endloop
 endfacet
 facet normal -6.010234e-01  0.000000e+00  7.992314e-01
   outer loop
     vertex  1.837684e+01  1.307000e+02  1.822045e+01
     vertex  1.832751e+01  1.367000e+02  1.818335e+01
     vertex  1.832751e+01  1.307000e+02  1.818335e+01
   endloop
 endfacet
 facet normal -6.227234e-01  0.000000e+00  7.824421e-01
   outer loop
     vertex  1.842515e+01  1.307000e+02  1.825889e+01
     vertex  1.842515e+01  1.367000e+02  1.825889e+01
     vertex  1.837684e+01  1.367000e+02  1.822045e+01
   endloop
 endfacet
 facet normal -6.227234e-01  0.000000e+00  7.824421e-01
   outer loop
     vertex  1.842515e+01  1.307000e+02  1.825889e+01
     vertex  1.837684e+01  1.367000e+02  1.822045e+01
     vertex  1.837684e+01  1.307000e+02  1.822045e+01
   endloop
 endfacet
 facet normal -6.439545e-01  0.000000e+00  7.650637e-01
   outer loop
     vertex  1.847238e+01  1.307000e+02  1.829864e+01
     vertex  1.847238e+01  1.367000e+02  1.829864e+01
     vertex  1.842515e+01  1.367000e+02  1.825889e+01
   endloop
 endfacet
 facet normal -6.439545e-01  0.000000e+00  7.650637e-01
   outer loop
     vertex  1.847238e+01  1.307000e+02  1.829864e+01
     vertex  1.842515e+01  1.367000e+02  1.825889e+01
     vertex  1.842515e+01  1.307000e+02  1.825889e+01
   endloop
 endfacet
 facet normal -6.647010e-01  0.000000e+00  7.471095e-01
   outer loop
     vertex  1.851850e+01  1.307000e+02  1.833968e+01
     vertex  1.851850e+01  1.367000e+02  1.833968e+01
     vertex  1.847238e+01  1.367000e+02  1.829864e+01
   endloop
 endfacet
 facet normal -6.849470e-01  0.000000e+00  7.285929e-01
   outer loop
     vertex  1.851850e+01  1.307000e+02  1.833968e+01
     vertex  1.856347e+01  1.367000e+02  1.838196e+01
     vertex  1.851850e+01  1.367000e+02  1.833968e+01
   endloop
 endfacet
 facet normal -6.647010e-01  0.000000e+00  7.471095e-01
   outer loop
     vertex  1.851850e+01  1.307000e+02  1.833968e+01
     vertex  1.847238e+01  1.367000e+02  1.829864e+01
     vertex  1.847238e+01  1.307000e+02  1.829864e+01
   endloop
 endfacet
 facet normal -6.849470e-01  0.000000e+00  7.285929e-01
   outer loop
     vertex  1.856347e+01  1.307000e+02  1.838196e+01
     vertex  1.856347e+01  1.367000e+02  1.838196e+01
     vertex  1.851850e+01  1.307000e+02  1.833968e+01
   endloop
 endfacet
 facet normal -7.046775e-01  0.000000e+00  7.095278e-01
   outer loop
     vertex  1.860728e+01  1.307000e+02  1.842546e+01
     vertex  1.860728e+01  1.367000e+02  1.842546e+01
     vertex  1.856347e+01  1.367000e+02  1.838196e+01
   endloop
 endfacet
 facet normal -7.238775e-01  0.000000e+00  6.899286e-01
   outer loop
     vertex  1.860728e+01  1.307000e+02  1.842546e+01
     vertex  1.864987e+01  1.367000e+02  1.847015e+01
     vertex  1.860728e+01  1.367000e+02  1.842546e+01
   endloop
 endfacet
 facet normal -7.046775e-01  0.000000e+00  7.095278e-01
   outer loop
     vertex  1.860728e+01  1.307000e+02  1.842546e+01
     vertex  1.856347e+01  1.367000e+02  1.838196e+01
     vertex  1.856347e+01  1.307000e+02  1.838196e+01
   endloop
 endfacet
 facet normal -7.238775e-01  0.000000e+00  6.899286e-01
   outer loop
     vertex  1.864987e+01  1.307000e+02  1.847015e+01
     vertex  1.864987e+01  1.367000e+02  1.847015e+01
     vertex  1.860728e+01  1.307000e+02  1.842546e+01
   endloop
 endfacet
 facet normal -7.425325e-01  0.000000e+00  6.698100e-01
   outer loop
     vertex  1.869122e+01  1.307000e+02  1.851599e+01
     vertex  1.869122e+01  1.367000e+02  1.851599e+01
     vertex  1.864987e+01  1.367000e+02  1.847015e+01
   endloop
 endfacet
 facet normal -7.425325e-01  0.000000e+00  6.698100e-01
   outer loop
     vertex  1.869122e+01  1.307000e+02  1.851599e+01
     vertex  1.864987e+01  1.367000e+02  1.847015e+01
     vertex  1.864987e+01  1.307000e+02  1.847015e+01
   endloop
 endfacet
 facet normal -7.606287e-01  0.000000e+00  6.491872e-01
   outer loop
     vertex  1.873129e+01  1.307000e+02  1.856294e+01
     vertex  1.873129e+01  1.367000e+02  1.856294e+01
     vertex  1.869122e+01  1.367000e+02  1.851599e+01
   endloop
 endfacet
 facet normal -7.781522e-01  0.000000e+00  6.280757e-01
   outer loop
     vertex  1.873129e+01  1.307000e+02  1.856294e+01
     vertex  1.877006e+01  1.367000e+02  1.861098e+01
     vertex  1.873129e+01  1.367000e+02  1.856294e+01
   endloop
 endfacet
 facet normal -7.606287e-01  0.000000e+00  6.491872e-01
   outer loop
     vertex  1.873129e+01  1.307000e+02  1.856294e+01
     vertex  1.869122e+01  1.367000e+02  1.851599e+01
     vertex  1.869122e+01  1.307000e+02  1.851599e+01
   endloop
 endfacet
 facet normal -7.950900e-01  0.000000e+00  6.064915e-01
   outer loop
     vertex  1.877006e+01  1.307000e+02  1.861098e+01
     vertex  1.880750e+01  1.367000e+02  1.866006e+01
     vertex  1.877006e+01  1.367000e+02  1.861098e+01
   endloop
 endfacet
 facet normal -7.781522e-01  0.000000e+00  6.280757e-01
   outer loop
     vertex  1.877006e+01  1.307000e+02  1.861098e+01
     vertex  1.877006e+01  1.367000e+02  1.861098e+01
     vertex  1.873129e+01  1.307000e+02  1.856294e+01
   endloop
 endfacet
 facet normal -7.950900e-01  0.000000e+00  6.064915e-01
   outer loop
     vertex  1.880750e+01  1.307000e+02  1.866006e+01
     vertex  1.880750e+01  1.367000e+02  1.866006e+01
     vertex  1.877006e+01  1.307000e+02  1.861098e+01
   endloop
 endfacet
 facet normal -8.114292e-01  0.000000e+00  5.844507e-01
   outer loop
     vertex  1.884358e+01  1.307000e+02  1.871016e+01
     vertex  1.880750e+01  1.367000e+02  1.866006e+01
     vertex  1.880750e+01  1.307000e+02  1.866006e+01
   endloop
 endfacet
 facet normal -8.114292e-01  0.000000e+00  5.844507e-01
   outer loop
     vertex  1.884358e+01  1.307000e+02  1.871016e+01
     vertex  1.884358e+01  1.367000e+02  1.871016e+01
     vertex  1.880750e+01  1.367000e+02  1.866006e+01
   endloop
 endfacet
 facet normal -8.271577e-01  0.000000e+00  5.619699e-01
   outer loop
     vertex  1.887828e+01  1.307000e+02  1.876122e+01
     vertex  1.887828e+01  1.367000e+02  1.876122e+01
     vertex  1.884358e+01  1.367000e+02  1.871016e+01
   endloop
 endfacet
 facet normal -8.271577e-01  0.000000e+00  5.619699e-01
   outer loop
     vertex  1.887828e+01  1.307000e+02  1.876122e+01
     vertex  1.884358e+01  1.367000e+02  1.871016e+01
     vertex  1.884358e+01  1.307000e+02  1.871016e+01
   endloop
 endfacet
 facet normal -8.422635e-01  0.000000e+00  5.390661e-01
   outer loop
     vertex  1.891155e+01  1.307000e+02  1.881321e+01
     vertex  1.887828e+01  1.367000e+02  1.876122e+01
     vertex  1.887828e+01  1.307000e+02  1.876122e+01
   endloop
 endfacet
 facet normal -8.422635e-01  0.000000e+00  5.390661e-01
   outer loop
     vertex  1.891155e+01  1.307000e+02  1.881321e+01
     vertex  1.891155e+01  1.367000e+02  1.881321e+01
     vertex  1.887828e+01  1.367000e+02  1.876122e+01
   endloop
 endfacet
 facet normal -8.567352e-01  0.000000e+00  5.157565e-01
   outer loop
     vertex  1.894339e+01  1.307000e+02  1.886610e+01
     vertex  1.891155e+01  1.367000e+02  1.881321e+01
     vertex  1.891155e+01  1.307000e+02  1.881321e+01
   endloop
 endfacet
 facet normal -8.567352e-01  0.000000e+00  5.157565e-01
   outer loop
     vertex  1.894339e+01  1.307000e+02  1.886610e+01
     vertex  1.894339e+01  1.367000e+02  1.886610e+01
     vertex  1.891155e+01  1.367000e+02  1.881321e+01
   endloop
 endfacet
 facet normal -8.705620e-01  0.000000e+00  4.920587e-01
   outer loop
     vertex  1.897377e+01  1.307000e+02  1.891984e+01
     vertex  1.894339e+01  1.367000e+02  1.886610e+01
     vertex  1.894339e+01  1.307000e+02  1.886610e+01
   endloop
 endfacet
 facet normal -8.705620e-01  0.000000e+00  4.920587e-01
   outer loop
     vertex  1.897377e+01  1.307000e+02  1.891984e+01
     vertex  1.897377e+01  1.367000e+02  1.891984e+01
     vertex  1.894339e+01  1.367000e+02  1.886610e+01
   endloop
 endfacet
 facet normal -8.837335e-01  0.000000e+00  4.679904e-01
   outer loop
     vertex  1.900266e+01  1.307000e+02  1.897440e+01
     vertex  1.897377e+01  1.367000e+02  1.891984e+01
     vertex  1.897377e+01  1.307000e+02  1.891984e+01
   endloop
 endfacet
 facet normal -8.837335e-01  0.000000e+00  4.679904e-01
   outer loop
     vertex  1.900266e+01  1.307000e+02  1.897440e+01
     vertex  1.900266e+01  1.367000e+02  1.897440e+01
     vertex  1.897377e+01  1.367000e+02  1.891984e+01
   endloop
 endfacet
 facet normal -8.962398e-01  0.000000e+00  4.435699e-01
   outer loop
     vertex  1.903004e+01  1.307000e+02  1.902973e+01
     vertex  1.900266e+01  1.367000e+02  1.897440e+01
     vertex  1.900266e+01  1.307000e+02  1.897440e+01
   endloop
 endfacet
 facet normal -8.962398e-01  0.000000e+00  4.435699e-01
   outer loop
     vertex  1.903004e+01  1.307000e+02  1.902973e+01
     vertex  1.903004e+01  1.367000e+02  1.902973e+01
     vertex  1.900266e+01  1.367000e+02  1.897440e+01
   endloop
 endfacet
 facet normal -9.080714e-01  0.000000e+00  4.188155e-01
   outer loop
     vertex  1.905590e+01  1.307000e+02  1.908578e+01
     vertex  1.903004e+01  1.367000e+02  1.902973e+01
     vertex  1.903004e+01  1.307000e+02  1.902973e+01
   endloop
 endfacet
 facet normal -9.080714e-01  0.000000e+00  4.188155e-01
   outer loop
     vertex  1.905590e+01  1.307000e+02  1.908578e+01
     vertex  1.905590e+01  1.367000e+02  1.908578e+01
     vertex  1.903004e+01  1.367000e+02  1.902973e+01
   endloop
 endfacet
 facet normal -9.192194e-01  0.000000e+00  3.937458e-01
   outer loop
     vertex  1.908020e+01  1.307000e+02  1.914253e+01
     vertex  1.905590e+01  1.367000e+02  1.908578e+01
     vertex  1.905590e+01  1.307000e+02  1.908578e+01
   endloop
 endfacet
 facet normal -9.192194e-01  0.000000e+00  3.937458e-01
   outer loop
     vertex  1.908020e+01  1.307000e+02  1.914253e+01
     vertex  1.908020e+01  1.367000e+02  1.914253e+01
     vertex  1.905590e+01  1.367000e+02  1.908578e+01
   endloop
 endfacet
 facet normal -9.296754e-01  0.000000e+00  3.683796e-01
   outer loop
     vertex  1.910294e+01  1.307000e+02  1.919992e+01
     vertex  1.908020e+01  1.367000e+02  1.914253e+01
     vertex  1.908020e+01  1.307000e+02  1.914253e+01
   endloop
 endfacet
 facet normal -9.296754e-01  0.000000e+00  3.683796e-01
   outer loop
     vertex  1.910294e+01  1.307000e+02  1.919992e+01
     vertex  1.910294e+01  1.367000e+02  1.919992e+01
     vertex  1.908020e+01  1.367000e+02  1.914253e+01
   endloop
 endfacet
 facet normal -9.394317e-01  0.000000e+00  3.427362e-01
   outer loop
     vertex  1.910294e+01  1.307000e+02  1.919992e+01
     vertex  1.912410e+01  1.367000e+02  1.925791e+01
     vertex  1.910294e+01  1.367000e+02  1.919992e+01
   endloop
 endfacet
 facet normal -9.394317e-01  0.000000e+00  3.427362e-01
   outer loop
     vertex  1.912410e+01  1.307000e+02  1.925791e+01
     vertex  1.912410e+01  1.367000e+02  1.925791e+01
     vertex  1.910294e+01  1.307000e+02  1.919992e+01
   endloop
 endfacet
 facet normal -9.484807e-01  0.000000e+00  3.168348e-01
   outer loop
     vertex  1.914366e+01  1.307000e+02  1.931646e+01
     vertex  1.912410e+01  1.367000e+02  1.925791e+01
     vertex  1.912410e+01  1.307000e+02  1.925791e+01
   endloop
 endfacet
 facet normal -9.484807e-01  0.000000e+00  3.168348e-01
   outer loop
     vertex  1.914366e+01  1.307000e+02  1.931646e+01
     vertex  1.914366e+01  1.367000e+02  1.931646e+01
     vertex  1.912410e+01  1.367000e+02  1.925791e+01
   endloop
 endfacet
 facet normal -9.568158e-01  0.000000e+00  2.906949e-01
   outer loop
     vertex  1.916161e+01  1.307000e+02  1.937553e+01
     vertex  1.914366e+01  1.367000e+02  1.931646e+01
     vertex  1.914366e+01  1.307000e+02  1.931646e+01
   endloop
 endfacet
 facet normal -9.568158e-01  0.000000e+00  2.906949e-01
   outer loop
     vertex  1.916161e+01  1.307000e+02  1.937553e+01
     vertex  1.916161e+01  1.367000e+02  1.937553e+01
     vertex  1.914366e+01  1.367000e+02  1.931646e+01
   endloop
 endfacet
 facet normal -9.644306e-01  0.000000e+00  2.643362e-01
   outer loop
     vertex  1.917792e+01  1.307000e+02  1.943507e+01
     vertex  1.916161e+01  1.367000e+02  1.937553e+01
     vertex  1.916161e+01  1.307000e+02  1.937553e+01
   endloop
 endfacet
 facet normal -9.644306e-01  0.000000e+00  2.643362e-01
   outer loop
     vertex  1.917792e+01  1.307000e+02  1.943507e+01
     vertex  1.917792e+01  1.367000e+02  1.943507e+01
     vertex  1.916161e+01  1.367000e+02  1.937553e+01
   endloop
 endfacet
 facet normal -9.713194e-01  0.000000e+00  2.377784e-01
   outer loop
     vertex  1.919260e+01  1.307000e+02  1.949503e+01
     vertex  1.917792e+01  1.367000e+02  1.943507e+01
     vertex  1.917792e+01  1.307000e+02  1.943507e+01
   endloop
 endfacet
 facet normal -9.713194e-01  0.000000e+00  2.377784e-01
   outer loop
     vertex  1.919260e+01  1.307000e+02  1.949503e+01
     vertex  1.919260e+01  1.367000e+02  1.949503e+01
     vertex  1.917792e+01  1.367000e+02  1.943507e+01
   endloop
 endfacet
 facet normal -9.774771e-01  0.000000e+00  2.110417e-01
   outer loop
     vertex  1.920563e+01  1.307000e+02  1.955537e+01
     vertex  1.919260e+01  1.367000e+02  1.949503e+01
     vertex  1.919260e+01  1.307000e+02  1.949503e+01
   endloop
 endfacet
 facet normal -9.774771e-01  0.000000e+00  2.110417e-01
   outer loop
     vertex  1.920563e+01  1.307000e+02  1.955537e+01
     vertex  1.920563e+01  1.367000e+02  1.955537e+01
     vertex  1.919260e+01  1.367000e+02  1.949503e+01
   endloop
 endfacet
 facet normal -9.828989e-01  0.000000e+00  1.841461e-01
   outer loop
     vertex  1.921700e+01  1.307000e+02  1.961605e+01
     vertex  1.920563e+01  1.367000e+02  1.955537e+01
     vertex  1.920563e+01  1.307000e+02  1.955537e+01
   endloop
 endfacet
 facet normal -9.828989e-01  0.000000e+00  1.841461e-01
   outer loop
     vertex  1.921700e+01  1.307000e+02  1.961605e+01
     vertex  1.921700e+01  1.367000e+02  1.961605e+01
     vertex  1.920563e+01  1.367000e+02  1.955537e+01
   endloop
 endfacet
 facet normal -9.875808e-01  0.000000e+00  1.571119e-01
   outer loop
     vertex  1.921700e+01  1.307000e+02  1.961605e+01
     vertex  1.922670e+01  1.367000e+02  1.967701e+01
     vertex  1.921700e+01  1.367000e+02  1.961605e+01
   endloop
 endfacet
 facet normal -9.875808e-01  0.000000e+00  1.571119e-01
   outer loop
     vertex  1.922670e+01  1.307000e+02  1.967701e+01
     vertex  1.922670e+01  1.367000e+02  1.967701e+01
     vertex  1.921700e+01  1.307000e+02  1.961605e+01
   endloop
 endfacet
 facet normal -9.915193e-01  0.000000e+00  1.299594e-01
   outer loop
     vertex  1.922670e+01  1.307000e+02  1.967701e+01
     vertex  1.923472e+01  1.367000e+02  1.973822e+01
     vertex  1.922670e+01  1.367000e+02  1.967701e+01
   endloop
 endfacet
 facet normal -9.915193e-01  0.000000e+00  1.299594e-01
   outer loop
     vertex  1.923472e+01  1.307000e+02  1.973822e+01
     vertex  1.923472e+01  1.367000e+02  1.973822e+01
     vertex  1.922670e+01  1.307000e+02  1.967701e+01
   endloop
 endfacet
 facet normal -9.947114e-01  0.000000e+00  1.027091e-01
   outer loop
     vertex  1.924106e+01  1.307000e+02  1.979963e+01
     vertex  1.923472e+01  1.367000e+02  1.973822e+01
     vertex  1.923472e+01  1.307000e+02  1.973822e+01
   endloop
 endfacet
 facet normal -9.947114e-01  0.000000e+00  1.027091e-01
   outer loop
     vertex  1.924106e+01  1.307000e+02  1.979963e+01
     vertex  1.924106e+01  1.367000e+02  1.979963e+01
     vertex  1.923472e+01  1.367000e+02  1.973822e+01
   endloop
 endfacet
 facet normal -9.971548e-01  0.000000e+00  7.538152e-02
   outer loop
     vertex  1.924571e+01  1.307000e+02  1.986119e+01
     vertex  1.924106e+01  1.367000e+02  1.979963e+01
     vertex  1.924106e+01  1.307000e+02  1.979963e+01
   endloop
 endfacet
 facet normal -9.971548e-01  0.000000e+00  7.538152e-02
   outer loop
     vertex  1.924571e+01  1.307000e+02  1.986119e+01
     vertex  1.924571e+01  1.367000e+02  1.986119e+01
     vertex  1.924106e+01  1.367000e+02  1.979963e+01
   endloop
 endfacet
 facet normal -9.988475e-01  0.000000e+00  4.799716e-02
   outer loop
     vertex  1.924868e+01  1.307000e+02  1.992285e+01
     vertex  1.924571e+01  1.367000e+02  1.986119e+01
     vertex  1.924571e+01  1.307000e+02  1.986119e+01
   endloop
 endfacet
 facet normal -9.988475e-01  0.000000e+00  4.799716e-02
   outer loop
     vertex  1.924868e+01  1.307000e+02  1.992285e+01
     vertex  1.924868e+01  1.367000e+02  1.992285e+01
     vertex  1.924571e+01  1.367000e+02  1.986119e+01
   endloop
 endfacet
 facet normal -9.997883e-01  0.000000e+00  2.057667e-02
   outer loop
     vertex  1.924995e+01  1.307000e+02  1.998457e+01
     vertex  1.924995e+01  1.367000e+02  1.998457e+01
     vertex  1.924868e+01  1.367000e+02  1.992285e+01
   endloop
 endfacet
 facet normal -9.997883e-01  0.000000e+00  2.057667e-02
   outer loop
     vertex  1.924995e+01  1.307000e+02  1.998457e+01
     vertex  1.924868e+01  1.367000e+02  1.992285e+01
     vertex  1.924868e+01  1.307000e+02  1.992285e+01
   endloop
 endfacet
 facet normal -9.999765e-01  0.000000e+00 -6.859319e-03
   outer loop
     vertex  1.924995e+01  1.307000e+02  1.998457e+01
     vertex  1.924952e+01  1.367000e+02  2.004630e+01
     vertex  1.924995e+01  1.367000e+02  1.998457e+01
   endloop
 endfacet
 facet normal -9.999765e-01  0.000000e+00 -6.859319e-03
   outer loop
     vertex  1.924952e+01  1.307000e+02  2.004630e+01
     vertex  1.924952e+01  1.367000e+02  2.004630e+01
     vertex  1.924995e+01  1.307000e+02  1.998457e+01
   endloop
 endfacet
 facet normal -9.994119e-01  0.000000e+00 -3.429014e-02
   outer loop
     vertex  1.924741e+01  1.307000e+02  2.010799e+01
     vertex  1.924741e+01  1.367000e+02  2.010799e+01
     vertex  1.924952e+01  1.367000e+02  2.004630e+01
   endloop
 endfacet
 facet normal -9.994119e-01  0.000000e+00 -3.429014e-02
   outer loop
     vertex  1.924741e+01  1.307000e+02  2.010799e+01
     vertex  1.924952e+01  1.367000e+02  2.004630e+01
     vertex  1.924952e+01  1.307000e+02  2.004630e+01
   endloop
 endfacet
 facet normal -9.980950e-01  0.000000e+00 -6.169515e-02
   outer loop
     vertex  1.924360e+01  1.307000e+02  2.016961e+01
     vertex  1.924360e+01  1.367000e+02  2.016961e+01
     vertex  1.924741e+01  1.367000e+02  2.010799e+01
   endloop
 endfacet
 facet normal -9.960268e-01  0.000000e+00 -8.905371e-02
   outer loop
     vertex  1.924360e+01  1.307000e+02  2.016961e+01
     vertex  1.923810e+01  1.367000e+02  2.023110e+01
     vertex  1.924360e+01  1.367000e+02  2.016961e+01
   endloop
 endfacet
 facet normal -9.980950e-01  0.000000e+00 -6.169515e-02
   outer loop
     vertex  1.924360e+01  1.307000e+02  2.016961e+01
     vertex  1.924741e+01  1.367000e+02  2.010799e+01
     vertex  1.924741e+01  1.307000e+02  2.010799e+01
   endloop
 endfacet
 facet normal -9.960268e-01  0.000000e+00 -8.905371e-02
   outer loop
     vertex  1.923810e+01  1.307000e+02  2.023110e+01
     vertex  1.923810e+01  1.367000e+02  2.023110e+01
     vertex  1.924360e+01  1.307000e+02  2.016961e+01
   endloop
 endfacet
 facet normal -9.932088e-01  0.000000e+00 -1.163452e-01
   outer loop
     vertex  1.923092e+01  1.307000e+02  2.029241e+01
     vertex  1.923810e+01  1.367000e+02  2.023110e+01
     vertex  1.923810e+01  1.307000e+02  2.023110e+01
   endloop
 endfacet
 facet normal -9.932088e-01  0.000000e+00 -1.163452e-01
   outer loop
     vertex  1.923092e+01  1.307000e+02  2.029241e+01
     vertex  1.923092e+01  1.367000e+02  2.029241e+01
     vertex  1.923810e+01  1.367000e+02  2.023110e+01
   endloop
 endfacet
 facet normal -9.896432e-01  0.000000e+00 -1.435492e-01
   outer loop
     vertex  1.922206e+01  1.307000e+02  2.035350e+01
     vertex  1.923092e+01  1.367000e+02  2.029241e+01
     vertex  1.923092e+01  1.307000e+02  2.029241e+01
   endloop
 endfacet
 facet normal -9.896432e-01  0.000000e+00 -1.435492e-01
   outer loop
     vertex  1.922206e+01  1.307000e+02  2.035350e+01
     vertex  1.922206e+01  1.367000e+02  2.035350e+01
     vertex  1.923092e+01  1.367000e+02  2.029241e+01
   endloop
 endfacet
 facet normal -9.853326e-01  0.000000e+00 -1.706451e-01
   outer loop
     vertex  1.922206e+01  1.307000e+02  2.035350e+01
     vertex  1.921152e+01  1.367000e+02  2.041433e+01
     vertex  1.922206e+01  1.367000e+02  2.035350e+01
   endloop
 endfacet
 facet normal -9.853326e-01  0.000000e+00 -1.706451e-01
   outer loop
     vertex  1.921152e+01  1.307000e+02  2.041433e+01
     vertex  1.921152e+01  1.367000e+02  2.041433e+01
     vertex  1.922206e+01  1.307000e+02  2.035350e+01
   endloop
 endfacet
 facet normal -9.802802e-01  0.000000e+00 -1.976125e-01
   outer loop
     vertex  1.919932e+01  1.307000e+02  2.047484e+01
     vertex  1.921152e+01  1.367000e+02  2.041433e+01
     vertex  1.921152e+01  1.307000e+02  2.041433e+01
   endloop
 endfacet
 facet normal -9.802802e-01  0.000000e+00 -1.976125e-01
   outer loop
     vertex  1.919932e+01  1.307000e+02  2.047484e+01
     vertex  1.919932e+01  1.367000e+02  2.047484e+01
     vertex  1.921152e+01  1.367000e+02  2.041433e+01
   endloop
 endfacet
 facet normal -9.744899e-01  0.000000e+00 -2.244312e-01
   outer loop
     vertex  1.918547e+01  1.307000e+02  2.053500e+01
     vertex  1.919932e+01  1.367000e+02  2.047484e+01
     vertex  1.919932e+01  1.307000e+02  2.047484e+01
   endloop
 endfacet
 facet normal -9.744899e-01  0.000000e+00 -2.244312e-01
   outer loop
     vertex  1.918547e+01  1.307000e+02  2.053500e+01
     vertex  1.918547e+01  1.367000e+02  2.053500e+01
     vertex  1.919932e+01  1.367000e+02  2.047484e+01
   endloop
 endfacet
 facet normal -9.679661e-01  0.000000e+00 -2.510809e-01
   outer loop
     vertex  1.918547e+01  1.307000e+02  2.053500e+01
     vertex  1.916997e+01  1.367000e+02  2.059476e+01
     vertex  1.918547e+01  1.367000e+02  2.053500e+01
   endloop
 endfacet
 facet normal -9.679661e-01  0.000000e+00 -2.510809e-01
   outer loop
     vertex  1.916997e+01  1.307000e+02  2.059476e+01
     vertex  1.916997e+01  1.367000e+02  2.059476e+01
     vertex  1.918547e+01  1.307000e+02  2.053500e+01
   endloop
 endfacet
 facet normal -9.607136e-01  0.000000e+00 -2.775416e-01
   outer loop
     vertex  1.915284e+01  1.307000e+02  2.065406e+01
     vertex  1.916997e+01  1.367000e+02  2.059476e+01
     vertex  1.916997e+01  1.307000e+02  2.059476e+01
   endloop
 endfacet
 facet normal -9.607136e-01  0.000000e+00 -2.775416e-01
   outer loop
     vertex  1.915284e+01  1.307000e+02  2.065406e+01
     vertex  1.915284e+01  1.367000e+02  2.065406e+01
     vertex  1.916997e+01  1.367000e+02  2.059476e+01
   endloop
 endfacet
 facet normal -9.527379e-01  0.000000e+00 -3.037934e-01
   outer loop
     vertex  1.913408e+01  1.307000e+02  2.071288e+01
     vertex  1.915284e+01  1.367000e+02  2.065406e+01
     vertex  1.915284e+01  1.307000e+02  2.065406e+01
   endloop
 endfacet
 facet normal -9.527379e-01  0.000000e+00 -3.037934e-01
   outer loop
     vertex  1.913408e+01  1.307000e+02  2.071288e+01
     vertex  1.913408e+01  1.367000e+02  2.071288e+01
     vertex  1.915284e+01  1.367000e+02  2.065406e+01
   endloop
 endfacet
 facet normal -9.440450e-01  0.000000e+00 -3.298166e-01
   outer loop
     vertex  1.911372e+01  1.307000e+02  2.077116e+01
     vertex  1.913408e+01  1.367000e+02  2.071288e+01
     vertex  1.913408e+01  1.307000e+02  2.071288e+01
   endloop
 endfacet
 facet normal -9.440450e-01  0.000000e+00 -3.298166e-01
   outer loop
     vertex  1.911372e+01  1.307000e+02  2.077116e+01
     vertex  1.911372e+01  1.367000e+02  2.077116e+01
     vertex  1.913408e+01  1.367000e+02  2.071288e+01
   endloop
 endfacet
 facet normal -9.346415e-01  0.000000e+00 -3.555914e-01
   outer loop
     vertex  1.911372e+01  1.307000e+02  2.077116e+01
     vertex  1.909177e+01  1.367000e+02  2.082885e+01
     vertex  1.911372e+01  1.367000e+02  2.077116e+01
   endloop
 endfacet
 facet normal -9.346415e-01  0.000000e+00 -3.555914e-01
   outer loop
     vertex  1.909177e+01  1.307000e+02  2.082885e+01
     vertex  1.909177e+01  1.367000e+02  2.082885e+01
     vertex  1.911372e+01  1.307000e+02  2.077116e+01
   endloop
 endfacet
 facet normal -9.137314e-01  0.000000e+00 -4.063188e-01
   outer loop
     vertex  1.906824e+01  1.307000e+02  2.088593e+01
     vertex  1.904316e+01  1.367000e+02  2.094233e+01
     vertex  1.906824e+01  1.367000e+02  2.088593e+01
   endloop
 endfacet
 facet normal -9.245344e-01  0.000000e+00 -3.810986e-01
   outer loop
     vertex  1.906824e+01  1.307000e+02  2.088593e+01
     vertex  1.909177e+01  1.367000e+02  2.082885e+01
     vertex  1.909177e+01  1.307000e+02  2.082885e+01
   endloop
 endfacet
 facet normal -9.245344e-01  0.000000e+00 -3.810986e-01
   outer loop
     vertex  1.906824e+01  1.307000e+02  2.088593e+01
     vertex  1.906824e+01  1.367000e+02  2.088593e+01
     vertex  1.909177e+01  1.367000e+02  2.082885e+01
   endloop
 endfacet
 facet normal -9.137314e-01  0.000000e+00 -4.063188e-01
   outer loop
     vertex  1.904316e+01  1.307000e+02  2.094233e+01
     vertex  1.904316e+01  1.367000e+02  2.094233e+01
     vertex  1.906824e+01  1.307000e+02  2.088593e+01
   endloop
 endfacet
 facet normal -9.022405e-01  0.000000e+00 -4.312333e-01
   outer loop
     vertex  1.901654e+01  1.307000e+02  2.099803e+01
     vertex  1.901654e+01  1.367000e+02  2.099803e+01
     vertex  1.904316e+01  1.367000e+02  2.094233e+01
   endloop
 endfacet
 facet normal -9.022405e-01  0.000000e+00 -4.312333e-01
   outer loop
     vertex  1.901654e+01  1.307000e+02  2.099803e+01
     vertex  1.904316e+01  1.367000e+02  2.094233e+01
     vertex  1.904316e+01  1.307000e+02  2.094233e+01
   endloop
 endfacet
 facet normal -8.900704e-01  0.000000e+00 -4.558231e-01
   outer loop
     vertex  1.898840e+01  1.307000e+02  2.105298e+01
     vertex  1.898840e+01  1.367000e+02  2.105298e+01
     vertex  1.901654e+01  1.367000e+02  2.099803e+01
   endloop
 endfacet
 facet normal -8.772303e-01  0.000000e+00 -4.800697e-01
   outer loop
     vertex  1.898840e+01  1.307000e+02  2.105298e+01
     vertex  1.895876e+01  1.367000e+02  2.110713e+01
     vertex  1.898840e+01  1.367000e+02  2.105298e+01
   endloop
 endfacet
 facet normal -8.900704e-01  0.000000e+00 -4.558231e-01
   outer loop
     vertex  1.898840e+01  1.307000e+02  2.105298e+01
     vertex  1.901654e+01  1.367000e+02  2.099803e+01
     vertex  1.901654e+01  1.307000e+02  2.099803e+01
   endloop
 endfacet
 facet normal -8.772303e-01  0.000000e+00 -4.800697e-01
   outer loop
     vertex  1.895876e+01  1.307000e+02  2.110713e+01
     vertex  1.895876e+01  1.367000e+02  2.110713e+01
     vertex  1.898840e+01  1.307000e+02  2.105298e+01
   endloop
 endfacet
 facet normal -8.637299e-01  0.000000e+00 -5.039550e-01
   outer loop
     vertex  1.892765e+01  1.307000e+02  2.116045e+01
     vertex  1.892765e+01  1.367000e+02  2.116045e+01
     vertex  1.895876e+01  1.367000e+02  2.110713e+01
   endloop
 endfacet
 facet normal -8.637299e-01  0.000000e+00 -5.039550e-01
   outer loop
     vertex  1.892765e+01  1.307000e+02  2.116045e+01
     vertex  1.895876e+01  1.367000e+02  2.110713e+01
     vertex  1.895876e+01  1.307000e+02  2.110713e+01
   endloop
 endfacet
 facet normal -8.495793e-01  0.000000e+00 -5.274609e-01
   outer loop
     vertex  1.889509e+01  1.307000e+02  2.121290e+01
     vertex  1.889509e+01  1.367000e+02  2.121290e+01
     vertex  1.892765e+01  1.367000e+02  2.116045e+01
   endloop
 endfacet
 facet normal -8.347891e-01  0.000000e+00 -5.505698e-01
   outer loop
     vertex  1.889509e+01  1.307000e+02  2.121290e+01
     vertex  1.886110e+01  1.367000e+02  2.126443e+01
     vertex  1.889509e+01  1.367000e+02  2.121290e+01
   endloop
 endfacet
 facet normal -8.495793e-01  0.000000e+00 -5.274609e-01
   outer loop
     vertex  1.889509e+01  1.307000e+02  2.121290e+01
     vertex  1.892765e+01  1.367000e+02  2.116045e+01
     vertex  1.892765e+01  1.307000e+02  2.116045e+01
   endloop
 endfacet
 facet normal -8.347891e-01  0.000000e+00 -5.505698e-01
   outer loop
     vertex  1.886110e+01  1.307000e+02  2.126443e+01
     vertex  1.886110e+01  1.367000e+02  2.126443e+01
     vertex  1.889509e+01  1.307000e+02  2.121290e+01
   endloop
 endfacet
 facet normal -8.193706e-01  0.000000e+00 -5.732642e-01
   outer loop
     vertex  1.882572e+01  1.307000e+02  2.131501e+01
     vertex  1.882572e+01  1.367000e+02  2.131501e+01
     vertex  1.886110e+01  1.367000e+02  2.126443e+01
   endloop
 endfacet
 facet normal -8.193706e-01  0.000000e+00 -5.732642e-01
   outer loop
     vertex  1.882572e+01  1.307000e+02  2.131501e+01
     vertex  1.886110e+01  1.367000e+02  2.126443e+01
     vertex  1.886110e+01  1.307000e+02  2.126443e+01
   endloop
 endfacet
 facet normal -8.033352e-01  0.000000e+00 -5.955271e-01
   outer loop
     vertex  1.878895e+01  1.307000e+02  2.136461e+01
     vertex  1.878895e+01  1.367000e+02  2.136461e+01
     vertex  1.882572e+01  1.367000e+02  2.131501e+01
   endloop
 endfacet
 facet normal -7.866951e-01  0.000000e+00 -6.173417e-01
   outer loop
     vertex  1.878895e+01  1.307000e+02  2.136461e+01
     vertex  1.875084e+01  1.367000e+02  2.141317e+01
     vertex  1.878895e+01  1.367000e+02  2.136461e+01
   endloop
 endfacet
 facet normal -8.033352e-01  0.000000e+00 -5.955271e-01
   outer loop
     vertex  1.878895e+01  1.307000e+02  2.136461e+01
     vertex  1.882572e+01  1.367000e+02  2.131501e+01
     vertex  1.882572e+01  1.307000e+02  2.131501e+01
   endloop
 endfacet
 facet normal -7.866951e-01  0.000000e+00 -6.173417e-01
   outer loop
     vertex  1.875084e+01  1.307000e+02  2.141317e+01
     vertex  1.875084e+01  1.367000e+02  2.141317e+01
     vertex  1.878895e+01  1.307000e+02  2.136461e+01
   endloop
 endfacet
 facet normal -7.694628e-01  0.000000e+00 -6.386916e-01
   outer loop
     vertex  1.871141e+01  1.307000e+02  2.146067e+01
     vertex  1.871141e+01  1.367000e+02  2.146067e+01
     vertex  1.875084e+01  1.367000e+02  2.141317e+01
   endloop
 endfacet
 facet normal -7.694628e-01  0.000000e+00 -6.386916e-01
   outer loop
     vertex  1.871141e+01  1.307000e+02  2.146067e+01
     vertex  1.875084e+01  1.367000e+02  2.141317e+01
     vertex  1.875084e+01  1.307000e+02  2.141317e+01
   endloop
 endfacet
 facet normal -7.516513e-01  0.000000e+00 -6.595607e-01
   outer loop
     vertex  1.867070e+01  1.307000e+02  2.150707e+01
     vertex  1.867070e+01  1.367000e+02  2.150707e+01
     vertex  1.871141e+01  1.367000e+02  2.146067e+01
   endloop
 endfacet
 facet normal -7.516513e-01  0.000000e+00 -6.595607e-01
   outer loop
     vertex  1.867070e+01  1.307000e+02  2.150707e+01
     vertex  1.871141e+01  1.367000e+02  2.146067e+01
     vertex  1.871141e+01  1.307000e+02  2.146067e+01
   endloop
 endfacet
 facet normal -7.332740e-01  0.000000e+00 -6.799333e-01
   outer loop
     vertex  1.862872e+01  1.307000e+02  2.155234e+01
     vertex  1.862872e+01  1.367000e+02  2.155234e+01
     vertex  1.867070e+01  1.367000e+02  2.150707e+01
   endloop
 endfacet
 facet normal -7.143447e-01  0.000000e+00 -6.997940e-01
   outer loop
     vertex  1.862872e+01  1.307000e+02  2.155234e+01
     vertex  1.858552e+01  1.367000e+02  2.159644e+01
     vertex  1.862872e+01  1.367000e+02  2.155234e+01
   endloop
 endfacet
 facet normal -7.332740e-01  0.000000e+00 -6.799333e-01
   outer loop
     vertex  1.862872e+01  1.307000e+02  2.155234e+01
     vertex  1.867070e+01  1.367000e+02  2.150707e+01
     vertex  1.867070e+01  1.307000e+02  2.150707e+01
   endloop
 endfacet
 facet normal -7.143447e-01  0.000000e+00 -6.997940e-01
   outer loop
     vertex  1.858552e+01  1.307000e+02  2.159644e+01
     vertex  1.858552e+01  1.367000e+02  2.159644e+01
     vertex  1.862872e+01  1.307000e+02  2.155234e+01
   endloop
 endfacet
 facet normal -6.948776e-01  0.000000e+00 -7.191280e-01
   outer loop
     vertex  1.858552e+01  1.307000e+02  2.159644e+01
     vertex  1.854113e+01  1.367000e+02  2.163933e+01
     vertex  1.858552e+01  1.367000e+02  2.159644e+01
   endloop
 endfacet
 facet normal -6.948776e-01  0.000000e+00 -7.191280e-01
   outer loop
     vertex  1.854113e+01  1.307000e+02  2.163933e+01
     vertex  1.854113e+01  1.367000e+02  2.163933e+01
     vertex  1.858552e+01  1.307000e+02  2.159644e+01
   endloop
 endfacet
 facet normal -6.748875e-01  0.000000e+00 -7.379206e-01
   outer loop
     vertex  1.854113e+01  1.307000e+02  2.163933e+01
     vertex  1.849558e+01  1.367000e+02  2.168100e+01
     vertex  1.854113e+01  1.367000e+02  2.163933e+01
   endloop
 endfacet
 facet normal -6.748875e-01  0.000000e+00 -7.379206e-01
   outer loop
     vertex  1.849558e+01  1.307000e+02  2.168100e+01
     vertex  1.849558e+01  1.367000e+02  2.168100e+01
     vertex  1.854113e+01  1.307000e+02  2.163933e+01
   endloop
 endfacet
 facet normal -6.543893e-01  0.000000e+00 -7.561578e-01
   outer loop
     vertex  1.844890e+01  1.307000e+02  2.172139e+01
     vertex  1.849558e+01  1.367000e+02  2.168100e+01
     vertex  1.849558e+01  1.307000e+02  2.168100e+01
   endloop
 endfacet
 facet normal -6.543893e-01  0.000000e+00 -7.561578e-01
   outer loop
     vertex  1.844890e+01  1.307000e+02  2.172139e+01
     vertex  1.844890e+01  1.367000e+02  2.172139e+01
     vertex  1.849558e+01  1.367000e+02  2.168100e+01
   endloop
 endfacet
 facet normal -6.333986e-01  0.000000e+00 -7.738257e-01
   outer loop
     vertex  1.844890e+01  1.307000e+02  2.172139e+01
     vertex  1.840113e+01  1.367000e+02  2.176049e+01
     vertex  1.844890e+01  1.367000e+02  2.172139e+01
   endloop
 endfacet
 facet normal -6.333986e-01  0.000000e+00 -7.738257e-01
   outer loop
     vertex  1.840113e+01  1.307000e+02  2.176049e+01
     vertex  1.840113e+01  1.367000e+02  2.176049e+01
     vertex  1.844890e+01  1.307000e+02  2.172139e+01
   endloop
 endfacet
 facet normal -6.119310e-01  0.000000e+00 -7.909112e-01
   outer loop
     vertex  1.835230e+01  1.307000e+02  2.179827e+01
     vertex  1.835230e+01  1.367000e+02  2.179827e+01
     vertex  1.840113e+01  1.367000e+02  2.176049e+01
   endloop
 endfacet
 facet normal -6.119310e-01  0.000000e+00 -7.909112e-01
   outer loop
     vertex  1.835230e+01  1.307000e+02  2.179827e+01
     vertex  1.840113e+01  1.367000e+02  2.176049e+01
     vertex  1.840113e+01  1.307000e+02  2.176049e+01
   endloop
 endfacet
 facet normal -5.900028e-01  0.000000e+00 -8.074012e-01
   outer loop
     vertex  1.830246e+01  1.307000e+02  2.183469e+01
     vertex  1.835230e+01  1.367000e+02  2.179827e+01
     vertex  1.835230e+01  1.307000e+02  2.179827e+01
   endloop
 endfacet
 facet normal -5.900028e-01  0.000000e+00 -8.074012e-01
   outer loop
     vertex  1.830246e+01  1.307000e+02  2.183469e+01
     vertex  1.830246e+01  1.367000e+02  2.183469e+01
     vertex  1.835230e+01  1.367000e+02  2.179827e+01
   endloop
 endfacet
 facet normal -5.676304e-01  0.000000e+00 -8.232835e-01
   outer loop
     vertex  1.830246e+01  1.307000e+02  2.183469e+01
     vertex  1.825164e+01  1.367000e+02  2.186973e+01
     vertex  1.830246e+01  1.367000e+02  2.183469e+01
   endloop
 endfacet
 facet normal -5.448308e-01  0.000000e+00 -8.385460e-01
   outer loop
     vertex  1.825164e+01  1.307000e+02  2.186973e+01
     vertex  1.819987e+01  1.367000e+02  2.190337e+01
     vertex  1.825164e+01  1.367000e+02  2.186973e+01
   endloop
 endfacet
 facet normal -5.676304e-01  0.000000e+00 -8.232835e-01
   outer loop
     vertex  1.825164e+01  1.307000e+02  2.186973e+01
     vertex  1.825164e+01  1.367000e+02  2.186973e+01
     vertex  1.830246e+01  1.307000e+02  2.183469e+01
   endloop
 endfacet
 facet normal -5.448308e-01  0.000000e+00 -8.385460e-01
   outer loop
     vertex  1.819987e+01  1.307000e+02  2.190337e+01
     vertex  1.819987e+01  1.367000e+02  2.190337e+01
     vertex  1.825164e+01  1.307000e+02  2.186973e+01
   endloop
 endfacet
 facet normal -5.216210e-01  0.000000e+00 -8.531773e-01
   outer loop
     vertex  1.814720e+01  1.307000e+02  2.193557e+01
     vertex  1.814720e+01  1.367000e+02  2.193557e+01
     vertex  1.819987e+01  1.367000e+02  2.190337e+01
   endloop
 endfacet
 facet normal -4.980186e-01  0.000000e+00 -8.671664e-01
   outer loop
     vertex  1.814720e+01  1.307000e+02  2.193557e+01
     vertex  1.809367e+01  1.367000e+02  2.196631e+01
     vertex  1.814720e+01  1.367000e+02  2.193557e+01
   endloop
 endfacet
 facet normal -5.216210e-01  0.000000e+00 -8.531773e-01
   outer loop
     vertex  1.814720e+01  1.307000e+02  2.193557e+01
     vertex  1.819987e+01  1.367000e+02  2.190337e+01
     vertex  1.819987e+01  1.307000e+02  2.190337e+01
   endloop
 endfacet
 facet normal -4.980186e-01  0.000000e+00 -8.671664e-01
   outer loop
     vertex  1.809367e+01  1.307000e+02  2.196631e+01
     vertex  1.809367e+01  1.367000e+02  2.196631e+01
     vertex  1.814720e+01  1.307000e+02  2.193557e+01
   endloop
 endfacet
 facet normal -4.740412e-01  0.000000e+00 -8.805026e-01
   outer loop
     vertex  1.803931e+01  1.307000e+02  2.199558e+01
     vertex  1.803931e+01  1.367000e+02  2.199558e+01
     vertex  1.809367e+01  1.367000e+02  2.196631e+01
   endloop
 endfacet
 facet normal -4.740412e-01  0.000000e+00 -8.805026e-01
   outer loop
     vertex  1.803931e+01  1.307000e+02  2.199558e+01
     vertex  1.809367e+01  1.367000e+02  2.196631e+01
     vertex  1.809367e+01  1.307000e+02  2.196631e+01
   endloop
 endfacet
 facet normal -4.497071e-01  0.000000e+00 -8.931761e-01
   outer loop
     vertex  1.798418e+01  1.307000e+02  2.202334e+01
     vertex  1.798418e+01  1.367000e+02  2.202334e+01
     vertex  1.803931e+01  1.367000e+02  2.199558e+01
   endloop
 endfacet
 facet normal -4.250344e-01  0.000000e+00 -9.051772e-01
   outer loop
     vertex  1.798418e+01  1.307000e+02  2.202334e+01
     vertex  1.792830e+01  1.367000e+02  2.204958e+01
     vertex  1.798418e+01  1.367000e+02  2.202334e+01
   endloop
 endfacet
 facet normal -4.497071e-01  0.000000e+00 -8.931761e-01
   outer loop
     vertex  1.798418e+01  1.307000e+02  2.202334e+01
     vertex  1.803931e+01  1.367000e+02  2.199558e+01
     vertex  1.803931e+01  1.307000e+02  2.199558e+01
   endloop
 endfacet
 facet normal -4.250344e-01  0.000000e+00 -9.051772e-01
   outer loop
     vertex  1.792830e+01  1.307000e+02  2.204958e+01
     vertex  1.792830e+01  1.367000e+02  2.204958e+01
     vertex  1.798418e+01  1.307000e+02  2.202334e+01
   endloop
 endfacet
 facet normal -4.000417e-01  0.000000e+00 -9.164969e-01
   outer loop
     vertex  1.787172e+01  1.307000e+02  2.207427e+01
     vertex  1.787172e+01  1.367000e+02  2.207427e+01
     vertex  1.792830e+01  1.367000e+02  2.204958e+01
   endloop
 endfacet
 facet normal -4.000417e-01  0.000000e+00 -9.164969e-01
   outer loop
     vertex  1.787172e+01  1.307000e+02  2.207427e+01
     vertex  1.792830e+01  1.367000e+02  2.204958e+01
     vertex  1.792830e+01  1.307000e+02  2.204958e+01
   endloop
 endfacet
 facet normal -3.747479e-01  0.000000e+00 -9.271267e-01
   outer loop
     vertex  1.781449e+01  1.307000e+02  2.209741e+01
     vertex  1.781449e+01  1.367000e+02  2.209741e+01
     vertex  1.787172e+01  1.367000e+02  2.207427e+01
   endloop
 endfacet
 facet normal -3.491720e-01  0.000000e+00 -9.370586e-01
   outer loop
     vertex  1.781449e+01  1.307000e+02  2.209741e+01
     vertex  1.775664e+01  1.367000e+02  2.211896e+01
     vertex  1.781449e+01  1.367000e+02  2.209741e+01
   endloop
 endfacet
 facet normal -3.747479e-01  0.000000e+00 -9.271267e-01
   outer loop
     vertex  1.781449e+01  1.307000e+02  2.209741e+01
     vertex  1.787172e+01  1.367000e+02  2.207427e+01
     vertex  1.787172e+01  1.307000e+02  2.207427e+01
   endloop
 endfacet
 facet normal -3.491720e-01  0.000000e+00 -9.370586e-01
   outer loop
     vertex  1.775664e+01  1.307000e+02  2.211896e+01
     vertex  1.775664e+01  1.367000e+02  2.211896e+01
     vertex  1.781449e+01  1.307000e+02  2.209741e+01
   endloop
 endfacet
 facet normal -3.233333e-01  0.000000e+00 -9.462851e-01
   outer loop
     vertex  1.769822e+01  1.307000e+02  2.213892e+01
     vertex  1.769822e+01  1.367000e+02  2.213892e+01
     vertex  1.775664e+01  1.367000e+02  2.211896e+01
   endloop
 endfacet
 facet normal -3.233333e-01  0.000000e+00 -9.462851e-01
   outer loop
     vertex  1.769822e+01  1.307000e+02  2.213892e+01
     vertex  1.775664e+01  1.367000e+02  2.211896e+01
     vertex  1.775664e+01  1.307000e+02  2.211896e+01
   endloop
 endfacet
 facet normal -2.972512e-01  0.000000e+00 -9.547993e-01
   outer loop
     vertex  1.763928e+01  1.307000e+02  2.215727e+01
     vertex  1.763928e+01  1.367000e+02  2.215727e+01
     vertex  1.769822e+01  1.367000e+02  2.213892e+01
   endloop
 endfacet
 facet normal -2.709453e-01  0.000000e+00 -9.625948e-01
   outer loop
     vertex  1.763928e+01  1.307000e+02  2.215727e+01
     vertex  1.757986e+01  1.367000e+02  2.217400e+01
     vertex  1.763928e+01  1.367000e+02  2.215727e+01
   endloop
 endfacet
 facet normal -2.972512e-01  0.000000e+00 -9.547993e-01
   outer loop
     vertex  1.763928e+01  1.307000e+02  2.215727e+01
     vertex  1.769822e+01  1.367000e+02  2.213892e+01
     vertex  1.769822e+01  1.307000e+02  2.213892e+01
   endloop
 endfacet
 facet normal -2.709453e-01  0.000000e+00 -9.625948e-01
   outer loop
     vertex  1.757986e+01  1.307000e+02  2.217400e+01
     vertex  1.757986e+01  1.367000e+02  2.217400e+01
     vertex  1.763928e+01  1.307000e+02  2.215727e+01
   endloop
 endfacet
 facet normal -2.444354e-01  0.000000e+00 -9.696656e-01
   outer loop
     vertex  1.752000e+01  1.307000e+02  2.218909e+01
     vertex  1.752000e+01  1.367000e+02  2.218909e+01
     vertex  1.757986e+01  1.367000e+02  2.217400e+01
   endloop
 endfacet
 facet normal -2.444354e-01  0.000000e+00 -9.696656e-01
   outer loop
     vertex  1.752000e+01  1.307000e+02  2.218909e+01
     vertex  1.757986e+01  1.367000e+02  2.217400e+01
     vertex  1.757986e+01  1.307000e+02  2.217400e+01
   endloop
 endfacet
 facet normal -2.177416e-01  0.000000e+00 -9.760065e-01
   outer loop
     vertex  1.745975e+01  1.307000e+02  2.220253e+01
     vertex  1.745975e+01  1.367000e+02  2.220253e+01
     vertex  1.752000e+01  1.367000e+02  2.218909e+01
   endloop
 endfacet
 facet normal -1.908838e-01  0.000000e+00 -9.816126e-01
   outer loop
     vertex  1.745975e+01  1.307000e+02  2.220253e+01
     vertex  1.739915e+01  1.367000e+02  2.221431e+01
     vertex  1.745975e+01  1.367000e+02  2.220253e+01
   endloop
 endfacet
 facet normal -2.177416e-01  0.000000e+00 -9.760065e-01
   outer loop
     vertex  1.745975e+01  1.307000e+02  2.220253e+01
     vertex  1.752000e+01  1.367000e+02  2.218909e+01
     vertex  1.752000e+01  1.307000e+02  2.218909e+01
   endloop
 endfacet
 facet normal -1.908838e-01  0.000000e+00 -9.816126e-01
   outer loop
     vertex  1.739915e+01  1.307000e+02  2.221431e+01
     vertex  1.739915e+01  1.367000e+02  2.221431e+01
     vertex  1.745975e+01  1.307000e+02  2.220253e+01
   endloop
 endfacet
 facet normal -1.638824e-01  0.000000e+00 -9.864799e-01
   outer loop
     vertex  1.733825e+01  1.307000e+02  2.222443e+01
     vertex  1.733825e+01  1.367000e+02  2.222443e+01
     vertex  1.739915e+01  1.367000e+02  2.221431e+01
   endloop
 endfacet
 facet normal -1.638824e-01  0.000000e+00 -9.864799e-01
   outer loop
     vertex  1.733825e+01  1.307000e+02  2.222443e+01
     vertex  1.739915e+01  1.367000e+02  2.221431e+01
     vertex  1.739915e+01  1.307000e+02  2.221431e+01
   endloop
 endfacet
 facet normal -1.367575e-01  0.000000e+00 -9.906046e-01
   outer loop
     vertex  1.727710e+01  1.307000e+02  2.223287e+01
     vertex  1.727710e+01  1.367000e+02  2.223287e+01
     vertex  1.733825e+01  1.367000e+02  2.222443e+01
   endloop
 endfacet
 facet normal -1.095298e-01  0.000000e+00 -9.939835e-01
   outer loop
     vertex  1.727710e+01  1.307000e+02  2.223287e+01
     vertex  1.721574e+01  1.367000e+02  2.223963e+01
     vertex  1.727710e+01  1.367000e+02  2.223287e+01
   endloop
 endfacet
 facet normal -1.367575e-01  0.000000e+00 -9.906046e-01
   outer loop
     vertex  1.727710e+01  1.307000e+02  2.223287e+01
     vertex  1.733825e+01  1.367000e+02  2.222443e+01
     vertex  1.733825e+01  1.307000e+02  2.222443e+01
   endloop
 endfacet
 facet normal -1.095298e-01  0.000000e+00 -9.939835e-01
   outer loop
     vertex  1.721574e+01  1.307000e+02  2.223963e+01
     vertex  1.721574e+01  1.367000e+02  2.223963e+01
     vertex  1.727710e+01  1.307000e+02  2.223287e+01
   endloop
 endfacet
 facet normal -8.221955e-02  0.000000e+00 -9.966142e-01
   outer loop
     vertex  1.715421e+01  1.307000e+02  2.224471e+01
     vertex  1.721574e+01  1.367000e+02  2.223963e+01
     vertex  1.721574e+01  1.307000e+02  2.223963e+01
   endloop
 endfacet
 facet normal -8.221955e-02  0.000000e+00 -9.966142e-01
   outer loop
     vertex  1.715421e+01  1.307000e+02  2.224471e+01
     vertex  1.715421e+01  1.367000e+02  2.224471e+01
     vertex  1.721574e+01  1.367000e+02  2.223963e+01
   endloop
 endfacet
 facet normal -5.484744e-02  0.000000e+00 -9.984947e-01
   outer loop
     vertex  1.715421e+01  1.307000e+02  2.224471e+01
     vertex  1.709258e+01  1.367000e+02  2.224809e+01
     vertex  1.715421e+01  1.367000e+02  2.224471e+01
   endloop
 endfacet
 facet normal -5.484744e-02  0.000000e+00 -9.984947e-01
   outer loop
     vertex  1.709258e+01  1.307000e+02  2.224809e+01
     vertex  1.709258e+01  1.367000e+02  2.224809e+01
     vertex  1.715421e+01  1.307000e+02  2.224471e+01
   endloop
 endfacet
 facet normal -2.743405e-02  0.000000e+00 -9.996236e-01
   outer loop
     vertex  1.709258e+01  1.307000e+02  2.224809e+01
     vertex  1.703087e+01  1.367000e+02  2.224979e+01
     vertex  1.709258e+01  1.367000e+02  2.224809e+01
   endloop
 endfacet
 facet normal -2.743405e-02  0.000000e+00 -9.996236e-01
   outer loop
     vertex  1.703087e+01  1.307000e+02  2.224979e+01
     vertex  1.703087e+01  1.367000e+02  2.224979e+01
     vertex  1.709258e+01  1.307000e+02  2.224809e+01
   endloop
 endfacet
 facet normal  0.000000e+00  0.000000e+00 -1.000000e+00
   outer loop
     vertex  1.703087e+01  1.307000e+02  2.224979e+01
     vertex  1.696913e+01  1.367000e+02  2.224979e+01
     vertex  1.703087e+01  1.367000e+02  2.224979e+01
   endloop
 endfacet
 facet normal  0.000000e+00  0.000000e+00 -1.000000e+00
   outer loop
     vertex  1.696913e+01  1.307000e+02  2.224979e+01
     vertex  1.696913e+01  1.367000e+02  2.224979e+01
     vertex  1.703087e+01  1.307000e+02  2.224979e+01
   endloop
 endfacet
 facet normal  2.743405e-02  0.000000e+00 -9.996236e-01
   outer loop
     vertex  1.690742e+01  1.307000e+02  2.224809e+01
     vertex  1.696913e+01  1.367000e+02  2.224979e+01
     vertex  1.696913e+01  1.307000e+02  2.224979e+01
   endloop
 endfacet
 facet normal  2.743405e-02  0.000000e+00 -9.996236e-01
   outer loop
     vertex  1.690742e+01  1.307000e+02  2.224809e+01
     vertex  1.690742e+01  1.367000e+02  2.224809e+01
     vertex  1.696913e+01  1.367000e+02  2.224979e+01
   endloop
 endfacet
 facet normal  5.484744e-02  0.000000e+00 -9.984947e-01
   outer loop
     vertex  1.684579e+01  1.307000e+02  2.224471e+01
     vertex  1.690742e+01  1.367000e+02  2.224809e+01
     vertex  1.690742e+01  1.307000e+02  2.224809e+01
   endloop
 endfacet
 facet normal  5.484744e-02  0.000000e+00 -9.984947e-01
   outer loop
     vertex  1.684579e+01  1.307000e+02  2.224471e+01
     vertex  1.684579e+01  1.367000e+02  2.224471e+01
     vertex  1.690742e+01  1.367000e+02  2.224809e+01
   endloop
 endfacet
 facet normal  8.221955e-02  0.000000e+00 -9.966142e-01
   outer loop
     vertex  1.678426e+01  1.307000e+02  2.223963e+01
     vertex  1.684579e+01  1.367000e+02  2.224471e+01
     vertex  1.684579e+01  1.307000e+02  2.224471e+01
   endloop
 endfacet
 facet normal  8.221955e-02  0.000000e+00 -9.966142e-01
   outer loop
     vertex  1.678426e+01  1.307000e+02  2.223963e+01
     vertex  1.678426e+01  1.367000e+02  2.223963e+01
     vertex  1.684579e+01  1.367000e+02  2.224471e+01
   endloop
 endfacet
 facet normal  1.095298e-01  0.000000e+00 -9.939835e-01
   outer loop
     vertex  1.678426e+01  1.307000e+02  2.223963e+01
     vertex  1.672290e+01  1.367000e+02  2.223287e+01
     vertex  1.678426e+01  1.367000e+02  2.223963e+01
   endloop
 endfacet
 facet normal  1.095298e-01  0.000000e+00 -9.939835e-01
   outer loop
     vertex  1.672290e+01  1.307000e+02  2.223287e+01
     vertex  1.672290e+01  1.367000e+02  2.223287e+01
     vertex  1.678426e+01  1.307000e+02  2.223963e+01
   endloop
 endfacet
 facet normal  1.367575e-01  0.000000e+00 -9.906046e-01
   outer loop
     vertex  1.672290e+01  1.307000e+02  2.223287e+01
     vertex  1.666175e+01  1.367000e+02  2.222443e+01
     vertex  1.672290e+01  1.367000e+02  2.223287e+01
   endloop
 endfacet
 facet normal  1.367575e-01  0.000000e+00 -9.906046e-01
   outer loop
     vertex  1.666175e+01  1.307000e+02  2.222443e+01
     vertex  1.666175e+01  1.367000e+02  2.222443e+01
     vertex  1.672290e+01  1.307000e+02  2.223287e+01
   endloop
 endfacet
 facet normal  1.638824e-01  0.000000e+00 -9.864799e-01
   outer loop
     vertex  1.666175e+01  1.307000e+02  2.222443e+01
     vertex  1.660085e+01  1.367000e+02  2.221431e+01
     vertex  1.666175e+01  1.367000e+02  2.222443e+01
   endloop
 endfacet
 facet normal  1.638824e-01  0.000000e+00 -9.864799e-01
   outer loop
     vertex  1.660085e+01  1.307000e+02  2.221431e+01
     vertex  1.660085e+01  1.367000e+02  2.221431e+01
     vertex  1.666175e+01  1.307000e+02  2.222443e+01
   endloop
 endfacet
 facet normal  1.908838e-01  0.000000e+00 -9.816126e-01
   outer loop
     vertex  1.654025e+01  1.307000e+02  2.220253e+01
     vertex  1.660085e+01  1.367000e+02  2.221431e+01
     vertex  1.660085e+01  1.307000e+02  2.221431e+01
   endloop
 endfacet
 facet normal  1.908838e-01  0.000000e+00 -9.816126e-01
   outer loop
     vertex  1.654025e+01  1.307000e+02  2.220253e+01
     vertex  1.654025e+01  1.367000e+02  2.220253e+01
     vertex  1.660085e+01  1.367000e+02  2.221431e+01
   endloop
 endfacet
 facet normal  2.177416e-01  0.000000e+00 -9.760065e-01
   outer loop
     vertex  1.654025e+01  1.307000e+02  2.220253e+01
     vertex  1.648000e+01  1.367000e+02  2.218909e+01
     vertex  1.654025e+01  1.367000e+02  2.220253e+01
   endloop
 endfacet
 facet normal  2.177416e-01  0.000000e+00 -9.760065e-01
   outer loop
     vertex  1.648000e+01  1.307000e+02  2.218909e+01
     vertex  1.648000e+01  1.367000e+02  2.218909e+01
     vertex  1.654025e+01  1.307000e+02  2.220253e+01
   endloop
 endfacet
 facet normal  2.444354e-01  0.000000e+00 -9.696656e-01
   outer loop
     vertex  1.642014e+01  1.307000e+02  2.217400e+01
     vertex  1.642014e+01  1.367000e+02  2.217400e+01
     vertex  1.648000e+01  1.367000e+02  2.218909e+01
   endloop
 endfacet
 facet normal  2.709453e-01  0.000000e+00 -9.625948e-01
   outer loop
     vertex  1.642014e+01  1.307000e+02  2.217400e+01
     vertex  1.636072e+01  1.367000e+02  2.215727e+01
     vertex  1.642014e+01  1.367000e+02  2.217400e+01
   endloop
 endfacet
 facet normal  2.444354e-01  0.000000e+00 -9.696656e-01
   outer loop
     vertex  1.642014e+01  1.307000e+02  2.217400e+01
     vertex  1.648000e+01  1.367000e+02  2.218909e+01
     vertex  1.648000e+01  1.307000e+02  2.218909e+01
   endloop
 endfacet
 facet normal  2.709453e-01  0.000000e+00 -9.625948e-01
   outer loop
     vertex  1.636072e+01  1.307000e+02  2.215727e+01
     vertex  1.636072e+01  1.367000e+02  2.215727e+01
     vertex  1.642014e+01  1.307000e+02  2.217400e+01
   endloop
 endfacet
 facet normal  2.972512e-01  0.000000e+00 -9.547993e-01
   outer loop
     vertex  1.630178e+01  1.307000e+02  2.213892e+01
     vertex  1.630178e+01  1.367000e+02  2.213892e+01
     vertex  1.636072e+01  1.367000e+02  2.215727e+01
   endloop
 endfacet
 facet normal  2.972512e-01  0.000000e+00 -9.547993e-01
   outer loop
     vertex  1.630178e+01  1.307000e+02  2.213892e+01
     vertex  1.636072e+01  1.367000e+02  2.215727e+01
     vertex  1.636072e+01  1.307000e+02  2.215727e+01
   endloop
 endfacet
 facet normal  3.233333e-01  0.000000e+00 -9.462851e-01
   outer loop
     vertex  1.624336e+01  1.307000e+02  2.211896e+01
     vertex  1.624336e+01  1.367000e+02  2.211896e+01
     vertex  1.630178e+01  1.367000e+02  2.213892e+01
   endloop
 endfacet
 facet normal  3.491720e-01  0.000000e+00 -9.370586e-01
   outer loop
     vertex  1.624336e+01  1.307000e+02  2.211896e+01
     vertex  1.618551e+01  1.367000e+02  2.209741e+01
     vertex  1.624336e+01  1.367000e+02  2.211896e+01
   endloop
 endfacet
 facet normal  3.233333e-01  0.000000e+00 -9.462851e-01
   outer loop
     vertex  1.624336e+01  1.307000e+02  2.211896e+01
     vertex  1.630178e+01  1.367000e+02  2.213892e+01
     vertex  1.630178e+01  1.307000e+02  2.213892e+01
   endloop
 endfacet
 facet normal  3.491720e-01  0.000000e+00 -9.370586e-01
   outer loop
     vertex  1.618551e+01  1.307000e+02  2.209741e+01
     vertex  1.618551e+01  1.367000e+02  2.209741e+01
     vertex  1.624336e+01  1.307000e+02  2.211896e+01
   endloop
 endfacet
 facet normal  3.747479e-01  0.000000e+00 -9.271267e-01
   outer loop
     vertex  1.612828e+01  1.307000e+02  2.207427e+01
     vertex  1.612828e+01  1.367000e+02  2.207427e+01
     vertex  1.618551e+01  1.367000e+02  2.209741e+01
   endloop
 endfacet
 facet normal  3.747479e-01  0.000000e+00 -9.271267e-01
   outer loop
     vertex  1.612828e+01  1.307000e+02  2.207427e+01
     vertex  1.618551e+01  1.367000e+02  2.209741e+01
     vertex  1.618551e+01  1.307000e+02  2.209741e+01
   endloop
 endfacet
 facet normal  4.000417e-01  0.000000e+00 -9.164969e-01
   outer loop
     vertex  1.607170e+01  1.307000e+02  2.204958e+01
     vertex  1.607170e+01  1.367000e+02  2.204958e+01
     vertex  1.612828e+01  1.367000e+02  2.207427e+01
   endloop
 endfacet
 facet normal  4.250344e-01  0.000000e+00 -9.051772e-01
   outer loop
     vertex  1.607170e+01  1.307000e+02  2.204958e+01
     vertex  1.601582e+01  1.367000e+02  2.202334e+01
     vertex  1.607170e+01  1.367000e+02  2.204958e+01
   endloop
 endfacet
 facet normal  4.000417e-01  0.000000e+00 -9.164969e-01
   outer loop
     vertex  1.607170e+01  1.307000e+02  2.204958e+01
     vertex  1.612828e+01  1.367000e+02  2.207427e+01
     vertex  1.612828e+01  1.307000e+02  2.207427e+01
   endloop
 endfacet
 facet normal  4.497071e-01  0.000000e+00 -8.931761e-01
   outer loop
     vertex  1.601582e+01  1.307000e+02  2.202334e+01
     vertex  1.596069e+01  1.367000e+02  2.199558e+01
     vertex  1.601582e+01  1.367000e+02  2.202334e+01
   endloop
 endfacet
 facet normal  4.250344e-01  0.000000e+00 -9.051772e-01
   outer loop
     vertex  1.601582e+01  1.307000e+02  2.202334e+01
     vertex  1.601582e+01  1.367000e+02  2.202334e+01
     vertex  1.607170e+01  1.307000e+02  2.204958e+01
   endloop
 endfacet
 facet normal  4.497071e-01  0.000000e+00 -8.931761e-01
   outer loop
     vertex  1.596069e+01  1.307000e+02  2.199558e+01
     vertex  1.596069e+01  1.367000e+02  2.199558e+01
     vertex  1.601582e+01  1.307000e+02  2.202334e+01
   endloop
 endfacet
 facet normal  4.740412e-01  0.000000e+00 -8.805026e-01
   outer loop
     vertex  1.590633e+01  1.307000e+02  2.196631e+01
     vertex  1.590633e+01  1.367000e+02  2.196631e+01
     vertex  1.596069e+01  1.367000e+02  2.199558e+01
   endloop
 endfacet
 facet normal  4.740412e-01  0.000000e+00 -8.805026e-01
   outer loop
     vertex  1.590633e+01  1.307000e+02  2.196631e+01
     vertex  1.596069e+01  1.367000e+02  2.199558e+01
     vertex  1.596069e+01  1.307000e+02  2.199558e+01
   endloop
 endfacet
 facet normal  4.980186e-01  0.000000e+00 -8.671664e-01
   outer loop
     vertex  1.585280e+01  1.307000e+02  2.193557e+01
     vertex  1.585280e+01  1.367000e+02  2.193557e+01
     vertex  1.590633e+01  1.367000e+02  2.196631e+01
   endloop
 endfacet
 facet normal  5.216210e-01  0.000000e+00 -8.531773e-01
   outer loop
     vertex  1.585280e+01  1.307000e+02  2.193557e+01
     vertex  1.580013e+01  1.367000e+02  2.190337e+01
     vertex  1.585280e+01  1.367000e+02  2.193557e+01
   endloop
 endfacet
 facet normal  4.980186e-01  0.000000e+00 -8.671664e-01
   outer loop
     vertex  1.585280e+01  1.307000e+02  2.193557e+01
     vertex  1.590633e+01  1.367000e+02  2.196631e+01
     vertex  1.590633e+01  1.307000e+02  2.196631e+01
   endloop
 endfacet
 facet normal  5.216210e-01  0.000000e+00 -8.531773e-01
   outer loop
     vertex  1.580013e+01  1.307000e+02  2.190337e+01
     vertex  1.580013e+01  1.367000e+02  2.190337e+01
     vertex  1.585280e+01  1.307000e+02  2.193557e+01
   endloop
 endfacet
 facet normal  5.448308e-01  0.000000e+00 -8.385460e-01
   outer loop
     vertex  1.574836e+01  1.307000e+02  2.186973e+01
     vertex  1.580013e+01  1.367000e+02  2.190337e+01
     vertex  1.580013e+01  1.307000e+02  2.190337e+01
   endloop
 endfacet
 facet normal  5.448308e-01  0.000000e+00 -8.385460e-01
   outer loop
     vertex  1.574836e+01  1.307000e+02  2.186973e+01
     vertex  1.574836e+01  1.367000e+02  2.186973e+01
     vertex  1.580013e+01  1.367000e+02  2.190337e+01
   endloop
 endfacet
 facet normal  5.676304e-01  0.000000e+00 -8.232835e-01
   outer loop
     vertex  1.574836e+01  1.307000e+02  2.186973e+01
     vertex  1.569754e+01  1.367000e+02  2.183469e+01
     vertex  1.574836e+01  1.367000e+02  2.186973e+01
   endloop
 endfacet
 facet normal  5.676304e-01  0.000000e+00 -8.232835e-01
   outer loop
     vertex  1.569754e+01  1.307000e+02  2.183469e+01
     vertex  1.569754e+01  1.367000e+02  2.183469e+01
     vertex  1.574836e+01  1.307000e+02  2.186973e+01
   endloop
 endfacet
 facet normal  5.900028e-01  0.000000e+00 -8.074012e-01
   outer loop
     vertex  1.569754e+01  1.307000e+02  2.183469e+01
     vertex  1.564770e+01  1.367000e+02  2.179827e+01
     vertex  1.569754e+01  1.367000e+02  2.183469e+01
   endloop
 endfacet
 facet normal  5.900028e-01  0.000000e+00 -8.074012e-01
   outer loop
     vertex  1.564770e+01  1.307000e+02  2.179827e+01
     vertex  1.564770e+01  1.367000e+02  2.179827e+01
     vertex  1.569754e+01  1.307000e+02  2.183469e+01
   endloop
 endfacet
 facet normal  6.119310e-01  0.000000e+00 -7.909112e-01
   outer loop
     vertex  1.559887e+01  1.307000e+02  2.176049e+01
     vertex  1.564770e+01  1.367000e+02  2.179827e+01
     vertex  1.564770e+01  1.307000e+02  2.179827e+01
   endloop
 endfacet
 facet normal  6.119310e-01  0.000000e+00 -7.909112e-01
   outer loop
     vertex  1.559887e+01  1.307000e+02  2.176049e+01
     vertex  1.559887e+01  1.367000e+02  2.176049e+01
     vertex  1.564770e+01  1.367000e+02  2.179827e+01
   endloop
 endfacet
 facet normal  6.333986e-01  0.000000e+00 -7.738257e-01
   outer loop
     vertex  1.559887e+01  1.307000e+02  2.176049e+01
     vertex  1.555110e+01  1.367000e+02  2.172139e+01
     vertex  1.559887e+01  1.367000e+02  2.176049e+01
   endloop
 endfacet
 facet normal  6.333986e-01  0.000000e+00 -7.738257e-01
   outer loop
     vertex  1.555110e+01  1.307000e+02  2.172139e+01
     vertex  1.555110e+01  1.367000e+02  2.172139e+01
     vertex  1.559887e+01  1.307000e+02  2.176049e+01
   endloop
 endfacet
 facet normal  6.543893e-01  0.000000e+00 -7.561578e-01
   outer loop
     vertex  1.550442e+01  1.307000e+02  2.168100e+01
     vertex  1.555110e+01  1.367000e+02  2.172139e+01
     vertex  1.555110e+01  1.307000e+02  2.172139e+01
   endloop
 endfacet
 facet normal  6.543893e-01  0.000000e+00 -7.561578e-01
   outer loop
     vertex  1.550442e+01  1.307000e+02  2.168100e+01
     vertex  1.550442e+01  1.367000e+02  2.168100e+01
     vertex  1.555110e+01  1.367000e+02  2.172139e+01
   endloop
 endfacet
 facet normal  6.748875e-01  0.000000e+00 -7.379206e-01
   outer loop
     vertex  1.550442e+01  1.307000e+02  2.168100e+01
     vertex  1.545887e+01  1.367000e+02  2.163933e+01
     vertex  1.550442e+01  1.367000e+02  2.168100e+01
   endloop
 endfacet
 facet normal  6.748875e-01  0.000000e+00 -7.379206e-01
   outer loop
     vertex  1.545887e+01  1.307000e+02  2.163933e+01
     vertex  1.545887e+01  1.367000e+02  2.163933e+01
     vertex  1.550442e+01  1.307000e+02  2.168100e+01
   endloop
 endfacet
 facet normal  6.948776e-01  0.000000e+00 -7.191280e-01
   outer loop
     vertex  1.545887e+01  1.307000e+02  2.163933e+01
     vertex  1.541448e+01  1.367000e+02  2.159644e+01
     vertex  1.545887e+01  1.367000e+02  2.163933e+01
   endloop
 endfacet
 facet normal  6.948776e-01  0.000000e+00 -7.191280e-01
   outer loop
     vertex  1.541448e+01  1.307000e+02  2.159644e+01
     vertex  1.541448e+01  1.367000e+02  2.159644e+01
     vertex  1.545887e+01  1.307000e+02  2.163933e+01
   endloop
 endfacet
 facet normal  7.143447e-01  0.000000e+00 -6.997940e-01
   outer loop
     vertex  1.541448e+01  1.307000e+02  2.159644e+01
     vertex  1.537128e+01  1.367000e+02  2.155234e+01
     vertex  1.541448e+01  1.367000e+02  2.159644e+01
   endloop
 endfacet
 facet normal  7.143447e-01  0.000000e+00 -6.997940e-01
   outer loop
     vertex  1.537128e+01  1.307000e+02  2.155234e+01
     vertex  1.537128e+01  1.367000e+02  2.155234e+01
     vertex  1.541448e+01  1.307000e+02  2.159644e+01
   endloop
 endfacet
 facet normal  7.332740e-01  0.000000e+00 -6.799333e-01
   outer loop
     vertex  1.532930e+01  1.307000e+02  2.150707e+01
     vertex  1.537128e+01  1.367000e+02  2.155234e+01
     vertex  1.537128e+01  1.307000e+02  2.155234e+01
   endloop
 endfacet
 facet normal  7.332740e-01  0.000000e+00 -6.799333e-01
   outer loop
     vertex  1.532930e+01  1.307000e+02  2.150707e+01
     vertex  1.532930e+01  1.367000e+02  2.150707e+01
     vertex  1.537128e+01  1.367000e+02  2.155234e+01
   endloop
 endfacet
 facet normal  7.516513e-01  0.000000e+00 -6.595607e-01
   outer loop
     vertex  1.528859e+01  1.307000e+02  2.146067e+01
     vertex  1.532930e+01  1.367000e+02  2.150707e+01
     vertex  1.532930e+01  1.307000e+02  2.150707e+01
   endloop
 endfacet
 facet normal  7.516513e-01  0.000000e+00 -6.595607e-01
   outer loop
     vertex  1.528859e+01  1.307000e+02  2.146067e+01
     vertex  1.528859e+01  1.367000e+02  2.146067e+01
     vertex  1.532930e+01  1.367000e+02  2.150707e+01
   endloop
 endfacet
 facet normal  7.694628e-01  0.000000e+00 -6.386916e-01
   outer loop
     vertex  1.528859e+01  1.307000e+02  2.146067e+01
     vertex  1.524916e+01  1.367000e+02  2.141317e+01
     vertex  1.528859e+01  1.367000e+02  2.146067e+01
   endloop
 endfacet
 facet normal  7.694628e-01  0.000000e+00 -6.386916e-01
   outer loop
     vertex  1.524916e+01  1.307000e+02  2.141317e+01
     vertex  1.524916e+01  1.367000e+02  2.141317e+01
     vertex  1.528859e+01  1.307000e+02  2.146067e+01
   endloop
 endfacet
 facet normal  7.866951e-01  0.000000e+00 -6.173417e-01
   outer loop
     vertex  1.521105e+01  1.307000e+02  2.136461e+01
     vertex  1.524916e+01  1.367000e+02  2.141317e+01
     vertex  1.524916e+01  1.307000e+02  2.141317e+01
   endloop
 endfacet
 facet normal  7.866951e-01  0.000000e+00 -6.173417e-01
   outer loop
     vertex  1.521105e+01  1.307000e+02  2.136461e+01
     vertex  1.521105e+01  1.367000e+02  2.136461e+01
     vertex  1.524916e+01  1.367000e+02  2.141317e+01
   endloop
 endfacet
 facet normal  8.033352e-01  0.000000e+00 -5.955271e-01
   outer loop
     vertex  1.521105e+01  1.307000e+02  2.136461e+01
     vertex  1.517428e+01  1.367000e+02  2.131501e+01
     vertex  1.521105e+01  1.367000e+02  2.136461e+01
   endloop
 endfacet
 facet normal  8.033352e-01  0.000000e+00 -5.955271e-01
   outer loop
     vertex  1.517428e+01  1.307000e+02  2.131501e+01
     vertex  1.517428e+01  1.367000e+02  2.131501e+01
     vertex  1.521105e+01  1.307000e+02  2.136461e+01
   endloop
 endfacet
 facet normal  8.193706e-01  0.000000e+00 -5.732642e-01
   outer loop
     vertex  1.517428e+01  1.307000e+02  2.131501e+01
     vertex  1.513890e+01  1.367000e+02  2.126443e+01
     vertex  1.517428e+01  1.367000e+02  2.131501e+01
   endloop
 endfacet
 facet normal  8.193706e-01  0.000000e+00 -5.732642e-01
   outer loop
     vertex  1.513890e+01  1.307000e+02  2.126443e+01
     vertex  1.513890e+01  1.367000e+02  2.126443e+01
     vertex  1.517428e+01  1.307000e+02  2.131501e+01
   endloop
 endfacet
 facet normal  8.347891e-01  0.000000e+00 -5.505698e-01
   outer loop
     vertex  1.513890e+01  1.307000e+02  2.126443e+01
     vertex  1.510491e+01  1.367000e+02  2.121290e+01
     vertex  1.513890e+01  1.367000e+02  2.126443e+01
   endloop
 endfacet
 facet normal  8.347891e-01  0.000000e+00 -5.505698e-01
   outer loop
     vertex  1.510491e+01  1.307000e+02  2.121290e+01
     vertex  1.510491e+01  1.367000e+02  2.121290e+01
     vertex  1.513890e+01  1.307000e+02  2.126443e+01
   endloop
 endfacet
 facet normal  8.495793e-01  0.000000e+00 -5.274609e-01
   outer loop
     vertex  1.507235e+01  1.307000e+02  2.116045e+01
     vertex  1.510491e+01  1.367000e+02  2.121290e+01
     vertex  1.510491e+01  1.307000e+02  2.121290e+01
   endloop
 endfacet
 facet normal  8.495793e-01  0.000000e+00 -5.274609e-01
   outer loop
     vertex  1.507235e+01  1.307000e+02  2.116045e+01
     vertex  1.507235e+01  1.367000e+02  2.116045e+01
     vertex  1.510491e+01  1.367000e+02  2.121290e+01
   endloop
 endfacet
 facet normal  8.637299e-01  0.000000e+00 -5.039550e-01
   outer loop
     vertex  1.507235e+01  1.307000e+02  2.116045e+01
     vertex  1.504124e+01  1.367000e+02  2.110713e+01
     vertex  1.507235e+01  1.367000e+02  2.116045e+01
   endloop
 endfacet
 facet normal  8.637299e-01  0.000000e+00 -5.039550e-01
   outer loop
     vertex  1.504124e+01  1.307000e+02  2.110713e+01
     vertex  1.504124e+01  1.367000e+02  2.110713e+01
     vertex  1.507235e+01  1.307000e+02  2.116045e+01
   endloop
 endfacet
 facet normal  8.772303e-01  0.000000e+00 -4.800697e-01
   outer loop
     vertex  1.501160e+01  1.307000e+02  2.105298e+01
     vertex  1.504124e+01  1.367000e+02  2.110713e+01
     vertex  1.504124e+01  1.307000e+02  2.110713e+01
   endloop
 endfacet
 facet normal  8.772303e-01  0.000000e+00 -4.800697e-01
   outer loop
     vertex  1.501160e+01  1.307000e+02  2.105298e+01
     vertex  1.501160e+01  1.367000e+02  2.105298e+01
     vertex  1.504124e+01  1.367000e+02  2.110713e+01
   endloop
 endfacet
 facet normal  8.900704e-01  0.000000e+00 -4.558231e-01
   outer loop
     vertex  1.501160e+01  1.307000e+02  2.105298e+01
     vertex  1.498346e+01  1.367000e+02  2.099803e+01
     vertex  1.501160e+01  1.367000e+02  2.105298e+01
   endloop
 endfacet
 facet normal  8.900704e-01  0.000000e+00 -4.558231e-01
   outer loop
     vertex  1.498346e+01  1.307000e+02  2.099803e+01
     vertex  1.498346e+01  1.367000e+02  2.099803e+01
     vertex  1.501160e+01  1.307000e+02  2.105298e+01
   endloop
 endfacet
 facet normal  9.022405e-01  0.000000e+00 -4.312333e-01
   outer loop
     vertex  1.495684e+01  1.307000e+02  2.094233e+01
     vertex  1.498346e+01  1.367000e+02  2.099803e+01
     vertex  1.498346e+01  1.307000e+02  2.099803e+01
   endloop
 endfacet
 facet normal  9.022405e-01  0.000000e+00 -4.312333e-01
   outer loop
     vertex  1.495684e+01  1.307000e+02  2.094233e+01
     vertex  1.495684e+01  1.367000e+02  2.094233e+01
     vertex  1.498346e+01  1.367000e+02  2.099803e+01
   endloop
 endfacet
 facet normal  9.137314e-01  0.000000e+00 -4.063188e-01
   outer loop
     vertex  1.493176e+01  1.307000e+02  2.088593e+01
     vertex  1.495684e+01  1.367000e+02  2.094233e+01
     vertex  1.495684e+01  1.307000e+02  2.094233e+01
   endloop
 endfacet
 facet normal  9.137314e-01  0.000000e+00 -4.063188e-01
   outer loop
     vertex  1.493176e+01  1.307000e+02  2.088593e+01
     vertex  1.493176e+01  1.367000e+02  2.088593e+01
     vertex  1.495684e+01  1.367000e+02  2.094233e+01
   endloop
 endfacet
 facet normal  9.245344e-01  0.000000e+00 -3.810986e-01
   outer loop
     vertex  1.493176e+01  1.307000e+02  2.088593e+01
     vertex  1.490823e+01  1.367000e+02  2.082885e+01
     vertex  1.493176e+01  1.367000e+02  2.088593e+01
   endloop
 endfacet
 facet normal  9.245344e-01  0.000000e+00 -3.810986e-01
   outer loop
     vertex  1.490823e+01  1.307000e+02  2.082885e+01
     vertex  1.490823e+01  1.367000e+02  2.082885e+01
     vertex  1.493176e+01  1.307000e+02  2.088593e+01
   endloop
 endfacet
 facet normal  9.346415e-01  0.000000e+00 -3.555914e-01
   outer loop
     vertex  1.488628e+01  1.307000e+02  2.077116e+01
     vertex  1.488628e+01  1.367000e+02  2.077116e+01
     vertex  1.490823e+01  1.367000e+02  2.082885e+01
   endloop
 endfacet
 facet normal  9.346415e-01  0.000000e+00 -3.555914e-01
   outer loop
     vertex  1.488628e+01  1.307000e+02  2.077116e+01
     vertex  1.490823e+01  1.367000e+02  2.082885e+01
     vertex  1.490823e+01  1.307000e+02  2.082885e+01
   endloop
 endfacet
 facet normal  9.440450e-01  0.000000e+00 -3.298166e-01
   outer loop
     vertex  1.486592e+01  1.307000e+02  2.071288e+01
     vertex  1.486592e+01  1.367000e+02  2.071288e+01
     vertex  1.488628e+01  1.367000e+02  2.077116e+01
   endloop
 endfacet
 facet normal  9.527379e-01  0.000000e+00 -3.037934e-01
   outer loop
     vertex  1.486592e+01  1.307000e+02  2.071288e+01
     vertex  1.484716e+01  1.367000e+02  2.065406e+01
     vertex  1.486592e+01  1.367000e+02  2.071288e+01
   endloop
 endfacet
 facet normal  9.440450e-01  0.000000e+00 -3.298166e-01
   outer loop
     vertex  1.486592e+01  1.307000e+02  2.071288e+01
     vertex  1.488628e+01  1.367000e+02  2.077116e+01
     vertex  1.488628e+01  1.307000e+02  2.077116e+01
   endloop
 endfacet
 facet normal  9.607136e-01  0.000000e+00 -2.775416e-01
   outer loop
     vertex  1.484716e+01  1.307000e+02  2.065406e+01
     vertex  1.483003e+01  1.367000e+02  2.059476e+01
     vertex  1.484716e+01  1.367000e+02  2.065406e+01
   endloop
 endfacet
 facet normal  9.527379e-01  0.000000e+00 -3.037934e-01
   outer loop
     vertex  1.484716e+01  1.307000e+02  2.065406e+01
     vertex  1.484716e+01  1.367000e+02  2.065406e+01
     vertex  1.486592e+01  1.307000e+02  2.071288e+01
   endloop
 endfacet
 facet normal  9.607136e-01  0.000000e+00 -2.775416e-01
   outer loop
     vertex  1.483003e+01  1.307000e+02  2.059476e+01
     vertex  1.483003e+01  1.367000e+02  2.059476e+01
     vertex  1.484716e+01  1.307000e+02  2.065406e+01
   endloop
 endfacet
 facet normal  9.679661e-01  0.000000e+00 -2.510809e-01
   outer loop
     vertex  1.481453e+01  1.307000e+02  2.053500e+01
     vertex  1.483003e+01  1.367000e+02  2.059476e+01
     vertex  1.483003e+01  1.307000e+02  2.059476e+01
   endloop
 endfacet
 facet normal  9.679661e-01  0.000000e+00 -2.510809e-01
   outer loop
     vertex  1.481453e+01  1.307000e+02  2.053500e+01
     vertex  1.481453e+01  1.367000e+02  2.053500e+01
     vertex  1.483003e+01  1.367000e+02  2.059476e+01
   endloop
 endfacet
 facet normal  9.744899e-01  0.000000e+00 -2.244312e-01
   outer loop
     vertex  1.481453e+01  1.307000e+02  2.053500e+01
     vertex  1.480068e+01  1.367000e+02  2.047484e+01
     vertex  1.481453e+01  1.367000e+02  2.053500e+01
   endloop
 endfacet
 facet normal  9.744899e-01  0.000000e+00 -2.244312e-01
   outer loop
     vertex  1.480068e+01  1.307000e+02  2.047484e+01
     vertex  1.480068e+01  1.367000e+02  2.047484e+01
     vertex  1.481453e+01  1.307000e+02  2.053500e+01
   endloop
 endfacet
 facet normal  9.802802e-01  0.000000e+00 -1.976125e-01
   outer loop
     vertex  1.478848e+01  1.307000e+02  2.041433e+01
     vertex  1.480068e+01  1.367000e+02  2.047484e+01
     vertex  1.480068e+01  1.307000e+02  2.047484e+01
   endloop
 endfacet
 facet normal  9.802802e-01  0.000000e+00 -1.976125e-01
   outer loop
     vertex  1.478848e+01  1.307000e+02  2.041433e+01
     vertex  1.478848e+01  1.367000e+02  2.041433e+01
     vertex  1.480068e+01  1.367000e+02  2.047484e+01
   endloop
 endfacet
 facet normal  9.853326e-01  0.000000e+00 -1.706451e-01
   outer loop
     vertex  1.478848e+01  1.307000e+02  2.041433e+01
     vertex  1.477794e+01  1.367000e+02  2.035350e+01
     vertex  1.478848e+01  1.367000e+02  2.041433e+01
   endloop
 endfacet
 facet normal  9.853326e-01  0.000000e+00 -1.706451e-01
   outer loop
     vertex  1.477794e+01  1.307000e+02  2.035350e+01
     vertex  1.477794e+01  1.367000e+02  2.035350e+01
     vertex  1.478848e+01  1.307000e+02  2.041433e+01
   endloop
 endfacet
 facet normal  9.896432e-01  0.000000e+00 -1.435492e-01
   outer loop
     vertex  1.477794e+01  1.307000e+02  2.035350e+01
     vertex  1.476908e+01  1.367000e+02  2.029241e+01
     vertex  1.477794e+01  1.367000e+02  2.035350e+01
   endloop
 endfacet
 facet normal  9.896432e-01  0.000000e+00 -1.435492e-01
   outer loop
     vertex  1.476908e+01  1.307000e+02  2.029241e+01
     vertex  1.476908e+01  1.367000e+02  2.029241e+01
     vertex  1.477794e+01  1.307000e+02  2.035350e+01
   endloop
 endfacet
 facet normal  9.932088e-01  0.000000e+00 -1.163452e-01
   outer loop
     vertex  1.476908e+01  1.307000e+02  2.029241e+01
     vertex  1.476190e+01  1.367000e+02  2.023110e+01
     vertex  1.476908e+01  1.367000e+02  2.029241e+01
   endloop
 endfacet
 facet normal  9.932088e-01  0.000000e+00 -1.163452e-01
   outer loop
     vertex  1.476190e+01  1.307000e+02  2.023110e+01
     vertex  1.476190e+01  1.367000e+02  2.023110e+01
     vertex  1.476908e+01  1.307000e+02  2.029241e+01
   endloop
 endfacet
 facet normal  9.960268e-01  0.000000e+00 -8.905371e-02
   outer loop
     vertex  1.475640e+01  1.307000e+02  2.016961e+01
     vertex  1.476190e+01  1.367000e+02  2.023110e+01
     vertex  1.476190e+01  1.307000e+02  2.023110e+01
   endloop
 endfacet
 facet normal  9.960268e-01  0.000000e+00 -8.905371e-02
   outer loop
     vertex  1.475640e+01  1.307000e+02  2.016961e+01
     vertex  1.475640e+01  1.367000e+02  2.016961e+01
     vertex  1.476190e+01  1.367000e+02  2.023110e+01
   endloop
 endfacet
 facet normal  9.980950e-01  0.000000e+00 -6.169515e-02
   outer loop
     vertex  1.475640e+01  1.307000e+02  2.016961e+01
     vertex  1.475259e+01  1.367000e+02  2.010799e+01
     vertex  1.475640e+01  1.367000e+02  2.016961e+01
   endloop
 endfacet
 facet normal  9.980950e-01  0.000000e+00 -6.169515e-02
   outer loop
     vertex  1.475259e+01  1.307000e+02  2.010799e+01
     vertex  1.475259e+01  1.367000e+02  2.010799e+01
     vertex  1.475640e+01  1.307000e+02  2.016961e+01
   endloop
 endfacet
 facet normal  9.994119e-01  0.000000e+00 -3.429014e-02
   outer loop
     vertex  1.475048e+01  1.307000e+02  2.004630e+01
     vertex  1.475259e+01  1.367000e+02  2.010799e+01
     vertex  1.475259e+01  1.307000e+02  2.010799e+01
   endloop
 endfacet
 facet normal  9.994119e-01  0.000000e+00 -3.429014e-02
   outer loop
     vertex  1.475048e+01  1.307000e+02  2.004630e+01
     vertex  1.475048e+01  1.367000e+02  2.004630e+01
     vertex  1.475259e+01  1.367000e+02  2.010799e+01
   endloop
 endfacet
 facet normal  9.999765e-01  0.000000e+00 -6.859319e-03
   outer loop
     vertex  1.475048e+01  1.307000e+02  2.004630e+01
     vertex  1.475005e+01  1.367000e+02  1.998457e+01
     vertex  1.475048e+01  1.367000e+02  2.004630e+01
   endloop
 endfacet
 facet normal  9.999765e-01  0.000000e+00 -6.859319e-03
   outer loop
     vertex  1.475005e+01  1.307000e+02  1.998457e+01
     vertex  1.475005e+01  1.367000e+02  1.998457e+01
     vertex  1.475048e+01  1.307000e+02  2.004630e+01
   endloop
 endfacet
 facet normal  9.988475e-01 -0.000000e+00  4.799716e-02
   outer loop
     vertex  1.475132e+01  1.307000e+02  1.992285e+01
     vertex  1.475429e+01  1.367000e+02  1.986119e+01
     vertex  1.475132e+01  1.367000e+02  1.992285e+01
   endloop
 endfacet
 facet normal  9.997883e-01  0.000000e+00  2.057667e-02
   outer loop
     vertex  1.475132e+01  1.307000e+02  1.992285e+01
     vertex  1.475005e+01  1.367000e+02  1.998457e+01
     vertex  1.475005e+01  1.307000e+02  1.998457e+01
   endloop
 endfacet
 facet normal  9.997883e-01 -0.000000e+00  2.057667e-02
   outer loop
     vertex  1.475132e+01  1.307000e+02  1.992285e+01
     vertex  1.475132e+01  1.367000e+02  1.992285e+01
     vertex  1.475005e+01  1.367000e+02  1.998457e+01
   endloop
 endfacet
 facet normal  9.988475e-01 -0.000000e+00  4.799716e-02
   outer loop
     vertex  1.475429e+01  1.307000e+02  1.986119e+01
     vertex  1.475429e+01  1.367000e+02  1.986119e+01
     vertex  1.475132e+01  1.307000e+02  1.992285e+01
   endloop
 endfacet
 facet normal  9.971548e-01 -0.000000e+00  7.538152e-02
   outer loop
     vertex  1.475894e+01  1.307000e+02  1.979963e+01
     vertex  1.475894e+01  1.367000e+02  1.979963e+01
     vertex  1.475429e+01  1.367000e+02  1.986119e+01
   endloop
 endfacet
 facet normal  9.971548e-01  0.000000e+00  7.538152e-02
   outer loop
     vertex  1.475894e+01  1.307000e+02  1.979963e+01
     vertex  1.475429e+01  1.367000e+02  1.986119e+01
     vertex  1.475429e+01  1.307000e+02  1.986119e+01
   endloop
 endfacet
 facet normal  9.947114e-01 -0.000000e+00  1.027091e-01
   outer loop
     vertex  1.476528e+01  1.307000e+02  1.973822e+01
     vertex  1.476528e+01  1.367000e+02  1.973822e+01
     vertex  1.475894e+01  1.367000e+02  1.979963e+01
   endloop
 endfacet
 facet normal  9.947114e-01  0.000000e+00  1.027091e-01
   outer loop
     vertex  1.476528e+01  1.307000e+02  1.973822e+01
     vertex  1.475894e+01  1.367000e+02  1.979963e+01
     vertex  1.475894e+01  1.307000e+02  1.979963e+01
   endloop
 endfacet
 facet normal  9.915193e-01 -0.000000e+00  1.299594e-01
   outer loop
     vertex  1.477330e+01  1.307000e+02  1.967701e+01
     vertex  1.477330e+01  1.367000e+02  1.967701e+01
     vertex  1.476528e+01  1.367000e+02  1.973822e+01
   endloop
 endfacet
 facet normal  9.915193e-01  0.000000e+00  1.299594e-01
   outer loop
     vertex  1.477330e+01  1.307000e+02  1.967701e+01
     vertex  1.476528e+01  1.367000e+02  1.973822e+01
     vertex  1.476528e+01  1.307000e+02  1.973822e+01
   endloop
 endfacet
 facet normal  9.875808e-01 -0.000000e+00  1.571119e-01
   outer loop
     vertex  1.478300e+01  1.307000e+02  1.961605e+01
     vertex  1.478300e+01  1.367000e+02  1.961605e+01
     vertex  1.477330e+01  1.367000e+02  1.967701e+01
   endloop
 endfacet
 facet normal  9.828989e-01 -0.000000e+00  1.841461e-01
   outer loop
     vertex  1.478300e+01  1.307000e+02  1.961605e+01
     vertex  1.479437e+01  1.367000e+02  1.955537e+01
     vertex  1.478300e+01  1.367000e+02  1.961605e+01
   endloop
 endfacet
 facet normal  9.875808e-01  0.000000e+00  1.571119e-01
   outer loop
     vertex  1.478300e+01  1.307000e+02  1.961605e+01
     vertex  1.477330e+01  1.367000e+02  1.967701e+01
     vertex  1.477330e+01  1.307000e+02  1.967701e+01
   endloop
 endfacet
 facet normal  9.774771e-01 -0.000000e+00  2.110417e-01
   outer loop
     vertex  1.479437e+01  1.307000e+02  1.955537e+01
     vertex  1.480740e+01  1.367000e+02  1.949503e+01
     vertex  1.479437e+01  1.367000e+02  1.955537e+01
   endloop
 endfacet
 facet normal  9.828989e-01 -0.000000e+00  1.841461e-01
   outer loop
     vertex  1.479437e+01  1.307000e+02  1.955537e+01
     vertex  1.479437e+01  1.367000e+02  1.955537e+01
     vertex  1.478300e+01  1.307000e+02  1.961605e+01
   endloop
 endfacet
 facet normal  9.713194e-01 -0.000000e+00  2.377784e-01
   outer loop
     vertex  1.480740e+01  1.307000e+02  1.949503e+01
     vertex  1.482208e+01  1.367000e+02  1.943507e+01
     vertex  1.480740e+01  1.367000e+02  1.949503e+01
   endloop
 endfacet
 facet normal  9.774771e-01 -0.000000e+00  2.110417e-01
   outer loop
     vertex  1.480740e+01  1.307000e+02  1.949503e+01
     vertex  1.480740e+01  1.367000e+02  1.949503e+01
     vertex  1.479437e+01  1.307000e+02  1.955537e+01
   endloop
 endfacet
 facet normal  9.644306e-01 -0.000000e+00  2.643362e-01
   outer loop
     vertex  1.482208e+01  1.307000e+02  1.943507e+01
     vertex  1.483839e+01  1.367000e+02  1.937553e+01
     vertex  1.482208e+01  1.367000e+02  1.943507e+01
   endloop
 endfacet
 facet normal  9.713194e-01 -0.000000e+00  2.377784e-01
   outer loop
     vertex  1.482208e+01  1.307000e+02  1.943507e+01
     vertex  1.482208e+01  1.367000e+02  1.943507e+01
     vertex  1.480740e+01  1.307000e+02  1.949503e+01
   endloop
 endfacet
 facet normal  9.644306e-01 -0.000000e+00  2.643362e-01
   outer loop
     vertex  1.483839e+01  1.307000e+02  1.937553e+01
     vertex  1.483839e+01  1.367000e+02  1.937553e+01
     vertex  1.482208e+01  1.307000e+02  1.943507e+01
   endloop
 endfacet
 facet normal  9.568158e-01 -0.000000e+00  2.906949e-01
   outer loop
     vertex  1.485634e+01  1.307000e+02  1.931646e+01
     vertex  1.485634e+01  1.367000e+02  1.931646e+01
     vertex  1.483839e+01  1.367000e+02  1.937553e+01
   endloop
 endfacet
 facet normal  9.568158e-01  0.000000e+00  2.906949e-01
   outer loop
     vertex  1.485634e+01  1.307000e+02  1.931646e+01
     vertex  1.483839e+01  1.367000e+02  1.937553e+01
     vertex  1.483839e+01  1.307000e+02  1.937553e+01
   endloop
 endfacet
 facet normal  9.484807e-01 -0.000000e+00  3.168348e-01
   outer loop
     vertex  1.487590e+01  1.307000e+02  1.925791e+01
     vertex  1.487590e+01  1.367000e+02  1.925791e+01
     vertex  1.485634e+01  1.367000e+02  1.931646e+01
   endloop
 endfacet
 facet normal  9.394317e-01 -0.000000e+00  3.427362e-01
   outer loop
     vertex  1.487590e+01  1.307000e+02  1.925791e+01
     vertex  1.489706e+01  1.367000e+02  1.919992e+01
     vertex  1.487590e+01  1.367000e+02  1.925791e+01
   endloop
 endfacet
 facet normal  9.484807e-01  0.000000e+00  3.168348e-01
   outer loop
     vertex  1.487590e+01  1.307000e+02  1.925791e+01
     vertex  1.485634e+01  1.367000e+02  1.931646e+01
     vertex  1.485634e+01  1.307000e+02  1.931646e+01
   endloop
 endfacet
 facet normal  9.394317e-01 -0.000000e+00  3.427362e-01
   outer loop
     vertex  1.489706e+01  1.307000e+02  1.919992e+01
     vertex  1.489706e+01  1.367000e+02  1.919992e+01
     vertex  1.487590e+01  1.307000e+02  1.925791e+01
   endloop
 endfacet
 facet normal  9.296754e-01 -0.000000e+00  3.683796e-01
   outer loop
     vertex  1.491980e+01  1.307000e+02  1.914253e+01
     vertex  1.491980e+01  1.367000e+02  1.914253e+01
     vertex  1.489706e+01  1.367000e+02  1.919992e+01
   endloop
 endfacet
 facet normal  9.296754e-01  0.000000e+00  3.683796e-01
   outer loop
     vertex  1.491980e+01  1.307000e+02  1.914253e+01
     vertex  1.489706e+01  1.367000e+02  1.919992e+01
     vertex  1.489706e+01  1.307000e+02  1.919992e+01
   endloop
 endfacet
 facet normal  9.192194e-01  0.000000e+00  3.937458e-01
   outer loop
     vertex  1.494410e+01  1.307000e+02  1.908578e+01
     vertex  1.491980e+01  1.367000e+02  1.914253e+01
     vertex  1.491980e+01  1.307000e+02  1.914253e+01
   endloop
 endfacet
 facet normal  9.192194e-01 -0.000000e+00  3.937458e-01
   outer loop
     vertex  1.494410e+01  1.307000e+02  1.908578e+01
     vertex  1.494410e+01  1.367000e+02  1.908578e+01
     vertex  1.491980e+01  1.367000e+02  1.914253e+01
   endloop
 endfacet
 facet normal  9.080714e-01 -0.000000e+00  4.188155e-01
   outer loop
     vertex  1.494410e+01  1.307000e+02  1.908578e+01
     vertex  1.496996e+01  1.367000e+02  1.902973e+01
     vertex  1.494410e+01  1.367000e+02  1.908578e+01
   endloop
 endfacet
 facet normal  9.080714e-01 -0.000000e+00  4.188155e-01
   outer loop
     vertex  1.496996e+01  1.307000e+02  1.902973e+01
     vertex  1.496996e+01  1.367000e+02  1.902973e+01
     vertex  1.494410e+01  1.307000e+02  1.908578e+01
   endloop
 endfacet
 facet normal  8.962398e-01 -0.000000e+00  4.435699e-01
   outer loop
     vertex  1.499734e+01  1.307000e+02  1.897440e+01
     vertex  1.499734e+01  1.367000e+02  1.897440e+01
     vertex  1.496996e+01  1.367000e+02  1.902973e+01
   endloop
 endfacet
 facet normal  8.837335e-01 -0.000000e+00  4.679904e-01
   outer loop
     vertex  1.499734e+01  1.307000e+02  1.897440e+01
     vertex  1.502623e+01  1.367000e+02  1.891984e+01
     vertex  1.499734e+01  1.367000e+02  1.897440e+01
   endloop
 endfacet
 facet normal  8.962398e-01  0.000000e+00  4.435699e-01
   outer loop
     vertex  1.499734e+01  1.307000e+02  1.897440e+01
     vertex  1.496996e+01  1.367000e+02  1.902973e+01
     vertex  1.496996e+01  1.307000e+02  1.902973e+01
   endloop
 endfacet
 facet normal  8.837335e-01 -0.000000e+00  4.679904e-01
   outer loop
     vertex  1.502623e+01  1.307000e+02  1.891984e+01
     vertex  1.502623e+01  1.367000e+02  1.891984e+01
     vertex  1.499734e+01  1.307000e+02  1.897440e+01
   endloop
 endfacet
 facet normal  8.705620e-01 -0.000000e+00  4.920587e-01
   outer loop
     vertex  1.502623e+01  1.307000e+02  1.891984e+01
     vertex  1.505661e+01  1.367000e+02  1.886610e+01
     vertex  1.502623e+01  1.367000e+02  1.891984e+01
   endloop
 endfacet
 facet normal  8.705620e-01 -0.000000e+00  4.920587e-01
   outer loop
     vertex  1.505661e+01  1.307000e+02  1.886610e+01
     vertex  1.505661e+01  1.367000e+02  1.886610e+01
     vertex  1.502623e+01  1.307000e+02  1.891984e+01
   endloop
 endfacet
 facet normal  8.567352e-01 -0.000000e+00  5.157565e-01
   outer loop
     vertex  1.505661e+01  1.307000e+02  1.886610e+01
     vertex  1.508845e+01  1.367000e+02  1.881321e+01
     vertex  1.505661e+01  1.367000e+02  1.886610e+01
   endloop
 endfacet
 facet normal  8.567352e-01 -0.000000e+00  5.157565e-01
   outer loop
     vertex  1.508845e+01  1.307000e+02  1.881321e+01
     vertex  1.508845e+01  1.367000e+02  1.881321e+01
     vertex  1.505661e+01  1.307000e+02  1.886610e+01
   endloop
 endfacet
 facet normal  8.422635e-01 -0.000000e+00  5.390661e-01
   outer loop
     vertex  1.512172e+01  1.307000e+02  1.876122e+01
     vertex  1.512172e+01  1.367000e+02  1.876122e+01
     vertex  1.508845e+01  1.367000e+02  1.881321e+01
   endloop
 endfacet
 facet normal  8.422635e-01  0.000000e+00  5.390661e-01
   outer loop
     vertex  1.512172e+01  1.307000e+02  1.876122e+01
     vertex  1.508845e+01  1.367000e+02  1.881321e+01
     vertex  1.508845e+01  1.307000e+02  1.881321e+01
   endloop
 endfacet
 facet normal  8.271577e-01 -0.000000e+00  5.619699e-01
   outer loop
     vertex  1.515642e+01  1.307000e+02  1.871016e+01
     vertex  1.515642e+01  1.367000e+02  1.871016e+01
     vertex  1.512172e+01  1.367000e+02  1.876122e+01
   endloop
 endfacet
 facet normal  8.114292e-01 -0.000000e+00  5.844507e-01
   outer loop
     vertex  1.515642e+01  1.307000e+02  1.871016e+01
     vertex  1.519250e+01  1.367000e+02  1.866006e+01
     vertex  1.515642e+01  1.367000e+02  1.871016e+01
   endloop
 endfacet
 facet normal  8.271577e-01  0.000000e+00  5.619699e-01
   outer loop
     vertex  1.515642e+01  1.307000e+02  1.871016e+01
     vertex  1.512172e+01  1.367000e+02  1.876122e+01
     vertex  1.512172e+01  1.307000e+02  1.876122e+01
   endloop
 endfacet
 facet normal  8.114292e-01 -0.000000e+00  5.844507e-01
   outer loop
     vertex  1.519250e+01  1.307000e+02  1.866006e+01
     vertex  1.519250e+01  1.367000e+02  1.866006e+01
     vertex  1.515642e+01  1.307000e+02  1.871016e+01
   endloop
 endfacet
 facet normal  7.950900e-01 -0.000000e+00  6.064915e-01
   outer loop
     vertex  1.522994e+01  1.307000e+02  1.861098e+01
     vertex  1.522994e+01  1.367000e+02  1.861098e+01
     vertex  1.519250e+01  1.367000e+02  1.866006e+01
   endloop
 endfacet
 facet normal  7.781522e-01 -0.000000e+00  6.280757e-01
   outer loop
     vertex  1.522994e+01  1.307000e+02  1.861098e+01
     vertex  1.526871e+01  1.367000e+02  1.856294e+01
     vertex  1.522994e+01  1.367000e+02  1.861098e+01
   endloop
 endfacet
 facet normal  7.950900e-01  0.000000e+00  6.064915e-01
   outer loop
     vertex  1.522994e+01  1.307000e+02  1.861098e+01
     vertex  1.519250e+01  1.367000e+02  1.866006e+01
     vertex  1.519250e+01  1.307000e+02  1.866006e+01
   endloop
 endfacet
 facet normal  7.781522e-01 -0.000000e+00  6.280757e-01
   outer loop
     vertex  1.526871e+01  1.307000e+02  1.856294e+01
     vertex  1.526871e+01  1.367000e+02  1.856294e+01
     vertex  1.522994e+01  1.307000e+02  1.861098e+01
   endloop
 endfacet
 facet normal  7.606287e-01 -0.000000e+00  6.491872e-01
   outer loop
     vertex  1.526871e+01  1.307000e+02  1.856294e+01
     vertex  1.530878e+01  1.367000e+02  1.851599e+01
     vertex  1.526871e+01  1.367000e+02  1.856294e+01
   endloop
 endfacet
 facet normal  7.606287e-01 -0.000000e+00  6.491872e-01
   outer loop
     vertex  1.530878e+01  1.307000e+02  1.851599e+01
     vertex  1.530878e+01  1.367000e+02  1.851599e+01
     vertex  1.526871e+01  1.307000e+02  1.856294e+01
   endloop
 endfacet
 facet normal  7.425325e-01 -0.000000e+00  6.698100e-01
   outer loop
     vertex  1.535013e+01  1.307000e+02  1.847015e+01
     vertex  1.535013e+01  1.367000e+02  1.847015e+01
     vertex  1.530878e+01  1.367000e+02  1.851599e+01
   endloop
 endfacet
 facet normal  7.425325e-01  0.000000e+00  6.698100e-01
   outer loop
     vertex  1.535013e+01  1.307000e+02  1.847015e+01
     vertex  1.530878e+01  1.367000e+02  1.851599e+01
     vertex  1.530878e+01  1.307000e+02  1.851599e+01
   endloop
 endfacet
 facet normal  7.238775e-01 -0.000000e+00  6.899286e-01
   outer loop
     vertex  1.539272e+01  1.307000e+02  1.842546e+01
     vertex  1.539272e+01  1.367000e+02  1.842546e+01
     vertex  1.535013e+01  1.367000e+02  1.847015e+01
   endloop
 endfacet
 facet normal  7.238775e-01  0.000000e+00  6.899286e-01
   outer loop
     vertex  1.539272e+01  1.307000e+02  1.842546e+01
     vertex  1.535013e+01  1.367000e+02  1.847015e+01
     vertex  1.535013e+01  1.307000e+02  1.847015e+01
   endloop
 endfacet
 facet normal  7.046775e-01 -0.000000e+00  7.095278e-01
   outer loop
     vertex  1.543653e+01  1.307000e+02  1.838196e+01
     vertex  1.543653e+01  1.367000e+02  1.838196e+01
     vertex  1.539272e+01  1.367000e+02  1.842546e+01
   endloop
 endfacet
 facet normal  7.046775e-01  0.000000e+00  7.095278e-01
   outer loop
     vertex  1.543653e+01  1.307000e+02  1.838196e+01
     vertex  1.539272e+01  1.367000e+02  1.842546e+01
     vertex  1.539272e+01  1.307000e+02  1.842546e+01
   endloop
 endfacet
 facet normal  6.849470e-01 -0.000000e+00  7.285929e-01
   outer loop
     vertex  1.548150e+01  1.307000e+02  1.833968e+01
     vertex  1.548150e+01  1.367000e+02  1.833968e+01
     vertex  1.543653e+01  1.367000e+02  1.838196e+01
   endloop
 endfacet
 facet normal  6.849470e-01  0.000000e+00  7.285929e-01
   outer loop
     vertex  1.548150e+01  1.307000e+02  1.833968e+01
     vertex  1.543653e+01  1.367000e+02  1.838196e+01
     vertex  1.543653e+01  1.307000e+02  1.838196e+01
   endloop
 endfacet
 facet normal  6.647010e-01 -0.000000e+00  7.471095e-01
   outer loop
     vertex  1.552762e+01  1.307000e+02  1.829864e+01
     vertex  1.552762e+01  1.367000e+02  1.829864e+01
     vertex  1.548150e+01  1.367000e+02  1.833968e+01
   endloop
 endfacet
 facet normal  6.647010e-01  0.000000e+00  7.471095e-01
   outer loop
     vertex  1.552762e+01  1.307000e+02  1.829864e+01
     vertex  1.548150e+01  1.367000e+02  1.833968e+01
     vertex  1.548150e+01  1.307000e+02  1.833968e+01
   endloop
 endfacet
 facet normal  6.439545e-01 -0.000000e+00  7.650637e-01
   outer loop
     vertex  1.557485e+01  1.307000e+02  1.825889e+01
     vertex  1.557485e+01  1.367000e+02  1.825889e+01
     vertex  1.552762e+01  1.367000e+02  1.829864e+01
   endloop
 endfacet
 facet normal  6.439545e-01  0.000000e+00  7.650637e-01
   outer loop
     vertex  1.557485e+01  1.307000e+02  1.825889e+01
     vertex  1.552762e+01  1.367000e+02  1.829864e+01
     vertex  1.552762e+01  1.307000e+02  1.829864e+01
   endloop
 endfacet
 facet normal  6.227234e-01 -0.000000e+00  7.824421e-01
   outer loop
     vertex  1.562316e+01  1.307000e+02  1.822045e+01
     vertex  1.562316e+01  1.367000e+02  1.822045e+01
     vertex  1.557485e+01  1.367000e+02  1.825889e+01
   endloop
 endfacet
 facet normal  6.227234e-01  0.000000e+00  7.824421e-01
   outer loop
     vertex  1.562316e+01  1.307000e+02  1.822045e+01
     vertex  1.557485e+01  1.367000e+02  1.825889e+01
     vertex  1.557485e+01  1.307000e+02  1.825889e+01
   endloop
 endfacet
 facet normal  6.010234e-01 -0.000000e+00  7.992314e-01
   outer loop
     vertex  1.567249e+01  1.307000e+02  1.818335e+01
     vertex  1.567249e+01  1.367000e+02  1.818335e+01
     vertex  1.562316e+01  1.367000e+02  1.822045e+01
   endloop
 endfacet
 facet normal  6.010234e-01  0.000000e+00  7.992314e-01
   outer loop
     vertex  1.567249e+01  1.307000e+02  1.818335e+01
     vertex  1.562316e+01  1.367000e+02  1.822045e+01
     vertex  1.562316e+01  1.307000e+02  1.822045e+01
   endloop
 endfacet
 facet normal  5.788711e-01 -0.000000e+00  8.154191e-01
   outer loop
     vertex  1.572283e+01  1.307000e+02  1.814761e+01
     vertex  1.572283e+01  1.367000e+02  1.814761e+01
     vertex  1.567249e+01  1.367000e+02  1.818335e+01
   endloop
 endfacet
 facet normal  5.562829e-01 -0.000000e+00  8.309929e-01
   outer loop
     vertex  1.572283e+01  1.307000e+02  1.814761e+01
     vertex  1.577413e+01  1.367000e+02  1.811327e+01
     vertex  1.572283e+01  1.367000e+02  1.814761e+01
   endloop
 endfacet
 facet normal  5.788711e-01  0.000000e+00  8.154191e-01
   outer loop
     vertex  1.572283e+01  1.307000e+02  1.814761e+01
     vertex  1.567249e+01  1.367000e+02  1.818335e+01
     vertex  1.567249e+01  1.307000e+02  1.818335e+01
   endloop
 endfacet
 facet normal  5.562829e-01 -0.000000e+00  8.309929e-01
   outer loop
     vertex  1.577413e+01  1.307000e+02  1.811327e+01
     vertex  1.577413e+01  1.367000e+02  1.811327e+01
     vertex  1.572283e+01  1.307000e+02  1.814761e+01
   endloop
 endfacet
 facet normal  5.332761e-01 -0.000000e+00  8.459413e-01
   outer loop
     vertex  1.582635e+01  1.307000e+02  1.808035e+01
     vertex  1.582635e+01  1.367000e+02  1.808035e+01
     vertex  1.577413e+01  1.367000e+02  1.811327e+01
   endloop
 endfacet
 facet normal  5.098678e-01 -0.000000e+00  8.602528e-01
   outer loop
     vertex  1.582635e+01  1.307000e+02  1.808035e+01
     vertex  1.587946e+01  1.367000e+02  1.804888e+01
     vertex  1.582635e+01  1.367000e+02  1.808035e+01
   endloop
 endfacet
 facet normal  5.332761e-01  0.000000e+00  8.459413e-01
   outer loop
     vertex  1.582635e+01  1.307000e+02  1.808035e+01
     vertex  1.577413e+01  1.367000e+02  1.811327e+01
     vertex  1.577413e+01  1.307000e+02  1.811327e+01
   endloop
 endfacet
 facet normal  5.098678e-01 -0.000000e+00  8.602528e-01
   outer loop
     vertex  1.587946e+01  1.307000e+02  1.804888e+01
     vertex  1.587946e+01  1.367000e+02  1.804888e+01
     vertex  1.582635e+01  1.307000e+02  1.808035e+01
   endloop
 endfacet
 facet normal  4.860756e-01 -0.000000e+00  8.739167e-01
   outer loop
     vertex  1.593341e+01  1.307000e+02  1.801887e+01
     vertex  1.593341e+01  1.367000e+02  1.801887e+01
     vertex  1.587946e+01  1.367000e+02  1.804888e+01
   endloop
 endfacet
 facet normal  4.860756e-01  0.000000e+00  8.739167e-01
   outer loop
     vertex  1.593341e+01  1.307000e+02  1.801887e+01
     vertex  1.587946e+01  1.367000e+02  1.804888e+01
     vertex  1.587946e+01  1.307000e+02  1.804888e+01
   endloop
 endfacet
 facet normal  4.619176e-01  0.000000e+00  8.869228e-01
   outer loop
     vertex  1.598816e+01  1.307000e+02  1.799035e+01
     vertex  1.593341e+01  1.367000e+02  1.801887e+01
     vertex  1.593341e+01  1.307000e+02  1.801887e+01
   endloop
 endfacet
 facet normal  4.619176e-01 -0.000000e+00  8.869228e-01
   outer loop
     vertex  1.598816e+01  1.307000e+02  1.799035e+01
     vertex  1.598816e+01  1.367000e+02  1.799035e+01
     vertex  1.593341e+01  1.367000e+02  1.801887e+01
   endloop
 endfacet
 facet normal  4.374119e-01 -0.000000e+00  8.992613e-01
   outer loop
     vertex  1.598816e+01  1.307000e+02  1.799035e+01
     vertex  1.604367e+01  1.367000e+02  1.796335e+01
     vertex  1.598816e+01  1.367000e+02  1.799035e+01
   endloop
 endfacet
 facet normal  4.374119e-01 -0.000000e+00  8.992613e-01
   outer loop
     vertex  1.604367e+01  1.307000e+02  1.796335e+01
     vertex  1.604367e+01  1.367000e+02  1.796335e+01
     vertex  1.598816e+01  1.307000e+02  1.799035e+01
   endloop
 endfacet
 facet normal  4.125769e-01  0.000000e+00  9.109228e-01
   outer loop
     vertex  1.609991e+01  1.307000e+02  1.793788e+01
     vertex  1.604367e+01  1.367000e+02  1.796335e+01
     vertex  1.604367e+01  1.307000e+02  1.796335e+01
   endloop
 endfacet
 facet normal  4.125769e-01 -0.000000e+00  9.109228e-01
   outer loop
     vertex  1.609991e+01  1.307000e+02  1.793788e+01
     vertex  1.609991e+01  1.367000e+02  1.793788e+01
     vertex  1.604367e+01  1.367000e+02  1.796335e+01
   endloop
 endfacet
 facet normal  3.874313e-01  0.000000e+00  9.218986e-01
   outer loop
     vertex  1.615682e+01  1.307000e+02  1.791396e+01
     vertex  1.609991e+01  1.367000e+02  1.793788e+01
     vertex  1.609991e+01  1.307000e+02  1.793788e+01
   endloop
 endfacet
 facet normal  3.874313e-01 -0.000000e+00  9.218986e-01
   outer loop
     vertex  1.615682e+01  1.307000e+02  1.791396e+01
     vertex  1.615682e+01  1.367000e+02  1.791396e+01
     vertex  1.609991e+01  1.367000e+02  1.793788e+01
   endloop
 endfacet
 facet normal  3.619940e-01  0.000000e+00  9.321804e-01
   outer loop
     vertex  1.621436e+01  1.307000e+02  1.789162e+01
     vertex  1.615682e+01  1.367000e+02  1.791396e+01
     vertex  1.615682e+01  1.307000e+02  1.791396e+01
   endloop
 endfacet
 facet normal  3.619940e-01 -0.000000e+00  9.321804e-01
   outer loop
     vertex  1.621436e+01  1.307000e+02  1.789162e+01
     vertex  1.621436e+01  1.367000e+02  1.789162e+01
     vertex  1.615682e+01  1.367000e+02  1.791396e+01
   endloop
 endfacet
 facet normal  3.362843e-01  0.000000e+00  9.417605e-01
   outer loop
     vertex  1.627250e+01  1.307000e+02  1.787086e+01
     vertex  1.621436e+01  1.367000e+02  1.789162e+01
     vertex  1.621436e+01  1.307000e+02  1.789162e+01
   endloop
 endfacet
 facet normal  3.362843e-01 -0.000000e+00  9.417605e-01
   outer loop
     vertex  1.627250e+01  1.307000e+02  1.787086e+01
     vertex  1.627250e+01  1.367000e+02  1.787086e+01
     vertex  1.621436e+01  1.367000e+02  1.789162e+01
   endloop
 endfacet
 facet normal  3.103214e-01  0.000000e+00  9.506317e-01
   outer loop
     vertex  1.633118e+01  1.307000e+02  1.785170e+01
     vertex  1.627250e+01  1.367000e+02  1.787086e+01
     vertex  1.627250e+01  1.307000e+02  1.787086e+01
   endloop
 endfacet
 facet normal  3.103214e-01 -0.000000e+00  9.506317e-01
   outer loop
     vertex  1.633118e+01  1.307000e+02  1.785170e+01
     vertex  1.633118e+01  1.367000e+02  1.785170e+01
     vertex  1.627250e+01  1.367000e+02  1.787086e+01
   endloop
 endfacet
 facet normal  2.841250e-01 -0.000000e+00  9.587873e-01
   outer loop
     vertex  1.633118e+01  1.307000e+02  1.785170e+01
     vertex  1.639037e+01  1.367000e+02  1.783416e+01
     vertex  1.633118e+01  1.367000e+02  1.785170e+01
   endloop
 endfacet
 facet normal  2.841250e-01 -0.000000e+00  9.587873e-01
   outer loop
     vertex  1.639037e+01  1.307000e+02  1.783416e+01
     vertex  1.639037e+01  1.367000e+02  1.783416e+01
     vertex  1.633118e+01  1.307000e+02  1.785170e+01
   endloop
 endfacet
 facet normal  2.577146e-01  0.000000e+00  9.662211e-01
   outer loop
     vertex  1.645002e+01  1.307000e+02  1.781825e+01
     vertex  1.639037e+01  1.367000e+02  1.783416e+01
     vertex  1.639037e+01  1.307000e+02  1.783416e+01
   endloop
 endfacet
 facet normal  2.577146e-01 -0.000000e+00  9.662211e-01
   outer loop
     vertex  1.645002e+01  1.307000e+02  1.781825e+01
     vertex  1.645002e+01  1.367000e+02  1.781825e+01
     vertex  1.639037e+01  1.367000e+02  1.783416e+01
   endloop
 endfacet
 facet normal  2.311102e-01  0.000000e+00  9.729276e-01
   outer loop
     vertex  1.651008e+01  1.307000e+02  1.780399e+01
     vertex  1.645002e+01  1.367000e+02  1.781825e+01
     vertex  1.645002e+01  1.307000e+02  1.781825e+01
   endloop
 endfacet
 facet normal  2.311102e-01 -0.000000e+00  9.729276e-01
   outer loop
     vertex  1.651008e+01  1.307000e+02  1.780399e+01
     vertex  1.651008e+01  1.367000e+02  1.780399e+01
     vertex  1.645002e+01  1.367000e+02  1.781825e+01
   endloop
 endfacet
 facet normal  2.043319e-01  0.000000e+00  9.789017e-01
   outer loop
     vertex  1.657051e+01  1.307000e+02  1.779137e+01
     vertex  1.651008e+01  1.367000e+02  1.780399e+01
     vertex  1.651008e+01  1.307000e+02  1.780399e+01
   endloop
 endfacet
 facet normal  2.043319e-01 -0.000000e+00  9.789017e-01
   outer loop
     vertex  1.657051e+01  1.307000e+02  1.779137e+01
     vertex  1.657051e+01  1.367000e+02  1.779137e+01
     vertex  1.651008e+01  1.367000e+02  1.780399e+01
   endloop
 endfacet
 facet normal  1.773998e-01  0.000000e+00  9.841389e-01
   outer loop
     vertex  1.663126e+01  1.307000e+02  1.778042e+01
     vertex  1.657051e+01  1.367000e+02  1.779137e+01
     vertex  1.657051e+01  1.307000e+02  1.779137e+01
   endloop
 endfacet
 facet normal  1.773998e-01 -0.000000e+00  9.841389e-01
   outer loop
     vertex  1.663126e+01  1.307000e+02  1.778042e+01
     vertex  1.663126e+01  1.367000e+02  1.778042e+01
     vertex  1.657051e+01  1.367000e+02  1.779137e+01
   endloop
 endfacet
 facet normal  1.503341e-01  0.000000e+00  9.886353e-01
   outer loop
     vertex  1.669230e+01  1.307000e+02  1.777114e+01
     vertex  1.663126e+01  1.367000e+02  1.778042e+01
     vertex  1.663126e+01  1.307000e+02  1.778042e+01
   endloop
 endfacet
 facet normal  1.503341e-01 -0.000000e+00  9.886353e-01
   outer loop
     vertex  1.669230e+01  1.307000e+02  1.777114e+01
     vertex  1.669230e+01  1.367000e+02  1.777114e+01
     vertex  1.663126e+01  1.367000e+02  1.778042e+01
   endloop
 endfacet
 facet normal  1.231552e-01 -0.000000e+00  9.923874e-01
   outer loop
     vertex  1.669230e+01  1.307000e+02  1.777114e+01
     vertex  1.675356e+01  1.367000e+02  1.776354e+01
     vertex  1.669230e+01  1.367000e+02  1.777114e+01
   endloop
 endfacet
 facet normal  1.231552e-01 -0.000000e+00  9.923874e-01
   outer loop
     vertex  1.675356e+01  1.307000e+02  1.776354e+01
     vertex  1.675356e+01  1.367000e+02  1.776354e+01
     vertex  1.669230e+01  1.307000e+02  1.777114e+01
   endloop
 endfacet
 facet normal  9.588368e-02 -0.000000e+00  9.953925e-01
   outer loop
     vertex  1.681501e+01  1.307000e+02  1.775762e+01
     vertex  1.681501e+01  1.367000e+02  1.775762e+01
     vertex  1.675356e+01  1.367000e+02  1.776354e+01
   endloop
 endfacet
 facet normal  6.853995e-02 -0.000000e+00  9.976484e-01
   outer loop
     vertex  1.681501e+01  1.307000e+02  1.775762e+01
     vertex  1.687659e+01  1.367000e+02  1.775339e+01
     vertex  1.681501e+01  1.367000e+02  1.775762e+01
   endloop
 endfacet
 facet normal  9.588368e-02  0.000000e+00  9.953925e-01
   outer loop
     vertex  1.681501e+01  1.307000e+02  1.775762e+01
     vertex  1.675356e+01  1.367000e+02  1.776354e+01
     vertex  1.675356e+01  1.307000e+02  1.776354e+01
   endloop
 endfacet
 facet normal  6.853995e-02 -0.000000e+00  9.976484e-01
   outer loop
     vertex  1.687659e+01  1.307000e+02  1.775339e+01
     vertex  1.687659e+01  1.367000e+02  1.775339e+01
     vertex  1.681501e+01  1.307000e+02  1.775762e+01
   endloop
 endfacet
 facet normal  4.114462e-02 -0.000000e+00  9.991532e-01
   outer loop
     vertex  1.693827e+01  1.307000e+02  1.775085e+01
     vertex  1.693827e+01  1.367000e+02  1.775085e+01
     vertex  1.687659e+01  1.367000e+02  1.775339e+01
   endloop
 endfacet
 facet normal  4.114462e-02  0.000000e+00  9.991532e-01
   outer loop
     vertex  1.693827e+01  1.307000e+02  1.775085e+01
     vertex  1.687659e+01  1.367000e+02  1.775339e+01
     vertex  1.687659e+01  1.307000e+02  1.775339e+01
   endloop
 endfacet
 facet normal  1.371831e-02 -0.000000e+00  9.999059e-01
   outer loop
     vertex  1.700000e+01  1.307000e+02  1.775000e+01
     vertex  1.700000e+01  1.367000e+02  1.775000e+01
     vertex  1.693827e+01  1.367000e+02  1.775085e+01
   endloop
 endfacet
 facet normal  1.371831e-02  0.000000e+00  9.999059e-01
   outer loop
     vertex  1.700000e+01  1.307000e+02  1.775000e+01
     vertex  1.693827e+01  1.367000e+02  1.775085e+01
     vertex  1.693827e+01  1.307000e+02  1.775085e+01
   endloop
 endfacet
 facet normal -1.371831e-02  0.000000e+00  9.999059e-01
   outer loop
     vertex  6.006173e+01  1.307000e+02  1.775085e+01
     vertex  6.000000e+01  1.367000e+02  1.775000e+01
     vertex  6.000000e+01  1.307000e+02  1.775000e+01
   endloop
 endfacet
 facet normal -1.371831e-02  0.000000e+00  9.999059e-01
   outer loop
     vertex  6.006173e+01  1.307000e+02  1.775085e+01
     vertex  6.006173e+01  1.367000e+02  1.775085e+01
     vertex  6.000000e+01  1.367000e+02  1.775000e+01
   endloop
 endfacet
 facet normal -4.114462e-02  0.000000e+00  9.991532e-01
   outer loop
     vertex  6.012341e+01  1.307000e+02  1.775339e+01
     vertex  6.012341e+01  1.367000e+02  1.775339e+01
     vertex  6.006173e+01  1.367000e+02  1.775085e+01
   endloop
 endfacet
 facet normal -4.114462e-02  0.000000e+00  9.991532e-01
   outer loop
     vertex  6.012341e+01  1.307000e+02  1.775339e+01
     vertex  6.006173e+01  1.367000e+02  1.775085e+01
     vertex  6.006173e+01  1.307000e+02  1.775085e+01
   endloop
 endfacet
 facet normal -6.853995e-02  0.000000e+00  9.976484e-01
   outer loop
     vertex  6.018499e+01  1.307000e+02  1.775762e+01
     vertex  6.018499e+01  1.367000e+02  1.775762e+01
     vertex  6.012341e+01  1.367000e+02  1.775339e+01
   endloop
 endfacet
 facet normal -6.853995e-02  0.000000e+00  9.976484e-01
   outer loop
     vertex  6.018499e+01  1.307000e+02  1.775762e+01
     vertex  6.012341e+01  1.367000e+02  1.775339e+01
     vertex  6.012341e+01  1.307000e+02  1.775339e+01
   endloop
 endfacet
 facet normal -9.588368e-02  0.000000e+00  9.953925e-01
   outer loop
     vertex  6.024644e+01  1.307000e+02  1.776354e+01
     vertex  6.024644e+01  1.367000e+02  1.776354e+01
     vertex  6.018499e+01  1.367000e+02  1.775762e+01
   endloop
 endfacet
 facet normal -9.588368e-02  0.000000e+00  9.953925e-01
   outer loop
     vertex  6.024644e+01  1.307000e+02  1.776354e+01
     vertex  6.018499e+01  1.367000e+02  1.775762e+01
     vertex  6.018499e+01  1.307000e+02  1.775762e+01
   endloop
 endfacet
 facet normal -1.231552e-01  0.000000e+00  9.923874e-01
   outer loop
     vertex  6.030770e+01  1.307000e+02  1.777114e+01
     vertex  6.030770e+01  1.367000e+02  1.777114e+01
     vertex  6.024644e+01  1.367000e+02  1.776354e+01
   endloop
 endfacet
 facet normal -1.231552e-01  0.000000e+00  9.923874e-01
   outer loop
     vertex  6.030770e+01  1.307000e+02  1.777114e+01
     vertex  6.024644e+01  1.367000e+02  1.776354e+01
     vertex  6.024644e+01  1.307000e+02  1.776354e+01
   endloop
 endfacet
 facet normal -1.503341e-01  0.000000e+00  9.886353e-01
   outer loop
     vertex  6.036874e+01  1.307000e+02  1.778042e+01
     vertex  6.036874e+01  1.367000e+02  1.778042e+01
     vertex  6.030770e+01  1.367000e+02  1.777114e+01
   endloop
 endfacet
 facet normal -1.773998e-01  0.000000e+00  9.841389e-01
   outer loop
     vertex  6.036874e+01  1.307000e+02  1.778042e+01
     vertex  6.042949e+01  1.367000e+02  1.779137e+01
     vertex  6.036874e+01  1.367000e+02  1.778042e+01
   endloop
 endfacet
 facet normal -1.503341e-01  0.000000e+00  9.886353e-01
   outer loop
     vertex  6.036874e+01  1.307000e+02  1.778042e+01
     vertex  6.030770e+01  1.367000e+02  1.777114e+01
     vertex  6.030770e+01  1.307000e+02  1.777114e+01
   endloop
 endfacet
 facet normal -1.773998e-01  0.000000e+00  9.841389e-01
   outer loop
     vertex  6.042949e+01  1.307000e+02  1.779137e+01
     vertex  6.042949e+01  1.367000e+02  1.779137e+01
     vertex  6.036874e+01  1.307000e+02  1.778042e+01
   endloop
 endfacet
 facet normal -2.043319e-01  0.000000e+00  9.789017e-01
   outer loop
     vertex  6.048992e+01  1.307000e+02  1.780399e+01
     vertex  6.048992e+01  1.367000e+02  1.780399e+01
     vertex  6.042949e+01  1.367000e+02  1.779137e+01
   endloop
 endfacet
 facet normal -2.043319e-01  0.000000e+00  9.789017e-01
   outer loop
     vertex  6.048992e+01  1.307000e+02  1.780399e+01
     vertex  6.042949e+01  1.367000e+02  1.779137e+01
     vertex  6.042949e+01  1.307000e+02  1.779137e+01
   endloop
 endfacet
 facet normal -2.311102e-01  0.000000e+00  9.729276e-01
   outer loop
     vertex  6.054998e+01  1.307000e+02  1.781825e+01
     vertex  6.054998e+01  1.367000e+02  1.781825e+01
     vertex  6.048992e+01  1.367000e+02  1.780399e+01
   endloop
 endfacet
 facet normal -2.311102e-01  0.000000e+00  9.729276e-01
   outer loop
     vertex  6.054998e+01  1.307000e+02  1.781825e+01
     vertex  6.048992e+01  1.367000e+02  1.780399e+01
     vertex  6.048992e+01  1.307000e+02  1.780399e+01
   endloop
 endfacet
 facet normal -2.577146e-01  0.000000e+00  9.662211e-01
   outer loop
     vertex  6.060963e+01  1.307000e+02  1.783416e+01
     vertex  6.054998e+01  1.367000e+02  1.781825e+01
     vertex  6.054998e+01  1.307000e+02  1.781825e+01
   endloop
 endfacet
 facet normal -2.577146e-01  0.000000e+00  9.662211e-01
   outer loop
     vertex  6.060963e+01  1.307000e+02  1.783416e+01
     vertex  6.060963e+01  1.367000e+02  1.783416e+01
     vertex  6.054998e+01  1.367000e+02  1.781825e+01
   endloop
 endfacet
 facet normal -2.841250e-01  0.000000e+00  9.587873e-01
   outer loop
     vertex  6.060963e+01  1.307000e+02  1.783416e+01
     vertex  6.066882e+01  1.367000e+02  1.785170e+01
     vertex  6.060963e+01  1.367000e+02  1.783416e+01
   endloop
 endfacet
 facet normal -2.841250e-01  0.000000e+00  9.587873e-01
   outer loop
     vertex  6.066882e+01  1.307000e+02  1.785170e+01
     vertex  6.066882e+01  1.367000e+02  1.785170e+01
     vertex  6.060963e+01  1.307000e+02  1.783416e+01
   endloop
 endfacet
 facet normal -3.103214e-01  0.000000e+00  9.506317e-01
   outer loop
     vertex  6.066882e+01  1.307000e+02  1.785170e+01
     vertex  6.072750e+01  1.367000e+02  1.787086e+01
     vertex  6.066882e+01  1.367000e+02  1.785170e+01
   endloop
 endfacet
 facet normal -3.103214e-01  0.000000e+00  9.506317e-01
   outer loop
     vertex  6.072750e+01  1.307000e+02  1.787086e+01
     vertex  6.072750e+01  1.367000e+02  1.787086e+01
     vertex  6.066882e+01  1.307000e+02  1.785170e+01
   endloop
 endfacet
 facet normal -3.362843e-01  0.000000e+00  9.417605e-01
   outer loop
     vertex  6.072750e+01  1.307000e+02  1.787086e+01
     vertex  6.078564e+01  1.367000e+02  1.789162e+01
     vertex  6.072750e+01  1.367000e+02  1.787086e+01
   endloop
 endfacet
 facet normal -3.362843e-01  0.000000e+00  9.417605e-01
   outer loop
     vertex  6.078564e+01  1.307000e+02  1.789162e+01
     vertex  6.078564e+01  1.367000e+02  1.789162e+01
     vertex  6.072750e+01  1.307000e+02  1.787086e+01
   endloop
 endfacet
 facet normal -3.619940e-01  0.000000e+00  9.321804e-01
   outer loop
     vertex  6.084318e+01  1.307000e+02  1.791396e+01
     vertex  6.078564e+01  1.367000e+02  1.789162e+01
     vertex  6.078564e+01  1.307000e+02  1.789162e+01
   endloop
 endfacet
 facet normal -3.619940e-01  0.000000e+00  9.321804e-01
   outer loop
     vertex  6.084318e+01  1.307000e+02  1.791396e+01
     vertex  6.084318e+01  1.367000e+02  1.791396e+01
     vertex  6.078564e+01  1.367000e+02  1.789162e+01
   endloop
 endfacet
 facet normal -3.874313e-01  0.000000e+00  9.218986e-01
   outer loop
     vertex  6.090009e+01  1.307000e+02  1.793788e+01
     vertex  6.084318e+01  1.367000e+02  1.791396e+01
     vertex  6.084318e+01  1.307000e+02  1.791396e+01
   endloop
 endfacet
 facet normal -3.874313e-01  0.000000e+00  9.218986e-01
   outer loop
     vertex  6.090009e+01  1.307000e+02  1.793788e+01
     vertex  6.090009e+01  1.367000e+02  1.793788e+01
     vertex  6.084318e+01  1.367000e+02  1.791396e+01
   endloop
 endfacet
 facet normal -4.125769e-01  0.000000e+00  9.109228e-01
   outer loop
     vertex  6.095633e+01  1.307000e+02  1.796335e+01
     vertex  6.090009e+01  1.367000e+02  1.793788e+01
     vertex  6.090009e+01  1.307000e+02  1.793788e+01
   endloop
 endfacet
 facet normal -4.125769e-01  0.000000e+00  9.109228e-01
   outer loop
     vertex  6.095633e+01  1.307000e+02  1.796335e+01
     vertex  6.095633e+01  1.367000e+02  1.796335e+01
     vertex  6.090009e+01  1.367000e+02  1.793788e+01
   endloop
 endfacet
 facet normal -4.374119e-01  0.000000e+00  8.992613e-01
   outer loop
     vertex  6.101184e+01  1.307000e+02  1.799035e+01
     vertex  6.095633e+01  1.367000e+02  1.796335e+01
     vertex  6.095633e+01  1.307000e+02  1.796335e+01
   endloop
 endfacet
 facet normal -4.374119e-01  0.000000e+00  8.992613e-01
   outer loop
     vertex  6.101184e+01  1.307000e+02  1.799035e+01
     vertex  6.101184e+01  1.367000e+02  1.799035e+01
     vertex  6.095633e+01  1.367000e+02  1.796335e+01
   endloop
 endfacet
 facet normal -4.619176e-01  0.000000e+00  8.869228e-01
   outer loop
     vertex  6.106659e+01  1.307000e+02  1.801887e+01
     vertex  6.101184e+01  1.367000e+02  1.799035e+01
     vertex  6.101184e+01  1.307000e+02  1.799035e+01
   endloop
 endfacet
 facet normal -4.619176e-01  0.000000e+00  8.869228e-01
   outer loop
     vertex  6.106659e+01  1.307000e+02  1.801887e+01
     vertex  6.106659e+01  1.367000e+02  1.801887e+01
     vertex  6.101184e+01  1.367000e+02  1.799035e+01
   endloop
 endfacet
 facet normal -4.860756e-01  0.000000e+00  8.739167e-01
   outer loop
     vertex  6.112054e+01  1.307000e+02  1.804888e+01
     vertex  6.106659e+01  1.367000e+02  1.801887e+01
     vertex  6.106659e+01  1.307000e+02  1.801887e+01
   endloop
 endfacet
 facet normal -4.860756e-01  0.000000e+00  8.739167e-01
   outer loop
     vertex  6.112054e+01  1.307000e+02  1.804888e+01
     vertex  6.112054e+01  1.367000e+02  1.804888e+01
     vertex  6.106659e+01  1.367000e+02  1.801887e+01
   endloop
 endfacet
 facet normal -5.098678e-01  0.000000e+00  8.602528e-01
   outer loop
     vertex  6.117365e+01  1.307000e+02  1.808035e+01
     vertex  6.112054e+01  1.367000e+02  1.804888e+01
     vertex  6.112054e+01  1.307000e+02  1.804888e+01
   endloop
 endfacet
 facet normal -5.098678e-01  0.000000e+00  8.602528e-01
   outer loop
     vertex  6.117365e+01  1.307000e+02  1.808035e+01
     vertex  6.117365e+01  1.367000e+02  1.808035e+01
     vertex  6.112054e+01  1.367000e+02  1.804888e+01
   endloop
 endfacet
 facet normal -5.332761e-01  0.000000e+00  8.459413e-01
   outer loop
     vertex  6.122587e+01  1.307000e+02  1.811327e+01
     vertex  6.117365e+01  1.367000e+02  1.808035e+01
     vertex  6.117365e+01  1.307000e+02  1.808035e+01
   endloop
 endfacet
 facet normal -5.332761e-01  0.000000e+00  8.459413e-01
   outer loop
     vertex  6.122587e+01  1.307000e+02  1.811327e+01
     vertex  6.122587e+01  1.367000e+02  1.811327e+01
     vertex  6.117365e+01  1.367000e+02  1.808035e+01
   endloop
 endfacet
 facet normal -5.562829e-01  0.000000e+00  8.309929e-01
   outer loop
     vertex  6.127717e+01  1.307000e+02  1.814761e+01
     vertex  6.127717e+01  1.367000e+02  1.814761e+01
     vertex  6.122587e+01  1.367000e+02  1.811327e+01
   endloop
 endfacet
 facet normal -5.562829e-01  0.000000e+00  8.309929e-01
   outer loop
     vertex  6.127717e+01  1.307000e+02  1.814761e+01
     vertex  6.122587e+01  1.367000e+02  1.811327e+01
     vertex  6.122587e+01  1.307000e+02  1.811327e+01
   endloop
 endfacet
 facet normal -5.788711e-01  0.000000e+00  8.154191e-01
   outer loop
     vertex  6.132751e+01  1.307000e+02  1.818335e+01
     vertex  6.132751e+01  1.367000e+02  1.818335e+01
     vertex  6.127717e+01  1.367000e+02  1.814761e+01
   endloop
 endfacet
 facet normal -5.788711e-01  0.000000e+00  8.154191e-01
   outer loop
     vertex  6.132751e+01  1.307000e+02  1.818335e+01
     vertex  6.127717e+01  1.367000e+02  1.814761e+01
     vertex  6.127717e+01  1.307000e+02  1.814761e+01
   endloop
 endfacet
 facet normal -6.010234e-01  0.000000e+00  7.992314e-01
   outer loop
     vertex  6.137684e+01  1.307000e+02  1.822045e+01
     vertex  6.137684e+01  1.367000e+02  1.822045e+01
     vertex  6.132751e+01  1.367000e+02  1.818335e+01
   endloop
 endfacet
 facet normal -6.010234e-01  0.000000e+00  7.992314e-01
   outer loop
     vertex  6.137684e+01  1.307000e+02  1.822045e+01
     vertex  6.132751e+01  1.367000e+02  1.818335e+01
     vertex  6.132751e+01  1.307000e+02  1.818335e+01
   endloop
 endfacet
 facet normal -6.227234e-01  0.000000e+00  7.824421e-01
   outer loop
     vertex  6.142515e+01  1.307000e+02  1.825889e+01
     vertex  6.142515e+01  1.367000e+02  1.825889e+01
     vertex  6.137684e+01  1.367000e+02  1.822045e+01
   endloop
 endfacet
 facet normal -6.227234e-01  0.000000e+00  7.824421e-01
   outer loop
     vertex  6.142515e+01  1.307000e+02  1.825889e+01
     vertex  6.137684e+01  1.367000e+02  1.822045e+01
     vertex  6.137684e+01  1.307000e+02  1.822045e+01
   endloop
 endfacet
 facet normal -6.439545e-01  0.000000e+00  7.650637e-01
   outer loop
     vertex  6.147238e+01  1.307000e+02  1.829864e+01
     vertex  6.147238e+01  1.367000e+02  1.829864e+01
     vertex  6.142515e+01  1.367000e+02  1.825889e+01
   endloop
 endfacet
 facet normal -6.439545e-01  0.000000e+00  7.650637e-01
   outer loop
     vertex  6.147238e+01  1.307000e+02  1.829864e+01
     vertex  6.142515e+01  1.367000e+02  1.825889e+01
     vertex  6.142515e+01  1.307000e+02  1.825889e+01
   endloop
 endfacet
 facet normal -6.647010e-01  0.000000e+00  7.471095e-01
   outer loop
     vertex  6.151850e+01  1.307000e+02  1.833968e+01
     vertex  6.151850e+01  1.367000e+02  1.833968e+01
     vertex  6.147238e+01  1.367000e+02  1.829864e+01
   endloop
 endfacet
 facet normal -6.849470e-01  0.000000e+00  7.285929e-01
   outer loop
     vertex  6.151850e+01  1.307000e+02  1.833968e+01
     vertex  6.156347e+01  1.367000e+02  1.838196e+01
     vertex  6.151850e+01  1.367000e+02  1.833968e+01
   endloop
 endfacet
 facet normal -6.647010e-01  0.000000e+00  7.471095e-01
   outer loop
     vertex  6.151850e+01  1.307000e+02  1.833968e+01
     vertex  6.147238e+01  1.367000e+02  1.829864e+01
     vertex  6.147238e+01  1.307000e+02  1.829864e+01
   endloop
 endfacet
 facet normal -6.849470e-01  0.000000e+00  7.285929e-01
   outer loop
     vertex  6.156347e+01  1.307000e+02  1.838196e+01
     vertex  6.156347e+01  1.367000e+02  1.838196e+01
     vertex  6.151850e+01  1.307000e+02  1.833968e+01
   endloop
 endfacet
 facet normal -7.046775e-01  0.000000e+00  7.095278e-01
   outer loop
     vertex  6.160728e+01  1.307000e+02  1.842546e+01
     vertex  6.160728e+01  1.367000e+02  1.842546e+01
     vertex  6.156347e+01  1.367000e+02  1.838196e+01
   endloop
 endfacet
 facet normal -7.238775e-01  0.000000e+00  6.899286e-01
   outer loop
     vertex  6.160728e+01  1.307000e+02  1.842546e+01
     vertex  6.164987e+01  1.367000e+02  1.847015e+01
     vertex  6.160728e+01  1.367000e+02  1.842546e+01
   endloop
 endfacet
 facet normal -7.046775e-01  0.000000e+00  7.095278e-01
   outer loop
     vertex  6.160728e+01  1.307000e+02  1.842546e+01
     vertex  6.156347e+01  1.367000e+02  1.838196e+01
     vertex  6.156347e+01  1.307000e+02  1.838196e+01
   endloop
 endfacet
 facet normal -7.238775e-01  0.000000e+00  6.899286e-01
   outer loop
     vertex  6.164987e+01  1.307000e+02  1.847015e+01
     vertex  6.164987e+01  1.367000e+02  1.847015e+01
     vertex  6.160728e+01  1.307000e+02  1.842546e+01
   endloop
 endfacet
 facet normal -7.425325e-01  0.000000e+00  6.698100e-01
   outer loop
     vertex  6.169122e+01  1.307000e+02  1.851599e+01
     vertex  6.169122e+01  1.367000e+02  1.851599e+01
     vertex  6.164987e+01  1.367000e+02  1.847015e+01
   endloop
 endfacet
 facet normal -7.425325e-01  0.000000e+00  6.698100e-01
   outer loop
     vertex  6.169122e+01  1.307000e+02  1.851599e+01
     vertex  6.164987e+01  1.367000e+02  1.847015e+01
     vertex  6.164987e+01  1.307000e+02  1.847015e+01
   endloop
 endfacet
 facet normal -7.606287e-01  0.000000e+00  6.491872e-01
   outer loop
     vertex  6.173129e+01  1.307000e+02  1.856294e+01
     vertex  6.173129e+01  1.367000e+02  1.856294e+01
     vertex  6.169122e+01  1.367000e+02  1.851599e+01
   endloop
 endfacet
 facet normal -7.781522e-01  0.000000e+00  6.280757e-01
   outer loop
     vertex  6.173129e+01  1.307000e+02  1.856294e+01
     vertex  6.177006e+01  1.367000e+02  1.861098e+01
     vertex  6.173129e+01  1.367000e+02  1.856294e+01
   endloop
 endfacet
 facet normal -7.606287e-01  0.000000e+00  6.491872e-01
   outer loop
     vertex  6.173129e+01  1.307000e+02  1.856294e+01
     vertex  6.169122e+01  1.367000e+02  1.851599e+01
     vertex  6.169122e+01  1.307000e+02  1.851599e+01
   endloop
 endfacet
 facet normal -7.950900e-01  0.000000e+00  6.064915e-01
   outer loop
     vertex  6.177006e+01  1.307000e+02  1.861098e+01
     vertex  6.180750e+01  1.367000e+02  1.866006e+01
     vertex  6.177006e+01  1.367000e+02  1.861098e+01
   endloop
 endfacet
 facet normal -7.781522e-01  0.000000e+00  6.280757e-01
   outer loop
     vertex  6.177006e+01  1.307000e+02  1.861098e+01
     vertex  6.177006e+01  1.367000e+02  1.861098e+01
     vertex  6.173129e+01  1.307000e+02  1.856294e+01
   endloop
 endfacet
 facet normal -7.950900e-01  0.000000e+00  6.064915e-01
   outer loop
     vertex  6.180750e+01  1.307000e+02  1.866006e+01
     vertex  6.180750e+01  1.367000e+02  1.866006e+01
     vertex  6.177006e+01  1.307000e+02  1.861098e+01
   endloop
 endfacet
 facet normal -8.114292e-01  0.000000e+00  5.844507e-01
   outer loop
     vertex  6.184358e+01  1.307000e+02  1.871016e+01
     vertex  6.180750e+01  1.367000e+02  1.866006e+01
     vertex  6.180750e+01  1.307000e+02  1.866006e+01
   endloop
 endfacet
 facet normal -8.114292e-01  0.000000e+00  5.844507e-01
   outer loop
     vertex  6.184358e+01  1.307000e+02  1.871016e+01
     vertex  6.184358e+01  1.367000e+02  1.871016e+01
     vertex  6.180750e+01  1.367000e+02  1.866006e+01
   endloop
 endfacet
 facet normal -8.271577e-01  0.000000e+00  5.619699e-01
   outer loop
     vertex  6.187828e+01  1.307000e+02  1.876122e+01
     vertex  6.187828e+01  1.367000e+02  1.876122e+01
     vertex  6.184358e+01  1.367000e+02  1.871016e+01
   endloop
 endfacet
 facet normal -8.271577e-01  0.000000e+00  5.619699e-01
   outer loop
     vertex  6.187828e+01  1.307000e+02  1.876122e+01
     vertex  6.184358e+01  1.367000e+02  1.871016e+01
     vertex  6.184358e+01  1.307000e+02  1.871016e+01
   endloop
 endfacet
 facet normal -8.422635e-01  0.000000e+00  5.390661e-01
   outer loop
     vertex  6.191155e+01  1.307000e+02  1.881321e+01
     vertex  6.187828e+01  1.367000e+02  1.876122e+01
     vertex  6.187828e+01  1.307000e+02  1.876122e+01
   endloop
 endfacet
 facet normal -8.422635e-01  0.000000e+00  5.390661e-01
   outer loop
     vertex  6.191155e+01  1.307000e+02  1.881321e+01
     vertex  6.191155e+01  1.367000e+02  1.881321e+01
     vertex  6.187828e+01  1.367000e+02  1.876122e+01
   endloop
 endfacet
 facet normal -8.567352e-01  0.000000e+00  5.157565e-01
   outer loop
     vertex  6.194339e+01  1.307000e+02  1.886610e+01
     vertex  6.191155e+01  1.367000e+02  1.881321e+01
     vertex  6.191155e+01  1.307000e+02  1.881321e+01
   endloop
 endfacet
 facet normal -8.567352e-01  0.000000e+00  5.157565e-01
   outer loop
     vertex  6.194339e+01  1.307000e+02  1.886610e+01
     vertex  6.194339e+01  1.367000e+02  1.886610e+01
     vertex  6.191155e+01  1.367000e+02  1.881321e+01
   endloop
 endfacet
 facet normal -8.705620e-01  0.000000e+00  4.920587e-01
   outer loop
     vertex  6.197377e+01  1.307000e+02  1.891984e+01
     vertex  6.194339e+01  1.367000e+02  1.886610e+01
     vertex  6.194339e+01  1.307000e+02  1.886610e+01
   endloop
 endfacet
 facet normal -8.705620e-01  0.000000e+00  4.920587e-01
   outer loop
     vertex  6.197377e+01  1.307000e+02  1.891984e+01
     vertex  6.197377e+01  1.367000e+02  1.891984e+01
     vertex  6.194339e+01  1.367000e+02  1.886610e+01
   endloop
 endfacet
 facet normal -8.837335e-01  0.000000e+00  4.679904e-01
   outer loop
     vertex  6.200266e+01  1.307000e+02  1.897440e+01
     vertex  6.197377e+01  1.367000e+02  1.891984e+01
     vertex  6.197377e+01  1.307000e+02  1.891984e+01
   endloop
 endfacet
 facet normal -8.837335e-01  0.000000e+00  4.679904e-01
   outer loop
     vertex  6.200266e+01  1.307000e+02  1.897440e+01
     vertex  6.200266e+01  1.367000e+02  1.897440e+01
     vertex  6.197377e+01  1.367000e+02  1.891984e+01
   endloop
 endfacet
 facet normal -8.962398e-01  0.000000e+00  4.435699e-01
   outer loop
     vertex  6.203004e+01  1.307000e+02  1.902973e+01
     vertex  6.200266e+01  1.367000e+02  1.897440e+01
     vertex  6.200266e+01  1.307000e+02  1.897440e+01
   endloop
 endfacet
 facet normal -8.962398e-01  0.000000e+00  4.435699e-01
   outer loop
     vertex  6.203004e+01  1.307000e+02  1.902973e+01
     vertex  6.203004e+01  1.367000e+02  1.902973e+01
     vertex  6.200266e+01  1.367000e+02  1.897440e+01
   endloop
 endfacet
 facet normal -9.080714e-01  0.000000e+00  4.188155e-01
   outer loop
     vertex  6.205590e+01  1.307000e+02  1.908578e+01
     vertex  6.203004e+01  1.367000e+02  1.902973e+01
     vertex  6.203004e+01  1.307000e+02  1.902973e+01
   endloop
 endfacet
 facet normal -9.080714e-01  0.000000e+00  4.188155e-01
   outer loop
     vertex  6.205590e+01  1.307000e+02  1.908578e+01
     vertex  6.205590e+01  1.367000e+02  1.908578e+01
     vertex  6.203004e+01  1.367000e+02  1.902973e+01
   endloop
 endfacet
 facet normal -9.192194e-01  0.000000e+00  3.937458e-01
   outer loop
     vertex  6.208020e+01  1.307000e+02  1.914253e+01
     vertex  6.205590e+01  1.367000e+02  1.908578e+01
     vertex  6.205590e+01  1.307000e+02  1.908578e+01
   endloop
 endfacet
 facet normal -9.192194e-01  0.000000e+00  3.937458e-01
   outer loop
     vertex  6.208020e+01  1.307000e+02  1.914253e+01
     vertex  6.208020e+01  1.367000e+02  1.914253e+01
     vertex  6.205590e+01  1.367000e+02  1.908578e+01
   endloop
 endfacet
 facet normal -9.296754e-01  0.000000e+00  3.683796e-01
   outer loop
     vertex  6.210294e+01  1.307000e+02  1.919992e+01
     vertex  6.208020e+01  1.367000e+02  1.914253e+01
     vertex  6.208020e+01  1.307000e+02  1.914253e+01
   endloop
 endfacet
 facet normal -9.296754e-01  0.000000e+00  3.683796e-01
   outer loop
     vertex  6.210294e+01  1.307000e+02  1.919992e+01
     vertex  6.210294e+01  1.367000e+02  1.919992e+01
     vertex  6.208020e+01  1.367000e+02  1.914253e+01
   endloop
 endfacet
 facet normal -9.394317e-01  0.000000e+00  3.427362e-01
   outer loop
     vertex  6.210294e+01  1.307000e+02  1.919992e+01
     vertex  6.212410e+01  1.367000e+02  1.925791e+01
     vertex  6.210294e+01  1.367000e+02  1.919992e+01
   endloop
 endfacet
 facet normal -9.394317e-01  0.000000e+00  3.427362e-01
   outer loop
     vertex  6.212410e+01  1.307000e+02  1.925791e+01
     vertex  6.212410e+01  1.367000e+02  1.925791e+01
     vertex  6.210294e+01  1.307000e+02  1.919992e+01
   endloop
 endfacet
 facet normal -9.484807e-01  0.000000e+00  3.168348e-01
   outer loop
     vertex  6.214366e+01  1.307000e+02  1.931646e+01
     vertex  6.212410e+01  1.367000e+02  1.925791e+01
     vertex  6.212410e+01  1.307000e+02  1.925791e+01
   endloop
 endfacet
 facet normal -9.484807e-01  0.000000e+00  3.168348e-01
   outer loop
     vertex  6.214366e+01  1.307000e+02  1.931646e+01
     vertex  6.214366e+01  1.367000e+02  1.931646e+01
     vertex  6.212410e+01  1.367000e+02  1.925791e+01
   endloop
 endfacet
 facet normal -9.568158e-01  0.000000e+00  2.906949e-01
   outer loop
     vertex  6.216161e+01  1.307000e+02  1.937553e+01
     vertex  6.214366e+01  1.367000e+02  1.931646e+01
     vertex  6.214366e+01  1.307000e+02  1.931646e+01
   endloop
 endfacet
 facet normal -9.568158e-01  0.000000e+00  2.906949e-01
   outer loop
     vertex  6.216161e+01  1.307000e+02  1.937553e+01
     vertex  6.216161e+01  1.367000e+02  1.937553e+01
     vertex  6.214366e+01  1.367000e+02  1.931646e+01
   endloop
 endfacet
 facet normal -9.644306e-01  0.000000e+00  2.643362e-01
   outer loop
     vertex  6.217792e+01  1.307000e+02  1.943507e+01
     vertex  6.216161e+01  1.367000e+02  1.937553e+01
     vertex  6.216161e+01  1.307000e+02  1.937553e+01
   endloop
 endfacet
 facet normal -9.644306e-01  0.000000e+00  2.643362e-01
   outer loop
     vertex  6.217792e+01  1.307000e+02  1.943507e+01
     vertex  6.217792e+01  1.367000e+02  1.943507e+01
     vertex  6.216161e+01  1.367000e+02  1.937553e+01
   endloop
 endfacet
 facet normal -9.713194e-01  0.000000e+00  2.377784e-01
   outer loop
     vertex  6.219260e+01  1.307000e+02  1.949503e+01
     vertex  6.217792e+01  1.367000e+02  1.943507e+01
     vertex  6.217792e+01  1.307000e+02  1.943507e+01
   endloop
 endfacet
 facet normal -9.713194e-01  0.000000e+00  2.377784e-01
   outer loop
     vertex  6.219260e+01  1.307000e+02  1.949503e+01
     vertex  6.219260e+01  1.367000e+02  1.949503e+01
     vertex  6.217792e+01  1.367000e+02  1.943507e+01
   endloop
 endfacet
 facet normal -9.774771e-01  0.000000e+00  2.110417e-01
   outer loop
     vertex  6.220563e+01  1.307000e+02  1.955537e+01
     vertex  6.219260e+01  1.367000e+02  1.949503e+01
     vertex  6.219260e+01  1.307000e+02  1.949503e+01
   endloop
 endfacet
 facet normal -9.774771e-01  0.000000e+00  2.110417e-01
   outer loop
     vertex  6.220563e+01  1.307000e+02  1.955537e+01
     vertex  6.220563e+01  1.367000e+02  1.955537e+01
     vertex  6.219260e+01  1.367000e+02  1.949503e+01
   endloop
 endfacet
 facet normal -9.828989e-01  0.000000e+00  1.841461e-01
   outer loop
     vertex  6.221700e+01  1.307000e+02  1.961605e+01
     vertex  6.220563e+01  1.367000e+02  1.955537e+01
     vertex  6.220563e+01  1.307000e+02  1.955537e+01
   endloop
 endfacet
 facet normal -9.828989e-01  0.000000e+00  1.841461e-01
   outer loop
     vertex  6.221700e+01  1.307000e+02  1.961605e+01
     vertex  6.221700e+01  1.367000e+02  1.961605e+01
     vertex  6.220563e+01  1.367000e+02  1.955537e+01
   endloop
 endfacet
 facet normal -9.875808e-01  0.000000e+00  1.571119e-01
   outer loop
     vertex  6.221700e+01  1.307000e+02  1.961605e+01
     vertex  6.222670e+01  1.367000e+02  1.967701e+01
     vertex  6.221700e+01  1.367000e+02  1.961605e+01
   endloop
 endfacet
 facet normal -9.875808e-01  0.000000e+00  1.571119e-01
   outer loop
     vertex  6.222670e+01  1.307000e+02  1.967701e+01
     vertex  6.222670e+01  1.367000e+02  1.967701e+01
     vertex  6.221700e+01  1.307000e+02  1.961605e+01
   endloop
 endfacet
 facet normal -9.915193e-01  0.000000e+00  1.299594e-01
   outer loop
     vertex  6.222670e+01  1.307000e+02  1.967701e+01
     vertex  6.223472e+01  1.367000e+02  1.973822e+01
     vertex  6.222670e+01  1.367000e+02  1.967701e+01
   endloop
 endfacet
 facet normal -9.915193e-01  0.000000e+00  1.299594e-01
   outer loop
     vertex  6.223472e+01  1.307000e+02  1.973822e+01
     vertex  6.223472e+01  1.367000e+02  1.973822e+01
     vertex  6.222670e+01  1.307000e+02  1.967701e+01
   endloop
 endfacet
 facet normal -9.947114e-01  0.000000e+00  1.027091e-01
   outer loop
     vertex  6.224106e+01  1.307000e+02  1.979963e+01
     vertex  6.223472e+01  1.367000e+02  1.973822e+01
     vertex  6.223472e+01  1.307000e+02  1.973822e+01
   endloop
 endfacet
 facet normal -9.947114e-01  0.000000e+00  1.027091e-01
   outer loop
     vertex  6.224106e+01  1.307000e+02  1.979963e+01
     vertex  6.224106e+01  1.367000e+02  1.979963e+01
     vertex  6.223472e+01  1.367000e+02  1.973822e+01
   endloop
 endfacet
 facet normal -9.971548e-01  0.000000e+00  7.538152e-02
   outer loop
     vertex  6.224571e+01  1.307000e+02  1.986119e+01
     vertex  6.224106e+01  1.367000e+02  1.979963e+01
     vertex  6.224106e+01  1.307000e+02  1.979963e+01
   endloop
 endfacet
 facet normal -9.971548e-01  0.000000e+00  7.538152e-02
   outer loop
     vertex  6.224571e+01  1.307000e+02  1.986119e+01
     vertex  6.224571e+01  1.367000e+02  1.986119e+01
     vertex  6.224106e+01  1.367000e+02  1.979963e+01
   endloop
 endfacet
 facet normal -9.988475e-01  0.000000e+00  4.799716e-02
   outer loop
     vertex  6.224868e+01  1.307000e+02  1.992285e+01
     vertex  6.224571e+01  1.367000e+02  1.986119e+01
     vertex  6.224571e+01  1.307000e+02  1.986119e+01
   endloop
 endfacet
 facet normal -9.988475e-01  0.000000e+00  4.799716e-02
   outer loop
     vertex  6.224868e+01  1.307000e+02  1.992285e+01
     vertex  6.224868e+01  1.367000e+02  1.992285e+01
     vertex  6.224571e+01  1.367000e+02  1.986119e+01
   endloop
 endfacet
 facet normal -9.997883e-01  0.000000e+00  2.057667e-02
   outer loop
     vertex  6.224995e+01  1.307000e+02  1.998457e+01
     vertex  6.224995e+01  1.367000e+02  1.998457e+01
     vertex  6.224868e+01  1.367000e+02  1.992285e+01
   endloop
 endfacet
 facet normal -9.997883e-01  0.000000e+00  2.057667e-02
   outer loop
     vertex  6.224995e+01  1.307000e+02  1.998457e+01
     vertex  6.224868e+01  1.367000e+02  1.992285e+01
     vertex  6.224868e+01  1.307000e+02  1.992285e+01
   endloop
 endfacet
 facet normal -9.999765e-01  0.000000e+00 -6.859319e-03
   outer loop
     vertex  6.224995e+01  1.307000e+02  1.998457e+01
     vertex  6.224952e+01  1.367000e+02  2.004630e+01
     vertex  6.224995e+01  1.367000e+02  1.998457e+01
   endloop
 endfacet
 facet normal -9.999765e-01  0.000000e+00 -6.859319e-03
   outer loop
     vertex  6.224952e+01  1.307000e+02  2.004630e+01
     vertex  6.224952e+01  1.367000e+02  2.004630e+01
     vertex  6.224995e+01  1.307000e+02  1.998457e+01
   endloop
 endfacet
 facet normal -9.994119e-01  0.000000e+00 -3.429014e-02
   outer loop
     vertex  6.224741e+01  1.307000e+02  2.010799e+01
     vertex  6.224741e+01  1.367000e+02  2.010799e+01
     vertex  6.224952e+01  1.367000e+02  2.004630e+01
   endloop
 endfacet
 facet normal -9.994119e-01  0.000000e+00 -3.429014e-02
   outer loop
     vertex  6.224741e+01  1.307000e+02  2.010799e+01
     vertex  6.224952e+01  1.367000e+02  2.004630e+01
     vertex  6.224952e+01  1.307000e+02  2.004630e+01
   endloop
 endfacet
 facet normal -9.980950e-01  0.000000e+00 -6.169515e-02
   outer loop
     vertex  6.224360e+01  1.307000e+02  2.016961e+01
     vertex  6.224360e+01  1.367000e+02  2.016961e+01
     vertex  6.224741e+01  1.367000e+02  2.010799e+01
   endloop
 endfacet
 facet normal -9.960268e-01  0.000000e+00 -8.905371e-02
   outer loop
     vertex  6.224360e+01  1.307000e+02  2.016961e+01
     vertex  6.223810e+01  1.367000e+02  2.023110e+01
     vertex  6.224360e+01  1.367000e+02  2.016961e+01
   endloop
 endfacet
 facet normal -9.980950e-01  0.000000e+00 -6.169515e-02
   outer loop
     vertex  6.224360e+01  1.307000e+02  2.016961e+01
     vertex  6.224741e+01  1.367000e+02  2.010799e+01
     vertex  6.224741e+01  1.307000e+02  2.010799e+01
   endloop
 endfacet
 facet normal -9.960268e-01  0.000000e+00 -8.905371e-02
   outer loop
     vertex  6.223810e+01  1.307000e+02  2.023110e+01
     vertex  6.223810e+01  1.367000e+02  2.023110e+01
     vertex  6.224360e+01  1.307000e+02  2.016961e+01
   endloop
 endfacet
 facet normal -9.932088e-01  0.000000e+00 -1.163452e-01
   outer loop
     vertex  6.223092e+01  1.307000e+02  2.029241e+01
     vertex  6.223810e+01  1.367000e+02  2.023110e+01
     vertex  6.223810e+01  1.307000e+02  2.023110e+01
   endloop
 endfacet
 facet normal -9.932088e-01  0.000000e+00 -1.163452e-01
   outer loop
     vertex  6.223092e+01  1.307000e+02  2.029241e+01
     vertex  6.223092e+01  1.367000e+02  2.029241e+01
     vertex  6.223810e+01  1.367000e+02  2.023110e+01
   endloop
 endfacet
 facet normal -9.896432e-01  0.000000e+00 -1.435492e-01
   outer loop
     vertex  6.222206e+01  1.307000e+02  2.035350e+01
     vertex  6.223092e+01  1.367000e+02  2.029241e+01
     vertex  6.223092e+01  1.307000e+02  2.029241e+01
   endloop
 endfacet
 facet normal -9.896432e-01  0.000000e+00 -1.435492e-01
   outer loop
     vertex  6.222206e+01  1.307000e+02  2.035350e+01
     vertex  6.222206e+01  1.367000e+02  2.035350e+01
     vertex  6.223092e+01  1.367000e+02  2.029241e+01
   endloop
 endfacet
 facet normal -9.853326e-01  0.000000e+00 -1.706451e-01
   outer loop
     vertex  6.222206e+01  1.307000e+02  2.035350e+01
     vertex  6.221152e+01  1.367000e+02  2.041433e+01
     vertex  6.222206e+01  1.367000e+02  2.035350e+01
   endloop
 endfacet
 facet normal -9.853326e-01  0.000000e+00 -1.706451e-01
   outer loop
     vertex  6.221152e+01  1.307000e+02  2.041433e+01
     vertex  6.221152e+01  1.367000e+02  2.041433e+01
     vertex  6.222206e+01  1.307000e+02  2.035350e+01
   endloop
 endfacet
 facet normal -9.802802e-01  0.000000e+00 -1.976125e-01
   outer loop
     vertex  6.219932e+01  1.307000e+02  2.047484e+01
     vertex  6.221152e+01  1.367000e+02  2.041433e+01
     vertex  6.221152e+01  1.307000e+02  2.041433e+01
   endloop
 endfacet
 facet normal -9.802802e-01  0.000000e+00 -1.976125e-01
   outer loop
     vertex  6.219932e+01  1.307000e+02  2.047484e+01
     vertex  6.219932e+01  1.367000e+02  2.047484e+01
     vertex  6.221152e+01  1.367000e+02  2.041433e+01
   endloop
 endfacet
 facet normal -9.744899e-01  0.000000e+00 -2.244312e-01
   outer loop
     vertex  6.218547e+01  1.307000e+02  2.053500e+01
     vertex  6.219932e+01  1.367000e+02  2.047484e+01
     vertex  6.219932e+01  1.307000e+02  2.047484e+01
   endloop
 endfacet
 facet normal -9.744899e-01  0.000000e+00 -2.244312e-01
   outer loop
     vertex  6.218547e+01  1.307000e+02  2.053500e+01
     vertex  6.218547e+01  1.367000e+02  2.053500e+01
     vertex  6.219932e+01  1.367000e+02  2.047484e+01
   endloop
 endfacet
 facet normal -9.679661e-01  0.000000e+00 -2.510809e-01
   outer loop
     vertex  6.218547e+01  1.307000e+02  2.053500e+01
     vertex  6.216997e+01  1.367000e+02  2.059476e+01
     vertex  6.218547e+01  1.367000e+02  2.053500e+01
   endloop
 endfacet
 facet normal -9.679661e-01  0.000000e+00 -2.510809e-01
   outer loop
     vertex  6.216997e+01  1.307000e+02  2.059476e+01
     vertex  6.216997e+01  1.367000e+02  2.059476e+01
     vertex  6.218547e+01  1.307000e+02  2.053500e+01
   endloop
 endfacet
 facet normal -9.607136e-01  0.000000e+00 -2.775416e-01
   outer loop
     vertex  6.215284e+01  1.307000e+02  2.065406e+01
     vertex  6.216997e+01  1.367000e+02  2.059476e+01
     vertex  6.216997e+01  1.307000e+02  2.059476e+01
   endloop
 endfacet
 facet normal -9.607136e-01  0.000000e+00 -2.775416e-01
   outer loop
     vertex  6.215284e+01  1.307000e+02  2.065406e+01
     vertex  6.215284e+01  1.367000e+02  2.065406e+01
     vertex  6.216997e+01  1.367000e+02  2.059476e+01
   endloop
 endfacet
 facet normal -9.527379e-01  0.000000e+00 -3.037934e-01
   outer loop
     vertex  6.213408e+01  1.307000e+02  2.071288e+01
     vertex  6.215284e+01  1.367000e+02  2.065406e+01
     vertex  6.215284e+01  1.307000e+02  2.065406e+01
   endloop
 endfacet
 facet normal -9.527379e-01  0.000000e+00 -3.037934e-01
   outer loop
     vertex  6.213408e+01  1.307000e+02  2.071288e+01
     vertex  6.213408e+01  1.367000e+02  2.071288e+01
     vertex  6.215284e+01  1.367000e+02  2.065406e+01
   endloop
 endfacet
 facet normal -9.440450e-01  0.000000e+00 -3.298166e-01
   outer loop
     vertex  6.211372e+01  1.307000e+02  2.077116e+01
     vertex  6.213408e+01  1.367000e+02  2.071288e+01
     vertex  6.213408e+01  1.307000e+02  2.071288e+01
   endloop
 endfacet
 facet normal -9.440450e-01  0.000000e+00 -3.298166e-01
   outer loop
     vertex  6.211372e+01  1.307000e+02  2.077116e+01
     vertex  6.211372e+01  1.367000e+02  2.077116e+01
     vertex  6.213408e+01  1.367000e+02  2.071288e+01
   endloop
 endfacet
 facet normal -9.346415e-01  0.000000e+00 -3.555914e-01
   outer loop
     vertex  6.211372e+01  1.307000e+02  2.077116e+01
     vertex  6.209177e+01  1.367000e+02  2.082885e+01
     vertex  6.211372e+01  1.367000e+02  2.077116e+01
   endloop
 endfacet
 facet normal -9.346415e-01  0.000000e+00 -3.555914e-01
   outer loop
     vertex  6.209177e+01  1.307000e+02  2.082885e+01
     vertex  6.209177e+01  1.367000e+02  2.082885e+01
     vertex  6.211372e+01  1.307000e+02  2.077116e+01
   endloop
 endfacet
 facet normal -9.137314e-01  0.000000e+00 -4.063188e-01
   outer loop
     vertex  6.206824e+01  1.307000e+02  2.088593e+01
     vertex  6.204316e+01  1.367000e+02  2.094233e+01
     vertex  6.206824e+01  1.367000e+02  2.088593e+01
   endloop
 endfacet
 facet normal -9.245344e-01  0.000000e+00 -3.810986e-01
   outer loop
     vertex  6.206824e+01  1.307000e+02  2.088593e+01
     vertex  6.209177e+01  1.367000e+02  2.082885e+01
     vertex  6.209177e+01  1.307000e+02  2.082885e+01
   endloop
 endfacet
 facet normal -9.245344e-01  0.000000e+00 -3.810986e-01
   outer loop
     vertex  6.206824e+01  1.307000e+02  2.088593e+01
     vertex  6.206824e+01  1.367000e+02  2.088593e+01
     vertex  6.209177e+01  1.367000e+02  2.082885e+01
   endloop
 endfacet
 facet normal -9.137314e-01  0.000000e+00 -4.063188e-01
   outer loop
     vertex  6.204316e+01  1.307000e+02  2.094233e+01
     vertex  6.204316e+01  1.367000e+02  2.094233e+01
     vertex  6.206824e+01  1.307000e+02  2.088593e+01
   endloop
 endfacet
 facet normal -9.022405e-01  0.000000e+00 -4.312333e-01
   outer loop
     vertex  6.201654e+01  1.307000e+02  2.099803e+01
     vertex  6.201654e+01  1.367000e+02  2.099803e+01
     vertex  6.204316e+01  1.367000e+02  2.094233e+01
   endloop
 endfacet
 facet normal -9.022405e-01  0.000000e+00 -4.312333e-01
   outer loop
     vertex  6.201654e+01  1.307000e+02  2.099803e+01
     vertex  6.204316e+01  1.367000e+02  2.094233e+01
     vertex  6.204316e+01  1.307000e+02  2.094233e+01
   endloop
 endfacet
 facet normal -8.900704e-01  0.000000e+00 -4.558231e-01
   outer loop
     vertex  6.198840e+01  1.307000e+02  2.105298e+01
     vertex  6.198840e+01  1.367000e+02  2.105298e+01
     vertex  6.201654e+01  1.367000e+02  2.099803e+01
   endloop
 endfacet
 facet normal -8.772303e-01  0.000000e+00 -4.800697e-01
   outer loop
     vertex  6.198840e+01  1.307000e+02  2.105298e+01
     vertex  6.195876e+01  1.367000e+02  2.110713e+01
     vertex  6.198840e+01  1.367000e+02  2.105298e+01
   endloop
 endfacet
 facet normal -8.900704e-01  0.000000e+00 -4.558231e-01
   outer loop
     vertex  6.198840e+01  1.307000e+02  2.105298e+01
     vertex  6.201654e+01  1.367000e+02  2.099803e+01
     vertex  6.201654e+01  1.307000e+02  2.099803e+01
   endloop
 endfacet
 facet normal -8.772303e-01  0.000000e+00 -4.800697e-01
   outer loop
     vertex  6.195876e+01  1.307000e+02  2.110713e+01
     vertex  6.195876e+01  1.367000e+02  2.110713e+01
     vertex  6.198840e+01  1.307000e+02  2.105298e+01
   endloop
 endfacet
 facet normal -8.637299e-01  0.000000e+00 -5.039550e-01
   outer loop
     vertex  6.192765e+01  1.307000e+02  2.116045e+01
     vertex  6.192765e+01  1.367000e+02  2.116045e+01
     vertex  6.195876e+01  1.367000e+02  2.110713e+01
   endloop
 endfacet
 facet normal -8.637299e-01  0.000000e+00 -5.039550e-01
   outer loop
     vertex  6.192765e+01  1.307000e+02  2.116045e+01
     vertex  6.195876e+01  1.367000e+02  2.110713e+01
     vertex  6.195876e+01  1.307000e+02  2.110713e+01
   endloop
 endfacet
 facet normal -8.495793e-01  0.000000e+00 -5.274609e-01
   outer loop
     vertex  6.189509e+01  1.307000e+02  2.121290e+01
     vertex  6.189509e+01  1.367000e+02  2.121290e+01
     vertex  6.192765e+01  1.367000e+02  2.116045e+01
   endloop
 endfacet
 facet normal -8.347891e-01  0.000000e+00 -5.505698e-01
   outer loop
     vertex  6.189509e+01  1.307000e+02  2.121290e+01
     vertex  6.186110e+01  1.367000e+02  2.126443e+01
     vertex  6.189509e+01  1.367000e+02  2.121290e+01
   endloop
 endfacet
 facet normal -8.495793e-01  0.000000e+00 -5.274609e-01
   outer loop
     vertex  6.189509e+01  1.307000e+02  2.121290e+01
     vertex  6.192765e+01  1.367000e+02  2.116045e+01
     vertex  6.192765e+01  1.307000e+02  2.116045e+01
   endloop
 endfacet
 facet normal -8.347891e-01  0.000000e+00 -5.505698e-01
   outer loop
     vertex  6.186110e+01  1.307000e+02  2.126443e+01
     vertex  6.186110e+01  1.367000e+02  2.126443e+01
     vertex  6.189509e+01  1.307000e+02  2.121290e+01
   endloop
 endfacet
 facet normal -8.193706e-01  0.000000e+00 -5.732642e-01
   outer loop
     vertex  6.182572e+01  1.307000e+02  2.131501e+01
     vertex  6.182572e+01  1.367000e+02  2.131501e+01
     vertex  6.186110e+01  1.367000e+02  2.126443e+01
   endloop
 endfacet
 facet normal -8.193706e-01  0.000000e+00 -5.732642e-01
   outer loop
     vertex  6.182572e+01  1.307000e+02  2.131501e+01
     vertex  6.186110e+01  1.367000e+02  2.126443e+01
     vertex  6.186110e+01  1.307000e+02  2.126443e+01
   endloop
 endfacet
 facet normal -8.033352e-01  0.000000e+00 -5.955271e-01
   outer loop
     vertex  6.178895e+01  1.307000e+02  2.136461e+01
     vertex  6.178895e+01  1.367000e+02  2.136461e+01
     vertex  6.182572e+01  1.367000e+02  2.131501e+01
   endloop
 endfacet
 facet normal -7.866951e-01  0.000000e+00 -6.173417e-01
   outer loop
     vertex  6.178895e+01  1.307000e+02  2.136461e+01
     vertex  6.175084e+01  1.367000e+02  2.141317e+01
     vertex  6.178895e+01  1.367000e+02  2.136461e+01
   endloop
 endfacet
 facet normal -8.033352e-01  0.000000e+00 -5.955271e-01
   outer loop
     vertex  6.178895e+01  1.307000e+02  2.136461e+01
     vertex  6.182572e+01  1.367000e+02  2.131501e+01
     vertex  6.182572e+01  1.307000e+02  2.131501e+01
   endloop
 endfacet
 facet normal -7.866951e-01  0.000000e+00 -6.173417e-01
   outer loop
     vertex  6.175084e+01  1.307000e+02  2.141317e+01
     vertex  6.175084e+01  1.367000e+02  2.141317e+01
     vertex  6.178895e+01  1.307000e+02  2.136461e+01
   endloop
 endfacet
 facet normal -7.694628e-01  0.000000e+00 -6.386916e-01
   outer loop
     vertex  6.171141e+01  1.307000e+02  2.146067e+01
     vertex  6.171141e+01  1.367000e+02  2.146067e+01
     vertex  6.175084e+01  1.367000e+02  2.141317e+01
   endloop
 endfacet
 facet normal -7.694628e-01  0.000000e+00 -6.386916e-01
   outer loop
     vertex  6.171141e+01  1.307000e+02  2.146067e+01
     vertex  6.175084e+01  1.367000e+02  2.141317e+01
     vertex  6.175084e+01  1.307000e+02  2.141317e+01
   endloop
 endfacet
 facet normal -7.516513e-01  0.000000e+00 -6.595607e-01
   outer loop
     vertex  6.167070e+01  1.307000e+02  2.150707e+01
     vertex  6.167070e+01  1.367000e+02  2.150707e+01
     vertex  6.171141e+01  1.367000e+02  2.146067e+01
   endloop
 endfacet
 facet normal -7.516513e-01  0.000000e+00 -6.595607e-01
   outer loop
     vertex  6.167070e+01  1.307000e+02  2.150707e+01
     vertex  6.171141e+01  1.367000e+02  2.146067e+01
     vertex  6.171141e+01  1.307000e+02  2.146067e+01
   endloop
 endfacet
 facet normal -7.332740e-01  0.000000e+00 -6.799333e-01
   outer loop
     vertex  6.162872e+01  1.307000e+02  2.155234e+01
     vertex  6.162872e+01  1.367000e+02  2.155234e+01
     vertex  6.167070e+01  1.367000e+02  2.150707e+01
   endloop
 endfacet
 facet normal -7.143447e-01  0.000000e+00 -6.997940e-01
   outer loop
     vertex  6.162872e+01  1.307000e+02  2.155234e+01
     vertex  6.158552e+01  1.367000e+02  2.159644e+01
     vertex  6.162872e+01  1.367000e+02  2.155234e+01
   endloop
 endfacet
 facet normal -7.332740e-01  0.000000e+00 -6.799333e-01
   outer loop
     vertex  6.162872e+01  1.307000e+02  2.155234e+01
     vertex  6.167070e+01  1.367000e+02  2.150707e+01
     vertex  6.167070e+01  1.307000e+02  2.150707e+01
   endloop
 endfacet
 facet normal -7.143447e-01  0.000000e+00 -6.997940e-01
   outer loop
     vertex  6.158552e+01  1.307000e+02  2.159644e+01
     vertex  6.158552e+01  1.367000e+02  2.159644e+01
     vertex  6.162872e+01  1.307000e+02  2.155234e+01
   endloop
 endfacet
 facet normal -6.948776e-01  0.000000e+00 -7.191280e-01
   outer loop
     vertex  6.158552e+01  1.307000e+02  2.159644e+01
     vertex  6.154113e+01  1.367000e+02  2.163933e+01
     vertex  6.158552e+01  1.367000e+02  2.159644e+01
   endloop
 endfacet
 facet normal -6.948776e-01  0.000000e+00 -7.191280e-01
   outer loop
     vertex  6.154113e+01  1.307000e+02  2.163933e+01
     vertex  6.154113e+01  1.367000e+02  2.163933e+01
     vertex  6.158552e+01  1.307000e+02  2.159644e+01
   endloop
 endfacet
 facet normal -6.748875e-01  0.000000e+00 -7.379206e-01
   outer loop
     vertex  6.154113e+01  1.307000e+02  2.163933e+01
     vertex  6.149558e+01  1.367000e+02  2.168100e+01
     vertex  6.154113e+01  1.367000e+02  2.163933e+01
   endloop
 endfacet
 facet normal -6.748875e-01  0.000000e+00 -7.379206e-01
   outer loop
     vertex  6.149558e+01  1.307000e+02  2.168100e+01
     vertex  6.149558e+01  1.367000e+02  2.168100e+01
     vertex  6.154113e+01  1.307000e+02  2.163933e+01
   endloop
 endfacet
 facet normal -6.543893e-01  0.000000e+00 -7.561578e-01
   outer loop
     vertex  6.144890e+01  1.307000e+02  2.172139e+01
     vertex  6.149558e+01  1.367000e+02  2.168100e+01
     vertex  6.149558e+01  1.307000e+02  2.168100e+01
   endloop
 endfacet
 facet normal -6.543893e-01  0.000000e+00 -7.561578e-01
   outer loop
     vertex  6.144890e+01  1.307000e+02  2.172139e+01
     vertex  6.144890e+01  1.367000e+02  2.172139e+01
     vertex  6.149558e+01  1.367000e+02  2.168100e+01
   endloop
 endfacet
 facet normal -6.333986e-01  0.000000e+00 -7.738257e-01
   outer loop
     vertex  6.144890e+01  1.307000e+02  2.172139e+01
     vertex  6.140113e+01  1.367000e+02  2.176049e+01
     vertex  6.144890e+01  1.367000e+02  2.172139e+01
   endloop
 endfacet
 facet normal -6.333986e-01  0.000000e+00 -7.738257e-01
   outer loop
     vertex  6.140113e+01  1.307000e+02  2.176049e+01
     vertex  6.140113e+01  1.367000e+02  2.176049e+01
     vertex  6.144890e+01  1.307000e+02  2.172139e+01
   endloop
 endfacet
 facet normal -6.119310e-01  0.000000e+00 -7.909112e-01
   outer loop
     vertex  6.135230e+01  1.307000e+02  2.179827e+01
     vertex  6.135230e+01  1.367000e+02  2.179827e+01
     vertex  6.140113e+01  1.367000e+02  2.176049e+01
   endloop
 endfacet
 facet normal -6.119310e-01  0.000000e+00 -7.909112e-01
   outer loop
     vertex  6.135230e+01  1.307000e+02  2.179827e+01
     vertex  6.140113e+01  1.367000e+02  2.176049e+01
     vertex  6.140113e+01  1.307000e+02  2.176049e+01
   endloop
 endfacet
 facet normal -5.900028e-01  0.000000e+00 -8.074012e-01
   outer loop
     vertex  6.130246e+01  1.307000e+02  2.183469e+01
     vertex  6.135230e+01  1.367000e+02  2.179827e+01
     vertex  6.135230e+01  1.307000e+02  2.179827e+01
   endloop
 endfacet
 facet normal -5.900028e-01  0.000000e+00 -8.074012e-01
   outer loop
     vertex  6.130246e+01  1.307000e+02  2.183469e+01
     vertex  6.130246e+01  1.367000e+02  2.183469e+01
     vertex  6.135230e+01  1.367000e+02  2.179827e+01
   endloop
 endfacet
 facet normal -5.676304e-01  0.000000e+00 -8.232835e-01
   outer loop
     vertex  6.130246e+01  1.307000e+02  2.183469e+01
     vertex  6.125164e+01  1.367000e+02  2.186973e+01
     vertex  6.130246e+01  1.367000e+02  2.183469e+01
   endloop
 endfacet
 facet normal -5.448308e-01  0.000000e+00 -8.385460e-01
   outer loop
     vertex  6.125164e+01  1.307000e+02  2.186973e+01
     vertex  6.119987e+01  1.367000e+02  2.190337e+01
     vertex  6.125164e+01  1.367000e+02  2.186973e+01
   endloop
 endfacet
 facet normal -5.676304e-01  0.000000e+00 -8.232835e-01
   outer loop
     vertex  6.125164e+01  1.307000e+02  2.186973e+01
     vertex  6.125164e+01  1.367000e+02  2.186973e+01
     vertex  6.130246e+01  1.307000e+02  2.183469e+01
   endloop
 endfacet
 facet normal -5.448308e-01  0.000000e+00 -8.385460e-01
   outer loop
     vertex  6.119987e+01  1.307000e+02  2.190337e+01
     vertex  6.119987e+01  1.367000e+02  2.190337e+01
     vertex  6.125164e+01  1.307000e+02  2.186973e+01
   endloop
 endfacet
 facet normal -5.216210e-01  0.000000e+00 -8.531773e-01
   outer loop
     vertex  6.114720e+01  1.307000e+02  2.193557e+01
     vertex  6.114720e+01  1.367000e+02  2.193557e+01
     vertex  6.119987e+01  1.367000e+02  2.190337e+01
   endloop
 endfacet
 facet normal -4.980186e-01  0.000000e+00 -8.671664e-01
   outer loop
     vertex  6.114720e+01  1.307000e+02  2.193557e+01
     vertex  6.109367e+01  1.367000e+02  2.196631e+01
     vertex  6.114720e+01  1.367000e+02  2.193557e+01
   endloop
 endfacet
 facet normal -5.216210e-01  0.000000e+00 -8.531773e-01
   outer loop
     vertex  6.114720e+01  1.307000e+02  2.193557e+01
     vertex  6.119987e+01  1.367000e+02  2.190337e+01
     vertex  6.119987e+01  1.307000e+02  2.190337e+01
   endloop
 endfacet
 facet normal -4.980186e-01  0.000000e+00 -8.671664e-01
   outer loop
     vertex  6.109367e+01  1.307000e+02  2.196631e+01
     vertex  6.109367e+01  1.367000e+02  2.196631e+01
     vertex  6.114720e+01  1.307000e+02  2.193557e+01
   endloop
 endfacet
 facet normal -4.740412e-01  0.000000e+00 -8.805026e-01
   outer loop
     vertex  6.103931e+01  1.307000e+02  2.199558e+01
     vertex  6.103931e+01  1.367000e+02  2.199558e+01
     vertex  6.109367e+01  1.367000e+02  2.196631e+01
   endloop
 endfacet
 facet normal -4.740412e-01  0.000000e+00 -8.805026e-01
   outer loop
     vertex  6.103931e+01  1.307000e+02  2.199558e+01
     vertex  6.109367e+01  1.367000e+02  2.196631e+01
     vertex  6.109367e+01  1.307000e+02  2.196631e+01
   endloop
 endfacet
 facet normal -4.497071e-01  0.000000e+00 -8.931761e-01
   outer loop
     vertex  6.098418e+01  1.307000e+02  2.202334e+01
     vertex  6.098418e+01  1.367000e+02  2.202334e+01
     vertex  6.103931e+01  1.367000e+02  2.199558e+01
   endloop
 endfacet
 facet normal -4.250344e-01  0.000000e+00 -9.051772e-01
   outer loop
     vertex  6.098418e+01  1.307000e+02  2.202334e+01
     vertex  6.092830e+01  1.367000e+02  2.204958e+01
     vertex  6.098418e+01  1.367000e+02  2.202334e+01
   endloop
 endfacet
 facet normal -4.497071e-01  0.000000e+00 -8.931761e-01
   outer loop
     vertex  6.098418e+01  1.307000e+02  2.202334e+01
     vertex  6.103931e+01  1.367000e+02  2.199558e+01
     vertex  6.103931e+01  1.307000e+02  2.199558e+01
   endloop
 endfacet
 facet normal -4.250344e-01  0.000000e+00 -9.051772e-01
   outer loop
     vertex  6.092830e+01  1.307000e+02  2.204958e+01
     vertex  6.092830e+01  1.367000e+02  2.204958e+01
     vertex  6.098418e+01  1.307000e+02  2.202334e+01
   endloop
 endfacet
 facet normal -4.000417e-01  0.000000e+00 -9.164969e-01
   outer loop
     vertex  6.087172e+01  1.307000e+02  2.207427e+01
     vertex  6.087172e+01  1.367000e+02  2.207427e+01
     vertex  6.092830e+01  1.367000e+02  2.204958e+01
   endloop
 endfacet
 facet normal -4.000417e-01  0.000000e+00 -9.164969e-01
   outer loop
     vertex  6.087172e+01  1.307000e+02  2.207427e+01
     vertex  6.092830e+01  1.367000e+02  2.204958e+01
     vertex  6.092830e+01  1.307000e+02  2.204958e+01
   endloop
 endfacet
 facet normal -3.747479e-01  0.000000e+00 -9.271267e-01
   outer loop
     vertex  6.081449e+01  1.307000e+02  2.209741e+01
     vertex  6.081449e+01  1.367000e+02  2.209741e+01
     vertex  6.087172e+01  1.367000e+02  2.207427e+01
   endloop
 endfacet
 facet normal -3.491720e-01  0.000000e+00 -9.370586e-01
   outer loop
     vertex  6.081449e+01  1.307000e+02  2.209741e+01
     vertex  6.075664e+01  1.367000e+02  2.211896e+01
     vertex  6.081449e+01  1.367000e+02  2.209741e+01
   endloop
 endfacet
 facet normal -3.747479e-01  0.000000e+00 -9.271267e-01
   outer loop
     vertex  6.081449e+01  1.307000e+02  2.209741e+01
     vertex  6.087172e+01  1.367000e+02  2.207427e+01
     vertex  6.087172e+01  1.307000e+02  2.207427e+01
   endloop
 endfacet
 facet normal -3.491720e-01  0.000000e+00 -9.370586e-01
   outer loop
     vertex  6.075664e+01  1.307000e+02  2.211896e+01
     vertex  6.075664e+01  1.367000e+02  2.211896e+01
     vertex  6.081449e+01  1.307000e+02  2.209741e+01
   endloop
 endfacet
 facet normal -3.233333e-01  0.000000e+00 -9.462851e-01
   outer loop
     vertex  6.069822e+01  1.307000e+02  2.213892e+01
     vertex  6.069822e+01  1.367000e+02  2.213892e+01
     vertex  6.075664e+01  1.367000e+02  2.211896e+01
   endloop
 endfacet
 facet normal -3.233333e-01  0.000000e+00 -9.462851e-01
   outer loop
     vertex  6.069822e+01  1.307000e+02  2.213892e+01
     vertex  6.075664e+01  1.367000e+02  2.211896e+01
     vertex  6.075664e+01  1.307000e+02  2.211896e+01
   endloop
 endfacet
 facet normal -2.972512e-01  0.000000e+00 -9.547993e-01
   outer loop
     vertex  6.063928e+01  1.307000e+02  2.215727e+01
     vertex  6.063928e+01  1.367000e+02  2.215727e+01
     vertex  6.069822e+01  1.367000e+02  2.213892e+01
   endloop
 endfacet
 facet normal -2.709453e-01  0.000000e+00 -9.625948e-01
   outer loop
     vertex  6.063928e+01  1.307000e+02  2.215727e+01
     vertex  6.057986e+01  1.367000e+02  2.217400e+01
     vertex  6.063928e+01  1.367000e+02  2.215727e+01
   endloop
 endfacet
 facet normal -2.972512e-01  0.000000e+00 -9.547993e-01
   outer loop
     vertex  6.063928e+01  1.307000e+02  2.215727e+01
     vertex  6.069822e+01  1.367000e+02  2.213892e+01
     vertex  6.069822e+01  1.307000e+02  2.213892e+01
   endloop
 endfacet
 facet normal -2.709453e-01  0.000000e+00 -9.625948e-01
   outer loop
     vertex  6.057986e+01  1.307000e+02  2.217400e+01
     vertex  6.057986e+01  1.367000e+02  2.217400e+01
     vertex  6.063928e+01  1.307000e+02  2.215727e+01
   endloop
 endfacet
 facet normal -2.444354e-01  0.000000e+00 -9.696656e-01
   outer loop
     vertex  6.052000e+01  1.307000e+02  2.218909e+01
     vertex  6.052000e+01  1.367000e+02  2.218909e+01
     vertex  6.057986e+01  1.367000e+02  2.217400e+01
   endloop
 endfacet
 facet normal -2.444354e-01  0.000000e+00 -9.696656e-01
   outer loop
     vertex  6.052000e+01  1.307000e+02  2.218909e+01
     vertex  6.057986e+01  1.367000e+02  2.217400e+01
     vertex  6.057986e+01  1.307000e+02  2.217400e+01
   endloop
 endfacet
 facet normal -2.177416e-01  0.000000e+00 -9.760065e-01
   outer loop
     vertex  6.045975e+01  1.307000e+02  2.220253e+01
     vertex  6.045975e+01  1.367000e+02  2.220253e+01
     vertex  6.052000e+01  1.367000e+02  2.218909e+01
   endloop
 endfacet
 facet normal -1.908838e-01  0.000000e+00 -9.816126e-01
   outer loop
     vertex  6.045975e+01  1.307000e+02  2.220253e+01
     vertex  6.039915e+01  1.367000e+02  2.221431e+01
     vertex  6.045975e+01  1.367000e+02  2.220253e+01
   endloop
 endfacet
 facet normal -2.177416e-01  0.000000e+00 -9.760065e-01
   outer loop
     vertex  6.045975e+01  1.307000e+02  2.220253e+01
     vertex  6.052000e+01  1.367000e+02  2.218909e+01
     vertex  6.052000e+01  1.307000e+02  2.218909e+01
   endloop
 endfacet
 facet normal -1.908838e-01  0.000000e+00 -9.816126e-01
   outer loop
     vertex  6.039915e+01  1.307000e+02  2.221431e+01
     vertex  6.039915e+01  1.367000e+02  2.221431e+01
     vertex  6.045975e+01  1.307000e+02  2.220253e+01
   endloop
 endfacet
 facet normal -1.638824e-01  0.000000e+00 -9.864799e-01
   outer loop
     vertex  6.033825e+01  1.307000e+02  2.222443e+01
     vertex  6.033825e+01  1.367000e+02  2.222443e+01
     vertex  6.039915e+01  1.367000e+02  2.221431e+01
   endloop
 endfacet
 facet normal -1.638824e-01  0.000000e+00 -9.864799e-01
   outer loop
     vertex  6.033825e+01  1.307000e+02  2.222443e+01
     vertex  6.039915e+01  1.367000e+02  2.221431e+01
     vertex  6.039915e+01  1.307000e+02  2.221431e+01
   endloop
 endfacet
 facet normal -1.367575e-01  0.000000e+00 -9.906046e-01
   outer loop
     vertex  6.027710e+01  1.307000e+02  2.223287e+01
     vertex  6.027710e+01  1.367000e+02  2.223287e+01
     vertex  6.033825e+01  1.367000e+02  2.222443e+01
   endloop
 endfacet
 facet normal -1.095298e-01  0.000000e+00 -9.939835e-01
   outer loop
     vertex  6.027710e+01  1.307000e+02  2.223287e+01
     vertex  6.021574e+01  1.367000e+02  2.223963e+01
     vertex  6.027710e+01  1.367000e+02  2.223287e+01
   endloop
 endfacet
 facet normal -1.367575e-01  0.000000e+00 -9.906046e-01
   outer loop
     vertex  6.027710e+01  1.307000e+02  2.223287e+01
     vertex  6.033825e+01  1.367000e+02  2.222443e+01
     vertex  6.033825e+01  1.307000e+02  2.222443e+01
   endloop
 endfacet
 facet normal -1.095298e-01  0.000000e+00 -9.939835e-01
   outer loop
     vertex  6.021574e+01  1.307000e+02  2.223963e+01
     vertex  6.021574e+01  1.367000e+02  2.223963e+01
     vertex  6.027710e+01  1.307000e+02  2.223287e+01
   endloop
 endfacet
 facet normal -8.221955e-02  0.000000e+00 -9.966142e-01
   outer loop
     vertex  6.015421e+01  1.307000e+02  2.224471e+01
     vertex  6.021574e+01  1.367000e+02  2.223963e+01
     vertex  6.021574e+01  1.307000e+02  2.223963e+01
   endloop
 endfacet
 facet normal -8.221955e-02  0.000000e+00 -9.966142e-01
   outer loop
     vertex  6.015421e+01  1.307000e+02  2.224471e+01
     vertex  6.015421e+01  1.367000e+02  2.224471e+01
     vertex  6.021574e+01  1.367000e+02  2.223963e+01
   endloop
 endfacet
 facet normal -5.484744e-02  0.000000e+00 -9.984947e-01
   outer loop
     vertex  6.015421e+01  1.307000e+02  2.224471e+01
     vertex  6.009258e+01  1.367000e+02  2.224809e+01
     vertex  6.015421e+01  1.367000e+02  2.224471e+01
   endloop
 endfacet
 facet normal -5.484744e-02  0.000000e+00 -9.984947e-01
   outer loop
     vertex  6.009258e+01  1.307000e+02  2.224809e+01
     vertex  6.009258e+01  1.367000e+02  2.224809e+01
     vertex  6.015421e+01  1.307000e+02  2.224471e+01
   endloop
 endfacet
 facet normal -2.743405e-02  0.000000e+00 -9.996236e-01
   outer loop
     vertex  6.009258e+01  1.307000e+02  2.224809e+01
     vertex  6.003087e+01  1.367000e+02  2.224979e+01
     vertex  6.009258e+01  1.367000e+02  2.224809e+01
   endloop
 endfacet
 facet normal -2.743405e-02  0.000000e+00 -9.996236e-01
   outer loop
     vertex  6.003087e+01  1.307000e+02  2.224979e+01
     vertex  6.003087e+01  1.367000e+02  2.224979e+01
     vertex  6.009258e+01  1.307000e+02  2.224809e+01
   endloop
 endfacet
 facet normal  0.000000e+00  0.000000e+00 -1.000000e+00
   outer loop
     vertex  6.003087e+01  1.307000e+02  2.224979e+01
     vertex  5.996913e+01  1.367000e+02  2.224979e+01
     vertex  6.003087e+01  1.367000e+02  2.224979e+01
   endloop
 endfacet
 facet normal  0.000000e+00  0.000000e+00 -1.000000e+00
   outer loop
     vertex  5.996913e+01  1.307000e+02  2.224979e+01
     vertex  5.996913e+01  1.367000e+02  2.224979e+01
     vertex  6.003087e+01  1.307000e+02  2.224979e+01
   endloop
 endfacet
 facet normal  2.743405e-02  0.000000e+00 -9.996236e-01
   outer loop
     vertex  5.990742e+01  1.307000e+02  2.224809e+01
     vertex  5.996913e+01  1.367000e+02  2.224979e+01
     vertex  5.996913e+01  1.307000e+02  2.224979e+01
   endloop
 endfacet
 facet normal  2.743405e-02  0.000000e+00 -9.996236e-01
   outer loop
     vertex  5.990742e+01  1.307000e+02  2.224809e+01
     vertex  5.990742e+01  1.367000e+02  2.224809e+01
     vertex  5.996913e+01  1.367000e+02  2.224979e+01
   endloop
 endfacet
 facet normal  5.484744e-02  0.000000e+00 -9.984947e-01
   outer loop
     vertex  5.984579e+01  1.307000e+02  2.224471e+01
     vertex  5.990742e+01  1.367000e+02  2.224809e+01
     vertex  5.990742e+01  1.307000e+02  2.224809e+01
   endloop
 endfacet
 facet normal  5.484744e-02  0.000000e+00 -9.984947e-01
   outer loop
     vertex  5.984579e+01  1.307000e+02  2.224471e+01
     vertex  5.984579e+01  1.367000e+02  2.224471e+01
     vertex  5.990742e+01  1.367000e+02  2.224809e+01
   endloop
 endfacet
 facet normal  8.221955e-02  0.000000e+00 -9.966142e-01
   outer loop
     vertex  5.978426e+01  1.307000e+02  2.223963e+01
     vertex  5.984579e+01  1.367000e+02  2.224471e+01
     vertex  5.984579e+01  1.307000e+02  2.224471e+01
   endloop
 endfacet
 facet normal  8.221955e-02  0.000000e+00 -9.966142e-01
   outer loop
     vertex  5.978426e+01  1.307000e+02  2.223963e+01
     vertex  5.978426e+01  1.367000e+02  2.223963e+01
     vertex  5.984579e+01  1.367000e+02  2.224471e+01
   endloop
 endfacet
 facet normal  1.095298e-01  0.000000e+00 -9.939835e-01
   outer loop
     vertex  5.978426e+01  1.307000e+02  2.223963e+01
     vertex  5.972290e+01  1.367000e+02  2.223287e+01
     vertex  5.978426e+01  1.367000e+02  2.223963e+01
   endloop
 endfacet
 facet normal  1.095298e-01  0.000000e+00 -9.939835e-01
   outer loop
     vertex  5.972290e+01  1.307000e+02  2.223287e+01
     vertex  5.972290e+01  1.367000e+02  2.223287e+01
     vertex  5.978426e+01  1.307000e+02  2.223963e+01
   endloop
 endfacet
 facet normal  1.367575e-01  0.000000e+00 -9.906046e-01
   outer loop
     vertex  5.972290e+01  1.307000e+02  2.223287e+01
     vertex  5.966175e+01  1.367000e+02  2.222443e+01
     vertex  5.972290e+01  1.367000e+02  2.223287e+01
   endloop
 endfacet
 facet normal  1.367575e-01  0.000000e+00 -9.906046e-01
   outer loop
     vertex  5.966175e+01  1.307000e+02  2.222443e+01
     vertex  5.966175e+01  1.367000e+02  2.222443e+01
     vertex  5.972290e+01  1.307000e+02  2.223287e+01
   endloop
 endfacet
 facet normal  1.638824e-01  0.000000e+00 -9.864799e-01
   outer loop
     vertex  5.966175e+01  1.307000e+02  2.222443e+01
     vertex  5.960085e+01  1.367000e+02  2.221431e+01
     vertex  5.966175e+01  1.367000e+02  2.222443e+01
   endloop
 endfacet
 facet normal  1.638824e-01  0.000000e+00 -9.864799e-01
   outer loop
     vertex  5.960085e+01  1.307000e+02  2.221431e+01
     vertex  5.960085e+01  1.367000e+02  2.221431e+01
     vertex  5.966175e+01  1.307000e+02  2.222443e+01
   endloop
 endfacet
 facet normal  1.908838e-01  0.000000e+00 -9.816126e-01
   outer loop
     vertex  5.954025e+01  1.307000e+02  2.220253e+01
     vertex  5.960085e+01  1.367000e+02  2.221431e+01
     vertex  5.960085e+01  1.307000e+02  2.221431e+01
   endloop
 endfacet
 facet normal  1.908838e-01  0.000000e+00 -9.816126e-01
   outer loop
     vertex  5.954025e+01  1.307000e+02  2.220253e+01
     vertex  5.954025e+01  1.367000e+02  2.220253e+01
     vertex  5.960085e+01  1.367000e+02  2.221431e+01
   endloop
 endfacet
 facet normal  2.177416e-01  0.000000e+00 -9.760065e-01
   outer loop
     vertex  5.954025e+01  1.307000e+02  2.220253e+01
     vertex  5.948000e+01  1.367000e+02  2.218909e+01
     vertex  5.954025e+01  1.367000e+02  2.220253e+01
   endloop
 endfacet
 facet normal  2.177416e-01  0.000000e+00 -9.760065e-01
   outer loop
     vertex  5.948000e+01  1.307000e+02  2.218909e+01
     vertex  5.948000e+01  1.367000e+02  2.218909e+01
     vertex  5.954025e+01  1.307000e+02  2.220253e+01
   endloop
 endfacet
 facet normal  2.444354e-01  0.000000e+00 -9.696656e-01
   outer loop
     vertex  5.942014e+01  1.307000e+02  2.217400e+01
     vertex  5.942014e+01  1.367000e+02  2.217400e+01
     vertex  5.948000e+01  1.367000e+02  2.218909e+01
   endloop
 endfacet
 facet normal  2.709453e-01  0.000000e+00 -9.625948e-01
   outer loop
     vertex  5.942014e+01  1.307000e+02  2.217400e+01
     vertex  5.936072e+01  1.367000e+02  2.215727e+01
     vertex  5.942014e+01  1.367000e+02  2.217400e+01
   endloop
 endfacet
 facet normal  2.444354e-01  0.000000e+00 -9.696656e-01
   outer loop
     vertex  5.942014e+01  1.307000e+02  2.217400e+01
     vertex  5.948000e+01  1.367000e+02  2.218909e+01
     vertex  5.948000e+01  1.307000e+02  2.218909e+01
   endloop
 endfacet
 facet normal  2.709453e-01  0.000000e+00 -9.625948e-01
   outer loop
     vertex  5.936072e+01  1.307000e+02  2.215727e+01
     vertex  5.936072e+01  1.367000e+02  2.215727e+01
     vertex  5.942014e+01  1.307000e+02  2.217400e+01
   endloop
 endfacet
 facet normal  2.972512e-01  0.000000e+00 -9.547993e-01
   outer loop
     vertex  5.930178e+01  1.307000e+02  2.213892e+01
     vertex  5.930178e+01  1.367000e+02  2.213892e+01
     vertex  5.936072e+01  1.367000e+02  2.215727e+01
   endloop
 endfacet
 facet normal  2.972512e-01  0.000000e+00 -9.547993e-01
   outer loop
     vertex  5.930178e+01  1.307000e+02  2.213892e+01
     vertex  5.936072e+01  1.367000e+02  2.215727e+01
     vertex  5.936072e+01  1.307000e+02  2.215727e+01
   endloop
 endfacet
 facet normal  3.233333e-01  0.000000e+00 -9.462851e-01
   outer loop
     vertex  5.924336e+01  1.307000e+02  2.211896e+01
     vertex  5.924336e+01  1.367000e+02  2.211896e+01
     vertex  5.930178e+01  1.367000e+02  2.213892e+01
   endloop
 endfacet
 facet normal  3.491720e-01  0.000000e+00 -9.370586e-01
   outer loop
     vertex  5.924336e+01  1.307000e+02  2.211896e+01
     vertex  5.918551e+01  1.367000e+02  2.209741e+01
     vertex  5.924336e+01  1.367000e+02  2.211896e+01
   endloop
 endfacet
 facet normal  3.233333e-01  0.000000e+00 -9.462851e-01
   outer loop
     vertex  5.924336e+01  1.307000e+02  2.211896e+01
     vertex  5.930178e+01  1.367000e+02  2.213892e+01
     vertex  5.930178e+01  1.307000e+02  2.213892e+01
   endloop
 endfacet
 facet normal  3.491720e-01  0.000000e+00 -9.370586e-01
   outer loop
     vertex  5.918551e+01  1.307000e+02  2.209741e+01
     vertex  5.918551e+01  1.367000e+02  2.209741e+01
     vertex  5.924336e+01  1.307000e+02  2.211896e+01
   endloop
 endfacet
 facet normal  3.747479e-01  0.000000e+00 -9.271267e-01
   outer loop
     vertex  5.912828e+01  1.307000e+02  2.207427e+01
     vertex  5.912828e+01  1.367000e+02  2.207427e+01
     vertex  5.918551e+01  1.367000e+02  2.209741e+01
   endloop
 endfacet
 facet normal  3.747479e-01  0.000000e+00 -9.271267e-01
   outer loop
     vertex  5.912828e+01  1.307000e+02  2.207427e+01
     vertex  5.918551e+01  1.367000e+02  2.209741e+01
     vertex  5.918551e+01  1.307000e+02  2.209741e+01
   endloop
 endfacet
 facet normal  4.000417e-01  0.000000e+00 -9.164969e-01
   outer loop
     vertex  5.907170e+01  1.307000e+02  2.204958e+01
     vertex  5.907170e+01  1.367000e+02  2.204958e+01
     vertex  5.912828e+01  1.367000e+02  2.207427e+01
   endloop
 endfacet
 facet normal  4.250344e-01  0.000000e+00 -9.051772e-01
   outer loop
     vertex  5.907170e+01  1.307000e+02  2.204958e+01
     vertex  5.901582e+01  1.367000e+02  2.202334e+01
     vertex  5.907170e+01  1.367000e+02  2.204958e+01
   endloop
 endfacet
 facet normal  4.000417e-01  0.000000e+00 -9.164969e-01
   outer loop
     vertex  5.907170e+01  1.307000e+02  2.204958e+01
     vertex  5.912828e+01  1.367000e+02  2.207427e+01
     vertex  5.912828e+01  1.307000e+02  2.207427e+01
   endloop
 endfacet
 facet normal  4.497071e-01  0.000000e+00 -8.931761e-01
   outer loop
     vertex  5.901582e+01  1.307000e+02  2.202334e+01
     vertex  5.896069e+01  1.367000e+02  2.199558e+01
     vertex  5.901582e+01  1.367000e+02  2.202334e+01
   endloop
 endfacet
 facet normal  4.250344e-01  0.000000e+00 -9.051772e-01
   outer loop
     vertex  5.901582e+01  1.307000e+02  2.202334e+01
     vertex  5.901582e+01  1.367000e+02  2.202334e+01
     vertex  5.907170e+01  1.307000e+02  2.204958e+01
   endloop
 endfacet
 facet normal  4.497071e-01  0.000000e+00 -8.931761e-01
   outer loop
     vertex  5.896069e+01  1.307000e+02  2.199558e+01
     vertex  5.896069e+01  1.367000e+02  2.199558e+01
     vertex  5.901582e+01  1.307000e+02  2.202334e+01
   endloop
 endfacet
 facet normal  4.740412e-01  0.000000e+00 -8.805026e-01
   outer loop
     vertex  5.890633e+01  1.307000e+02  2.196631e+01
     vertex  5.890633e+01  1.367000e+02  2.196631e+01
     vertex  5.896069e+01  1.367000e+02  2.199558e+01
   endloop
 endfacet
 facet normal  4.740412e-01  0.000000e+00 -8.805026e-01
   outer loop
     vertex  5.890633e+01  1.307000e+02  2.196631e+01
     vertex  5.896069e+01  1.367000e+02  2.199558e+01
     vertex  5.896069e+01  1.307000e+02  2.199558e+01
   endloop
 endfacet
 facet normal  4.980186e-01  0.000000e+00 -8.671664e-01
   outer loop
     vertex  5.885280e+01  1.307000e+02  2.193557e+01
     vertex  5.885280e+01  1.367000e+02  2.193557e+01
     vertex  5.890633e+01  1.367000e+02  2.196631e+01
   endloop
 endfacet
 facet normal  5.216210e-01  0.000000e+00 -8.531773e-01
   outer loop
     vertex  5.885280e+01  1.307000e+02  2.193557e+01
     vertex  5.880013e+01  1.367000e+02  2.190337e+01
     vertex  5.885280e+01  1.367000e+02  2.193557e+01
   endloop
 endfacet
 facet normal  4.980186e-01  0.000000e+00 -8.671664e-01
   outer loop
     vertex  5.885280e+01  1.307000e+02  2.193557e+01
     vertex  5.890633e+01  1.367000e+02  2.196631e+01
     vertex  5.890633e+01  1.307000e+02  2.196631e+01
   endloop
 endfacet
 facet normal  5.216210e-01  0.000000e+00 -8.531773e-01
   outer loop
     vertex  5.880013e+01  1.307000e+02  2.190337e+01
     vertex  5.880013e+01  1.367000e+02  2.190337e+01
     vertex  5.885280e+01  1.307000e+02  2.193557e+01
   endloop
 endfacet
 facet normal  5.448308e-01  0.000000e+00 -8.385460e-01
   outer loop
     vertex  5.874836e+01  1.307000e+02  2.186973e+01
     vertex  5.880013e+01  1.367000e+02  2.190337e+01
     vertex  5.880013e+01  1.307000e+02  2.190337e+01
   endloop
 endfacet
 facet normal  5.448308e-01  0.000000e+00 -8.385460e-01
   outer loop
     vertex  5.874836e+01  1.307000e+02  2.186973e+01
     vertex  5.874836e+01  1.367000e+02  2.186973e+01
     vertex  5.880013e+01  1.367000e+02  2.190337e+01
   endloop
 endfacet
 facet normal  5.676304e-01  0.000000e+00 -8.232835e-01
   outer loop
     vertex  5.874836e+01  1.307000e+02  2.186973e+01
     vertex  5.869754e+01  1.367000e+02  2.183469e+01
     vertex  5.874836e+01  1.367000e+02  2.186973e+01
   endloop
 endfacet
 facet normal  5.676304e-01  0.000000e+00 -8.232835e-01
   outer loop
     vertex  5.869754e+01  1.307000e+02  2.183469e+01
     vertex  5.869754e+01  1.367000e+02  2.183469e+01
     vertex  5.874836e+01  1.307000e+02  2.186973e+01
   endloop
 endfacet
 facet normal  5.900028e-01  0.000000e+00 -8.074012e-01
   outer loop
     vertex  5.869754e+01  1.307000e+02  2.183469e+01
     vertex  5.864770e+01  1.367000e+02  2.179827e+01
     vertex  5.869754e+01  1.367000e+02  2.183469e+01
   endloop
 endfacet
 facet normal  5.900028e-01  0.000000e+00 -8.074012e-01
   outer loop
     vertex  5.864770e+01  1.307000e+02  2.179827e+01
     vertex  5.864770e+01  1.367000e+02  2.179827e+01
     vertex  5.869754e+01  1.307000e+02  2.183469e+01
   endloop
 endfacet
 facet normal  6.119310e-01  0.000000e+00 -7.909112e-01
   outer loop
     vertex  5.859887e+01  1.307000e+02  2.176049e+01
     vertex  5.864770e+01  1.367000e+02  2.179827e+01
     vertex  5.864770e+01  1.307000e+02  2.179827e+01
   endloop
 endfacet
 facet normal  6.119310e-01  0.000000e+00 -7.909112e-01
   outer loop
     vertex  5.859887e+01  1.307000e+02  2.176049e+01
     vertex  5.859887e+01  1.367000e+02  2.176049e+01
     vertex  5.864770e+01  1.367000e+02  2.179827e+01
   endloop
 endfacet
 facet normal  6.333986e-01  0.000000e+00 -7.738257e-01
   outer loop
     vertex  5.859887e+01  1.307000e+02  2.176049e+01
     vertex  5.855110e+01  1.367000e+02  2.172139e+01
     vertex  5.859887e+01  1.367000e+02  2.176049e+01
   endloop
 endfacet
 facet normal  6.333986e-01  0.000000e+00 -7.738257e-01
   outer loop
     vertex  5.855110e+01  1.307000e+02  2.172139e+01
     vertex  5.855110e+01  1.367000e+02  2.172139e+01
     vertex  5.859887e+01  1.307000e+02  2.176049e+01
   endloop
 endfacet
 facet normal  6.543893e-01  0.000000e+00 -7.561578e-01
   outer loop
     vertex  5.850442e+01  1.307000e+02  2.168100e+01
     vertex  5.855110e+01  1.367000e+02  2.172139e+01
     vertex  5.855110e+01  1.307000e+02  2.172139e+01
   endloop
 endfacet
 facet normal  6.543893e-01  0.000000e+00 -7.561578e-01
   outer loop
     vertex  5.850442e+01  1.307000e+02  2.168100e+01
     vertex  5.850442e+01  1.367000e+02  2.168100e+01
     vertex  5.855110e+01  1.367000e+02  2.172139e+01
   endloop
 endfacet
 facet normal  6.748875e-01  0.000000e+00 -7.379206e-01
   outer loop
     vertex  5.850442e+01  1.307000e+02  2.168100e+01
     vertex  5.845887e+01  1.367000e+02  2.163933e+01
     vertex  5.850442e+01  1.367000e+02  2.168100e+01
   endloop
 endfacet
 facet normal  6.748875e-01  0.000000e+00 -7.379206e-01
   outer loop
     vertex  5.845887e+01  1.307000e+02  2.163933e+01
     vertex  5.845887e+01  1.367000e+02  2.163933e+01
     vertex  5.850442e+01  1.307000e+02  2.168100e+01
   endloop
 endfacet
 facet normal  6.948776e-01  0.000000e+00 -7.191280e-01
   outer loop
     vertex  5.845887e+01  1.307000e+02  2.163933e+01
     vertex  5.841448e+01  1.367000e+02  2.159644e+01
     vertex  5.845887e+01  1.367000e+02  2.163933e+01
   endloop
 endfacet
 facet normal  6.948776e-01  0.000000e+00 -7.191280e-01
   outer loop
     vertex  5.841448e+01  1.307000e+02  2.159644e+01
     vertex  5.841448e+01  1.367000e+02  2.159644e+01
     vertex  5.845887e+01  1.307000e+02  2.163933e+01
   endloop
 endfacet
 facet normal  7.143447e-01  0.000000e+00 -6.997940e-01
   outer loop
     vertex  5.841448e+01  1.307000e+02  2.159644e+01
     vertex  5.837128e+01  1.367000e+02  2.155234e+01
     vertex  5.841448e+01  1.367000e+02  2.159644e+01
   endloop
 endfacet
 facet normal  7.143447e-01  0.000000e+00 -6.997940e-01
   outer loop
     vertex  5.837128e+01  1.307000e+02  2.155234e+01
     vertex  5.837128e+01  1.367000e+02  2.155234e+01
     vertex  5.841448e+01  1.307000e+02  2.159644e+01
   endloop
 endfacet
 facet normal  7.332740e-01  0.000000e+00 -6.799333e-01
   outer loop
     vertex  5.832930e+01  1.307000e+02  2.150707e+01
     vertex  5.837128e+01  1.367000e+02  2.155234e+01
     vertex  5.837128e+01  1.307000e+02  2.155234e+01
   endloop
 endfacet
 facet normal  7.332740e-01  0.000000e+00 -6.799333e-01
   outer loop
     vertex  5.832930e+01  1.307000e+02  2.150707e+01
     vertex  5.832930e+01  1.367000e+02  2.150707e+01
     vertex  5.837128e+01  1.367000e+02  2.155234e+01
   endloop
 endfacet
 facet normal  7.516513e-01  0.000000e+00 -6.595607e-01
   outer loop
     vertex  5.828859e+01  1.307000e+02  2.146067e+01
     vertex  5.832930e+01  1.367000e+02  2.150707e+01
     vertex  5.832930e+01  1.307000e+02  2.150707e+01
   endloop
 endfacet
 facet normal  7.516513e-01  0.000000e+00 -6.595607e-01
   outer loop
     vertex  5.828859e+01  1.307000e+02  2.146067e+01
     vertex  5.828859e+01  1.367000e+02  2.146067e+01
     vertex  5.832930e+01  1.367000e+02  2.150707e+01
   endloop
 endfacet
 facet normal  7.694628e-01  0.000000e+00 -6.386916e-01
   outer loop
     vertex  5.828859e+01  1.307000e+02  2.146067e+01
     vertex  5.824916e+01  1.367000e+02  2.141317e+01
     vertex  5.828859e+01  1.367000e+02  2.146067e+01
   endloop
 endfacet
 facet normal  7.694628e-01  0.000000e+00 -6.386916e-01
   outer loop
     vertex  5.824916e+01  1.307000e+02  2.141317e+01
     vertex  5.824916e+01  1.367000e+02  2.141317e+01
     vertex  5.828859e+01  1.307000e+02  2.146067e+01
   endloop
 endfacet
 facet normal  7.866951e-01  0.000000e+00 -6.173417e-01
   outer loop
     vertex  5.821105e+01  1.307000e+02  2.136461e+01
     vertex  5.824916e+01  1.367000e+02  2.141317e+01
     vertex  5.824916e+01  1.307000e+02  2.141317e+01
   endloop
 endfacet
 facet normal  7.866951e-01  0.000000e+00 -6.173417e-01
   outer loop
     vertex  5.821105e+01  1.307000e+02  2.136461e+01
     vertex  5.821105e+01  1.367000e+02  2.136461e+01
     vertex  5.824916e+01  1.367000e+02  2.141317e+01
   endloop
 endfacet
 facet normal  8.033352e-01  0.000000e+00 -5.955271e-01
   outer loop
     vertex  5.821105e+01  1.307000e+02  2.136461e+01
     vertex  5.817428e+01  1.367000e+02  2.131501e+01
     vertex  5.821105e+01  1.367000e+02  2.136461e+01
   endloop
 endfacet
 facet normal  8.033352e-01  0.000000e+00 -5.955271e-01
   outer loop
     vertex  5.817428e+01  1.307000e+02  2.131501e+01
     vertex  5.817428e+01  1.367000e+02  2.131501e+01
     vertex  5.821105e+01  1.307000e+02  2.136461e+01
   endloop
 endfacet
 facet normal  8.193706e-01  0.000000e+00 -5.732642e-01
   outer loop
     vertex  5.817428e+01  1.307000e+02  2.131501e+01
     vertex  5.813890e+01  1.367000e+02  2.126443e+01
     vertex  5.817428e+01  1.367000e+02  2.131501e+01
   endloop
 endfacet
 facet normal  8.193706e-01  0.000000e+00 -5.732642e-01
   outer loop
     vertex  5.813890e+01  1.307000e+02  2.126443e+01
     vertex  5.813890e+01  1.367000e+02  2.126443e+01
     vertex  5.817428e+01  1.307000e+02  2.131501e+01
   endloop
 endfacet
 facet normal  8.347891e-01  0.000000e+00 -5.505698e-01
   outer loop
     vertex  5.813890e+01  1.307000e+02  2.126443e+01
     vertex  5.810491e+01  1.367000e+02  2.121290e+01
     vertex  5.813890e+01  1.367000e+02  2.126443e+01
   endloop
 endfacet
 facet normal  8.347891e-01  0.000000e+00 -5.505698e-01
   outer loop
     vertex  5.810491e+01  1.307000e+02  2.121290e+01
     vertex  5.810491e+01  1.367000e+02  2.121290e+01
     vertex  5.813890e+01  1.307000e+02  2.126443e+01
   endloop
 endfacet
 facet normal  8.495793e-01  0.000000e+00 -5.274609e-01
   outer loop
     vertex  5.807235e+01  1.307000e+02  2.116045e+01
     vertex  5.810491e+01  1.367000e+02  2.121290e+01
     vertex  5.810491e+01  1.307000e+02  2.121290e+01
   endloop
 endfacet
 facet normal  8.495793e-01  0.000000e+00 -5.274609e-01
   outer loop
     vertex  5.807235e+01  1.307000e+02  2.116045e+01
     vertex  5.807235e+01  1.367000e+02  2.116045e+01
     vertex  5.810491e+01  1.367000e+02  2.121290e+01
   endloop
 endfacet
 facet normal  8.637299e-01  0.000000e+00 -5.039550e-01
   outer loop
     vertex  5.807235e+01  1.307000e+02  2.116045e+01
     vertex  5.804124e+01  1.367000e+02  2.110713e+01
     vertex  5.807235e+01  1.367000e+02  2.116045e+01
   endloop
 endfacet
 facet normal  8.637299e-01  0.000000e+00 -5.039550e-01
   outer loop
     vertex  5.804124e+01  1.307000e+02  2.110713e+01
     vertex  5.804124e+01  1.367000e+02  2.110713e+01
     vertex  5.807235e+01  1.307000e+02  2.116045e+01
   endloop
 endfacet
 facet normal  8.772303e-01  0.000000e+00 -4.800697e-01
   outer loop
     vertex  5.801160e+01  1.307000e+02  2.105298e+01
     vertex  5.804124e+01  1.367000e+02  2.110713e+01
     vertex  5.804124e+01  1.307000e+02  2.110713e+01
   endloop
 endfacet
 facet normal  8.772303e-01  0.000000e+00 -4.800697e-01
   outer loop
     vertex  5.801160e+01  1.307000e+02  2.105298e+01
     vertex  5.801160e+01  1.367000e+02  2.105298e+01
     vertex  5.804124e+01  1.367000e+02  2.110713e+01
   endloop
 endfacet
 facet normal  8.900704e-01  0.000000e+00 -4.558231e-01
   outer loop
     vertex  5.801160e+01  1.307000e+02  2.105298e+01
     vertex  5.798346e+01  1.367000e+02  2.099803e+01
     vertex  5.801160e+01  1.367000e+02  2.105298e+01
   endloop
 endfacet
 facet normal  8.900704e-01  0.000000e+00 -4.558231e-01
   outer loop
     vertex  5.798346e+01  1.307000e+02  2.099803e+01
     vertex  5.798346e+01  1.367000e+02  2.099803e+01
     vertex  5.801160e+01  1.307000e+02  2.105298e+01
   endloop
 endfacet
 facet normal  9.022405e-01  0.000000e+00 -4.312333e-01
   outer loop
     vertex  5.795684e+01  1.307000e+02  2.094233e+01
     vertex  5.798346e+01  1.367000e+02  2.099803e+01
     vertex  5.798346e+01  1.307000e+02  2.099803e+01
   endloop
 endfacet
 facet normal  9.022405e-01  0.000000e+00 -4.312333e-01
   outer loop
     vertex  5.795684e+01  1.307000e+02  2.094233e+01
     vertex  5.795684e+01  1.367000e+02  2.094233e+01
     vertex  5.798346e+01  1.367000e+02  2.099803e+01
   endloop
 endfacet
 facet normal  9.137314e-01  0.000000e+00 -4.063188e-01
   outer loop
     vertex  5.793176e+01  1.307000e+02  2.088593e+01
     vertex  5.795684e+01  1.367000e+02  2.094233e+01
     vertex  5.795684e+01  1.307000e+02  2.094233e+01
   endloop
 endfacet
 facet normal  9.137314e-01  0.000000e+00 -4.063188e-01
   outer loop
     vertex  5.793176e+01  1.307000e+02  2.088593e+01
     vertex  5.793176e+01  1.367000e+02  2.088593e+01
     vertex  5.795684e+01  1.367000e+02  2.094233e+01
   endloop
 endfacet
 facet normal  9.245344e-01  0.000000e+00 -3.810986e-01
   outer loop
     vertex  5.793176e+01  1.307000e+02  2.088593e+01
     vertex  5.790823e+01  1.367000e+02  2.082885e+01
     vertex  5.793176e+01  1.367000e+02  2.088593e+01
   endloop
 endfacet
 facet normal  9.245344e-01  0.000000e+00 -3.810986e-01
   outer loop
     vertex  5.790823e+01  1.307000e+02  2.082885e+01
     vertex  5.790823e+01  1.367000e+02  2.082885e+01
     vertex  5.793176e+01  1.307000e+02  2.088593e+01
   endloop
 endfacet
 facet normal  9.346415e-01  0.000000e+00 -3.555914e-01
   outer loop
     vertex  5.788628e+01  1.307000e+02  2.077116e+01
     vertex  5.788628e+01  1.367000e+02  2.077116e+01
     vertex  5.790823e+01  1.367000e+02  2.082885e+01
   endloop
 endfacet
 facet normal  9.346415e-01  0.000000e+00 -3.555914e-01
   outer loop
     vertex  5.788628e+01  1.307000e+02  2.077116e+01
     vertex  5.790823e+01  1.367000e+02  2.082885e+01
     vertex  5.790823e+01  1.307000e+02  2.082885e+01
   endloop
 endfacet
 facet normal  9.440450e-01  0.000000e+00 -3.298166e-01
   outer loop
     vertex  5.786592e+01  1.307000e+02  2.071288e+01
     vertex  5.786592e+01  1.367000e+02  2.071288e+01
     vertex  5.788628e+01  1.367000e+02  2.077116e+01
   endloop
 endfacet
 facet normal  9.527379e-01  0.000000e+00 -3.037934e-01
   outer loop
     vertex  5.786592e+01  1.307000e+02  2.071288e+01
     vertex  5.784716e+01  1.367000e+02  2.065406e+01
     vertex  5.786592e+01  1.367000e+02  2.071288e+01
   endloop
 endfacet
 facet normal  9.440450e-01  0.000000e+00 -3.298166e-01
   outer loop
     vertex  5.786592e+01  1.307000e+02  2.071288e+01
     vertex  5.788628e+01  1.367000e+02  2.077116e+01
     vertex  5.788628e+01  1.307000e+02  2.077116e+01
   endloop
 endfacet
 facet normal  9.607136e-01  0.000000e+00 -2.775416e-01
   outer loop
     vertex  5.784716e+01  1.307000e+02  2.065406e+01
     vertex  5.783003e+01  1.367000e+02  2.059476e+01
     vertex  5.784716e+01  1.367000e+02  2.065406e+01
   endloop
 endfacet
 facet normal  9.527379e-01  0.000000e+00 -3.037934e-01
   outer loop
     vertex  5.784716e+01  1.307000e+02  2.065406e+01
     vertex  5.784716e+01  1.367000e+02  2.065406e+01
     vertex  5.786592e+01  1.307000e+02  2.071288e+01
   endloop
 endfacet
 facet normal  9.607136e-01  0.000000e+00 -2.775416e-01
   outer loop
     vertex  5.783003e+01  1.307000e+02  2.059476e+01
     vertex  5.783003e+01  1.367000e+02  2.059476e+01
     vertex  5.784716e+01  1.307000e+02  2.065406e+01
   endloop
 endfacet
 facet normal  9.679661e-01  0.000000e+00 -2.510809e-01
   outer loop
     vertex  5.781453e+01  1.307000e+02  2.053500e+01
     vertex  5.783003e+01  1.367000e+02  2.059476e+01
     vertex  5.783003e+01  1.307000e+02  2.059476e+01
   endloop
 endfacet
 facet normal  9.679661e-01  0.000000e+00 -2.510809e-01
   outer loop
     vertex  5.781453e+01  1.307000e+02  2.053500e+01
     vertex  5.781453e+01  1.367000e+02  2.053500e+01
     vertex  5.783003e+01  1.367000e+02  2.059476e+01
   endloop
 endfacet
 facet normal  9.744899e-01  0.000000e+00 -2.244312e-01
   outer loop
     vertex  5.781453e+01  1.307000e+02  2.053500e+01
     vertex  5.780068e+01  1.367000e+02  2.047484e+01
     vertex  5.781453e+01  1.367000e+02  2.053500e+01
   endloop
 endfacet
 facet normal  9.744899e-01  0.000000e+00 -2.244312e-01
   outer loop
     vertex  5.780068e+01  1.307000e+02  2.047484e+01
     vertex  5.780068e+01  1.367000e+02  2.047484e+01
     vertex  5.781453e+01  1.307000e+02  2.053500e+01
   endloop
 endfacet
 facet normal  9.802802e-01  0.000000e+00 -1.976125e-01
   outer loop
     vertex  5.778848e+01  1.307000e+02  2.041433e+01
     vertex  5.780068e+01  1.367000e+02  2.047484e+01
     vertex  5.780068e+01  1.307000e+02  2.047484e+01
   endloop
 endfacet
 facet normal  9.802802e-01  0.000000e+00 -1.976125e-01
   outer loop
     vertex  5.778848e+01  1.307000e+02  2.041433e+01
     vertex  5.778848e+01  1.367000e+02  2.041433e+01
     vertex  5.780068e+01  1.367000e+02  2.047484e+01
   endloop
 endfacet
 facet normal  9.853326e-01  0.000000e+00 -1.706451e-01
   outer loop
     vertex  5.778848e+01  1.307000e+02  2.041433e+01
     vertex  5.777794e+01  1.367000e+02  2.035350e+01
     vertex  5.778848e+01  1.367000e+02  2.041433e+01
   endloop
 endfacet
 facet normal  9.853326e-01  0.000000e+00 -1.706451e-01
   outer loop
     vertex  5.777794e+01  1.307000e+02  2.035350e+01
     vertex  5.777794e+01  1.367000e+02  2.035350e+01
     vertex  5.778848e+01  1.307000e+02  2.041433e+01
   endloop
 endfacet
 facet normal  9.896432e-01  0.000000e+00 -1.435492e-01
   outer loop
     vertex  5.777794e+01  1.307000e+02  2.035350e+01
     vertex  5.776908e+01  1.367000e+02  2.029241e+01
     vertex  5.777794e+01  1.367000e+02  2.035350e+01
   endloop
 endfacet
 facet normal  9.896432e-01  0.000000e+00 -1.435492e-01
   outer loop
     vertex  5.776908e+01  1.307000e+02  2.029241e+01
     vertex  5.776908e+01  1.367000e+02  2.029241e+01
     vertex  5.777794e+01  1.307000e+02  2.035350e+01
   endloop
 endfacet
 facet normal  9.932088e-01  0.000000e+00 -1.163452e-01
   outer loop
     vertex  5.776908e+01  1.307000e+02  2.029241e+01
     vertex  5.776190e+01  1.367000e+02  2.023110e+01
     vertex  5.776908e+01  1.367000e+02  2.029241e+01
   endloop
 endfacet
 facet normal  9.932088e-01  0.000000e+00 -1.163452e-01
   outer loop
     vertex  5.776190e+01  1.307000e+02  2.023110e+01
     vertex  5.776190e+01  1.367000e+02  2.023110e+01
     vertex  5.776908e+01  1.307000e+02  2.029241e+01
   endloop
 endfacet
 facet normal  9.960268e-01  0.000000e+00 -8.905371e-02
   outer loop
     vertex  5.775640e+01  1.307000e+02  2.016961e+01
     vertex  5.776190e+01  1.367000e+02  2.023110e+01
     vertex  5.776190e+01  1.307000e+02  2.023110e+01
   endloop
 endfacet
 facet normal  9.960268e-01  0.000000e+00 -8.905371e-02
   outer loop
     vertex  5.775640e+01  1.307000e+02  2.016961e+01
     vertex  5.775640e+01  1.367000e+02  2.016961e+01
     vertex  5.776190e+01  1.367000e+02  2.023110e+01
   endloop
 endfacet
 facet normal  9.980950e-01  0.000000e+00 -6.169515e-02
   outer loop
     vertex  5.775640e+01  1.307000e+02  2.016961e+01
     vertex  5.775259e+01  1.367000e+02  2.010799e+01
     vertex  5.775640e+01  1.367000e+02  2.016961e+01
   endloop
 endfacet
 facet normal  9.980950e-01  0.000000e+00 -6.169515e-02
   outer loop
     vertex  5.775259e+01  1.307000e+02  2.010799e+01
     vertex  5.775259e+01  1.367000e+02  2.010799e+01
     vertex  5.775640e+01  1.307000e+02  2.016961e+01
   endloop
 endfacet
 facet normal  9.994119e-01  0.000000e+00 -3.429014e-02
   outer loop
     vertex  5.775048e+01  1.307000e+02  2.004630e+01
     vertex  5.775259e+01  1.367000e+02  2.010799e+01
     vertex  5.775259e+01  1.307000e+02  2.010799e+01
   endloop
 endfacet
 facet normal  9.994119e-01  0.000000e+00 -3.429014e-02
   outer loop
     vertex  5.775048e+01  1.307000e+02  2.004630e+01
     vertex  5.775048e+01  1.367000e+02  2.004630e+01
     vertex  5.775259e+01  1.367000e+02  2.010799e+01
   endloop
 endfacet
 facet normal  9.999765e-01  0.000000e+00 -6.859319e-03
   outer loop
     vertex  5.775048e+01  1.307000e+02  2.004630e+01
     vertex  5.775005e+01  1.367000e+02  1.998457e+01
     vertex  5.775048e+01  1.367000e+02  2.004630e+01
   endloop
 endfacet
 facet normal  9.999765e-01  0.000000e+00 -6.859319e-03
   outer loop
     vertex  5.775005e+01  1.307000e+02  1.998457e+01
     vertex  5.775005e+01  1.367000e+02  1.998457e+01
     vertex  5.775048e+01  1.307000e+02  2.004630e+01
   endloop
 endfacet
 facet normal  9.988475e-01 -0.000000e+00  4.799716e-02
   outer loop
     vertex  5.775132e+01  1.307000e+02  1.992285e+01
     vertex  5.775429e+01  1.367000e+02  1.986119e+01
     vertex  5.775132e+01  1.367000e+02  1.992285e+01
   endloop
 endfacet
 facet normal  9.997883e-01  0.000000e+00  2.057667e-02
   outer loop
     vertex  5.775132e+01  1.307000e+02  1.992285e+01
     vertex  5.775005e+01  1.367000e+02  1.998457e+01
     vertex  5.775005e+01  1.307000e+02  1.998457e+01
   endloop
 endfacet
 facet normal  9.997883e-01 -0.000000e+00  2.057667e-02
   outer loop
     vertex  5.775132e+01  1.307000e+02  1.992285e+01
     vertex  5.775132e+01  1.367000e+02  1.992285e+01
     vertex  5.775005e+01  1.367000e+02  1.998457e+01
   endloop
 endfacet
 facet normal  9.988475e-01 -0.000000e+00  4.799716e-02
   outer loop
     vertex  5.775429e+01  1.307000e+02  1.986119e+01
     vertex  5.775429e+01  1.367000e+02  1.986119e+01
     vertex  5.775132e+01  1.307000e+02  1.992285e+01
   endloop
 endfacet
 facet normal  9.971548e-01 -0.000000e+00  7.538152e-02
   outer loop
     vertex  5.775894e+01  1.307000e+02  1.979963e+01
     vertex  5.775894e+01  1.367000e+02  1.979963e+01
     vertex  5.775429e+01  1.367000e+02  1.986119e+01
   endloop
 endfacet
 facet normal  9.971548e-01  0.000000e+00  7.538152e-02
   outer loop
     vertex  5.775894e+01  1.307000e+02  1.979963e+01
     vertex  5.775429e+01  1.367000e+02  1.986119e+01
     vertex  5.775429e+01  1.307000e+02  1.986119e+01
   endloop
 endfacet
 facet normal  9.947114e-01 -0.000000e+00  1.027091e-01
   outer loop
     vertex  5.776528e+01  1.307000e+02  1.973822e+01
     vertex  5.776528e+01  1.367000e+02  1.973822e+01
     vertex  5.775894e+01  1.367000e+02  1.979963e+01
   endloop
 endfacet
 facet normal  9.947114e-01  0.000000e+00  1.027091e-01
   outer loop
     vertex  5.776528e+01  1.307000e+02  1.973822e+01
     vertex  5.775894e+01  1.367000e+02  1.979963e+01
     vertex  5.775894e+01  1.307000e+02  1.979963e+01
   endloop
 endfacet
 facet normal  9.915193e-01 -0.000000e+00  1.299594e-01
   outer loop
     vertex  5.777330e+01  1.307000e+02  1.967701e+01
     vertex  5.777330e+01  1.367000e+02  1.967701e+01
     vertex  5.776528e+01  1.367000e+02  1.973822e+01
   endloop
 endfacet
 facet normal  9.915193e-01  0.000000e+00  1.299594e-01
   outer loop
     vertex  5.777330e+01  1.307000e+02  1.967701e+01
     vertex  5.776528e+01  1.367000e+02  1.973822e+01
     vertex  5.776528e+01  1.307000e+02  1.973822e+01
   endloop
 endfacet
 facet normal  9.875808e-01 -0.000000e+00  1.571119e-01
   outer loop
     vertex  5.778300e+01  1.307000e+02  1.961605e+01
     vertex  5.778300e+01  1.367000e+02  1.961605e+01
     vertex  5.777330e+01  1.367000e+02  1.967701e+01
   endloop
 endfacet
 facet normal  9.828989e-01 -0.000000e+00  1.841461e-01
   outer loop
     vertex  5.778300e+01  1.307000e+02  1.961605e+01
     vertex  5.779437e+01  1.367000e+02  1.955537e+01
     vertex  5.778300e+01  1.367000e+02  1.961605e+01
   endloop
 endfacet
 facet normal  9.875808e-01  0.000000e+00  1.571119e-01
   outer loop
     vertex  5.778300e+01  1.307000e+02  1.961605e+01
     vertex  5.777330e+01  1.367000e+02  1.967701e+01
     vertex  5.777330e+01  1.307000e+02  1.967701e+01
   endloop
 endfacet
 facet normal  9.774771e-01 -0.000000e+00  2.110417e-01
   outer loop
     vertex  5.779437e+01  1.307000e+02  1.955537e+01
     vertex  5.780740e+01  1.367000e+02  1.949503e+01
     vertex  5.779437e+01  1.367000e+02  1.955537e+01
   endloop
 endfacet
 facet normal  9.828989e-01 -0.000000e+00  1.841461e-01
   outer loop
     vertex  5.779437e+01  1.307000e+02  1.955537e+01
     vertex  5.779437e+01  1.367000e+02  1.955537e+01
     vertex  5.778300e+01  1.307000e+02  1.961605e+01
   endloop
 endfacet
 facet normal  9.713194e-01 -0.000000e+00  2.377784e-01
   outer loop
     vertex  5.780740e+01  1.307000e+02  1.949503e+01
     vertex  5.782208e+01  1.367000e+02  1.943507e+01
     vertex  5.780740e+01  1.367000e+02  1.949503e+01
   endloop
 endfacet
 facet normal  9.774771e-01 -0.000000e+00  2.110417e-01
   outer loop
     vertex  5.780740e+01  1.307000e+02  1.949503e+01
     vertex  5.780740e+01  1.367000e+02  1.949503e+01
     vertex  5.779437e+01  1.307000e+02  1.955537e+01
   endloop
 endfacet
 facet normal  9.644306e-01 -0.000000e+00  2.643362e-01
   outer loop
     vertex  5.782208e+01  1.307000e+02  1.943507e+01
     vertex  5.783839e+01  1.367000e+02  1.937553e+01
     vertex  5.782208e+01  1.367000e+02  1.943507e+01
   endloop
 endfacet
 facet normal  9.713194e-01 -0.000000e+00  2.377784e-01
   outer loop
     vertex  5.782208e+01  1.307000e+02  1.943507e+01
     vertex  5.782208e+01  1.367000e+02  1.943507e+01
     vertex  5.780740e+01  1.307000e+02  1.949503e+01
   endloop
 endfacet
 facet normal  9.644306e-01 -0.000000e+00  2.643362e-01
   outer loop
     vertex  5.783839e+01  1.307000e+02  1.937553e+01
     vertex  5.783839e+01  1.367000e+02  1.937553e+01
     vertex  5.782208e+01  1.307000e+02  1.943507e+01
   endloop
 endfacet
 facet normal  9.568158e-01 -0.000000e+00  2.906949e-01
   outer loop
     vertex  5.785634e+01  1.307000e+02  1.931646e+01
     vertex  5.785634e+01  1.367000e+02  1.931646e+01
     vertex  5.783839e+01  1.367000e+02  1.937553e+01
   endloop
 endfacet
 facet normal  9.568158e-01  0.000000e+00  2.906949e-01
   outer loop
     vertex  5.785634e+01  1.307000e+02  1.931646e+01
     vertex  5.783839e+01  1.367000e+02  1.937553e+01
     vertex  5.783839e+01  1.307000e+02  1.937553e+01
   endloop
 endfacet
 facet normal  9.484807e-01 -0.000000e+00  3.168348e-01
   outer loop
     vertex  5.787590e+01  1.307000e+02  1.925791e+01
     vertex  5.787590e+01  1.367000e+02  1.925791e+01
     vertex  5.785634e+01  1.367000e+02  1.931646e+01
   endloop
 endfacet
 facet normal  9.394317e-01 -0.000000e+00  3.427362e-01
   outer loop
     vertex  5.787590e+01  1.307000e+02  1.925791e+01
     vertex  5.789706e+01  1.367000e+02  1.919992e+01
     vertex  5.787590e+01  1.367000e+02  1.925791e+01
   endloop
 endfacet
 facet normal  9.484807e-01  0.000000e+00  3.168348e-01
   outer loop
     vertex  5.787590e+01  1.307000e+02  1.925791e+01
     vertex  5.785634e+01  1.367000e+02  1.931646e+01
     vertex  5.785634e+01  1.307000e+02  1.931646e+01
   endloop
 endfacet
 facet normal  9.394317e-01 -0.000000e+00  3.427362e-01
   outer loop
     vertex  5.789706e+01  1.307000e+02  1.919992e+01
     vertex  5.789706e+01  1.367000e+02  1.919992e+01
     vertex  5.787590e+01  1.307000e+02  1.925791e+01
   endloop
 endfacet
 facet normal  9.296754e-01 -0.000000e+00  3.683796e-01
   outer loop
     vertex  5.791980e+01  1.307000e+02  1.914253e+01
     vertex  5.791980e+01  1.367000e+02  1.914253e+01
     vertex  5.789706e+01  1.367000e+02  1.919992e+01
   endloop
 endfacet
 facet normal  9.296754e-01  0.000000e+00  3.683796e-01
   outer loop
     vertex  5.791980e+01  1.307000e+02  1.914253e+01
     vertex  5.789706e+01  1.367000e+02  1.919992e+01
     vertex  5.789706e+01  1.307000e+02  1.919992e+01
   endloop
 endfacet
 facet normal  9.192194e-01  0.000000e+00  3.937458e-01
   outer loop
     vertex  5.794410e+01  1.307000e+02  1.908578e+01
     vertex  5.791980e+01  1.367000e+02  1.914253e+01
     vertex  5.791980e+01  1.307000e+02  1.914253e+01
   endloop
 endfacet
 facet normal  9.192194e-01 -0.000000e+00  3.937458e-01
   outer loop
     vertex  5.794410e+01  1.307000e+02  1.908578e+01
     vertex  5.794410e+01  1.367000e+02  1.908578e+01
     vertex  5.791980e+01  1.367000e+02  1.914253e+01
   endloop
 endfacet
 facet normal  9.080714e-01 -0.000000e+00  4.188155e-01
   outer loop
     vertex  5.794410e+01  1.307000e+02  1.908578e+01
     vertex  5.796996e+01  1.367000e+02  1.902973e+01
     vertex  5.794410e+01  1.367000e+02  1.908578e+01
   endloop
 endfacet
 facet normal  9.080714e-01 -0.000000e+00  4.188155e-01
   outer loop
     vertex  5.796996e+01  1.307000e+02  1.902973e+01
     vertex  5.796996e+01  1.367000e+02  1.902973e+01
     vertex  5.794410e+01  1.307000e+02  1.908578e+01
   endloop
 endfacet
 facet normal  8.962398e-01 -0.000000e+00  4.435699e-01
   outer loop
     vertex  5.799734e+01  1.307000e+02  1.897440e+01
     vertex  5.799734e+01  1.367000e+02  1.897440e+01
     vertex  5.796996e+01  1.367000e+02  1.902973e+01
   endloop
 endfacet
 facet normal  8.837335e-01 -0.000000e+00  4.679904e-01
   outer loop
     vertex  5.799734e+01  1.307000e+02  1.897440e+01
     vertex  5.802623e+01  1.367000e+02  1.891984e+01
     vertex  5.799734e+01  1.367000e+02  1.897440e+01
   endloop
 endfacet
 facet normal  8.962398e-01  0.000000e+00  4.435699e-01
   outer loop
     vertex  5.799734e+01  1.307000e+02  1.897440e+01
     vertex  5.796996e+01  1.367000e+02  1.902973e+01
     vertex  5.796996e+01  1.307000e+02  1.902973e+01
   endloop
 endfacet
 facet normal  8.837335e-01 -0.000000e+00  4.679904e-01
   outer loop
     vertex  5.802623e+01  1.307000e+02  1.891984e+01
     vertex  5.802623e+01  1.367000e+02  1.891984e+01
     vertex  5.799734e+01  1.307000e+02  1.897440e+01
   endloop
 endfacet
 facet normal  8.705620e-01 -0.000000e+00  4.920587e-01
   outer loop
     vertex  5.802623e+01  1.307000e+02  1.891984e+01
     vertex  5.805661e+01  1.367000e+02  1.886610e+01
     vertex  5.802623e+01  1.367000e+02  1.891984e+01
   endloop
 endfacet
 facet normal  8.705620e-01 -0.000000e+00  4.920587e-01
   outer loop
     vertex  5.805661e+01  1.307000e+02  1.886610e+01
     vertex  5.805661e+01  1.367000e+02  1.886610e+01
     vertex  5.802623e+01  1.307000e+02  1.891984e+01
   endloop
 endfacet
 facet normal  8.567352e-01 -0.000000e+00  5.157565e-01
   outer loop
     vertex  5.805661e+01  1.307000e+02  1.886610e+01
     vertex  5.808845e+01  1.367000e+02  1.881321e+01
     vertex  5.805661e+01  1.367000e+02  1.886610e+01
   endloop
 endfacet
 facet normal  8.567352e-01 -0.000000e+00  5.157565e-01
   outer loop
     vertex  5.808845e+01  1.307000e+02  1.881321e+01
     vertex  5.808845e+01  1.367000e+02  1.881321e+01
     vertex  5.805661e+01  1.307000e+02  1.886610e+01
   endloop
 endfacet
 facet normal  8.422635e-01 -0.000000e+00  5.390661e-01
   outer loop
     vertex  5.812172e+01  1.307000e+02  1.876122e+01
     vertex  5.812172e+01  1.367000e+02  1.876122e+01
     vertex  5.808845e+01  1.367000e+02  1.881321e+01
   endloop
 endfacet
 facet normal  8.422635e-01  0.000000e+00  5.390661e-01
   outer loop
     vertex  5.812172e+01  1.307000e+02  1.876122e+01
     vertex  5.808845e+01  1.367000e+02  1.881321e+01
     vertex  5.808845e+01  1.307000e+02  1.881321e+01
   endloop
 endfacet
 facet normal  8.271577e-01 -0.000000e+00  5.619699e-01
   outer loop
     vertex  5.815642e+01  1.307000e+02  1.871016e+01
     vertex  5.815642e+01  1.367000e+02  1.871016e+01
     vertex  5.812172e+01  1.367000e+02  1.876122e+01
   endloop
 endfacet
 facet normal  8.114292e-01 -0.000000e+00  5.844507e-01
   outer loop
     vertex  5.815642e+01  1.307000e+02  1.871016e+01
     vertex  5.819250e+01  1.367000e+02  1.866006e+01
     vertex  5.815642e+01  1.367000e+02  1.871016e+01
   endloop
 endfacet
 facet normal  8.271577e-01  0.000000e+00  5.619699e-01
   outer loop
     vertex  5.815642e+01  1.307000e+02  1.871016e+01
     vertex  5.812172e+01  1.367000e+02  1.876122e+01
     vertex  5.812172e+01  1.307000e+02  1.876122e+01
   endloop
 endfacet
 facet normal  8.114292e-01 -0.000000e+00  5.844507e-01
   outer loop
     vertex  5.819250e+01  1.307000e+02  1.866006e+01
     vertex  5.819250e+01  1.367000e+02  1.866006e+01
     vertex  5.815642e+01  1.307000e+02  1.871016e+01
   endloop
 endfacet
 facet normal  7.950900e-01 -0.000000e+00  6.064915e-01
   outer loop
     vertex  5.822994e+01  1.307000e+02  1.861098e+01
     vertex  5.822994e+01  1.367000e+02  1.861098e+01
     vertex  5.819250e+01  1.367000e+02  1.866006e+01
   endloop
 endfacet
 facet normal  7.781522e-01 -0.000000e+00  6.280757e-01
   outer loop
     vertex  5.822994e+01  1.307000e+02  1.861098e+01
     vertex  5.826871e+01  1.367000e+02  1.856294e+01
     vertex  5.822994e+01  1.367000e+02  1.861098e+01
   endloop
 endfacet
 facet normal  7.950900e-01  0.000000e+00  6.064915e-01
   outer loop
     vertex  5.822994e+01  1.307000e+02  1.861098e+01
     vertex  5.819250e+01  1.367000e+02  1.866006e+01
     vertex  5.819250e+01  1.307000e+02  1.866006e+01
   endloop
 endfacet
 facet normal  7.781522e-01 -0.000000e+00  6.280757e-01
   outer loop
     vertex  5.826871e+01  1.307000e+02  1.856294e+01
     vertex  5.826871e+01  1.367000e+02  1.856294e+01
     vertex  5.822994e+01  1.307000e+02  1.861098e+01
   endloop
 endfacet
 facet normal  7.606287e-01 -0.000000e+00  6.491872e-01
   outer loop
     vertex  5.826871e+01  1.307000e+02  1.856294e+01
     vertex  5.830878e+01  1.367000e+02  1.851599e+01
     vertex  5.826871e+01  1.367000e+02  1.856294e+01
   endloop
 endfacet
 facet normal  7.606287e-01 -0.000000e+00  6.491872e-01
   outer loop
     vertex  5.830878e+01  1.307000e+02  1.851599e+01
     vertex  5.830878e+01  1.367000e+02  1.851599e+01
     vertex  5.826871e+01  1.307000e+02  1.856294e+01
   endloop
 endfacet
 facet normal  7.425325e-01 -0.000000e+00  6.698100e-01
   outer loop
     vertex  5.835013e+01  1.307000e+02  1.847015e+01
     vertex  5.835013e+01  1.367000e+02  1.847015e+01
     vertex  5.830878e+01  1.367000e+02  1.851599e+01
   endloop
 endfacet
 facet normal  7.425325e-01  0.000000e+00  6.698100e-01
   outer loop
     vertex  5.835013e+01  1.307000e+02  1.847015e+01
     vertex  5.830878e+01  1.367000e+02  1.851599e+01
     vertex  5.830878e+01  1.307000e+02  1.851599e+01
   endloop
 endfacet
 facet normal  7.238775e-01 -0.000000e+00  6.899286e-01
   outer loop
     vertex  5.839272e+01  1.307000e+02  1.842546e+01
     vertex  5.839272e+01  1.367000e+02  1.842546e+01
     vertex  5.835013e+01  1.367000e+02  1.847015e+01
   endloop
 endfacet
 facet normal  7.238775e-01  0.000000e+00  6.899286e-01
   outer loop
     vertex  5.839272e+01  1.307000e+02  1.842546e+01
     vertex  5.835013e+01  1.367000e+02  1.847015e+01
     vertex  5.835013e+01  1.307000e+02  1.847015e+01
   endloop
 endfacet
 facet normal  7.046775e-01 -0.000000e+00  7.095278e-01
   outer loop
     vertex  5.843653e+01  1.307000e+02  1.838196e+01
     vertex  5.843653e+01  1.367000e+02  1.838196e+01
     vertex  5.839272e+01  1.367000e+02  1.842546e+01
   endloop
 endfacet
 facet normal  7.046775e-01  0.000000e+00  7.095278e-01
   outer loop
     vertex  5.843653e+01  1.307000e+02  1.838196e+01
     vertex  5.839272e+01  1.367000e+02  1.842546e+01
     vertex  5.839272e+01  1.307000e+02  1.842546e+01
   endloop
 endfacet
 facet normal  6.849470e-01 -0.000000e+00  7.285929e-01
   outer loop
     vertex  5.848150e+01  1.307000e+02  1.833968e+01
     vertex  5.848150e+01  1.367000e+02  1.833968e+01
     vertex  5.843653e+01  1.367000e+02  1.838196e+01
   endloop
 endfacet
 facet normal  6.849470e-01  0.000000e+00  7.285929e-01
   outer loop
     vertex  5.848150e+01  1.307000e+02  1.833968e+01
     vertex  5.843653e+01  1.367000e+02  1.838196e+01
     vertex  5.843653e+01  1.307000e+02  1.838196e+01
   endloop
 endfacet
 facet normal  6.647010e-01 -0.000000e+00  7.471095e-01
   outer loop
     vertex  5.852762e+01  1.307000e+02  1.829864e+01
     vertex  5.852762e+01  1.367000e+02  1.829864e+01
     vertex  5.848150e+01  1.367000e+02  1.833968e+01
   endloop
 endfacet
 facet normal  6.647010e-01  0.000000e+00  7.471095e-01
   outer loop
     vertex  5.852762e+01  1.307000e+02  1.829864e+01
     vertex  5.848150e+01  1.367000e+02  1.833968e+01
     vertex  5.848150e+01  1.307000e+02  1.833968e+01
   endloop
 endfacet
 facet normal  6.439545e-01 -0.000000e+00  7.650637e-01
   outer loop
     vertex  5.857485e+01  1.307000e+02  1.825889e+01
     vertex  5.857485e+01  1.367000e+02  1.825889e+01
     vertex  5.852762e+01  1.367000e+02  1.829864e+01
   endloop
 endfacet
 facet normal  6.439545e-01  0.000000e+00  7.650637e-01
   outer loop
     vertex  5.857485e+01  1.307000e+02  1.825889e+01
     vertex  5.852762e+01  1.367000e+02  1.829864e+01
     vertex  5.852762e+01  1.307000e+02  1.829864e+01
   endloop
 endfacet
 facet normal  6.227234e-01 -0.000000e+00  7.824421e-01
   outer loop
     vertex  5.862316e+01  1.307000e+02  1.822045e+01
     vertex  5.862316e+01  1.367000e+02  1.822045e+01
     vertex  5.857485e+01  1.367000e+02  1.825889e+01
   endloop
 endfacet
 facet normal  6.227234e-01  0.000000e+00  7.824421e-01
   outer loop
     vertex  5.862316e+01  1.307000e+02  1.822045e+01
     vertex  5.857485e+01  1.367000e+02  1.825889e+01
     vertex  5.857485e+01  1.307000e+02  1.825889e+01
   endloop
 endfacet
 facet normal  6.010234e-01 -0.000000e+00  7.992314e-01
   outer loop
     vertex  5.867249e+01  1.307000e+02  1.818335e+01
     vertex  5.867249e+01  1.367000e+02  1.818335e+01
     vertex  5.862316e+01  1.367000e+02  1.822045e+01
   endloop
 endfacet
 facet normal  6.010234e-01  0.000000e+00  7.992314e-01
   outer loop
     vertex  5.867249e+01  1.307000e+02  1.818335e+01
     vertex  5.862316e+01  1.367000e+02  1.822045e+01
     vertex  5.862316e+01  1.307000e+02  1.822045e+01
   endloop
 endfacet
 facet normal  5.788711e-01 -0.000000e+00  8.154191e-01
   outer loop
     vertex  5.872283e+01  1.307000e+02  1.814761e+01
     vertex  5.872283e+01  1.367000e+02  1.814761e+01
     vertex  5.867249e+01  1.367000e+02  1.818335e+01
   endloop
 endfacet
 facet normal  5.562829e-01 -0.000000e+00  8.309929e-01
   outer loop
     vertex  5.872283e+01  1.307000e+02  1.814761e+01
     vertex  5.877413e+01  1.367000e+02  1.811327e+01
     vertex  5.872283e+01  1.367000e+02  1.814761e+01
   endloop
 endfacet
 facet normal  5.788711e-01  0.000000e+00  8.154191e-01
   outer loop
     vertex  5.872283e+01  1.307000e+02  1.814761e+01
     vertex  5.867249e+01  1.367000e+02  1.818335e+01
     vertex  5.867249e+01  1.307000e+02  1.818335e+01
   endloop
 endfacet
 facet normal  5.562829e-01 -0.000000e+00  8.309929e-01
   outer loop
     vertex  5.877413e+01  1.307000e+02  1.811327e+01
     vertex  5.877413e+01  1.367000e+02  1.811327e+01
     vertex  5.872283e+01  1.307000e+02  1.814761e+01
   endloop
 endfacet
 facet normal  5.332761e-01 -0.000000e+00  8.459413e-01
   outer loop
     vertex  5.882635e+01  1.307000e+02  1.808035e+01
     vertex  5.882635e+01  1.367000e+02  1.808035e+01
     vertex  5.877413e+01  1.367000e+02  1.811327e+01
   endloop
 endfacet
 facet normal  5.098678e-01 -0.000000e+00  8.602528e-01
   outer loop
     vertex  5.882635e+01  1.307000e+02  1.808035e+01
     vertex  5.887946e+01  1.367000e+02  1.804888e+01
     vertex  5.882635e+01  1.367000e+02  1.808035e+01
   endloop
 endfacet
 facet normal  5.332761e-01  0.000000e+00  8.459413e-01
   outer loop
     vertex  5.882635e+01  1.307000e+02  1.808035e+01
     vertex  5.877413e+01  1.367000e+02  1.811327e+01
     vertex  5.877413e+01  1.307000e+02  1.811327e+01
   endloop
 endfacet
 facet normal  5.098678e-01 -0.000000e+00  8.602528e-01
   outer loop
     vertex  5.887946e+01  1.307000e+02  1.804888e+01
     vertex  5.887946e+01  1.367000e+02  1.804888e+01
     vertex  5.882635e+01  1.307000e+02  1.808035e+01
   endloop
 endfacet
 facet normal  4.860756e-01 -0.000000e+00  8.739167e-01
   outer loop
     vertex  5.893341e+01  1.307000e+02  1.801887e+01
     vertex  5.893341e+01  1.367000e+02  1.801887e+01
     vertex  5.887946e+01  1.367000e+02  1.804888e+01
   endloop
 endfacet
 facet normal  4.860756e-01  0.000000e+00  8.739167e-01
   outer loop
     vertex  5.893341e+01  1.307000e+02  1.801887e+01
     vertex  5.887946e+01  1.367000e+02  1.804888e+01
     vertex  5.887946e+01  1.307000e+02  1.804888e+01
   endloop
 endfacet
 facet normal  4.619176e-01  0.000000e+00  8.869228e-01
   outer loop
     vertex  5.898816e+01  1.307000e+02  1.799035e+01
     vertex  5.893341e+01  1.367000e+02  1.801887e+01
     vertex  5.893341e+01  1.307000e+02  1.801887e+01
   endloop
 endfacet
 facet normal  4.619176e-01 -0.000000e+00  8.869228e-01
   outer loop
     vertex  5.898816e+01  1.307000e+02  1.799035e+01
     vertex  5.898816e+01  1.367000e+02  1.799035e+01
     vertex  5.893341e+01  1.367000e+02  1.801887e+01
   endloop
 endfacet
 facet normal  4.374119e-01 -0.000000e+00  8.992613e-01
   outer loop
     vertex  5.898816e+01  1.307000e+02  1.799035e+01
     vertex  5.904367e+01  1.367000e+02  1.796335e+01
     vertex  5.898816e+01  1.367000e+02  1.799035e+01
   endloop
 endfacet
 facet normal  4.374119e-01 -0.000000e+00  8.992613e-01
   outer loop
     vertex  5.904367e+01  1.307000e+02  1.796335e+01
     vertex  5.904367e+01  1.367000e+02  1.796335e+01
     vertex  5.898816e+01  1.307000e+02  1.799035e+01
   endloop
 endfacet
 facet normal  4.125769e-01  0.000000e+00  9.109228e-01
   outer loop
     vertex  5.909991e+01  1.307000e+02  1.793788e+01
     vertex  5.904367e+01  1.367000e+02  1.796335e+01
     vertex  5.904367e+01  1.307000e+02  1.796335e+01
   endloop
 endfacet
 facet normal  4.125769e-01 -0.000000e+00  9.109228e-01
   outer loop
     vertex  5.909991e+01  1.307000e+02  1.793788e+01
     vertex  5.909991e+01  1.367000e+02  1.793788e+01
     vertex  5.904367e+01  1.367000e+02  1.796335e+01
   endloop
 endfacet
 facet normal  3.874313e-01  0.000000e+00  9.218986e-01
   outer loop
     vertex  5.915682e+01  1.307000e+02  1.791396e+01
     vertex  5.909991e+01  1.367000e+02  1.793788e+01
     vertex  5.909991e+01  1.307000e+02  1.793788e+01
   endloop
 endfacet
 facet normal  3.874313e-01 -0.000000e+00  9.218986e-01
   outer loop
     vertex  5.915682e+01  1.307000e+02  1.791396e+01
     vertex  5.915682e+01  1.367000e+02  1.791396e+01
     vertex  5.909991e+01  1.367000e+02  1.793788e+01
   endloop
 endfacet
 facet normal  3.619940e-01  0.000000e+00  9.321804e-01
   outer loop
     vertex  5.921436e+01  1.307000e+02  1.789162e+01
     vertex  5.915682e+01  1.367000e+02  1.791396e+01
     vertex  5.915682e+01  1.307000e+02  1.791396e+01
   endloop
 endfacet
 facet normal  3.619940e-01 -0.000000e+00  9.321804e-01
   outer loop
     vertex  5.921436e+01  1.307000e+02  1.789162e+01
     vertex  5.921436e+01  1.367000e+02  1.789162e+01
     vertex  5.915682e+01  1.367000e+02  1.791396e+01
   endloop
 endfacet
 facet normal  3.362843e-01  0.000000e+00  9.417605e-01
   outer loop
     vertex  5.927250e+01  1.307000e+02  1.787086e+01
     vertex  5.921436e+01  1.367000e+02  1.789162e+01
     vertex  5.921436e+01  1.307000e+02  1.789162e+01
   endloop
 endfacet
 facet normal  3.362843e-01 -0.000000e+00  9.417605e-01
   outer loop
     vertex  5.927250e+01  1.307000e+02  1.787086e+01
     vertex  5.927250e+01  1.367000e+02  1.787086e+01
     vertex  5.921436e+01  1.367000e+02  1.789162e+01
   endloop
 endfacet
 facet normal  3.103214e-01  0.000000e+00  9.506317e-01
   outer loop
     vertex  5.933118e+01  1.307000e+02  1.785170e+01
     vertex  5.927250e+01  1.367000e+02  1.787086e+01
     vertex  5.927250e+01  1.307000e+02  1.787086e+01
   endloop
 endfacet
 facet normal  3.103214e-01 -0.000000e+00  9.506317e-01
   outer loop
     vertex  5.933118e+01  1.307000e+02  1.785170e+01
     vertex  5.933118e+01  1.367000e+02  1.785170e+01
     vertex  5.927250e+01  1.367000e+02  1.787086e+01
   endloop
 endfacet
 facet normal  2.841250e-01 -0.000000e+00  9.587873e-01
   outer loop
     vertex  5.933118e+01  1.307000e+02  1.785170e+01
     vertex  5.939037e+01  1.367000e+02  1.783416e+01
     vertex  5.933118e+01  1.367000e+02  1.785170e+01
   endloop
 endfacet
 facet normal  2.841250e-01 -0.000000e+00  9.587873e-01
   outer loop
     vertex  5.939037e+01  1.307000e+02  1.783416e+01
     vertex  5.939037e+01  1.367000e+02  1.783416e+01
     vertex  5.933118e+01  1.307000e+02  1.785170e+01
   endloop
 endfacet
 facet normal  2.577146e-01  0.000000e+00  9.662211e-01
   outer loop
     vertex  5.945002e+01  1.307000e+02  1.781825e+01
     vertex  5.939037e+01  1.367000e+02  1.783416e+01
     vertex  5.939037e+01  1.307000e+02  1.783416e+01
   endloop
 endfacet
 facet normal  2.577146e-01 -0.000000e+00  9.662211e-01
   outer loop
     vertex  5.945002e+01  1.307000e+02  1.781825e+01
     vertex  5.945002e+01  1.367000e+02  1.781825e+01
     vertex  5.939037e+01  1.367000e+02  1.783416e+01
   endloop
 endfacet
 facet normal  2.311102e-01  0.000000e+00  9.729276e-01
   outer loop
     vertex  5.951008e+01  1.307000e+02  1.780399e+01
     vertex  5.945002e+01  1.367000e+02  1.781825e+01
     vertex  5.945002e+01  1.307000e+02  1.781825e+01
   endloop
 endfacet
 facet normal  2.311102e-01 -0.000000e+00  9.729276e-01
   outer loop
     vertex  5.951008e+01  1.307000e+02  1.780399e+01
     vertex  5.951008e+01  1.367000e+02  1.780399e+01
     vertex  5.945002e+01  1.367000e+02  1.781825e+01
   endloop
 endfacet
 facet normal  2.043319e-01  0.000000e+00  9.789017e-01
   outer loop
     vertex  5.957051e+01  1.307000e+02  1.779137e+01
     vertex  5.951008e+01  1.367000e+02  1.780399e+01
     vertex  5.951008e+01  1.307000e+02  1.780399e+01
   endloop
 endfacet
 facet normal  2.043319e-01 -0.000000e+00  9.789017e-01
   outer loop
     vertex  5.957051e+01  1.307000e+02  1.779137e+01
     vertex  5.957051e+01  1.367000e+02  1.779137e+01
     vertex  5.951008e+01  1.367000e+02  1.780399e+01
   endloop
 endfacet
 facet normal  1.773998e-01  0.000000e+00  9.841389e-01
   outer loop
     vertex  5.963126e+01  1.307000e+02  1.778042e+01
     vertex  5.957051e+01  1.367000e+02  1.779137e+01
     vertex  5.957051e+01  1.307000e+02  1.779137e+01
   endloop
 endfacet
 facet normal  1.773998e-01 -0.000000e+00  9.841389e-01
   outer loop
     vertex  5.963126e+01  1.307000e+02  1.778042e+01
     vertex  5.963126e+01  1.367000e+02  1.778042e+01
     vertex  5.957051e+01  1.367000e+02  1.779137e+01
   endloop
 endfacet
 facet normal  1.503341e-01  0.000000e+00  9.886353e-01
   outer loop
     vertex  5.969230e+01  1.307000e+02  1.777114e+01
     vertex  5.963126e+01  1.367000e+02  1.778042e+01
     vertex  5.963126e+01  1.307000e+02  1.778042e+01
   endloop
 endfacet
 facet normal  1.503341e-01 -0.000000e+00  9.886353e-01
   outer loop
     vertex  5.969230e+01  1.307000e+02  1.777114e+01
     vertex  5.969230e+01  1.367000e+02  1.777114e+01
     vertex  5.963126e+01  1.367000e+02  1.778042e+01
   endloop
 endfacet
 facet normal  1.231552e-01 -0.000000e+00  9.923874e-01
   outer loop
     vertex  5.969230e+01  1.307000e+02  1.777114e+01
     vertex  5.975356e+01  1.367000e+02  1.776354e+01
     vertex  5.969230e+01  1.367000e+02  1.777114e+01
   endloop
 endfacet
 facet normal  1.231552e-01 -0.000000e+00  9.923874e-01
   outer loop
     vertex  5.975356e+01  1.307000e+02  1.776354e+01
     vertex  5.975356e+01  1.367000e+02  1.776354e+01
     vertex  5.969230e+01  1.307000e+02  1.777114e+01
   endloop
 endfacet
 facet normal  9.588368e-02 -0.000000e+00  9.953925e-01
   outer loop
     vertex  5.981501e+01  1.307000e+02  1.775762e+01
     vertex  5.981501e+01  1.367000e+02  1.775762e+01
     vertex  5.975356e+01  1.367000e+02  1.776354e+01
   endloop
 endfacet
 facet normal  6.853995e-02 -0.000000e+00  9.976484e-01
   outer loop
     vertex  5.981501e+01  1.307000e+02  1.775762e+01
     vertex  5.987659e+01  1.367000e+02  1.775339e+01
     vertex  5.981501e+01  1.367000e+02  1.775762e+01
   endloop
 endfacet
 facet normal  9.588368e-02  0.000000e+00  9.953925e-01
   outer loop
     vertex  5.981501e+01  1.307000e+02  1.775762e+01
     vertex  5.975356e+01  1.367000e+02  1.776354e+01
     vertex  5.975356e+01  1.307000e+02  1.776354e+01
   endloop
 endfacet
 facet normal  6.853995e-02 -0.000000e+00  9.976484e-01
   outer loop
     vertex  5.987659e+01  1.307000e+02  1.775339e+01
     vertex  5.987659e+01  1.367000e+02  1.775339e+01
     vertex  5.981501e+01  1.307000e+02  1.775762e+01
   endloop
 endfacet
 facet normal  4.114462e-02 -0.000000e+00  9.991532e-01
   outer loop
     vertex  5.993827e+01  1.307000e+02  1.775085e+01
     vertex  5.993827e+01  1.367000e+02  1.775085e+01
     vertex  5.987659e+01  1.367000e+02  1.775339e+01
   endloop
 endfacet
 facet normal  4.114462e-02  0.000000e+00  9.991532e-01
   outer loop
     vertex  5.993827e+01  1.307000e+02  1.775085e+01
     vertex  5.987659e+01  1.367000e+02  1.775339e+01
     vertex  5.987659e+01  1.307000e+02  1.775339e+01
   endloop
 endfacet
 facet normal  1.371831e-02 -0.000000e+00  9.999059e-01
   outer loop
     vertex  6.000000e+01  1.307000e+02  1.775000e+01
     vertex  6.000000e+01  1.367000e+02  1.775000e+01
     vertex  5.993827e+01  1.367000e+02  1.775085e+01
   endloop
 endfacet
 facet normal  1.371831e-02  0.000000e+00  9.999059e-01
   outer loop
     vertex  6.000000e+01  1.307000e+02  1.775000e+01
     vertex  5.993827e+01  1.367000e+02  1.775085e+01
     vertex  5.993827e+01  1.307000e+02  1.775085e+01
   endloop
 endfacet
 facet normal  0.000000e+00 -1.000000e+00 -0.000000e+00
   outer loop
     vertex  1.525000e+02  1.043500e+02  3.500000e+01
     vertex  8.450000e+01  1.043500e+02  0.000000e+00
     vertex  1.525000e+02  1.043500e+02  0.000000e+00
   endloop
 endfacet
 facet normal -0.000000e+00 -1.000000e+00  0.000000e+00
   outer loop
     vertex  1.525000e+02  1.043500e+02  3.500000e+01
     vertex  8.450000e+01  1.043500e+02  3.500000e+01
     vertex  8.450000e+01  1.043500e+02  0.000000e+00
   endloop
 endfacet
 facet normal  1.000000e+00  0.000000e+00  0.000000e+00
   outer loop
     vertex  8.450000e+01  3.235000e+01  3.500000e+01
     vertex  8.450000e+01  3.235000e+01  0.000000e+00
     vertex  8.450000e+01  1.043500e+02  0.000000e+00
   endloop
 endfacet
 facet normal  1.000000e+00 -0.000000e+00  0.000000e+00
   outer loop
     vertex  8.450000e+01  3.235000e+01  3.500000e+01
     vertex  8.450000e+01  1.043500e+02  0.000000e+00
     vertex  8.450000e+01  1.043500e+02  3.500000e+01
   endloop
 endfacet
 facet normal  0.000000e+00  1.000000e+00  0.000000e+00
   outer loop
     vertex  1.525000e+02  3.235000e+01  3.500000e+01
     vertex  1.525000e+02  3.235000e+01  0.000000e+00
     vertex  8.450000e+01  3.235000e+01  0.000000e+00
   endloop
 endfacet
 facet normal  0.000000e+00  1.000000e+00  0.000000e+00
   outer loop
     vertex  1.525000e+02  3.235000e+01  3.500000e+01
     vertex  8.450000e+01  3.235000e+01  0.000000e+00
     vertex  8.450000e+01  3.235000e+01  3.500000e+01
   endloop
 endfacet
 facet normal -0.000000e+00  0.000000e+00 -1.000000e+00
   outer loop
     vertex  1.525000e+02  1.043500e+02  3.500000e+01
     vertex  8.450000e+01  3.235000e+01  3.500000e+01
     vertex  8.450000e+01  1.043500e+02  3.500000e+01
   endloop
 endfacet
 facet normal  0.000000e+00 -0.000000e+00 -1.000000e+00
   outer loop
     vertex  1.525000e+02  1.043500e+02  3.500000e+01
     vertex  1.525000e+02  3.235000e+01  3.500000e+01
     vertex  8.450000e+01  3.235000e+01  3.500000e+01
   endloop
 endfacet
 facet normal  0.000000e+00  1.371831e-02  9.999059e-01
   outer loop
     vertex  1.475000e+02  1.496571e+01  1.875047e+01
     vertex  1.525000e+02  1.500000e+01  1.875000e+01
     vertex  1.475000e+02  1.500000e+01  1.875000e+01
   endloop
 endfacet
 facet normal -0.000000e+00  1.371831e-02  9.999059e-01
   outer loop
     vertex  1.475000e+02  1.496571e+01  1.875047e+01
     vertex  1.525000e+02  1.496571e+01  1.875047e+01
     vertex  1.525000e+02  1.500000e+01  1.875000e+01
   endloop
 endfacet
 facet normal -0.000000e+00  4.114462e-02  9.991532e-01
   outer loop
     vertex  1.475000e+02  1.493144e+01  1.875188e+01
     vertex  1.525000e+02  1.493144e+01  1.875188e+01
     vertex  1.525000e+02  1.496571e+01  1.875047e+01
   endloop
 endfacet
 facet normal -0.000000e+00  6.853995e-02  9.976484e-01
   outer loop
     vertex  1.475000e+02  1.493144e+01  1.875188e+01
     vertex  1.525000e+02  1.489723e+01  1.875423e+01
     vertex  1.525000e+02  1.493144e+01  1.875188e+01
   endloop
 endfacet
 facet normal  0.000000e+00  4.114462e-02  9.991532e-01
   outer loop
     vertex  1.475000e+02  1.493144e+01  1.875188e+01
     vertex  1.525000e+02  1.496571e+01  1.875047e+01
     vertex  1.475000e+02  1.496571e+01  1.875047e+01
   endloop
 endfacet
 facet normal -0.000000e+00  6.853995e-02  9.976484e-01
   outer loop
     vertex  1.475000e+02  1.489723e+01  1.875423e+01
     vertex  1.525000e+02  1.489723e+01  1.875423e+01
     vertex  1.475000e+02  1.493144e+01  1.875188e+01
   endloop
 endfacet
 facet normal -0.000000e+00  9.588368e-02  9.953925e-01
   outer loop
     vertex  1.475000e+02  1.486309e+01  1.875752e+01
     vertex  1.525000e+02  1.486309e+01  1.875752e+01
     vertex  1.525000e+02  1.489723e+01  1.875423e+01
   endloop
 endfacet
 facet normal  0.000000e+00  9.588368e-02  9.953925e-01
   outer loop
     vertex  1.475000e+02  1.486309e+01  1.875752e+01
     vertex  1.525000e+02  1.489723e+01  1.875423e+01
     vertex  1.475000e+02  1.489723e+01  1.875423e+01
   endloop
 endfacet
 facet normal -0.000000e+00  1.231552e-01  9.923874e-01
   outer loop
     vertex  1.475000e+02  1.482905e+01  1.876174e+01
     vertex  1.525000e+02  1.482905e+01  1.876174e+01
     vertex  1.525000e+02  1.486309e+01  1.875752e+01
   endloop
 endfacet
 facet normal -0.000000e+00  1.503341e-01  9.886353e-01
   outer loop
     vertex  1.475000e+02  1.482905e+01  1.876174e+01
     vertex  1.525000e+02  1.479515e+01  1.876690e+01
     vertex  1.525000e+02  1.482905e+01  1.876174e+01
   endloop
 endfacet
 facet normal  0.000000e+00  1.231552e-01  9.923874e-01
   outer loop
     vertex  1.475000e+02  1.482905e+01  1.876174e+01
     vertex  1.525000e+02  1.486309e+01  1.875752e+01
     vertex  1.475000e+02  1.486309e+01  1.875752e+01
   endloop
 endfacet
 facet normal -0.000000e+00  1.503341e-01  9.886353e-01
   outer loop
     vertex  1.475000e+02  1.479515e+01  1.876690e+01
     vertex  1.525000e+02  1.479515e+01  1.876690e+01
     vertex  1.475000e+02  1.482905e+01  1.876174e+01
   endloop
 endfacet
 facet normal -0.000000e+00  1.773998e-01  9.841389e-01
   outer loop
     vertex  1.475000e+02  1.476140e+01  1.877298e+01
     vertex  1.525000e+02  1.476140e+01  1.877298e+01
     vertex  1.525000e+02  1.479515e+01  1.876690e+01
   endloop
 endfacet
 facet normal  0.000000e+00  1.773998e-01  9.841389e-01
   outer loop
     vertex  1.475000e+02  1.476140e+01  1.877298e+01
     vertex  1.525000e+02  1.479515e+01  1.876690e+01
     vertex  1.475000e+02  1.479515e+01  1.876690e+01
   endloop
 endfacet
 facet normal -0.000000e+00  2.043319e-01  9.789017e-01
   outer loop
     vertex  1.475000e+02  1.472782e+01  1.877999e+01
     vertex  1.525000e+02  1.472782e+01  1.877999e+01
     vertex  1.525000e+02  1.476140e+01  1.877298e+01
   endloop
 endfacet
 facet normal  0.000000e+00  2.043319e-01  9.789017e-01
   outer loop
     vertex  1.475000e+02  1.472782e+01  1.877999e+01
     vertex  1.525000e+02  1.476140e+01  1.877298e+01
     vertex  1.475000e+02  1.476140e+01  1.877298e+01
   endloop
 endfacet
 facet normal -0.000000e+00  2.311102e-01  9.729276e-01
   outer loop
     vertex  1.475000e+02  1.469446e+01  1.878792e+01
     vertex  1.525000e+02  1.469446e+01  1.878792e+01
     vertex  1.525000e+02  1.472782e+01  1.877999e+01
   endloop
 endfacet
 facet normal  0.000000e+00  2.311102e-01  9.729276e-01
   outer loop
     vertex  1.475000e+02  1.469446e+01  1.878792e+01
     vertex  1.525000e+02  1.472782e+01  1.877999e+01
     vertex  1.475000e+02  1.472782e+01  1.877999e+01
   endloop
 endfacet
 facet normal  0.000000e+00  2.577146e-01  9.662211e-01
   outer loop
     vertex  1.475000e+02  1.466132e+01  1.879676e+01
     vertex  1.525000e+02  1.469446e+01  1.878792e+01
     vertex  1.475000e+02  1.469446e+01  1.878792e+01
   endloop
 endfacet
 facet normal -0.000000e+00  2.577146e-01  9.662211e-01
   outer loop
     vertex  1.475000e+02  1.466132e+01  1.879676e+01
     vertex  1.525000e+02  1.466132e+01  1.879676e+01
     vertex  1.525000e+02  1.469446e+01  1.878792e+01
   endloop
 endfacet
 facet normal -0.000000e+00  2.841250e-01  9.587873e-01
   outer loop
     vertex  1.475000e+02  1.466132e+01  1.879676e+01
     vertex  1.525000e+02  1.462844e+01  1.880650e+01
     vertex  1.525000e+02  1.466132e+01  1.879676e+01
   endloop
 endfacet
 facet normal -0.000000e+00  2.841250e-01  9.587873e-01
   outer loop
     vertex  1.475000e+02  1.462844e+01  1.880650e+01
     vertex  1.525000e+02  1.462844e+01  1.880650e+01
     vertex  1.475000e+02  1.466132e+01  1.879676e+01
   endloop
 endfacet
 facet normal -0.000000e+00  3.103214e-01  9.506317e-01
   outer loop
     vertex  1.475000e+02  1.462844e+01  1.880650e+01
     vertex  1.525000e+02  1.459583e+01  1.881714e+01
     vertex  1.525000e+02  1.462844e+01  1.880650e+01
   endloop
 endfacet
 facet normal -0.000000e+00  3.103214e-01  9.506317e-01
   outer loop
     vertex  1.475000e+02  1.459583e+01  1.881714e+01
     vertex  1.525000e+02  1.459583e+01  1.881714e+01
     vertex  1.475000e+02  1.462844e+01  1.880650e+01
   endloop
 endfacet
 facet normal  0.000000e+00  3.362843e-01  9.417605e-01
   outer loop
     vertex  1.475000e+02  1.456353e+01  1.882868e+01
     vertex  1.525000e+02  1.459583e+01  1.881714e+01
     vertex  1.475000e+02  1.459583e+01  1.881714e+01
   endloop
 endfacet
 facet normal -0.000000e+00  3.362843e-01  9.417605e-01
   outer loop
     vertex  1.475000e+02  1.456353e+01  1.882868e+01
     vertex  1.525000e+02  1.456353e+01  1.882868e+01
     vertex  1.525000e+02  1.459583e+01  1.881714e+01
   endloop
 endfacet
 facet normal -0.000000e+00  3.619940e-01  9.321804e-01
   outer loop
     vertex  1.475000e+02  1.456353e+01  1.882868e+01
     vertex  1.525000e+02  1.453157e+01  1.884109e+01
     vertex  1.525000e+02  1.456353e+01  1.882868e+01
   endloop
 endfacet
 facet normal -0.000000e+00  3.619940e-01  9.321804e-01
   outer loop
     vertex  1.475000e+02  1.453157e+01  1.884109e+01
     vertex  1.525000e+02  1.453157e+01  1.884109e+01
     vertex  1.475000e+02  1.456353e+01  1.882868e+01
   endloop
 endfacet
 facet normal  0.000000e+00  3.874313e-01  9.218986e-01
   outer loop
     vertex  1.475000e+02  1.449995e+01  1.885438e+01
     vertex  1.525000e+02  1.453157e+01  1.884109e+01
     vertex  1.475000e+02  1.453157e+01  1.884109e+01
   endloop
 endfacet
 facet normal -0.000000e+00  3.874313e-01  9.218986e-01
   outer loop
     vertex  1.475000e+02  1.449995e+01  1.885438e+01
     vertex  1.525000e+02  1.449995e+01  1.885438e+01
     vertex  1.525000e+02  1.453157e+01  1.884109e+01
   endloop
 endfacet
 facet normal  0.000000e+00  4.125769e-01  9.109228e-01
   outer loop
     vertex  1.475000e+02  1.446871e+01  1.886853e+01
     vertex  1.525000e+02  1.449995e+01  1.885438e+01
     vertex  1.475000e+02  1.449995e+01  1.885438e+01
   endloop
 endfacet
 facet normal -0.000000e+00  4.125769e-01  9.109228e-01
   outer loop
     vertex  1.475000e+02  1.446871e+01  1.886853e+01
     vertex  1.525000e+02  1.446871e+01  1.886853e+01
     vertex  1.525000e+02  1.449995e+01  1.885438e+01
   endloop
 endfacet
 facet normal  0.000000e+00  4.374119e-01  8.992613e-01
   outer loop
     vertex  1.475000e+02  1.443787e+01  1.888353e+01
     vertex  1.525000e+02  1.446871e+01  1.886853e+01
     vertex  1.475000e+02  1.446871e+01  1.886853e+01
   endloop
 endfacet
 facet normal -0.000000e+00  4.374119e-01  8.992613e-01
   outer loop
     vertex  1.475000e+02  1.443787e+01  1.888353e+01
     vertex  1.525000e+02  1.443787e+01  1.888353e+01
     vertex  1.525000e+02  1.446871e+01  1.886853e+01
   endloop
 endfacet
 facet normal  0.000000e+00  4.619176e-01  8.869228e-01
   outer loop
     vertex  1.475000e+02  1.440745e+01  1.889937e+01
     vertex  1.525000e+02  1.443787e+01  1.888353e+01
     vertex  1.475000e+02  1.443787e+01  1.888353e+01
   endloop
 endfacet
 facet normal -0.000000e+00  4.619176e-01  8.869228e-01
   outer loop
     vertex  1.475000e+02  1.440745e+01  1.889937e+01
     vertex  1.525000e+02  1.440745e+01  1.889937e+01
     vertex  1.525000e+02  1.443787e+01  1.888353e+01
   endloop
 endfacet
 facet normal  0.000000e+00  4.860756e-01  8.739167e-01
   outer loop
     vertex  1.475000e+02  1.437748e+01  1.891604e+01
     vertex  1.525000e+02  1.440745e+01  1.889937e+01
     vertex  1.475000e+02  1.440745e+01  1.889937e+01
   endloop
 endfacet
 facet normal -0.000000e+00  4.860756e-01  8.739167e-01
   outer loop
     vertex  1.475000e+02  1.437748e+01  1.891604e+01
     vertex  1.525000e+02  1.437748e+01  1.891604e+01
     vertex  1.525000e+02  1.440745e+01  1.889937e+01
   endloop
 endfacet
 facet normal  0.000000e+00  5.098678e-01  8.602528e-01
   outer loop
     vertex  1.475000e+02  1.434797e+01  1.893353e+01
     vertex  1.525000e+02  1.437748e+01  1.891604e+01
     vertex  1.475000e+02  1.437748e+01  1.891604e+01
   endloop
 endfacet
 facet normal -0.000000e+00  5.098678e-01  8.602528e-01
   outer loop
     vertex  1.475000e+02  1.434797e+01  1.893353e+01
     vertex  1.525000e+02  1.434797e+01  1.893353e+01
     vertex  1.525000e+02  1.437748e+01  1.891604e+01
   endloop
 endfacet
 facet normal  0.000000e+00  5.332761e-01  8.459413e-01
   outer loop
     vertex  1.475000e+02  1.431896e+01  1.895182e+01
     vertex  1.525000e+02  1.434797e+01  1.893353e+01
     vertex  1.475000e+02  1.434797e+01  1.893353e+01
   endloop
 endfacet
 facet normal -0.000000e+00  5.332761e-01  8.459413e-01
   outer loop
     vertex  1.475000e+02  1.431896e+01  1.895182e+01
     vertex  1.525000e+02  1.431896e+01  1.895182e+01
     vertex  1.525000e+02  1.434797e+01  1.893353e+01
   endloop
 endfacet
 facet normal -0.000000e+00  5.562829e-01  8.309929e-01
   outer loop
     vertex  1.475000e+02  1.429046e+01  1.897090e+01
     vertex  1.525000e+02  1.429046e+01  1.897090e+01
     vertex  1.525000e+02  1.431896e+01  1.895182e+01
   endloop
 endfacet
 facet normal  0.000000e+00  5.562829e-01  8.309929e-01
   outer loop
     vertex  1.475000e+02  1.429046e+01  1.897090e+01
     vertex  1.525000e+02  1.431896e+01  1.895182e+01
     vertex  1.475000e+02  1.431896e+01  1.895182e+01
   endloop
 endfacet
 facet normal -0.000000e+00  5.788711e-01  8.154191e-01
   outer loop
     vertex  1.475000e+02  1.426250e+01  1.899075e+01
     vertex  1.525000e+02  1.426250e+01  1.899075e+01
     vertex  1.525000e+02  1.429046e+01  1.897090e+01
   endloop
 endfacet
 facet normal  0.000000e+00  5.788711e-01  8.154191e-01
   outer loop
     vertex  1.475000e+02  1.426250e+01  1.899075e+01
     vertex  1.525000e+02  1.429046e+01  1.897090e+01
     vertex  1.475000e+02  1.429046e+01  1.897090e+01
   endloop
 endfacet
 facet normal -0.000000e+00  6.010234e-01  7.992314e-01
   outer loop
     vertex  1.475000e+02  1.423509e+01  1.901136e+01
     vertex  1.525000e+02  1.423509e+01  1.901136e+01
     vertex  1.525000e+02  1.426250e+01  1.899075e+01
   endloop
 endfacet
 facet normal  0.000000e+00  6.010234e-01  7.992314e-01
   outer loop
     vertex  1.475000e+02  1.423509e+01  1.901136e+01
     vertex  1.525000e+02  1.426250e+01  1.899075e+01
     vertex  1.475000e+02  1.426250e+01  1.899075e+01
   endloop
 endfacet
 facet normal -0.000000e+00  6.227234e-01  7.824421e-01
   outer loop
     vertex  1.475000e+02  1.420825e+01  1.903272e+01
     vertex  1.525000e+02  1.420825e+01  1.903272e+01
     vertex  1.525000e+02  1.423509e+01  1.901136e+01
   endloop
 endfacet
 facet normal -0.000000e+00  6.439545e-01  7.650637e-01
   outer loop
     vertex  1.475000e+02  1.420825e+01  1.903272e+01
     vertex  1.525000e+02  1.418201e+01  1.905480e+01
     vertex  1.525000e+02  1.420825e+01  1.903272e+01
   endloop
 endfacet
 facet normal  0.000000e+00  6.227234e-01  7.824421e-01
   outer loop
     vertex  1.475000e+02  1.420825e+01  1.903272e+01
     vertex  1.525000e+02  1.423509e+01  1.901136e+01
     vertex  1.475000e+02  1.423509e+01  1.901136e+01
   endloop
 endfacet
 facet normal -0.000000e+00  6.439545e-01  7.650637e-01
   outer loop
     vertex  1.475000e+02  1.418201e+01  1.905480e+01
     vertex  1.525000e+02  1.418201e+01  1.905480e+01
     vertex  1.475000e+02  1.420825e+01  1.903272e+01
   endloop
 endfacet
 facet normal -0.000000e+00  6.647010e-01  7.471095e-01
   outer loop
     vertex  1.475000e+02  1.415639e+01  1.907760e+01
     vertex  1.525000e+02  1.415639e+01  1.907760e+01
     vertex  1.525000e+02  1.418201e+01  1.905480e+01
   endloop
 endfacet
 facet normal  0.000000e+00  6.647010e-01  7.471095e-01
   outer loop
     vertex  1.475000e+02  1.415639e+01  1.907760e+01
     vertex  1.525000e+02  1.418201e+01  1.905480e+01
     vertex  1.475000e+02  1.418201e+01  1.905480e+01
   endloop
 endfacet
 facet normal -0.000000e+00  6.849470e-01  7.285929e-01
   outer loop
     vertex  1.475000e+02  1.413140e+01  1.910109e+01
     vertex  1.525000e+02  1.413140e+01  1.910109e+01
     vertex  1.525000e+02  1.415639e+01  1.907760e+01
   endloop
 endfacet
 facet normal  0.000000e+00  6.849470e-01  7.285929e-01
   outer loop
     vertex  1.475000e+02  1.413140e+01  1.910109e+01
     vertex  1.525000e+02  1.415639e+01  1.907760e+01
     vertex  1.475000e+02  1.415639e+01  1.907760e+01
   endloop
 endfacet
 facet normal -0.000000e+00  7.046775e-01  7.095278e-01
   outer loop
     vertex  1.475000e+02  1.410707e+01  1.912526e+01
     vertex  1.525000e+02  1.410707e+01  1.912526e+01
     vertex  1.525000e+02  1.413140e+01  1.910109e+01
   endloop
 endfacet
 facet normal  0.000000e+00  7.046775e-01  7.095278e-01
   outer loop
     vertex  1.475000e+02  1.410707e+01  1.912526e+01
     vertex  1.525000e+02  1.413140e+01  1.910109e+01
     vertex  1.475000e+02  1.413140e+01  1.910109e+01
   endloop
 endfacet
 facet normal -0.000000e+00  7.238775e-01  6.899286e-01
   outer loop
     vertex  1.475000e+02  1.408341e+01  1.915008e+01
     vertex  1.525000e+02  1.408341e+01  1.915008e+01
     vertex  1.525000e+02  1.410707e+01  1.912526e+01
   endloop
 endfacet
 facet normal  0.000000e+00  7.238775e-01  6.899286e-01
   outer loop
     vertex  1.475000e+02  1.408341e+01  1.915008e+01
     vertex  1.525000e+02  1.410707e+01  1.912526e+01
     vertex  1.475000e+02  1.410707e+01  1.912526e+01
   endloop
 endfacet
 facet normal -0.000000e+00  7.425325e-01  6.698100e-01
   outer loop
     vertex  1.475000e+02  1.406044e+01  1.917555e+01
     vertex  1.525000e+02  1.406044e+01  1.917555e+01
     vertex  1.525000e+02  1.408341e+01  1.915008e+01
   endloop
 endfacet
 facet normal  0.000000e+00  7.425325e-01  6.698100e-01
   outer loop
     vertex  1.475000e+02  1.406044e+01  1.917555e+01
     vertex  1.525000e+02  1.408341e+01  1.915008e+01
     vertex  1.475000e+02  1.408341e+01  1.915008e+01
   endloop
 endfacet
 facet normal -0.000000e+00  7.606287e-01  6.491872e-01
   outer loop
     vertex  1.475000e+02  1.403817e+01  1.920164e+01
     vertex  1.525000e+02  1.403817e+01  1.920164e+01
     vertex  1.525000e+02  1.406044e+01  1.917555e+01
   endloop
 endfacet
 facet normal  0.000000e+00  7.606287e-01  6.491872e-01
   outer loop
     vertex  1.475000e+02  1.403817e+01  1.920164e+01
     vertex  1.525000e+02  1.406044e+01  1.917555e+01
     vertex  1.475000e+02  1.406044e+01  1.917555e+01
   endloop
 endfacet
 facet normal -0.000000e+00  7.781522e-01  6.280757e-01
   outer loop
     vertex  1.475000e+02  1.401663e+01  1.922832e+01
     vertex  1.525000e+02  1.401663e+01  1.922832e+01
     vertex  1.525000e+02  1.403817e+01  1.920164e+01
   endloop
 endfacet
 facet normal  0.000000e+00  7.781522e-01  6.280757e-01
   outer loop
     vertex  1.475000e+02  1.401663e+01  1.922832e+01
     vertex  1.525000e+02  1.403817e+01  1.920164e+01
     vertex  1.475000e+02  1.403817e+01  1.920164e+01
   endloop
 endfacet
 facet normal -0.000000e+00  7.950900e-01  6.064915e-01
   outer loop
     vertex  1.475000e+02  1.399583e+01  1.925559e+01
     vertex  1.525000e+02  1.399583e+01  1.925559e+01
     vertex  1.525000e+02  1.401663e+01  1.922832e+01
   endloop
 endfacet
 facet normal  0.000000e+00  7.950900e-01  6.064915e-01
   outer loop
     vertex  1.475000e+02  1.399583e+01  1.925559e+01
     vertex  1.525000e+02  1.401663e+01  1.922832e+01
     vertex  1.475000e+02  1.401663e+01  1.922832e+01
   endloop
 endfacet
 facet normal -0.000000e+00  8.114292e-01  5.844507e-01
   outer loop
     vertex  1.475000e+02  1.397579e+01  1.928342e+01
     vertex  1.525000e+02  1.397579e+01  1.928342e+01
     vertex  1.525000e+02  1.399583e+01  1.925559e+01
   endloop
 endfacet
 facet normal  0.000000e+00  8.114292e-01  5.844507e-01
   outer loop
     vertex  1.475000e+02  1.397579e+01  1.928342e+01
     vertex  1.525000e+02  1.399583e+01  1.925559e+01
     vertex  1.475000e+02  1.399583e+01  1.925559e+01
   endloop
 endfacet
 facet normal  0.000000e+00  8.271577e-01  5.619699e-01
   outer loop
     vertex  1.475000e+02  1.395651e+01  1.931179e+01
     vertex  1.525000e+02  1.397579e+01  1.928342e+01
     vertex  1.475000e+02  1.397579e+01  1.928342e+01
   endloop
 endfacet
 facet normal -0.000000e+00  8.271577e-01  5.619699e-01
   outer loop
     vertex  1.475000e+02  1.395651e+01  1.931179e+01
     vertex  1.525000e+02  1.395651e+01  1.931179e+01
     vertex  1.525000e+02  1.397579e+01  1.928342e+01
   endloop
 endfacet
 facet normal -0.000000e+00  8.422635e-01  5.390661e-01
   outer loop
     vertex  1.475000e+02  1.395651e+01  1.931179e+01
     vertex  1.525000e+02  1.393803e+01  1.934067e+01
     vertex  1.525000e+02  1.395651e+01  1.931179e+01
   endloop
 endfacet
 facet normal -0.000000e+00  8.422635e-01  5.390661e-01
   outer loop
     vertex  1.475000e+02  1.393803e+01  1.934067e+01
     vertex  1.525000e+02  1.393803e+01  1.934067e+01
     vertex  1.475000e+02  1.395651e+01  1.931179e+01
   endloop
 endfacet
 facet normal -0.000000e+00  8.567352e-01  5.157565e-01
   outer loop
     vertex  1.475000e+02  1.393803e+01  1.934067e+01
     vertex  1.525000e+02  1.392034e+01  1.937006e+01
     vertex  1.525000e+02  1.393803e+01  1.934067e+01
   endloop
 endfacet
 facet normal -0.000000e+00  8.567352e-01  5.157565e-01
   outer loop
     vertex  1.475000e+02  1.392034e+01  1.937006e+01
     vertex  1.525000e+02  1.392034e+01  1.937006e+01
     vertex  1.475000e+02  1.393803e+01  1.934067e+01
   endloop
 endfacet
 facet normal  0.000000e+00  8.705620e-01  4.920587e-01
   outer loop
     vertex  1.475000e+02  1.390346e+01  1.939991e+01
     vertex  1.525000e+02  1.392034e+01  1.937006e+01
     vertex  1.475000e+02  1.392034e+01  1.937006e+01
   endloop
 endfacet
 facet normal -0.000000e+00  8.705620e-01  4.920587e-01
   outer loop
     vertex  1.475000e+02  1.390346e+01  1.939991e+01
     vertex  1.525000e+02  1.390346e+01  1.939991e+01
     vertex  1.525000e+02  1.392034e+01  1.937006e+01
   endloop
 endfacet
 facet normal  0.000000e+00  8.837335e-01  4.679904e-01
   outer loop
     vertex  1.475000e+02  1.388741e+01  1.943022e+01
     vertex  1.525000e+02  1.390346e+01  1.939991e+01
     vertex  1.475000e+02  1.390346e+01  1.939991e+01
   endloop
 endfacet
 facet normal -0.000000e+00  8.837335e-01  4.679904e-01
   outer loop
     vertex  1.475000e+02  1.388741e+01  1.943022e+01
     vertex  1.525000e+02  1.388741e+01  1.943022e+01
     vertex  1.525000e+02  1.390346e+01  1.939991e+01
   endloop
 endfacet
 facet normal  0.000000e+00  8.962398e-01  4.435699e-01
   outer loop
     vertex  1.475000e+02  1.387220e+01  1.946096e+01
     vertex  1.525000e+02  1.388741e+01  1.943022e+01
     vertex  1.475000e+02  1.388741e+01  1.943022e+01
   endloop
 endfacet
 facet normal -0.000000e+00  8.962398e-01  4.435699e-01
   outer loop
     vertex  1.475000e+02  1.387220e+01  1.946096e+01
     vertex  1.525000e+02  1.387220e+01  1.946096e+01
     vertex  1.525000e+02  1.388741e+01  1.943022e+01
   endloop
 endfacet
 facet normal  0.000000e+00  9.080714e-01  4.188155e-01
   outer loop
     vertex  1.475000e+02  1.385784e+01  1.949210e+01
     vertex  1.525000e+02  1.387220e+01  1.946096e+01
     vertex  1.475000e+02  1.387220e+01  1.946096e+01
   endloop
 endfacet
 facet normal -0.000000e+00  9.080714e-01  4.188155e-01
   outer loop
     vertex  1.475000e+02  1.385784e+01  1.949210e+01
     vertex  1.525000e+02  1.385784e+01  1.949210e+01
     vertex  1.525000e+02  1.387220e+01  1.946096e+01
   endloop
 endfacet
 facet normal  0.000000e+00  9.192194e-01  3.937458e-01
   outer loop
     vertex  1.475000e+02  1.384433e+01  1.952363e+01
     vertex  1.525000e+02  1.385784e+01  1.949210e+01
     vertex  1.475000e+02  1.385784e+01  1.949210e+01
   endloop
 endfacet
 facet normal -0.000000e+00  9.192194e-01  3.937458e-01
   outer loop
     vertex  1.475000e+02  1.384433e+01  1.952363e+01
     vertex  1.525000e+02  1.384433e+01  1.952363e+01
     vertex  1.525000e+02  1.385784e+01  1.949210e+01
   endloop
 endfacet
 facet normal  0.000000e+00  9.296754e-01  3.683796e-01
   outer loop
     vertex  1.475000e+02  1.383170e+01  1.955551e+01
     vertex  1.525000e+02  1.384433e+01  1.952363e+01
     vertex  1.475000e+02  1.384433e+01  1.952363e+01
   endloop
 endfacet
 facet normal -0.000000e+00  9.296754e-01  3.683796e-01
   outer loop
     vertex  1.475000e+02  1.383170e+01  1.955551e+01
     vertex  1.525000e+02  1.383170e+01  1.955551e+01
     vertex  1.525000e+02  1.384433e+01  1.952363e+01
   endloop
 endfacet
 facet normal  0.000000e+00  9.394317e-01  3.427362e-01
   outer loop
     vertex  1.475000e+02  1.381994e+01  1.958773e+01
     vertex  1.525000e+02  1.383170e+01  1.955551e+01
     vertex  1.475000e+02  1.383170e+01  1.955551e+01
   endloop
 endfacet
 facet normal -0.000000e+00  9.394317e-01  3.427362e-01
   outer loop
     vertex  1.475000e+02  1.381994e+01  1.958773e+01
     vertex  1.525000e+02  1.381994e+01  1.958773e+01
     vertex  1.525000e+02  1.383170e+01  1.955551e+01
   endloop
 endfacet
 facet normal  0.000000e+00  9.484807e-01  3.168348e-01
   outer loop
     vertex  1.475000e+02  1.380908e+01  1.962026e+01
     vertex  1.525000e+02  1.381994e+01  1.958773e+01
     vertex  1.475000e+02  1.381994e+01  1.958773e+01
   endloop
 endfacet
 facet normal -0.000000e+00  9.484807e-01  3.168348e-01
   outer loop
     vertex  1.475000e+02  1.380908e+01  1.962026e+01
     vertex  1.525000e+02  1.380908e+01  1.962026e+01
     vertex  1.525000e+02  1.381994e+01  1.958773e+01
   endloop
 endfacet
 facet normal  0.000000e+00  9.568158e-01  2.906949e-01
   outer loop
     vertex  1.475000e+02  1.379911e+01  1.965307e+01
     vertex  1.525000e+02  1.380908e+01  1.962026e+01
     vertex  1.475000e+02  1.380908e+01  1.962026e+01
   endloop
 endfacet
 facet normal -0.000000e+00  9.568158e-01  2.906949e-01
   outer loop
     vertex  1.475000e+02  1.379911e+01  1.965307e+01
     vertex  1.525000e+02  1.379911e+01  1.965307e+01
     vertex  1.525000e+02  1.380908e+01  1.962026e+01
   endloop
 endfacet
 facet normal -0.000000e+00  9.644306e-01  2.643362e-01
   outer loop
     vertex  1.475000e+02  1.379911e+01  1.965307e+01
     vertex  1.525000e+02  1.379004e+01  1.968615e+01
     vertex  1.525000e+02  1.379911e+01  1.965307e+01
   endloop
 endfacet
 facet normal -0.000000e+00  9.644306e-01  2.643362e-01
   outer loop
     vertex  1.475000e+02  1.379004e+01  1.968615e+01
     vertex  1.525000e+02  1.379004e+01  1.968615e+01
     vertex  1.475000e+02  1.379911e+01  1.965307e+01
   endloop
 endfacet
 facet normal -0.000000e+00  9.713194e-01  2.377784e-01
   outer loop
     vertex  1.475000e+02  1.379004e+01  1.968615e+01
     vertex  1.525000e+02  1.378189e+01  1.971946e+01
     vertex  1.525000e+02  1.379004e+01  1.968615e+01
   endloop
 endfacet
 facet normal -0.000000e+00  9.713194e-01  2.377784e-01
   outer loop
     vertex  1.475000e+02  1.378189e+01  1.971946e+01
     vertex  1.525000e+02  1.378189e+01  1.971946e+01
     vertex  1.475000e+02  1.379004e+01  1.968615e+01
   endloop
 endfacet
 facet normal  0.000000e+00  9.774771e-01  2.110417e-01
   outer loop
     vertex  1.475000e+02  1.377465e+01  1.975298e+01
     vertex  1.525000e+02  1.378189e+01  1.971946e+01
     vertex  1.475000e+02  1.378189e+01  1.971946e+01
   endloop
 endfacet
 facet normal -0.000000e+00  9.774771e-01  2.110417e-01
   outer loop
     vertex  1.475000e+02  1.377465e+01  1.975298e+01
     vertex  1.525000e+02  1.377465e+01  1.975298e+01
     vertex  1.525000e+02  1.378189e+01  1.971946e+01
   endloop
 endfacet
 facet normal -0.000000e+00  9.828989e-01  1.841461e-01
   outer loop
     vertex  1.475000e+02  1.377465e+01  1.975298e+01
     vertex  1.525000e+02  1.376833e+01  1.978669e+01
     vertex  1.525000e+02  1.377465e+01  1.975298e+01
   endloop
 endfacet
 facet normal -0.000000e+00  9.828989e-01  1.841461e-01
   outer loop
     vertex  1.475000e+02  1.376833e+01  1.978669e+01
     vertex  1.525000e+02  1.376833e+01  1.978669e+01
     vertex  1.475000e+02  1.377465e+01  1.975298e+01
   endloop
 endfacet
 facet normal -0.000000e+00  9.875808e-01  1.571119e-01
   outer loop
     vertex  1.475000e+02  1.376833e+01  1.978669e+01
     vertex  1.525000e+02  1.376295e+01  1.982056e+01
     vertex  1.525000e+02  1.376833e+01  1.978669e+01
   endloop
 endfacet
 facet normal -0.000000e+00  9.875808e-01  1.571119e-01
   outer loop
     vertex  1.475000e+02  1.376295e+01  1.982056e+01
     vertex  1.525000e+02  1.376295e+01  1.982056e+01
     vertex  1.475000e+02  1.376833e+01  1.978669e+01
   endloop
 endfacet
 facet normal  0.000000e+00  9.915193e-01  1.299594e-01
   outer loop
     vertex  1.475000e+02  1.375849e+01  1.985457e+01
     vertex  1.525000e+02  1.376295e+01  1.982056e+01
     vertex  1.475000e+02  1.376295e+01  1.982056e+01
   endloop
 endfacet
 facet normal -0.000000e+00  9.915193e-01  1.299594e-01
   outer loop
     vertex  1.475000e+02  1.375849e+01  1.985457e+01
     vertex  1.525000e+02  1.375849e+01  1.985457e+01
     vertex  1.525000e+02  1.376295e+01  1.982056e+01
   endloop
 endfacet
 facet normal -0.000000e+00  9.947114e-01  1.027091e-01
   outer loop
     vertex  1.475000e+02  1.375849e+01  1.985457e+01
     vertex  1.525000e+02  1.375497e+01  1.988868e+01
     vertex  1.525000e+02  1.375849e+01  1.985457e+01
   endloop
 endfacet
 facet normal -0.000000e+00  9.947114e-01  1.027091e-01
   outer loop
     vertex  1.475000e+02  1.375497e+01  1.988868e+01
     vertex  1.525000e+02  1.375497e+01  1.988868e+01
     vertex  1.475000e+02  1.375849e+01  1.985457e+01
   endloop
 endfacet
 facet normal  0.000000e+00  9.971548e-01  7.538152e-02
   outer loop
     vertex  1.475000e+02  1.375238e+01  1.992288e+01
     vertex  1.525000e+02  1.375497e+01  1.988868e+01
     vertex  1.475000e+02  1.375497e+01  1.988868e+01
   endloop
 endfacet
 facet normal -0.000000e+00  9.971548e-01  7.538152e-02
   outer loop
     vertex  1.475000e+02  1.375238e+01  1.992288e+01
     vertex  1.525000e+02  1.375238e+01  1.992288e+01
     vertex  1.525000e+02  1.375497e+01  1.988868e+01
   endloop
 endfacet
 facet normal -0.000000e+00  9.988475e-01  4.799716e-02
   outer loop
     vertex  1.475000e+02  1.375238e+01  1.992288e+01
     vertex  1.525000e+02  1.375074e+01  1.995714e+01
     vertex  1.525000e+02  1.375238e+01  1.992288e+01
   endloop
 endfacet
 facet normal -0.000000e+00  9.997883e-01  2.057667e-02
   outer loop
     vertex  1.475000e+02  1.375074e+01  1.995714e+01
     vertex  1.525000e+02  1.375003e+01  1.999143e+01
     vertex  1.525000e+02  1.375074e+01  1.995714e+01
   endloop
 endfacet
 facet normal -0.000000e+00  9.988475e-01  4.799716e-02
   outer loop
     vertex  1.475000e+02  1.375074e+01  1.995714e+01
     vertex  1.525000e+02  1.375074e+01  1.995714e+01
     vertex  1.475000e+02  1.375238e+01  1.992288e+01
   endloop
 endfacet
 facet normal -0.000000e+00  9.997883e-01  2.057667e-02
   outer loop
     vertex  1.475000e+02  1.375003e+01  1.999143e+01
     vertex  1.525000e+02  1.375003e+01  1.999143e+01
     vertex  1.475000e+02  1.375074e+01  1.995714e+01
   endloop
 endfacet
 facet normal  0.000000e+00  9.999765e-01 -6.859319e-03
   outer loop
     vertex  1.475000e+02  1.375026e+01  2.002572e+01
     vertex  1.525000e+02  1.375026e+01  2.002572e+01
     vertex  1.525000e+02  1.375003e+01  1.999143e+01
   endloop
 endfacet
 facet normal  0.000000e+00  9.999765e-01 -6.859319e-03
   outer loop
     vertex  1.475000e+02  1.375026e+01  2.002572e+01
     vertex  1.525000e+02  1.375003e+01  1.999143e+01
     vertex  1.475000e+02  1.375003e+01  1.999143e+01
   endloop
 endfacet
 facet normal  0.000000e+00  9.994119e-01 -3.429014e-02
   outer loop
     vertex  1.475000e+02  1.375144e+01  2.006000e+01
     vertex  1.525000e+02  1.375144e+01  2.006000e+01
     vertex  1.525000e+02  1.375026e+01  2.002572e+01
   endloop
 endfacet
 facet normal  0.000000e+00  9.994119e-01 -3.429014e-02
   outer loop
     vertex  1.475000e+02  1.375144e+01  2.006000e+01
     vertex  1.525000e+02  1.375026e+01  2.002572e+01
     vertex  1.475000e+02  1.375026e+01  2.002572e+01
   endloop
 endfacet
 facet normal  0.000000e+00  9.980950e-01 -6.169515e-02
   outer loop
     vertex  1.475000e+02  1.375356e+01  2.009423e+01
     vertex  1.525000e+02  1.375356e+01  2.009423e+01
     vertex  1.525000e+02  1.375144e+01  2.006000e+01
   endloop
 endfacet
 facet normal  0.000000e+00  9.980950e-01 -6.169515e-02
   outer loop
     vertex  1.475000e+02  1.375356e+01  2.009423e+01
     vertex  1.525000e+02  1.375144e+01  2.006000e+01
     vertex  1.475000e+02  1.375144e+01  2.006000e+01
   endloop
 endfacet
 facet normal  0.000000e+00  9.960268e-01 -8.905371e-02
   outer loop
     vertex  1.475000e+02  1.375661e+01  2.012839e+01
     vertex  1.525000e+02  1.375356e+01  2.009423e+01
     vertex  1.475000e+02  1.375356e+01  2.009423e+01
   endloop
 endfacet
 facet normal  0.000000e+00  9.960268e-01 -8.905371e-02
   outer loop
     vertex  1.475000e+02  1.375661e+01  2.012839e+01
     vertex  1.525000e+02  1.375661e+01  2.012839e+01
     vertex  1.525000e+02  1.375356e+01  2.009423e+01
   endloop
 endfacet
 facet normal  0.000000e+00  9.932088e-01 -1.163452e-01
   outer loop
     vertex  1.475000e+02  1.376060e+01  2.016245e+01
     vertex  1.525000e+02  1.375661e+01  2.012839e+01
     vertex  1.475000e+02  1.375661e+01  2.012839e+01
   endloop
 endfacet
 facet normal  0.000000e+00  9.932088e-01 -1.163452e-01
   outer loop
     vertex  1.475000e+02  1.376060e+01  2.016245e+01
     vertex  1.525000e+02  1.376060e+01  2.016245e+01
     vertex  1.525000e+02  1.375661e+01  2.012839e+01
   endloop
 endfacet
 facet normal  0.000000e+00  9.896432e-01 -1.435492e-01
   outer loop
     vertex  1.475000e+02  1.376060e+01  2.016245e+01
     vertex  1.525000e+02  1.376552e+01  2.019639e+01
     vertex  1.525000e+02  1.376060e+01  2.016245e+01
   endloop
 endfacet
 facet normal  0.000000e+00  9.896432e-01 -1.435492e-01
   outer loop
     vertex  1.475000e+02  1.376552e+01  2.019639e+01
     vertex  1.525000e+02  1.376552e+01  2.019639e+01
     vertex  1.475000e+02  1.376060e+01  2.016245e+01
   endloop
 endfacet
 facet normal  0.000000e+00  9.853326e-01 -1.706451e-01
   outer loop
     vertex  1.475000e+02  1.377138e+01  2.023018e+01
     vertex  1.525000e+02  1.376552e+01  2.019639e+01
     vertex  1.475000e+02  1.376552e+01  2.019639e+01
   endloop
 endfacet
 facet normal  0.000000e+00  9.853326e-01 -1.706451e-01
   outer loop
     vertex  1.475000e+02  1.377138e+01  2.023018e+01
     vertex  1.525000e+02  1.377138e+01  2.023018e+01
     vertex  1.525000e+02  1.376552e+01  2.019639e+01
   endloop
 endfacet
 facet normal  0.000000e+00  9.802802e-01 -1.976125e-01
   outer loop
     vertex  1.475000e+02  1.377815e+01  2.026380e+01
     vertex  1.525000e+02  1.377138e+01  2.023018e+01
     vertex  1.475000e+02  1.377138e+01  2.023018e+01
   endloop
 endfacet
 facet normal  0.000000e+00  9.802802e-01 -1.976125e-01
   outer loop
     vertex  1.475000e+02  1.377815e+01  2.026380e+01
     vertex  1.525000e+02  1.377815e+01  2.026380e+01
     vertex  1.525000e+02  1.377138e+01  2.023018e+01
   endloop
 endfacet
 facet normal  0.000000e+00  9.744899e-01 -2.244312e-01
   outer loop
     vertex  1.475000e+02  1.377815e+01  2.026380e+01
     vertex  1.525000e+02  1.378585e+01  2.029722e+01
     vertex  1.525000e+02  1.377815e+01  2.026380e+01
   endloop
 endfacet
 facet normal  0.000000e+00  9.744899e-01 -2.244312e-01
   outer loop
     vertex  1.475000e+02  1.378585e+01  2.029722e+01
     vertex  1.525000e+02  1.378585e+01  2.029722e+01
     vertex  1.475000e+02  1.377815e+01  2.026380e+01
   endloop
 endfacet
 facet normal  0.000000e+00  9.679661e-01 -2.510809e-01
   outer loop
     vertex  1.475000e+02  1.379446e+01  2.033042e+01
     vertex  1.525000e+02  1.378585e+01  2.029722e+01
     vertex  1.475000e+02  1.378585e+01  2.029722e+01
   endloop
 endfacet
 facet normal  0.000000e+00  9.679661e-01 -2.510809e-01
   outer loop
     vertex  1.475000e+02  1.379446e+01  2.033042e+01
     vertex  1.525000e+02  1.379446e+01  2.033042e+01
     vertex  1.525000e+02  1.378585e+01  2.029722e+01
   endloop
 endfacet
 facet normal  0.000000e+00  9.607136e-01 -2.775416e-01
   outer loop
     vertex  1.475000e+02  1.379446e+01  2.033042e+01
     vertex  1.525000e+02  1.380398e+01  2.036337e+01
     vertex  1.525000e+02  1.379446e+01  2.033042e+01
   endloop
 endfacet
 facet normal  0.000000e+00  9.607136e-01 -2.775416e-01
   outer loop
     vertex  1.475000e+02  1.380398e+01  2.036337e+01
     vertex  1.525000e+02  1.380398e+01  2.036337e+01
     vertex  1.475000e+02  1.379446e+01  2.033042e+01
   endloop
 endfacet
 facet normal  0.000000e+00  9.527379e-01 -3.037934e-01
   outer loop
     vertex  1.475000e+02  1.381440e+01  2.039604e+01
     vertex  1.525000e+02  1.380398e+01  2.036337e+01
     vertex  1.475000e+02  1.380398e+01  2.036337e+01
   endloop
 endfacet
 facet normal  0.000000e+00  9.527379e-01 -3.037934e-01
   outer loop
     vertex  1.475000e+02  1.381440e+01  2.039604e+01
     vertex  1.525000e+02  1.381440e+01  2.039604e+01
     vertex  1.525000e+02  1.380398e+01  2.036337e+01
   endloop
 endfacet
 facet normal  0.000000e+00  9.440450e-01 -3.298166e-01
   outer loop
     vertex  1.475000e+02  1.381440e+01  2.039604e+01
     vertex  1.525000e+02  1.382571e+01  2.042842e+01
     vertex  1.525000e+02  1.381440e+01  2.039604e+01
   endloop
 endfacet
 facet normal  0.000000e+00  9.440450e-01 -3.298166e-01
   outer loop
     vertex  1.475000e+02  1.382571e+01  2.042842e+01
     vertex  1.525000e+02  1.382571e+01  2.042842e+01
     vertex  1.475000e+02  1.381440e+01  2.039604e+01
   endloop
 endfacet
 facet normal  0.000000e+00  9.346415e-01 -3.555914e-01
   outer loop
     vertex  1.475000e+02  1.383791e+01  2.046047e+01
     vertex  1.525000e+02  1.382571e+01  2.042842e+01
     vertex  1.475000e+02  1.382571e+01  2.042842e+01
   endloop
 endfacet
 facet normal  0.000000e+00  9.346415e-01 -3.555914e-01
   outer loop
     vertex  1.475000e+02  1.383791e+01  2.046047e+01
     vertex  1.525000e+02  1.383791e+01  2.046047e+01
     vertex  1.525000e+02  1.382571e+01  2.042842e+01
   endloop
 endfacet
 facet normal  0.000000e+00  9.245344e-01 -3.810986e-01
   outer loop
     vertex  1.475000e+02  1.385098e+01  2.049218e+01
     vertex  1.525000e+02  1.383791e+01  2.046047e+01
     vertex  1.475000e+02  1.383791e+01  2.046047e+01
   endloop
 endfacet
 facet normal  0.000000e+00  9.245344e-01 -3.810986e-01
   outer loop
     vertex  1.475000e+02  1.385098e+01  2.049218e+01
     vertex  1.525000e+02  1.385098e+01  2.049218e+01
     vertex  1.525000e+02  1.383791e+01  2.046047e+01
   endloop
 endfacet
 facet normal  0.000000e+00  9.137314e-01 -4.063188e-01
   outer loop
     vertex  1.475000e+02  1.386491e+01  2.052352e+01
     vertex  1.525000e+02  1.386491e+01  2.052352e+01
     vertex  1.525000e+02  1.385098e+01  2.049218e+01
   endloop
 endfacet
 facet normal  0.000000e+00  9.022405e-01 -4.312333e-01
   outer loop
     vertex  1.475000e+02  1.386491e+01  2.052352e+01
     vertex  1.525000e+02  1.387970e+01  2.055446e+01
     vertex  1.525000e+02  1.386491e+01  2.052352e+01
   endloop
 endfacet
 facet normal  0.000000e+00  9.137314e-01 -4.063188e-01
   outer loop
     vertex  1.475000e+02  1.386491e+01  2.052352e+01
     vertex  1.525000e+02  1.385098e+01  2.049218e+01
     vertex  1.475000e+02  1.385098e+01  2.049218e+01
   endloop
 endfacet
 facet normal  0.000000e+00  9.022405e-01 -4.312333e-01
   outer loop
     vertex  1.475000e+02  1.387970e+01  2.055446e+01
     vertex  1.525000e+02  1.387970e+01  2.055446e+01
     vertex  1.475000e+02  1.386491e+01  2.052352e+01
   endloop
 endfacet
 facet normal  0.000000e+00  8.900704e-01 -4.558231e-01
   outer loop
     vertex  1.475000e+02  1.389533e+01  2.058499e+01
     vertex  1.525000e+02  1.389533e+01  2.058499e+01
     vertex  1.525000e+02  1.387970e+01  2.055446e+01
   endloop
 endfacet
 facet normal  0.000000e+00  8.772303e-01 -4.800697e-01
   outer loop
     vertex  1.475000e+02  1.389533e+01  2.058499e+01
     vertex  1.525000e+02  1.391180e+01  2.061507e+01
     vertex  1.525000e+02  1.389533e+01  2.058499e+01
   endloop
 endfacet
 facet normal  0.000000e+00  8.900704e-01 -4.558231e-01
   outer loop
     vertex  1.475000e+02  1.389533e+01  2.058499e+01
     vertex  1.525000e+02  1.387970e+01  2.055446e+01
     vertex  1.475000e+02  1.387970e+01  2.055446e+01
   endloop
 endfacet
 facet normal  0.000000e+00  8.772303e-01 -4.800697e-01
   outer loop
     vertex  1.475000e+02  1.391180e+01  2.061507e+01
     vertex  1.525000e+02  1.391180e+01  2.061507e+01
     vertex  1.475000e+02  1.389533e+01  2.058499e+01
   endloop
 endfacet
 facet normal  0.000000e+00  8.637299e-01 -5.039550e-01
   outer loop
     vertex  1.475000e+02  1.392908e+01  2.064470e+01
     vertex  1.525000e+02  1.392908e+01  2.064470e+01
     vertex  1.525000e+02  1.391180e+01  2.061507e+01
   endloop
 endfacet
 facet normal  0.000000e+00  8.637299e-01 -5.039550e-01
   outer loop
     vertex  1.475000e+02  1.392908e+01  2.064470e+01
     vertex  1.525000e+02  1.391180e+01  2.061507e+01
     vertex  1.475000e+02  1.391180e+01  2.061507e+01
   endloop
 endfacet
 facet normal  0.000000e+00  8.495793e-01 -5.274609e-01
   outer loop
     vertex  1.475000e+02  1.394717e+01  2.067383e+01
     vertex  1.525000e+02  1.394717e+01  2.067383e+01
     vertex  1.525000e+02  1.392908e+01  2.064470e+01
   endloop
 endfacet
 facet normal  0.000000e+00  8.347891e-01 -5.505698e-01
   outer loop
     vertex  1.475000e+02  1.394717e+01  2.067383e+01
     vertex  1.525000e+02  1.396605e+01  2.070246e+01
     vertex  1.525000e+02  1.394717e+01  2.067383e+01
   endloop
 endfacet
 facet normal  0.000000e+00  8.495793e-01 -5.274609e-01
   outer loop
     vertex  1.475000e+02  1.394717e+01  2.067383e+01
     vertex  1.525000e+02  1.392908e+01  2.064470e+01
     vertex  1.475000e+02  1.392908e+01  2.064470e+01
   endloop
 endfacet
 facet normal  0.000000e+00  8.347891e-01 -5.505698e-01
   outer loop
     vertex  1.475000e+02  1.396605e+01  2.070246e+01
     vertex  1.525000e+02  1.396605e+01  2.070246e+01
     vertex  1.475000e+02  1.394717e+01  2.067383e+01
   endloop
 endfacet
 facet normal  0.000000e+00  8.193706e-01 -5.732642e-01
   outer loop
     vertex  1.475000e+02  1.398571e+01  2.073056e+01
     vertex  1.525000e+02  1.398571e+01  2.073056e+01
     vertex  1.525000e+02  1.396605e+01  2.070246e+01
   endloop
 endfacet
 facet normal  0.000000e+00  8.193706e-01 -5.732642e-01
   outer loop
     vertex  1.475000e+02  1.398571e+01  2.073056e+01
     vertex  1.525000e+02  1.396605e+01  2.070246e+01
     vertex  1.475000e+02  1.396605e+01  2.070246e+01
   endloop
 endfacet
 facet normal  0.000000e+00  8.033352e-01 -5.955271e-01
   outer loop
     vertex  1.475000e+02  1.400614e+01  2.075811e+01
     vertex  1.525000e+02  1.400614e+01  2.075811e+01
     vertex  1.525000e+02  1.398571e+01  2.073056e+01
   endloop
 endfacet
 facet normal  0.000000e+00  7.866951e-01 -6.173417e-01
   outer loop
     vertex  1.475000e+02  1.400614e+01  2.075811e+01
     vertex  1.525000e+02  1.402731e+01  2.078509e+01
     vertex  1.525000e+02  1.400614e+01  2.075811e+01
   endloop
 endfacet
 facet normal  0.000000e+00  8.033352e-01 -5.955271e-01
   outer loop
     vertex  1.475000e+02  1.400614e+01  2.075811e+01
     vertex  1.525000e+02  1.398571e+01  2.073056e+01
     vertex  1.475000e+02  1.398571e+01  2.073056e+01
   endloop
 endfacet
 facet normal  0.000000e+00  7.866951e-01 -6.173417e-01
   outer loop
     vertex  1.475000e+02  1.402731e+01  2.078509e+01
     vertex  1.525000e+02  1.402731e+01  2.078509e+01
     vertex  1.475000e+02  1.400614e+01  2.075811e+01
   endloop
 endfacet
 facet normal  0.000000e+00  7.694628e-01 -6.386916e-01
   outer loop
     vertex  1.475000e+02  1.404921e+01  2.081148e+01
     vertex  1.525000e+02  1.404921e+01  2.081148e+01
     vertex  1.525000e+02  1.402731e+01  2.078509e+01
   endloop
 endfacet
 facet normal  0.000000e+00  7.694628e-01 -6.386916e-01
   outer loop
     vertex  1.475000e+02  1.404921e+01  2.081148e+01
     vertex  1.525000e+02  1.402731e+01  2.078509e+01
     vertex  1.475000e+02  1.402731e+01  2.078509e+01
   endloop
 endfacet
 facet normal  0.000000e+00  7.516513e-01 -6.595607e-01
   outer loop
     vertex  1.475000e+02  1.407183e+01  2.083726e+01
     vertex  1.525000e+02  1.407183e+01  2.083726e+01
     vertex  1.525000e+02  1.404921e+01  2.081148e+01
   endloop
 endfacet
 facet normal  0.000000e+00  7.516513e-01 -6.595607e-01
   outer loop
     vertex  1.475000e+02  1.407183e+01  2.083726e+01
     vertex  1.525000e+02  1.404921e+01  2.081148e+01
     vertex  1.475000e+02  1.404921e+01  2.081148e+01
   endloop
 endfacet
 facet normal  0.000000e+00  7.332740e-01 -6.799333e-01
   outer loop
     vertex  1.475000e+02  1.409515e+01  2.086241e+01
     vertex  1.525000e+02  1.409515e+01  2.086241e+01
     vertex  1.525000e+02  1.407183e+01  2.083726e+01
   endloop
 endfacet
 facet normal  0.000000e+00  7.143447e-01 -6.997940e-01
   outer loop
     vertex  1.475000e+02  1.409515e+01  2.086241e+01
     vertex  1.525000e+02  1.411915e+01  2.088691e+01
     vertex  1.525000e+02  1.409515e+01  2.086241e+01
   endloop
 endfacet
 facet normal  0.000000e+00  7.332740e-01 -6.799333e-01
   outer loop
     vertex  1.475000e+02  1.409515e+01  2.086241e+01
     vertex  1.525000e+02  1.407183e+01  2.083726e+01
     vertex  1.475000e+02  1.407183e+01  2.083726e+01
   endloop
 endfacet
 facet normal  0.000000e+00  7.143447e-01 -6.997940e-01
   outer loop
     vertex  1.475000e+02  1.411915e+01  2.088691e+01
     vertex  1.525000e+02  1.411915e+01  2.088691e+01
     vertex  1.475000e+02  1.409515e+01  2.086241e+01
   endloop
 endfacet
 facet normal  0.000000e+00  6.948776e-01 -7.191280e-01
   outer loop
     vertex  1.475000e+02  1.414382e+01  2.091074e+01
     vertex  1.525000e+02  1.411915e+01  2.088691e+01
     vertex  1.475000e+02  1.411915e+01  2.088691e+01
   endloop
 endfacet
 facet normal  0.000000e+00  6.948776e-01 -7.191280e-01
   outer loop
     vertex  1.475000e+02  1.414382e+01  2.091074e+01
     vertex  1.525000e+02  1.414382e+01  2.091074e+01
     vertex  1.525000e+02  1.411915e+01  2.088691e+01
   endloop
 endfacet
 facet normal  0.000000e+00  6.748875e-01 -7.379206e-01
   outer loop
     vertex  1.475000e+02  1.416912e+01  2.093389e+01
     vertex  1.525000e+02  1.414382e+01  2.091074e+01
     vertex  1.475000e+02  1.414382e+01  2.091074e+01
   endloop
 endfacet
 facet normal  0.000000e+00  6.748875e-01 -7.379206e-01
   outer loop
     vertex  1.475000e+02  1.416912e+01  2.093389e+01
     vertex  1.525000e+02  1.416912e+01  2.093389e+01
     vertex  1.525000e+02  1.414382e+01  2.091074e+01
   endloop
 endfacet
 facet normal  0.000000e+00  6.543893e-01 -7.561578e-01
   outer loop
     vertex  1.475000e+02  1.416912e+01  2.093389e+01
     vertex  1.525000e+02  1.419506e+01  2.095633e+01
     vertex  1.525000e+02  1.416912e+01  2.093389e+01
   endloop
 endfacet
 facet normal  0.000000e+00  6.543893e-01 -7.561578e-01
   outer loop
     vertex  1.475000e+02  1.419506e+01  2.095633e+01
     vertex  1.525000e+02  1.419506e+01  2.095633e+01
     vertex  1.475000e+02  1.416912e+01  2.093389e+01
   endloop
 endfacet
 facet normal  0.000000e+00  6.333986e-01 -7.738257e-01
   outer loop
     vertex  1.475000e+02  1.419506e+01  2.095633e+01
     vertex  1.525000e+02  1.422160e+01  2.097805e+01
     vertex  1.525000e+02  1.419506e+01  2.095633e+01
   endloop
 endfacet
 facet normal  0.000000e+00  6.333986e-01 -7.738257e-01
   outer loop
     vertex  1.475000e+02  1.422160e+01  2.097805e+01
     vertex  1.525000e+02  1.422160e+01  2.097805e+01
     vertex  1.475000e+02  1.419506e+01  2.095633e+01
   endloop
 endfacet
 facet normal  0.000000e+00  6.119310e-01 -7.909112e-01
   outer loop
     vertex  1.475000e+02  1.424872e+01  2.099904e+01
     vertex  1.525000e+02  1.422160e+01  2.097805e+01
     vertex  1.475000e+02  1.422160e+01  2.097805e+01
   endloop
 endfacet
 facet normal  0.000000e+00  6.119310e-01 -7.909112e-01
   outer loop
     vertex  1.475000e+02  1.424872e+01  2.099904e+01
     vertex  1.525000e+02  1.424872e+01  2.099904e+01
     vertex  1.525000e+02  1.422160e+01  2.097805e+01
   endloop
 endfacet
 facet normal  0.000000e+00  5.900028e-01 -8.074012e-01
   outer loop
     vertex  1.475000e+02  1.427641e+01  2.101927e+01
     vertex  1.525000e+02  1.427641e+01  2.101927e+01
     vertex  1.525000e+02  1.424872e+01  2.099904e+01
   endloop
 endfacet
 facet normal  0.000000e+00  5.676304e-01 -8.232835e-01
   outer loop
     vertex  1.475000e+02  1.427641e+01  2.101927e+01
     vertex  1.525000e+02  1.430465e+01  2.103874e+01
     vertex  1.525000e+02  1.427641e+01  2.101927e+01
   endloop
 endfacet
 facet normal  0.000000e+00  5.900028e-01 -8.074012e-01
   outer loop
     vertex  1.475000e+02  1.427641e+01  2.101927e+01
     vertex  1.525000e+02  1.424872e+01  2.099904e+01
     vertex  1.475000e+02  1.424872e+01  2.099904e+01
   endloop
 endfacet
 facet normal  0.000000e+00  5.676304e-01 -8.232835e-01
   outer loop
     vertex  1.475000e+02  1.430465e+01  2.103874e+01
     vertex  1.525000e+02  1.430465e+01  2.103874e+01
     vertex  1.475000e+02  1.427641e+01  2.101927e+01
   endloop
 endfacet
 facet normal  0.000000e+00  5.448308e-01 -8.385460e-01
   outer loop
     vertex  1.475000e+02  1.433340e+01  2.105743e+01
     vertex  1.525000e+02  1.430465e+01  2.103874e+01
     vertex  1.475000e+02  1.430465e+01  2.103874e+01
   endloop
 endfacet
 facet normal  0.000000e+00  5.448308e-01 -8.385460e-01
   outer loop
     vertex  1.475000e+02  1.433340e+01  2.105743e+01
     vertex  1.525000e+02  1.433340e+01  2.105743e+01
     vertex  1.525000e+02  1.430465e+01  2.103874e+01
   endloop
 endfacet
 facet normal  0.000000e+00  5.216210e-01 -8.531773e-01
   outer loop
     vertex  1.475000e+02  1.433340e+01  2.105743e+01
     vertex  1.525000e+02  1.436267e+01  2.107532e+01
     vertex  1.525000e+02  1.433340e+01  2.105743e+01
   endloop
 endfacet
 facet normal  0.000000e+00  5.216210e-01 -8.531773e-01
   outer loop
     vertex  1.475000e+02  1.436267e+01  2.107532e+01
     vertex  1.525000e+02  1.436267e+01  2.107532e+01
     vertex  1.475000e+02  1.433340e+01  2.105743e+01
   endloop
 endfacet
 facet normal  0.000000e+00  4.980186e-01 -8.671664e-01
   outer loop
     vertex  1.475000e+02  1.439241e+01  2.109240e+01
     vertex  1.525000e+02  1.439241e+01  2.109240e+01
     vertex  1.525000e+02  1.436267e+01  2.107532e+01
   endloop
 endfacet
 facet normal  0.000000e+00  4.980186e-01 -8.671664e-01
   outer loop
     vertex  1.475000e+02  1.439241e+01  2.109240e+01
     vertex  1.525000e+02  1.436267e+01  2.107532e+01
     vertex  1.475000e+02  1.436267e+01  2.107532e+01
   endloop
 endfacet
 facet normal  0.000000e+00  4.740412e-01 -8.805026e-01
   outer loop
     vertex  1.475000e+02  1.442260e+01  2.110865e+01
     vertex  1.525000e+02  1.442260e+01  2.110865e+01
     vertex  1.525000e+02  1.439241e+01  2.109240e+01
   endloop
 endfacet
 facet normal  0.000000e+00  4.740412e-01 -8.805026e-01
   outer loop
     vertex  1.475000e+02  1.442260e+01  2.110865e+01
     vertex  1.525000e+02  1.439241e+01  2.109240e+01
     vertex  1.475000e+02  1.439241e+01  2.109240e+01
   endloop
 endfacet
 facet normal  0.000000e+00  4.497071e-01 -8.931761e-01
   outer loop
     vertex  1.475000e+02  1.445324e+01  2.112408e+01
     vertex  1.525000e+02  1.445324e+01  2.112408e+01
     vertex  1.525000e+02  1.442260e+01  2.110865e+01
   endloop
 endfacet
 facet normal  0.000000e+00  4.497071e-01 -8.931761e-01
   outer loop
     vertex  1.475000e+02  1.445324e+01  2.112408e+01
     vertex  1.525000e+02  1.442260e+01  2.110865e+01
     vertex  1.475000e+02  1.442260e+01  2.110865e+01
   endloop
 endfacet
 facet normal  0.000000e+00  4.250344e-01 -9.051772e-01
   outer loop
     vertex  1.475000e+02  1.448428e+01  2.113865e+01
     vertex  1.525000e+02  1.448428e+01  2.113865e+01
     vertex  1.525000e+02  1.445324e+01  2.112408e+01
   endloop
 endfacet
 facet normal  0.000000e+00  4.000417e-01 -9.164969e-01
   outer loop
     vertex  1.475000e+02  1.448428e+01  2.113865e+01
     vertex  1.525000e+02  1.451571e+01  2.115237e+01
     vertex  1.525000e+02  1.448428e+01  2.113865e+01
   endloop
 endfacet
 facet normal  0.000000e+00  4.250344e-01 -9.051772e-01
   outer loop
     vertex  1.475000e+02  1.448428e+01  2.113865e+01
     vertex  1.525000e+02  1.445324e+01  2.112408e+01
     vertex  1.475000e+02  1.445324e+01  2.112408e+01
   endloop
 endfacet
 facet normal  0.000000e+00  4.000417e-01 -9.164969e-01
   outer loop
     vertex  1.475000e+02  1.451571e+01  2.115237e+01
     vertex  1.525000e+02  1.451571e+01  2.115237e+01
     vertex  1.475000e+02  1.448428e+01  2.113865e+01
   endloop
 endfacet
 facet normal  0.000000e+00  3.747479e-01 -9.271267e-01
   outer loop
     vertex  1.475000e+02  1.454751e+01  2.116523e+01
     vertex  1.525000e+02  1.454751e+01  2.116523e+01
     vertex  1.525000e+02  1.451571e+01  2.115237e+01
   endloop
 endfacet
 facet normal  0.000000e+00  3.491720e-01 -9.370586e-01
   outer loop
     vertex  1.475000e+02  1.454751e+01  2.116523e+01
     vertex  1.525000e+02  1.457964e+01  2.117720e+01
     vertex  1.525000e+02  1.454751e+01  2.116523e+01
   endloop
 endfacet
 facet normal  0.000000e+00  3.747479e-01 -9.271267e-01
   outer loop
     vertex  1.475000e+02  1.454751e+01  2.116523e+01
     vertex  1.525000e+02  1.451571e+01  2.115237e+01
     vertex  1.475000e+02  1.451571e+01  2.115237e+01
   endloop
 endfacet
 facet normal  0.000000e+00  3.233333e-01 -9.462851e-01
   outer loop
     vertex  1.475000e+02  1.457964e+01  2.117720e+01
     vertex  1.525000e+02  1.461210e+01  2.118829e+01
     vertex  1.525000e+02  1.457964e+01  2.117720e+01
   endloop
 endfacet
 facet normal  0.000000e+00  3.491720e-01 -9.370586e-01
   outer loop
     vertex  1.475000e+02  1.457964e+01  2.117720e+01
     vertex  1.525000e+02  1.457964e+01  2.117720e+01
     vertex  1.475000e+02  1.454751e+01  2.116523e+01
   endloop
 endfacet
 facet normal  0.000000e+00  2.972512e-01 -9.547993e-01
   outer loop
     vertex  1.475000e+02  1.461210e+01  2.118829e+01
     vertex  1.525000e+02  1.464484e+01  2.119848e+01
     vertex  1.525000e+02  1.461210e+01  2.118829e+01
   endloop
 endfacet
 facet normal  0.000000e+00  3.233333e-01 -9.462851e-01
   outer loop
     vertex  1.475000e+02  1.461210e+01  2.118829e+01
     vertex  1.525000e+02  1.461210e+01  2.118829e+01
     vertex  1.475000e+02  1.457964e+01  2.117720e+01
   endloop
 endfacet
 facet normal  0.000000e+00  2.972512e-01 -9.547993e-01
   outer loop
     vertex  1.475000e+02  1.464484e+01  2.119848e+01
     vertex  1.525000e+02  1.464484e+01  2.119848e+01
     vertex  1.475000e+02  1.461210e+01  2.118829e+01
   endloop
 endfacet
 facet normal  0.000000e+00  2.709453e-01 -9.625948e-01
   outer loop
     vertex  1.475000e+02  1.467786e+01  2.120778e+01
     vertex  1.525000e+02  1.467786e+01  2.120778e+01
     vertex  1.525000e+02  1.464484e+01  2.119848e+01
   endloop
 endfacet
 facet normal  0.000000e+00  2.444354e-01 -9.696656e-01
   outer loop
     vertex  1.475000e+02  1.467786e+01  2.120778e+01
     vertex  1.525000e+02  1.471111e+01  2.121616e+01
     vertex  1.525000e+02  1.467786e+01  2.120778e+01
   endloop
 endfacet
 facet normal  0.000000e+00  2.709453e-01 -9.625948e-01
   outer loop
     vertex  1.475000e+02  1.467786e+01  2.120778e+01
     vertex  1.525000e+02  1.464484e+01  2.119848e+01
     vertex  1.475000e+02  1.464484e+01  2.119848e+01
   endloop
 endfacet
 facet normal  0.000000e+00  2.444354e-01 -9.696656e-01
   outer loop
     vertex  1.475000e+02  1.471111e+01  2.121616e+01
     vertex  1.525000e+02  1.471111e+01  2.121616e+01
     vertex  1.475000e+02  1.467786e+01  2.120778e+01
   endloop
 endfacet
 facet normal  0.000000e+00  2.177416e-01 -9.760065e-01
   outer loop
     vertex  1.475000e+02  1.474459e+01  2.122363e+01
     vertex  1.525000e+02  1.474459e+01  2.122363e+01
     vertex  1.525000e+02  1.471111e+01  2.121616e+01
   endloop
 endfacet
 facet normal  0.000000e+00  1.908838e-01 -9.816126e-01
   outer loop
     vertex  1.475000e+02  1.474459e+01  2.122363e+01
     vertex  1.525000e+02  1.477825e+01  2.123017e+01
     vertex  1.525000e+02  1.474459e+01  2.122363e+01
   endloop
 endfacet
 facet normal  0.000000e+00  2.177416e-01 -9.760065e-01
   outer loop
     vertex  1.475000e+02  1.474459e+01  2.122363e+01
     vertex  1.525000e+02  1.471111e+01  2.121616e+01
     vertex  1.475000e+02  1.471111e+01  2.121616e+01
   endloop
 endfacet
 facet normal  0.000000e+00  1.638824e-01 -9.864799e-01
   outer loop
     vertex  1.475000e+02  1.477825e+01  2.123017e+01
     vertex  1.525000e+02  1.481208e+01  2.123579e+01
     vertex  1.525000e+02  1.477825e+01  2.123017e+01
   endloop
 endfacet
 facet normal  0.000000e+00  1.908838e-01 -9.816126e-01
   outer loop
     vertex  1.475000e+02  1.477825e+01  2.123017e+01
     vertex  1.525000e+02  1.477825e+01  2.123017e+01
     vertex  1.475000e+02  1.474459e+01  2.122363e+01
   endloop
 endfacet
 facet normal  0.000000e+00  1.638824e-01 -9.864799e-01
   outer loop
     vertex  1.475000e+02  1.481208e+01  2.123579e+01
     vertex  1.525000e+02  1.481208e+01  2.123579e+01
     vertex  1.475000e+02  1.477825e+01  2.123017e+01
   endloop
 endfacet
 facet normal  0.000000e+00  1.367575e-01 -9.906046e-01
   outer loop
     vertex  1.475000e+02  1.484606e+01  2.124048e+01
     vertex  1.525000e+02  1.484606e+01  2.124048e+01
     vertex  1.525000e+02  1.481208e+01  2.123579e+01
   endloop
 endfacet
 facet normal  0.000000e+00  1.095298e-01 -9.939835e-01
   outer loop
     vertex  1.475000e+02  1.484606e+01  2.124048e+01
     vertex  1.525000e+02  1.488015e+01  2.124424e+01
     vertex  1.525000e+02  1.484606e+01  2.124048e+01
   endloop
 endfacet
 facet normal  0.000000e+00  1.367575e-01 -9.906046e-01
   outer loop
     vertex  1.475000e+02  1.484606e+01  2.124048e+01
     vertex  1.525000e+02  1.481208e+01  2.123579e+01
     vertex  1.475000e+02  1.481208e+01  2.123579e+01
   endloop
 endfacet
 facet normal  0.000000e+00  1.095298e-01 -9.939835e-01
   outer loop
     vertex  1.475000e+02  1.488015e+01  2.124424e+01
     vertex  1.525000e+02  1.488015e+01  2.124424e+01
     vertex  1.475000e+02  1.484606e+01  2.124048e+01
   endloop
 endfacet
 facet normal  0.000000e+00  8.221955e-02 -9.966142e-01
   outer loop
     vertex  1.475000e+02  1.491433e+01  2.124706e+01
     vertex  1.525000e+02  1.488015e+01  2.124424e+01
     vertex  1.475000e+02  1.488015e+01  2.124424e+01
   endloop
 endfacet
 facet normal  0.000000e+00  8.221955e-02 -9.966142e-01
   outer loop
     vertex  1.475000e+02  1.491433e+01  2.124706e+01
     vertex  1.525000e+02  1.491433e+01  2.124706e+01
     vertex  1.525000e+02  1.488015e+01  2.124424e+01
   endloop
 endfacet
 facet normal  0.000000e+00  5.484744e-02 -9.984947e-01
   outer loop
     vertex  1.475000e+02  1.491433e+01  2.124706e+01
     vertex  1.525000e+02  1.494857e+01  2.124894e+01
     vertex  1.525000e+02  1.491433e+01  2.124706e+01
   endloop
 endfacet
 facet normal  0.000000e+00  5.484744e-02 -9.984947e-01
   outer loop
     vertex  1.475000e+02  1.494857e+01  2.124894e+01
     vertex  1.525000e+02  1.494857e+01  2.124894e+01
     vertex  1.475000e+02  1.491433e+01  2.124706e+01
   endloop
 endfacet
 facet normal  0.000000e+00  2.743405e-02 -9.996236e-01
   outer loop
     vertex  1.475000e+02  1.498285e+01  2.124988e+01
     vertex  1.525000e+02  1.494857e+01  2.124894e+01
     vertex  1.475000e+02  1.494857e+01  2.124894e+01
   endloop
 endfacet
 facet normal  0.000000e+00  2.743405e-02 -9.996236e-01
   outer loop
     vertex  1.475000e+02  1.498285e+01  2.124988e+01
     vertex  1.525000e+02  1.498285e+01  2.124988e+01
     vertex  1.525000e+02  1.494857e+01  2.124894e+01
   endloop
 endfacet
 facet normal  0.000000e+00  0.000000e+00 -1.000000e+00
   outer loop
     vertex  1.475000e+02  1.501715e+01  2.124988e+01
     vertex  1.525000e+02  1.498285e+01  2.124988e+01
     vertex  1.475000e+02  1.498285e+01  2.124988e+01
   endloop
 endfacet
 facet normal  0.000000e+00  0.000000e+00 -1.000000e+00
   outer loop
     vertex  1.475000e+02  1.501715e+01  2.124988e+01
     vertex  1.525000e+02  1.501715e+01  2.124988e+01
     vertex  1.525000e+02  1.498285e+01  2.124988e+01
   endloop
 endfacet
 facet normal  0.000000e+00 -2.743405e-02 -9.996236e-01
   outer loop
     vertex  1.475000e+02  1.501715e+01  2.124988e+01
     vertex  1.525000e+02  1.505143e+01  2.124894e+01
     vertex  1.525000e+02  1.501715e+01  2.124988e+01
   endloop
 endfacet
 facet normal  0.000000e+00 -2.743405e-02 -9.996236e-01
   outer loop
     vertex  1.475000e+02  1.505143e+01  2.124894e+01
     vertex  1.525000e+02  1.505143e+01  2.124894e+01
     vertex  1.475000e+02  1.501715e+01  2.124988e+01
   endloop
 endfacet
 facet normal  0.000000e+00 -5.484744e-02 -9.984947e-01
   outer loop
     vertex  1.475000e+02  1.505143e+01  2.124894e+01
     vertex  1.525000e+02  1.508567e+01  2.124706e+01
     vertex  1.525000e+02  1.505143e+01  2.124894e+01
   endloop
 endfacet
 facet normal  0.000000e+00 -5.484744e-02 -9.984947e-01
   outer loop
     vertex  1.475000e+02  1.508567e+01  2.124706e+01
     vertex  1.525000e+02  1.508567e+01  2.124706e+01
     vertex  1.475000e+02  1.505143e+01  2.124894e+01
   endloop
 endfacet
 facet normal  0.000000e+00 -8.221955e-02 -9.966142e-01
   outer loop
     vertex  1.475000e+02  1.511985e+01  2.124424e+01
     vertex  1.525000e+02  1.508567e+01  2.124706e+01
     vertex  1.475000e+02  1.508567e+01  2.124706e+01
   endloop
 endfacet
 facet normal  0.000000e+00 -8.221955e-02 -9.966142e-01
   outer loop
     vertex  1.475000e+02  1.511985e+01  2.124424e+01
     vertex  1.525000e+02  1.511985e+01  2.124424e+01
     vertex  1.525000e+02  1.508567e+01  2.124706e+01
   endloop
 endfacet
 facet normal  0.000000e+00 -1.095298e-01 -9.939835e-01
   outer loop
     vertex  1.475000e+02  1.515394e+01  2.124048e+01
     vertex  1.525000e+02  1.511985e+01  2.124424e+01
     vertex  1.475000e+02  1.511985e+01  2.124424e+01
   endloop
 endfacet
 facet normal  0.000000e+00 -1.095298e-01 -9.939835e-01
   outer loop
     vertex  1.475000e+02  1.515394e+01  2.124048e+01
     vertex  1.525000e+02  1.515394e+01  2.124048e+01
     vertex  1.525000e+02  1.511985e+01  2.124424e+01
   endloop
 endfacet
 facet normal  0.000000e+00 -1.367575e-01 -9.906046e-01
   outer loop
     vertex  1.475000e+02  1.515394e+01  2.124048e+01
     vertex  1.525000e+02  1.518792e+01  2.123579e+01
     vertex  1.525000e+02  1.515394e+01  2.124048e+01
   endloop
 endfacet
 facet normal  0.000000e+00 -1.367575e-01 -9.906046e-01
   outer loop
     vertex  1.475000e+02  1.518792e+01  2.123579e+01
     vertex  1.525000e+02  1.518792e+01  2.123579e+01
     vertex  1.475000e+02  1.515394e+01  2.124048e+01
   endloop
 endfacet
 facet normal  0.000000e+00 -1.638824e-01 -9.864799e-01
   outer loop
     vertex  1.475000e+02  1.522175e+01  2.123017e+01
     vertex  1.525000e+02  1.518792e+01  2.123579e+01
     vertex  1.475000e+02  1.518792e+01  2.123579e+01
   endloop
 endfacet
 facet normal  0.000000e+00 -1.638824e-01 -9.864799e-01
   outer loop
     vertex  1.475000e+02  1.522175e+01  2.123017e+01
     vertex  1.525000e+02  1.522175e+01  2.123017e+01
     vertex  1.525000e+02  1.518792e+01  2.123579e+01
   endloop
 endfacet
 facet normal  0.000000e+00 -1.908838e-01 -9.816126e-01
   outer loop
     vertex  1.475000e+02  1.525541e+01  2.122363e+01
     vertex  1.525000e+02  1.522175e+01  2.123017e+01
     vertex  1.475000e+02  1.522175e+01  2.123017e+01
   endloop
 endfacet
 facet normal  0.000000e+00 -1.908838e-01 -9.816126e-01
   outer loop
     vertex  1.475000e+02  1.525541e+01  2.122363e+01
     vertex  1.525000e+02  1.525541e+01  2.122363e+01
     vertex  1.525000e+02  1.522175e+01  2.123017e+01
   endloop
 endfacet
 facet normal  0.000000e+00 -2.177416e-01 -9.760065e-01
   outer loop
     vertex  1.475000e+02  1.525541e+01  2.122363e+01
     vertex  1.525000e+02  1.528889e+01  2.121616e+01
     vertex  1.525000e+02  1.525541e+01  2.122363e+01
   endloop
 endfacet
 facet normal  0.000000e+00 -2.177416e-01 -9.760065e-01
   outer loop
     vertex  1.475000e+02  1.528889e+01  2.121616e+01
     vertex  1.525000e+02  1.528889e+01  2.121616e+01
     vertex  1.475000e+02  1.525541e+01  2.122363e+01
   endloop
 endfacet
 facet normal  0.000000e+00 -2.444354e-01 -9.696656e-01
   outer loop
     vertex  1.475000e+02  1.532214e+01  2.120778e+01
     vertex  1.525000e+02  1.532214e+01  2.120778e+01
     vertex  1.525000e+02  1.528889e+01  2.121616e+01
   endloop
 endfacet
 facet normal  0.000000e+00 -2.709453e-01 -9.625948e-01
   outer loop
     vertex  1.475000e+02  1.532214e+01  2.120778e+01
     vertex  1.525000e+02  1.535516e+01  2.119848e+01
     vertex  1.525000e+02  1.532214e+01  2.120778e+01
   endloop
 endfacet
 facet normal  0.000000e+00 -2.444354e-01 -9.696656e-01
   outer loop
     vertex  1.475000e+02  1.532214e+01  2.120778e+01
     vertex  1.525000e+02  1.528889e+01  2.121616e+01
     vertex  1.475000e+02  1.528889e+01  2.121616e+01
   endloop
 endfacet
 facet normal  0.000000e+00 -2.709453e-01 -9.625948e-01
   outer loop
     vertex  1.475000e+02  1.535516e+01  2.119848e+01
     vertex  1.525000e+02  1.535516e+01  2.119848e+01
     vertex  1.475000e+02  1.532214e+01  2.120778e+01
   endloop
 endfacet
 facet normal  0.000000e+00 -2.972512e-01 -9.547993e-01
   outer loop
     vertex  1.475000e+02  1.538790e+01  2.118829e+01
     vertex  1.525000e+02  1.538790e+01  2.118829e+01
     vertex  1.525000e+02  1.535516e+01  2.119848e+01
   endloop
 endfacet
 facet normal  0.000000e+00 -3.233333e-01 -9.462851e-01
   outer loop
     vertex  1.475000e+02  1.538790e+01  2.118829e+01
     vertex  1.525000e+02  1.542036e+01  2.117720e+01
     vertex  1.525000e+02  1.538790e+01  2.118829e+01
   endloop
 endfacet
 facet normal  0.000000e+00 -2.972512e-01 -9.547993e-01
   outer loop
     vertex  1.475000e+02  1.538790e+01  2.118829e+01
     vertex  1.525000e+02  1.535516e+01  2.119848e+01
     vertex  1.475000e+02  1.535516e+01  2.119848e+01
   endloop
 endfacet
 facet normal  0.000000e+00 -3.233333e-01 -9.462851e-01
   outer loop
     vertex  1.475000e+02  1.542036e+01  2.117720e+01
     vertex  1.525000e+02  1.542036e+01  2.117720e+01
     vertex  1.475000e+02  1.538790e+01  2.118829e+01
   endloop
 endfacet
 facet normal  0.000000e+00 -3.491720e-01 -9.370586e-01
   outer loop
     vertex  1.475000e+02  1.545249e+01  2.116523e+01
     vertex  1.525000e+02  1.545249e+01  2.116523e+01
     vertex  1.525000e+02  1.542036e+01  2.117720e+01
   endloop
 endfacet
 facet normal  0.000000e+00 -3.747479e-01 -9.271267e-01
   outer loop
     vertex  1.475000e+02  1.545249e+01  2.116523e+01
     vertex  1.525000e+02  1.548429e+01  2.115237e+01
     vertex  1.525000e+02  1.545249e+01  2.116523e+01
   endloop
 endfacet
 facet normal  0.000000e+00 -3.491720e-01 -9.370586e-01
   outer loop
     vertex  1.475000e+02  1.545249e+01  2.116523e+01
     vertex  1.525000e+02  1.542036e+01  2.117720e+01
     vertex  1.475000e+02  1.542036e+01  2.117720e+01
   endloop
 endfacet
 facet normal  0.000000e+00 -3.747479e-01 -9.271267e-01
   outer loop
     vertex  1.475000e+02  1.548429e+01  2.115237e+01
     vertex  1.525000e+02  1.548429e+01  2.115237e+01
     vertex  1.475000e+02  1.545249e+01  2.116523e+01
   endloop
 endfacet
 facet normal  0.000000e+00 -4.000417e-01 -9.164969e-01
   outer loop
     vertex  1.475000e+02  1.551572e+01  2.113865e+01
     vertex  1.525000e+02  1.551572e+01  2.113865e+01
     vertex  1.525000e+02  1.548429e+01  2.115237e+01
   endloop
 endfacet
 facet normal  0.000000e+00 -4.000417e-01 -9.164969e-01
   outer loop
     vertex  1.475000e+02  1.551572e+01  2.113865e+01
     vertex  1.525000e+02  1.548429e+01  2.115237e+01
     vertex  1.475000e+02  1.548429e+01  2.115237e+01
   endloop
 endfacet
 facet normal  0.000000e+00 -4.250344e-01 -9.051772e-01
   outer loop
     vertex  1.475000e+02  1.554676e+01  2.112408e+01
     vertex  1.525000e+02  1.554676e+01  2.112408e+01
     vertex  1.525000e+02  1.551572e+01  2.113865e+01
   endloop
 endfacet
 facet normal  0.000000e+00 -4.250344e-01 -9.051772e-01
   outer loop
     vertex  1.475000e+02  1.554676e+01  2.112408e+01
     vertex  1.525000e+02  1.551572e+01  2.113865e+01
     vertex  1.475000e+02  1.551572e+01  2.113865e+01
   endloop
 endfacet
 facet normal  0.000000e+00 -4.497071e-01 -8.931761e-01
   outer loop
     vertex  1.475000e+02  1.557740e+01  2.110865e+01
     vertex  1.525000e+02  1.557740e+01  2.110865e+01
     vertex  1.525000e+02  1.554676e+01  2.112408e+01
   endloop
 endfacet
 facet normal  0.000000e+00 -4.497071e-01 -8.931761e-01
   outer loop
     vertex  1.475000e+02  1.557740e+01  2.110865e+01
     vertex  1.525000e+02  1.554676e+01  2.112408e+01
     vertex  1.475000e+02  1.554676e+01  2.112408e+01
   endloop
 endfacet
 facet normal  0.000000e+00 -4.740412e-01 -8.805026e-01
   outer loop
     vertex  1.475000e+02  1.560759e+01  2.109240e+01
     vertex  1.525000e+02  1.560759e+01  2.109240e+01
     vertex  1.525000e+02  1.557740e+01  2.110865e+01
   endloop
 endfacet
 facet normal  0.000000e+00 -4.980186e-01 -8.671664e-01
   outer loop
     vertex  1.475000e+02  1.560759e+01  2.109240e+01
     vertex  1.525000e+02  1.563733e+01  2.107532e+01
     vertex  1.525000e+02  1.560759e+01  2.109240e+01
   endloop
 endfacet
 facet normal  0.000000e+00 -4.740412e-01 -8.805026e-01
   outer loop
     vertex  1.475000e+02  1.560759e+01  2.109240e+01
     vertex  1.525000e+02  1.557740e+01  2.110865e+01
     vertex  1.475000e+02  1.557740e+01  2.110865e+01
   endloop
 endfacet
 facet normal  0.000000e+00 -5.216210e-01 -8.531773e-01
   outer loop
     vertex  1.475000e+02  1.563733e+01  2.107532e+01
     vertex  1.525000e+02  1.566660e+01  2.105743e+01
     vertex  1.525000e+02  1.563733e+01  2.107532e+01
   endloop
 endfacet
 facet normal  0.000000e+00 -4.980186e-01 -8.671664e-01
   outer loop
     vertex  1.475000e+02  1.563733e+01  2.107532e+01
     vertex  1.525000e+02  1.563733e+01  2.107532e+01
     vertex  1.475000e+02  1.560759e+01  2.109240e+01
   endloop
 endfacet
 facet normal  0.000000e+00 -5.216210e-01 -8.531773e-01
   outer loop
     vertex  1.475000e+02  1.566660e+01  2.105743e+01
     vertex  1.525000e+02  1.566660e+01  2.105743e+01
     vertex  1.475000e+02  1.563733e+01  2.107532e+01
   endloop
 endfacet
 facet normal  0.000000e+00 -5.448308e-01 -8.385460e-01
   outer loop
     vertex  1.475000e+02  1.569535e+01  2.103874e+01
     vertex  1.525000e+02  1.566660e+01  2.105743e+01
     vertex  1.475000e+02  1.566660e+01  2.105743e+01
   endloop
 endfacet
 facet normal  0.000000e+00 -5.448308e-01 -8.385460e-01
   outer loop
     vertex  1.475000e+02  1.569535e+01  2.103874e+01
     vertex  1.525000e+02  1.569535e+01  2.103874e+01
     vertex  1.525000e+02  1.566660e+01  2.105743e+01
   endloop
 endfacet
 facet normal  0.000000e+00 -5.676304e-01 -8.232835e-01
   outer loop
     vertex  1.475000e+02  1.569535e+01  2.103874e+01
     vertex  1.525000e+02  1.572359e+01  2.101927e+01
     vertex  1.525000e+02  1.569535e+01  2.103874e+01
   endloop
 endfacet
 facet normal  0.000000e+00 -5.676304e-01 -8.232835e-01
   outer loop
     vertex  1.475000e+02  1.572359e+01  2.101927e+01
     vertex  1.525000e+02  1.572359e+01  2.101927e+01
     vertex  1.475000e+02  1.569535e+01  2.103874e+01
   endloop
 endfacet
 facet normal  0.000000e+00 -5.900028e-01 -8.074012e-01
   outer loop
     vertex  1.475000e+02  1.575128e+01  2.099904e+01
     vertex  1.525000e+02  1.572359e+01  2.101927e+01
     vertex  1.475000e+02  1.572359e+01  2.101927e+01
   endloop
 endfacet
 facet normal  0.000000e+00 -5.900028e-01 -8.074012e-01
   outer loop
     vertex  1.475000e+02  1.575128e+01  2.099904e+01
     vertex  1.525000e+02  1.575128e+01  2.099904e+01
     vertex  1.525000e+02  1.572359e+01  2.101927e+01
   endloop
 endfacet
 facet normal  0.000000e+00 -6.119310e-01 -7.909112e-01
   outer loop
     vertex  1.475000e+02  1.577840e+01  2.097805e+01
     vertex  1.525000e+02  1.575128e+01  2.099904e+01
     vertex  1.475000e+02  1.575128e+01  2.099904e+01
   endloop
 endfacet
 facet normal  0.000000e+00 -6.119310e-01 -7.909112e-01
   outer loop
     vertex  1.475000e+02  1.577840e+01  2.097805e+01
     vertex  1.525000e+02  1.577840e+01  2.097805e+01
     vertex  1.525000e+02  1.575128e+01  2.099904e+01
   endloop
 endfacet
 facet normal  0.000000e+00 -6.333986e-01 -7.738257e-01
   outer loop
     vertex  1.475000e+02  1.580494e+01  2.095633e+01
     vertex  1.525000e+02  1.577840e+01  2.097805e+01
     vertex  1.475000e+02  1.577840e+01  2.097805e+01
   endloop
 endfacet
 facet normal  0.000000e+00 -6.333986e-01 -7.738257e-01
   outer loop
     vertex  1.475000e+02  1.580494e+01  2.095633e+01
     vertex  1.525000e+02  1.580494e+01  2.095633e+01
     vertex  1.525000e+02  1.577840e+01  2.097805e+01
   endloop
 endfacet
 facet normal  0.000000e+00 -6.543893e-01 -7.561578e-01
   outer loop
     vertex  1.475000e+02  1.583088e+01  2.093389e+01
     vertex  1.525000e+02  1.580494e+01  2.095633e+01
     vertex  1.475000e+02  1.580494e+01  2.095633e+01
   endloop
 endfacet
 facet normal  0.000000e+00 -6.543893e-01 -7.561578e-01
   outer loop
     vertex  1.475000e+02  1.583088e+01  2.093389e+01
     vertex  1.525000e+02  1.583088e+01  2.093389e+01
     vertex  1.525000e+02  1.580494e+01  2.095633e+01
   endloop
 endfacet
 facet normal  0.000000e+00 -6.748875e-01 -7.379206e-01
   outer loop
     vertex  1.475000e+02  1.583088e+01  2.093389e+01
     vertex  1.525000e+02  1.585618e+01  2.091074e+01
     vertex  1.525000e+02  1.583088e+01  2.093389e+01
   endloop
 endfacet
 facet normal  0.000000e+00 -6.748875e-01 -7.379206e-01
   outer loop
     vertex  1.475000e+02  1.585618e+01  2.091074e+01
     vertex  1.525000e+02  1.585618e+01  2.091074e+01
     vertex  1.475000e+02  1.583088e+01  2.093389e+01
   endloop
 endfacet
 facet normal  0.000000e+00 -6.948776e-01 -7.191280e-01
   outer loop
     vertex  1.475000e+02  1.588085e+01  2.088691e+01
     vertex  1.525000e+02  1.585618e+01  2.091074e+01
     vertex  1.475000e+02  1.585618e+01  2.091074e+01
   endloop
 endfacet
 facet normal  0.000000e+00 -6.948776e-01 -7.191280e-01
   outer loop
     vertex  1.475000e+02  1.588085e+01  2.088691e+01
     vertex  1.525000e+02  1.588085e+01  2.088691e+01
     vertex  1.525000e+02  1.585618e+01  2.091074e+01
   endloop
 endfacet
 facet normal  0.000000e+00 -7.143447e-01 -6.997940e-01
   outer loop
     vertex  1.475000e+02  1.590485e+01  2.086241e+01
     vertex  1.525000e+02  1.588085e+01  2.088691e+01
     vertex  1.475000e+02  1.588085e+01  2.088691e+01
   endloop
 endfacet
 facet normal  0.000000e+00 -7.143447e-01 -6.997940e-01
   outer loop
     vertex  1.475000e+02  1.590485e+01  2.086241e+01
     vertex  1.525000e+02  1.590485e+01  2.086241e+01
     vertex  1.525000e+02  1.588085e+01  2.088691e+01
   endloop
 endfacet
 facet normal  0.000000e+00 -7.332740e-01 -6.799333e-01
   outer loop
     vertex  1.475000e+02  1.590485e+01  2.086241e+01
     vertex  1.525000e+02  1.592817e+01  2.083726e+01
     vertex  1.525000e+02  1.590485e+01  2.086241e+01
   endloop
 endfacet
 facet normal  0.000000e+00 -7.332740e-01 -6.799333e-01
   outer loop
     vertex  1.475000e+02  1.592817e+01  2.083726e+01
     vertex  1.525000e+02  1.592817e+01  2.083726e+01
     vertex  1.475000e+02  1.590485e+01  2.086241e+01
   endloop
 endfacet
 facet normal  0.000000e+00 -7.516513e-01 -6.595607e-01
   outer loop
     vertex  1.475000e+02  1.592817e+01  2.083726e+01
     vertex  1.525000e+02  1.595079e+01  2.081148e+01
     vertex  1.525000e+02  1.592817e+01  2.083726e+01
   endloop
 endfacet
 facet normal  0.000000e+00 -7.516513e-01 -6.595607e-01
   outer loop
     vertex  1.475000e+02  1.595079e+01  2.081148e+01
     vertex  1.525000e+02  1.595079e+01  2.081148e+01
     vertex  1.475000e+02  1.592817e+01  2.083726e+01
   endloop
 endfacet
 facet normal  0.000000e+00 -7.694628e-01 -6.386916e-01
   outer loop
     vertex  1.475000e+02  1.597269e+01  2.078509e+01
     vertex  1.525000e+02  1.595079e+01  2.081148e+01
     vertex  1.475000e+02  1.595079e+01  2.081148e+01
   endloop
 endfacet
 facet normal  0.000000e+00 -7.694628e-01 -6.386916e-01
   outer loop
     vertex  1.475000e+02  1.597269e+01  2.078509e+01
     vertex  1.525000e+02  1.597269e+01  2.078509e+01
     vertex  1.525000e+02  1.595079e+01  2.081148e+01
   endloop
 endfacet
 facet normal  0.000000e+00 -7.866951e-01 -6.173417e-01
   outer loop
     vertex  1.475000e+02  1.599386e+01  2.075811e+01
     vertex  1.525000e+02  1.597269e+01  2.078509e+01
     vertex  1.475000e+02  1.597269e+01  2.078509e+01
   endloop
 endfacet
 facet normal  0.000000e+00 -7.866951e-01 -6.173417e-01
   outer loop
     vertex  1.475000e+02  1.599386e+01  2.075811e+01
     vertex  1.525000e+02  1.599386e+01  2.075811e+01
     vertex  1.525000e+02  1.597269e+01  2.078509e+01
   endloop
 endfacet
 facet normal  0.000000e+00 -8.033352e-01 -5.955271e-01
   outer loop
     vertex  1.475000e+02  1.601429e+01  2.073056e+01
     vertex  1.525000e+02  1.599386e+01  2.075811e+01
     vertex  1.475000e+02  1.599386e+01  2.075811e+01
   endloop
 endfacet
 facet normal  0.000000e+00 -8.033352e-01 -5.955271e-01
   outer loop
     vertex  1.475000e+02  1.601429e+01  2.073056e+01
     vertex  1.525000e+02  1.601429e+01  2.073056e+01
     vertex  1.525000e+02  1.599386e+01  2.075811e+01
   endloop
 endfacet
 facet normal  0.000000e+00 -8.193706e-01 -5.732642e-01
   outer loop
     vertex  1.475000e+02  1.603395e+01  2.070246e+01
     vertex  1.525000e+02  1.601429e+01  2.073056e+01
     vertex  1.475000e+02  1.601429e+01  2.073056e+01
   endloop
 endfacet
 facet normal  0.000000e+00 -8.193706e-01 -5.732642e-01
   outer loop
     vertex  1.475000e+02  1.603395e+01  2.070246e+01
     vertex  1.525000e+02  1.603395e+01  2.070246e+01
     vertex  1.525000e+02  1.601429e+01  2.073056e+01
   endloop
 endfacet
 facet normal  0.000000e+00 -8.347891e-01 -5.505698e-01
   outer loop
     vertex  1.475000e+02  1.605283e+01  2.067383e+01
     vertex  1.525000e+02  1.603395e+01  2.070246e+01
     vertex  1.475000e+02  1.603395e+01  2.070246e+01
   endloop
 endfacet
 facet normal  0.000000e+00 -8.347891e-01 -5.505698e-01
   outer loop
     vertex  1.475000e+02  1.605283e+01  2.067383e+01
     vertex  1.525000e+02  1.605283e+01  2.067383e+01
     vertex  1.525000e+02  1.603395e+01  2.070246e+01
   endloop
 endfacet
 facet normal  0.000000e+00 -8.495793e-01 -5.274609e-01
   outer loop
     vertex  1.475000e+02  1.607092e+01  2.064470e+01
     vertex  1.525000e+02  1.605283e+01  2.067383e+01
     vertex  1.475000e+02  1.605283e+01  2.067383e+01
   endloop
 endfacet
 facet normal  0.000000e+00 -8.495793e-01 -5.274609e-01
   outer loop
     vertex  1.475000e+02  1.607092e+01  2.064470e+01
     vertex  1.525000e+02  1.607092e+01  2.064470e+01
     vertex  1.525000e+02  1.605283e+01  2.067383e+01
   endloop
 endfacet
 facet normal  0.000000e+00 -8.637299e-01 -5.039550e-01
   outer loop
     vertex  1.475000e+02  1.607092e+01  2.064470e+01
     vertex  1.525000e+02  1.608820e+01  2.061507e+01
     vertex  1.525000e+02  1.607092e+01  2.064470e+01
   endloop
 endfacet
 facet normal  0.000000e+00 -8.637299e-01 -5.039550e-01
   outer loop
     vertex  1.475000e+02  1.608820e+01  2.061507e+01
     vertex  1.525000e+02  1.608820e+01  2.061507e+01
     vertex  1.475000e+02  1.607092e+01  2.064470e+01
   endloop
 endfacet
 facet normal  0.000000e+00 -8.772303e-01 -4.800697e-01
   outer loop
     vertex  1.475000e+02  1.610467e+01  2.058499e+01
     vertex  1.525000e+02  1.608820e+01  2.061507e+01
     vertex  1.475000e+02  1.608820e+01  2.061507e+01
   endloop
 endfacet
 facet normal  0.000000e+00 -8.772303e-01 -4.800697e-01
   outer loop
     vertex  1.475000e+02  1.610467e+01  2.058499e+01
     vertex  1.525000e+02  1.610467e+01  2.058499e+01
     vertex  1.525000e+02  1.608820e+01  2.061507e+01
   endloop
 endfacet
 facet normal  0.000000e+00 -8.900704e-01 -4.558231e-01
   outer loop
     vertex  1.475000e+02  1.612030e+01  2.055446e+01
     vertex  1.525000e+02  1.610467e+01  2.058499e+01
     vertex  1.475000e+02  1.610467e+01  2.058499e+01
   endloop
 endfacet
 facet normal  0.000000e+00 -8.900704e-01 -4.558231e-01
   outer loop
     vertex  1.475000e+02  1.612030e+01  2.055446e+01
     vertex  1.525000e+02  1.612030e+01  2.055446e+01
     vertex  1.525000e+02  1.610467e+01  2.058499e+01
   endloop
 endfacet
 facet normal  0.000000e+00 -9.022405e-01 -4.312333e-01
   outer loop
     vertex  1.475000e+02  1.612030e+01  2.055446e+01
     vertex  1.525000e+02  1.613509e+01  2.052352e+01
     vertex  1.525000e+02  1.612030e+01  2.055446e+01
   endloop
 endfacet
 facet normal  0.000000e+00 -9.022405e-01 -4.312333e-01
   outer loop
     vertex  1.475000e+02  1.613509e+01  2.052352e+01
     vertex  1.525000e+02  1.613509e+01  2.052352e+01
     vertex  1.475000e+02  1.612030e+01  2.055446e+01
   endloop
 endfacet
 facet normal  0.000000e+00 -9.137314e-01 -4.063188e-01
   outer loop
     vertex  1.475000e+02  1.614902e+01  2.049218e+01
     vertex  1.525000e+02  1.613509e+01  2.052352e+01
     vertex  1.475000e+02  1.613509e+01  2.052352e+01
   endloop
 endfacet
 facet normal  0.000000e+00 -9.137314e-01 -4.063188e-01
   outer loop
     vertex  1.475000e+02  1.614902e+01  2.049218e+01
     vertex  1.525000e+02  1.614902e+01  2.049218e+01
     vertex  1.525000e+02  1.613509e+01  2.052352e+01
   endloop
 endfacet
 facet normal  0.000000e+00 -9.245344e-01 -3.810986e-01
   outer loop
     vertex  1.475000e+02  1.616209e+01  2.046047e+01
     vertex  1.525000e+02  1.616209e+01  2.046047e+01
     vertex  1.525000e+02  1.614902e+01  2.049218e+01
   endloop
 endfacet
 facet normal  0.000000e+00 -9.245344e-01 -3.810986e-01
   outer loop
     vertex  1.475000e+02  1.616209e+01  2.046047e+01
     vertex  1.525000e+02  1.614902e+01  2.049218e+01
     vertex  1.475000e+02  1.614902e+01  2.049218e+01
   endloop
 endfacet
 facet normal  0.000000e+00 -9.346415e-01 -3.555914e-01
   outer loop
     vertex  1.475000e+02  1.617429e+01  2.042842e+01
     vertex  1.525000e+02  1.617429e+01  2.042842e+01
     vertex  1.525000e+02  1.616209e+01  2.046047e+01
   endloop
 endfacet
 facet normal  0.000000e+00 -9.346415e-01 -3.555914e-01
   outer loop
     vertex  1.475000e+02  1.617429e+01  2.042842e+01
     vertex  1.525000e+02  1.616209e+01  2.046047e+01
     vertex  1.475000e+02  1.616209e+01  2.046047e+01
   endloop
 endfacet
 facet normal  0.000000e+00 -9.440450e-01 -3.298166e-01
   outer loop
     vertex  1.475000e+02  1.618560e+01  2.039604e+01
     vertex  1.525000e+02  1.618560e+01  2.039604e+01
     vertex  1.525000e+02  1.617429e+01  2.042842e+01
   endloop
 endfacet
 facet normal  0.000000e+00 -9.440450e-01 -3.298166e-01
   outer loop
     vertex  1.475000e+02  1.618560e+01  2.039604e+01
     vertex  1.525000e+02  1.617429e+01  2.042842e+01
     vertex  1.475000e+02  1.617429e+01  2.042842e+01
   endloop
 endfacet
 facet normal  0.000000e+00 -9.527379e-01 -3.037934e-01
   outer loop
     vertex  1.475000e+02  1.619602e+01  2.036337e+01
     vertex  1.525000e+02  1.619602e+01  2.036337e+01
     vertex  1.525000e+02  1.618560e+01  2.039604e+01
   endloop
 endfacet
 facet normal  0.000000e+00 -9.527379e-01 -3.037934e-01
   outer loop
     vertex  1.475000e+02  1.619602e+01  2.036337e+01
     vertex  1.525000e+02  1.618560e+01  2.039604e+01
     vertex  1.475000e+02  1.618560e+01  2.039604e+01
   endloop
 endfacet
 facet normal  0.000000e+00 -9.607136e-01 -2.775416e-01
   outer loop
     vertex  1.475000e+02  1.620554e+01  2.033042e+01
     vertex  1.525000e+02  1.619602e+01  2.036337e+01
     vertex  1.475000e+02  1.619602e+01  2.036337e+01
   endloop
 endfacet
 facet normal  0.000000e+00 -9.607136e-01 -2.775416e-01
   outer loop
     vertex  1.475000e+02  1.620554e+01  2.033042e+01
     vertex  1.525000e+02  1.620554e+01  2.033042e+01
     vertex  1.525000e+02  1.619602e+01  2.036337e+01
   endloop
 endfacet
 facet normal  0.000000e+00 -9.679661e-01 -2.510809e-01
   outer loop
     vertex  1.475000e+02  1.621415e+01  2.029722e+01
     vertex  1.525000e+02  1.620554e+01  2.033042e+01
     vertex  1.475000e+02  1.620554e+01  2.033042e+01
   endloop
 endfacet
 facet normal  0.000000e+00 -9.679661e-01 -2.510809e-01
   outer loop
     vertex  1.475000e+02  1.621415e+01  2.029722e+01
     vertex  1.525000e+02  1.621415e+01  2.029722e+01
     vertex  1.525000e+02  1.620554e+01  2.033042e+01
   endloop
 endfacet
 facet normal  0.000000e+00 -9.744899e-01 -2.244312e-01
   outer loop
     vertex  1.475000e+02  1.622185e+01  2.026380e+01
     vertex  1.525000e+02  1.621415e+01  2.029722e+01
     vertex  1.475000e+02  1.621415e+01  2.029722e+01
   endloop
 endfacet
 facet normal  0.000000e+00 -9.744899e-01 -2.244312e-01
   outer loop
     vertex  1.475000e+02  1.622185e+01  2.026380e+01
     vertex  1.525000e+02  1.622185e+01  2.026380e+01
     vertex  1.525000e+02  1.621415e+01  2.029722e+01
   endloop
 endfacet
 facet normal  0.000000e+00 -9.802802e-01 -1.976125e-01
   outer loop
     vertex  1.475000e+02  1.622862e+01  2.023018e+01
     vertex  1.525000e+02  1.622185e+01  2.026380e+01
     vertex  1.475000e+02  1.622185e+01  2.026380e+01
   endloop
 endfacet
 facet normal  0.000000e+00 -9.802802e-01 -1.976125e-01
   outer loop
     vertex  1.475000e+02  1.622862e+01  2.023018e+01
     vertex  1.525000e+02  1.622862e+01  2.023018e+01
     vertex  1.525000e+02  1.622185e+01  2.026380e+01
   endloop
 endfacet
 facet normal  0.000000e+00 -9.853326e-01 -1.706451e-01
   outer loop
     vertex  1.475000e+02  1.623448e+01  2.019639e+01
     vertex  1.525000e+02  1.622862e+01  2.023018e+01
     vertex  1.475000e+02  1.622862e+01  2.023018e+01
   endloop
 endfacet
 facet normal  0.000000e+00 -9.853326e-01 -1.706451e-01
   outer loop
     vertex  1.475000e+02  1.623448e+01  2.019639e+01
     vertex  1.525000e+02  1.623448e+01  2.019639e+01
     vertex  1.525000e+02  1.622862e+01  2.023018e+01
   endloop
 endfacet
 facet normal  0.000000e+00 -9.896432e-01 -1.435492e-01
   outer loop
     vertex  1.475000e+02  1.623940e+01  2.016245e+01
     vertex  1.525000e+02  1.623448e+01  2.019639e+01
     vertex  1.475000e+02  1.623448e+01  2.019639e+01
   endloop
 endfacet
 facet normal  0.000000e+00 -9.896432e-01 -1.435492e-01
   outer loop
     vertex  1.475000e+02  1.623940e+01  2.016245e+01
     vertex  1.525000e+02  1.623940e+01  2.016245e+01
     vertex  1.525000e+02  1.623448e+01  2.019639e+01
   endloop
 endfacet
 facet normal  0.000000e+00 -9.932088e-01 -1.163452e-01
   outer loop
     vertex  1.475000e+02  1.624339e+01  2.012839e+01
     vertex  1.525000e+02  1.623940e+01  2.016245e+01
     vertex  1.475000e+02  1.623940e+01  2.016245e+01
   endloop
 endfacet
 facet normal  0.000000e+00 -9.932088e-01 -1.163452e-01
   outer loop
     vertex  1.475000e+02  1.624339e+01  2.012839e+01
     vertex  1.525000e+02  1.624339e+01  2.012839e+01
     vertex  1.525000e+02  1.623940e+01  2.016245e+01
   endloop
 endfacet
 facet normal  0.000000e+00 -9.960268e-01 -8.905371e-02
   outer loop
     vertex  1.475000e+02  1.624644e+01  2.009423e+01
     vertex  1.525000e+02  1.624339e+01  2.012839e+01
     vertex  1.475000e+02  1.624339e+01  2.012839e+01
   endloop
 endfacet
 facet normal  0.000000e+00 -9.960268e-01 -8.905371e-02
   outer loop
     vertex  1.475000e+02  1.624644e+01  2.009423e+01
     vertex  1.525000e+02  1.624644e+01  2.009423e+01
     vertex  1.525000e+02  1.624339e+01  2.012839e+01
   endloop
 endfacet
 facet normal  0.000000e+00 -9.980950e-01 -6.169515e-02
   outer loop
     vertex  1.475000e+02  1.624856e+01  2.006000e+01
     vertex  1.525000e+02  1.624644e+01  2.009423e+01
     vertex  1.475000e+02  1.624644e+01  2.009423e+01
   endloop
 endfacet
 facet normal  0.000000e+00 -9.980950e-01 -6.169515e-02
   outer loop
     vertex  1.475000e+02  1.624856e+01  2.006000e+01
     vertex  1.525000e+02  1.624856e+01  2.006000e+01
     vertex  1.525000e+02  1.624644e+01  2.009423e+01
   endloop
 endfacet
 facet normal  0.000000e+00 -9.994119e-01 -3.429014e-02
   outer loop
     vertex  1.475000e+02  1.624974e+01  2.002572e+01
     vertex  1.525000e+02  1.624856e+01  2.006000e+01
     vertex  1.475000e+02  1.624856e+01  2.006000e+01
   endloop
 endfacet
 facet normal  0.000000e+00 -9.994119e-01 -3.429014e-02
   outer loop
     vertex  1.475000e+02  1.624974e+01  2.002572e+01
     vertex  1.525000e+02  1.624974e+01  2.002572e+01
     vertex  1.525000e+02  1.624856e+01  2.006000e+01
   endloop
 endfacet
 facet normal  0.000000e+00 -9.999765e-01 -6.859319e-03
   outer loop
     vertex  1.475000e+02  1.624974e+01  2.002572e+01
     vertex  1.525000e+02  1.624997e+01  1.999143e+01
     vertex  1.525000e+02  1.624974e+01  2.002572e+01
   endloop
 endfacet
 facet normal  0.000000e+00 -9.999765e-01 -6.859319e-03
   outer loop
     vertex  1.475000e+02  1.624997e+01  1.999143e+01
     vertex  1.525000e+02  1.624997e+01  1.999143e+01
     vertex  1.475000e+02  1.624974e+01  2.002572e+01
   endloop
 endfacet
 facet normal  0.000000e+00 -9.997883e-01  2.057667e-02
   outer loop
     vertex  1.475000e+02  1.624997e+01  1.999143e+01
     vertex  1.525000e+02  1.624926e+01  1.995714e+01
     vertex  1.525000e+02  1.624997e+01  1.999143e+01
   endloop
 endfacet
 facet normal  0.000000e+00 -9.997883e-01  2.057667e-02
   outer loop
     vertex  1.475000e+02  1.624926e+01  1.995714e+01
     vertex  1.525000e+02  1.624926e+01  1.995714e+01
     vertex  1.475000e+02  1.624997e+01  1.999143e+01
   endloop
 endfacet
 facet normal  0.000000e+00 -9.988475e-01  4.799716e-02
   outer loop
     vertex  1.475000e+02  1.624762e+01  1.992288e+01
     vertex  1.525000e+02  1.624762e+01  1.992288e+01
     vertex  1.525000e+02  1.624926e+01  1.995714e+01
   endloop
 endfacet
 facet normal  0.000000e+00 -9.988475e-01  4.799716e-02
   outer loop
     vertex  1.475000e+02  1.624762e+01  1.992288e+01
     vertex  1.525000e+02  1.624926e+01  1.995714e+01
     vertex  1.475000e+02  1.624926e+01  1.995714e+01
   endloop
 endfacet
 facet normal  0.000000e+00 -9.971548e-01  7.538152e-02
   outer loop
     vertex  1.475000e+02  1.624503e+01  1.988868e+01
     vertex  1.525000e+02  1.624503e+01  1.988868e+01
     vertex  1.525000e+02  1.624762e+01  1.992288e+01
   endloop
 endfacet
 facet normal  0.000000e+00 -9.971548e-01  7.538152e-02
   outer loop
     vertex  1.475000e+02  1.624503e+01  1.988868e+01
     vertex  1.525000e+02  1.624762e+01  1.992288e+01
     vertex  1.475000e+02  1.624762e+01  1.992288e+01
   endloop
 endfacet
 facet normal  0.000000e+00 -9.947114e-01  1.027091e-01
   outer loop
     vertex  1.475000e+02  1.624151e+01  1.985457e+01
     vertex  1.525000e+02  1.624151e+01  1.985457e+01
     vertex  1.525000e+02  1.624503e+01  1.988868e+01
   endloop
 endfacet
 facet normal  0.000000e+00 -9.947114e-01  1.027091e-01
   outer loop
     vertex  1.475000e+02  1.624151e+01  1.985457e+01
     vertex  1.525000e+02  1.624503e+01  1.988868e+01
     vertex  1.475000e+02  1.624503e+01  1.988868e+01
   endloop
 endfacet
 facet normal  0.000000e+00 -9.915193e-01  1.299594e-01
   outer loop
     vertex  1.475000e+02  1.623705e+01  1.982056e+01
     vertex  1.525000e+02  1.623705e+01  1.982056e+01
     vertex  1.525000e+02  1.624151e+01  1.985457e+01
   endloop
 endfacet
 facet normal  0.000000e+00 -9.915193e-01  1.299594e-01
   outer loop
     vertex  1.475000e+02  1.623705e+01  1.982056e+01
     vertex  1.525000e+02  1.624151e+01  1.985457e+01
     vertex  1.475000e+02  1.624151e+01  1.985457e+01
   endloop
 endfacet
 facet normal  0.000000e+00 -9.875808e-01  1.571119e-01
   outer loop
     vertex  1.475000e+02  1.623167e+01  1.978669e+01
     vertex  1.525000e+02  1.623167e+01  1.978669e+01
     vertex  1.525000e+02  1.623705e+01  1.982056e+01
   endloop
 endfacet
 facet normal  0.000000e+00 -9.875808e-01  1.571119e-01
   outer loop
     vertex  1.475000e+02  1.623167e+01  1.978669e+01
     vertex  1.525000e+02  1.623705e+01  1.982056e+01
     vertex  1.475000e+02  1.623705e+01  1.982056e+01
   endloop
 endfacet
 facet normal  0.000000e+00 -9.828989e-01  1.841461e-01
   outer loop
     vertex  1.475000e+02  1.622535e+01  1.975298e+01
     vertex  1.525000e+02  1.622535e+01  1.975298e+01
     vertex  1.525000e+02  1.623167e+01  1.978669e+01
   endloop
 endfacet
 facet normal  0.000000e+00 -9.828989e-01  1.841461e-01
   outer loop
     vertex  1.475000e+02  1.622535e+01  1.975298e+01
     vertex  1.525000e+02  1.623167e+01  1.978669e+01
     vertex  1.475000e+02  1.623167e+01  1.978669e+01
   endloop
 endfacet
 facet normal  0.000000e+00 -9.774771e-01  2.110417e-01
   outer loop
     vertex  1.475000e+02  1.621811e+01  1.971946e+01
     vertex  1.525000e+02  1.621811e+01  1.971946e+01
     vertex  1.525000e+02  1.622535e+01  1.975298e+01
   endloop
 endfacet
 facet normal  0.000000e+00 -9.774771e-01  2.110417e-01
   outer loop
     vertex  1.475000e+02  1.621811e+01  1.971946e+01
     vertex  1.525000e+02  1.622535e+01  1.975298e+01
     vertex  1.475000e+02  1.622535e+01  1.975298e+01
   endloop
 endfacet
 facet normal  0.000000e+00 -9.713194e-01  2.377784e-01
   outer loop
     vertex  1.475000e+02  1.620996e+01  1.968615e+01
     vertex  1.525000e+02  1.620996e+01  1.968615e+01
     vertex  1.525000e+02  1.621811e+01  1.971946e+01
   endloop
 endfacet
 facet normal  0.000000e+00 -9.713194e-01  2.377784e-01
   outer loop
     vertex  1.475000e+02  1.620996e+01  1.968615e+01
     vertex  1.525000e+02  1.621811e+01  1.971946e+01
     vertex  1.475000e+02  1.621811e+01  1.971946e+01
   endloop
 endfacet
 facet normal  0.000000e+00 -9.644306e-01  2.643362e-01
   outer loop
     vertex  1.475000e+02  1.620089e+01  1.965307e+01
     vertex  1.525000e+02  1.620089e+01  1.965307e+01
     vertex  1.525000e+02  1.620996e+01  1.968615e+01
   endloop
 endfacet
 facet normal  0.000000e+00 -9.644306e-01  2.643362e-01
   outer loop
     vertex  1.475000e+02  1.620089e+01  1.965307e+01
     vertex  1.525000e+02  1.620996e+01  1.968615e+01
     vertex  1.475000e+02  1.620996e+01  1.968615e+01
   endloop
 endfacet
 facet normal  0.000000e+00 -9.568158e-01  2.906949e-01
   outer loop
     vertex  1.475000e+02  1.619092e+01  1.962026e+01
     vertex  1.525000e+02  1.619092e+01  1.962026e+01
     vertex  1.525000e+02  1.620089e+01  1.965307e+01
   endloop
 endfacet
 facet normal  0.000000e+00 -9.568158e-01  2.906949e-01
   outer loop
     vertex  1.475000e+02  1.619092e+01  1.962026e+01
     vertex  1.525000e+02  1.620089e+01  1.965307e+01
     vertex  1.475000e+02  1.620089e+01  1.965307e+01
   endloop
 endfacet
 facet normal  0.000000e+00 -9.484807e-01  3.168348e-01
   outer loop
     vertex  1.475000e+02  1.618006e+01  1.958773e+01
     vertex  1.525000e+02  1.618006e+01  1.958773e+01
     vertex  1.525000e+02  1.619092e+01  1.962026e+01
   endloop
 endfacet
 facet normal  0.000000e+00 -9.394317e-01  3.427362e-01
   outer loop
     vertex  1.475000e+02  1.618006e+01  1.958773e+01
     vertex  1.525000e+02  1.616830e+01  1.955551e+01
     vertex  1.525000e+02  1.618006e+01  1.958773e+01
   endloop
 endfacet
 facet normal  0.000000e+00 -9.484807e-01  3.168348e-01
   outer loop
     vertex  1.475000e+02  1.618006e+01  1.958773e+01
     vertex  1.525000e+02  1.619092e+01  1.962026e+01
     vertex  1.475000e+02  1.619092e+01  1.962026e+01
   endloop
 endfacet
 facet normal  0.000000e+00 -9.296754e-01  3.683796e-01
   outer loop
     vertex  1.475000e+02  1.616830e+01  1.955551e+01
     vertex  1.525000e+02  1.615567e+01  1.952363e+01
     vertex  1.525000e+02  1.616830e+01  1.955551e+01
   endloop
 endfacet
 facet normal  0.000000e+00 -9.394317e-01  3.427362e-01
   outer loop
     vertex  1.475000e+02  1.616830e+01  1.955551e+01
     vertex  1.525000e+02  1.616830e+01  1.955551e+01
     vertex  1.475000e+02  1.618006e+01  1.958773e+01
   endloop
 endfacet
 facet normal  0.000000e+00 -9.296754e-01  3.683796e-01
   outer loop
     vertex  1.475000e+02  1.615567e+01  1.952363e+01
     vertex  1.525000e+02  1.615567e+01  1.952363e+01
     vertex  1.475000e+02  1.616830e+01  1.955551e+01
   endloop
 endfacet
 facet normal  0.000000e+00 -9.192194e-01  3.937458e-01
   outer loop
     vertex  1.475000e+02  1.614216e+01  1.949210e+01
     vertex  1.525000e+02  1.615567e+01  1.952363e+01
     vertex  1.475000e+02  1.615567e+01  1.952363e+01
   endloop
 endfacet
 facet normal  0.000000e+00 -9.192194e-01  3.937458e-01
   outer loop
     vertex  1.475000e+02  1.614216e+01  1.949210e+01
     vertex  1.525000e+02  1.614216e+01  1.949210e+01
     vertex  1.525000e+02  1.615567e+01  1.952363e+01
   endloop
 endfacet
 facet normal  0.000000e+00 -9.080714e-01  4.188155e-01
   outer loop
     vertex  1.475000e+02  1.614216e+01  1.949210e+01
     vertex  1.525000e+02  1.612780e+01  1.946096e+01
     vertex  1.525000e+02  1.614216e+01  1.949210e+01
   endloop
 endfacet
 facet normal  0.000000e+00 -9.080714e-01  4.188155e-01
   outer loop
     vertex  1.475000e+02  1.612780e+01  1.946096e+01
     vertex  1.525000e+02  1.612780e+01  1.946096e+01
     vertex  1.475000e+02  1.614216e+01  1.949210e+01
   endloop
 endfacet
 facet normal  0.000000e+00 -8.962398e-01  4.435699e-01
   outer loop
     vertex  1.475000e+02  1.611259e+01  1.943022e+01
     vertex  1.525000e+02  1.611259e+01  1.943022e+01
     vertex  1.525000e+02  1.612780e+01  1.946096e+01
   endloop
 endfacet
 facet normal  0.000000e+00 -8.837335e-01  4.679904e-01
   outer loop
     vertex  1.475000e+02  1.611259e+01  1.943022e+01
     vertex  1.525000e+02  1.609654e+01  1.939991e+01
     vertex  1.525000e+02  1.611259e+01  1.943022e+01
   endloop
 endfacet
 facet normal  0.000000e+00 -8.962398e-01  4.435699e-01
   outer loop
     vertex  1.475000e+02  1.611259e+01  1.943022e+01
     vertex  1.525000e+02  1.612780e+01  1.946096e+01
     vertex  1.475000e+02  1.612780e+01  1.946096e+01
   endloop
 endfacet
 facet normal  0.000000e+00 -8.837335e-01  4.679904e-01
   outer loop
     vertex  1.475000e+02  1.609654e+01  1.939991e+01
     vertex  1.525000e+02  1.609654e+01  1.939991e+01
     vertex  1.475000e+02  1.611259e+01  1.943022e+01
   endloop
 endfacet
 facet normal  0.000000e+00 -8.705620e-01  4.920587e-01
   outer loop
     vertex  1.475000e+02  1.607966e+01  1.937006e+01
     vertex  1.525000e+02  1.607966e+01  1.937006e+01
     vertex  1.525000e+02  1.609654e+01  1.939991e+01
   endloop
 endfacet
 facet normal  0.000000e+00 -8.705620e-01  4.920587e-01
   outer loop
     vertex  1.475000e+02  1.607966e+01  1.937006e+01
     vertex  1.525000e+02  1.609654e+01  1.939991e+01
     vertex  1.475000e+02  1.609654e+01  1.939991e+01
   endloop
 endfacet
 facet normal  0.000000e+00 -8.567352e-01  5.157565e-01
   outer loop
     vertex  1.475000e+02  1.607966e+01  1.937006e+01
     vertex  1.525000e+02  1.606197e+01  1.934067e+01
     vertex  1.525000e+02  1.607966e+01  1.937006e+01
   endloop
 endfacet
 facet normal  0.000000e+00 -8.567352e-01  5.157565e-01
   outer loop
     vertex  1.475000e+02  1.606197e+01  1.934067e+01
     vertex  1.525000e+02  1.606197e+01  1.934067e+01
     vertex  1.475000e+02  1.607966e+01  1.937006e+01
   endloop
 endfacet
 facet normal  0.000000e+00 -8.422635e-01  5.390661e-01
   outer loop
     vertex  1.475000e+02  1.606197e+01  1.934067e+01
     vertex  1.525000e+02  1.604349e+01  1.931179e+01
     vertex  1.525000e+02  1.606197e+01  1.934067e+01
   endloop
 endfacet
 facet normal  0.000000e+00 -8.271577e-01  5.619699e-01
   outer loop
     vertex  1.475000e+02  1.604349e+01  1.931179e+01
     vertex  1.525000e+02  1.602421e+01  1.928342e+01
     vertex  1.525000e+02  1.604349e+01  1.931179e+01
   endloop
 endfacet
 facet normal  0.000000e+00 -8.422635e-01  5.390661e-01
   outer loop
     vertex  1.475000e+02  1.604349e+01  1.931179e+01
     vertex  1.525000e+02  1.604349e+01  1.931179e+01
     vertex  1.475000e+02  1.606197e+01  1.934067e+01
   endloop
 endfacet
 facet normal  0.000000e+00 -8.271577e-01  5.619699e-01
   outer loop
     vertex  1.475000e+02  1.602421e+01  1.928342e+01
     vertex  1.525000e+02  1.602421e+01  1.928342e+01
     vertex  1.475000e+02  1.604349e+01  1.931179e+01
   endloop
 endfacet
 facet normal  0.000000e+00 -8.114292e-01  5.844507e-01
   outer loop
     vertex  1.475000e+02  1.600417e+01  1.925559e+01
     vertex  1.525000e+02  1.600417e+01  1.925559e+01
     vertex  1.525000e+02  1.602421e+01  1.928342e+01
   endloop
 endfacet
 facet normal  0.000000e+00 -7.950900e-01  6.064915e-01
   outer loop
     vertex  1.475000e+02  1.600417e+01  1.925559e+01
     vertex  1.525000e+02  1.598337e+01  1.922832e+01
     vertex  1.525000e+02  1.600417e+01  1.925559e+01
   endloop
 endfacet
 facet normal  0.000000e+00 -8.114292e-01  5.844507e-01
   outer loop
     vertex  1.475000e+02  1.600417e+01  1.925559e+01
     vertex  1.525000e+02  1.602421e+01  1.928342e+01
     vertex  1.475000e+02  1.602421e+01  1.928342e+01
   endloop
 endfacet
 facet normal  0.000000e+00 -7.950900e-01  6.064915e-01
   outer loop
     vertex  1.475000e+02  1.598337e+01  1.922832e+01
     vertex  1.525000e+02  1.598337e+01  1.922832e+01
     vertex  1.475000e+02  1.600417e+01  1.925559e+01
   endloop
 endfacet
 facet normal  0.000000e+00 -7.781522e-01  6.280757e-01
   outer loop
     vertex  1.475000e+02  1.596183e+01  1.920164e+01
     vertex  1.525000e+02  1.596183e+01  1.920164e+01
     vertex  1.525000e+02  1.598337e+01  1.922832e+01
   endloop
 endfacet
 facet normal  0.000000e+00 -7.781522e-01  6.280757e-01
   outer loop
     vertex  1.475000e+02  1.596183e+01  1.920164e+01
     vertex  1.525000e+02  1.598337e+01  1.922832e+01
     vertex  1.475000e+02  1.598337e+01  1.922832e+01
   endloop
 endfacet
 facet normal  0.000000e+00 -7.606287e-01  6.491872e-01
   outer loop
     vertex  1.475000e+02  1.593956e+01  1.917555e+01
     vertex  1.525000e+02  1.593956e+01  1.917555e+01
     vertex  1.525000e+02  1.596183e+01  1.920164e+01
   endloop
 endfacet
 facet normal  0.000000e+00 -7.606287e-01  6.491872e-01
   outer loop
     vertex  1.475000e+02  1.593956e+01  1.917555e+01
     vertex  1.525000e+02  1.596183e+01  1.920164e+01
     vertex  1.475000e+02  1.596183e+01  1.920164e+01
   endloop
 endfacet
 facet normal  0.000000e+00 -7.425325e-01  6.698100e-01
   outer loop
     vertex  1.475000e+02  1.591659e+01  1.915008e+01
     vertex  1.525000e+02  1.591659e+01  1.915008e+01
     vertex  1.525000e+02  1.593956e+01  1.917555e+01
   endloop
 endfacet
 facet normal  0.000000e+00 -7.238775e-01  6.899286e-01
   outer loop
     vertex  1.475000e+02  1.591659e+01  1.915008e+01
     vertex  1.525000e+02  1.589293e+01  1.912526e+01
     vertex  1.525000e+02  1.591659e+01  1.915008e+01
   endloop
 endfacet
 facet normal  0.000000e+00 -7.425325e-01  6.698100e-01
   outer loop
     vertex  1.475000e+02  1.591659e+01  1.915008e+01
     vertex  1.525000e+02  1.593956e+01  1.917555e+01
     vertex  1.475000e+02  1.593956e+01  1.917555e+01
   endloop
 endfacet
 facet normal  0.000000e+00 -7.238775e-01  6.899286e-01
   outer loop
     vertex  1.475000e+02  1.589293e+01  1.912526e+01
     vertex  1.525000e+02  1.589293e+01  1.912526e+01
     vertex  1.475000e+02  1.591659e+01  1.915008e+01
   endloop
 endfacet
 facet normal  0.000000e+00 -7.046775e-01  7.095278e-01
   outer loop
     vertex  1.475000e+02  1.586860e+01  1.910109e+01
     vertex  1.525000e+02  1.586860e+01  1.910109e+01
     vertex  1.525000e+02  1.589293e+01  1.912526e+01
   endloop
 endfacet
 facet normal  0.000000e+00 -7.046775e-01  7.095278e-01
   outer loop
     vertex  1.475000e+02  1.586860e+01  1.910109e+01
     vertex  1.525000e+02  1.589293e+01  1.912526e+01
     vertex  1.475000e+02  1.589293e+01  1.912526e+01
   endloop
 endfacet
 facet normal  0.000000e+00 -6.849470e-01  7.285929e-01
   outer loop
     vertex  1.475000e+02  1.584361e+01  1.907760e+01
     vertex  1.525000e+02  1.584361e+01  1.907760e+01
     vertex  1.525000e+02  1.586860e+01  1.910109e+01
   endloop
 endfacet
 facet normal  0.000000e+00 -6.849470e-01  7.285929e-01
   outer loop
     vertex  1.475000e+02  1.584361e+01  1.907760e+01
     vertex  1.525000e+02  1.586860e+01  1.910109e+01
     vertex  1.475000e+02  1.586860e+01  1.910109e+01
   endloop
 endfacet
 facet normal  0.000000e+00 -6.647010e-01  7.471095e-01
   outer loop
     vertex  1.475000e+02  1.581799e+01  1.905480e+01
     vertex  1.525000e+02  1.581799e+01  1.905480e+01
     vertex  1.525000e+02  1.584361e+01  1.907760e+01
   endloop
 endfacet
 facet normal  0.000000e+00 -6.647010e-01  7.471095e-01
   outer loop
     vertex  1.475000e+02  1.581799e+01  1.905480e+01
     vertex  1.525000e+02  1.584361e+01  1.907760e+01
     vertex  1.475000e+02  1.584361e+01  1.907760e+01
   endloop
 endfacet
 facet normal  0.000000e+00 -6.439545e-01  7.650637e-01
   outer loop
     vertex  1.475000e+02  1.579175e+01  1.903272e+01
     vertex  1.525000e+02  1.579175e+01  1.903272e+01
     vertex  1.525000e+02  1.581799e+01  1.905480e+01
   endloop
 endfacet
 facet normal  0.000000e+00 -6.227234e-01  7.824421e-01
   outer loop
     vertex  1.475000e+02  1.579175e+01  1.903272e+01
     vertex  1.525000e+02  1.576491e+01  1.901136e+01
     vertex  1.525000e+02  1.579175e+01  1.903272e+01
   endloop
 endfacet
 facet normal  0.000000e+00 -6.439545e-01  7.650637e-01
   outer loop
     vertex  1.475000e+02  1.579175e+01  1.903272e+01
     vertex  1.525000e+02  1.581799e+01  1.905480e+01
     vertex  1.475000e+02  1.581799e+01  1.905480e+01
   endloop
 endfacet
 facet normal  0.000000e+00 -6.227234e-01  7.824421e-01
   outer loop
     vertex  1.475000e+02  1.576491e+01  1.901136e+01
     vertex  1.525000e+02  1.576491e+01  1.901136e+01
     vertex  1.475000e+02  1.579175e+01  1.903272e+01
   endloop
 endfacet
 facet normal  0.000000e+00 -6.010234e-01  7.992314e-01
   outer loop
     vertex  1.475000e+02  1.573750e+01  1.899075e+01
     vertex  1.525000e+02  1.573750e+01  1.899075e+01
     vertex  1.525000e+02  1.576491e+01  1.901136e+01
   endloop
 endfacet
 facet normal  0.000000e+00 -6.010234e-01  7.992314e-01
   outer loop
     vertex  1.475000e+02  1.573750e+01  1.899075e+01
     vertex  1.525000e+02  1.576491e+01  1.901136e+01
     vertex  1.475000e+02  1.576491e+01  1.901136e+01
   endloop
 endfacet
 facet normal  0.000000e+00 -5.788711e-01  8.154191e-01
   outer loop
     vertex  1.475000e+02  1.570954e+01  1.897090e+01
     vertex  1.525000e+02  1.570954e+01  1.897090e+01
     vertex  1.525000e+02  1.573750e+01  1.899075e+01
   endloop
 endfacet
 facet normal  0.000000e+00 -5.788711e-01  8.154191e-01
   outer loop
     vertex  1.475000e+02  1.570954e+01  1.897090e+01
     vertex  1.525000e+02  1.573750e+01  1.899075e+01
     vertex  1.475000e+02  1.573750e+01  1.899075e+01
   endloop
 endfacet
 facet normal  0.000000e+00 -5.562829e-01  8.309929e-01
   outer loop
     vertex  1.475000e+02  1.568104e+01  1.895182e+01
     vertex  1.525000e+02  1.568104e+01  1.895182e+01
     vertex  1.525000e+02  1.570954e+01  1.897090e+01
   endloop
 endfacet
 facet normal  0.000000e+00 -5.562829e-01  8.309929e-01
   outer loop
     vertex  1.475000e+02  1.568104e+01  1.895182e+01
     vertex  1.525000e+02  1.570954e+01  1.897090e+01
     vertex  1.475000e+02  1.570954e+01  1.897090e+01
   endloop
 endfacet
 facet normal  0.000000e+00 -5.332761e-01  8.459413e-01
   outer loop
     vertex  1.475000e+02  1.565203e+01  1.893353e+01
     vertex  1.525000e+02  1.565203e+01  1.893353e+01
     vertex  1.525000e+02  1.568104e+01  1.895182e+01
   endloop
 endfacet
 facet normal  0.000000e+00 -5.332761e-01  8.459413e-01
   outer loop
     vertex  1.475000e+02  1.565203e+01  1.893353e+01
     vertex  1.525000e+02  1.568104e+01  1.895182e+01
     vertex  1.475000e+02  1.568104e+01  1.895182e+01
   endloop
 endfacet
 facet normal  0.000000e+00 -5.098678e-01  8.602528e-01
   outer loop
     vertex  1.475000e+02  1.562252e+01  1.891604e+01
     vertex  1.525000e+02  1.562252e+01  1.891604e+01
     vertex  1.525000e+02  1.565203e+01  1.893353e+01
   endloop
 endfacet
 facet normal  0.000000e+00 -4.860756e-01  8.739167e-01
   outer loop
     vertex  1.475000e+02  1.562252e+01  1.891604e+01
     vertex  1.525000e+02  1.559255e+01  1.889937e+01
     vertex  1.525000e+02  1.562252e+01  1.891604e+01
   endloop
 endfacet
 facet normal  0.000000e+00 -5.098678e-01  8.602528e-01
   outer loop
     vertex  1.475000e+02  1.562252e+01  1.891604e+01
     vertex  1.525000e+02  1.565203e+01  1.893353e+01
     vertex  1.475000e+02  1.565203e+01  1.893353e+01
   endloop
 endfacet
 facet normal  0.000000e+00 -4.619176e-01  8.869228e-01
   outer loop
     vertex  1.475000e+02  1.559255e+01  1.889937e+01
     vertex  1.525000e+02  1.556213e+01  1.888353e+01
     vertex  1.525000e+02  1.559255e+01  1.889937e+01
   endloop
 endfacet
 facet normal  0.000000e+00 -4.860756e-01  8.739167e-01
   outer loop
     vertex  1.475000e+02  1.559255e+01  1.889937e+01
     vertex  1.525000e+02  1.559255e+01  1.889937e+01
     vertex  1.475000e+02  1.562252e+01  1.891604e+01
   endloop
 endfacet
 facet normal  0.000000e+00 -4.619176e-01  8.869228e-01
   outer loop
     vertex  1.475000e+02  1.556213e+01  1.888353e+01
     vertex  1.525000e+02  1.556213e+01  1.888353e+01
     vertex  1.475000e+02  1.559255e+01  1.889937e+01
   endloop
 endfacet
 facet normal  0.000000e+00 -4.374119e-01  8.992613e-01
   outer loop
     vertex  1.475000e+02  1.556213e+01  1.888353e+01
     vertex  1.525000e+02  1.553129e+01  1.886853e+01
     vertex  1.525000e+02  1.556213e+01  1.888353e+01
   endloop
 endfacet
 facet normal  0.000000e+00 -4.374119e-01  8.992613e-01
   outer loop
     vertex  1.475000e+02  1.553129e+01  1.886853e+01
     vertex  1.525000e+02  1.553129e+01  1.886853e+01
     vertex  1.475000e+02  1.556213e+01  1.888353e+01
   endloop
 endfacet
 facet normal  0.000000e+00 -4.125769e-01  9.109228e-01
   outer loop
     vertex  1.475000e+02  1.550005e+01  1.885438e+01
     vertex  1.525000e+02  1.553129e+01  1.886853e+01
     vertex  1.475000e+02  1.553129e+01  1.886853e+01
   endloop
 endfacet
 facet normal  0.000000e+00 -4.125769e-01  9.109228e-01
   outer loop
     vertex  1.475000e+02  1.550005e+01  1.885438e+01
     vertex  1.525000e+02  1.550005e+01  1.885438e+01
     vertex  1.525000e+02  1.553129e+01  1.886853e+01
   endloop
 endfacet
 facet normal  0.000000e+00 -3.874313e-01  9.218986e-01
   outer loop
     vertex  1.475000e+02  1.546843e+01  1.884109e+01
     vertex  1.525000e+02  1.550005e+01  1.885438e+01
     vertex  1.475000e+02  1.550005e+01  1.885438e+01
   endloop
 endfacet
 facet normal  0.000000e+00 -3.874313e-01  9.218986e-01
   outer loop
     vertex  1.475000e+02  1.546843e+01  1.884109e+01
     vertex  1.525000e+02  1.546843e+01  1.884109e+01
     vertex  1.525000e+02  1.550005e+01  1.885438e+01
   endloop
 endfacet
 facet normal  0.000000e+00 -3.619940e-01  9.321804e-01
   outer loop
     vertex  1.475000e+02  1.543647e+01  1.882868e+01
     vertex  1.525000e+02  1.546843e+01  1.884109e+01
     vertex  1.475000e+02  1.546843e+01  1.884109e+01
   endloop
 endfacet
 facet normal  0.000000e+00 -3.619940e-01  9.321804e-01
   outer loop
     vertex  1.475000e+02  1.543647e+01  1.882868e+01
     vertex  1.525000e+02  1.543647e+01  1.882868e+01
     vertex  1.525000e+02  1.546843e+01  1.884109e+01
   endloop
 endfacet
 facet normal  0.000000e+00 -3.362843e-01  9.417605e-01
   outer loop
     vertex  1.475000e+02  1.543647e+01  1.882868e+01
     vertex  1.525000e+02  1.540417e+01  1.881714e+01
     vertex  1.525000e+02  1.543647e+01  1.882868e+01
   endloop
 endfacet
 facet normal  0.000000e+00 -3.362843e-01  9.417605e-01
   outer loop
     vertex  1.475000e+02  1.540417e+01  1.881714e+01
     vertex  1.525000e+02  1.540417e+01  1.881714e+01
     vertex  1.475000e+02  1.543647e+01  1.882868e+01
   endloop
 endfacet
 facet normal  0.000000e+00 -3.103214e-01  9.506317e-01
   outer loop
     vertex  1.475000e+02  1.537156e+01  1.880650e+01
     vertex  1.525000e+02  1.540417e+01  1.881714e+01
     vertex  1.475000e+02  1.540417e+01  1.881714e+01
   endloop
 endfacet
 facet normal  0.000000e+00 -3.103214e-01  9.506317e-01
   outer loop
     vertex  1.475000e+02  1.537156e+01  1.880650e+01
     vertex  1.525000e+02  1.537156e+01  1.880650e+01
     vertex  1.525000e+02  1.540417e+01  1.881714e+01
   endloop
 endfacet
 facet normal  0.000000e+00 -2.841250e-01  9.587873e-01
   outer loop
     vertex  1.475000e+02  1.533868e+01  1.879676e+01
     vertex  1.525000e+02  1.537156e+01  1.880650e+01
     vertex  1.475000e+02  1.537156e+01  1.880650e+01
   endloop
 endfacet
 facet normal  0.000000e+00 -2.841250e-01  9.587873e-01
   outer loop
     vertex  1.475000e+02  1.533868e+01  1.879676e+01
     vertex  1.525000e+02  1.533868e+01  1.879676e+01
     vertex  1.525000e+02  1.537156e+01  1.880650e+01
   endloop
 endfacet
 facet normal  0.000000e+00 -2.577146e-01  9.662211e-01
   outer loop
     vertex  1.475000e+02  1.533868e+01  1.879676e+01
     vertex  1.525000e+02  1.530554e+01  1.878792e+01
     vertex  1.525000e+02  1.533868e+01  1.879676e+01
   endloop
 endfacet
 facet normal  0.000000e+00 -2.577146e-01  9.662211e-01
   outer loop
     vertex  1.475000e+02  1.530554e+01  1.878792e+01
     vertex  1.525000e+02  1.530554e+01  1.878792e+01
     vertex  1.475000e+02  1.533868e+01  1.879676e+01
   endloop
 endfacet
 facet normal  0.000000e+00 -2.311102e-01  9.729276e-01
   outer loop
     vertex  1.475000e+02  1.527218e+01  1.877999e+01
     vertex  1.525000e+02  1.530554e+01  1.878792e+01
     vertex  1.475000e+02  1.530554e+01  1.878792e+01
   endloop
 endfacet
 facet normal  0.000000e+00 -2.311102e-01  9.729276e-01
   outer loop
     vertex  1.475000e+02  1.527218e+01  1.877999e+01
     vertex  1.525000e+02  1.527218e+01  1.877999e+01
     vertex  1.525000e+02  1.530554e+01  1.878792e+01
   endloop
 endfacet
 facet normal  0.000000e+00 -2.043319e-01  9.789017e-01
   outer loop
     vertex  1.475000e+02  1.523860e+01  1.877298e+01
     vertex  1.525000e+02  1.527218e+01  1.877999e+01
     vertex  1.475000e+02  1.527218e+01  1.877999e+01
   endloop
 endfacet
 facet normal  0.000000e+00 -2.043319e-01  9.789017e-01
   outer loop
     vertex  1.475000e+02  1.523860e+01  1.877298e+01
     vertex  1.525000e+02  1.523860e+01  1.877298e+01
     vertex  1.525000e+02  1.527218e+01  1.877999e+01
   endloop
 endfacet
 facet normal  0.000000e+00 -1.773998e-01  9.841389e-01
   outer loop
     vertex  1.475000e+02  1.520485e+01  1.876690e+01
     vertex  1.525000e+02  1.523860e+01  1.877298e+01
     vertex  1.475000e+02  1.523860e+01  1.877298e+01
   endloop
 endfacet
 facet normal  0.000000e+00 -1.773998e-01  9.841389e-01
   outer loop
     vertex  1.475000e+02  1.520485e+01  1.876690e+01
     vertex  1.525000e+02  1.520485e+01  1.876690e+01
     vertex  1.525000e+02  1.523860e+01  1.877298e+01
   endloop
 endfacet
 facet normal  0.000000e+00 -1.503341e-01  9.886353e-01
   outer loop
     vertex  1.475000e+02  1.520485e+01  1.876690e+01
     vertex  1.525000e+02  1.517095e+01  1.876174e+01
     vertex  1.525000e+02  1.520485e+01  1.876690e+01
   endloop
 endfacet
 facet normal  0.000000e+00 -1.503341e-01  9.886353e-01
   outer loop
     vertex  1.475000e+02  1.517095e+01  1.876174e+01
     vertex  1.525000e+02  1.517095e+01  1.876174e+01
     vertex  1.475000e+02  1.520485e+01  1.876690e+01
   endloop
 endfacet
 facet normal  0.000000e+00 -1.231552e-01  9.923874e-01
   outer loop
     vertex  1.475000e+02  1.513691e+01  1.875752e+01
     vertex  1.525000e+02  1.513691e+01  1.875752e+01
     vertex  1.525000e+02  1.517095e+01  1.876174e+01
   endloop
 endfacet
 facet normal  0.000000e+00 -1.231552e-01  9.923874e-01
   outer loop
     vertex  1.475000e+02  1.513691e+01  1.875752e+01
     vertex  1.525000e+02  1.517095e+01  1.876174e+01
     vertex  1.475000e+02  1.517095e+01  1.876174e+01
   endloop
 endfacet
 facet normal  0.000000e+00 -9.588368e-02  9.953925e-01
   outer loop
     vertex  1.475000e+02  1.510277e+01  1.875423e+01
     vertex  1.525000e+02  1.510277e+01  1.875423e+01
     vertex  1.525000e+02  1.513691e+01  1.875752e+01
   endloop
 endfacet
 facet normal  0.000000e+00 -9.588368e-02  9.953925e-01
   outer loop
     vertex  1.475000e+02  1.510277e+01  1.875423e+01
     vertex  1.525000e+02  1.513691e+01  1.875752e+01
     vertex  1.475000e+02  1.513691e+01  1.875752e+01
   endloop
 endfacet
 facet normal  0.000000e+00 -6.853995e-02  9.976484e-01
   outer loop
     vertex  1.475000e+02  1.506856e+01  1.875188e+01
     vertex  1.525000e+02  1.506856e+01  1.875188e+01
     vertex  1.525000e+02  1.510277e+01  1.875423e+01
   endloop
 endfacet
 facet normal  0.000000e+00 -6.853995e-02  9.976484e-01
   outer loop
     vertex  1.475000e+02  1.506856e+01  1.875188e+01
     vertex  1.525000e+02  1.510277e+01  1.875423e+01
     vertex  1.475000e+02  1.510277e+01  1.875423e+01
   endloop
 endfacet
 facet normal  0.000000e+00 -4.114462e-02  9.991532e-01
   outer loop
     vertex  1.475000e+02  1.503429e+01  1.875047e+01
     vertex  1.525000e+02  1.503429e+01  1.875047e+01
     vertex  1.525000e+02  1.506856e+01  1.875188e+01
   endloop
 endfacet
 facet normal  0.000000e+00 -1.371831e-02  9.999059e-01
   outer loop
     vertex  1.475000e+02  1.503429e+01  1.875047e+01
     vertex  1.525000e+02  1.500000e+01  1.875000e+01
     vertex  1.525000e+02  1.503429e+01  1.875047e+01
   endloop
 endfacet
 facet normal  0.000000e+00 -4.114462e-02  9.991532e-01
   outer loop
     vertex  1.475000e+02  1.503429e+01  1.875047e+01
     vertex  1.525000e+02  1.506856e+01  1.875188e+01
     vertex  1.475000e+02  1.506856e+01  1.875188e+01
   endloop
 endfacet
 facet normal  0.000000e+00 -1.371831e-02  9.999059e-01
   outer loop
     vertex  1.475000e+02  1.500000e+01  1.875000e+01
     vertex  1.525000e+02  1.500000e+01  1.875000e+01
     vertex  1.475000e+02  1.503429e+01  1.875047e+01
   endloop
 endfacet
 facet normal  0.000000e+00 -1.000000e+00  0.000000e+00
   outer loop
     vertex  2.374836e+01  6.000000e+00  1.813027e+01
     vertex  2.364770e+01  6.000000e+00  1.820173e+01
     vertex  2.369754e+01  6.000000e+00  1.816531e+01
   endloop
 endfacet
 facet normal  0.000000e+00 -1.000000e+00  0.000000e+00
   outer loop
     vertex  2.310491e+01  6.000000e+00  1.878710e+01
     vertex  2.313890e+01  6.000000e+00  1.873557e+01
     vertex  2.317428e+01  6.000000e+00  1.868499e+01
   endloop
 endfacet
 facet normal  0.000000e+00 -1.000000e+00  0.000000e+00
   outer loop
     vertex  2.307235e+01  6.000000e+00  1.883955e+01
     vertex  2.317428e+01  6.000000e+00  1.868499e+01
     vertex  2.321105e+01  6.000000e+00  1.863539e+01
   endloop
 endfacet
 facet normal  0.000000e+00 -1.000000e+00  0.000000e+00
   outer loop
     vertex  2.307235e+01  6.000000e+00  1.883955e+01
     vertex  2.310491e+01  6.000000e+00  1.878710e+01
     vertex  2.317428e+01  6.000000e+00  1.868499e+01
   endloop
 endfacet
 facet normal  0.000000e+00 -1.000000e+00  0.000000e+00
   outer loop
     vertex  2.385280e+01  6.000000e+00  1.806443e+01
     vertex  2.374836e+01  6.000000e+00  1.813027e+01
     vertex  2.380013e+01  6.000000e+00  1.809663e+01
   endloop
 endfacet
 facet normal  0.000000e+00 -1.000000e+00  0.000000e+00
   outer loop
     vertex  2.390633e+01  6.000000e+00  1.803369e+01
     vertex  2.359887e+01  6.000000e+00  1.823951e+01
     vertex  2.364770e+01  6.000000e+00  1.820173e+01
   endloop
 endfacet
 facet normal  0.000000e+00 -1.000000e+00  0.000000e+00
   outer loop
     vertex  2.390633e+01  6.000000e+00  1.803369e+01
     vertex  2.355110e+01  6.000000e+00  1.827861e+01
     vertex  2.359887e+01  6.000000e+00  1.823951e+01
   endloop
 endfacet
 facet normal  0.000000e+00 -1.000000e+00  0.000000e+00
   outer loop
     vertex  2.390633e+01  6.000000e+00  1.803369e+01
     vertex  2.350442e+01  6.000000e+00  1.831900e+01
     vertex  2.355110e+01  6.000000e+00  1.827861e+01
   endloop
 endfacet
 facet normal  0.000000e+00 -1.000000e+00  0.000000e+00
   outer loop
     vertex  2.390633e+01  6.000000e+00  1.803369e+01
     vertex  2.374836e+01  6.000000e+00  1.813027e+01
     vertex  2.385280e+01  6.000000e+00  1.806443e+01
   endloop
 endfacet
 facet normal  0.000000e+00 -1.000000e+00  0.000000e+00
   outer loop
     vertex  2.390633e+01  6.000000e+00  1.803369e+01
     vertex  2.364770e+01  6.000000e+00  1.820173e+01
     vertex  2.374836e+01  6.000000e+00  1.813027e+01
   endloop
 endfacet
 facet normal  0.000000e+00 -1.000000e+00  0.000000e+00
   outer loop
     vertex  2.301160e+01  6.000000e+00  1.894702e+01
     vertex  2.304124e+01  6.000000e+00  1.889287e+01
     vertex  2.307235e+01  6.000000e+00  1.883955e+01
   endloop
 endfacet
 facet normal  0.000000e+00 -1.000000e+00  0.000000e+00
   outer loop
     vertex  2.298346e+01  6.000000e+00  1.900197e+01
     vertex  2.301160e+01  6.000000e+00  1.894702e+01
     vertex  2.307235e+01  6.000000e+00  1.883955e+01
   endloop
 endfacet
 facet normal  0.000000e+00 -1.000000e+00  0.000000e+00
   outer loop
     vertex  2.401582e+01  6.000000e+00  1.797666e+01
     vertex  2.390633e+01  6.000000e+00  1.803369e+01
     vertex  2.396069e+01  6.000000e+00  1.800442e+01
   endloop
 endfacet
 facet normal  0.000000e+00 -1.000000e+00  0.000000e+00
   outer loop
     vertex  2.295684e+01  6.000000e+00  1.905767e+01
     vertex  2.298346e+01  6.000000e+00  1.900197e+01
     vertex  2.307235e+01  6.000000e+00  1.883955e+01
   endloop
 endfacet
 facet normal  0.000000e+00 -1.000000e+00  0.000000e+00
   outer loop
     vertex  2.290823e+01  6.000000e+00  1.917115e+01
     vertex  2.293176e+01  6.000000e+00  1.911407e+01
     vertex  2.295684e+01  6.000000e+00  1.905767e+01
   endloop
 endfacet
 facet normal  0.000000e+00 -1.000000e+00  0.000000e+00
   outer loop
     vertex  2.418551e+01  6.000000e+00  1.790259e+01
     vertex  2.407170e+01  6.000000e+00  1.795042e+01
     vertex  2.412828e+01  6.000000e+00  1.792573e+01
   endloop
 endfacet
 facet normal  0.000000e+00 -1.000000e+00  0.000000e+00
   outer loop
     vertex  2.436072e+01  6.000000e+00  1.784273e+01
     vertex  2.424336e+01  6.000000e+00  1.788104e+01
     vertex  2.430178e+01  6.000000e+00  1.786108e+01
   endloop
 endfacet
 facet normal  0.000000e+00 -1.000000e+00  0.000000e+00
   outer loop
     vertex  2.436072e+01  6.000000e+00  1.784273e+01
     vertex  2.418551e+01  6.000000e+00  1.790259e+01
     vertex  2.424336e+01  6.000000e+00  1.788104e+01
   endloop
 endfacet
 facet normal  0.000000e+00 -1.000000e+00  0.000000e+00
   outer loop
     vertex  2.283003e+01  6.000000e+00  1.940524e+01
     vertex  2.286592e+01  6.000000e+00  1.928712e+01
     vertex  2.288628e+01  6.000000e+00  1.922884e+01
   endloop
 endfacet
 facet normal  0.000000e+00 -1.000000e+00  0.000000e+00
   outer loop
     vertex  2.283003e+01  6.000000e+00  1.940524e+01
     vertex  2.284716e+01  6.000000e+00  1.934594e+01
     vertex  2.286592e+01  6.000000e+00  1.928712e+01
   endloop
 endfacet
 facet normal  0.000000e+00 -1.000000e+00  0.000000e+00
   outer loop
     vertex  2.281453e+01  6.000000e+00  1.946500e+01
     vertex  2.288628e+01  6.000000e+00  1.922884e+01
     vertex  2.290823e+01  6.000000e+00  1.917115e+01
   endloop
 endfacet
 facet normal  0.000000e+00 -1.000000e+00  0.000000e+00
   outer loop
     vertex  2.281453e+01  6.000000e+00  1.946500e+01
     vertex  2.290823e+01  6.000000e+00  1.917115e+01
     vertex  2.295684e+01  6.000000e+00  1.905767e+01
   endloop
 endfacet
 facet normal  0.000000e+00 -1.000000e+00  0.000000e+00
   outer loop
     vertex  2.281453e+01  6.000000e+00  1.946500e+01
     vertex  2.283003e+01  6.000000e+00  1.940524e+01
     vertex  2.288628e+01  6.000000e+00  1.922884e+01
   endloop
 endfacet
 facet normal  0.000000e+00 -1.000000e+00  0.000000e+00
   outer loop
     vertex  2.448000e+01  6.000000e+00  1.781091e+01
     vertex  2.436072e+01  6.000000e+00  1.784273e+01
     vertex  2.442014e+01  6.000000e+00  1.782600e+01
   endloop
 endfacet
 facet normal  0.000000e+00 -1.000000e+00  0.000000e+00
   outer loop
     vertex  2.448000e+01  6.000000e+00  1.781091e+01
     vertex  2.418551e+01  6.000000e+00  1.790259e+01
     vertex  2.436072e+01  6.000000e+00  1.784273e+01
   endloop
 endfacet
 facet normal  0.000000e+00 -1.000000e+00  0.000000e+00
   outer loop
     vertex  2.466175e+01  6.000000e+00  1.777557e+01
     vertex  2.454025e+01  6.000000e+00  1.779747e+01
     vertex  2.460085e+01  6.000000e+00  1.778569e+01
   endloop
 endfacet
 facet normal  0.000000e+00 -1.000000e+00  0.000000e+00
   outer loop
     vertex  2.466175e+01  6.000000e+00  1.777557e+01
     vertex  2.448000e+01  6.000000e+00  1.781091e+01
     vertex  2.454025e+01  6.000000e+00  1.779747e+01
   endloop
 endfacet
 facet normal  0.000000e+00 -1.000000e+00  0.000000e+00
   outer loop
     vertex  2.276908e+01  6.000000e+00  1.970759e+01
     vertex  2.277794e+01  6.000000e+00  1.964650e+01
     vertex  2.278848e+01  6.000000e+00  1.958567e+01
   endloop
 endfacet
 facet normal  0.000000e+00 -1.000000e+00  0.000000e+00
   outer loop
     vertex  2.275640e+01  6.000000e+00  1.983039e+01
     vertex  2.276908e+01  6.000000e+00  1.970759e+01
     vertex  2.278848e+01  6.000000e+00  1.958567e+01
   endloop
 endfacet
 facet normal  0.000000e+00 -1.000000e+00  0.000000e+00
   outer loop
     vertex  2.275640e+01  6.000000e+00  1.983039e+01
     vertex  2.280068e+01  6.000000e+00  1.952516e+01
     vertex  2.281453e+01  6.000000e+00  1.946500e+01
   endloop
 endfacet
 facet normal  0.000000e+00 -1.000000e+00  0.000000e+00
   outer loop
     vertex  2.275640e+01  6.000000e+00  1.983039e+01
     vertex  2.278848e+01  6.000000e+00  1.958567e+01
     vertex  2.280068e+01  6.000000e+00  1.952516e+01
   endloop
 endfacet
 facet normal  0.000000e+00 -1.000000e+00  0.000000e+00
   outer loop
     vertex  2.275640e+01  6.000000e+00  1.983039e+01
     vertex  2.276190e+01  6.000000e+00  1.976890e+01
     vertex  2.276908e+01  6.000000e+00  1.970759e+01
   endloop
 endfacet
 facet normal  0.000000e+00 -1.000000e+00  0.000000e+00
   outer loop
     vertex  2.490742e+01  6.000000e+00  1.775191e+01
     vertex  2.478426e+01  6.000000e+00  1.776037e+01
     vertex  2.484579e+01  6.000000e+00  1.775529e+01
   endloop
 endfacet
 facet normal  0.000000e+00 -1.000000e+00  0.000000e+00
   outer loop
     vertex  2.490742e+01  6.000000e+00  1.775191e+01
     vertex  2.472290e+01  6.000000e+00  1.776713e+01
     vertex  2.478426e+01  6.000000e+00  1.776037e+01
   endloop
 endfacet
 facet normal  0.000000e+00 -1.000000e+00  0.000000e+00
   outer loop
     vertex  2.490742e+01  6.000000e+00  1.775191e+01
     vertex  2.466175e+01  6.000000e+00  1.777557e+01
     vertex  2.472290e+01  6.000000e+00  1.776713e+01
   endloop
 endfacet
 facet normal  0.000000e+00 -1.000000e+00  0.000000e+00
   outer loop
     vertex  2.275048e+01  6.000000e+00  1.995370e+01
     vertex  2.275259e+01  6.000000e+00  1.989201e+01
     vertex  2.275640e+01  6.000000e+00  1.983039e+01
   endloop
 endfacet
 facet normal  0.000000e+00 -1.000000e+00  0.000000e+00
   outer loop
     vertex  2.275005e+01  6.000000e+00  2.001543e+01
     vertex  2.275048e+01  6.000000e+00  1.995370e+01
     vertex  2.275640e+01  6.000000e+00  1.983039e+01
   endloop
 endfacet
 facet normal  0.000000e+00 -1.000000e+00  0.000000e+00
   outer loop
     vertex  2.503087e+01  6.000000e+00  1.775021e+01
     vertex  2.490742e+01  6.000000e+00  1.775191e+01
     vertex  2.496913e+01  6.000000e+00  1.775021e+01
   endloop
 endfacet
 facet normal  0.000000e+00 -1.000000e+00  0.000000e+00
   outer loop
     vertex  2.515421e+01  6.000000e+00  1.775529e+01
     vertex  2.503087e+01  6.000000e+00  1.775021e+01
     vertex  2.509258e+01  6.000000e+00  1.775191e+01
   endloop
 endfacet
 facet normal  0.000000e+00 -1.000000e+00  0.000000e+00
   outer loop
     vertex  2.277330e+01  6.000000e+00  2.032299e+01
     vertex  2.275132e+01  6.000000e+00  2.007715e+01
     vertex  2.275005e+01  6.000000e+00  2.001543e+01
   endloop
 endfacet
 facet normal  0.000000e+00 -1.000000e+00  0.000000e+00
   outer loop
     vertex  2.277330e+01  6.000000e+00  2.032299e+01
     vertex  2.275429e+01  6.000000e+00  2.013881e+01
     vertex  2.275132e+01  6.000000e+00  2.007715e+01
   endloop
 endfacet
 facet normal  0.000000e+00 -1.000000e+00  0.000000e+00
   outer loop
     vertex  2.277330e+01  6.000000e+00  2.032299e+01
     vertex  2.275894e+01  6.000000e+00  2.020037e+01
     vertex  2.275429e+01  6.000000e+00  2.013881e+01
   endloop
 endfacet
 facet normal  0.000000e+00 -1.000000e+00  0.000000e+00
   outer loop
     vertex  2.277330e+01  6.000000e+00  2.032299e+01
     vertex  2.276528e+01  6.000000e+00  2.026178e+01
     vertex  2.275894e+01  6.000000e+00  2.020037e+01
   endloop
 endfacet
 facet normal  0.000000e+00 -1.000000e+00  0.000000e+00
   outer loop
     vertex  2.533825e+01  6.000000e+00  1.777557e+01
     vertex  2.521574e+01  6.000000e+00  1.776037e+01
     vertex  2.527710e+01  6.000000e+00  1.776713e+01
   endloop
 endfacet
 facet normal  0.000000e+00 -1.000000e+00  0.000000e+00
   outer loop
     vertex  2.545975e+01  6.000000e+00  1.779747e+01
     vertex  2.533825e+01  6.000000e+00  1.777557e+01
     vertex  2.539915e+01  6.000000e+00  1.778569e+01
   endloop
 endfacet
 facet normal  0.000000e+00 -1.000000e+00  0.000000e+00
   outer loop
     vertex  2.545975e+01  6.000000e+00  1.779747e+01
     vertex  2.515421e+01  6.000000e+00  1.775529e+01
     vertex  2.521574e+01  6.000000e+00  1.776037e+01
   endloop
 endfacet
 facet normal  0.000000e+00 -1.000000e+00  0.000000e+00
   outer loop
     vertex  2.545975e+01  6.000000e+00  1.779747e+01
     vertex  2.521574e+01  6.000000e+00  1.776037e+01
     vertex  2.533825e+01  6.000000e+00  1.777557e+01
   endloop
 endfacet
 facet normal  0.000000e+00 -1.000000e+00  0.000000e+00
   outer loop
     vertex  2.282208e+01  6.000000e+00  2.056493e+01
     vertex  2.278300e+01  6.000000e+00  2.038395e+01
     vertex  2.277330e+01  6.000000e+00  2.032299e+01
   endloop
 endfacet
 facet normal  0.000000e+00 -1.000000e+00  0.000000e+00
   outer loop
     vertex  2.282208e+01  6.000000e+00  2.056493e+01
     vertex  2.279437e+01  6.000000e+00  2.044463e+01
     vertex  2.278300e+01  6.000000e+00  2.038395e+01
   endloop
 endfacet
 facet normal  0.000000e+00 -1.000000e+00  0.000000e+00
   outer loop
     vertex  2.282208e+01  6.000000e+00  2.056493e+01
     vertex  2.280740e+01  6.000000e+00  2.050497e+01
     vertex  2.279437e+01  6.000000e+00  2.044463e+01
   endloop
 endfacet
 facet normal  0.000000e+00 -1.000000e+00  0.000000e+00
   outer loop
     vertex  2.557986e+01  6.000000e+00  1.782600e+01
     vertex  2.545975e+01  6.000000e+00  1.779747e+01
     vertex  2.552000e+01  6.000000e+00  1.781091e+01
   endloop
 endfacet
 facet normal  0.000000e+00 -1.000000e+00  0.000000e+00
   outer loop
     vertex  2.283839e+01  6.000000e+00  2.062447e+01
     vertex  2.282208e+01  6.000000e+00  2.056493e+01
     vertex  2.277330e+01  6.000000e+00  2.032299e+01
   endloop
 endfacet
 facet normal  0.000000e+00 -1.000000e+00  0.000000e+00
   outer loop
     vertex  2.569822e+01  6.000000e+00  1.786108e+01
     vertex  2.557986e+01  6.000000e+00  1.782600e+01
     vertex  2.563928e+01  6.000000e+00  1.784273e+01
   endloop
 endfacet
 facet normal  0.000000e+00 -1.000000e+00  0.000000e+00
   outer loop
     vertex  2.575664e+01  6.000000e+00  1.788104e+01
     vertex  2.557986e+01  6.000000e+00  1.782600e+01
     vertex  2.569822e+01  6.000000e+00  1.786108e+01
   endloop
 endfacet
 facet normal  0.000000e+00 -1.000000e+00  0.000000e+00
   outer loop
     vertex  2.289706e+01  6.000000e+00  2.080008e+01
     vertex  2.275005e+01  6.000000e+00  2.001543e+01
     vertex  2.275640e+01  6.000000e+00  1.983039e+01
   endloop
 endfacet
 facet normal  0.000000e+00 -1.000000e+00  0.000000e+00
   outer loop
     vertex  2.289706e+01  6.000000e+00  2.080008e+01
     vertex  2.277330e+01  6.000000e+00  2.032299e+01
     vertex  2.275005e+01  6.000000e+00  2.001543e+01
   endloop
 endfacet
 facet normal  0.000000e+00 -1.000000e+00  0.000000e+00
   outer loop
     vertex  2.289706e+01  6.000000e+00  2.080008e+01
     vertex  2.283839e+01  6.000000e+00  2.062447e+01
     vertex  2.277330e+01  6.000000e+00  2.032299e+01
   endloop
 endfacet
 facet normal  0.000000e+00 -1.000000e+00  0.000000e+00
   outer loop
     vertex  2.289706e+01  6.000000e+00  2.080008e+01
     vertex  2.285634e+01  6.000000e+00  2.068354e+01
     vertex  2.283839e+01  6.000000e+00  2.062447e+01
   endloop
 endfacet
 facet normal  0.000000e+00 -1.000000e+00  0.000000e+00
   outer loop
     vertex  2.289706e+01  6.000000e+00  2.080008e+01
     vertex  2.287590e+01  6.000000e+00  2.074209e+01
     vertex  2.285634e+01  6.000000e+00  2.068354e+01
   endloop
 endfacet
 facet normal  0.000000e+00 -1.000000e+00  0.000000e+00
   outer loop
     vertex  2.581449e+01  6.000000e+00  1.790259e+01
     vertex  2.545975e+01  6.000000e+00  1.779747e+01
     vertex  2.557986e+01  6.000000e+00  1.782600e+01
   endloop
 endfacet
 facet normal  0.000000e+00 -1.000000e+00  0.000000e+00
   outer loop
     vertex  2.581449e+01  6.000000e+00  1.790259e+01
     vertex  2.557986e+01  6.000000e+00  1.782600e+01
     vertex  2.575664e+01  6.000000e+00  1.788104e+01
   endloop
 endfacet
 facet normal  0.000000e+00 -1.000000e+00  0.000000e+00
   outer loop
     vertex  2.581449e+01  6.000000e+00  1.790259e+01
     vertex  2.515421e+01  6.000000e+00  1.775529e+01
     vertex  2.545975e+01  6.000000e+00  1.779747e+01
   endloop
 endfacet
 facet normal  0.000000e+00 -1.000000e+00  0.000000e+00
   outer loop
     vertex  2.592830e+01  6.000000e+00  1.795042e+01
     vertex  2.581449e+01  6.000000e+00  1.790259e+01
     vertex  2.587172e+01  6.000000e+00  1.792573e+01
   endloop
 endfacet
 facet normal  0.000000e+00 -1.000000e+00  0.000000e+00
   outer loop
     vertex  2.296996e+01  6.000000e+00  2.097027e+01
     vertex  2.291980e+01  6.000000e+00  2.085747e+01
     vertex  2.289706e+01  6.000000e+00  2.080008e+01
   endloop
 endfacet
 facet normal  0.000000e+00 -1.000000e+00  0.000000e+00
   outer loop
     vertex  2.296996e+01  6.000000e+00  2.097027e+01
     vertex  2.294410e+01  6.000000e+00  2.091422e+01
     vertex  2.291980e+01  6.000000e+00  2.085747e+01
   endloop
 endfacet
 facet normal  0.000000e+00 -1.000000e+00  0.000000e+00
   outer loop
     vertex  2.299734e+01  6.000000e+00  2.102560e+01
     vertex  2.296996e+01  6.000000e+00  2.097027e+01
     vertex  2.289706e+01  6.000000e+00  2.080008e+01
   endloop
 endfacet
 facet normal  0.000000e+00 -1.000000e+00  0.000000e+00
   outer loop
     vertex  2.603931e+01  6.000000e+00  1.800442e+01
     vertex  2.503087e+01  6.000000e+00  1.775021e+01
     vertex  2.515421e+01  6.000000e+00  1.775529e+01
   endloop
 endfacet
 facet normal  0.000000e+00 -1.000000e+00  0.000000e+00
   outer loop
     vertex  2.603931e+01  6.000000e+00  1.800442e+01
     vertex  2.581449e+01  6.000000e+00  1.790259e+01
     vertex  2.592830e+01  6.000000e+00  1.795042e+01
   endloop
 endfacet
 facet normal  0.000000e+00 -1.000000e+00  0.000000e+00
   outer loop
     vertex  2.603931e+01  6.000000e+00  1.800442e+01
     vertex  2.515421e+01  6.000000e+00  1.775529e+01
     vertex  2.581449e+01  6.000000e+00  1.790259e+01
   endloop
 endfacet
 facet normal  0.000000e+00 -1.000000e+00  0.000000e+00
   outer loop
     vertex  2.603931e+01  6.000000e+00  1.800442e+01
     vertex  2.592830e+01  6.000000e+00  1.795042e+01
     vertex  2.598418e+01  6.000000e+00  1.797666e+01
   endloop
 endfacet
 facet normal  0.000000e+00 -1.000000e+00  0.000000e+00
   outer loop
     vertex  2.302623e+01  6.000000e+00  2.108016e+01
     vertex  2.299734e+01  6.000000e+00  2.102560e+01
     vertex  2.289706e+01  6.000000e+00  2.080008e+01
   endloop
 endfacet
 facet normal  0.000000e+00 -1.000000e+00  0.000000e+00
   outer loop
     vertex  2.614720e+01  6.000000e+00  1.806443e+01
     vertex  2.603931e+01  6.000000e+00  1.800442e+01
     vertex  2.609367e+01  6.000000e+00  1.803369e+01
   endloop
 endfacet
 facet normal  0.000000e+00 -1.000000e+00  0.000000e+00
   outer loop
     vertex  2.308845e+01  6.000000e+00  2.118679e+01
     vertex  2.305661e+01  6.000000e+00  2.113390e+01
     vertex  2.302623e+01  6.000000e+00  2.108016e+01
   endloop
 endfacet
 facet normal  0.000000e+00 -1.000000e+00  0.000000e+00
   outer loop
     vertex  2.619987e+01  6.000000e+00  1.809663e+01
     vertex  2.603931e+01  6.000000e+00  1.800442e+01
     vertex  2.614720e+01  6.000000e+00  1.806443e+01
   endloop
 endfacet
 facet normal  0.000000e+00 -1.000000e+00  0.000000e+00
   outer loop
     vertex  2.312172e+01  6.000000e+00  2.123878e+01
     vertex  2.302623e+01  6.000000e+00  2.108016e+01
     vertex  2.289706e+01  6.000000e+00  2.080008e+01
   endloop
 endfacet
 facet normal  0.000000e+00 -1.000000e+00  0.000000e+00
   outer loop
     vertex  2.312172e+01  6.000000e+00  2.123878e+01
     vertex  2.308845e+01  6.000000e+00  2.118679e+01
     vertex  2.302623e+01  6.000000e+00  2.108016e+01
   endloop
 endfacet
 facet normal  0.000000e+00 -1.000000e+00  0.000000e+00
   outer loop
     vertex  2.315642e+01  6.000000e+00  2.128984e+01
     vertex  2.312172e+01  6.000000e+00  2.123878e+01
     vertex  2.289706e+01  6.000000e+00  2.080008e+01
   endloop
 endfacet
 facet normal  0.000000e+00 -1.000000e+00  0.000000e+00
   outer loop
     vertex  2.635230e+01  6.000000e+00  1.820173e+01
     vertex  2.625164e+01  6.000000e+00  1.813027e+01
     vertex  2.630246e+01  6.000000e+00  1.816531e+01
   endloop
 endfacet
 facet normal  0.000000e+00 -1.000000e+00  0.000000e+00
   outer loop
     vertex  2.635230e+01  6.000000e+00  1.820173e+01
     vertex  2.619987e+01  6.000000e+00  1.809663e+01
     vertex  2.625164e+01  6.000000e+00  1.813027e+01
   endloop
 endfacet
 facet normal  0.000000e+00 -1.000000e+00  0.000000e+00
   outer loop
     vertex  2.322994e+01  6.000000e+00  2.138902e+01
     vertex  2.319250e+01  6.000000e+00  2.133994e+01
     vertex  2.315642e+01  6.000000e+00  2.128984e+01
   endloop
 endfacet
 facet normal  0.000000e+00 -1.000000e+00  0.000000e+00
   outer loop
     vertex  2.640113e+01  6.000000e+00  1.823951e+01
     vertex  2.619987e+01  6.000000e+00  1.809663e+01
     vertex  2.635230e+01  6.000000e+00  1.820173e+01
   endloop
 endfacet
 facet normal  0.000000e+00 -1.000000e+00  0.000000e+00
   outer loop
     vertex  2.330878e+01  6.000000e+00  2.148401e+01
     vertex  2.315642e+01  6.000000e+00  2.128984e+01
     vertex  2.289706e+01  6.000000e+00  2.080008e+01
   endloop
 endfacet
 facet normal  0.000000e+00 -1.000000e+00  0.000000e+00
   outer loop
     vertex  2.330878e+01  6.000000e+00  2.148401e+01
     vertex  2.322994e+01  6.000000e+00  2.138902e+01
     vertex  2.315642e+01  6.000000e+00  2.128984e+01
   endloop
 endfacet
 facet normal  0.000000e+00 -1.000000e+00  0.000000e+00
   outer loop
     vertex  2.330878e+01  6.000000e+00  2.148401e+01
     vertex  2.281453e+01  6.000000e+00  1.946500e+01
     vertex  2.295684e+01  6.000000e+00  1.905767e+01
   endloop
 endfacet
 facet normal  0.000000e+00 -1.000000e+00  0.000000e+00
   outer loop
     vertex  2.330878e+01  6.000000e+00  2.148401e+01
     vertex  2.275640e+01  6.000000e+00  1.983039e+01
     vertex  2.281453e+01  6.000000e+00  1.946500e+01
   endloop
 endfacet
 facet normal  0.000000e+00 -1.000000e+00 -0.000000e+00
   outer loop
     vertex  2.330878e+01  6.000000e+00  2.148401e+01
     vertex  2.328859e+01  6.000000e+00  1.853933e+01
     vertex  2.332930e+01  6.000000e+00  1.849293e+01
   endloop
 endfacet
 facet normal  0.000000e+00 -1.000000e+00  0.000000e+00
   outer loop
     vertex  2.330878e+01  6.000000e+00  2.148401e+01
     vertex  2.324916e+01  6.000000e+00  1.858683e+01
     vertex  2.328859e+01  6.000000e+00  1.853933e+01
   endloop
 endfacet
 facet normal  0.000000e+00 -1.000000e+00  0.000000e+00
   outer loop
     vertex  2.330878e+01  6.000000e+00  2.148401e+01
     vertex  2.321105e+01  6.000000e+00  1.863539e+01
     vertex  2.324916e+01  6.000000e+00  1.858683e+01
   endloop
 endfacet
 facet normal  0.000000e+00 -1.000000e+00  0.000000e+00
   outer loop
     vertex  2.330878e+01  6.000000e+00  2.148401e+01
     vertex  2.307235e+01  6.000000e+00  1.883955e+01
     vertex  2.321105e+01  6.000000e+00  1.863539e+01
   endloop
 endfacet
 facet normal  0.000000e+00 -1.000000e+00  0.000000e+00
   outer loop
     vertex  2.330878e+01  6.000000e+00  2.148401e+01
     vertex  2.295684e+01  6.000000e+00  1.905767e+01
     vertex  2.307235e+01  6.000000e+00  1.883955e+01
   endloop
 endfacet
 facet normal  0.000000e+00 -1.000000e+00  0.000000e+00
   outer loop
     vertex  2.330878e+01  6.000000e+00  2.148401e+01
     vertex  2.289706e+01  6.000000e+00  2.080008e+01
     vertex  2.275640e+01  6.000000e+00  1.983039e+01
   endloop
 endfacet
 facet normal  0.000000e+00 -1.000000e+00  0.000000e+00
   outer loop
     vertex  2.330878e+01  6.000000e+00  2.148401e+01
     vertex  2.326871e+01  6.000000e+00  2.143706e+01
     vertex  2.322994e+01  6.000000e+00  2.138902e+01
   endloop
 endfacet
 facet normal  0.000000e+00 -1.000000e+00  0.000000e+00
   outer loop
     vertex  2.649558e+01  6.000000e+00  1.831900e+01
     vertex  2.640113e+01  6.000000e+00  1.823951e+01
     vertex  2.644890e+01  6.000000e+00  1.827861e+01
   endloop
 endfacet
 facet normal  0.000000e+00 -1.000000e+00  0.000000e+00
   outer loop
     vertex  2.654113e+01  6.000000e+00  1.836067e+01
     vertex  2.640113e+01  6.000000e+00  1.823951e+01
     vertex  2.649558e+01  6.000000e+00  1.831900e+01
   endloop
 endfacet
 facet normal  0.000000e+00 -1.000000e+00 -0.000000e+00
   outer loop
     vertex  2.339272e+01  6.000000e+00  2.157454e+01
     vertex  2.337128e+01  6.000000e+00  1.844766e+01
     vertex  2.341448e+01  6.000000e+00  1.840356e+01
   endloop
 endfacet
 facet normal  0.000000e+00 -1.000000e+00  0.000000e+00
   outer loop
     vertex  2.339272e+01  6.000000e+00  2.157454e+01
     vertex  2.332930e+01  6.000000e+00  1.849293e+01
     vertex  2.337128e+01  6.000000e+00  1.844766e+01
   endloop
 endfacet
 facet normal  0.000000e+00 -1.000000e+00  0.000000e+00
   outer loop
     vertex  2.339272e+01  6.000000e+00  2.157454e+01
     vertex  2.330878e+01  6.000000e+00  2.148401e+01
     vertex  2.332930e+01  6.000000e+00  1.849293e+01
   endloop
 endfacet
 facet normal  0.000000e+00 -1.000000e+00  0.000000e+00
   outer loop
     vertex  2.339272e+01  6.000000e+00  2.157454e+01
     vertex  2.335013e+01  6.000000e+00  2.152985e+01
     vertex  2.330878e+01  6.000000e+00  2.148401e+01
   endloop
 endfacet
 facet normal  0.000000e+00 -1.000000e+00  0.000000e+00
   outer loop
     vertex  2.658552e+01  6.000000e+00  1.840356e+01
     vertex  2.640113e+01  6.000000e+00  1.823951e+01
     vertex  2.654113e+01  6.000000e+00  1.836067e+01
   endloop
 endfacet
 facet normal  0.000000e+00 -1.000000e+00  0.000000e+00
   outer loop
     vertex  2.348150e+01  6.000000e+00  2.166032e+01
     vertex  2.343653e+01  6.000000e+00  2.161804e+01
     vertex  2.339272e+01  6.000000e+00  2.157454e+01
   endloop
 endfacet
 facet normal  0.000000e+00 -1.000000e+00  0.000000e+00
   outer loop
     vertex  2.667070e+01  6.000000e+00  1.849293e+01
     vertex  2.640113e+01  6.000000e+00  1.823951e+01
     vertex  2.658552e+01  6.000000e+00  1.840356e+01
   endloop
 endfacet
 facet normal  0.000000e+00 -1.000000e+00  0.000000e+00
   outer loop
     vertex  2.667070e+01  6.000000e+00  1.849293e+01
     vertex  2.658552e+01  6.000000e+00  1.840356e+01
     vertex  2.662872e+01  6.000000e+00  1.844766e+01
   endloop
 endfacet
 facet normal  0.000000e+00 -1.000000e+00  0.000000e+00
   outer loop
     vertex  2.352762e+01  6.000000e+00  2.170136e+01
     vertex  2.348150e+01  6.000000e+00  2.166032e+01
     vertex  2.339272e+01  6.000000e+00  2.157454e+01
   endloop
 endfacet
 facet normal  0.000000e+00 -1.000000e+00  0.000000e+00
   outer loop
     vertex  2.671141e+01  6.000000e+00  1.853933e+01
     vertex  2.640113e+01  6.000000e+00  1.823951e+01
     vertex  2.667070e+01  6.000000e+00  1.849293e+01
   endloop
 endfacet
 facet normal  0.000000e+00 -1.000000e+00  0.000000e+00
   outer loop
     vertex  2.671141e+01  6.000000e+00  1.853933e+01
     vertex  2.619987e+01  6.000000e+00  1.809663e+01
     vertex  2.640113e+01  6.000000e+00  1.823951e+01
   endloop
 endfacet
 facet normal  0.000000e+00 -1.000000e+00  0.000000e+00
   outer loop
     vertex  2.671141e+01  6.000000e+00  1.853933e+01
     vertex  2.603931e+01  6.000000e+00  1.800442e+01
     vertex  2.619987e+01  6.000000e+00  1.809663e+01
   endloop
 endfacet
 facet normal  0.000000e+00 -1.000000e+00  0.000000e+00
   outer loop
     vertex  2.362316e+01  6.000000e+00  2.177955e+01
     vertex  2.357485e+01  6.000000e+00  2.174111e+01
     vertex  2.352762e+01  6.000000e+00  2.170136e+01
   endloop
 endfacet
 facet normal  0.000000e+00 -1.000000e+00  0.000000e+00
   outer loop
     vertex  2.678895e+01  6.000000e+00  1.863539e+01
     vertex  2.671141e+01  6.000000e+00  1.853933e+01
     vertex  2.675084e+01  6.000000e+00  1.858683e+01
   endloop
 endfacet
 facet normal  0.000000e+00 -1.000000e+00  0.000000e+00
   outer loop
     vertex  2.367249e+01  6.000000e+00  2.181665e+01
     vertex  2.362316e+01  6.000000e+00  2.177955e+01
     vertex  2.352762e+01  6.000000e+00  2.170136e+01
   endloop
 endfacet
 facet normal  0.000000e+00 -1.000000e+00  0.000000e+00
   outer loop
     vertex  2.367249e+01  6.000000e+00  2.181665e+01
     vertex  2.352762e+01  6.000000e+00  2.170136e+01
     vertex  2.339272e+01  6.000000e+00  2.157454e+01
   endloop
 endfacet
 facet normal  0.000000e+00 -1.000000e+00  0.000000e+00
   outer loop
     vertex  2.686110e+01  6.000000e+00  1.873557e+01
     vertex  2.671141e+01  6.000000e+00  1.853933e+01
     vertex  2.678895e+01  6.000000e+00  1.863539e+01
   endloop
 endfacet
 facet normal  0.000000e+00 -1.000000e+00  0.000000e+00
   outer loop
     vertex  2.686110e+01  6.000000e+00  1.873557e+01
     vertex  2.678895e+01  6.000000e+00  1.863539e+01
     vertex  2.682572e+01  6.000000e+00  1.868499e+01
   endloop
 endfacet
 facet normal  0.000000e+00 -1.000000e+00  0.000000e+00
   outer loop
     vertex  2.382635e+01  6.000000e+00  2.191965e+01
     vertex  2.377413e+01  6.000000e+00  2.188673e+01
     vertex  2.372283e+01  6.000000e+00  2.185239e+01
   endloop
 endfacet
 facet normal  0.000000e+00 -1.000000e+00  0.000000e+00
   outer loop
     vertex  2.387946e+01  6.000000e+00  2.195112e+01
     vertex  2.372283e+01  6.000000e+00  2.185239e+01
     vertex  2.367249e+01  6.000000e+00  2.181665e+01
   endloop
 endfacet
 facet normal  0.000000e+00 -1.000000e+00  0.000000e+00
   outer loop
     vertex  2.387946e+01  6.000000e+00  2.195112e+01
     vertex  2.339272e+01  6.000000e+00  2.157454e+01
     vertex  2.341448e+01  6.000000e+00  1.840356e+01
   endloop
 endfacet
 facet normal  0.000000e+00 -1.000000e+00  0.000000e+00
   outer loop
     vertex  2.387946e+01  6.000000e+00  2.195112e+01
     vertex  2.341448e+01  6.000000e+00  1.840356e+01
     vertex  2.345887e+01  6.000000e+00  1.836067e+01
   endloop
 endfacet
 facet normal  0.000000e+00 -1.000000e+00  0.000000e+00
   outer loop
     vertex  2.387946e+01  6.000000e+00  2.195112e+01
     vertex  2.367249e+01  6.000000e+00  2.181665e+01
     vertex  2.339272e+01  6.000000e+00  2.157454e+01
   endloop
 endfacet
 facet normal  0.000000e+00 -1.000000e+00  0.000000e+00
   outer loop
     vertex  2.387946e+01  6.000000e+00  2.195112e+01
     vertex  2.382635e+01  6.000000e+00  2.191965e+01
     vertex  2.372283e+01  6.000000e+00  2.185239e+01
   endloop
 endfacet
 facet normal  0.000000e+00 -1.000000e+00  0.000000e+00
   outer loop
     vertex  2.695876e+01  6.000000e+00  1.889287e+01
     vertex  2.689509e+01  6.000000e+00  1.878710e+01
     vertex  2.692765e+01  6.000000e+00  1.883955e+01
   endloop
 endfacet
 facet normal  0.000000e+00 -1.000000e+00  0.000000e+00
   outer loop
     vertex  2.393341e+01  6.000000e+00  2.198113e+01
     vertex  2.387946e+01  6.000000e+00  2.195112e+01
     vertex  2.345887e+01  6.000000e+00  1.836067e+01
   endloop
 endfacet
 facet normal  0.000000e+00 -1.000000e+00  0.000000e+00
   outer loop
     vertex  2.698840e+01  6.000000e+00  1.894702e+01
     vertex  2.689509e+01  6.000000e+00  1.878710e+01
     vertex  2.695876e+01  6.000000e+00  1.889287e+01
   endloop
 endfacet
 facet normal  0.000000e+00 -1.000000e+00  0.000000e+00
   outer loop
     vertex  2.701654e+01  6.000000e+00  1.900197e+01
     vertex  2.689509e+01  6.000000e+00  1.878710e+01
     vertex  2.698840e+01  6.000000e+00  1.894702e+01
   endloop
 endfacet
 facet normal  0.000000e+00 -1.000000e+00  0.000000e+00
   outer loop
     vertex  2.704316e+01  6.000000e+00  1.905767e+01
     vertex  2.686110e+01  6.000000e+00  1.873557e+01
     vertex  2.689509e+01  6.000000e+00  1.878710e+01
   endloop
 endfacet
 facet normal  0.000000e+00 -1.000000e+00  0.000000e+00
   outer loop
     vertex  2.704316e+01  6.000000e+00  1.905767e+01
     vertex  2.689509e+01  6.000000e+00  1.878710e+01
     vertex  2.701654e+01  6.000000e+00  1.900197e+01
   endloop
 endfacet
 facet normal  0.000000e+00 -1.000000e+00  0.000000e+00
   outer loop
     vertex  2.409991e+01  6.000000e+00  2.206212e+01
     vertex  2.404367e+01  6.000000e+00  2.203665e+01
     vertex  2.398816e+01  6.000000e+00  2.200965e+01
   endloop
 endfacet
 facet normal  0.000000e+00 -1.000000e+00  0.000000e+00
   outer loop
     vertex  2.706824e+01  6.000000e+00  1.911407e+01
     vertex  2.686110e+01  6.000000e+00  1.873557e+01
     vertex  2.704316e+01  6.000000e+00  1.905767e+01
   endloop
 endfacet
 facet normal  0.000000e+00 -1.000000e+00  0.000000e+00
   outer loop
     vertex  2.421436e+01  6.000000e+00  2.210838e+01
     vertex  2.415682e+01  6.000000e+00  2.208604e+01
     vertex  2.409991e+01  6.000000e+00  2.206212e+01
   endloop
 endfacet
 facet normal  0.000000e+00 -1.000000e+00  0.000000e+00
   outer loop
     vertex  2.421436e+01  6.000000e+00  2.210838e+01
     vertex  2.409991e+01  6.000000e+00  2.206212e+01
     vertex  2.398816e+01  6.000000e+00  2.200965e+01
   endloop
 endfacet
 facet normal  0.000000e+00 -1.000000e+00  0.000000e+00
   outer loop
     vertex  2.427250e+01  6.000000e+00  2.212914e+01
     vertex  2.398816e+01  6.000000e+00  2.200965e+01
     vertex  2.393341e+01  6.000000e+00  2.198113e+01
   endloop
 endfacet
 facet normal  0.000000e+00 -1.000000e+00  0.000000e+00
   outer loop
     vertex  2.427250e+01  6.000000e+00  2.212914e+01
     vertex  2.421436e+01  6.000000e+00  2.210838e+01
     vertex  2.398816e+01  6.000000e+00  2.200965e+01
   endloop
 endfacet
 facet normal  0.000000e+00 -1.000000e+00  0.000000e+00
   outer loop
     vertex  2.433118e+01  6.000000e+00  2.214830e+01
     vertex  2.427250e+01  6.000000e+00  2.212914e+01
     vertex  2.393341e+01  6.000000e+00  2.198113e+01
   endloop
 endfacet
 facet normal  0.000000e+00 -1.000000e+00  0.000000e+00
   outer loop
     vertex  2.716997e+01  6.000000e+00  1.940524e+01
     vertex  2.713408e+01  6.000000e+00  1.928712e+01
     vertex  2.715284e+01  6.000000e+00  1.934594e+01
   endloop
 endfacet
 facet normal  0.000000e+00 -1.000000e+00  0.000000e+00
   outer loop
     vertex  2.716997e+01  6.000000e+00  1.940524e+01
     vertex  2.711372e+01  6.000000e+00  1.922884e+01
     vertex  2.713408e+01  6.000000e+00  1.928712e+01
   endloop
 endfacet
 facet normal  0.000000e+00 -1.000000e+00  0.000000e+00
   outer loop
     vertex  2.716997e+01  6.000000e+00  1.940524e+01
     vertex  2.709177e+01  6.000000e+00  1.917115e+01
     vertex  2.711372e+01  6.000000e+00  1.922884e+01
   endloop
 endfacet
 facet normal  0.000000e+00 -1.000000e+00  0.000000e+00
   outer loop
     vertex  2.445002e+01  6.000000e+00  2.218175e+01
     vertex  2.439037e+01  6.000000e+00  2.216584e+01
     vertex  2.433118e+01  6.000000e+00  2.214830e+01
   endloop
 endfacet
 facet normal  0.000000e+00 -1.000000e+00  0.000000e+00
   outer loop
     vertex  2.718547e+01  6.000000e+00  1.946500e+01
     vertex  2.706824e+01  6.000000e+00  1.911407e+01
     vertex  2.709177e+01  6.000000e+00  1.917115e+01
   endloop
 endfacet
 facet normal  0.000000e+00 -1.000000e+00  0.000000e+00
   outer loop
     vertex  2.718547e+01  6.000000e+00  1.946500e+01
     vertex  2.709177e+01  6.000000e+00  1.917115e+01
     vertex  2.716997e+01  6.000000e+00  1.940524e+01
   endloop
 endfacet
 facet normal  0.000000e+00 -1.000000e+00  0.000000e+00
   outer loop
     vertex  2.451008e+01  6.000000e+00  2.219601e+01
     vertex  2.445002e+01  6.000000e+00  2.218175e+01
     vertex  2.433118e+01  6.000000e+00  2.214830e+01
   endloop
 endfacet
 facet normal  0.000000e+00 -1.000000e+00  0.000000e+00
   outer loop
     vertex  2.719932e+01  6.000000e+00  1.952516e+01
     vertex  2.686110e+01  6.000000e+00  1.873557e+01
     vertex  2.706824e+01  6.000000e+00  1.911407e+01
   endloop
 endfacet
 facet normal  0.000000e+00 -1.000000e+00  0.000000e+00
   outer loop
     vertex  2.719932e+01  6.000000e+00  1.952516e+01
     vertex  2.706824e+01  6.000000e+00  1.911407e+01
     vertex  2.718547e+01  6.000000e+00  1.946500e+01
   endloop
 endfacet
 facet normal  0.000000e+00 -1.000000e+00  0.000000e+00
   outer loop
     vertex  2.719932e+01  6.000000e+00  1.952516e+01
     vertex  2.671141e+01  6.000000e+00  1.853933e+01
     vertex  2.686110e+01  6.000000e+00  1.873557e+01
   endloop
 endfacet
 facet normal  0.000000e+00 -1.000000e+00  0.000000e+00
   outer loop
     vertex  2.457051e+01  6.000000e+00  2.220863e+01
     vertex  2.433118e+01  6.000000e+00  2.214830e+01
     vertex  2.393341e+01  6.000000e+00  2.198113e+01
   endloop
 endfacet
 facet normal  0.000000e+00 -1.000000e+00  0.000000e+00
   outer loop
     vertex  2.457051e+01  6.000000e+00  2.220863e+01
     vertex  2.451008e+01  6.000000e+00  2.219601e+01
     vertex  2.433118e+01  6.000000e+00  2.214830e+01
   endloop
 endfacet
 facet normal  0.000000e+00 -1.000000e+00  0.000000e+00
   outer loop
     vertex  2.469230e+01  6.000000e+00  2.222886e+01
     vertex  2.463126e+01  6.000000e+00  2.221958e+01
     vertex  2.457051e+01  6.000000e+00  2.220863e+01
   endloop
 endfacet
 facet normal  0.000000e+00 -1.000000e+00  0.000000e+00
   outer loop
     vertex  2.723810e+01  6.000000e+00  1.976890e+01
     vertex  2.722206e+01  6.000000e+00  1.964650e+01
     vertex  2.723092e+01  6.000000e+00  1.970759e+01
   endloop
 endfacet
 facet normal  0.000000e+00 -1.000000e+00  0.000000e+00
   outer loop
     vertex  2.723810e+01  6.000000e+00  1.976890e+01
     vertex  2.721152e+01  6.000000e+00  1.958567e+01
     vertex  2.722206e+01  6.000000e+00  1.964650e+01
   endloop
 endfacet
 facet normal  0.000000e+00 -1.000000e+00  0.000000e+00
   outer loop
     vertex  2.723810e+01  6.000000e+00  1.976890e+01
     vertex  2.719932e+01  6.000000e+00  1.952516e+01
     vertex  2.721152e+01  6.000000e+00  1.958567e+01
   endloop
 endfacet
 facet normal  0.000000e+00 -1.000000e+00  0.000000e+00
   outer loop
     vertex  2.481501e+01  6.000000e+00  2.224238e+01
     vertex  2.475356e+01  6.000000e+00  2.223646e+01
     vertex  2.469230e+01  6.000000e+00  2.222886e+01
   endloop
 endfacet
 facet normal  0.000000e+00 -1.000000e+00  0.000000e+00
   outer loop
     vertex  2.481501e+01  6.000000e+00  2.224238e+01
     vertex  2.469230e+01  6.000000e+00  2.222886e+01
     vertex  2.457051e+01  6.000000e+00  2.220863e+01
   endloop
 endfacet
 facet normal  0.000000e+00 -1.000000e+00  0.000000e+00
   outer loop
     vertex  2.487659e+01  6.000000e+00  2.224661e+01
     vertex  2.481501e+01  6.000000e+00  2.224238e+01
     vertex  2.457051e+01  6.000000e+00  2.220863e+01
   endloop
 endfacet
 facet normal  0.000000e+00 -1.000000e+00  0.000000e+00
   outer loop
     vertex  2.724952e+01  6.000000e+00  1.995370e+01
     vertex  2.724360e+01  6.000000e+00  1.983039e+01
     vertex  2.724741e+01  6.000000e+00  1.989201e+01
   endloop
 endfacet
 facet normal  0.000000e+00 -1.000000e+00  0.000000e+00
   outer loop
     vertex  2.724952e+01  6.000000e+00  1.995370e+01
     vertex  2.723810e+01  6.000000e+00  1.976890e+01
     vertex  2.724360e+01  6.000000e+00  1.983039e+01
   endloop
 endfacet
 facet normal  0.000000e+00 -1.000000e+00  0.000000e+00
   outer loop
     vertex  2.500000e+01  6.000000e+00  2.225000e+01
     vertex  2.493827e+01  6.000000e+00  2.224915e+01
     vertex  2.487659e+01  6.000000e+00  2.224661e+01
   endloop
 endfacet
 facet normal  0.000000e+00 -1.000000e+00  0.000000e+00
   outer loop
     vertex  2.724868e+01  6.000000e+00  2.007715e+01
     vertex  2.719932e+01  6.000000e+00  1.952516e+01
     vertex  2.723810e+01  6.000000e+00  1.976890e+01
   endloop
 endfacet
 facet normal  0.000000e+00 -1.000000e+00  0.000000e+00
   outer loop
     vertex  2.724868e+01  6.000000e+00  2.007715e+01
     vertex  2.724952e+01  6.000000e+00  1.995370e+01
     vertex  2.724995e+01  6.000000e+00  2.001543e+01
   endloop
 endfacet
 facet normal  0.000000e+00 -1.000000e+00 -0.000000e+00
   outer loop
     vertex  2.724868e+01  6.000000e+00  2.007715e+01
     vertex  2.723810e+01  6.000000e+00  1.976890e+01
     vertex  2.724952e+01  6.000000e+00  1.995370e+01
   endloop
 endfacet
 facet normal  0.000000e+00 -1.000000e+00  0.000000e+00
   outer loop
     vertex  2.512341e+01  6.000000e+00  2.224661e+01
     vertex  2.506173e+01  6.000000e+00  2.224915e+01
     vertex  2.500000e+01  6.000000e+00  2.225000e+01
   endloop
 endfacet
 facet normal  0.000000e+00 -1.000000e+00  0.000000e+00
   outer loop
     vertex  2.518499e+01  6.000000e+00  2.224238e+01
     vertex  2.512341e+01  6.000000e+00  2.224661e+01
     vertex  2.500000e+01  6.000000e+00  2.225000e+01
   endloop
 endfacet
 facet normal  0.000000e+00 -1.000000e+00  0.000000e+00
   outer loop
     vertex  2.723472e+01  6.000000e+00  2.026178e+01
     vertex  2.724571e+01  6.000000e+00  2.013881e+01
     vertex  2.724106e+01  6.000000e+00  2.020037e+01
   endloop
 endfacet
 facet normal  0.000000e+00 -1.000000e+00  0.000000e+00
   outer loop
     vertex  2.723472e+01  6.000000e+00  2.026178e+01
     vertex  2.724868e+01  6.000000e+00  2.007715e+01
     vertex  2.724571e+01  6.000000e+00  2.013881e+01
   endloop
 endfacet
 facet normal  0.000000e+00 -1.000000e+00  0.000000e+00
   outer loop
     vertex  2.536874e+01  6.000000e+00  2.221958e+01
     vertex  2.524644e+01  6.000000e+00  2.223646e+01
     vertex  2.518499e+01  6.000000e+00  2.224238e+01
   endloop
 endfacet
 facet normal  0.000000e+00 -1.000000e+00  0.000000e+00
   outer loop
     vertex  2.536874e+01  6.000000e+00  2.221958e+01
     vertex  2.530770e+01  6.000000e+00  2.222886e+01
     vertex  2.524644e+01  6.000000e+00  2.223646e+01
   endloop
 endfacet
 facet normal  0.000000e+00 -1.000000e+00  0.000000e+00
   outer loop
     vertex  2.536874e+01  6.000000e+00  2.221958e+01
     vertex  2.518499e+01  6.000000e+00  2.224238e+01
     vertex  2.500000e+01  6.000000e+00  2.225000e+01
   endloop
 endfacet
 facet normal  0.000000e+00 -1.000000e+00  0.000000e+00
   outer loop
     vertex  2.536874e+01  6.000000e+00  2.221958e+01
     vertex  2.500000e+01  6.000000e+00  2.225000e+01
     vertex  2.487659e+01  6.000000e+00  2.224661e+01
   endloop
 endfacet
 facet normal  0.000000e+00 -1.000000e+00  0.000000e+00
   outer loop
     vertex  2.721700e+01  6.000000e+00  2.038395e+01
     vertex  2.723472e+01  6.000000e+00  2.026178e+01
     vertex  2.722670e+01  6.000000e+00  2.032299e+01
   endloop
 endfacet
 facet normal  0.000000e+00 -1.000000e+00  0.000000e+00
   outer loop
     vertex  2.548992e+01  6.000000e+00  2.219601e+01
     vertex  2.542949e+01  6.000000e+00  2.220863e+01
     vertex  2.536874e+01  6.000000e+00  2.221958e+01
   endloop
 endfacet
 facet normal  0.000000e+00 -1.000000e+00  0.000000e+00
   outer loop
     vertex  2.548992e+01  6.000000e+00  2.219601e+01
     vertex  2.487659e+01  6.000000e+00  2.224661e+01
     vertex  2.457051e+01  6.000000e+00  2.220863e+01
   endloop
 endfacet
 facet normal  0.000000e+00 -1.000000e+00  0.000000e+00
   outer loop
     vertex  2.548992e+01  6.000000e+00  2.219601e+01
     vertex  2.536874e+01  6.000000e+00  2.221958e+01
     vertex  2.487659e+01  6.000000e+00  2.224661e+01
   endloop
 endfacet
 facet normal  0.000000e+00 -1.000000e+00  0.000000e+00
   outer loop
     vertex  2.719260e+01  6.000000e+00  2.050497e+01
     vertex  2.721700e+01  6.000000e+00  2.038395e+01
     vertex  2.720563e+01  6.000000e+00  2.044463e+01
   endloop
 endfacet
 facet normal  0.000000e+00 -1.000000e+00  0.000000e+00
   outer loop
     vertex  2.719260e+01  6.000000e+00  2.050497e+01
     vertex  2.724868e+01  6.000000e+00  2.007715e+01
     vertex  2.723472e+01  6.000000e+00  2.026178e+01
   endloop
 endfacet
 facet normal  0.000000e+00 -1.000000e+00  0.000000e+00
   outer loop
     vertex  2.719260e+01  6.000000e+00  2.050497e+01
     vertex  2.723472e+01  6.000000e+00  2.026178e+01
     vertex  2.721700e+01  6.000000e+00  2.038395e+01
   endloop
 endfacet
 facet normal  0.000000e+00 -1.000000e+00  0.000000e+00
   outer loop
     vertex  2.717792e+01  6.000000e+00  2.056493e+01
     vertex  2.724868e+01  6.000000e+00  2.007715e+01
     vertex  2.719260e+01  6.000000e+00  2.050497e+01
   endloop
 endfacet
 facet normal  0.000000e+00 -1.000000e+00  0.000000e+00
   outer loop
     vertex  2.560963e+01  6.000000e+00  2.216584e+01
     vertex  2.554998e+01  6.000000e+00  2.218175e+01
     vertex  2.548992e+01  6.000000e+00  2.219601e+01
   endloop
 endfacet
 facet normal  0.000000e+00 -1.000000e+00  0.000000e+00
   outer loop
     vertex  2.560963e+01  6.000000e+00  2.216584e+01
     vertex  2.548992e+01  6.000000e+00  2.219601e+01
     vertex  2.457051e+01  6.000000e+00  2.220863e+01
   endloop
 endfacet
 facet normal  0.000000e+00 -1.000000e+00  0.000000e+00
   outer loop
     vertex  2.714366e+01  6.000000e+00  2.068354e+01
     vertex  2.717792e+01  6.000000e+00  2.056493e+01
     vertex  2.716161e+01  6.000000e+00  2.062447e+01
   endloop
 endfacet
 facet normal  0.000000e+00 -1.000000e+00  0.000000e+00
   outer loop
     vertex  2.710294e+01  6.000000e+00  2.080008e+01
     vertex  2.717792e+01  6.000000e+00  2.056493e+01
     vertex  2.714366e+01  6.000000e+00  2.068354e+01
   endloop
 endfacet
 facet normal  0.000000e+00 -1.000000e+00  0.000000e+00
   outer loop
     vertex  2.710294e+01  6.000000e+00  2.080008e+01
     vertex  2.714366e+01  6.000000e+00  2.068354e+01
     vertex  2.712410e+01  6.000000e+00  2.074209e+01
   endloop
 endfacet
 facet normal  0.000000e+00 -1.000000e+00  0.000000e+00
   outer loop
     vertex  2.584318e+01  6.000000e+00  2.208604e+01
     vertex  2.566882e+01  6.000000e+00  2.214830e+01
     vertex  2.560963e+01  6.000000e+00  2.216584e+01
   endloop
 endfacet
 facet normal  0.000000e+00 -1.000000e+00  0.000000e+00
   outer loop
     vertex  2.584318e+01  6.000000e+00  2.208604e+01
     vertex  2.572750e+01  6.000000e+00  2.212914e+01
     vertex  2.566882e+01  6.000000e+00  2.214830e+01
   endloop
 endfacet
 facet normal  0.000000e+00 -1.000000e+00  0.000000e+00
   outer loop
     vertex  2.584318e+01  6.000000e+00  2.208604e+01
     vertex  2.578564e+01  6.000000e+00  2.210838e+01
     vertex  2.572750e+01  6.000000e+00  2.212914e+01
   endloop
 endfacet
 facet normal  0.000000e+00 -1.000000e+00  0.000000e+00
   outer loop
     vertex  2.584318e+01  6.000000e+00  2.208604e+01
     vertex  2.560963e+01  6.000000e+00  2.216584e+01
     vertex  2.457051e+01  6.000000e+00  2.220863e+01
   endloop
 endfacet
 facet normal  0.000000e+00 -1.000000e+00  0.000000e+00
   outer loop
     vertex  2.590009e+01  6.000000e+00  2.206212e+01
     vertex  2.584318e+01  6.000000e+00  2.208604e+01
     vertex  2.457051e+01  6.000000e+00  2.220863e+01
   endloop
 endfacet
 facet normal  0.000000e+00 -1.000000e+00  0.000000e+00
   outer loop
     vertex  2.705590e+01  6.000000e+00  2.091422e+01
     vertex  2.717792e+01  6.000000e+00  2.056493e+01
     vertex  2.710294e+01  6.000000e+00  2.080008e+01
   endloop
 endfacet
 facet normal  0.000000e+00 -1.000000e+00  0.000000e+00
   outer loop
     vertex  2.705590e+01  6.000000e+00  2.091422e+01
     vertex  2.710294e+01  6.000000e+00  2.080008e+01
     vertex  2.708020e+01  6.000000e+00  2.085747e+01
   endloop
 endfacet
 facet normal  0.000000e+00 -1.000000e+00  0.000000e+00
   outer loop
     vertex  2.595633e+01  6.000000e+00  2.203665e+01
     vertex  2.590009e+01  6.000000e+00  2.206212e+01
     vertex  2.457051e+01  6.000000e+00  2.220863e+01
   endloop
 endfacet
 facet normal  0.000000e+00 -1.000000e+00  0.000000e+00
   outer loop
     vertex  2.703004e+01  6.000000e+00  2.097027e+01
     vertex  2.724868e+01  6.000000e+00  2.007715e+01
     vertex  2.717792e+01  6.000000e+00  2.056493e+01
   endloop
 endfacet
 facet normal  0.000000e+00 -1.000000e+00  0.000000e+00
   outer loop
     vertex  2.703004e+01  6.000000e+00  2.097027e+01
     vertex  2.717792e+01  6.000000e+00  2.056493e+01
     vertex  2.705590e+01  6.000000e+00  2.091422e+01
   endloop
 endfacet
 facet normal  0.000000e+00 -1.000000e+00  0.000000e+00
   outer loop
     vertex  2.697377e+01  6.000000e+00  2.108016e+01
     vertex  2.703004e+01  6.000000e+00  2.097027e+01
     vertex  2.700266e+01  6.000000e+00  2.102560e+01
   endloop
 endfacet
 facet normal  0.000000e+00 -1.000000e+00  0.000000e+00
   outer loop
     vertex  2.612054e+01  6.000000e+00  2.195112e+01
     vertex  2.601184e+01  6.000000e+00  2.200965e+01
     vertex  2.595633e+01  6.000000e+00  2.203665e+01
   endloop
 endfacet
 facet normal  0.000000e+00 -1.000000e+00  0.000000e+00
   outer loop
     vertex  2.612054e+01  6.000000e+00  2.195112e+01
     vertex  2.606659e+01  6.000000e+00  2.198113e+01
     vertex  2.601184e+01  6.000000e+00  2.200965e+01
   endloop
 endfacet
 facet normal  0.000000e+00 -1.000000e+00  0.000000e+00
   outer loop
     vertex  2.612054e+01  6.000000e+00  2.195112e+01
     vertex  2.457051e+01  6.000000e+00  2.220863e+01
     vertex  2.393341e+01  6.000000e+00  2.198113e+01
   endloop
 endfacet
 facet normal  0.000000e+00 -1.000000e+00  0.000000e+00
   outer loop
     vertex  2.612054e+01  6.000000e+00  2.195112e+01
     vertex  2.595633e+01  6.000000e+00  2.203665e+01
     vertex  2.457051e+01  6.000000e+00  2.220863e+01
   endloop
 endfacet
 facet normal  0.000000e+00 -1.000000e+00  0.000000e+00
   outer loop
     vertex  2.694339e+01  6.000000e+00  2.113390e+01
     vertex  2.703004e+01  6.000000e+00  2.097027e+01
     vertex  2.697377e+01  6.000000e+00  2.108016e+01
   endloop
 endfacet
 facet normal  0.000000e+00 -1.000000e+00  0.000000e+00
   outer loop
     vertex  2.694339e+01  6.000000e+00  2.113390e+01
     vertex  2.724868e+01  6.000000e+00  2.007715e+01
     vertex  2.703004e+01  6.000000e+00  2.097027e+01
   endloop
 endfacet
 facet normal  0.000000e+00 -1.000000e+00  0.000000e+00
   outer loop
     vertex  2.622587e+01  6.000000e+00  2.188673e+01
     vertex  2.617365e+01  6.000000e+00  2.191965e+01
     vertex  2.612054e+01  6.000000e+00  2.195112e+01
   endloop
 endfacet
 facet normal  0.000000e+00 -1.000000e+00  0.000000e+00
   outer loop
     vertex  2.627717e+01  6.000000e+00  2.185239e+01
     vertex  2.622587e+01  6.000000e+00  2.188673e+01
     vertex  2.612054e+01  6.000000e+00  2.195112e+01
   endloop
 endfacet
 facet normal  0.000000e+00 -1.000000e+00  0.000000e+00
   outer loop
     vertex  2.684358e+01  6.000000e+00  2.128984e+01
     vertex  2.691155e+01  6.000000e+00  2.118679e+01
     vertex  2.687828e+01  6.000000e+00  2.123878e+01
   endloop
 endfacet
 facet normal  0.000000e+00 -1.000000e+00  0.000000e+00
   outer loop
     vertex  2.684358e+01  6.000000e+00  2.128984e+01
     vertex  2.694339e+01  6.000000e+00  2.113390e+01
     vertex  2.691155e+01  6.000000e+00  2.118679e+01
   endloop
 endfacet
 facet normal  0.000000e+00 -1.000000e+00  0.000000e+00
   outer loop
     vertex  2.684358e+01  6.000000e+00  2.128984e+01
     vertex  2.724868e+01  6.000000e+00  2.007715e+01
     vertex  2.694339e+01  6.000000e+00  2.113390e+01
   endloop
 endfacet
 facet normal  0.000000e+00 -1.000000e+00  0.000000e+00
   outer loop
     vertex  2.632751e+01  6.000000e+00  2.181665e+01
     vertex  2.627717e+01  6.000000e+00  2.185239e+01
     vertex  2.612054e+01  6.000000e+00  2.195112e+01
   endloop
 endfacet
 facet normal  0.000000e+00 -1.000000e+00  0.000000e+00
   outer loop
     vertex  2.637684e+01  6.000000e+00  2.177955e+01
     vertex  2.612054e+01  6.000000e+00  2.195112e+01
     vertex  2.393341e+01  6.000000e+00  2.198113e+01
   endloop
 endfacet
 facet normal  0.000000e+00 -1.000000e+00  0.000000e+00
   outer loop
     vertex  2.637684e+01  6.000000e+00  2.177955e+01
     vertex  2.401582e+01  6.000000e+00  1.797666e+01
     vertex  2.407170e+01  6.000000e+00  1.795042e+01
   endloop
 endfacet
 facet normal  0.000000e+00 -1.000000e+00  0.000000e+00
   outer loop
     vertex  2.637684e+01  6.000000e+00  2.177955e+01
     vertex  2.345887e+01  6.000000e+00  1.836067e+01
     vertex  2.350442e+01  6.000000e+00  1.831900e+01
   endloop
 endfacet
 facet normal  0.000000e+00 -1.000000e+00  0.000000e+00
   outer loop
     vertex  2.637684e+01  6.000000e+00  2.177955e+01
     vertex  2.632751e+01  6.000000e+00  2.181665e+01
     vertex  2.612054e+01  6.000000e+00  2.195112e+01
   endloop
 endfacet
 facet normal  0.000000e+00 -1.000000e+00  0.000000e+00
   outer loop
     vertex  2.637684e+01  6.000000e+00  2.177955e+01
     vertex  2.390633e+01  6.000000e+00  1.803369e+01
     vertex  2.401582e+01  6.000000e+00  1.797666e+01
   endloop
 endfacet
 facet normal -0.000000e+00 -1.000000e+00  0.000000e+00
   outer loop
     vertex  2.637684e+01  6.000000e+00  2.177955e+01
     vertex  2.393341e+01  6.000000e+00  2.198113e+01
     vertex  2.345887e+01  6.000000e+00  1.836067e+01
   endloop
 endfacet
 facet normal  0.000000e+00 -1.000000e+00  0.000000e+00
   outer loop
     vertex  2.637684e+01  6.000000e+00  2.177955e+01
     vertex  2.350442e+01  6.000000e+00  1.831900e+01
     vertex  2.390633e+01  6.000000e+00  1.803369e+01
   endloop
 endfacet
 facet normal  0.000000e+00 -1.000000e+00  0.000000e+00
   outer loop
     vertex  2.637684e+01  6.000000e+00  2.177955e+01
     vertex  2.407170e+01  6.000000e+00  1.795042e+01
     vertex  2.418551e+01  6.000000e+00  1.790259e+01
   endloop
 endfacet
 facet normal  0.000000e+00 -1.000000e+00  0.000000e+00
   outer loop
     vertex  2.677006e+01  6.000000e+00  2.138902e+01
     vertex  2.684358e+01  6.000000e+00  2.128984e+01
     vertex  2.680750e+01  6.000000e+00  2.133994e+01
   endloop
 endfacet
 facet normal -0.000000e+00 -1.000000e+00  0.000000e+00
   outer loop
     vertex  2.642515e+01  6.000000e+00  2.174111e+01
     vertex  2.637684e+01  6.000000e+00  2.177955e+01
     vertex  2.418551e+01  6.000000e+00  1.790259e+01
   endloop
 endfacet
 facet normal  0.000000e+00 -1.000000e+00  0.000000e+00
   outer loop
     vertex  2.673129e+01  6.000000e+00  2.143706e+01
     vertex  2.684358e+01  6.000000e+00  2.128984e+01
     vertex  2.677006e+01  6.000000e+00  2.138902e+01
   endloop
 endfacet
 facet normal  0.000000e+00 -1.000000e+00  0.000000e+00
   outer loop
     vertex  2.660728e+01  6.000000e+00  2.157454e+01
     vertex  2.448000e+01  6.000000e+00  1.781091e+01
     vertex  2.466175e+01  6.000000e+00  1.777557e+01
   endloop
 endfacet
 facet normal  0.000000e+00 -1.000000e+00  0.000000e+00
   outer loop
     vertex  2.660728e+01  6.000000e+00  2.157454e+01
     vertex  2.418551e+01  6.000000e+00  1.790259e+01
     vertex  2.448000e+01  6.000000e+00  1.781091e+01
   endloop
 endfacet
 facet normal  0.000000e+00 -1.000000e+00  0.000000e+00
   outer loop
     vertex  2.660728e+01  6.000000e+00  2.157454e+01
     vertex  2.466175e+01  6.000000e+00  1.777557e+01
     vertex  2.490742e+01  6.000000e+00  1.775191e+01
   endloop
 endfacet
 facet normal  0.000000e+00 -1.000000e+00  0.000000e+00
   outer loop
     vertex  2.660728e+01  6.000000e+00  2.157454e+01
     vertex  2.684358e+01  6.000000e+00  2.128984e+01
     vertex  2.673129e+01  6.000000e+00  2.143706e+01
   endloop
 endfacet
 facet normal  0.000000e+00 -1.000000e+00  0.000000e+00
   outer loop
     vertex  2.660728e+01  6.000000e+00  2.157454e+01
     vertex  2.647238e+01  6.000000e+00  2.170136e+01
     vertex  2.642515e+01  6.000000e+00  2.174111e+01
   endloop
 endfacet
 facet normal  0.000000e+00 -1.000000e+00  0.000000e+00
   outer loop
     vertex  2.660728e+01  6.000000e+00  2.157454e+01
     vertex  2.651850e+01  6.000000e+00  2.166032e+01
     vertex  2.647238e+01  6.000000e+00  2.170136e+01
   endloop
 endfacet
 facet normal  0.000000e+00 -1.000000e+00  0.000000e+00
   outer loop
     vertex  2.660728e+01  6.000000e+00  2.157454e+01
     vertex  2.656347e+01  6.000000e+00  2.161804e+01
     vertex  2.651850e+01  6.000000e+00  2.166032e+01
   endloop
 endfacet
 facet normal  0.000000e+00 -1.000000e+00  0.000000e+00
   outer loop
     vertex  2.660728e+01  6.000000e+00  2.157454e+01
     vertex  2.669122e+01  6.000000e+00  2.148401e+01
     vertex  2.664987e+01  6.000000e+00  2.152985e+01
   endloop
 endfacet
 facet normal  0.000000e+00 -1.000000e+00  0.000000e+00
   outer loop
     vertex  2.660728e+01  6.000000e+00  2.157454e+01
     vertex  2.673129e+01  6.000000e+00  2.143706e+01
     vertex  2.669122e+01  6.000000e+00  2.148401e+01
   endloop
 endfacet
 facet normal  0.000000e+00 -1.000000e+00  0.000000e+00
   outer loop
     vertex  2.660728e+01  6.000000e+00  2.157454e+01
     vertex  2.671141e+01  6.000000e+00  1.853933e+01
     vertex  2.719932e+01  6.000000e+00  1.952516e+01
   endloop
 endfacet
 facet normal  0.000000e+00 -1.000000e+00  0.000000e+00
   outer loop
     vertex  2.660728e+01  6.000000e+00  2.157454e+01
     vertex  2.490742e+01  6.000000e+00  1.775191e+01
     vertex  2.503087e+01  6.000000e+00  1.775021e+01
   endloop
 endfacet
 facet normal -0.000000e+00 -1.000000e+00  0.000000e+00
   outer loop
     vertex  2.660728e+01  6.000000e+00  2.157454e+01
     vertex  2.642515e+01  6.000000e+00  2.174111e+01
     vertex  2.418551e+01  6.000000e+00  1.790259e+01
   endloop
 endfacet
 facet normal  0.000000e+00 -1.000000e+00  0.000000e+00
   outer loop
     vertex  2.660728e+01  6.000000e+00  2.157454e+01
     vertex  2.724868e+01  6.000000e+00  2.007715e+01
     vertex  2.684358e+01  6.000000e+00  2.128984e+01
   endloop
 endfacet
 facet normal  0.000000e+00 -1.000000e+00  0.000000e+00
   outer loop
     vertex  2.660728e+01  6.000000e+00  2.157454e+01
     vertex  2.719932e+01  6.000000e+00  1.952516e+01
     vertex  2.724868e+01  6.000000e+00  2.007715e+01
   endloop
 endfacet
 facet normal  0.000000e+00 -1.000000e+00 -0.000000e+00
   outer loop
     vertex  2.660728e+01  6.000000e+00  2.157454e+01
     vertex  2.603931e+01  6.000000e+00  1.800442e+01
     vertex  2.671141e+01  6.000000e+00  1.853933e+01
   endloop
 endfacet
 facet normal  0.000000e+00 -1.000000e+00  0.000000e+00
   outer loop
     vertex  2.660728e+01  6.000000e+00  2.157454e+01
     vertex  2.503087e+01  6.000000e+00  1.775021e+01
     vertex  2.603931e+01  6.000000e+00  1.800442e+01
   endloop
 endfacet
 facet normal  0.000000e+00  1.000000e+00  0.000000e+00
   outer loop
     vertex  1.574836e+01  1.307000e+02  2.186973e+01
     vertex  1.564770e+01  1.307000e+02  2.179827e+01
     vertex  1.569754e+01  1.307000e+02  2.183469e+01
   endloop
 endfacet
 facet normal  0.000000e+00  1.000000e+00  0.000000e+00
   outer loop
     vertex  1.510491e+01  1.307000e+02  2.121290e+01
     vertex  1.513890e+01  1.307000e+02  2.126443e+01
     vertex  1.517428e+01  1.307000e+02  2.131501e+01
   endloop
 endfacet
 facet normal  0.000000e+00  1.000000e+00  0.000000e+00
   outer loop
     vertex  1.507235e+01  1.307000e+02  2.116045e+01
     vertex  1.517428e+01  1.307000e+02  2.131501e+01
     vertex  1.521105e+01  1.307000e+02  2.136461e+01
   endloop
 endfacet
 facet normal  0.000000e+00  1.000000e+00  0.000000e+00
   outer loop
     vertex  1.507235e+01  1.307000e+02  2.116045e+01
     vertex  1.510491e+01  1.307000e+02  2.121290e+01
     vertex  1.517428e+01  1.307000e+02  2.131501e+01
   endloop
 endfacet
 facet normal  0.000000e+00  1.000000e+00  0.000000e+00
   outer loop
     vertex  1.585280e+01  1.307000e+02  2.193557e+01
     vertex  1.574836e+01  1.307000e+02  2.186973e+01
     vertex  1.580013e+01  1.307000e+02  2.190337e+01
   endloop
 endfacet
 facet normal  0.000000e+00  1.000000e+00  0.000000e+00
   outer loop
     vertex  1.590633e+01  1.307000e+02  2.196631e+01
     vertex  1.559887e+01  1.307000e+02  2.176049e+01
     vertex  1.564770e+01  1.307000e+02  2.179827e+01
   endloop
 endfacet
 facet normal  0.000000e+00  1.000000e+00  0.000000e+00
   outer loop
     vertex  1.590633e+01  1.307000e+02  2.196631e+01
     vertex  1.555110e+01  1.307000e+02  2.172139e+01
     vertex  1.559887e+01  1.307000e+02  2.176049e+01
   endloop
 endfacet
 facet normal  0.000000e+00  1.000000e+00  0.000000e+00
   outer loop
     vertex  1.590633e+01  1.307000e+02  2.196631e+01
     vertex  1.550442e+01  1.307000e+02  2.168100e+01
     vertex  1.555110e+01  1.307000e+02  2.172139e+01
   endloop
 endfacet
 facet normal  0.000000e+00  1.000000e+00  0.000000e+00
   outer loop
     vertex  1.590633e+01  1.307000e+02  2.196631e+01
     vertex  1.574836e+01  1.307000e+02  2.186973e+01
     vertex  1.585280e+01  1.307000e+02  2.193557e+01
   endloop
 endfacet
 facet normal  0.000000e+00  1.000000e+00  0.000000e+00
   outer loop
     vertex  1.590633e+01  1.307000e+02  2.196631e+01
     vertex  1.564770e+01  1.307000e+02  2.179827e+01
     vertex  1.574836e+01  1.307000e+02  2.186973e+01
   endloop
 endfacet
 facet normal  0.000000e+00  1.000000e+00  0.000000e+00
   outer loop
     vertex  1.501160e+01  1.307000e+02  2.105298e+01
     vertex  1.504124e+01  1.307000e+02  2.110713e+01
     vertex  1.507235e+01  1.307000e+02  2.116045e+01
   endloop
 endfacet
 facet normal  0.000000e+00  1.000000e+00  0.000000e+00
   outer loop
     vertex  1.498346e+01  1.307000e+02  2.099803e+01
     vertex  1.501160e+01  1.307000e+02  2.105298e+01
     vertex  1.507235e+01  1.307000e+02  2.116045e+01
   endloop
 endfacet
 facet normal  0.000000e+00  1.000000e+00  0.000000e+00
   outer loop
     vertex  1.601582e+01  1.307000e+02  2.202334e+01
     vertex  1.590633e+01  1.307000e+02  2.196631e+01
     vertex  1.596069e+01  1.307000e+02  2.199558e+01
   endloop
 endfacet
 facet normal  0.000000e+00  1.000000e+00  0.000000e+00
   outer loop
     vertex  1.495684e+01  1.307000e+02  2.094233e+01
     vertex  1.498346e+01  1.307000e+02  2.099803e+01
     vertex  1.507235e+01  1.307000e+02  2.116045e+01
   endloop
 endfacet
 facet normal  0.000000e+00  1.000000e+00  0.000000e+00
   outer loop
     vertex  1.490823e+01  1.307000e+02  2.082885e+01
     vertex  1.493176e+01  1.307000e+02  2.088593e+01
     vertex  1.495684e+01  1.307000e+02  2.094233e+01
   endloop
 endfacet
 facet normal  0.000000e+00  1.000000e+00  0.000000e+00
   outer loop
     vertex  1.618551e+01  1.307000e+02  2.209741e+01
     vertex  1.607170e+01  1.307000e+02  2.204958e+01
     vertex  1.612828e+01  1.307000e+02  2.207427e+01
   endloop
 endfacet
 facet normal  0.000000e+00  1.000000e+00  0.000000e+00
   outer loop
     vertex  1.636072e+01  1.307000e+02  2.215727e+01
     vertex  1.624336e+01  1.307000e+02  2.211896e+01
     vertex  1.630178e+01  1.307000e+02  2.213892e+01
   endloop
 endfacet
 facet normal  0.000000e+00  1.000000e+00  0.000000e+00
   outer loop
     vertex  1.636072e+01  1.307000e+02  2.215727e+01
     vertex  1.618551e+01  1.307000e+02  2.209741e+01
     vertex  1.624336e+01  1.307000e+02  2.211896e+01
   endloop
 endfacet
 facet normal  0.000000e+00  1.000000e+00  0.000000e+00
   outer loop
     vertex  1.483003e+01  1.307000e+02  2.059476e+01
     vertex  1.486592e+01  1.307000e+02  2.071288e+01
     vertex  1.488628e+01  1.307000e+02  2.077116e+01
   endloop
 endfacet
 facet normal  0.000000e+00  1.000000e+00  0.000000e+00
   outer loop
     vertex  1.483003e+01  1.307000e+02  2.059476e+01
     vertex  1.484716e+01  1.307000e+02  2.065406e+01
     vertex  1.486592e+01  1.307000e+02  2.071288e+01
   endloop
 endfacet
 facet normal  0.000000e+00  1.000000e+00  0.000000e+00
   outer loop
     vertex  1.481453e+01  1.307000e+02  2.053500e+01
     vertex  1.488628e+01  1.307000e+02  2.077116e+01
     vertex  1.490823e+01  1.307000e+02  2.082885e+01
   endloop
 endfacet
 facet normal  0.000000e+00  1.000000e+00  0.000000e+00
   outer loop
     vertex  1.481453e+01  1.307000e+02  2.053500e+01
     vertex  1.490823e+01  1.307000e+02  2.082885e+01
     vertex  1.495684e+01  1.307000e+02  2.094233e+01
   endloop
 endfacet
 facet normal  0.000000e+00  1.000000e+00  0.000000e+00
   outer loop
     vertex  1.481453e+01  1.307000e+02  2.053500e+01
     vertex  1.483003e+01  1.307000e+02  2.059476e+01
     vertex  1.488628e+01  1.307000e+02  2.077116e+01
   endloop
 endfacet
 facet normal  0.000000e+00  1.000000e+00  0.000000e+00
   outer loop
     vertex  1.648000e+01  1.307000e+02  2.218909e+01
     vertex  1.636072e+01  1.307000e+02  2.215727e+01
     vertex  1.642014e+01  1.307000e+02  2.217400e+01
   endloop
 endfacet
 facet normal  0.000000e+00  1.000000e+00  0.000000e+00
   outer loop
     vertex  1.648000e+01  1.307000e+02  2.218909e+01
     vertex  1.618551e+01  1.307000e+02  2.209741e+01
     vertex  1.636072e+01  1.307000e+02  2.215727e+01
   endloop
 endfacet
 facet normal  0.000000e+00  1.000000e+00  0.000000e+00
   outer loop
     vertex  1.666175e+01  1.307000e+02  2.222443e+01
     vertex  1.654025e+01  1.307000e+02  2.220253e+01
     vertex  1.660085e+01  1.307000e+02  2.221431e+01
   endloop
 endfacet
 facet normal  0.000000e+00  1.000000e+00  0.000000e+00
   outer loop
     vertex  1.666175e+01  1.307000e+02  2.222443e+01
     vertex  1.648000e+01  1.307000e+02  2.218909e+01
     vertex  1.654025e+01  1.307000e+02  2.220253e+01
   endloop
 endfacet
 facet normal  0.000000e+00  1.000000e+00  0.000000e+00
   outer loop
     vertex  1.476908e+01  1.307000e+02  2.029241e+01
     vertex  1.477794e+01  1.307000e+02  2.035350e+01
     vertex  1.478848e+01  1.307000e+02  2.041433e+01
   endloop
 endfacet
 facet normal  0.000000e+00  1.000000e+00  0.000000e+00
   outer loop
     vertex  1.475640e+01  1.307000e+02  2.016961e+01
     vertex  1.476908e+01  1.307000e+02  2.029241e+01
     vertex  1.478848e+01  1.307000e+02  2.041433e+01
   endloop
 endfacet
 facet normal  0.000000e+00  1.000000e+00  0.000000e+00
   outer loop
     vertex  1.475640e+01  1.307000e+02  2.016961e+01
     vertex  1.480068e+01  1.307000e+02  2.047484e+01
     vertex  1.481453e+01  1.307000e+02  2.053500e+01
   endloop
 endfacet
 facet normal  0.000000e+00  1.000000e+00  0.000000e+00
   outer loop
     vertex  1.475640e+01  1.307000e+02  2.016961e+01
     vertex  1.478848e+01  1.307000e+02  2.041433e+01
     vertex  1.480068e+01  1.307000e+02  2.047484e+01
   endloop
 endfacet
 facet normal  0.000000e+00  1.000000e+00  0.000000e+00
   outer loop
     vertex  1.475640e+01  1.307000e+02  2.016961e+01
     vertex  1.476190e+01  1.307000e+02  2.023110e+01
     vertex  1.476908e+01  1.307000e+02  2.029241e+01
   endloop
 endfacet
 facet normal  0.000000e+00  1.000000e+00  0.000000e+00
   outer loop
     vertex  1.690742e+01  1.307000e+02  2.224809e+01
     vertex  1.678426e+01  1.307000e+02  2.223963e+01
     vertex  1.684579e+01  1.307000e+02  2.224471e+01
   endloop
 endfacet
 facet normal  0.000000e+00  1.000000e+00  0.000000e+00
   outer loop
     vertex  1.690742e+01  1.307000e+02  2.224809e+01
     vertex  1.672290e+01  1.307000e+02  2.223287e+01
     vertex  1.678426e+01  1.307000e+02  2.223963e+01
   endloop
 endfacet
 facet normal  0.000000e+00  1.000000e+00  0.000000e+00
   outer loop
     vertex  1.690742e+01  1.307000e+02  2.224809e+01
     vertex  1.666175e+01  1.307000e+02  2.222443e+01
     vertex  1.672290e+01  1.307000e+02  2.223287e+01
   endloop
 endfacet
 facet normal  0.000000e+00  1.000000e+00  0.000000e+00
   outer loop
     vertex  1.475048e+01  1.307000e+02  2.004630e+01
     vertex  1.475259e+01  1.307000e+02  2.010799e+01
     vertex  1.475640e+01  1.307000e+02  2.016961e+01
   endloop
 endfacet
 facet normal  0.000000e+00  1.000000e+00  0.000000e+00
   outer loop
     vertex  1.475005e+01  1.307000e+02  1.998457e+01
     vertex  1.475048e+01  1.307000e+02  2.004630e+01
     vertex  1.475640e+01  1.307000e+02  2.016961e+01
   endloop
 endfacet
 facet normal  0.000000e+00  1.000000e+00  0.000000e+00
   outer loop
     vertex  1.703087e+01  1.307000e+02  2.224979e+01
     vertex  1.690742e+01  1.307000e+02  2.224809e+01
     vertex  1.696913e+01  1.307000e+02  2.224979e+01
   endloop
 endfacet
 facet normal  0.000000e+00  1.000000e+00  0.000000e+00
   outer loop
     vertex  1.715421e+01  1.307000e+02  2.224471e+01
     vertex  1.703087e+01  1.307000e+02  2.224979e+01
     vertex  1.709258e+01  1.307000e+02  2.224809e+01
   endloop
 endfacet
 facet normal  0.000000e+00  1.000000e+00  0.000000e+00
   outer loop
     vertex  1.477330e+01  1.307000e+02  1.967701e+01
     vertex  1.475132e+01  1.307000e+02  1.992285e+01
     vertex  1.475005e+01  1.307000e+02  1.998457e+01
   endloop
 endfacet
 facet normal  0.000000e+00  1.000000e+00  0.000000e+00
   outer loop
     vertex  1.477330e+01  1.307000e+02  1.967701e+01
     vertex  1.475429e+01  1.307000e+02  1.986119e+01
     vertex  1.475132e+01  1.307000e+02  1.992285e+01
   endloop
 endfacet
 facet normal  0.000000e+00  1.000000e+00  0.000000e+00
   outer loop
     vertex  1.477330e+01  1.307000e+02  1.967701e+01
     vertex  1.475894e+01  1.307000e+02  1.979963e+01
     vertex  1.475429e+01  1.307000e+02  1.986119e+01
   endloop
 endfacet
 facet normal  0.000000e+00  1.000000e+00  0.000000e+00
   outer loop
     vertex  1.477330e+01  1.307000e+02  1.967701e+01
     vertex  1.476528e+01  1.307000e+02  1.973822e+01
     vertex  1.475894e+01  1.307000e+02  1.979963e+01
   endloop
 endfacet
 facet normal  0.000000e+00  1.000000e+00  0.000000e+00
   outer loop
     vertex  1.733825e+01  1.307000e+02  2.222443e+01
     vertex  1.721574e+01  1.307000e+02  2.223963e+01
     vertex  1.727710e+01  1.307000e+02  2.223287e+01
   endloop
 endfacet
 facet normal  0.000000e+00  1.000000e+00  0.000000e+00
   outer loop
     vertex  1.745975e+01  1.307000e+02  2.220253e+01
     vertex  1.733825e+01  1.307000e+02  2.222443e+01
     vertex  1.739915e+01  1.307000e+02  2.221431e+01
   endloop
 endfacet
 facet normal  0.000000e+00  1.000000e+00  0.000000e+00
   outer loop
     vertex  1.745975e+01  1.307000e+02  2.220253e+01
     vertex  1.715421e+01  1.307000e+02  2.224471e+01
     vertex  1.721574e+01  1.307000e+02  2.223963e+01
   endloop
 endfacet
 facet normal  0.000000e+00  1.000000e+00  0.000000e+00
   outer loop
     vertex  1.745975e+01  1.307000e+02  2.220253e+01
     vertex  1.721574e+01  1.307000e+02  2.223963e+01
     vertex  1.733825e+01  1.307000e+02  2.222443e+01
   endloop
 endfacet
 facet normal  0.000000e+00  1.000000e+00  0.000000e+00
   outer loop
     vertex  1.482208e+01  1.307000e+02  1.943507e+01
     vertex  1.478300e+01  1.307000e+02  1.961605e+01
     vertex  1.477330e+01  1.307000e+02  1.967701e+01
   endloop
 endfacet
 facet normal  0.000000e+00  1.000000e+00  0.000000e+00
   outer loop
     vertex  1.482208e+01  1.307000e+02  1.943507e+01
     vertex  1.479437e+01  1.307000e+02  1.955537e+01
     vertex  1.478300e+01  1.307000e+02  1.961605e+01
   endloop
 endfacet
 facet normal  0.000000e+00  1.000000e+00  0.000000e+00
   outer loop
     vertex  1.482208e+01  1.307000e+02  1.943507e+01
     vertex  1.480740e+01  1.307000e+02  1.949503e+01
     vertex  1.479437e+01  1.307000e+02  1.955537e+01
   endloop
 endfacet
 facet normal  0.000000e+00  1.000000e+00  0.000000e+00
   outer loop
     vertex  1.757986e+01  1.307000e+02  2.217400e+01
     vertex  1.745975e+01  1.307000e+02  2.220253e+01
     vertex  1.752000e+01  1.307000e+02  2.218909e+01
   endloop
 endfacet
 facet normal  0.000000e+00  1.000000e+00  0.000000e+00
   outer loop
     vertex  1.483839e+01  1.307000e+02  1.937553e+01
     vertex  1.482208e+01  1.307000e+02  1.943507e+01
     vertex  1.477330e+01  1.307000e+02  1.967701e+01
   endloop
 endfacet
 facet normal  0.000000e+00  1.000000e+00  0.000000e+00
   outer loop
     vertex  1.769822e+01  1.307000e+02  2.213892e+01
     vertex  1.757986e+01  1.307000e+02  2.217400e+01
     vertex  1.763928e+01  1.307000e+02  2.215727e+01
   endloop
 endfacet
 facet normal  0.000000e+00  1.000000e+00  0.000000e+00
   outer loop
     vertex  1.775664e+01  1.307000e+02  2.211896e+01
     vertex  1.757986e+01  1.307000e+02  2.217400e+01
     vertex  1.769822e+01  1.307000e+02  2.213892e+01
   endloop
 endfacet
 facet normal  0.000000e+00  1.000000e+00  0.000000e+00
   outer loop
     vertex  1.489706e+01  1.307000e+02  1.919992e+01
     vertex  1.475005e+01  1.307000e+02  1.998457e+01
     vertex  1.475640e+01  1.307000e+02  2.016961e+01
   endloop
 endfacet
 facet normal  0.000000e+00  1.000000e+00  0.000000e+00
   outer loop
     vertex  1.489706e+01  1.307000e+02  1.919992e+01
     vertex  1.477330e+01  1.307000e+02  1.967701e+01
     vertex  1.475005e+01  1.307000e+02  1.998457e+01
   endloop
 endfacet
 facet normal  0.000000e+00  1.000000e+00  0.000000e+00
   outer loop
     vertex  1.489706e+01  1.307000e+02  1.919992e+01
     vertex  1.483839e+01  1.307000e+02  1.937553e+01
     vertex  1.477330e+01  1.307000e+02  1.967701e+01
   endloop
 endfacet
 facet normal  0.000000e+00  1.000000e+00  0.000000e+00
   outer loop
     vertex  1.489706e+01  1.307000e+02  1.919992e+01
     vertex  1.485634e+01  1.307000e+02  1.931646e+01
     vertex  1.483839e+01  1.307000e+02  1.937553e+01
   endloop
 endfacet
 facet normal  0.000000e+00  1.000000e+00  0.000000e+00
   outer loop
     vertex  1.489706e+01  1.307000e+02  1.919992e+01
     vertex  1.487590e+01  1.307000e+02  1.925791e+01
     vertex  1.485634e+01  1.307000e+02  1.931646e+01
   endloop
 endfacet
 facet normal  0.000000e+00  1.000000e+00  0.000000e+00
   outer loop
     vertex  1.781449e+01  1.307000e+02  2.209741e+01
     vertex  1.745975e+01  1.307000e+02  2.220253e+01
     vertex  1.757986e+01  1.307000e+02  2.217400e+01
   endloop
 endfacet
 facet normal  0.000000e+00  1.000000e+00  0.000000e+00
   outer loop
     vertex  1.781449e+01  1.307000e+02  2.209741e+01
     vertex  1.757986e+01  1.307000e+02  2.217400e+01
     vertex  1.775664e+01  1.307000e+02  2.211896e+01
   endloop
 endfacet
 facet normal  0.000000e+00  1.000000e+00  0.000000e+00
   outer loop
     vertex  1.781449e+01  1.307000e+02  2.209741e+01
     vertex  1.715421e+01  1.307000e+02  2.224471e+01
     vertex  1.745975e+01  1.307000e+02  2.220253e+01
   endloop
 endfacet
 facet normal  0.000000e+00  1.000000e+00  0.000000e+00
   outer loop
     vertex  1.792830e+01  1.307000e+02  2.204958e+01
     vertex  1.781449e+01  1.307000e+02  2.209741e+01
     vertex  1.787172e+01  1.307000e+02  2.207427e+01
   endloop
 endfacet
 facet normal  0.000000e+00  1.000000e+00  0.000000e+00
   outer loop
     vertex  1.496996e+01  1.307000e+02  1.902973e+01
     vertex  1.491980e+01  1.307000e+02  1.914253e+01
     vertex  1.489706e+01  1.307000e+02  1.919992e+01
   endloop
 endfacet
 facet normal  0.000000e+00  1.000000e+00  0.000000e+00
   outer loop
     vertex  1.496996e+01  1.307000e+02  1.902973e+01
     vertex  1.494410e+01  1.307000e+02  1.908578e+01
     vertex  1.491980e+01  1.307000e+02  1.914253e+01
   endloop
 endfacet
 facet normal  0.000000e+00  1.000000e+00  0.000000e+00
   outer loop
     vertex  1.499734e+01  1.307000e+02  1.897440e+01
     vertex  1.496996e+01  1.307000e+02  1.902973e+01
     vertex  1.489706e+01  1.307000e+02  1.919992e+01
   endloop
 endfacet
 facet normal  0.000000e+00  1.000000e+00  0.000000e+00
   outer loop
     vertex  1.803931e+01  1.307000e+02  2.199558e+01
     vertex  1.703087e+01  1.307000e+02  2.224979e+01
     vertex  1.715421e+01  1.307000e+02  2.224471e+01
   endloop
 endfacet
 facet normal  0.000000e+00  1.000000e+00  0.000000e+00
   outer loop
     vertex  1.803931e+01  1.307000e+02  2.199558e+01
     vertex  1.781449e+01  1.307000e+02  2.209741e+01
     vertex  1.792830e+01  1.307000e+02  2.204958e+01
   endloop
 endfacet
 facet normal  0.000000e+00  1.000000e+00  0.000000e+00
   outer loop
     vertex  1.803931e+01  1.307000e+02  2.199558e+01
     vertex  1.715421e+01  1.307000e+02  2.224471e+01
     vertex  1.781449e+01  1.307000e+02  2.209741e+01
   endloop
 endfacet
 facet normal  0.000000e+00  1.000000e+00  0.000000e+00
   outer loop
     vertex  1.803931e+01  1.307000e+02  2.199558e+01
     vertex  1.792830e+01  1.307000e+02  2.204958e+01
     vertex  1.798418e+01  1.307000e+02  2.202334e+01
   endloop
 endfacet
 facet normal  0.000000e+00  1.000000e+00  0.000000e+00
   outer loop
     vertex  1.502623e+01  1.307000e+02  1.891984e+01
     vertex  1.499734e+01  1.307000e+02  1.897440e+01
     vertex  1.489706e+01  1.307000e+02  1.919992e+01
   endloop
 endfacet
 facet normal  0.000000e+00  1.000000e+00  0.000000e+00
   outer loop
     vertex  1.814720e+01  1.307000e+02  2.193557e+01
     vertex  1.803931e+01  1.307000e+02  2.199558e+01
     vertex  1.809367e+01  1.307000e+02  2.196631e+01
   endloop
 endfacet
 facet normal  0.000000e+00  1.000000e+00  0.000000e+00
   outer loop
     vertex  1.508845e+01  1.307000e+02  1.881321e+01
     vertex  1.505661e+01  1.307000e+02  1.886610e+01
     vertex  1.502623e+01  1.307000e+02  1.891984e+01
   endloop
 endfacet
 facet normal  0.000000e+00  1.000000e+00  0.000000e+00
   outer loop
     vertex  1.819987e+01  1.307000e+02  2.190337e+01
     vertex  1.803931e+01  1.307000e+02  2.199558e+01
     vertex  1.814720e+01  1.307000e+02  2.193557e+01
   endloop
 endfacet
 facet normal  0.000000e+00  1.000000e+00  0.000000e+00
   outer loop
     vertex  1.512172e+01  1.307000e+02  1.876122e+01
     vertex  1.502623e+01  1.307000e+02  1.891984e+01
     vertex  1.489706e+01  1.307000e+02  1.919992e+01
   endloop
 endfacet
 facet normal  0.000000e+00  1.000000e+00  0.000000e+00
   outer loop
     vertex  1.512172e+01  1.307000e+02  1.876122e+01
     vertex  1.508845e+01  1.307000e+02  1.881321e+01
     vertex  1.502623e+01  1.307000e+02  1.891984e+01
   endloop
 endfacet
 facet normal  0.000000e+00  1.000000e+00  0.000000e+00
   outer loop
     vertex  1.515642e+01  1.307000e+02  1.871016e+01
     vertex  1.512172e+01  1.307000e+02  1.876122e+01
     vertex  1.489706e+01  1.307000e+02  1.919992e+01
   endloop
 endfacet
 facet normal  0.000000e+00  1.000000e+00  0.000000e+00
   outer loop
     vertex  1.835230e+01  1.307000e+02  2.179827e+01
     vertex  1.825164e+01  1.307000e+02  2.186973e+01
     vertex  1.830246e+01  1.307000e+02  2.183469e+01
   endloop
 endfacet
 facet normal  0.000000e+00  1.000000e+00  0.000000e+00
   outer loop
     vertex  1.835230e+01  1.307000e+02  2.179827e+01
     vertex  1.819987e+01  1.307000e+02  2.190337e+01
     vertex  1.825164e+01  1.307000e+02  2.186973e+01
   endloop
 endfacet
 facet normal  0.000000e+00  1.000000e+00  0.000000e+00
   outer loop
     vertex  1.522994e+01  1.307000e+02  1.861098e+01
     vertex  1.519250e+01  1.307000e+02  1.866006e+01
     vertex  1.515642e+01  1.307000e+02  1.871016e+01
   endloop
 endfacet
 facet normal  0.000000e+00  1.000000e+00  0.000000e+00
   outer loop
     vertex  1.840113e+01  1.307000e+02  2.176049e+01
     vertex  1.819987e+01  1.307000e+02  2.190337e+01
     vertex  1.835230e+01  1.307000e+02  2.179827e+01
   endloop
 endfacet
 facet normal  0.000000e+00  1.000000e+00  0.000000e+00
   outer loop
     vertex  1.530878e+01  1.307000e+02  1.851599e+01
     vertex  1.515642e+01  1.307000e+02  1.871016e+01
     vertex  1.489706e+01  1.307000e+02  1.919992e+01
   endloop
 endfacet
 facet normal  0.000000e+00  1.000000e+00  0.000000e+00
   outer loop
     vertex  1.530878e+01  1.307000e+02  1.851599e+01
     vertex  1.522994e+01  1.307000e+02  1.861098e+01
     vertex  1.515642e+01  1.307000e+02  1.871016e+01
   endloop
 endfacet
 facet normal  0.000000e+00  1.000000e+00  0.000000e+00
   outer loop
     vertex  1.530878e+01  1.307000e+02  1.851599e+01
     vertex  1.481453e+01  1.307000e+02  2.053500e+01
     vertex  1.495684e+01  1.307000e+02  2.094233e+01
   endloop
 endfacet
 facet normal  0.000000e+00  1.000000e+00  0.000000e+00
   outer loop
     vertex  1.530878e+01  1.307000e+02  1.851599e+01
     vertex  1.475640e+01  1.307000e+02  2.016961e+01
     vertex  1.481453e+01  1.307000e+02  2.053500e+01
   endloop
 endfacet
 facet normal  0.000000e+00  1.000000e+00 -0.000000e+00
   outer loop
     vertex  1.530878e+01  1.307000e+02  1.851599e+01
     vertex  1.528859e+01  1.307000e+02  2.146067e+01
     vertex  1.532930e+01  1.307000e+02  2.150707e+01
   endloop
 endfacet
 facet normal  0.000000e+00  1.000000e+00  0.000000e+00
   outer loop
     vertex  1.530878e+01  1.307000e+02  1.851599e+01
     vertex  1.524916e+01  1.307000e+02  2.141317e+01
     vertex  1.528859e+01  1.307000e+02  2.146067e+01
   endloop
 endfacet
 facet normal  0.000000e+00  1.000000e+00  0.000000e+00
   outer loop
     vertex  1.530878e+01  1.307000e+02  1.851599e+01
     vertex  1.521105e+01  1.307000e+02  2.136461e+01
     vertex  1.524916e+01  1.307000e+02  2.141317e+01
   endloop
 endfacet
 facet normal  0.000000e+00  1.000000e+00  0.000000e+00
   outer loop
     vertex  1.530878e+01  1.307000e+02  1.851599e+01
     vertex  1.507235e+01  1.307000e+02  2.116045e+01
     vertex  1.521105e+01  1.307000e+02  2.136461e+01
   endloop
 endfacet
 facet normal  0.000000e+00  1.000000e+00  0.000000e+00
   outer loop
     vertex  1.530878e+01  1.307000e+02  1.851599e+01
     vertex  1.495684e+01  1.307000e+02  2.094233e+01
     vertex  1.507235e+01  1.307000e+02  2.116045e+01
   endloop
 endfacet
 facet normal  0.000000e+00  1.000000e+00  0.000000e+00
   outer loop
     vertex  1.530878e+01  1.307000e+02  1.851599e+01
     vertex  1.489706e+01  1.307000e+02  1.919992e+01
     vertex  1.475640e+01  1.307000e+02  2.016961e+01
   endloop
 endfacet
 facet normal  0.000000e+00  1.000000e+00  0.000000e+00
   outer loop
     vertex  1.530878e+01  1.307000e+02  1.851599e+01
     vertex  1.526871e+01  1.307000e+02  1.856294e+01
     vertex  1.522994e+01  1.307000e+02  1.861098e+01
   endloop
 endfacet
 facet normal  0.000000e+00  1.000000e+00  0.000000e+00
   outer loop
     vertex  1.849558e+01  1.307000e+02  2.168100e+01
     vertex  1.840113e+01  1.307000e+02  2.176049e+01
     vertex  1.844890e+01  1.307000e+02  2.172139e+01
   endloop
 endfacet
 facet normal  0.000000e+00  1.000000e+00  0.000000e+00
   outer loop
     vertex  1.854113e+01  1.307000e+02  2.163933e+01
     vertex  1.840113e+01  1.307000e+02  2.176049e+01
     vertex  1.849558e+01  1.307000e+02  2.168100e+01
   endloop
 endfacet
 facet normal  0.000000e+00  1.000000e+00 -0.000000e+00
   outer loop
     vertex  1.539272e+01  1.307000e+02  1.842546e+01
     vertex  1.537128e+01  1.307000e+02  2.155234e+01
     vertex  1.541448e+01  1.307000e+02  2.159644e+01
   endloop
 endfacet
 facet normal  0.000000e+00  1.000000e+00  0.000000e+00
   outer loop
     vertex  1.539272e+01  1.307000e+02  1.842546e+01
     vertex  1.532930e+01  1.307000e+02  2.150707e+01
     vertex  1.537128e+01  1.307000e+02  2.155234e+01
   endloop
 endfacet
 facet normal  0.000000e+00  1.000000e+00  0.000000e+00
   outer loop
     vertex  1.539272e+01  1.307000e+02  1.842546e+01
     vertex  1.530878e+01  1.307000e+02  1.851599e+01
     vertex  1.532930e+01  1.307000e+02  2.150707e+01
   endloop
 endfacet
 facet normal  0.000000e+00  1.000000e+00  0.000000e+00
   outer loop
     vertex  1.539272e+01  1.307000e+02  1.842546e+01
     vertex  1.535013e+01  1.307000e+02  1.847015e+01
     vertex  1.530878e+01  1.307000e+02  1.851599e+01
   endloop
 endfacet
 facet normal  0.000000e+00  1.000000e+00  0.000000e+00
   outer loop
     vertex  1.858552e+01  1.307000e+02  2.159644e+01
     vertex  1.840113e+01  1.307000e+02  2.176049e+01
     vertex  1.854113e+01  1.307000e+02  2.163933e+01
   endloop
 endfacet
 facet normal  0.000000e+00  1.000000e+00  0.000000e+00
   outer loop
     vertex  1.548150e+01  1.307000e+02  1.833968e+01
     vertex  1.543653e+01  1.307000e+02  1.838196e+01
     vertex  1.539272e+01  1.307000e+02  1.842546e+01
   endloop
 endfacet
 facet normal  0.000000e+00  1.000000e+00  0.000000e+00
   outer loop
     vertex  1.867070e+01  1.307000e+02  2.150707e+01
     vertex  1.840113e+01  1.307000e+02  2.176049e+01
     vertex  1.858552e+01  1.307000e+02  2.159644e+01
   endloop
 endfacet
 facet normal  0.000000e+00  1.000000e+00  0.000000e+00
   outer loop
     vertex  1.867070e+01  1.307000e+02  2.150707e+01
     vertex  1.858552e+01  1.307000e+02  2.159644e+01
     vertex  1.862872e+01  1.307000e+02  2.155234e+01
   endloop
 endfacet
 facet normal  0.000000e+00  1.000000e+00  0.000000e+00
   outer loop
     vertex  1.552762e+01  1.307000e+02  1.829864e+01
     vertex  1.548150e+01  1.307000e+02  1.833968e+01
     vertex  1.539272e+01  1.307000e+02  1.842546e+01
   endloop
 endfacet
 facet normal  0.000000e+00  1.000000e+00  0.000000e+00
   outer loop
     vertex  1.871141e+01  1.307000e+02  2.146067e+01
     vertex  1.840113e+01  1.307000e+02  2.176049e+01
     vertex  1.867070e+01  1.307000e+02  2.150707e+01
   endloop
 endfacet
 facet normal  0.000000e+00  1.000000e+00  0.000000e+00
   outer loop
     vertex  1.871141e+01  1.307000e+02  2.146067e+01
     vertex  1.819987e+01  1.307000e+02  2.190337e+01
     vertex  1.840113e+01  1.307000e+02  2.176049e+01
   endloop
 endfacet
 facet normal  0.000000e+00  1.000000e+00  0.000000e+00
   outer loop
     vertex  1.871141e+01  1.307000e+02  2.146067e+01
     vertex  1.803931e+01  1.307000e+02  2.199558e+01
     vertex  1.819987e+01  1.307000e+02  2.190337e+01
   endloop
 endfacet
 facet normal  0.000000e+00  1.000000e+00  0.000000e+00
   outer loop
     vertex  1.562316e+01  1.307000e+02  1.822045e+01
     vertex  1.557485e+01  1.307000e+02  1.825889e+01
     vertex  1.552762e+01  1.307000e+02  1.829864e+01
   endloop
 endfacet
 facet normal  0.000000e+00  1.000000e+00  0.000000e+00
   outer loop
     vertex  1.878895e+01  1.307000e+02  2.136461e+01
     vertex  1.871141e+01  1.307000e+02  2.146067e+01
     vertex  1.875084e+01  1.307000e+02  2.141317e+01
   endloop
 endfacet
 facet normal  0.000000e+00  1.000000e+00  0.000000e+00
   outer loop
     vertex  1.567249e+01  1.307000e+02  1.818335e+01
     vertex  1.562316e+01  1.307000e+02  1.822045e+01
     vertex  1.552762e+01  1.307000e+02  1.829864e+01
   endloop
 endfacet
 facet normal  0.000000e+00  1.000000e+00  0.000000e+00
   outer loop
     vertex  1.567249e+01  1.307000e+02  1.818335e+01
     vertex  1.552762e+01  1.307000e+02  1.829864e+01
     vertex  1.539272e+01  1.307000e+02  1.842546e+01
   endloop
 endfacet
 facet normal  0.000000e+00  1.000000e+00  0.000000e+00
   outer loop
     vertex  1.886110e+01  1.307000e+02  2.126443e+01
     vertex  1.871141e+01  1.307000e+02  2.146067e+01
     vertex  1.878895e+01  1.307000e+02  2.136461e+01
   endloop
 endfacet
 facet normal  0.000000e+00  1.000000e+00  0.000000e+00
   outer loop
     vertex  1.886110e+01  1.307000e+02  2.126443e+01
     vertex  1.878895e+01  1.307000e+02  2.136461e+01
     vertex  1.882572e+01  1.307000e+02  2.131501e+01
   endloop
 endfacet
 facet normal  0.000000e+00  1.000000e+00  0.000000e+00
   outer loop
     vertex  1.582635e+01  1.307000e+02  1.808035e+01
     vertex  1.577413e+01  1.307000e+02  1.811327e+01
     vertex  1.572283e+01  1.307000e+02  1.814761e+01
   endloop
 endfacet
 facet normal  0.000000e+00  1.000000e+00  0.000000e+00
   outer loop
     vertex  1.587946e+01  1.307000e+02  1.804888e+01
     vertex  1.572283e+01  1.307000e+02  1.814761e+01
     vertex  1.567249e+01  1.307000e+02  1.818335e+01
   endloop
 endfacet
 facet normal  0.000000e+00  1.000000e+00  0.000000e+00
   outer loop
     vertex  1.587946e+01  1.307000e+02  1.804888e+01
     vertex  1.539272e+01  1.307000e+02  1.842546e+01
     vertex  1.541448e+01  1.307000e+02  2.159644e+01
   endloop
 endfacet
 facet normal  0.000000e+00  1.000000e+00  0.000000e+00
   outer loop
     vertex  1.587946e+01  1.307000e+02  1.804888e+01
     vertex  1.541448e+01  1.307000e+02  2.159644e+01
     vertex  1.545887e+01  1.307000e+02  2.163933e+01
   endloop
 endfacet
 facet normal  0.000000e+00  1.000000e+00  0.000000e+00
   outer loop
     vertex  1.587946e+01  1.307000e+02  1.804888e+01
     vertex  1.567249e+01  1.307000e+02  1.818335e+01
     vertex  1.539272e+01  1.307000e+02  1.842546e+01
   endloop
 endfacet
 facet normal  0.000000e+00  1.000000e+00  0.000000e+00
   outer loop
     vertex  1.587946e+01  1.307000e+02  1.804888e+01
     vertex  1.582635e+01  1.307000e+02  1.808035e+01
     vertex  1.572283e+01  1.307000e+02  1.814761e+01
   endloop
 endfacet
 facet normal  0.000000e+00  1.000000e+00  0.000000e+00
   outer loop
     vertex  1.895876e+01  1.307000e+02  2.110713e+01
     vertex  1.889509e+01  1.307000e+02  2.121290e+01
     vertex  1.892765e+01  1.307000e+02  2.116045e+01
   endloop
 endfacet
 facet normal  0.000000e+00  1.000000e+00  0.000000e+00
   outer loop
     vertex  1.593341e+01  1.307000e+02  1.801887e+01
     vertex  1.587946e+01  1.307000e+02  1.804888e+01
     vertex  1.545887e+01  1.307000e+02  2.163933e+01
   endloop
 endfacet
 facet normal  0.000000e+00  1.000000e+00  0.000000e+00
   outer loop
     vertex  1.898840e+01  1.307000e+02  2.105298e+01
     vertex  1.889509e+01  1.307000e+02  2.121290e+01
     vertex  1.895876e+01  1.307000e+02  2.110713e+01
   endloop
 endfacet
 facet normal  0.000000e+00  1.000000e+00  0.000000e+00
   outer loop
     vertex  1.901654e+01  1.307000e+02  2.099803e+01
     vertex  1.889509e+01  1.307000e+02  2.121290e+01
     vertex  1.898840e+01  1.307000e+02  2.105298e+01
   endloop
 endfacet
 facet normal  0.000000e+00  1.000000e+00  0.000000e+00
   outer loop
     vertex  1.904316e+01  1.307000e+02  2.094233e+01
     vertex  1.886110e+01  1.307000e+02  2.126443e+01
     vertex  1.889509e+01  1.307000e+02  2.121290e+01
   endloop
 endfacet
 facet normal  0.000000e+00  1.000000e+00  0.000000e+00
   outer loop
     vertex  1.904316e+01  1.307000e+02  2.094233e+01
     vertex  1.889509e+01  1.307000e+02  2.121290e+01
     vertex  1.901654e+01  1.307000e+02  2.099803e+01
   endloop
 endfacet
 facet normal  0.000000e+00  1.000000e+00  0.000000e+00
   outer loop
     vertex  1.609991e+01  1.307000e+02  1.793788e+01
     vertex  1.604367e+01  1.307000e+02  1.796335e+01
     vertex  1.598816e+01  1.307000e+02  1.799035e+01
   endloop
 endfacet
 facet normal  0.000000e+00  1.000000e+00  0.000000e+00
   outer loop
     vertex  1.906824e+01  1.307000e+02  2.088593e+01
     vertex  1.886110e+01  1.307000e+02  2.126443e+01
     vertex  1.904316e+01  1.307000e+02  2.094233e+01
   endloop
 endfacet
 facet normal  0.000000e+00  1.000000e+00  0.000000e+00
   outer loop
     vertex  1.621436e+01  1.307000e+02  1.789162e+01
     vertex  1.615682e+01  1.307000e+02  1.791396e+01
     vertex  1.609991e+01  1.307000e+02  1.793788e+01
   endloop
 endfacet
 facet normal  0.000000e+00  1.000000e+00  0.000000e+00
   outer loop
     vertex  1.621436e+01  1.307000e+02  1.789162e+01
     vertex  1.609991e+01  1.307000e+02  1.793788e+01
     vertex  1.598816e+01  1.307000e+02  1.799035e+01
   endloop
 endfacet
 facet normal  0.000000e+00  1.000000e+00  0.000000e+00
   outer loop
     vertex  1.627250e+01  1.307000e+02  1.787086e+01
     vertex  1.598816e+01  1.307000e+02  1.799035e+01
     vertex  1.593341e+01  1.307000e+02  1.801887e+01
   endloop
 endfacet
 facet normal  0.000000e+00  1.000000e+00  0.000000e+00
   outer loop
     vertex  1.627250e+01  1.307000e+02  1.787086e+01
     vertex  1.621436e+01  1.307000e+02  1.789162e+01
     vertex  1.598816e+01  1.307000e+02  1.799035e+01
   endloop
 endfacet
 facet normal  0.000000e+00  1.000000e+00  0.000000e+00
   outer loop
     vertex  1.633118e+01  1.307000e+02  1.785170e+01
     vertex  1.627250e+01  1.307000e+02  1.787086e+01
     vertex  1.593341e+01  1.307000e+02  1.801887e+01
   endloop
 endfacet
 facet normal  0.000000e+00  1.000000e+00  0.000000e+00
   outer loop
     vertex  1.916997e+01  1.307000e+02  2.059476e+01
     vertex  1.913408e+01  1.307000e+02  2.071288e+01
     vertex  1.915284e+01  1.307000e+02  2.065406e+01
   endloop
 endfacet
 facet normal  0.000000e+00  1.000000e+00  0.000000e+00
   outer loop
     vertex  1.916997e+01  1.307000e+02  2.059476e+01
     vertex  1.911372e+01  1.307000e+02  2.077116e+01
     vertex  1.913408e+01  1.307000e+02  2.071288e+01
   endloop
 endfacet
 facet normal  0.000000e+00  1.000000e+00  0.000000e+00
   outer loop
     vertex  1.916997e+01  1.307000e+02  2.059476e+01
     vertex  1.909177e+01  1.307000e+02  2.082885e+01
     vertex  1.911372e+01  1.307000e+02  2.077116e+01
   endloop
 endfacet
 facet normal  0.000000e+00  1.000000e+00  0.000000e+00
   outer loop
     vertex  1.645002e+01  1.307000e+02  1.781825e+01
     vertex  1.639037e+01  1.307000e+02  1.783416e+01
     vertex  1.633118e+01  1.307000e+02  1.785170e+01
   endloop
 endfacet
 facet normal  0.000000e+00  1.000000e+00  0.000000e+00
   outer loop
     vertex  1.918547e+01  1.307000e+02  2.053500e+01
     vertex  1.906824e+01  1.307000e+02  2.088593e+01
     vertex  1.909177e+01  1.307000e+02  2.082885e+01
   endloop
 endfacet
 facet normal  0.000000e+00  1.000000e+00  0.000000e+00
   outer loop
     vertex  1.918547e+01  1.307000e+02  2.053500e+01
     vertex  1.909177e+01  1.307000e+02  2.082885e+01
     vertex  1.916997e+01  1.307000e+02  2.059476e+01
   endloop
 endfacet
 facet normal  0.000000e+00  1.000000e+00  0.000000e+00
   outer loop
     vertex  1.651008e+01  1.307000e+02  1.780399e+01
     vertex  1.645002e+01  1.307000e+02  1.781825e+01
     vertex  1.633118e+01  1.307000e+02  1.785170e+01
   endloop
 endfacet
 facet normal  0.000000e+00  1.000000e+00  0.000000e+00
   outer loop
     vertex  1.919932e+01  1.307000e+02  2.047484e+01
     vertex  1.886110e+01  1.307000e+02  2.126443e+01
     vertex  1.906824e+01  1.307000e+02  2.088593e+01
   endloop
 endfacet
 facet normal  0.000000e+00  1.000000e+00  0.000000e+00
   outer loop
     vertex  1.919932e+01  1.307000e+02  2.047484e+01
     vertex  1.906824e+01  1.307000e+02  2.088593e+01
     vertex  1.918547e+01  1.307000e+02  2.053500e+01
   endloop
 endfacet
 facet normal  0.000000e+00  1.000000e+00  0.000000e+00
   outer loop
     vertex  1.919932e+01  1.307000e+02  2.047484e+01
     vertex  1.871141e+01  1.307000e+02  2.146067e+01
     vertex  1.886110e+01  1.307000e+02  2.126443e+01
   endloop
 endfacet
 facet normal  0.000000e+00  1.000000e+00  0.000000e+00
   outer loop
     vertex  1.657051e+01  1.307000e+02  1.779137e+01
     vertex  1.633118e+01  1.307000e+02  1.785170e+01
     vertex  1.593341e+01  1.307000e+02  1.801887e+01
   endloop
 endfacet
 facet normal  0.000000e+00  1.000000e+00  0.000000e+00
   outer loop
     vertex  1.657051e+01  1.307000e+02  1.779137e+01
     vertex  1.651008e+01  1.307000e+02  1.780399e+01
     vertex  1.633118e+01  1.307000e+02  1.785170e+01
   endloop
 endfacet
 facet normal  0.000000e+00  1.000000e+00  0.000000e+00
   outer loop
     vertex  1.669230e+01  1.307000e+02  1.777114e+01
     vertex  1.663126e+01  1.307000e+02  1.778042e+01
     vertex  1.657051e+01  1.307000e+02  1.779137e+01
   endloop
 endfacet
 facet normal  0.000000e+00  1.000000e+00  0.000000e+00
   outer loop
     vertex  1.923810e+01  1.307000e+02  2.023110e+01
     vertex  1.922206e+01  1.307000e+02  2.035350e+01
     vertex  1.923092e+01  1.307000e+02  2.029241e+01
   endloop
 endfacet
 facet normal  0.000000e+00  1.000000e+00  0.000000e+00
   outer loop
     vertex  1.923810e+01  1.307000e+02  2.023110e+01
     vertex  1.921152e+01  1.307000e+02  2.041433e+01
     vertex  1.922206e+01  1.307000e+02  2.035350e+01
   endloop
 endfacet
 facet normal  0.000000e+00  1.000000e+00  0.000000e+00
   outer loop
     vertex  1.923810e+01  1.307000e+02  2.023110e+01
     vertex  1.919932e+01  1.307000e+02  2.047484e+01
     vertex  1.921152e+01  1.307000e+02  2.041433e+01
   endloop
 endfacet
 facet normal  0.000000e+00  1.000000e+00  0.000000e+00
   outer loop
     vertex  1.681501e+01  1.307000e+02  1.775762e+01
     vertex  1.675356e+01  1.307000e+02  1.776354e+01
     vertex  1.669230e+01  1.307000e+02  1.777114e+01
   endloop
 endfacet
 facet normal  0.000000e+00  1.000000e+00  0.000000e+00
   outer loop
     vertex  1.681501e+01  1.307000e+02  1.775762e+01
     vertex  1.669230e+01  1.307000e+02  1.777114e+01
     vertex  1.657051e+01  1.307000e+02  1.779137e+01
   endloop
 endfacet
 facet normal  0.000000e+00  1.000000e+00  0.000000e+00
   outer loop
     vertex  1.687659e+01  1.307000e+02  1.775339e+01
     vertex  1.681501e+01  1.307000e+02  1.775762e+01
     vertex  1.657051e+01  1.307000e+02  1.779137e+01
   endloop
 endfacet
 facet normal  0.000000e+00  1.000000e+00  0.000000e+00
   outer loop
     vertex  1.924952e+01  1.307000e+02  2.004630e+01
     vertex  1.924360e+01  1.307000e+02  2.016961e+01
     vertex  1.924741e+01  1.307000e+02  2.010799e+01
   endloop
 endfacet
 facet normal  0.000000e+00  1.000000e+00  0.000000e+00
   outer loop
     vertex  1.924952e+01  1.307000e+02  2.004630e+01
     vertex  1.923810e+01  1.307000e+02  2.023110e+01
     vertex  1.924360e+01  1.307000e+02  2.016961e+01
   endloop
 endfacet
 facet normal  0.000000e+00  1.000000e+00  0.000000e+00
   outer loop
     vertex  1.700000e+01  1.307000e+02  1.775000e+01
     vertex  1.693827e+01  1.307000e+02  1.775085e+01
     vertex  1.687659e+01  1.307000e+02  1.775339e+01
   endloop
 endfacet
 facet normal  0.000000e+00  1.000000e+00  0.000000e+00
   outer loop
     vertex  1.924868e+01  1.307000e+02  1.992285e+01
     vertex  1.919932e+01  1.307000e+02  2.047484e+01
     vertex  1.923810e+01  1.307000e+02  2.023110e+01
   endloop
 endfacet
 facet normal  0.000000e+00  1.000000e+00  0.000000e+00
   outer loop
     vertex  1.924868e+01  1.307000e+02  1.992285e+01
     vertex  1.924952e+01  1.307000e+02  2.004630e+01
     vertex  1.924995e+01  1.307000e+02  1.998457e+01
   endloop
 endfacet
 facet normal  0.000000e+00  1.000000e+00 -0.000000e+00
   outer loop
     vertex  1.924868e+01  1.307000e+02  1.992285e+01
     vertex  1.923810e+01  1.307000e+02  2.023110e+01
     vertex  1.924952e+01  1.307000e+02  2.004630e+01
   endloop
 endfacet
 facet normal  0.000000e+00  1.000000e+00  0.000000e+00
   outer loop
     vertex  1.712341e+01  1.307000e+02  1.775339e+01
     vertex  1.706173e+01  1.307000e+02  1.775085e+01
     vertex  1.700000e+01  1.307000e+02  1.775000e+01
   endloop
 endfacet
 facet normal  0.000000e+00  1.000000e+00  0.000000e+00
   outer loop
     vertex  1.718499e+01  1.307000e+02  1.775762e+01
     vertex  1.712341e+01  1.307000e+02  1.775339e+01
     vertex  1.700000e+01  1.307000e+02  1.775000e+01
   endloop
 endfacet
 facet normal  0.000000e+00  1.000000e+00  0.000000e+00
   outer loop
     vertex  1.923472e+01  1.307000e+02  1.973822e+01
     vertex  1.924571e+01  1.307000e+02  1.986119e+01
     vertex  1.924106e+01  1.307000e+02  1.979963e+01
   endloop
 endfacet
 facet normal  0.000000e+00  1.000000e+00  0.000000e+00
   outer loop
     vertex  1.923472e+01  1.307000e+02  1.973822e+01
     vertex  1.924868e+01  1.307000e+02  1.992285e+01
     vertex  1.924571e+01  1.307000e+02  1.986119e+01
   endloop
 endfacet
 facet normal  0.000000e+00  1.000000e+00  0.000000e+00
   outer loop
     vertex  1.736874e+01  1.307000e+02  1.778042e+01
     vertex  1.724644e+01  1.307000e+02  1.776354e+01
     vertex  1.718499e+01  1.307000e+02  1.775762e+01
   endloop
 endfacet
 facet normal  0.000000e+00  1.000000e+00  0.000000e+00
   outer loop
     vertex  1.736874e+01  1.307000e+02  1.778042e+01
     vertex  1.730770e+01  1.307000e+02  1.777114e+01
     vertex  1.724644e+01  1.307000e+02  1.776354e+01
   endloop
 endfacet
 facet normal  0.000000e+00  1.000000e+00  0.000000e+00
   outer loop
     vertex  1.736874e+01  1.307000e+02  1.778042e+01
     vertex  1.718499e+01  1.307000e+02  1.775762e+01
     vertex  1.700000e+01  1.307000e+02  1.775000e+01
   endloop
 endfacet
 facet normal  0.000000e+00  1.000000e+00  0.000000e+00
   outer loop
     vertex  1.736874e+01  1.307000e+02  1.778042e+01
     vertex  1.700000e+01  1.307000e+02  1.775000e+01
     vertex  1.687659e+01  1.307000e+02  1.775339e+01
   endloop
 endfacet
 facet normal  0.000000e+00  1.000000e+00  0.000000e+00
   outer loop
     vertex  1.921700e+01  1.307000e+02  1.961605e+01
     vertex  1.923472e+01  1.307000e+02  1.973822e+01
     vertex  1.922670e+01  1.307000e+02  1.967701e+01
   endloop
 endfacet
 facet normal  0.000000e+00  1.000000e+00  0.000000e+00
   outer loop
     vertex  1.748992e+01  1.307000e+02  1.780399e+01
     vertex  1.742949e+01  1.307000e+02  1.779137e+01
     vertex  1.736874e+01  1.307000e+02  1.778042e+01
   endloop
 endfacet
 facet normal  0.000000e+00  1.000000e+00  0.000000e+00
   outer loop
     vertex  1.748992e+01  1.307000e+02  1.780399e+01
     vertex  1.687659e+01  1.307000e+02  1.775339e+01
     vertex  1.657051e+01  1.307000e+02  1.779137e+01
   endloop
 endfacet
 facet normal  0.000000e+00  1.000000e+00  0.000000e+00
   outer loop
     vertex  1.748992e+01  1.307000e+02  1.780399e+01
     vertex  1.736874e+01  1.307000e+02  1.778042e+01
     vertex  1.687659e+01  1.307000e+02  1.775339e+01
   endloop
 endfacet
 facet normal  0.000000e+00  1.000000e+00  0.000000e+00
   outer loop
     vertex  1.919260e+01  1.307000e+02  1.949503e+01
     vertex  1.921700e+01  1.307000e+02  1.961605e+01
     vertex  1.920563e+01  1.307000e+02  1.955537e+01
   endloop
 endfacet
 facet normal  0.000000e+00  1.000000e+00  0.000000e+00
   outer loop
     vertex  1.919260e+01  1.307000e+02  1.949503e+01
     vertex  1.924868e+01  1.307000e+02  1.992285e+01
     vertex  1.923472e+01  1.307000e+02  1.973822e+01
   endloop
 endfacet
 facet normal  0.000000e+00  1.000000e+00  0.000000e+00
   outer loop
     vertex  1.919260e+01  1.307000e+02  1.949503e+01
     vertex  1.923472e+01  1.307000e+02  1.973822e+01
     vertex  1.921700e+01  1.307000e+02  1.961605e+01
   endloop
 endfacet
 facet normal  0.000000e+00  1.000000e+00  0.000000e+00
   outer loop
     vertex  1.917792e+01  1.307000e+02  1.943507e+01
     vertex  1.924868e+01  1.307000e+02  1.992285e+01
     vertex  1.919260e+01  1.307000e+02  1.949503e+01
   endloop
 endfacet
 facet normal  0.000000e+00  1.000000e+00  0.000000e+00
   outer loop
     vertex  1.760963e+01  1.307000e+02  1.783416e+01
     vertex  1.754998e+01  1.307000e+02  1.781825e+01
     vertex  1.748992e+01  1.307000e+02  1.780399e+01
   endloop
 endfacet
 facet normal  0.000000e+00  1.000000e+00  0.000000e+00
   outer loop
     vertex  1.760963e+01  1.307000e+02  1.783416e+01
     vertex  1.748992e+01  1.307000e+02  1.780399e+01
     vertex  1.657051e+01  1.307000e+02  1.779137e+01
   endloop
 endfacet
 facet normal  0.000000e+00  1.000000e+00  0.000000e+00
   outer loop
     vertex  1.914366e+01  1.307000e+02  1.931646e+01
     vertex  1.917792e+01  1.307000e+02  1.943507e+01
     vertex  1.916161e+01  1.307000e+02  1.937553e+01
   endloop
 endfacet
 facet normal  0.000000e+00  1.000000e+00  0.000000e+00
   outer loop
     vertex  1.910294e+01  1.307000e+02  1.919992e+01
     vertex  1.917792e+01  1.307000e+02  1.943507e+01
     vertex  1.914366e+01  1.307000e+02  1.931646e+01
   endloop
 endfacet
 facet normal  0.000000e+00  1.000000e+00  0.000000e+00
   outer loop
     vertex  1.910294e+01  1.307000e+02  1.919992e+01
     vertex  1.914366e+01  1.307000e+02  1.931646e+01
     vertex  1.912410e+01  1.307000e+02  1.925791e+01
   endloop
 endfacet
 facet normal  0.000000e+00  1.000000e+00  0.000000e+00
   outer loop
     vertex  1.784318e+01  1.307000e+02  1.791396e+01
     vertex  1.766882e+01  1.307000e+02  1.785170e+01
     vertex  1.760963e+01  1.307000e+02  1.783416e+01
   endloop
 endfacet
 facet normal  0.000000e+00  1.000000e+00  0.000000e+00
   outer loop
     vertex  1.784318e+01  1.307000e+02  1.791396e+01
     vertex  1.772750e+01  1.307000e+02  1.787086e+01
     vertex  1.766882e+01  1.307000e+02  1.785170e+01
   endloop
 endfacet
 facet normal  0.000000e+00  1.000000e+00  0.000000e+00
   outer loop
     vertex  1.784318e+01  1.307000e+02  1.791396e+01
     vertex  1.778564e+01  1.307000e+02  1.789162e+01
     vertex  1.772750e+01  1.307000e+02  1.787086e+01
   endloop
 endfacet
 facet normal  0.000000e+00  1.000000e+00  0.000000e+00
   outer loop
     vertex  1.784318e+01  1.307000e+02  1.791396e+01
     vertex  1.760963e+01  1.307000e+02  1.783416e+01
     vertex  1.657051e+01  1.307000e+02  1.779137e+01
   endloop
 endfacet
 facet normal  0.000000e+00  1.000000e+00  0.000000e+00
   outer loop
     vertex  1.790009e+01  1.307000e+02  1.793788e+01
     vertex  1.784318e+01  1.307000e+02  1.791396e+01
     vertex  1.657051e+01  1.307000e+02  1.779137e+01
   endloop
 endfacet
 facet normal  0.000000e+00  1.000000e+00  0.000000e+00
   outer loop
     vertex  1.905590e+01  1.307000e+02  1.908578e+01
     vertex  1.917792e+01  1.307000e+02  1.943507e+01
     vertex  1.910294e+01  1.307000e+02  1.919992e+01
   endloop
 endfacet
 facet normal  0.000000e+00  1.000000e+00  0.000000e+00
   outer loop
     vertex  1.905590e+01  1.307000e+02  1.908578e+01
     vertex  1.910294e+01  1.307000e+02  1.919992e+01
     vertex  1.908020e+01  1.307000e+02  1.914253e+01
   endloop
 endfacet
 facet normal  0.000000e+00  1.000000e+00  0.000000e+00
   outer loop
     vertex  1.795633e+01  1.307000e+02  1.796335e+01
     vertex  1.790009e+01  1.307000e+02  1.793788e+01
     vertex  1.657051e+01  1.307000e+02  1.779137e+01
   endloop
 endfacet
 facet normal  0.000000e+00  1.000000e+00  0.000000e+00
   outer loop
     vertex  1.903004e+01  1.307000e+02  1.902973e+01
     vertex  1.924868e+01  1.307000e+02  1.992285e+01
     vertex  1.917792e+01  1.307000e+02  1.943507e+01
   endloop
 endfacet
 facet normal  0.000000e+00  1.000000e+00  0.000000e+00
   outer loop
     vertex  1.903004e+01  1.307000e+02  1.902973e+01
     vertex  1.917792e+01  1.307000e+02  1.943507e+01
     vertex  1.905590e+01  1.307000e+02  1.908578e+01
   endloop
 endfacet
 facet normal  0.000000e+00  1.000000e+00  0.000000e+00
   outer loop
     vertex  1.897377e+01  1.307000e+02  1.891984e+01
     vertex  1.903004e+01  1.307000e+02  1.902973e+01
     vertex  1.900266e+01  1.307000e+02  1.897440e+01
   endloop
 endfacet
 facet normal  0.000000e+00  1.000000e+00  0.000000e+00
   outer loop
     vertex  1.812054e+01  1.307000e+02  1.804888e+01
     vertex  1.801184e+01  1.307000e+02  1.799035e+01
     vertex  1.795633e+01  1.307000e+02  1.796335e+01
   endloop
 endfacet
 facet normal  0.000000e+00  1.000000e+00  0.000000e+00
   outer loop
     vertex  1.812054e+01  1.307000e+02  1.804888e+01
     vertex  1.806659e+01  1.307000e+02  1.801887e+01
     vertex  1.801184e+01  1.307000e+02  1.799035e+01
   endloop
 endfacet
 facet normal  0.000000e+00  1.000000e+00  0.000000e+00
   outer loop
     vertex  1.812054e+01  1.307000e+02  1.804888e+01
     vertex  1.657051e+01  1.307000e+02  1.779137e+01
     vertex  1.593341e+01  1.307000e+02  1.801887e+01
   endloop
 endfacet
 facet normal  0.000000e+00  1.000000e+00  0.000000e+00
   outer loop
     vertex  1.812054e+01  1.307000e+02  1.804888e+01
     vertex  1.795633e+01  1.307000e+02  1.796335e+01
     vertex  1.657051e+01  1.307000e+02  1.779137e+01
   endloop
 endfacet
 facet normal  0.000000e+00  1.000000e+00  0.000000e+00
   outer loop
     vertex  1.894339e+01  1.307000e+02  1.886610e+01
     vertex  1.903004e+01  1.307000e+02  1.902973e+01
     vertex  1.897377e+01  1.307000e+02  1.891984e+01
   endloop
 endfacet
 facet normal  0.000000e+00  1.000000e+00  0.000000e+00
   outer loop
     vertex  1.894339e+01  1.307000e+02  1.886610e+01
     vertex  1.924868e+01  1.307000e+02  1.992285e+01
     vertex  1.903004e+01  1.307000e+02  1.902973e+01
   endloop
 endfacet
 facet normal  0.000000e+00  1.000000e+00  0.000000e+00
   outer loop
     vertex  1.822587e+01  1.307000e+02  1.811327e+01
     vertex  1.817365e+01  1.307000e+02  1.808035e+01
     vertex  1.812054e+01  1.307000e+02  1.804888e+01
   endloop
 endfacet
 facet normal  0.000000e+00  1.000000e+00  0.000000e+00
   outer loop
     vertex  1.827717e+01  1.307000e+02  1.814761e+01
     vertex  1.822587e+01  1.307000e+02  1.811327e+01
     vertex  1.812054e+01  1.307000e+02  1.804888e+01
   endloop
 endfacet
 facet normal  0.000000e+00  1.000000e+00  0.000000e+00
   outer loop
     vertex  1.884358e+01  1.307000e+02  1.871016e+01
     vertex  1.891155e+01  1.307000e+02  1.881321e+01
     vertex  1.887828e+01  1.307000e+02  1.876122e+01
   endloop
 endfacet
 facet normal  0.000000e+00  1.000000e+00  0.000000e+00
   outer loop
     vertex  1.884358e+01  1.307000e+02  1.871016e+01
     vertex  1.894339e+01  1.307000e+02  1.886610e+01
     vertex  1.891155e+01  1.307000e+02  1.881321e+01
   endloop
 endfacet
 facet normal  0.000000e+00  1.000000e+00  0.000000e+00
   outer loop
     vertex  1.884358e+01  1.307000e+02  1.871016e+01
     vertex  1.924868e+01  1.307000e+02  1.992285e+01
     vertex  1.894339e+01  1.307000e+02  1.886610e+01
   endloop
 endfacet
 facet normal  0.000000e+00  1.000000e+00  0.000000e+00
   outer loop
     vertex  1.832751e+01  1.307000e+02  1.818335e+01
     vertex  1.827717e+01  1.307000e+02  1.814761e+01
     vertex  1.812054e+01  1.307000e+02  1.804888e+01
   endloop
 endfacet
 facet normal  0.000000e+00  1.000000e+00  0.000000e+00
   outer loop
     vertex  1.837684e+01  1.307000e+02  1.822045e+01
     vertex  1.812054e+01  1.307000e+02  1.804888e+01
     vertex  1.593341e+01  1.307000e+02  1.801887e+01
   endloop
 endfacet
 facet normal  0.000000e+00  1.000000e+00  0.000000e+00
   outer loop
     vertex  1.837684e+01  1.307000e+02  1.822045e+01
     vertex  1.601582e+01  1.307000e+02  2.202334e+01
     vertex  1.607170e+01  1.307000e+02  2.204958e+01
   endloop
 endfacet
 facet normal  0.000000e+00  1.000000e+00  0.000000e+00
   outer loop
     vertex  1.837684e+01  1.307000e+02  1.822045e+01
     vertex  1.545887e+01  1.307000e+02  2.163933e+01
     vertex  1.550442e+01  1.307000e+02  2.168100e+01
   endloop
 endfacet
 facet normal  0.000000e+00  1.000000e+00  0.000000e+00
   outer loop
     vertex  1.837684e+01  1.307000e+02  1.822045e+01
     vertex  1.832751e+01  1.307000e+02  1.818335e+01
     vertex  1.812054e+01  1.307000e+02  1.804888e+01
   endloop
 endfacet
 facet normal  0.000000e+00  1.000000e+00  0.000000e+00
   outer loop
     vertex  1.837684e+01  1.307000e+02  1.822045e+01
     vertex  1.590633e+01  1.307000e+02  2.196631e+01
     vertex  1.601582e+01  1.307000e+02  2.202334e+01
   endloop
 endfacet
 facet normal  0.000000e+00  1.000000e+00  0.000000e+00
   outer loop
     vertex  1.837684e+01  1.307000e+02  1.822045e+01
     vertex  1.593341e+01  1.307000e+02  1.801887e+01
     vertex  1.545887e+01  1.307000e+02  2.163933e+01
   endloop
 endfacet
 facet normal  0.000000e+00  1.000000e+00  0.000000e+00
   outer loop
     vertex  1.837684e+01  1.307000e+02  1.822045e+01
     vertex  1.550442e+01  1.307000e+02  2.168100e+01
     vertex  1.590633e+01  1.307000e+02  2.196631e+01
   endloop
 endfacet
 facet normal  0.000000e+00  1.000000e+00  0.000000e+00
   outer loop
     vertex  1.837684e+01  1.307000e+02  1.822045e+01
     vertex  1.607170e+01  1.307000e+02  2.204958e+01
     vertex  1.618551e+01  1.307000e+02  2.209741e+01
   endloop
 endfacet
 facet normal  0.000000e+00  1.000000e+00  0.000000e+00
   outer loop
     vertex  1.877006e+01  1.307000e+02  1.861098e+01
     vertex  1.884358e+01  1.307000e+02  1.871016e+01
     vertex  1.880750e+01  1.307000e+02  1.866006e+01
   endloop
 endfacet
 facet normal  0.000000e+00  1.000000e+00  0.000000e+00
   outer loop
     vertex  1.842515e+01  1.307000e+02  1.825889e+01
     vertex  1.837684e+01  1.307000e+02  1.822045e+01
     vertex  1.618551e+01  1.307000e+02  2.209741e+01
   endloop
 endfacet
 facet normal  0.000000e+00  1.000000e+00  0.000000e+00
   outer loop
     vertex  1.873129e+01  1.307000e+02  1.856294e+01
     vertex  1.884358e+01  1.307000e+02  1.871016e+01
     vertex  1.877006e+01  1.307000e+02  1.861098e+01
   endloop
 endfacet
 facet normal  0.000000e+00  1.000000e+00  0.000000e+00
   outer loop
     vertex  1.860728e+01  1.307000e+02  1.842546e+01
     vertex  1.648000e+01  1.307000e+02  2.218909e+01
     vertex  1.666175e+01  1.307000e+02  2.222443e+01
   endloop
 endfacet
 facet normal  0.000000e+00  1.000000e+00  0.000000e+00
   outer loop
     vertex  1.860728e+01  1.307000e+02  1.842546e+01
     vertex  1.618551e+01  1.307000e+02  2.209741e+01
     vertex  1.648000e+01  1.307000e+02  2.218909e+01
   endloop
 endfacet
 facet normal  0.000000e+00  1.000000e+00  0.000000e+00
   outer loop
     vertex  1.860728e+01  1.307000e+02  1.842546e+01
     vertex  1.666175e+01  1.307000e+02  2.222443e+01
     vertex  1.690742e+01  1.307000e+02  2.224809e+01
   endloop
 endfacet
 facet normal  0.000000e+00  1.000000e+00  0.000000e+00
   outer loop
     vertex  1.860728e+01  1.307000e+02  1.842546e+01
     vertex  1.884358e+01  1.307000e+02  1.871016e+01
     vertex  1.873129e+01  1.307000e+02  1.856294e+01
   endloop
 endfacet
 facet normal  0.000000e+00  1.000000e+00  0.000000e+00
   outer loop
     vertex  1.860728e+01  1.307000e+02  1.842546e+01
     vertex  1.847238e+01  1.307000e+02  1.829864e+01
     vertex  1.842515e+01  1.307000e+02  1.825889e+01
   endloop
 endfacet
 facet normal  0.000000e+00  1.000000e+00  0.000000e+00
   outer loop
     vertex  1.860728e+01  1.307000e+02  1.842546e+01
     vertex  1.851850e+01  1.307000e+02  1.833968e+01
     vertex  1.847238e+01  1.307000e+02  1.829864e+01
   endloop
 endfacet
 facet normal  0.000000e+00  1.000000e+00  0.000000e+00
   outer loop
     vertex  1.860728e+01  1.307000e+02  1.842546e+01
     vertex  1.856347e+01  1.307000e+02  1.838196e+01
     vertex  1.851850e+01  1.307000e+02  1.833968e+01
   endloop
 endfacet
 facet normal  0.000000e+00  1.000000e+00  0.000000e+00
   outer loop
     vertex  1.860728e+01  1.307000e+02  1.842546e+01
     vertex  1.869122e+01  1.307000e+02  1.851599e+01
     vertex  1.864987e+01  1.307000e+02  1.847015e+01
   endloop
 endfacet
 facet normal  0.000000e+00  1.000000e+00  0.000000e+00
   outer loop
     vertex  1.860728e+01  1.307000e+02  1.842546e+01
     vertex  1.873129e+01  1.307000e+02  1.856294e+01
     vertex  1.869122e+01  1.307000e+02  1.851599e+01
   endloop
 endfacet
 facet normal  0.000000e+00  1.000000e+00  0.000000e+00
   outer loop
     vertex  1.860728e+01  1.307000e+02  1.842546e+01
     vertex  1.871141e+01  1.307000e+02  2.146067e+01
     vertex  1.919932e+01  1.307000e+02  2.047484e+01
   endloop
 endfacet
 facet normal  0.000000e+00  1.000000e+00  0.000000e+00
   outer loop
     vertex  1.860728e+01  1.307000e+02  1.842546e+01
     vertex  1.690742e+01  1.307000e+02  2.224809e+01
     vertex  1.703087e+01  1.307000e+02  2.224979e+01
   endloop
 endfacet
 facet normal  0.000000e+00  1.000000e+00  0.000000e+00
   outer loop
     vertex  1.860728e+01  1.307000e+02  1.842546e+01
     vertex  1.842515e+01  1.307000e+02  1.825889e+01
     vertex  1.618551e+01  1.307000e+02  2.209741e+01
   endloop
 endfacet
 facet normal  0.000000e+00  1.000000e+00  0.000000e+00
   outer loop
     vertex  1.860728e+01  1.307000e+02  1.842546e+01
     vertex  1.924868e+01  1.307000e+02  1.992285e+01
     vertex  1.884358e+01  1.307000e+02  1.871016e+01
   endloop
 endfacet
 facet normal  0.000000e+00  1.000000e+00  0.000000e+00
   outer loop
     vertex  1.860728e+01  1.307000e+02  1.842546e+01
     vertex  1.919932e+01  1.307000e+02  2.047484e+01
     vertex  1.924868e+01  1.307000e+02  1.992285e+01
   endloop
 endfacet
 facet normal  0.000000e+00  1.000000e+00 -0.000000e+00
   outer loop
     vertex  1.860728e+01  1.307000e+02  1.842546e+01
     vertex  1.803931e+01  1.307000e+02  2.199558e+01
     vertex  1.871141e+01  1.307000e+02  2.146067e+01
   endloop
 endfacet
 facet normal  0.000000e+00  1.000000e+00  0.000000e+00
   outer loop
     vertex  1.860728e+01  1.307000e+02  1.842546e+01
     vertex  1.703087e+01  1.307000e+02  2.224979e+01
     vertex  1.803931e+01  1.307000e+02  2.199558e+01
   endloop
 endfacet
 facet normal  0.000000e+00  1.000000e+00  0.000000e+00
   outer loop
     vertex  5.824916e+01  1.307000e+02  2.141317e+01
     vertex  5.828859e+01  1.307000e+02  2.146067e+01
     vertex  5.832930e+01  1.307000e+02  2.150707e+01
   endloop
 endfacet
 facet normal  0.000000e+00  1.000000e+00  0.000000e+00
   outer loop
     vertex  5.817428e+01  1.307000e+02  2.131501e+01
     vertex  5.821105e+01  1.307000e+02  2.136461e+01
     vertex  5.824916e+01  1.307000e+02  2.141317e+01
   endloop
 endfacet
 facet normal  0.000000e+00  1.000000e+00  0.000000e+00
   outer loop
     vertex  5.874836e+01  1.307000e+02  2.186973e+01
     vertex  5.864770e+01  1.307000e+02  2.179827e+01
     vertex  5.869754e+01  1.307000e+02  2.183469e+01
   endloop
 endfacet
 facet normal  0.000000e+00  1.000000e+00  0.000000e+00
   outer loop
     vertex  5.880013e+01  1.307000e+02  2.190337e+01
     vertex  5.859887e+01  1.307000e+02  2.176049e+01
     vertex  5.864770e+01  1.307000e+02  2.179827e+01
   endloop
 endfacet
 facet normal  0.000000e+00  1.000000e+00  0.000000e+00
   outer loop
     vertex  5.880013e+01  1.307000e+02  2.190337e+01
     vertex  5.855110e+01  1.307000e+02  2.172139e+01
     vertex  5.859887e+01  1.307000e+02  2.176049e+01
   endloop
 endfacet
 facet normal  0.000000e+00  1.000000e+00  0.000000e+00
   outer loop
     vertex  5.880013e+01  1.307000e+02  2.190337e+01
     vertex  5.850442e+01  1.307000e+02  2.168100e+01
     vertex  5.855110e+01  1.307000e+02  2.172139e+01
   endloop
 endfacet
 facet normal  0.000000e+00  1.000000e+00  0.000000e+00
   outer loop
     vertex  5.880013e+01  1.307000e+02  2.190337e+01
     vertex  5.845887e+01  1.307000e+02  2.163933e+01
     vertex  5.850442e+01  1.307000e+02  2.168100e+01
   endloop
 endfacet
 facet normal  0.000000e+00  1.000000e+00  0.000000e+00
   outer loop
     vertex  5.880013e+01  1.307000e+02  2.190337e+01
     vertex  5.841448e+01  1.307000e+02  2.159644e+01
     vertex  5.845887e+01  1.307000e+02  2.163933e+01
   endloop
 endfacet
 facet normal  0.000000e+00  1.000000e+00  0.000000e+00
   outer loop
     vertex  5.880013e+01  1.307000e+02  2.190337e+01
     vertex  5.837128e+01  1.307000e+02  2.155234e+01
     vertex  5.841448e+01  1.307000e+02  2.159644e+01
   endloop
 endfacet
 facet normal  0.000000e+00  1.000000e+00  0.000000e+00
   outer loop
     vertex  5.880013e+01  1.307000e+02  2.190337e+01
     vertex  5.832930e+01  1.307000e+02  2.150707e+01
     vertex  5.837128e+01  1.307000e+02  2.155234e+01
   endloop
 endfacet
 facet normal  0.000000e+00  1.000000e+00  0.000000e+00
   outer loop
     vertex  5.880013e+01  1.307000e+02  2.190337e+01
     vertex  5.864770e+01  1.307000e+02  2.179827e+01
     vertex  5.874836e+01  1.307000e+02  2.186973e+01
   endloop
 endfacet
 facet normal  0.000000e+00  1.000000e+00  0.000000e+00
   outer loop
     vertex  5.890633e+01  1.307000e+02  2.196631e+01
     vertex  5.880013e+01  1.307000e+02  2.190337e+01
     vertex  5.885280e+01  1.307000e+02  2.193557e+01
   endloop
 endfacet
 facet normal  0.000000e+00  1.000000e+00  0.000000e+00
   outer loop
     vertex  5.801160e+01  1.307000e+02  2.105298e+01
     vertex  5.810491e+01  1.307000e+02  2.121290e+01
     vertex  5.813890e+01  1.307000e+02  2.126443e+01
   endloop
 endfacet
 facet normal  0.000000e+00  1.000000e+00  0.000000e+00
   outer loop
     vertex  5.801160e+01  1.307000e+02  2.105298e+01
     vertex  5.807235e+01  1.307000e+02  2.116045e+01
     vertex  5.810491e+01  1.307000e+02  2.121290e+01
   endloop
 endfacet
 facet normal  0.000000e+00  1.000000e+00  0.000000e+00
   outer loop
     vertex  5.801160e+01  1.307000e+02  2.105298e+01
     vertex  5.804124e+01  1.307000e+02  2.110713e+01
     vertex  5.807235e+01  1.307000e+02  2.116045e+01
   endloop
 endfacet
 facet normal  0.000000e+00  1.000000e+00  0.000000e+00
   outer loop
     vertex  5.901582e+01  1.307000e+02  2.202334e+01
     vertex  5.890633e+01  1.307000e+02  2.196631e+01
     vertex  5.896069e+01  1.307000e+02  2.199558e+01
   endloop
 endfacet
 facet normal  0.000000e+00  1.000000e+00  0.000000e+00
   outer loop
     vertex  5.907170e+01  1.307000e+02  2.204958e+01
     vertex  5.890633e+01  1.307000e+02  2.196631e+01
     vertex  5.901582e+01  1.307000e+02  2.202334e+01
   endloop
 endfacet
 facet normal  0.000000e+00  1.000000e+00  0.000000e+00
   outer loop
     vertex  5.793176e+01  1.307000e+02  2.088593e+01
     vertex  5.798346e+01  1.307000e+02  2.099803e+01
     vertex  5.801160e+01  1.307000e+02  2.105298e+01
   endloop
 endfacet
 facet normal  0.000000e+00  1.000000e+00  0.000000e+00
   outer loop
     vertex  5.793176e+01  1.307000e+02  2.088593e+01
     vertex  5.795684e+01  1.307000e+02  2.094233e+01
     vertex  5.798346e+01  1.307000e+02  2.099803e+01
   endloop
 endfacet
 facet normal  0.000000e+00  1.000000e+00  0.000000e+00
   outer loop
     vertex  5.790823e+01  1.307000e+02  2.082885e+01
     vertex  5.793176e+01  1.307000e+02  2.088593e+01
     vertex  5.801160e+01  1.307000e+02  2.105298e+01
   endloop
 endfacet
 facet normal  0.000000e+00  1.000000e+00  0.000000e+00
   outer loop
     vertex  5.918551e+01  1.307000e+02  2.209741e+01
     vertex  5.907170e+01  1.307000e+02  2.204958e+01
     vertex  5.912828e+01  1.307000e+02  2.207427e+01
   endloop
 endfacet
 facet normal  0.000000e+00  1.000000e+00  0.000000e+00
   outer loop
     vertex  5.918551e+01  1.307000e+02  2.209741e+01
     vertex  5.890633e+01  1.307000e+02  2.196631e+01
     vertex  5.907170e+01  1.307000e+02  2.204958e+01
   endloop
 endfacet
 facet normal  0.000000e+00  1.000000e+00  0.000000e+00
   outer loop
     vertex  5.786592e+01  1.307000e+02  2.071288e+01
     vertex  5.788628e+01  1.307000e+02  2.077116e+01
     vertex  5.790823e+01  1.307000e+02  2.082885e+01
   endloop
 endfacet
 facet normal  0.000000e+00  1.000000e+00  0.000000e+00
   outer loop
     vertex  5.930178e+01  1.307000e+02  2.213892e+01
     vertex  5.918551e+01  1.307000e+02  2.209741e+01
     vertex  5.924336e+01  1.307000e+02  2.211896e+01
   endloop
 endfacet
 facet normal  0.000000e+00  1.000000e+00  0.000000e+00
   outer loop
     vertex  5.936072e+01  1.307000e+02  2.215727e+01
     vertex  5.918551e+01  1.307000e+02  2.209741e+01
     vertex  5.930178e+01  1.307000e+02  2.213892e+01
   endloop
 endfacet
 facet normal  0.000000e+00  1.000000e+00  0.000000e+00
   outer loop
     vertex  5.781453e+01  1.307000e+02  2.053500e+01
     vertex  5.784716e+01  1.307000e+02  2.065406e+01
     vertex  5.786592e+01  1.307000e+02  2.071288e+01
   endloop
 endfacet
 facet normal  0.000000e+00  1.000000e+00  0.000000e+00
   outer loop
     vertex  5.781453e+01  1.307000e+02  2.053500e+01
     vertex  5.783003e+01  1.307000e+02  2.059476e+01
     vertex  5.784716e+01  1.307000e+02  2.065406e+01
   endloop
 endfacet
 facet normal  0.000000e+00  1.000000e+00  0.000000e+00
   outer loop
     vertex  5.781453e+01  1.307000e+02  2.053500e+01
     vertex  5.786592e+01  1.307000e+02  2.071288e+01
     vertex  5.790823e+01  1.307000e+02  2.082885e+01
   endloop
 endfacet
 facet normal  0.000000e+00  1.000000e+00  0.000000e+00
   outer loop
     vertex  5.948000e+01  1.307000e+02  2.218909e+01
     vertex  5.936072e+01  1.307000e+02  2.215727e+01
     vertex  5.942014e+01  1.307000e+02  2.217400e+01
   endloop
 endfacet
 facet normal  0.000000e+00  1.000000e+00  0.000000e+00
   outer loop
     vertex  5.948000e+01  1.307000e+02  2.218909e+01
     vertex  5.918551e+01  1.307000e+02  2.209741e+01
     vertex  5.936072e+01  1.307000e+02  2.215727e+01
   endloop
 endfacet
 facet normal  0.000000e+00  1.000000e+00  0.000000e+00
   outer loop
     vertex  5.777794e+01  1.307000e+02  2.035350e+01
     vertex  5.780068e+01  1.307000e+02  2.047484e+01
     vertex  5.781453e+01  1.307000e+02  2.053500e+01
   endloop
 endfacet
 facet normal  0.000000e+00  1.000000e+00  0.000000e+00
   outer loop
     vertex  5.777794e+01  1.307000e+02  2.035350e+01
     vertex  5.778848e+01  1.307000e+02  2.041433e+01
     vertex  5.780068e+01  1.307000e+02  2.047484e+01
   endloop
 endfacet
 facet normal  0.000000e+00  1.000000e+00  0.000000e+00
   outer loop
     vertex  5.966175e+01  1.307000e+02  2.222443e+01
     vertex  5.954025e+01  1.307000e+02  2.220253e+01
     vertex  5.960085e+01  1.307000e+02  2.221431e+01
   endloop
 endfacet
 facet normal  0.000000e+00  1.000000e+00  0.000000e+00
   outer loop
     vertex  5.966175e+01  1.307000e+02  2.222443e+01
     vertex  5.948000e+01  1.307000e+02  2.218909e+01
     vertex  5.954025e+01  1.307000e+02  2.220253e+01
   endloop
 endfacet
 facet normal  0.000000e+00  1.000000e+00  0.000000e+00
   outer loop
     vertex  5.776190e+01  1.307000e+02  2.023110e+01
     vertex  5.776908e+01  1.307000e+02  2.029241e+01
     vertex  5.777794e+01  1.307000e+02  2.035350e+01
   endloop
 endfacet
 facet normal  0.000000e+00  1.000000e+00  0.000000e+00
   outer loop
     vertex  5.775640e+01  1.307000e+02  2.016961e+01
     vertex  5.781453e+01  1.307000e+02  2.053500e+01
     vertex  5.790823e+01  1.307000e+02  2.082885e+01
   endloop
 endfacet
 facet normal  0.000000e+00  1.000000e+00  0.000000e+00
   outer loop
     vertex  5.775640e+01  1.307000e+02  2.016961e+01
     vertex  5.776190e+01  1.307000e+02  2.023110e+01
     vertex  5.777794e+01  1.307000e+02  2.035350e+01
   endloop
 endfacet
 facet normal  0.000000e+00  1.000000e+00  0.000000e+00
   outer loop
     vertex  5.775640e+01  1.307000e+02  2.016961e+01
     vertex  5.813890e+01  1.307000e+02  2.126443e+01
     vertex  5.817428e+01  1.307000e+02  2.131501e+01
   endloop
 endfacet
 facet normal  0.000000e+00  1.000000e+00  0.000000e+00
   outer loop
     vertex  5.775640e+01  1.307000e+02  2.016961e+01
     vertex  5.817428e+01  1.307000e+02  2.131501e+01
     vertex  5.824916e+01  1.307000e+02  2.141317e+01
   endloop
 endfacet
 facet normal  0.000000e+00  1.000000e+00  0.000000e+00
   outer loop
     vertex  5.775640e+01  1.307000e+02  2.016961e+01
     vertex  5.801160e+01  1.307000e+02  2.105298e+01
     vertex  5.813890e+01  1.307000e+02  2.126443e+01
   endloop
 endfacet
 facet normal  0.000000e+00  1.000000e+00  0.000000e+00
   outer loop
     vertex  5.775640e+01  1.307000e+02  2.016961e+01
     vertex  5.777794e+01  1.307000e+02  2.035350e+01
     vertex  5.781453e+01  1.307000e+02  2.053500e+01
   endloop
 endfacet
 facet normal  0.000000e+00  1.000000e+00  0.000000e+00
   outer loop
     vertex  5.775640e+01  1.307000e+02  2.016961e+01
     vertex  5.790823e+01  1.307000e+02  2.082885e+01
     vertex  5.801160e+01  1.307000e+02  2.105298e+01
   endloop
 endfacet
 facet normal  0.000000e+00  1.000000e+00  0.000000e+00
   outer loop
     vertex  5.775048e+01  1.307000e+02  2.004630e+01
     vertex  5.775259e+01  1.307000e+02  2.010799e+01
     vertex  5.775640e+01  1.307000e+02  2.016961e+01
   endloop
 endfacet
 facet normal  0.000000e+00  1.000000e+00  0.000000e+00
   outer loop
     vertex  5.775005e+01  1.307000e+02  1.998457e+01
     vertex  5.775048e+01  1.307000e+02  2.004630e+01
     vertex  5.775640e+01  1.307000e+02  2.016961e+01
   endloop
 endfacet
 facet normal  0.000000e+00  1.000000e+00  0.000000e+00
   outer loop
     vertex  6.003087e+01  1.307000e+02  2.224979e+01
     vertex  5.990742e+01  1.307000e+02  2.224809e+01
     vertex  5.996913e+01  1.307000e+02  2.224979e+01
   endloop
 endfacet
 facet normal  0.000000e+00  1.000000e+00  0.000000e+00
   outer loop
     vertex  5.776528e+01  1.307000e+02  1.973822e+01
     vertex  5.775429e+01  1.307000e+02  1.986119e+01
     vertex  5.775132e+01  1.307000e+02  1.992285e+01
   endloop
 endfacet
 facet normal  0.000000e+00  1.000000e+00  0.000000e+00
   outer loop
     vertex  5.776528e+01  1.307000e+02  1.973822e+01
     vertex  5.775894e+01  1.307000e+02  1.979963e+01
     vertex  5.775429e+01  1.307000e+02  1.986119e+01
   endloop
 endfacet
 facet normal  0.000000e+00  1.000000e+00  0.000000e+00
   outer loop
     vertex  5.778300e+01  1.307000e+02  1.961605e+01
     vertex  5.777330e+01  1.307000e+02  1.967701e+01
     vertex  5.776528e+01  1.307000e+02  1.973822e+01
   endloop
 endfacet
 facet normal  0.000000e+00  1.000000e+00  0.000000e+00
   outer loop
     vertex  5.779437e+01  1.307000e+02  1.955537e+01
     vertex  5.778300e+01  1.307000e+02  1.961605e+01
     vertex  5.776528e+01  1.307000e+02  1.973822e+01
   endloop
 endfacet
 facet normal  0.000000e+00  1.000000e+00  0.000000e+00
   outer loop
     vertex  5.779437e+01  1.307000e+02  1.955537e+01
     vertex  5.776528e+01  1.307000e+02  1.973822e+01
     vertex  5.775132e+01  1.307000e+02  1.992285e+01
   endloop
 endfacet
 facet normal  0.000000e+00  1.000000e+00  0.000000e+00
   outer loop
     vertex  6.052000e+01  1.307000e+02  2.218909e+01
     vertex  6.039915e+01  1.307000e+02  2.221431e+01
     vertex  6.045975e+01  1.307000e+02  2.220253e+01
   endloop
 endfacet
 facet normal  0.000000e+00  1.000000e+00  0.000000e+00
   outer loop
     vertex  5.782208e+01  1.307000e+02  1.943507e+01
     vertex  5.780740e+01  1.307000e+02  1.949503e+01
     vertex  5.779437e+01  1.307000e+02  1.955537e+01
   endloop
 endfacet
 facet normal  0.000000e+00  1.000000e+00  0.000000e+00
   outer loop
     vertex  6.063928e+01  1.307000e+02  2.215727e+01
     vertex  6.052000e+01  1.307000e+02  2.218909e+01
     vertex  6.057986e+01  1.307000e+02  2.217400e+01
   endloop
 endfacet
 facet normal  0.000000e+00  1.000000e+00  0.000000e+00
   outer loop
     vertex  6.063928e+01  1.307000e+02  2.215727e+01
     vertex  6.039915e+01  1.307000e+02  2.221431e+01
     vertex  6.052000e+01  1.307000e+02  2.218909e+01
   endloop
 endfacet
 facet normal  0.000000e+00  1.000000e+00  0.000000e+00
   outer loop
     vertex  5.785634e+01  1.307000e+02  1.931646e+01
     vertex  5.783839e+01  1.307000e+02  1.937553e+01
     vertex  5.782208e+01  1.307000e+02  1.943507e+01
   endloop
 endfacet
 facet normal  0.000000e+00  1.000000e+00  0.000000e+00
   outer loop
     vertex  5.787590e+01  1.307000e+02  1.925791e+01
     vertex  5.782208e+01  1.307000e+02  1.943507e+01
     vertex  5.779437e+01  1.307000e+02  1.955537e+01
   endloop
 endfacet
 facet normal  0.000000e+00  1.000000e+00  0.000000e+00
   outer loop
     vertex  5.787590e+01  1.307000e+02  1.925791e+01
     vertex  5.785634e+01  1.307000e+02  1.931646e+01
     vertex  5.782208e+01  1.307000e+02  1.943507e+01
   endloop
 endfacet
 facet normal  0.000000e+00  1.000000e+00  0.000000e+00
   outer loop
     vertex  6.075664e+01  1.307000e+02  2.211896e+01
     vertex  6.063928e+01  1.307000e+02  2.215727e+01
     vertex  6.069822e+01  1.307000e+02  2.213892e+01
   endloop
 endfacet
 facet normal  0.000000e+00  1.000000e+00  0.000000e+00
   outer loop
     vertex  5.789706e+01  1.307000e+02  1.919992e+01
     vertex  5.787590e+01  1.307000e+02  1.925791e+01
     vertex  5.779437e+01  1.307000e+02  1.955537e+01
   endloop
 endfacet
 facet normal  0.000000e+00  1.000000e+00  0.000000e+00
   outer loop
     vertex  6.081449e+01  1.307000e+02  2.209741e+01
     vertex  6.033825e+01  1.307000e+02  2.222443e+01
     vertex  6.039915e+01  1.307000e+02  2.221431e+01
   endloop
 endfacet
 facet normal  0.000000e+00  1.000000e+00  0.000000e+00
   outer loop
     vertex  6.081449e+01  1.307000e+02  2.209741e+01
     vertex  6.027710e+01  1.307000e+02  2.223287e+01
     vertex  6.033825e+01  1.307000e+02  2.222443e+01
   endloop
 endfacet
 facet normal  0.000000e+00  1.000000e+00  0.000000e+00
   outer loop
     vertex  6.081449e+01  1.307000e+02  2.209741e+01
     vertex  6.021574e+01  1.307000e+02  2.223963e+01
     vertex  6.027710e+01  1.307000e+02  2.223287e+01
   endloop
 endfacet
 facet normal  0.000000e+00  1.000000e+00  0.000000e+00
   outer loop
     vertex  6.081449e+01  1.307000e+02  2.209741e+01
     vertex  6.039915e+01  1.307000e+02  2.221431e+01
     vertex  6.063928e+01  1.307000e+02  2.215727e+01
   endloop
 endfacet
 facet normal  0.000000e+00  1.000000e+00  0.000000e+00
   outer loop
     vertex  6.081449e+01  1.307000e+02  2.209741e+01
     vertex  6.063928e+01  1.307000e+02  2.215727e+01
     vertex  6.075664e+01  1.307000e+02  2.211896e+01
   endloop
 endfacet
 facet normal  0.000000e+00  1.000000e+00  0.000000e+00
   outer loop
     vertex  5.791980e+01  1.307000e+02  1.914253e+01
     vertex  5.779437e+01  1.307000e+02  1.955537e+01
     vertex  5.775132e+01  1.307000e+02  1.992285e+01
   endloop
 endfacet
 facet normal  0.000000e+00  1.000000e+00  0.000000e+00
   outer loop
     vertex  5.791980e+01  1.307000e+02  1.914253e+01
     vertex  5.789706e+01  1.307000e+02  1.919992e+01
     vertex  5.779437e+01  1.307000e+02  1.955537e+01
   endloop
 endfacet
 facet normal  0.000000e+00  1.000000e+00  0.000000e+00
   outer loop
     vertex  5.791980e+01  1.307000e+02  1.914253e+01
     vertex  5.775132e+01  1.307000e+02  1.992285e+01
     vertex  5.775005e+01  1.307000e+02  1.998457e+01
   endloop
 endfacet
 facet normal  0.000000e+00  1.000000e+00  0.000000e+00
   outer loop
     vertex  6.092830e+01  1.307000e+02  2.204958e+01
     vertex  6.081449e+01  1.307000e+02  2.209741e+01
     vertex  6.087172e+01  1.307000e+02  2.207427e+01
   endloop
 endfacet
 facet normal  0.000000e+00  1.000000e+00  0.000000e+00
   outer loop
     vertex  5.796996e+01  1.307000e+02  1.902973e+01
     vertex  5.775005e+01  1.307000e+02  1.998457e+01
     vertex  5.775640e+01  1.307000e+02  2.016961e+01
   endloop
 endfacet
 facet normal  0.000000e+00  1.000000e+00  0.000000e+00
   outer loop
     vertex  5.796996e+01  1.307000e+02  1.902973e+01
     vertex  5.794410e+01  1.307000e+02  1.908578e+01
     vertex  5.791980e+01  1.307000e+02  1.914253e+01
   endloop
 endfacet
 facet normal  0.000000e+00  1.000000e+00  0.000000e+00
   outer loop
     vertex  5.796996e+01  1.307000e+02  1.902973e+01
     vertex  5.791980e+01  1.307000e+02  1.914253e+01
     vertex  5.775005e+01  1.307000e+02  1.998457e+01
   endloop
 endfacet
 facet normal  0.000000e+00  1.000000e+00  0.000000e+00
   outer loop
     vertex  6.098418e+01  1.307000e+02  2.202334e+01
     vertex  6.015421e+01  1.307000e+02  2.224471e+01
     vertex  6.021574e+01  1.307000e+02  2.223963e+01
   endloop
 endfacet
 facet normal  0.000000e+00  1.000000e+00  0.000000e+00
   outer loop
     vertex  6.098418e+01  1.307000e+02  2.202334e+01
     vertex  6.009258e+01  1.307000e+02  2.224809e+01
     vertex  6.015421e+01  1.307000e+02  2.224471e+01
   endloop
 endfacet
 facet normal  0.000000e+00  1.000000e+00  0.000000e+00
   outer loop
     vertex  6.098418e+01  1.307000e+02  2.202334e+01
     vertex  6.081449e+01  1.307000e+02  2.209741e+01
     vertex  6.092830e+01  1.307000e+02  2.204958e+01
   endloop
 endfacet
 facet normal  0.000000e+00  1.000000e+00  0.000000e+00
   outer loop
     vertex  6.098418e+01  1.307000e+02  2.202334e+01
     vertex  6.021574e+01  1.307000e+02  2.223963e+01
     vertex  6.081449e+01  1.307000e+02  2.209741e+01
   endloop
 endfacet
 facet normal  0.000000e+00  1.000000e+00  0.000000e+00
   outer loop
     vertex  6.103931e+01  1.307000e+02  2.199558e+01
     vertex  6.003087e+01  1.307000e+02  2.224979e+01
     vertex  6.009258e+01  1.307000e+02  2.224809e+01
   endloop
 endfacet
 facet normal  0.000000e+00  1.000000e+00  0.000000e+00
   outer loop
     vertex  6.103931e+01  1.307000e+02  2.199558e+01
     vertex  5.984579e+01  1.307000e+02  2.224471e+01
     vertex  5.990742e+01  1.307000e+02  2.224809e+01
   endloop
 endfacet
 facet normal  0.000000e+00  1.000000e+00  0.000000e+00
   outer loop
     vertex  6.103931e+01  1.307000e+02  2.199558e+01
     vertex  5.978426e+01  1.307000e+02  2.223963e+01
     vertex  5.984579e+01  1.307000e+02  2.224471e+01
   endloop
 endfacet
 facet normal  0.000000e+00  1.000000e+00  0.000000e+00
   outer loop
     vertex  6.103931e+01  1.307000e+02  2.199558e+01
     vertex  5.972290e+01  1.307000e+02  2.223287e+01
     vertex  5.978426e+01  1.307000e+02  2.223963e+01
   endloop
 endfacet
 facet normal  0.000000e+00  1.000000e+00  0.000000e+00
   outer loop
     vertex  6.103931e+01  1.307000e+02  2.199558e+01
     vertex  5.966175e+01  1.307000e+02  2.222443e+01
     vertex  5.972290e+01  1.307000e+02  2.223287e+01
   endloop
 endfacet
 facet normal  0.000000e+00  1.000000e+00  0.000000e+00
   outer loop
     vertex  6.103931e+01  1.307000e+02  2.199558e+01
     vertex  5.990742e+01  1.307000e+02  2.224809e+01
     vertex  6.003087e+01  1.307000e+02  2.224979e+01
   endloop
 endfacet
 facet normal  0.000000e+00  1.000000e+00  0.000000e+00
   outer loop
     vertex  6.103931e+01  1.307000e+02  2.199558e+01
     vertex  6.009258e+01  1.307000e+02  2.224809e+01
     vertex  6.098418e+01  1.307000e+02  2.202334e+01
   endloop
 endfacet
 facet normal  0.000000e+00  1.000000e+00  0.000000e+00
   outer loop
     vertex  5.802623e+01  1.307000e+02  1.891984e+01
     vertex  5.799734e+01  1.307000e+02  1.897440e+01
     vertex  5.796996e+01  1.307000e+02  1.902973e+01
   endloop
 endfacet
 facet normal  0.000000e+00  1.000000e+00  0.000000e+00
   outer loop
     vertex  6.114720e+01  1.307000e+02  2.193557e+01
     vertex  6.103931e+01  1.307000e+02  2.199558e+01
     vertex  6.109367e+01  1.307000e+02  2.196631e+01
   endloop
 endfacet
 facet normal  0.000000e+00  1.000000e+00  0.000000e+00
   outer loop
     vertex  5.808845e+01  1.307000e+02  1.881321e+01
     vertex  5.805661e+01  1.307000e+02  1.886610e+01
     vertex  5.802623e+01  1.307000e+02  1.891984e+01
   endloop
 endfacet
 facet normal  0.000000e+00  1.000000e+00  0.000000e+00
   outer loop
     vertex  6.119987e+01  1.307000e+02  2.190337e+01
     vertex  5.966175e+01  1.307000e+02  2.222443e+01
     vertex  6.103931e+01  1.307000e+02  2.199558e+01
   endloop
 endfacet
 facet normal  0.000000e+00  1.000000e+00  0.000000e+00
   outer loop
     vertex  6.119987e+01  1.307000e+02  2.190337e+01
     vertex  6.103931e+01  1.307000e+02  2.199558e+01
     vertex  6.114720e+01  1.307000e+02  2.193557e+01
   endloop
 endfacet
 facet normal  0.000000e+00  1.000000e+00  0.000000e+00
   outer loop
     vertex  5.812172e+01  1.307000e+02  1.876122e+01
     vertex  5.802623e+01  1.307000e+02  1.891984e+01
     vertex  5.796996e+01  1.307000e+02  1.902973e+01
   endloop
 endfacet
 facet normal  0.000000e+00  1.000000e+00  0.000000e+00
   outer loop
     vertex  5.812172e+01  1.307000e+02  1.876122e+01
     vertex  5.808845e+01  1.307000e+02  1.881321e+01
     vertex  5.802623e+01  1.307000e+02  1.891984e+01
   endloop
 endfacet
 facet normal  0.000000e+00  1.000000e+00  0.000000e+00
   outer loop
     vertex  5.819250e+01  1.307000e+02  1.866006e+01
     vertex  5.812172e+01  1.307000e+02  1.876122e+01
     vertex  5.796996e+01  1.307000e+02  1.902973e+01
   endloop
 endfacet
 facet normal  0.000000e+00  1.000000e+00  0.000000e+00
   outer loop
     vertex  5.819250e+01  1.307000e+02  1.866006e+01
     vertex  5.815642e+01  1.307000e+02  1.871016e+01
     vertex  5.812172e+01  1.307000e+02  1.876122e+01
   endloop
 endfacet
 facet normal  0.000000e+00  1.000000e+00  0.000000e+00
   outer loop
     vertex  5.822994e+01  1.307000e+02  1.861098e+01
     vertex  5.819250e+01  1.307000e+02  1.866006e+01
     vertex  5.796996e+01  1.307000e+02  1.902973e+01
   endloop
 endfacet
 facet normal  0.000000e+00  1.000000e+00  0.000000e+00
   outer loop
     vertex  6.140113e+01  1.307000e+02  2.176049e+01
     vertex  6.130246e+01  1.307000e+02  2.183469e+01
     vertex  6.135230e+01  1.307000e+02  2.179827e+01
   endloop
 endfacet
 facet normal  0.000000e+00  1.000000e+00  0.000000e+00
   outer loop
     vertex  6.140113e+01  1.307000e+02  2.176049e+01
     vertex  6.125164e+01  1.307000e+02  2.186973e+01
     vertex  6.130246e+01  1.307000e+02  2.183469e+01
   endloop
 endfacet
 facet normal  0.000000e+00  1.000000e+00  0.000000e+00
   outer loop
     vertex  6.140113e+01  1.307000e+02  2.176049e+01
     vertex  6.119987e+01  1.307000e+02  2.190337e+01
     vertex  6.125164e+01  1.307000e+02  2.186973e+01
   endloop
 endfacet
 facet normal  0.000000e+00  1.000000e+00  0.000000e+00
   outer loop
     vertex  5.835013e+01  1.307000e+02  1.847015e+01
     vertex  5.826871e+01  1.307000e+02  1.856294e+01
     vertex  5.822994e+01  1.307000e+02  1.861098e+01
   endloop
 endfacet
 facet normal  0.000000e+00  1.000000e+00  0.000000e+00
   outer loop
     vertex  5.835013e+01  1.307000e+02  1.847015e+01
     vertex  5.830878e+01  1.307000e+02  1.851599e+01
     vertex  5.826871e+01  1.307000e+02  1.856294e+01
   endloop
 endfacet
 facet normal  0.000000e+00  1.000000e+00  0.000000e+00
   outer loop
     vertex  5.848150e+01  1.307000e+02  1.833968e+01
     vertex  5.843653e+01  1.307000e+02  1.838196e+01
     vertex  5.839272e+01  1.307000e+02  1.842546e+01
   endloop
 endfacet
 facet normal  0.000000e+00  1.000000e+00  0.000000e+00
   outer loop
     vertex  6.167070e+01  1.307000e+02  2.150707e+01
     vertex  6.158552e+01  1.307000e+02  2.159644e+01
     vertex  6.162872e+01  1.307000e+02  2.155234e+01
   endloop
 endfacet
 facet normal  0.000000e+00  1.000000e+00  0.000000e+00
   outer loop
     vertex  6.167070e+01  1.307000e+02  2.150707e+01
     vertex  6.154113e+01  1.307000e+02  2.163933e+01
     vertex  6.158552e+01  1.307000e+02  2.159644e+01
   endloop
 endfacet
 facet normal  0.000000e+00  1.000000e+00  0.000000e+00
   outer loop
     vertex  6.167070e+01  1.307000e+02  2.150707e+01
     vertex  6.149558e+01  1.307000e+02  2.168100e+01
     vertex  6.154113e+01  1.307000e+02  2.163933e+01
   endloop
 endfacet
 facet normal  0.000000e+00  1.000000e+00  0.000000e+00
   outer loop
     vertex  6.167070e+01  1.307000e+02  2.150707e+01
     vertex  6.144890e+01  1.307000e+02  2.172139e+01
     vertex  6.149558e+01  1.307000e+02  2.168100e+01
   endloop
 endfacet
 facet normal  0.000000e+00  1.000000e+00  0.000000e+00
   outer loop
     vertex  5.852762e+01  1.307000e+02  1.829864e+01
     vertex  5.848150e+01  1.307000e+02  1.833968e+01
     vertex  5.839272e+01  1.307000e+02  1.842546e+01
   endloop
 endfacet
 facet normal  0.000000e+00  1.000000e+00  0.000000e+00
   outer loop
     vertex  5.852762e+01  1.307000e+02  1.829864e+01
     vertex  5.839272e+01  1.307000e+02  1.842546e+01
     vertex  5.835013e+01  1.307000e+02  1.847015e+01
   endloop
 endfacet
 facet normal  0.000000e+00  1.000000e+00  0.000000e+00
   outer loop
     vertex  6.171141e+01  1.307000e+02  2.146067e+01
     vertex  6.144890e+01  1.307000e+02  2.172139e+01
     vertex  6.167070e+01  1.307000e+02  2.150707e+01
   endloop
 endfacet
 facet normal  0.000000e+00  1.000000e+00  0.000000e+00
   outer loop
     vertex  5.857485e+01  1.307000e+02  1.825889e+01
     vertex  5.835013e+01  1.307000e+02  1.847015e+01
     vertex  5.822994e+01  1.307000e+02  1.861098e+01
   endloop
 endfacet
 facet normal  0.000000e+00  1.000000e+00  0.000000e+00
   outer loop
     vertex  5.857485e+01  1.307000e+02  1.825889e+01
     vertex  5.852762e+01  1.307000e+02  1.829864e+01
     vertex  5.835013e+01  1.307000e+02  1.847015e+01
   endloop
 endfacet
 facet normal  0.000000e+00  1.000000e+00  0.000000e+00
   outer loop
     vertex  5.872283e+01  1.307000e+02  1.814761e+01
     vertex  5.862316e+01  1.307000e+02  1.822045e+01
     vertex  5.857485e+01  1.307000e+02  1.825889e+01
   endloop
 endfacet
 facet normal  0.000000e+00  1.000000e+00  0.000000e+00
   outer loop
     vertex  5.872283e+01  1.307000e+02  1.814761e+01
     vertex  5.867249e+01  1.307000e+02  1.818335e+01
     vertex  5.862316e+01  1.307000e+02  1.822045e+01
   endloop
 endfacet
 facet normal  0.000000e+00  1.000000e+00  0.000000e+00
   outer loop
     vertex  5.872283e+01  1.307000e+02  1.814761e+01
     vertex  5.796996e+01  1.307000e+02  1.902973e+01
     vertex  5.775640e+01  1.307000e+02  2.016961e+01
   endloop
 endfacet
 facet normal  0.000000e+00  1.000000e+00  0.000000e+00
   outer loop
     vertex  5.872283e+01  1.307000e+02  1.814761e+01
     vertex  5.822994e+01  1.307000e+02  1.861098e+01
     vertex  5.796996e+01  1.307000e+02  1.902973e+01
   endloop
 endfacet
 facet normal  0.000000e+00  1.000000e+00  0.000000e+00
   outer loop
     vertex  5.872283e+01  1.307000e+02  1.814761e+01
     vertex  5.857485e+01  1.307000e+02  1.825889e+01
     vertex  5.822994e+01  1.307000e+02  1.861098e+01
   endloop
 endfacet
 facet normal  0.000000e+00  1.000000e+00  0.000000e+00
   outer loop
     vertex  6.186110e+01  1.307000e+02  2.126443e+01
     vertex  6.178895e+01  1.307000e+02  2.136461e+01
     vertex  6.182572e+01  1.307000e+02  2.131501e+01
   endloop
 endfacet
 facet normal  0.000000e+00  1.000000e+00  0.000000e+00
   outer loop
     vertex  6.186110e+01  1.307000e+02  2.126443e+01
     vertex  6.175084e+01  1.307000e+02  2.141317e+01
     vertex  6.178895e+01  1.307000e+02  2.136461e+01
   endloop
 endfacet
 facet normal  0.000000e+00  1.000000e+00  0.000000e+00
   outer loop
     vertex  6.186110e+01  1.307000e+02  2.126443e+01
     vertex  6.171141e+01  1.307000e+02  2.146067e+01
     vertex  6.175084e+01  1.307000e+02  2.141317e+01
   endloop
 endfacet
 facet normal  0.000000e+00  1.000000e+00  0.000000e+00
   outer loop
     vertex  6.189509e+01  1.307000e+02  2.121290e+01
     vertex  6.144890e+01  1.307000e+02  2.172139e+01
     vertex  6.171141e+01  1.307000e+02  2.146067e+01
   endloop
 endfacet
 facet normal  0.000000e+00  1.000000e+00  0.000000e+00
   outer loop
     vertex  6.189509e+01  1.307000e+02  2.121290e+01
     vertex  6.171141e+01  1.307000e+02  2.146067e+01
     vertex  6.186110e+01  1.307000e+02  2.126443e+01
   endloop
 endfacet
 facet normal  0.000000e+00  1.000000e+00  0.000000e+00
   outer loop
     vertex  5.882635e+01  1.307000e+02  1.808035e+01
     vertex  5.877413e+01  1.307000e+02  1.811327e+01
     vertex  5.872283e+01  1.307000e+02  1.814761e+01
   endloop
 endfacet
 facet normal  0.000000e+00  1.000000e+00  0.000000e+00
   outer loop
     vertex  5.887946e+01  1.307000e+02  1.804888e+01
     vertex  5.882635e+01  1.307000e+02  1.808035e+01
     vertex  5.872283e+01  1.307000e+02  1.814761e+01
   endloop
 endfacet
 facet normal  0.000000e+00  1.000000e+00  0.000000e+00
   outer loop
     vertex  5.893341e+01  1.307000e+02  1.801887e+01
     vertex  5.887946e+01  1.307000e+02  1.804888e+01
     vertex  5.872283e+01  1.307000e+02  1.814761e+01
   endloop
 endfacet
 facet normal  0.000000e+00  1.000000e+00  0.000000e+00
   outer loop
     vertex  6.198840e+01  1.307000e+02  2.105298e+01
     vertex  6.192765e+01  1.307000e+02  2.116045e+01
     vertex  6.195876e+01  1.307000e+02  2.110713e+01
   endloop
 endfacet
 facet normal  0.000000e+00  1.000000e+00  0.000000e+00
   outer loop
     vertex  6.198840e+01  1.307000e+02  2.105298e+01
     vertex  6.189509e+01  1.307000e+02  2.121290e+01
     vertex  6.192765e+01  1.307000e+02  2.116045e+01
   endloop
 endfacet
 facet normal  0.000000e+00  1.000000e+00  0.000000e+00
   outer loop
     vertex  6.198840e+01  1.307000e+02  2.105298e+01
     vertex  6.144890e+01  1.307000e+02  2.172139e+01
     vertex  6.189509e+01  1.307000e+02  2.121290e+01
   endloop
 endfacet
 facet normal  0.000000e+00  1.000000e+00  0.000000e+00
   outer loop
     vertex  5.898816e+01  1.307000e+02  1.799035e+01
     vertex  5.893341e+01  1.307000e+02  1.801887e+01
     vertex  5.872283e+01  1.307000e+02  1.814761e+01
   endloop
 endfacet
 facet normal  0.000000e+00  1.000000e+00  0.000000e+00
   outer loop
     vertex  5.904367e+01  1.307000e+02  1.796335e+01
     vertex  5.898816e+01  1.307000e+02  1.799035e+01
     vertex  5.872283e+01  1.307000e+02  1.814761e+01
   endloop
 endfacet
 facet normal  0.000000e+00  1.000000e+00  0.000000e+00
   outer loop
     vertex  6.204316e+01  1.307000e+02  2.094233e+01
     vertex  6.144890e+01  1.307000e+02  2.172139e+01
     vertex  6.198840e+01  1.307000e+02  2.105298e+01
   endloop
 endfacet
 facet normal  0.000000e+00  1.000000e+00  0.000000e+00
   outer loop
     vertex  6.204316e+01  1.307000e+02  2.094233e+01
     vertex  6.198840e+01  1.307000e+02  2.105298e+01
     vertex  6.201654e+01  1.307000e+02  2.099803e+01
   endloop
 endfacet
 facet normal  0.000000e+00  1.000000e+00  0.000000e+00
   outer loop
     vertex  5.909991e+01  1.307000e+02  1.793788e+01
     vertex  5.904367e+01  1.307000e+02  1.796335e+01
     vertex  5.872283e+01  1.307000e+02  1.814761e+01
   endloop
 endfacet
 facet normal  0.000000e+00  1.000000e+00  0.000000e+00
   outer loop
     vertex  6.206824e+01  1.307000e+02  2.088593e+01
     vertex  6.144890e+01  1.307000e+02  2.172139e+01
     vertex  6.204316e+01  1.307000e+02  2.094233e+01
   endloop
 endfacet
 facet normal  0.000000e+00  1.000000e+00  0.000000e+00
   outer loop
     vertex  6.206824e+01  1.307000e+02  2.088593e+01
     vertex  6.140113e+01  1.307000e+02  2.176049e+01
     vertex  6.144890e+01  1.307000e+02  2.172139e+01
   endloop
 endfacet
 facet normal  0.000000e+00  1.000000e+00  0.000000e+00
   outer loop
     vertex  5.921436e+01  1.307000e+02  1.789162e+01
     vertex  5.915682e+01  1.307000e+02  1.791396e+01
     vertex  5.909991e+01  1.307000e+02  1.793788e+01
   endloop
 endfacet
 facet normal  0.000000e+00  1.000000e+00  0.000000e+00
   outer loop
     vertex  6.211372e+01  1.307000e+02  2.077116e+01
     vertex  6.206824e+01  1.307000e+02  2.088593e+01
     vertex  6.209177e+01  1.307000e+02  2.082885e+01
   endloop
 endfacet
 facet normal  0.000000e+00  1.000000e+00  0.000000e+00
   outer loop
     vertex  5.927250e+01  1.307000e+02  1.787086e+01
     vertex  5.921436e+01  1.307000e+02  1.789162e+01
     vertex  5.909991e+01  1.307000e+02  1.793788e+01
   endloop
 endfacet
 facet normal  0.000000e+00  1.000000e+00  0.000000e+00
   outer loop
     vertex  6.213408e+01  1.307000e+02  2.071288e+01
     vertex  6.206824e+01  1.307000e+02  2.088593e+01
     vertex  6.211372e+01  1.307000e+02  2.077116e+01
   endloop
 endfacet
 facet normal  0.000000e+00  1.000000e+00  0.000000e+00
   outer loop
     vertex  5.933118e+01  1.307000e+02  1.785170e+01
     vertex  5.909991e+01  1.307000e+02  1.793788e+01
     vertex  5.872283e+01  1.307000e+02  1.814761e+01
   endloop
 endfacet
 facet normal  0.000000e+00  1.000000e+00  0.000000e+00
   outer loop
     vertex  5.933118e+01  1.307000e+02  1.785170e+01
     vertex  5.927250e+01  1.307000e+02  1.787086e+01
     vertex  5.909991e+01  1.307000e+02  1.793788e+01
   endloop
 endfacet
 facet normal  0.000000e+00  1.000000e+00  0.000000e+00
   outer loop
     vertex  6.216997e+01  1.307000e+02  2.059476e+01
     vertex  6.213408e+01  1.307000e+02  2.071288e+01
     vertex  6.215284e+01  1.307000e+02  2.065406e+01
   endloop
 endfacet
 facet normal  0.000000e+00  1.000000e+00  0.000000e+00
   outer loop
     vertex  5.945002e+01  1.307000e+02  1.781825e+01
     vertex  5.939037e+01  1.307000e+02  1.783416e+01
     vertex  5.933118e+01  1.307000e+02  1.785170e+01
   endloop
 endfacet
 facet normal  0.000000e+00  1.000000e+00  0.000000e+00
   outer loop
     vertex  5.945002e+01  1.307000e+02  1.781825e+01
     vertex  5.933118e+01  1.307000e+02  1.785170e+01
     vertex  5.872283e+01  1.307000e+02  1.814761e+01
   endloop
 endfacet
 facet normal  0.000000e+00  1.000000e+00  0.000000e+00
   outer loop
     vertex  6.218547e+01  1.307000e+02  2.053500e+01
     vertex  6.213408e+01  1.307000e+02  2.071288e+01
     vertex  6.216997e+01  1.307000e+02  2.059476e+01
   endloop
 endfacet
 facet normal  0.000000e+00  1.000000e+00  0.000000e+00
   outer loop
     vertex  6.218547e+01  1.307000e+02  2.053500e+01
     vertex  6.206824e+01  1.307000e+02  2.088593e+01
     vertex  6.213408e+01  1.307000e+02  2.071288e+01
   endloop
 endfacet
 facet normal  0.000000e+00  1.000000e+00  0.000000e+00
   outer loop
     vertex  5.951008e+01  1.307000e+02  1.780399e+01
     vertex  5.945002e+01  1.307000e+02  1.781825e+01
     vertex  5.872283e+01  1.307000e+02  1.814761e+01
   endloop
 endfacet
 facet normal  0.000000e+00  1.000000e+00  0.000000e+00
   outer loop
     vertex  6.219932e+01  1.307000e+02  2.047484e+01
     vertex  6.206824e+01  1.307000e+02  2.088593e+01
     vertex  6.218547e+01  1.307000e+02  2.053500e+01
   endloop
 endfacet
 facet normal  0.000000e+00  1.000000e+00  0.000000e+00
   outer loop
     vertex  5.957051e+01  1.307000e+02  1.779137e+01
     vertex  5.951008e+01  1.307000e+02  1.780399e+01
     vertex  5.872283e+01  1.307000e+02  1.814761e+01
   endloop
 endfacet
 facet normal  0.000000e+00  1.000000e+00  0.000000e+00
   outer loop
     vertex  5.969230e+01  1.307000e+02  1.777114e+01
     vertex  5.963126e+01  1.307000e+02  1.778042e+01
     vertex  5.957051e+01  1.307000e+02  1.779137e+01
   endloop
 endfacet
 facet normal  0.000000e+00  1.000000e+00  0.000000e+00
   outer loop
     vertex  5.981501e+01  1.307000e+02  1.775762e+01
     vertex  5.957051e+01  1.307000e+02  1.779137e+01
     vertex  5.872283e+01  1.307000e+02  1.814761e+01
   endloop
 endfacet
 facet normal  0.000000e+00  1.000000e+00  0.000000e+00
   outer loop
     vertex  5.981501e+01  1.307000e+02  1.775762e+01
     vertex  5.975356e+01  1.307000e+02  1.776354e+01
     vertex  5.969230e+01  1.307000e+02  1.777114e+01
   endloop
 endfacet
 facet normal  0.000000e+00  1.000000e+00  0.000000e+00
   outer loop
     vertex  5.981501e+01  1.307000e+02  1.775762e+01
     vertex  5.969230e+01  1.307000e+02  1.777114e+01
     vertex  5.957051e+01  1.307000e+02  1.779137e+01
   endloop
 endfacet
 facet normal  0.000000e+00  1.000000e+00  0.000000e+00
   outer loop
     vertex  6.224360e+01  1.307000e+02  2.016961e+01
     vertex  6.223092e+01  1.307000e+02  2.029241e+01
     vertex  6.223810e+01  1.307000e+02  2.023110e+01
   endloop
 endfacet
 facet normal  0.000000e+00  1.000000e+00  0.000000e+00
   outer loop
     vertex  5.987659e+01  1.307000e+02  1.775339e+01
     vertex  5.775640e+01  1.307000e+02  2.016961e+01
     vertex  5.824916e+01  1.307000e+02  2.141317e+01
   endloop
 endfacet
 facet normal  0.000000e+00  1.000000e+00  0.000000e+00
   outer loop
     vertex  5.987659e+01  1.307000e+02  1.775339e+01
     vertex  5.981501e+01  1.307000e+02  1.775762e+01
     vertex  5.872283e+01  1.307000e+02  1.814761e+01
   endloop
 endfacet
 facet normal  0.000000e+00  1.000000e+00  0.000000e+00
   outer loop
     vertex  5.987659e+01  1.307000e+02  1.775339e+01
     vertex  5.824916e+01  1.307000e+02  2.141317e+01
     vertex  5.832930e+01  1.307000e+02  2.150707e+01
   endloop
 endfacet
 facet normal  0.000000e+00  1.000000e+00  0.000000e+00
   outer loop
     vertex  5.987659e+01  1.307000e+02  1.775339e+01
     vertex  5.880013e+01  1.307000e+02  2.190337e+01
     vertex  5.890633e+01  1.307000e+02  2.196631e+01
   endloop
 endfacet
 facet normal  0.000000e+00  1.000000e+00  0.000000e+00
   outer loop
     vertex  5.987659e+01  1.307000e+02  1.775339e+01
     vertex  5.832930e+01  1.307000e+02  2.150707e+01
     vertex  5.880013e+01  1.307000e+02  2.190337e+01
   endloop
 endfacet
 facet normal  0.000000e+00  1.000000e+00  0.000000e+00
   outer loop
     vertex  5.987659e+01  1.307000e+02  1.775339e+01
     vertex  5.872283e+01  1.307000e+02  1.814761e+01
     vertex  5.775640e+01  1.307000e+02  2.016961e+01
   endloop
 endfacet
 facet normal  0.000000e+00  1.000000e+00  0.000000e+00
   outer loop
     vertex  6.224741e+01  1.307000e+02  2.010799e+01
     vertex  6.223092e+01  1.307000e+02  2.029241e+01
     vertex  6.224360e+01  1.307000e+02  2.016961e+01
   endloop
 endfacet
 facet normal  0.000000e+00  1.000000e+00  0.000000e+00
   outer loop
     vertex  6.224741e+01  1.307000e+02  2.010799e+01
     vertex  6.222206e+01  1.307000e+02  2.035350e+01
     vertex  6.223092e+01  1.307000e+02  2.029241e+01
   endloop
 endfacet
 facet normal  0.000000e+00  1.000000e+00  0.000000e+00
   outer loop
     vertex  6.000000e+01  1.307000e+02  1.775000e+01
     vertex  5.993827e+01  1.307000e+02  1.775085e+01
     vertex  5.987659e+01  1.307000e+02  1.775339e+01
   endloop
 endfacet
 facet normal  0.000000e+00  1.000000e+00  0.000000e+00
   outer loop
     vertex  6.224868e+01  1.307000e+02  1.992285e+01
     vertex  6.206824e+01  1.307000e+02  2.088593e+01
     vertex  6.219932e+01  1.307000e+02  2.047484e+01
   endloop
 endfacet
 facet normal  0.000000e+00  1.000000e+00  0.000000e+00
   outer loop
     vertex  6.224868e+01  1.307000e+02  1.992285e+01
     vertex  6.224952e+01  1.307000e+02  2.004630e+01
     vertex  6.224995e+01  1.307000e+02  1.998457e+01
   endloop
 endfacet
 facet normal  0.000000e+00  1.000000e+00 -0.000000e+00
   outer loop
     vertex  6.224868e+01  1.307000e+02  1.992285e+01
     vertex  6.224741e+01  1.307000e+02  2.010799e+01
     vertex  6.224952e+01  1.307000e+02  2.004630e+01
   endloop
 endfacet
 facet normal  0.000000e+00  1.000000e+00  0.000000e+00
   outer loop
     vertex  6.224868e+01  1.307000e+02  1.992285e+01
     vertex  6.221152e+01  1.307000e+02  2.041433e+01
     vertex  6.222206e+01  1.307000e+02  2.035350e+01
   endloop
 endfacet
 facet normal  0.000000e+00  1.000000e+00  0.000000e+00
   outer loop
     vertex  6.224868e+01  1.307000e+02  1.992285e+01
     vertex  6.222206e+01  1.307000e+02  2.035350e+01
     vertex  6.224741e+01  1.307000e+02  2.010799e+01
   endloop
 endfacet
 facet normal  0.000000e+00  1.000000e+00  0.000000e+00
   outer loop
     vertex  6.224868e+01  1.307000e+02  1.992285e+01
     vertex  6.219932e+01  1.307000e+02  2.047484e+01
     vertex  6.221152e+01  1.307000e+02  2.041433e+01
   endloop
 endfacet
 facet normal  0.000000e+00  1.000000e+00  0.000000e+00
   outer loop
     vertex  6.012341e+01  1.307000e+02  1.775339e+01
     vertex  6.006173e+01  1.307000e+02  1.775085e+01
     vertex  6.000000e+01  1.307000e+02  1.775000e+01
   endloop
 endfacet
 facet normal  0.000000e+00  1.000000e+00  0.000000e+00
   outer loop
     vertex  6.018499e+01  1.307000e+02  1.775762e+01
     vertex  6.012341e+01  1.307000e+02  1.775339e+01
     vertex  6.000000e+01  1.307000e+02  1.775000e+01
   endloop
 endfacet
 facet normal  0.000000e+00  1.000000e+00  0.000000e+00
   outer loop
     vertex  6.223472e+01  1.307000e+02  1.973822e+01
     vertex  6.224571e+01  1.307000e+02  1.986119e+01
     vertex  6.224106e+01  1.307000e+02  1.979963e+01
   endloop
 endfacet
 facet normal  0.000000e+00  1.000000e+00  0.000000e+00
   outer loop
     vertex  6.223472e+01  1.307000e+02  1.973822e+01
     vertex  6.224868e+01  1.307000e+02  1.992285e+01
     vertex  6.224571e+01  1.307000e+02  1.986119e+01
   endloop
 endfacet
 facet normal  0.000000e+00  1.000000e+00  0.000000e+00
   outer loop
     vertex  6.222670e+01  1.307000e+02  1.967701e+01
     vertex  6.224868e+01  1.307000e+02  1.992285e+01
     vertex  6.223472e+01  1.307000e+02  1.973822e+01
   endloop
 endfacet
 facet normal  0.000000e+00  1.000000e+00  0.000000e+00
   outer loop
     vertex  6.036874e+01  1.307000e+02  1.778042e+01
     vertex  6.024644e+01  1.307000e+02  1.776354e+01
     vertex  6.018499e+01  1.307000e+02  1.775762e+01
   endloop
 endfacet
 facet normal  0.000000e+00  1.000000e+00  0.000000e+00
   outer loop
     vertex  6.036874e+01  1.307000e+02  1.778042e+01
     vertex  6.030770e+01  1.307000e+02  1.777114e+01
     vertex  6.024644e+01  1.307000e+02  1.776354e+01
   endloop
 endfacet
 facet normal  0.000000e+00  1.000000e+00  0.000000e+00
   outer loop
     vertex  6.036874e+01  1.307000e+02  1.778042e+01
     vertex  6.018499e+01  1.307000e+02  1.775762e+01
     vertex  6.000000e+01  1.307000e+02  1.775000e+01
   endloop
 endfacet
 facet normal  0.000000e+00  1.000000e+00  0.000000e+00
   outer loop
     vertex  6.220563e+01  1.307000e+02  1.955537e+01
     vertex  6.222670e+01  1.307000e+02  1.967701e+01
     vertex  6.221700e+01  1.307000e+02  1.961605e+01
   endloop
 endfacet
 facet normal  0.000000e+00  1.000000e+00  0.000000e+00
   outer loop
     vertex  6.220563e+01  1.307000e+02  1.955537e+01
     vertex  6.224868e+01  1.307000e+02  1.992285e+01
     vertex  6.222670e+01  1.307000e+02  1.967701e+01
   endloop
 endfacet
 facet normal  0.000000e+00  1.000000e+00  0.000000e+00
   outer loop
     vertex  6.219260e+01  1.307000e+02  1.949503e+01
     vertex  6.224868e+01  1.307000e+02  1.992285e+01
     vertex  6.220563e+01  1.307000e+02  1.955537e+01
   endloop
 endfacet
 facet normal  0.000000e+00  1.000000e+00  0.000000e+00
   outer loop
     vertex  6.054998e+01  1.307000e+02  1.781825e+01
     vertex  6.042949e+01  1.307000e+02  1.779137e+01
     vertex  6.036874e+01  1.307000e+02  1.778042e+01
   endloop
 endfacet
 facet normal  0.000000e+00  1.000000e+00  0.000000e+00
   outer loop
     vertex  6.054998e+01  1.307000e+02  1.781825e+01
     vertex  6.048992e+01  1.307000e+02  1.780399e+01
     vertex  6.042949e+01  1.307000e+02  1.779137e+01
   endloop
 endfacet
 facet normal  0.000000e+00  1.000000e+00  0.000000e+00
   outer loop
     vertex  6.054998e+01  1.307000e+02  1.781825e+01
     vertex  6.000000e+01  1.307000e+02  1.775000e+01
     vertex  5.987659e+01  1.307000e+02  1.775339e+01
   endloop
 endfacet
 facet normal  0.000000e+00  1.000000e+00  0.000000e+00
   outer loop
     vertex  6.054998e+01  1.307000e+02  1.781825e+01
     vertex  6.036874e+01  1.307000e+02  1.778042e+01
     vertex  6.000000e+01  1.307000e+02  1.775000e+01
   endloop
 endfacet
 facet normal  0.000000e+00  1.000000e+00  0.000000e+00
   outer loop
     vertex  6.217792e+01  1.307000e+02  1.943507e+01
     vertex  6.224868e+01  1.307000e+02  1.992285e+01
     vertex  6.219260e+01  1.307000e+02  1.949503e+01
   endloop
 endfacet
 facet normal  0.000000e+00  1.000000e+00 -0.000000e+00
   outer loop
     vertex  6.217792e+01  1.307000e+02  1.943507e+01
     vertex  6.206824e+01  1.307000e+02  2.088593e+01
     vertex  6.224868e+01  1.307000e+02  1.992285e+01
   endloop
 endfacet
 facet normal  0.000000e+00  1.000000e+00  0.000000e+00
   outer loop
     vertex  6.214366e+01  1.307000e+02  1.931646e+01
     vertex  6.217792e+01  1.307000e+02  1.943507e+01
     vertex  6.216161e+01  1.307000e+02  1.937553e+01
   endloop
 endfacet
 facet normal  0.000000e+00  1.000000e+00  0.000000e+00
   outer loop
     vertex  6.212410e+01  1.307000e+02  1.925791e+01
     vertex  6.217792e+01  1.307000e+02  1.943507e+01
     vertex  6.214366e+01  1.307000e+02  1.931646e+01
   endloop
 endfacet
 facet normal  0.000000e+00  1.000000e+00  0.000000e+00
   outer loop
     vertex  6.078564e+01  1.307000e+02  1.789162e+01
     vertex  6.072750e+01  1.307000e+02  1.787086e+01
     vertex  6.066882e+01  1.307000e+02  1.785170e+01
   endloop
 endfacet
 facet normal  0.000000e+00  1.000000e+00  0.000000e+00
   outer loop
     vertex  6.084318e+01  1.307000e+02  1.791396e+01
     vertex  6.060963e+01  1.307000e+02  1.783416e+01
     vertex  6.054998e+01  1.307000e+02  1.781825e+01
   endloop
 endfacet
 facet normal  0.000000e+00  1.000000e+00  0.000000e+00
   outer loop
     vertex  6.084318e+01  1.307000e+02  1.791396e+01
     vertex  6.066882e+01  1.307000e+02  1.785170e+01
     vertex  6.060963e+01  1.307000e+02  1.783416e+01
   endloop
 endfacet
 facet normal  0.000000e+00  1.000000e+00  0.000000e+00
   outer loop
     vertex  6.084318e+01  1.307000e+02  1.791396e+01
     vertex  6.078564e+01  1.307000e+02  1.789162e+01
     vertex  6.066882e+01  1.307000e+02  1.785170e+01
   endloop
 endfacet
 facet normal  0.000000e+00  1.000000e+00  0.000000e+00
   outer loop
     vertex  6.208020e+01  1.307000e+02  1.914253e+01
     vertex  6.212410e+01  1.307000e+02  1.925791e+01
     vertex  6.210294e+01  1.307000e+02  1.919992e+01
   endloop
 endfacet
 facet normal  0.000000e+00  1.000000e+00  0.000000e+00
   outer loop
     vertex  6.205590e+01  1.307000e+02  1.908578e+01
     vertex  6.212410e+01  1.307000e+02  1.925791e+01
     vertex  6.208020e+01  1.307000e+02  1.914253e+01
   endloop
 endfacet
 facet normal  0.000000e+00  1.000000e+00  0.000000e+00
   outer loop
     vertex  6.095633e+01  1.307000e+02  1.796335e+01
     vertex  6.090009e+01  1.307000e+02  1.793788e+01
     vertex  6.084318e+01  1.307000e+02  1.791396e+01
   endloop
 endfacet
 facet normal  0.000000e+00  1.000000e+00  0.000000e+00
   outer loop
     vertex  6.095633e+01  1.307000e+02  1.796335e+01
     vertex  6.084318e+01  1.307000e+02  1.791396e+01
     vertex  6.054998e+01  1.307000e+02  1.781825e+01
   endloop
 endfacet
 facet normal  0.000000e+00  1.000000e+00  0.000000e+00
   outer loop
     vertex  6.203004e+01  1.307000e+02  1.902973e+01
     vertex  6.217792e+01  1.307000e+02  1.943507e+01
     vertex  6.212410e+01  1.307000e+02  1.925791e+01
   endloop
 endfacet
 facet normal  0.000000e+00  1.000000e+00  0.000000e+00
   outer loop
     vertex  6.203004e+01  1.307000e+02  1.902973e+01
     vertex  6.212410e+01  1.307000e+02  1.925791e+01
     vertex  6.205590e+01  1.307000e+02  1.908578e+01
   endloop
 endfacet
 facet normal  0.000000e+00  1.000000e+00  0.000000e+00
   outer loop
     vertex  6.197377e+01  1.307000e+02  1.891984e+01
     vertex  6.203004e+01  1.307000e+02  1.902973e+01
     vertex  6.200266e+01  1.307000e+02  1.897440e+01
   endloop
 endfacet
 facet normal  0.000000e+00  1.000000e+00  0.000000e+00
   outer loop
     vertex  6.112054e+01  1.307000e+02  1.804888e+01
     vertex  6.101184e+01  1.307000e+02  1.799035e+01
     vertex  6.095633e+01  1.307000e+02  1.796335e+01
   endloop
 endfacet
 facet normal  0.000000e+00  1.000000e+00  0.000000e+00
   outer loop
     vertex  6.112054e+01  1.307000e+02  1.804888e+01
     vertex  6.106659e+01  1.307000e+02  1.801887e+01
     vertex  6.101184e+01  1.307000e+02  1.799035e+01
   endloop
 endfacet
 facet normal  0.000000e+00  1.000000e+00  0.000000e+00
   outer loop
     vertex  6.191155e+01  1.307000e+02  1.881321e+01
     vertex  6.197377e+01  1.307000e+02  1.891984e+01
     vertex  6.194339e+01  1.307000e+02  1.886610e+01
   endloop
 endfacet
 facet normal  0.000000e+00  1.000000e+00  0.000000e+00
   outer loop
     vertex  6.191155e+01  1.307000e+02  1.881321e+01
     vertex  6.203004e+01  1.307000e+02  1.902973e+01
     vertex  6.197377e+01  1.307000e+02  1.891984e+01
   endloop
 endfacet
 facet normal  0.000000e+00  1.000000e+00  0.000000e+00
   outer loop
     vertex  6.122587e+01  1.307000e+02  1.811327e+01
     vertex  5.918551e+01  1.307000e+02  2.209741e+01
     vertex  5.948000e+01  1.307000e+02  2.218909e+01
   endloop
 endfacet
 facet normal  0.000000e+00  1.000000e+00  0.000000e+00
   outer loop
     vertex  6.122587e+01  1.307000e+02  1.811327e+01
     vertex  6.117365e+01  1.307000e+02  1.808035e+01
     vertex  6.112054e+01  1.307000e+02  1.804888e+01
   endloop
 endfacet
 facet normal  0.000000e+00  1.000000e+00  0.000000e+00
   outer loop
     vertex  6.122587e+01  1.307000e+02  1.811327e+01
     vertex  5.948000e+01  1.307000e+02  2.218909e+01
     vertex  5.966175e+01  1.307000e+02  2.222443e+01
   endloop
 endfacet
 facet normal  0.000000e+00  1.000000e+00  0.000000e+00
   outer loop
     vertex  6.122587e+01  1.307000e+02  1.811327e+01
     vertex  6.095633e+01  1.307000e+02  1.796335e+01
     vertex  6.054998e+01  1.307000e+02  1.781825e+01
   endloop
 endfacet
 facet normal  0.000000e+00  1.000000e+00  0.000000e+00
   outer loop
     vertex  6.122587e+01  1.307000e+02  1.811327e+01
     vertex  6.112054e+01  1.307000e+02  1.804888e+01
     vertex  6.095633e+01  1.307000e+02  1.796335e+01
   endloop
 endfacet
 facet normal  0.000000e+00  1.000000e+00  0.000000e+00
   outer loop
     vertex  6.122587e+01  1.307000e+02  1.811327e+01
     vertex  5.987659e+01  1.307000e+02  1.775339e+01
     vertex  5.890633e+01  1.307000e+02  2.196631e+01
   endloop
 endfacet
 facet normal  0.000000e+00  1.000000e+00  0.000000e+00
   outer loop
     vertex  6.122587e+01  1.307000e+02  1.811327e+01
     vertex  6.054998e+01  1.307000e+02  1.781825e+01
     vertex  5.987659e+01  1.307000e+02  1.775339e+01
   endloop
 endfacet
 facet normal  0.000000e+00  1.000000e+00  0.000000e+00
   outer loop
     vertex  6.122587e+01  1.307000e+02  1.811327e+01
     vertex  5.890633e+01  1.307000e+02  2.196631e+01
     vertex  5.918551e+01  1.307000e+02  2.209741e+01
   endloop
 endfacet
 facet normal  0.000000e+00  1.000000e+00  0.000000e+00
   outer loop
     vertex  6.187828e+01  1.307000e+02  1.876122e+01
     vertex  6.203004e+01  1.307000e+02  1.902973e+01
     vertex  6.191155e+01  1.307000e+02  1.881321e+01
   endloop
 endfacet
 facet normal  0.000000e+00  1.000000e+00  0.000000e+00
   outer loop
     vertex  6.184358e+01  1.307000e+02  1.871016e+01
     vertex  6.203004e+01  1.307000e+02  1.902973e+01
     vertex  6.187828e+01  1.307000e+02  1.876122e+01
   endloop
 endfacet
 facet normal  0.000000e+00  1.000000e+00  0.000000e+00
   outer loop
     vertex  6.132751e+01  1.307000e+02  1.818335e+01
     vertex  6.127717e+01  1.307000e+02  1.814761e+01
     vertex  6.122587e+01  1.307000e+02  1.811327e+01
   endloop
 endfacet
 facet normal  0.000000e+00  1.000000e+00  0.000000e+00
   outer loop
     vertex  6.180750e+01  1.307000e+02  1.866006e+01
     vertex  6.203004e+01  1.307000e+02  1.902973e+01
     vertex  6.184358e+01  1.307000e+02  1.871016e+01
   endloop
 endfacet
 facet normal  0.000000e+00  1.000000e+00  0.000000e+00
   outer loop
     vertex  6.137684e+01  1.307000e+02  1.822045e+01
     vertex  6.132751e+01  1.307000e+02  1.818335e+01
     vertex  6.122587e+01  1.307000e+02  1.811327e+01
   endloop
 endfacet
 facet normal  0.000000e+00  1.000000e+00  0.000000e+00
   outer loop
     vertex  6.177006e+01  1.307000e+02  1.861098e+01
     vertex  6.203004e+01  1.307000e+02  1.902973e+01
     vertex  6.180750e+01  1.307000e+02  1.866006e+01
   endloop
 endfacet
 facet normal  0.000000e+00  1.000000e+00  0.000000e+00
   outer loop
     vertex  6.147238e+01  1.307000e+02  1.829864e+01
     vertex  6.142515e+01  1.307000e+02  1.825889e+01
     vertex  6.137684e+01  1.307000e+02  1.822045e+01
   endloop
 endfacet
 facet normal  0.000000e+00  1.000000e+00  0.000000e+00
   outer loop
     vertex  6.151850e+01  1.307000e+02  1.833968e+01
     vertex  6.147238e+01  1.307000e+02  1.829864e+01
     vertex  6.137684e+01  1.307000e+02  1.822045e+01
   endloop
 endfacet
 facet normal  0.000000e+00  1.000000e+00  0.000000e+00
   outer loop
     vertex  6.164987e+01  1.307000e+02  1.847015e+01
     vertex  6.173129e+01  1.307000e+02  1.856294e+01
     vertex  6.169122e+01  1.307000e+02  1.851599e+01
   endloop
 endfacet
 facet normal  0.000000e+00  1.000000e+00  0.000000e+00
   outer loop
     vertex  6.164987e+01  1.307000e+02  1.847015e+01
     vertex  6.177006e+01  1.307000e+02  1.861098e+01
     vertex  6.173129e+01  1.307000e+02  1.856294e+01
   endloop
 endfacet
 facet normal  0.000000e+00  1.000000e+00  0.000000e+00
   outer loop
     vertex  6.164987e+01  1.307000e+02  1.847015e+01
     vertex  6.203004e+01  1.307000e+02  1.902973e+01
     vertex  6.177006e+01  1.307000e+02  1.861098e+01
   endloop
 endfacet
 facet normal  0.000000e+00  1.000000e+00  0.000000e+00
   outer loop
     vertex  6.156347e+01  1.307000e+02  1.838196e+01
     vertex  6.137684e+01  1.307000e+02  1.822045e+01
     vertex  6.122587e+01  1.307000e+02  1.811327e+01
   endloop
 endfacet
 facet normal  0.000000e+00  1.000000e+00  0.000000e+00
   outer loop
     vertex  6.156347e+01  1.307000e+02  1.838196e+01
     vertex  6.151850e+01  1.307000e+02  1.833968e+01
     vertex  6.137684e+01  1.307000e+02  1.822045e+01
   endloop
 endfacet
 facet normal  0.000000e+00  1.000000e+00  0.000000e+00
   outer loop
     vertex  6.160728e+01  1.307000e+02  1.842546e+01
     vertex  6.206824e+01  1.307000e+02  2.088593e+01
     vertex  6.217792e+01  1.307000e+02  1.943507e+01
   endloop
 endfacet
 facet normal  0.000000e+00  1.000000e+00 -0.000000e+00
   outer loop
     vertex  6.160728e+01  1.307000e+02  1.842546e+01
     vertex  6.140113e+01  1.307000e+02  2.176049e+01
     vertex  6.206824e+01  1.307000e+02  2.088593e+01
   endloop
 endfacet
 facet normal  0.000000e+00  1.000000e+00  0.000000e+00
   outer loop
     vertex  6.160728e+01  1.307000e+02  1.842546e+01
     vertex  6.217792e+01  1.307000e+02  1.943507e+01
     vertex  6.203004e+01  1.307000e+02  1.902973e+01
   endloop
 endfacet
 facet normal  0.000000e+00  1.000000e+00  0.000000e+00
   outer loop
     vertex  6.160728e+01  1.307000e+02  1.842546e+01
     vertex  6.119987e+01  1.307000e+02  2.190337e+01
     vertex  6.140113e+01  1.307000e+02  2.176049e+01
   endloop
 endfacet
 facet normal  0.000000e+00  1.000000e+00  0.000000e+00
   outer loop
     vertex  6.160728e+01  1.307000e+02  1.842546e+01
     vertex  6.122587e+01  1.307000e+02  1.811327e+01
     vertex  5.966175e+01  1.307000e+02  2.222443e+01
   endloop
 endfacet
 facet normal  0.000000e+00  1.000000e+00  0.000000e+00
   outer loop
     vertex  6.160728e+01  1.307000e+02  1.842546e+01
     vertex  6.203004e+01  1.307000e+02  1.902973e+01
     vertex  6.164987e+01  1.307000e+02  1.847015e+01
   endloop
 endfacet
 facet normal  0.000000e+00  1.000000e+00  0.000000e+00
   outer loop
     vertex  6.160728e+01  1.307000e+02  1.842546e+01
     vertex  6.156347e+01  1.307000e+02  1.838196e+01
     vertex  6.122587e+01  1.307000e+02  1.811327e+01
   endloop
 endfacet
 facet normal  0.000000e+00  1.000000e+00  0.000000e+00
   outer loop
     vertex  6.160728e+01  1.307000e+02  1.842546e+01
     vertex  5.966175e+01  1.307000e+02  2.222443e+01
     vertex  6.119987e+01  1.307000e+02  2.190337e+01
   endloop
 endfacet
 facet normal  1.000000e+00  0.000000e+00  0.000000e+00
   outer loop
     vertex  1.475000e+02  1.572359e+01  2.101927e+01
     vertex  1.475000e+02  1.577840e+01  2.097805e+01
     vertex  1.475000e+02  1.575128e+01  2.099904e+01
   endloop
 endfacet
 facet normal  1.000000e+00  0.000000e+00  0.000000e+00
   outer loop
     vertex  1.475000e+02  1.607092e+01  2.064470e+01
     vertex  1.475000e+02  1.599386e+01  2.075811e+01
     vertex  1.475000e+02  1.597269e+01  2.078509e+01
   endloop
 endfacet
 facet normal  1.000000e+00  0.000000e+00  0.000000e+00
   outer loop
     vertex  1.475000e+02  1.607092e+01  2.064470e+01
     vertex  1.475000e+02  1.601429e+01  2.073056e+01
     vertex  1.475000e+02  1.599386e+01  2.075811e+01
   endloop
 endfacet
 facet normal  1.000000e+00  0.000000e+00  0.000000e+00
   outer loop
     vertex  1.475000e+02  1.607092e+01  2.064470e+01
     vertex  1.475000e+02  1.603395e+01  2.070246e+01
     vertex  1.475000e+02  1.601429e+01  2.073056e+01
   endloop
 endfacet
 facet normal  1.000000e+00  0.000000e+00  0.000000e+00
   outer loop
     vertex  1.475000e+02  1.607092e+01  2.064470e+01
     vertex  1.475000e+02  1.605283e+01  2.067383e+01
     vertex  1.475000e+02  1.603395e+01  2.070246e+01
   endloop
 endfacet
 facet normal  1.000000e+00  0.000000e+00  0.000000e+00
   outer loop
     vertex  1.475000e+02  1.551572e+01  2.113865e+01
     vertex  1.475000e+02  1.557740e+01  2.110865e+01
     vertex  1.475000e+02  1.554676e+01  2.112408e+01
   endloop
 endfacet
 facet normal  1.000000e+00  0.000000e+00  0.000000e+00
   outer loop
     vertex  1.475000e+02  1.545249e+01  2.116523e+01
     vertex  1.475000e+02  1.551572e+01  2.113865e+01
     vertex  1.475000e+02  1.548429e+01  2.115237e+01
   endloop
 endfacet
 facet normal  1.000000e+00  0.000000e+00  0.000000e+00
   outer loop
     vertex  1.475000e+02  1.545249e+01  2.116523e+01
     vertex  1.475000e+02  1.557740e+01  2.110865e+01
     vertex  1.475000e+02  1.551572e+01  2.113865e+01
   endloop
 endfacet
 facet normal  1.000000e+00  0.000000e+00  0.000000e+00
   outer loop
     vertex  1.475000e+02  1.535516e+01  2.119848e+01
     vertex  1.475000e+02  1.542036e+01  2.117720e+01
     vertex  1.475000e+02  1.538790e+01  2.118829e+01
   endloop
 endfacet
 facet normal  1.000000e+00  0.000000e+00  0.000000e+00
   outer loop
     vertex  1.475000e+02  1.621415e+01  2.029722e+01
     vertex  1.475000e+02  1.619602e+01  2.036337e+01
     vertex  1.475000e+02  1.618560e+01  2.039604e+01
   endloop
 endfacet
 facet normal  1.000000e+00  0.000000e+00  0.000000e+00
   outer loop
     vertex  1.475000e+02  1.621415e+01  2.029722e+01
     vertex  1.475000e+02  1.620554e+01  2.033042e+01
     vertex  1.475000e+02  1.619602e+01  2.036337e+01
   endloop
 endfacet
 facet normal  1.000000e+00  0.000000e+00  0.000000e+00
   outer loop
     vertex  1.475000e+02  1.528889e+01  2.121616e+01
     vertex  1.475000e+02  1.535516e+01  2.119848e+01
     vertex  1.475000e+02  1.532214e+01  2.120778e+01
   endloop
 endfacet
 facet normal  1.000000e+00  0.000000e+00  0.000000e+00
   outer loop
     vertex  1.475000e+02  1.622862e+01  2.023018e+01
     vertex  1.475000e+02  1.622185e+01  2.026380e+01
     vertex  1.475000e+02  1.621415e+01  2.029722e+01
   endloop
 endfacet
 facet normal  1.000000e+00  0.000000e+00  0.000000e+00
   outer loop
     vertex  1.475000e+02  1.623448e+01  2.019639e+01
     vertex  1.475000e+02  1.622862e+01  2.023018e+01
     vertex  1.475000e+02  1.621415e+01  2.029722e+01
   endloop
 endfacet
 facet normal  1.000000e+00  0.000000e+00  0.000000e+00
   outer loop
     vertex  1.475000e+02  1.518792e+01  2.123579e+01
     vertex  1.475000e+02  1.535516e+01  2.119848e+01
     vertex  1.475000e+02  1.528889e+01  2.121616e+01
   endloop
 endfacet
 facet normal  1.000000e+00  0.000000e+00  0.000000e+00
   outer loop
     vertex  1.475000e+02  1.518792e+01  2.123579e+01
     vertex  1.475000e+02  1.525541e+01  2.122363e+01
     vertex  1.475000e+02  1.522175e+01  2.123017e+01
   endloop
 endfacet
 facet normal  1.000000e+00  0.000000e+00  0.000000e+00
   outer loop
     vertex  1.475000e+02  1.518792e+01  2.123579e+01
     vertex  1.475000e+02  1.528889e+01  2.121616e+01
     vertex  1.475000e+02  1.525541e+01  2.122363e+01
   endloop
 endfacet
 facet normal  1.000000e+00  0.000000e+00  0.000000e+00
   outer loop
     vertex  1.475000e+02  1.518792e+01  2.123579e+01
     vertex  1.475000e+02  1.545249e+01  2.116523e+01
     vertex  1.475000e+02  1.542036e+01  2.117720e+01
   endloop
 endfacet
 facet normal  1.000000e+00  0.000000e+00  0.000000e+00
   outer loop
     vertex  1.475000e+02  1.518792e+01  2.123579e+01
     vertex  1.475000e+02  1.542036e+01  2.117720e+01
     vertex  1.475000e+02  1.535516e+01  2.119848e+01
   endloop
 endfacet
 facet normal  1.000000e+00  0.000000e+00  0.000000e+00
   outer loop
     vertex  1.475000e+02  1.511985e+01  2.124424e+01
     vertex  1.475000e+02  1.518792e+01  2.123579e+01
     vertex  1.475000e+02  1.515394e+01  2.124048e+01
   endloop
 endfacet
 facet normal  1.000000e+00  0.000000e+00  0.000000e+00
   outer loop
     vertex  1.475000e+02  1.624644e+01  2.009423e+01
     vertex  1.475000e+02  1.623448e+01  2.019639e+01
     vertex  1.475000e+02  1.621415e+01  2.029722e+01
   endloop
 endfacet
 facet normal  1.000000e+00  0.000000e+00  0.000000e+00
   outer loop
     vertex  1.475000e+02  1.624644e+01  2.009423e+01
     vertex  1.475000e+02  1.623940e+01  2.016245e+01
     vertex  1.475000e+02  1.623448e+01  2.019639e+01
   endloop
 endfacet
 facet normal  1.000000e+00  0.000000e+00  0.000000e+00
   outer loop
     vertex  1.475000e+02  1.624644e+01  2.009423e+01
     vertex  1.475000e+02  1.624339e+01  2.012839e+01
     vertex  1.475000e+02  1.623940e+01  2.016245e+01
   endloop
 endfacet
 facet normal  1.000000e+00  0.000000e+00  0.000000e+00
   outer loop
     vertex  1.475000e+02  1.624997e+01  1.999143e+01
     vertex  1.475000e+02  1.624974e+01  2.002572e+01
     vertex  1.475000e+02  1.624856e+01  2.006000e+01
   endloop
 endfacet
 facet normal  1.000000e+00  0.000000e+00  0.000000e+00
   outer loop
     vertex  1.475000e+02  1.624762e+01  1.992288e+01
     vertex  1.475000e+02  1.624926e+01  1.995714e+01
     vertex  1.475000e+02  1.624997e+01  1.999143e+01
   endloop
 endfacet
 facet normal  1.000000e+00  0.000000e+00  0.000000e+00
   outer loop
     vertex  1.475000e+02  1.623705e+01  1.982056e+01
     vertex  1.475000e+02  1.624503e+01  1.988868e+01
     vertex  1.475000e+02  1.624762e+01  1.992288e+01
   endloop
 endfacet
 facet normal  1.000000e+00  0.000000e+00  0.000000e+00
   outer loop
     vertex  1.475000e+02  1.623705e+01  1.982056e+01
     vertex  1.475000e+02  1.624151e+01  1.985457e+01
     vertex  1.475000e+02  1.624503e+01  1.988868e+01
   endloop
 endfacet
 facet normal  1.000000e+00  0.000000e+00  0.000000e+00
   outer loop
     vertex  1.475000e+02  1.623167e+01  1.978669e+01
     vertex  1.475000e+02  1.623705e+01  1.982056e+01
     vertex  1.475000e+02  1.624762e+01  1.992288e+01
   endloop
 endfacet
 facet normal  1.000000e+00  0.000000e+00  0.000000e+00
   outer loop
     vertex  1.475000e+02  1.477825e+01  2.123017e+01
     vertex  1.475000e+02  1.484606e+01  2.124048e+01
     vertex  1.475000e+02  1.481208e+01  2.123579e+01
   endloop
 endfacet
 facet normal  1.000000e+00  0.000000e+00  0.000000e+00
   outer loop
     vertex  1.475000e+02  1.477825e+01  2.123017e+01
     vertex  1.475000e+02  1.488015e+01  2.124424e+01
     vertex  1.475000e+02  1.484606e+01  2.124048e+01
   endloop
 endfacet
 facet normal  1.000000e+00  0.000000e+00  0.000000e+00
   outer loop
     vertex  1.475000e+02  1.477825e+01  2.123017e+01
     vertex  1.475000e+02  1.491433e+01  2.124706e+01
     vertex  1.475000e+02  1.488015e+01  2.124424e+01
   endloop
 endfacet
 facet normal  1.000000e+00  0.000000e+00  0.000000e+00
   outer loop
     vertex  1.475000e+02  1.471111e+01  2.121616e+01
     vertex  1.475000e+02  1.477825e+01  2.123017e+01
     vertex  1.475000e+02  1.474459e+01  2.122363e+01
   endloop
 endfacet
 facet normal  1.000000e+00  0.000000e+00  0.000000e+00
   outer loop
     vertex  1.475000e+02  1.620089e+01  1.965307e+01
     vertex  1.475000e+02  1.621811e+01  1.971946e+01
     vertex  1.475000e+02  1.622535e+01  1.975298e+01
   endloop
 endfacet
 facet normal  1.000000e+00  0.000000e+00  0.000000e+00
   outer loop
     vertex  1.475000e+02  1.620089e+01  1.965307e+01
     vertex  1.475000e+02  1.620996e+01  1.968615e+01
     vertex  1.475000e+02  1.621811e+01  1.971946e+01
   endloop
 endfacet
 facet normal  1.000000e+00  0.000000e+00  0.000000e+00
   outer loop
     vertex  1.475000e+02  1.464484e+01  2.119848e+01
     vertex  1.475000e+02  1.471111e+01  2.121616e+01
     vertex  1.475000e+02  1.467786e+01  2.120778e+01
   endloop
 endfacet
 facet normal  1.000000e+00  0.000000e+00  0.000000e+00
   outer loop
     vertex  1.475000e+02  1.619092e+01  1.962026e+01
     vertex  1.475000e+02  1.623167e+01  1.978669e+01
     vertex  1.475000e+02  1.624762e+01  1.992288e+01
   endloop
 endfacet
 facet normal  1.000000e+00  0.000000e+00  0.000000e+00
   outer loop
     vertex  1.475000e+02  1.619092e+01  1.962026e+01
     vertex  1.475000e+02  1.622535e+01  1.975298e+01
     vertex  1.475000e+02  1.623167e+01  1.978669e+01
   endloop
 endfacet
 facet normal  1.000000e+00  0.000000e+00  0.000000e+00
   outer loop
     vertex  1.475000e+02  1.619092e+01  1.962026e+01
     vertex  1.475000e+02  1.620089e+01  1.965307e+01
     vertex  1.475000e+02  1.622535e+01  1.975298e+01
   endloop
 endfacet
 facet normal  1.000000e+00  0.000000e+00  0.000000e+00
   outer loop
     vertex  1.475000e+02  1.461210e+01  2.118829e+01
     vertex  1.475000e+02  1.471111e+01  2.121616e+01
     vertex  1.475000e+02  1.464484e+01  2.119848e+01
   endloop
 endfacet
 facet normal  1.000000e+00  0.000000e+00  0.000000e+00
   outer loop
     vertex  1.475000e+02  1.616830e+01  1.955551e+01
     vertex  1.475000e+02  1.618006e+01  1.958773e+01
     vertex  1.475000e+02  1.619092e+01  1.962026e+01
   endloop
 endfacet
 facet normal  1.000000e+00  0.000000e+00  0.000000e+00
   outer loop
     vertex  1.475000e+02  1.454751e+01  2.116523e+01
     vertex  1.475000e+02  1.461210e+01  2.118829e+01
     vertex  1.475000e+02  1.457964e+01  2.117720e+01
   endloop
 endfacet
 facet normal  1.000000e+00  0.000000e+00  0.000000e+00
   outer loop
     vertex  1.475000e+02  1.454751e+01  2.116523e+01
     vertex  1.475000e+02  1.471111e+01  2.121616e+01
     vertex  1.475000e+02  1.461210e+01  2.118829e+01
   endloop
 endfacet
 facet normal  1.000000e+00  0.000000e+00  0.000000e+00
   outer loop
     vertex  1.475000e+02  1.615567e+01  1.952363e+01
     vertex  1.475000e+02  1.616830e+01  1.955551e+01
     vertex  1.475000e+02  1.619092e+01  1.962026e+01
   endloop
 endfacet
 facet normal  1.000000e+00  0.000000e+00  0.000000e+00
   outer loop
     vertex  1.475000e+02  1.448428e+01  2.113865e+01
     vertex  1.475000e+02  1.454751e+01  2.116523e+01
     vertex  1.475000e+02  1.451571e+01  2.115237e+01
   endloop
 endfacet
 facet normal  1.000000e+00  0.000000e+00  0.000000e+00
   outer loop
     vertex  1.475000e+02  1.445324e+01  2.112408e+01
     vertex  1.475000e+02  1.454751e+01  2.116523e+01
     vertex  1.475000e+02  1.448428e+01  2.113865e+01
   endloop
 endfacet
 facet normal  1.000000e+00  0.000000e+00  0.000000e+00
   outer loop
     vertex  1.475000e+02  1.611259e+01  1.943022e+01
     vertex  1.475000e+02  1.615567e+01  1.952363e+01
     vertex  1.475000e+02  1.619092e+01  1.962026e+01
   endloop
 endfacet
 facet normal  1.000000e+00  0.000000e+00  0.000000e+00
   outer loop
     vertex  1.475000e+02  1.611259e+01  1.943022e+01
     vertex  1.475000e+02  1.614216e+01  1.949210e+01
     vertex  1.475000e+02  1.615567e+01  1.952363e+01
   endloop
 endfacet
 facet normal  1.000000e+00  0.000000e+00  0.000000e+00
   outer loop
     vertex  1.475000e+02  1.611259e+01  1.943022e+01
     vertex  1.475000e+02  1.612780e+01  1.946096e+01
     vertex  1.475000e+02  1.614216e+01  1.949210e+01
   endloop
 endfacet
 facet normal  1.000000e+00  0.000000e+00  0.000000e+00
   outer loop
     vertex  1.475000e+02  1.442260e+01  2.110865e+01
     vertex  1.475000e+02  1.454751e+01  2.116523e+01
     vertex  1.475000e+02  1.445324e+01  2.112408e+01
   endloop
 endfacet
 facet normal  1.000000e+00  0.000000e+00  0.000000e+00
   outer loop
     vertex  1.475000e+02  1.442260e+01  2.110865e+01
     vertex  1.475000e+02  1.471111e+01  2.121616e+01
     vertex  1.475000e+02  1.454751e+01  2.116523e+01
   endloop
 endfacet
 facet normal  1.000000e+00  0.000000e+00  0.000000e+00
   outer loop
     vertex  1.475000e+02  1.606197e+01  1.934067e+01
     vertex  1.475000e+02  1.609654e+01  1.939991e+01
     vertex  1.475000e+02  1.611259e+01  1.943022e+01
   endloop
 endfacet
 facet normal  1.000000e+00  0.000000e+00  0.000000e+00
   outer loop
     vertex  1.475000e+02  1.606197e+01  1.934067e+01
     vertex  1.475000e+02  1.607966e+01  1.937006e+01
     vertex  1.475000e+02  1.609654e+01  1.939991e+01
   endloop
 endfacet
 facet normal  1.000000e+00  0.000000e+00  0.000000e+00
   outer loop
     vertex  1.475000e+02  1.433340e+01  2.105743e+01
     vertex  1.475000e+02  1.439241e+01  2.109240e+01
     vertex  1.475000e+02  1.436267e+01  2.107532e+01
   endloop
 endfacet
 facet normal  1.000000e+00  0.000000e+00  0.000000e+00
   outer loop
     vertex  1.475000e+02  1.430465e+01  2.103874e+01
     vertex  1.475000e+02  1.494857e+01  2.124894e+01
     vertex  1.475000e+02  1.491433e+01  2.124706e+01
   endloop
 endfacet
 facet normal  1.000000e+00  0.000000e+00  0.000000e+00
   outer loop
     vertex  1.475000e+02  1.430465e+01  2.103874e+01
     vertex  1.475000e+02  1.498285e+01  2.124988e+01
     vertex  1.475000e+02  1.494857e+01  2.124894e+01
   endloop
 endfacet
 facet normal  1.000000e+00  0.000000e+00  0.000000e+00
   outer loop
     vertex  1.475000e+02  1.430465e+01  2.103874e+01
     vertex  1.475000e+02  1.501715e+01  2.124988e+01
     vertex  1.475000e+02  1.498285e+01  2.124988e+01
   endloop
 endfacet
 facet normal  1.000000e+00  0.000000e+00  0.000000e+00
   outer loop
     vertex  1.475000e+02  1.430465e+01  2.103874e+01
     vertex  1.475000e+02  1.505143e+01  2.124894e+01
     vertex  1.475000e+02  1.501715e+01  2.124988e+01
   endloop
 endfacet
 facet normal  1.000000e+00  0.000000e+00  0.000000e+00
   outer loop
     vertex  1.475000e+02  1.430465e+01  2.103874e+01
     vertex  1.475000e+02  1.439241e+01  2.109240e+01
     vertex  1.475000e+02  1.433340e+01  2.105743e+01
   endloop
 endfacet
 facet normal  1.000000e+00  0.000000e+00  0.000000e+00
   outer loop
     vertex  1.475000e+02  1.430465e+01  2.103874e+01
     vertex  1.475000e+02  1.477825e+01  2.123017e+01
     vertex  1.475000e+02  1.471111e+01  2.121616e+01
   endloop
 endfacet
 facet normal  1.000000e+00  0.000000e+00  0.000000e+00
   outer loop
     vertex  1.475000e+02  1.430465e+01  2.103874e+01
     vertex  1.475000e+02  1.491433e+01  2.124706e+01
     vertex  1.475000e+02  1.477825e+01  2.123017e+01
   endloop
 endfacet
 facet normal  1.000000e+00  0.000000e+00  0.000000e+00
   outer loop
     vertex  1.475000e+02  1.430465e+01  2.103874e+01
     vertex  1.475000e+02  1.442260e+01  2.110865e+01
     vertex  1.475000e+02  1.439241e+01  2.109240e+01
   endloop
 endfacet
 facet normal  1.000000e+00  0.000000e+00  0.000000e+00
   outer loop
     vertex  1.475000e+02  1.430465e+01  2.103874e+01
     vertex  1.475000e+02  1.471111e+01  2.121616e+01
     vertex  1.475000e+02  1.442260e+01  2.110865e+01
   endloop
 endfacet
 facet normal  1.000000e+00  0.000000e+00  0.000000e+00
   outer loop
     vertex  1.475000e+02  1.602421e+01  1.928342e+01
     vertex  1.475000e+02  1.606197e+01  1.934067e+01
     vertex  1.475000e+02  1.611259e+01  1.943022e+01
   endloop
 endfacet
 facet normal  1.000000e+00  0.000000e+00  0.000000e+00
   outer loop
     vertex  1.475000e+02  1.602421e+01  1.928342e+01
     vertex  1.475000e+02  1.611259e+01  1.943022e+01
     vertex  1.475000e+02  1.619092e+01  1.962026e+01
   endloop
 endfacet
 facet normal  1.000000e+00  0.000000e+00  0.000000e+00
   outer loop
     vertex  1.475000e+02  1.602421e+01  1.928342e+01
     vertex  1.475000e+02  1.624997e+01  1.999143e+01
     vertex  1.475000e+02  1.624856e+01  2.006000e+01
   endloop
 endfacet
 facet normal  1.000000e+00  0.000000e+00  0.000000e+00
   outer loop
     vertex  1.475000e+02  1.602421e+01  1.928342e+01
     vertex  1.475000e+02  1.624762e+01  1.992288e+01
     vertex  1.475000e+02  1.624997e+01  1.999143e+01
   endloop
 endfacet
 facet normal  1.000000e+00  0.000000e+00  0.000000e+00
   outer loop
     vertex  1.475000e+02  1.602421e+01  1.928342e+01
     vertex  1.475000e+02  1.619092e+01  1.962026e+01
     vertex  1.475000e+02  1.624762e+01  1.992288e+01
   endloop
 endfacet
 facet normal  1.000000e+00  0.000000e+00  0.000000e+00
   outer loop
     vertex  1.475000e+02  1.602421e+01  1.928342e+01
     vertex  1.475000e+02  1.624856e+01  2.006000e+01
     vertex  1.475000e+02  1.624644e+01  2.009423e+01
   endloop
 endfacet
 facet normal  1.000000e+00  0.000000e+00  0.000000e+00
   outer loop
     vertex  1.475000e+02  1.602421e+01  1.928342e+01
     vertex  1.475000e+02  1.604349e+01  1.931179e+01
     vertex  1.475000e+02  1.606197e+01  1.934067e+01
   endloop
 endfacet
 facet normal  1.000000e+00  0.000000e+00  0.000000e+00
   outer loop
     vertex  1.475000e+02  1.422160e+01  2.097805e+01
     vertex  1.475000e+02  1.427641e+01  2.101927e+01
     vertex  1.475000e+02  1.424872e+01  2.099904e+01
   endloop
 endfacet
 facet normal  1.000000e+00  0.000000e+00  0.000000e+00
   outer loop
     vertex  1.475000e+02  1.596183e+01  1.920164e+01
     vertex  1.475000e+02  1.602421e+01  1.928342e+01
     vertex  1.475000e+02  1.624644e+01  2.009423e+01
   endloop
 endfacet
 facet normal  1.000000e+00  0.000000e+00  0.000000e+00
   outer loop
     vertex  1.475000e+02  1.596183e+01  1.920164e+01
     vertex  1.475000e+02  1.600417e+01  1.925559e+01
     vertex  1.475000e+02  1.602421e+01  1.928342e+01
   endloop
 endfacet
 facet normal  1.000000e+00  0.000000e+00  0.000000e+00
   outer loop
     vertex  1.475000e+02  1.596183e+01  1.920164e+01
     vertex  1.475000e+02  1.598337e+01  1.922832e+01
     vertex  1.475000e+02  1.600417e+01  1.925559e+01
   endloop
 endfacet
 facet normal  1.000000e+00  0.000000e+00  0.000000e+00
   outer loop
     vertex  1.475000e+02  1.416912e+01  2.093389e+01
     vertex  1.475000e+02  1.427641e+01  2.101927e+01
     vertex  1.475000e+02  1.422160e+01  2.097805e+01
   endloop
 endfacet
 facet normal  1.000000e+00  0.000000e+00  0.000000e+00
   outer loop
     vertex  1.475000e+02  1.416912e+01  2.093389e+01
     vertex  1.475000e+02  1.422160e+01  2.097805e+01
     vertex  1.475000e+02  1.419506e+01  2.095633e+01
   endloop
 endfacet
 facet normal  1.000000e+00  0.000000e+00  0.000000e+00
   outer loop
     vertex  1.475000e+02  1.416912e+01  2.093389e+01
     vertex  1.475000e+02  1.430465e+01  2.103874e+01
     vertex  1.475000e+02  1.427641e+01  2.101927e+01
   endloop
 endfacet
 facet normal  1.000000e+00  0.000000e+00  0.000000e+00
   outer loop
     vertex  1.475000e+02  1.591659e+01  1.915008e+01
     vertex  1.475000e+02  1.593956e+01  1.917555e+01
     vertex  1.475000e+02  1.596183e+01  1.920164e+01
   endloop
 endfacet
 facet normal  1.000000e+00  0.000000e+00  0.000000e+00
   outer loop
     vertex  1.475000e+02  1.411915e+01  2.088691e+01
     vertex  1.475000e+02  1.416912e+01  2.093389e+01
     vertex  1.475000e+02  1.414382e+01  2.091074e+01
   endloop
 endfacet
 facet normal  1.000000e+00  0.000000e+00  0.000000e+00
   outer loop
     vertex  1.475000e+02  1.586860e+01  1.910109e+01
     vertex  1.475000e+02  1.591659e+01  1.915008e+01
     vertex  1.475000e+02  1.596183e+01  1.920164e+01
   endloop
 endfacet
 facet normal  1.000000e+00  0.000000e+00  0.000000e+00
   outer loop
     vertex  1.475000e+02  1.586860e+01  1.910109e+01
     vertex  1.475000e+02  1.589293e+01  1.912526e+01
     vertex  1.475000e+02  1.591659e+01  1.915008e+01
   endloop
 endfacet
 facet normal  1.000000e+00  0.000000e+00  0.000000e+00
   outer loop
     vertex  1.475000e+02  1.409515e+01  2.086241e+01
     vertex  1.475000e+02  1.416912e+01  2.093389e+01
     vertex  1.475000e+02  1.411915e+01  2.088691e+01
   endloop
 endfacet
 facet normal  1.000000e+00  0.000000e+00  0.000000e+00
   outer loop
     vertex  1.475000e+02  1.404921e+01  2.081148e+01
     vertex  1.475000e+02  1.416912e+01  2.093389e+01
     vertex  1.475000e+02  1.409515e+01  2.086241e+01
   endloop
 endfacet
 facet normal  1.000000e+00  0.000000e+00  0.000000e+00
   outer loop
     vertex  1.475000e+02  1.404921e+01  2.081148e+01
     vertex  1.475000e+02  1.409515e+01  2.086241e+01
     vertex  1.475000e+02  1.407183e+01  2.083726e+01
   endloop
 endfacet
 facet normal  1.000000e+00  0.000000e+00  0.000000e+00
   outer loop
     vertex  1.475000e+02  1.579175e+01  1.903272e+01
     vertex  1.475000e+02  1.584361e+01  1.907760e+01
     vertex  1.475000e+02  1.586860e+01  1.910109e+01
   endloop
 endfacet
 facet normal  1.000000e+00  0.000000e+00  0.000000e+00
   outer loop
     vertex  1.475000e+02  1.579175e+01  1.903272e+01
     vertex  1.475000e+02  1.581799e+01  1.905480e+01
     vertex  1.475000e+02  1.584361e+01  1.907760e+01
   endloop
 endfacet
 facet normal  1.000000e+00  0.000000e+00  0.000000e+00
   outer loop
     vertex  1.475000e+02  1.402731e+01  2.078509e+01
     vertex  1.475000e+02  1.416912e+01  2.093389e+01
     vertex  1.475000e+02  1.404921e+01  2.081148e+01
   endloop
 endfacet
 facet normal  1.000000e+00  0.000000e+00  0.000000e+00
   outer loop
     vertex  1.475000e+02  1.573750e+01  1.899075e+01
     vertex  1.475000e+02  1.576491e+01  1.901136e+01
     vertex  1.475000e+02  1.579175e+01  1.903272e+01
   endloop
 endfacet
 facet normal  1.000000e+00  0.000000e+00  0.000000e+00
   outer loop
     vertex  1.475000e+02  1.573750e+01  1.899075e+01
     vertex  1.475000e+02  1.579175e+01  1.903272e+01
     vertex  1.475000e+02  1.586860e+01  1.910109e+01
   endloop
 endfacet
 facet normal  1.000000e+00  0.000000e+00  0.000000e+00
   outer loop
     vertex  1.475000e+02  1.398571e+01  2.073056e+01
     vertex  1.475000e+02  1.416912e+01  2.093389e+01
     vertex  1.475000e+02  1.402731e+01  2.078509e+01
   endloop
 endfacet
 facet normal  1.000000e+00  0.000000e+00  0.000000e+00
   outer loop
     vertex  1.475000e+02  1.398571e+01  2.073056e+01
     vertex  1.475000e+02  1.402731e+01  2.078509e+01
     vertex  1.475000e+02  1.400614e+01  2.075811e+01
   endloop
 endfacet
 facet normal  1.000000e+00  0.000000e+00  0.000000e+00
   outer loop
     vertex  1.475000e+02  1.570954e+01  1.897090e+01
     vertex  1.475000e+02  1.573750e+01  1.899075e+01
     vertex  1.475000e+02  1.586860e+01  1.910109e+01
   endloop
 endfacet
 facet normal  1.000000e+00  0.000000e+00  0.000000e+00
   outer loop
     vertex  1.475000e+02  1.394717e+01  2.067383e+01
     vertex  1.475000e+02  1.398571e+01  2.073056e+01
     vertex  1.475000e+02  1.396605e+01  2.070246e+01
   endloop
 endfacet
 facet normal  1.000000e+00  0.000000e+00  0.000000e+00
   outer loop
     vertex  1.475000e+02  1.565203e+01  1.893353e+01
     vertex  1.475000e+02  1.568104e+01  1.895182e+01
     vertex  1.475000e+02  1.570954e+01  1.897090e+01
   endloop
 endfacet
 facet normal  1.000000e+00  0.000000e+00  0.000000e+00
   outer loop
     vertex  1.475000e+02  1.562252e+01  1.891604e+01
     vertex  1.475000e+02  1.570954e+01  1.897090e+01
     vertex  1.475000e+02  1.586860e+01  1.910109e+01
   endloop
 endfacet
 facet normal  1.000000e+00  0.000000e+00  0.000000e+00
   outer loop
     vertex  1.475000e+02  1.562252e+01  1.891604e+01
     vertex  1.475000e+02  1.565203e+01  1.893353e+01
     vertex  1.475000e+02  1.570954e+01  1.897090e+01
   endloop
 endfacet
 facet normal  1.000000e+00  0.000000e+00  0.000000e+00
   outer loop
     vertex  1.475000e+02  1.391180e+01  2.061507e+01
     vertex  1.475000e+02  1.394717e+01  2.067383e+01
     vertex  1.475000e+02  1.392908e+01  2.064470e+01
   endloop
 endfacet
 facet normal  1.000000e+00  0.000000e+00  0.000000e+00
   outer loop
     vertex  1.475000e+02  1.391180e+01  2.061507e+01
     vertex  1.475000e+02  1.398571e+01  2.073056e+01
     vertex  1.475000e+02  1.394717e+01  2.067383e+01
   endloop
 endfacet
 facet normal  1.000000e+00  0.000000e+00  0.000000e+00
   outer loop
     vertex  1.475000e+02  1.559255e+01  1.889937e+01
     vertex  1.475000e+02  1.562252e+01  1.891604e+01
     vertex  1.475000e+02  1.586860e+01  1.910109e+01
   endloop
 endfacet
 facet normal  1.000000e+00  0.000000e+00  0.000000e+00
   outer loop
     vertex  1.475000e+02  1.387970e+01  2.055446e+01
     vertex  1.475000e+02  1.398571e+01  2.073056e+01
     vertex  1.475000e+02  1.391180e+01  2.061507e+01
   endloop
 endfacet
 facet normal  1.000000e+00  0.000000e+00  0.000000e+00
   outer loop
     vertex  1.475000e+02  1.387970e+01  2.055446e+01
     vertex  1.475000e+02  1.391180e+01  2.061507e+01
     vertex  1.475000e+02  1.389533e+01  2.058499e+01
   endloop
 endfacet
 facet normal  1.000000e+00  0.000000e+00  0.000000e+00
   outer loop
     vertex  1.475000e+02  1.553129e+01  1.886853e+01
     vertex  1.475000e+02  1.556213e+01  1.888353e+01
     vertex  1.475000e+02  1.559255e+01  1.889937e+01
   endloop
 endfacet
 facet normal  1.000000e+00  0.000000e+00  0.000000e+00
   outer loop
     vertex  1.475000e+02  1.553129e+01  1.886853e+01
     vertex  1.475000e+02  1.559255e+01  1.889937e+01
     vertex  1.475000e+02  1.586860e+01  1.910109e+01
   endloop
 endfacet
 facet normal  1.000000e+00  0.000000e+00  0.000000e+00
   outer loop
     vertex  1.475000e+02  1.386491e+01  2.052352e+01
     vertex  1.475000e+02  1.398571e+01  2.073056e+01
     vertex  1.475000e+02  1.387970e+01  2.055446e+01
   endloop
 endfacet
 facet normal  1.000000e+00  0.000000e+00  0.000000e+00
   outer loop
     vertex  1.475000e+02  1.546843e+01  1.884109e+01
     vertex  1.475000e+02  1.621415e+01  2.029722e+01
     vertex  1.475000e+02  1.618560e+01  2.039604e+01
   endloop
 endfacet
 facet normal  1.000000e+00  0.000000e+00  0.000000e+00
   outer loop
     vertex  1.475000e+02  1.546843e+01  1.884109e+01
     vertex  1.475000e+02  1.550005e+01  1.885438e+01
     vertex  1.475000e+02  1.553129e+01  1.886853e+01
   endloop
 endfacet
 facet normal  1.000000e+00  0.000000e+00  0.000000e+00
   outer loop
     vertex  1.475000e+02  1.546843e+01  1.884109e+01
     vertex  1.475000e+02  1.624644e+01  2.009423e+01
     vertex  1.475000e+02  1.621415e+01  2.029722e+01
   endloop
 endfacet
 facet normal  1.000000e+00  0.000000e+00  0.000000e+00
   outer loop
     vertex  1.475000e+02  1.546843e+01  1.884109e+01
     vertex  1.475000e+02  1.596183e+01  1.920164e+01
     vertex  1.475000e+02  1.624644e+01  2.009423e+01
   endloop
 endfacet
 facet normal  1.000000e+00  0.000000e+00  0.000000e+00
   outer loop
     vertex  1.475000e+02  1.546843e+01  1.884109e+01
     vertex  1.475000e+02  1.586860e+01  1.910109e+01
     vertex  1.475000e+02  1.596183e+01  1.920164e+01
   endloop
 endfacet
 facet normal  1.000000e+00  0.000000e+00  0.000000e+00
   outer loop
     vertex  1.475000e+02  1.546843e+01  1.884109e+01
     vertex  1.475000e+02  1.614902e+01  2.049218e+01
     vertex  1.475000e+02  1.613509e+01  2.052352e+01
   endloop
 endfacet
 facet normal  1.000000e+00  0.000000e+00  0.000000e+00
   outer loop
     vertex  1.475000e+02  1.546843e+01  1.884109e+01
     vertex  1.475000e+02  1.616209e+01  2.046047e+01
     vertex  1.475000e+02  1.614902e+01  2.049218e+01
   endloop
 endfacet
 facet normal  1.000000e+00  0.000000e+00  0.000000e+00
   outer loop
     vertex  1.475000e+02  1.546843e+01  1.884109e+01
     vertex  1.475000e+02  1.617429e+01  2.042842e+01
     vertex  1.475000e+02  1.616209e+01  2.046047e+01
   endloop
 endfacet
 facet normal  1.000000e+00  0.000000e+00  0.000000e+00
   outer loop
     vertex  1.475000e+02  1.546843e+01  1.884109e+01
     vertex  1.475000e+02  1.618560e+01  2.039604e+01
     vertex  1.475000e+02  1.617429e+01  2.042842e+01
   endloop
 endfacet
 facet normal  1.000000e+00  0.000000e+00  0.000000e+00
   outer loop
     vertex  1.475000e+02  1.546843e+01  1.884109e+01
     vertex  1.475000e+02  1.553129e+01  1.886853e+01
     vertex  1.475000e+02  1.586860e+01  1.910109e+01
   endloop
 endfacet
 facet normal  1.000000e+00  0.000000e+00  0.000000e+00
   outer loop
     vertex  1.475000e+02  1.382571e+01  2.042842e+01
     vertex  1.475000e+02  1.385098e+01  2.049218e+01
     vertex  1.475000e+02  1.383791e+01  2.046047e+01
   endloop
 endfacet
 facet normal  1.000000e+00  0.000000e+00  0.000000e+00
   outer loop
     vertex  1.475000e+02  1.382571e+01  2.042842e+01
     vertex  1.475000e+02  1.386491e+01  2.052352e+01
     vertex  1.475000e+02  1.385098e+01  2.049218e+01
   endloop
 endfacet
 facet normal  1.000000e+00  0.000000e+00  0.000000e+00
   outer loop
     vertex  1.475000e+02  1.540417e+01  1.881714e+01
     vertex  1.475000e+02  1.543647e+01  1.882868e+01
     vertex  1.475000e+02  1.546843e+01  1.884109e+01
   endloop
 endfacet
 facet normal  1.000000e+00  0.000000e+00  0.000000e+00
   outer loop
     vertex  1.475000e+02  1.540417e+01  1.881714e+01
     vertex  1.475000e+02  1.608820e+01  2.061507e+01
     vertex  1.475000e+02  1.607092e+01  2.064470e+01
   endloop
 endfacet
 facet normal  1.000000e+00  0.000000e+00  0.000000e+00
   outer loop
     vertex  1.475000e+02  1.540417e+01  1.881714e+01
     vertex  1.475000e+02  1.610467e+01  2.058499e+01
     vertex  1.475000e+02  1.608820e+01  2.061507e+01
   endloop
 endfacet
 facet normal  1.000000e+00  0.000000e+00  0.000000e+00
   outer loop
     vertex  1.475000e+02  1.540417e+01  1.881714e+01
     vertex  1.475000e+02  1.612030e+01  2.055446e+01
     vertex  1.475000e+02  1.610467e+01  2.058499e+01
   endloop
 endfacet
 facet normal  1.000000e+00  0.000000e+00  0.000000e+00
   outer loop
     vertex  1.475000e+02  1.540417e+01  1.881714e+01
     vertex  1.475000e+02  1.613509e+01  2.052352e+01
     vertex  1.475000e+02  1.612030e+01  2.055446e+01
   endloop
 endfacet
 facet normal  1.000000e+00  0.000000e+00  0.000000e+00
   outer loop
     vertex  1.475000e+02  1.540417e+01  1.881714e+01
     vertex  1.475000e+02  1.546843e+01  1.884109e+01
     vertex  1.475000e+02  1.613509e+01  2.052352e+01
   endloop
 endfacet
 facet normal  1.000000e+00  0.000000e+00  0.000000e+00
   outer loop
     vertex  1.475000e+02  1.530554e+01  1.878792e+01
     vertex  1.475000e+02  1.537156e+01  1.880650e+01
     vertex  1.475000e+02  1.540417e+01  1.881714e+01
   endloop
 endfacet
 facet normal  1.000000e+00  0.000000e+00  0.000000e+00
   outer loop
     vertex  1.475000e+02  1.530554e+01  1.878792e+01
     vertex  1.475000e+02  1.533868e+01  1.879676e+01
     vertex  1.475000e+02  1.537156e+01  1.880650e+01
   endloop
 endfacet
 facet normal  1.000000e+00  0.000000e+00  0.000000e+00
   outer loop
     vertex  1.475000e+02  1.378585e+01  2.029722e+01
     vertex  1.475000e+02  1.380398e+01  2.036337e+01
     vertex  1.475000e+02  1.379446e+01  2.033042e+01
   endloop
 endfacet
 facet normal  1.000000e+00  0.000000e+00  0.000000e+00
   outer loop
     vertex  1.475000e+02  1.527218e+01  1.877999e+01
     vertex  1.475000e+02  1.530554e+01  1.878792e+01
     vertex  1.475000e+02  1.540417e+01  1.881714e+01
   endloop
 endfacet
 facet normal  1.000000e+00  0.000000e+00  0.000000e+00
   outer loop
     vertex  1.475000e+02  1.377815e+01  2.026380e+01
     vertex  1.475000e+02  1.380398e+01  2.036337e+01
     vertex  1.475000e+02  1.378585e+01  2.029722e+01
   endloop
 endfacet
 facet normal  1.000000e+00  0.000000e+00  0.000000e+00
   outer loop
     vertex  1.475000e+02  1.376552e+01  2.019639e+01
     vertex  1.475000e+02  1.380398e+01  2.036337e+01
     vertex  1.475000e+02  1.377815e+01  2.026380e+01
   endloop
 endfacet
 facet normal  1.000000e+00  0.000000e+00  0.000000e+00
   outer loop
     vertex  1.475000e+02  1.376552e+01  2.019639e+01
     vertex  1.475000e+02  1.377815e+01  2.026380e+01
     vertex  1.475000e+02  1.377138e+01  2.023018e+01
   endloop
 endfacet
 facet normal  1.000000e+00  0.000000e+00  0.000000e+00
   outer loop
     vertex  1.475000e+02  1.376552e+01  2.019639e+01
     vertex  1.475000e+02  1.381440e+01  2.039604e+01
     vertex  1.475000e+02  1.380398e+01  2.036337e+01
   endloop
 endfacet
 facet normal  1.000000e+00  0.000000e+00  0.000000e+00
   outer loop
     vertex  1.475000e+02  1.376552e+01  2.019639e+01
     vertex  1.475000e+02  1.382571e+01  2.042842e+01
     vertex  1.475000e+02  1.381440e+01  2.039604e+01
   endloop
 endfacet
 facet normal  1.000000e+00  0.000000e+00  0.000000e+00
   outer loop
     vertex  1.475000e+02  1.517095e+01  1.876174e+01
     vertex  1.475000e+02  1.520485e+01  1.876690e+01
     vertex  1.475000e+02  1.523860e+01  1.877298e+01
   endloop
 endfacet
 facet normal  1.000000e+00  0.000000e+00  0.000000e+00
   outer loop
     vertex  1.475000e+02  1.376060e+01  2.016245e+01
     vertex  1.475000e+02  1.382571e+01  2.042842e+01
     vertex  1.475000e+02  1.376552e+01  2.019639e+01
   endloop
 endfacet
 facet normal  1.000000e+00  0.000000e+00  0.000000e+00
   outer loop
     vertex  1.475000e+02  1.513691e+01  1.875752e+01
     vertex  1.475000e+02  1.517095e+01  1.876174e+01
     vertex  1.475000e+02  1.523860e+01  1.877298e+01
   endloop
 endfacet
 facet normal  1.000000e+00  0.000000e+00  0.000000e+00
   outer loop
     vertex  1.475000e+02  1.510277e+01  1.875423e+01
     vertex  1.475000e+02  1.523860e+01  1.877298e+01
     vertex  1.475000e+02  1.527218e+01  1.877999e+01
   endloop
 endfacet
 facet normal  1.000000e+00  0.000000e+00  0.000000e+00
   outer loop
     vertex  1.475000e+02  1.510277e+01  1.875423e+01
     vertex  1.475000e+02  1.513691e+01  1.875752e+01
     vertex  1.475000e+02  1.523860e+01  1.877298e+01
   endloop
 endfacet
 facet normal  1.000000e+00  0.000000e+00  0.000000e+00
   outer loop
     vertex  1.475000e+02  1.375356e+01  2.009423e+01
     vertex  1.475000e+02  1.376060e+01  2.016245e+01
     vertex  1.475000e+02  1.375661e+01  2.012839e+01
   endloop
 endfacet
 facet normal  1.000000e+00  0.000000e+00  0.000000e+00
   outer loop
     vertex  1.475000e+02  1.375356e+01  2.009423e+01
     vertex  1.475000e+02  1.382571e+01  2.042842e+01
     vertex  1.475000e+02  1.376060e+01  2.016245e+01
   endloop
 endfacet
 facet normal  1.000000e+00  0.000000e+00  0.000000e+00
   outer loop
     vertex  1.475000e+02  1.506856e+01  1.875188e+01
     vertex  1.475000e+02  1.510277e+01  1.875423e+01
     vertex  1.475000e+02  1.527218e+01  1.877999e+01
   endloop
 endfacet
 facet normal  1.000000e+00  0.000000e+00  0.000000e+00
   outer loop
     vertex  1.475000e+02  1.506856e+01  1.875188e+01
     vertex  1.475000e+02  1.527218e+01  1.877999e+01
     vertex  1.475000e+02  1.540417e+01  1.881714e+01
   endloop
 endfacet
 facet normal  1.000000e+00  0.000000e+00  0.000000e+00
   outer loop
     vertex  1.475000e+02  1.375026e+01  2.002572e+01
     vertex  1.475000e+02  1.375356e+01  2.009423e+01
     vertex  1.475000e+02  1.375144e+01  2.006000e+01
   endloop
 endfacet
 facet normal  1.000000e+00  0.000000e+00  0.000000e+00
   outer loop
     vertex  1.475000e+02  1.500000e+01  1.875000e+01
     vertex  1.475000e+02  1.503429e+01  1.875047e+01
     vertex  1.475000e+02  1.506856e+01  1.875188e+01
   endloop
 endfacet
 facet normal  1.000000e+00  0.000000e+00  0.000000e+00
   outer loop
     vertex  1.475000e+02  1.375003e+01  1.999143e+01
     vertex  1.475000e+02  1.375356e+01  2.009423e+01
     vertex  1.475000e+02  1.375026e+01  2.002572e+01
   endloop
 endfacet
 facet normal  1.000000e+00  0.000000e+00  0.000000e+00
   outer loop
     vertex  1.475000e+02  1.493144e+01  1.875188e+01
     vertex  1.475000e+02  1.496571e+01  1.875047e+01
     vertex  1.475000e+02  1.500000e+01  1.875000e+01
   endloop
 endfacet
 facet normal  1.000000e+00  0.000000e+00  0.000000e+00
   outer loop
     vertex  1.475000e+02  1.489723e+01  1.875423e+01
     vertex  1.475000e+02  1.493144e+01  1.875188e+01
     vertex  1.475000e+02  1.500000e+01  1.875000e+01
   endloop
 endfacet
 facet normal  1.000000e+00  0.000000e+00  0.000000e+00
   outer loop
     vertex  1.475000e+02  1.489723e+01  1.875423e+01
     vertex  1.475000e+02  1.500000e+01  1.875000e+01
     vertex  1.475000e+02  1.506856e+01  1.875188e+01
   endloop
 endfacet
 facet normal  1.000000e+00 -0.000000e+00  0.000000e+00
   outer loop
     vertex  1.475000e+02  1.489723e+01  1.875423e+01
     vertex  1.475000e+02  1.506856e+01  1.875188e+01
     vertex  1.475000e+02  1.540417e+01  1.881714e+01
   endloop
 endfacet
 facet normal  1.000000e+00  0.000000e+00  0.000000e+00
   outer loop
     vertex  1.475000e+02  1.375497e+01  1.988868e+01
     vertex  1.475000e+02  1.375074e+01  1.995714e+01
     vertex  1.475000e+02  1.375238e+01  1.992288e+01
   endloop
 endfacet
 facet normal  1.000000e+00  0.000000e+00  0.000000e+00
   outer loop
     vertex  1.475000e+02  1.375497e+01  1.988868e+01
     vertex  1.475000e+02  1.375003e+01  1.999143e+01
     vertex  1.475000e+02  1.375074e+01  1.995714e+01
   endloop
 endfacet
 facet normal  1.000000e+00  0.000000e+00  0.000000e+00
   outer loop
     vertex  1.475000e+02  1.375849e+01  1.985457e+01
     vertex  1.475000e+02  1.375003e+01  1.999143e+01
     vertex  1.475000e+02  1.375497e+01  1.988868e+01
   endloop
 endfacet
 facet normal  1.000000e+00  0.000000e+00  0.000000e+00
   outer loop
     vertex  1.475000e+02  1.482905e+01  1.876174e+01
     vertex  1.475000e+02  1.486309e+01  1.875752e+01
     vertex  1.475000e+02  1.489723e+01  1.875423e+01
   endloop
 endfacet
 facet normal  1.000000e+00 -0.000000e+00  0.000000e+00
   outer loop
     vertex  1.475000e+02  1.482905e+01  1.876174e+01
     vertex  1.475000e+02  1.489723e+01  1.875423e+01
     vertex  1.475000e+02  1.540417e+01  1.881714e+01
   endloop
 endfacet
 facet normal  1.000000e+00  0.000000e+00  0.000000e+00
   outer loop
     vertex  1.475000e+02  1.376295e+01  1.982056e+01
     vertex  1.475000e+02  1.375003e+01  1.999143e+01
     vertex  1.475000e+02  1.375849e+01  1.985457e+01
   endloop
 endfacet
 facet normal  1.000000e+00  0.000000e+00  0.000000e+00
   outer loop
     vertex  1.475000e+02  1.476140e+01  1.877298e+01
     vertex  1.475000e+02  1.479515e+01  1.876690e+01
     vertex  1.475000e+02  1.482905e+01  1.876174e+01
   endloop
 endfacet
 facet normal  1.000000e+00  0.000000e+00  0.000000e+00
   outer loop
     vertex  1.475000e+02  1.472782e+01  1.877999e+01
     vertex  1.475000e+02  1.583088e+01  2.093389e+01
     vertex  1.475000e+02  1.580494e+01  2.095633e+01
   endloop
 endfacet
 facet normal  1.000000e+00  0.000000e+00  0.000000e+00
   outer loop
     vertex  1.475000e+02  1.472782e+01  1.877999e+01
     vertex  1.475000e+02  1.585618e+01  2.091074e+01
     vertex  1.475000e+02  1.583088e+01  2.093389e+01
   endloop
 endfacet
 facet normal  1.000000e+00  0.000000e+00  0.000000e+00
   outer loop
     vertex  1.475000e+02  1.472782e+01  1.877999e+01
     vertex  1.475000e+02  1.588085e+01  2.088691e+01
     vertex  1.475000e+02  1.585618e+01  2.091074e+01
   endloop
 endfacet
 facet normal  1.000000e+00  0.000000e+00  0.000000e+00
   outer loop
     vertex  1.475000e+02  1.472782e+01  1.877999e+01
     vertex  1.475000e+02  1.590485e+01  2.086241e+01
     vertex  1.475000e+02  1.588085e+01  2.088691e+01
   endloop
 endfacet
 facet normal  1.000000e+00  0.000000e+00  0.000000e+00
   outer loop
     vertex  1.475000e+02  1.472782e+01  1.877999e+01
     vertex  1.475000e+02  1.592817e+01  2.083726e+01
     vertex  1.475000e+02  1.590485e+01  2.086241e+01
   endloop
 endfacet
 facet normal  1.000000e+00  0.000000e+00  0.000000e+00
   outer loop
     vertex  1.475000e+02  1.472782e+01  1.877999e+01
     vertex  1.475000e+02  1.595079e+01  2.081148e+01
     vertex  1.475000e+02  1.592817e+01  2.083726e+01
   endloop
 endfacet
 facet normal  1.000000e+00  0.000000e+00  0.000000e+00
   outer loop
     vertex  1.475000e+02  1.472782e+01  1.877999e+01
     vertex  1.475000e+02  1.597269e+01  2.078509e+01
     vertex  1.475000e+02  1.595079e+01  2.081148e+01
   endloop
 endfacet
 facet normal  1.000000e+00  0.000000e+00  0.000000e+00
   outer loop
     vertex  1.475000e+02  1.472782e+01  1.877999e+01
     vertex  1.475000e+02  1.607092e+01  2.064470e+01
     vertex  1.475000e+02  1.597269e+01  2.078509e+01
   endloop
 endfacet
 facet normal  1.000000e+00  0.000000e+00  0.000000e+00
   outer loop
     vertex  1.475000e+02  1.472782e+01  1.877999e+01
     vertex  1.475000e+02  1.540417e+01  1.881714e+01
     vertex  1.475000e+02  1.607092e+01  2.064470e+01
   endloop
 endfacet
 facet normal  1.000000e+00  0.000000e+00  0.000000e+00
   outer loop
     vertex  1.475000e+02  1.472782e+01  1.877999e+01
     vertex  1.475000e+02  1.476140e+01  1.877298e+01
     vertex  1.475000e+02  1.482905e+01  1.876174e+01
   endloop
 endfacet
 facet normal  1.000000e+00 -0.000000e+00  0.000000e+00
   outer loop
     vertex  1.475000e+02  1.472782e+01  1.877999e+01
     vertex  1.475000e+02  1.482905e+01  1.876174e+01
     vertex  1.475000e+02  1.540417e+01  1.881714e+01
   endloop
 endfacet
 facet normal  1.000000e+00  0.000000e+00  0.000000e+00
   outer loop
     vertex  1.475000e+02  1.378189e+01  1.971946e+01
     vertex  1.475000e+02  1.376833e+01  1.978669e+01
     vertex  1.475000e+02  1.377465e+01  1.975298e+01
   endloop
 endfacet
 facet normal  1.000000e+00  0.000000e+00  0.000000e+00
   outer loop
     vertex  1.475000e+02  1.378189e+01  1.971946e+01
     vertex  1.475000e+02  1.376295e+01  1.982056e+01
     vertex  1.475000e+02  1.376833e+01  1.978669e+01
   endloop
 endfacet
 facet normal  1.000000e+00  0.000000e+00  0.000000e+00
   outer loop
     vertex  1.475000e+02  1.379004e+01  1.968615e+01
     vertex  1.475000e+02  1.376295e+01  1.982056e+01
     vertex  1.475000e+02  1.378189e+01  1.971946e+01
   endloop
 endfacet
 facet normal  1.000000e+00  0.000000e+00  0.000000e+00
   outer loop
     vertex  1.475000e+02  1.466132e+01  1.879676e+01
     vertex  1.475000e+02  1.469446e+01  1.878792e+01
     vertex  1.475000e+02  1.472782e+01  1.877999e+01
   endloop
 endfacet
 facet normal  1.000000e+00  0.000000e+00  0.000000e+00
   outer loop
     vertex  1.475000e+02  1.462844e+01  1.880650e+01
     vertex  1.475000e+02  1.466132e+01  1.879676e+01
     vertex  1.475000e+02  1.472782e+01  1.877999e+01
   endloop
 endfacet
 facet normal  1.000000e+00  0.000000e+00  0.000000e+00
   outer loop
     vertex  1.475000e+02  1.380908e+01  1.962026e+01
     vertex  1.475000e+02  1.379004e+01  1.968615e+01
     vertex  1.475000e+02  1.379911e+01  1.965307e+01
   endloop
 endfacet
 facet normal  1.000000e+00  0.000000e+00  0.000000e+00
   outer loop
     vertex  1.475000e+02  1.459583e+01  1.881714e+01
     vertex  1.475000e+02  1.462844e+01  1.880650e+01
     vertex  1.475000e+02  1.472782e+01  1.877999e+01
   endloop
 endfacet
 facet normal  1.000000e+00  0.000000e+00  0.000000e+00
   outer loop
     vertex  1.475000e+02  1.381994e+01  1.958773e+01
     vertex  1.475000e+02  1.379004e+01  1.968615e+01
     vertex  1.475000e+02  1.380908e+01  1.962026e+01
   endloop
 endfacet
 facet normal  1.000000e+00  0.000000e+00  0.000000e+00
   outer loop
     vertex  1.475000e+02  1.383170e+01  1.955551e+01
     vertex  1.475000e+02  1.379004e+01  1.968615e+01
     vertex  1.475000e+02  1.381994e+01  1.958773e+01
   endloop
 endfacet
 facet normal  1.000000e+00  0.000000e+00  0.000000e+00
   outer loop
     vertex  1.475000e+02  1.453157e+01  1.884109e+01
     vertex  1.475000e+02  1.459583e+01  1.881714e+01
     vertex  1.475000e+02  1.472782e+01  1.877999e+01
   endloop
 endfacet
 facet normal  1.000000e+00  0.000000e+00  0.000000e+00
   outer loop
     vertex  1.475000e+02  1.453157e+01  1.884109e+01
     vertex  1.475000e+02  1.456353e+01  1.882868e+01
     vertex  1.475000e+02  1.459583e+01  1.881714e+01
   endloop
 endfacet
 facet normal  1.000000e+00  0.000000e+00  0.000000e+00
   outer loop
     vertex  1.475000e+02  1.384433e+01  1.952363e+01
     vertex  1.475000e+02  1.379004e+01  1.968615e+01
     vertex  1.475000e+02  1.383170e+01  1.955551e+01
   endloop
 endfacet
 facet normal  1.000000e+00  0.000000e+00  0.000000e+00
   outer loop
     vertex  1.475000e+02  1.446871e+01  1.886853e+01
     vertex  1.475000e+02  1.449995e+01  1.885438e+01
     vertex  1.475000e+02  1.453157e+01  1.884109e+01
   endloop
 endfacet
 facet normal  1.000000e+00  0.000000e+00  0.000000e+00
   outer loop
     vertex  1.475000e+02  1.446871e+01  1.886853e+01
     vertex  1.475000e+02  1.453157e+01  1.884109e+01
     vertex  1.475000e+02  1.472782e+01  1.877999e+01
   endloop
 endfacet
 facet normal  1.000000e+00  0.000000e+00  0.000000e+00
   outer loop
     vertex  1.475000e+02  1.390346e+01  1.939991e+01
     vertex  1.475000e+02  1.387220e+01  1.946096e+01
     vertex  1.475000e+02  1.388741e+01  1.943022e+01
   endloop
 endfacet
 facet normal  1.000000e+00  0.000000e+00  0.000000e+00
   outer loop
     vertex  1.475000e+02  1.390346e+01  1.939991e+01
     vertex  1.475000e+02  1.385784e+01  1.949210e+01
     vertex  1.475000e+02  1.387220e+01  1.946096e+01
   endloop
 endfacet
 facet normal  1.000000e+00  0.000000e+00  0.000000e+00
   outer loop
     vertex  1.475000e+02  1.390346e+01  1.939991e+01
     vertex  1.475000e+02  1.384433e+01  1.952363e+01
     vertex  1.475000e+02  1.385784e+01  1.949210e+01
   endloop
 endfacet
 facet normal  1.000000e+00  0.000000e+00  0.000000e+00
   outer loop
     vertex  1.475000e+02  1.437748e+01  1.891604e+01
     vertex  1.475000e+02  1.443787e+01  1.888353e+01
     vertex  1.475000e+02  1.446871e+01  1.886853e+01
   endloop
 endfacet
 facet normal  1.000000e+00  0.000000e+00  0.000000e+00
   outer loop
     vertex  1.475000e+02  1.437748e+01  1.891604e+01
     vertex  1.475000e+02  1.440745e+01  1.889937e+01
     vertex  1.475000e+02  1.443787e+01  1.888353e+01
   endloop
 endfacet
 facet normal  1.000000e+00  0.000000e+00  0.000000e+00
   outer loop
     vertex  1.475000e+02  1.437748e+01  1.891604e+01
     vertex  1.475000e+02  1.446871e+01  1.886853e+01
     vertex  1.475000e+02  1.472782e+01  1.877999e+01
   endloop
 endfacet
 facet normal  1.000000e+00  0.000000e+00  0.000000e+00
   outer loop
     vertex  1.475000e+02  1.392034e+01  1.937006e+01
     vertex  1.475000e+02  1.384433e+01  1.952363e+01
     vertex  1.475000e+02  1.390346e+01  1.939991e+01
   endloop
 endfacet
 facet normal  1.000000e+00  0.000000e+00  0.000000e+00
   outer loop
     vertex  1.475000e+02  1.393803e+01  1.934067e+01
     vertex  1.475000e+02  1.384433e+01  1.952363e+01
     vertex  1.475000e+02  1.392034e+01  1.937006e+01
   endloop
 endfacet
 facet normal  1.000000e+00  0.000000e+00  0.000000e+00
   outer loop
     vertex  1.475000e+02  1.426250e+01  1.899075e+01
     vertex  1.475000e+02  1.434797e+01  1.893353e+01
     vertex  1.475000e+02  1.437748e+01  1.891604e+01
   endloop
 endfacet
 facet normal  1.000000e+00  0.000000e+00  0.000000e+00
   outer loop
     vertex  1.475000e+02  1.426250e+01  1.899075e+01
     vertex  1.475000e+02  1.431896e+01  1.895182e+01
     vertex  1.475000e+02  1.434797e+01  1.893353e+01
   endloop
 endfacet
 facet normal  1.000000e+00  0.000000e+00  0.000000e+00
   outer loop
     vertex  1.475000e+02  1.426250e+01  1.899075e+01
     vertex  1.475000e+02  1.429046e+01  1.897090e+01
     vertex  1.475000e+02  1.431896e+01  1.895182e+01
   endloop
 endfacet
 facet normal  1.000000e+00  0.000000e+00  0.000000e+00
   outer loop
     vertex  1.475000e+02  1.399583e+01  1.925559e+01
     vertex  1.475000e+02  1.376295e+01  1.982056e+01
     vertex  1.475000e+02  1.379004e+01  1.968615e+01
   endloop
 endfacet
 facet normal  1.000000e+00  0.000000e+00  0.000000e+00
   outer loop
     vertex  1.475000e+02  1.399583e+01  1.925559e+01
     vertex  1.475000e+02  1.379004e+01  1.968615e+01
     vertex  1.475000e+02  1.384433e+01  1.952363e+01
   endloop
 endfacet
 facet normal  1.000000e+00  0.000000e+00  0.000000e+00
   outer loop
     vertex  1.475000e+02  1.399583e+01  1.925559e+01
     vertex  1.475000e+02  1.395651e+01  1.931179e+01
     vertex  1.475000e+02  1.397579e+01  1.928342e+01
   endloop
 endfacet
 facet normal  1.000000e+00  0.000000e+00  0.000000e+00
   outer loop
     vertex  1.475000e+02  1.399583e+01  1.925559e+01
     vertex  1.475000e+02  1.393803e+01  1.934067e+01
     vertex  1.475000e+02  1.395651e+01  1.931179e+01
   endloop
 endfacet
 facet normal  1.000000e+00  0.000000e+00  0.000000e+00
   outer loop
     vertex  1.475000e+02  1.399583e+01  1.925559e+01
     vertex  1.475000e+02  1.384433e+01  1.952363e+01
     vertex  1.475000e+02  1.393803e+01  1.934067e+01
   endloop
 endfacet
 facet normal  1.000000e+00  0.000000e+00  0.000000e+00
   outer loop
     vertex  1.475000e+02  1.399583e+01  1.925559e+01
     vertex  1.475000e+02  1.375356e+01  2.009423e+01
     vertex  1.475000e+02  1.375003e+01  1.999143e+01
   endloop
 endfacet
 facet normal  1.000000e+00  0.000000e+00  0.000000e+00
   outer loop
     vertex  1.475000e+02  1.399583e+01  1.925559e+01
     vertex  1.475000e+02  1.375003e+01  1.999143e+01
     vertex  1.475000e+02  1.376295e+01  1.982056e+01
   endloop
 endfacet
 facet normal  1.000000e+00  0.000000e+00  0.000000e+00
   outer loop
     vertex  1.475000e+02  1.418201e+01  1.905480e+01
     vertex  1.475000e+02  1.420825e+01  1.903272e+01
     vertex  1.475000e+02  1.423509e+01  1.901136e+01
   endloop
 endfacet
 facet normal  1.000000e+00  0.000000e+00  0.000000e+00
   outer loop
     vertex  1.475000e+02  1.406044e+01  1.917555e+01
     vertex  1.475000e+02  1.401663e+01  1.922832e+01
     vertex  1.475000e+02  1.403817e+01  1.920164e+01
   endloop
 endfacet
 facet normal  1.000000e+00  0.000000e+00  0.000000e+00
   outer loop
     vertex  1.475000e+02  1.406044e+01  1.917555e+01
     vertex  1.475000e+02  1.399583e+01  1.925559e+01
     vertex  1.475000e+02  1.401663e+01  1.922832e+01
   endloop
 endfacet
 facet normal  1.000000e+00  0.000000e+00  0.000000e+00
   outer loop
     vertex  1.475000e+02  1.415639e+01  1.907760e+01
     vertex  1.475000e+02  1.423509e+01  1.901136e+01
     vertex  1.475000e+02  1.426250e+01  1.899075e+01
   endloop
 endfacet
 facet normal  1.000000e+00  0.000000e+00  0.000000e+00
   outer loop
     vertex  1.475000e+02  1.415639e+01  1.907760e+01
     vertex  1.475000e+02  1.418201e+01  1.905480e+01
     vertex  1.475000e+02  1.423509e+01  1.901136e+01
   endloop
 endfacet
 facet normal  1.000000e+00  0.000000e+00  0.000000e+00
   outer loop
     vertex  1.475000e+02  1.408341e+01  1.915008e+01
     vertex  1.475000e+02  1.399583e+01  1.925559e+01
     vertex  1.475000e+02  1.406044e+01  1.917555e+01
   endloop
 endfacet
 facet normal  1.000000e+00  0.000000e+00  0.000000e+00
   outer loop
     vertex  1.475000e+02  1.413140e+01  1.910109e+01
     vertex  1.475000e+02  1.426250e+01  1.899075e+01
     vertex  1.475000e+02  1.437748e+01  1.891604e+01
   endloop
 endfacet
 facet normal  1.000000e+00  0.000000e+00  0.000000e+00
   outer loop
     vertex  1.475000e+02  1.413140e+01  1.910109e+01
     vertex  1.475000e+02  1.415639e+01  1.907760e+01
     vertex  1.475000e+02  1.426250e+01  1.899075e+01
   endloop
 endfacet
 facet normal  1.000000e+00 -0.000000e+00  0.000000e+00
   outer loop
     vertex  1.475000e+02  1.410707e+01  1.912526e+01
     vertex  1.475000e+02  1.472782e+01  1.877999e+01
     vertex  1.475000e+02  1.580494e+01  2.095633e+01
   endloop
 endfacet
 facet normal  1.000000e+00  0.000000e+00  0.000000e+00
   outer loop
     vertex  1.475000e+02  1.410707e+01  1.912526e+01
     vertex  1.475000e+02  1.386491e+01  2.052352e+01
     vertex  1.475000e+02  1.382571e+01  2.042842e+01
   endloop
 endfacet
 facet normal  1.000000e+00  0.000000e+00  0.000000e+00
   outer loop
     vertex  1.475000e+02  1.410707e+01  1.912526e+01
     vertex  1.475000e+02  1.545249e+01  2.116523e+01
     vertex  1.475000e+02  1.518792e+01  2.123579e+01
   endloop
 endfacet
 facet normal  1.000000e+00  0.000000e+00  0.000000e+00
   outer loop
     vertex  1.475000e+02  1.410707e+01  1.912526e+01
     vertex  1.475000e+02  1.508567e+01  2.124706e+01
     vertex  1.475000e+02  1.505143e+01  2.124894e+01
   endloop
 endfacet
 facet normal  1.000000e+00  0.000000e+00  0.000000e+00
   outer loop
     vertex  1.475000e+02  1.410707e+01  1.912526e+01
     vertex  1.475000e+02  1.511985e+01  2.124424e+01
     vertex  1.475000e+02  1.508567e+01  2.124706e+01
   endloop
 endfacet
 facet normal  1.000000e+00  0.000000e+00  0.000000e+00
   outer loop
     vertex  1.475000e+02  1.410707e+01  1.912526e+01
     vertex  1.475000e+02  1.382571e+01  2.042842e+01
     vertex  1.475000e+02  1.375356e+01  2.009423e+01
   endloop
 endfacet
 facet normal  1.000000e+00  0.000000e+00  0.000000e+00
   outer loop
     vertex  1.475000e+02  1.410707e+01  1.912526e+01
     vertex  1.475000e+02  1.518792e+01  2.123579e+01
     vertex  1.475000e+02  1.511985e+01  2.124424e+01
   endloop
 endfacet
 facet normal  1.000000e+00  0.000000e+00  0.000000e+00
   outer loop
     vertex  1.475000e+02  1.410707e+01  1.912526e+01
     vertex  1.475000e+02  1.560759e+01  2.109240e+01
     vertex  1.475000e+02  1.557740e+01  2.110865e+01
   endloop
 endfacet
 facet normal  1.000000e+00  0.000000e+00  0.000000e+00
   outer loop
     vertex  1.475000e+02  1.410707e+01  1.912526e+01
     vertex  1.475000e+02  1.563733e+01  2.107532e+01
     vertex  1.475000e+02  1.560759e+01  2.109240e+01
   endloop
 endfacet
 facet normal  1.000000e+00  0.000000e+00  0.000000e+00
   outer loop
     vertex  1.475000e+02  1.410707e+01  1.912526e+01
     vertex  1.475000e+02  1.566660e+01  2.105743e+01
     vertex  1.475000e+02  1.563733e+01  2.107532e+01
   endloop
 endfacet
 facet normal  1.000000e+00  0.000000e+00  0.000000e+00
   outer loop
     vertex  1.475000e+02  1.410707e+01  1.912526e+01
     vertex  1.475000e+02  1.569535e+01  2.103874e+01
     vertex  1.475000e+02  1.566660e+01  2.105743e+01
   endloop
 endfacet
 facet normal  1.000000e+00  0.000000e+00  0.000000e+00
   outer loop
     vertex  1.475000e+02  1.410707e+01  1.912526e+01
     vertex  1.475000e+02  1.572359e+01  2.101927e+01
     vertex  1.475000e+02  1.569535e+01  2.103874e+01
   endloop
 endfacet
 facet normal  1.000000e+00  0.000000e+00  0.000000e+00
   outer loop
     vertex  1.475000e+02  1.410707e+01  1.912526e+01
     vertex  1.475000e+02  1.437748e+01  1.891604e+01
     vertex  1.475000e+02  1.472782e+01  1.877999e+01
   endloop
 endfacet
 facet normal  1.000000e+00  0.000000e+00  0.000000e+00
   outer loop
     vertex  1.475000e+02  1.410707e+01  1.912526e+01
     vertex  1.475000e+02  1.580494e+01  2.095633e+01
     vertex  1.475000e+02  1.577840e+01  2.097805e+01
   endloop
 endfacet
 facet normal  1.000000e+00  0.000000e+00  0.000000e+00
   outer loop
     vertex  1.475000e+02  1.410707e+01  1.912526e+01
     vertex  1.475000e+02  1.375356e+01  2.009423e+01
     vertex  1.475000e+02  1.399583e+01  1.925559e+01
   endloop
 endfacet
 facet normal  1.000000e+00  0.000000e+00  0.000000e+00
   outer loop
     vertex  1.475000e+02  1.410707e+01  1.912526e+01
     vertex  1.475000e+02  1.398571e+01  2.073056e+01
     vertex  1.475000e+02  1.386491e+01  2.052352e+01
   endloop
 endfacet
 facet normal  1.000000e+00  0.000000e+00  0.000000e+00
   outer loop
     vertex  1.475000e+02  1.410707e+01  1.912526e+01
     vertex  1.475000e+02  1.430465e+01  2.103874e+01
     vertex  1.475000e+02  1.416912e+01  2.093389e+01
   endloop
 endfacet
 facet normal  1.000000e+00  0.000000e+00  0.000000e+00
   outer loop
     vertex  1.475000e+02  1.410707e+01  1.912526e+01
     vertex  1.475000e+02  1.577840e+01  2.097805e+01
     vertex  1.475000e+02  1.572359e+01  2.101927e+01
   endloop
 endfacet
 facet normal  1.000000e+00  0.000000e+00  0.000000e+00
   outer loop
     vertex  1.475000e+02  1.410707e+01  1.912526e+01
     vertex  1.475000e+02  1.413140e+01  1.910109e+01
     vertex  1.475000e+02  1.437748e+01  1.891604e+01
   endloop
 endfacet
 facet normal  1.000000e+00  0.000000e+00  0.000000e+00
   outer loop
     vertex  1.475000e+02  1.410707e+01  1.912526e+01
     vertex  1.475000e+02  1.399583e+01  1.925559e+01
     vertex  1.475000e+02  1.408341e+01  1.915008e+01
   endloop
 endfacet
 facet normal  1.000000e+00  0.000000e+00 -0.000000e+00
   outer loop
     vertex  1.475000e+02  1.410707e+01  1.912526e+01
     vertex  1.475000e+02  1.416912e+01  2.093389e+01
     vertex  1.475000e+02  1.398571e+01  2.073056e+01
   endloop
 endfacet
 facet normal  1.000000e+00  0.000000e+00  0.000000e+00
   outer loop
     vertex  1.475000e+02  1.410707e+01  1.912526e+01
     vertex  1.475000e+02  1.557740e+01  2.110865e+01
     vertex  1.475000e+02  1.545249e+01  2.116523e+01
   endloop
 endfacet
 facet normal  1.000000e+00  0.000000e+00  0.000000e+00
   outer loop
     vertex  1.475000e+02  1.410707e+01  1.912526e+01
     vertex  1.475000e+02  1.505143e+01  2.124894e+01
     vertex  1.475000e+02  1.430465e+01  2.103874e+01
   endloop
 endfacet
endsolid
