solid 
 facet normal -1.000000e+00  0.000000e+00  0.000000e+00
   outer loop
     vertex  0.000000e+00  0.000000e+00  6.200000e+01
     vertex  0.000000e+00  1.367000e+02  0.000000e+00
     vertex  0.000000e+00  0.000000e+00  0.000000e+00
   endloop
 endfacet
 facet normal -1.000000e+00  0.000000e+00  0.000000e+00
   outer loop
     vertex  0.000000e+00  0.000000e+00  6.200000e+01
     vertex  0.000000e+00  1.367000e+02  6.200000e+01
     vertex  0.000000e+00  1.367000e+02  0.000000e+00
   endloop
 endfacet
 facet normal  0.000000e+00 -1.000000e+00 -0.000000e+00
   outer loop
     vertex  3.000000e+00  0.000000e+00  4.325000e+01
     vertex  0.000000e+00  0.000000e+00  0.000000e+00
     vertex  3.000000e+00  0.000000e+00  0.000000e+00
   endloop
 endfacet
 facet normal  0.000000e+00 -1.000000e+00  0.000000e+00
   outer loop
     vertex  0.000000e+00  0.000000e+00  6.200000e+01
     vertex  0.000000e+00  0.000000e+00  0.000000e+00
     vertex  3.000000e+00  0.000000e+00  4.325000e+01
   endloop
 endfacet
 facet normal  0.000000e+00 -1.000000e+00 -0.000000e+00
   outer loop
     vertex  2.337128e+01  0.000000e+00  4.844766e+01
     vertex  3.000000e+00  0.000000e+00  4.325000e+01
     vertex  2.341448e+01  0.000000e+00  4.840356e+01
   endloop
 endfacet
 facet normal -0.000000e+00 -1.000000e+00  0.000000e+00
   outer loop
     vertex  2.345887e+01  0.000000e+00  4.836067e+01
     vertex  2.341448e+01  0.000000e+00  4.840356e+01
     vertex  3.000000e+00  0.000000e+00  4.325000e+01
   endloop
 endfacet
 facet normal  0.000000e+00 -1.000000e+00 -0.000000e+00
   outer loop
     vertex  2.332930e+01  0.000000e+00  4.849293e+01
     vertex  3.000000e+00  0.000000e+00  4.325000e+01
     vertex  2.337128e+01  0.000000e+00  4.844766e+01
   endloop
 endfacet
 facet normal -0.000000e+00 -1.000000e+00  0.000000e+00
   outer loop
     vertex  2.350442e+01  0.000000e+00  4.831900e+01
     vertex  2.345887e+01  0.000000e+00  4.836067e+01
     vertex  3.000000e+00  0.000000e+00  4.325000e+01
   endloop
 endfacet
 facet normal  0.000000e+00 -1.000000e+00 -0.000000e+00
   outer loop
     vertex  2.328859e+01  0.000000e+00  4.853933e+01
     vertex  3.000000e+00  0.000000e+00  4.325000e+01
     vertex  2.332930e+01  0.000000e+00  4.849293e+01
   endloop
 endfacet
 facet normal -0.000000e+00 -1.000000e+00  0.000000e+00
   outer loop
     vertex  2.355110e+01  0.000000e+00  4.827861e+01
     vertex  2.350442e+01  0.000000e+00  4.831900e+01
     vertex  3.000000e+00  0.000000e+00  4.325000e+01
   endloop
 endfacet
 facet normal  0.000000e+00 -1.000000e+00 -0.000000e+00
   outer loop
     vertex  2.324916e+01  0.000000e+00  4.858683e+01
     vertex  3.000000e+00  0.000000e+00  4.325000e+01
     vertex  2.328859e+01  0.000000e+00  4.853933e+01
   endloop
 endfacet
 facet normal -0.000000e+00 -1.000000e+00  0.000000e+00
   outer loop
     vertex  2.359887e+01  0.000000e+00  4.823951e+01
     vertex  2.355110e+01  0.000000e+00  4.827861e+01
     vertex  3.000000e+00  0.000000e+00  4.325000e+01
   endloop
 endfacet
 facet normal  0.000000e+00 -1.000000e+00 -0.000000e+00
   outer loop
     vertex  2.321105e+01  0.000000e+00  4.863539e+01
     vertex  3.000000e+00  0.000000e+00  4.325000e+01
     vertex  2.324916e+01  0.000000e+00  4.858683e+01
   endloop
 endfacet
 facet normal -0.000000e+00 -1.000000e+00  0.000000e+00
   outer loop
     vertex  2.364770e+01  0.000000e+00  4.820173e+01
     vertex  2.359887e+01  0.000000e+00  4.823951e+01
     vertex  3.000000e+00  0.000000e+00  4.325000e+01
   endloop
 endfacet
 facet normal  0.000000e+00 -1.000000e+00 -0.000000e+00
   outer loop
     vertex  2.317428e+01  0.000000e+00  4.868499e+01
     vertex  3.000000e+00  0.000000e+00  4.325000e+01
     vertex  2.321105e+01  0.000000e+00  4.863539e+01
   endloop
 endfacet
 facet normal -0.000000e+00 -1.000000e+00  0.000000e+00
   outer loop
     vertex  2.369754e+01  0.000000e+00  4.816531e+01
     vertex  2.364770e+01  0.000000e+00  4.820173e+01
     vertex  3.000000e+00  0.000000e+00  4.325000e+01
   endloop
 endfacet
 facet normal  0.000000e+00 -1.000000e+00 -0.000000e+00
   outer loop
     vertex  2.313890e+01  0.000000e+00  4.873557e+01
     vertex  3.000000e+00  0.000000e+00  4.325000e+01
     vertex  2.317428e+01  0.000000e+00  4.868499e+01
   endloop
 endfacet
 facet normal -0.000000e+00 -1.000000e+00  0.000000e+00
   outer loop
     vertex  2.374836e+01  0.000000e+00  4.813027e+01
     vertex  2.369754e+01  0.000000e+00  4.816531e+01
     vertex  3.000000e+00  0.000000e+00  4.325000e+01
   endloop
 endfacet
 facet normal  0.000000e+00 -1.000000e+00 -0.000000e+00
   outer loop
     vertex  2.310491e+01  0.000000e+00  4.878710e+01
     vertex  3.000000e+00  0.000000e+00  4.325000e+01
     vertex  2.313890e+01  0.000000e+00  4.873557e+01
   endloop
 endfacet
 facet normal -0.000000e+00 -1.000000e+00  0.000000e+00
   outer loop
     vertex  2.380013e+01  0.000000e+00  4.809663e+01
     vertex  2.374836e+01  0.000000e+00  4.813027e+01
     vertex  3.000000e+00  0.000000e+00  4.325000e+01
   endloop
 endfacet
 facet normal  0.000000e+00 -1.000000e+00 -0.000000e+00
   outer loop
     vertex  2.307235e+01  0.000000e+00  4.883955e+01
     vertex  3.000000e+00  0.000000e+00  4.325000e+01
     vertex  2.310491e+01  0.000000e+00  4.878710e+01
   endloop
 endfacet
 facet normal -0.000000e+00 -1.000000e+00  0.000000e+00
   outer loop
     vertex  2.385280e+01  0.000000e+00  4.806443e+01
     vertex  2.380013e+01  0.000000e+00  4.809663e+01
     vertex  3.000000e+00  0.000000e+00  4.325000e+01
   endloop
 endfacet
 facet normal  0.000000e+00 -1.000000e+00 -0.000000e+00
   outer loop
     vertex  2.304124e+01  0.000000e+00  4.889287e+01
     vertex  3.000000e+00  0.000000e+00  4.325000e+01
     vertex  2.307235e+01  0.000000e+00  4.883955e+01
   endloop
 endfacet
 facet normal -0.000000e+00 -1.000000e+00  0.000000e+00
   outer loop
     vertex  2.390633e+01  0.000000e+00  4.803369e+01
     vertex  2.385280e+01  0.000000e+00  4.806443e+01
     vertex  3.000000e+00  0.000000e+00  4.325000e+01
   endloop
 endfacet
 facet normal  0.000000e+00 -1.000000e+00 -0.000000e+00
   outer loop
     vertex  2.301160e+01  0.000000e+00  4.894702e+01
     vertex  3.000000e+00  0.000000e+00  4.325000e+01
     vertex  2.304124e+01  0.000000e+00  4.889287e+01
   endloop
 endfacet
 facet normal -0.000000e+00 -1.000000e+00  0.000000e+00
   outer loop
     vertex  2.396069e+01  0.000000e+00  4.800442e+01
     vertex  2.390633e+01  0.000000e+00  4.803369e+01
     vertex  3.000000e+00  0.000000e+00  4.325000e+01
   endloop
 endfacet
 facet normal  0.000000e+00 -1.000000e+00 -0.000000e+00
   outer loop
     vertex  2.298346e+01  0.000000e+00  4.900197e+01
     vertex  3.000000e+00  0.000000e+00  4.325000e+01
     vertex  2.301160e+01  0.000000e+00  4.894702e+01
   endloop
 endfacet
 facet normal -0.000000e+00 -1.000000e+00  0.000000e+00
   outer loop
     vertex  2.401582e+01  0.000000e+00  4.797666e+01
     vertex  2.396069e+01  0.000000e+00  4.800442e+01
     vertex  3.000000e+00  0.000000e+00  4.325000e+01
   endloop
 endfacet
 facet normal  0.000000e+00 -1.000000e+00 -0.000000e+00
   outer loop
     vertex  2.295684e+01  0.000000e+00  4.905767e+01
     vertex  3.000000e+00  0.000000e+00  4.325000e+01
     vertex  2.298346e+01  0.000000e+00  4.900197e+01
   endloop
 endfacet
 facet normal -0.000000e+00 -1.000000e+00  0.000000e+00
   outer loop
     vertex  2.407170e+01  0.000000e+00  4.795042e+01
     vertex  2.401582e+01  0.000000e+00  4.797666e+01
     vertex  3.000000e+00  0.000000e+00  4.325000e+01
   endloop
 endfacet
 facet normal  0.000000e+00 -1.000000e+00 -0.000000e+00
   outer loop
     vertex  2.293176e+01  0.000000e+00  4.911407e+01
     vertex  3.000000e+00  0.000000e+00  4.325000e+01
     vertex  2.295684e+01  0.000000e+00  4.905767e+01
   endloop
 endfacet
 facet normal -0.000000e+00 -1.000000e+00  0.000000e+00
   outer loop
     vertex  2.412828e+01  0.000000e+00  4.792573e+01
     vertex  2.407170e+01  0.000000e+00  4.795042e+01
     vertex  3.000000e+00  0.000000e+00  4.325000e+01
   endloop
 endfacet
 facet normal  0.000000e+00 -1.000000e+00 -0.000000e+00
   outer loop
     vertex  2.290823e+01  0.000000e+00  4.917115e+01
     vertex  3.000000e+00  0.000000e+00  4.325000e+01
     vertex  2.293176e+01  0.000000e+00  4.911407e+01
   endloop
 endfacet
 facet normal -0.000000e+00 -1.000000e+00  0.000000e+00
   outer loop
     vertex  2.418551e+01  0.000000e+00  4.790259e+01
     vertex  2.412828e+01  0.000000e+00  4.792573e+01
     vertex  3.000000e+00  0.000000e+00  4.325000e+01
   endloop
 endfacet
 facet normal  0.000000e+00 -1.000000e+00 -0.000000e+00
   outer loop
     vertex  2.288628e+01  0.000000e+00  4.922884e+01
     vertex  3.000000e+00  0.000000e+00  4.325000e+01
     vertex  2.290823e+01  0.000000e+00  4.917115e+01
   endloop
 endfacet
 facet normal -0.000000e+00 -1.000000e+00  0.000000e+00
   outer loop
     vertex  2.424336e+01  0.000000e+00  4.788104e+01
     vertex  2.418551e+01  0.000000e+00  4.790259e+01
     vertex  3.000000e+00  0.000000e+00  4.325000e+01
   endloop
 endfacet
 facet normal  0.000000e+00 -1.000000e+00 -0.000000e+00
   outer loop
     vertex  2.286592e+01  0.000000e+00  4.928712e+01
     vertex  3.000000e+00  0.000000e+00  4.325000e+01
     vertex  2.288628e+01  0.000000e+00  4.922884e+01
   endloop
 endfacet
 facet normal -0.000000e+00 -1.000000e+00  0.000000e+00
   outer loop
     vertex  2.430178e+01  0.000000e+00  4.786108e+01
     vertex  2.424336e+01  0.000000e+00  4.788104e+01
     vertex  3.000000e+00  0.000000e+00  4.325000e+01
   endloop
 endfacet
 facet normal  0.000000e+00 -1.000000e+00 -0.000000e+00
   outer loop
     vertex  2.284716e+01  0.000000e+00  4.934594e+01
     vertex  3.000000e+00  0.000000e+00  4.325000e+01
     vertex  2.286592e+01  0.000000e+00  4.928712e+01
   endloop
 endfacet
 facet normal -0.000000e+00 -1.000000e+00  0.000000e+00
   outer loop
     vertex  2.436072e+01  0.000000e+00  4.784273e+01
     vertex  2.430178e+01  0.000000e+00  4.786108e+01
     vertex  3.000000e+00  0.000000e+00  4.325000e+01
   endloop
 endfacet
 facet normal  0.000000e+00 -1.000000e+00 -0.000000e+00
   outer loop
     vertex  2.283003e+01  0.000000e+00  4.940524e+01
     vertex  3.000000e+00  0.000000e+00  4.325000e+01
     vertex  2.284716e+01  0.000000e+00  4.934594e+01
   endloop
 endfacet
 facet normal -0.000000e+00 -1.000000e+00  0.000000e+00
   outer loop
     vertex  2.442014e+01  0.000000e+00  4.782600e+01
     vertex  2.436072e+01  0.000000e+00  4.784273e+01
     vertex  3.000000e+00  0.000000e+00  4.325000e+01
   endloop
 endfacet
 facet normal  0.000000e+00 -1.000000e+00 -0.000000e+00
   outer loop
     vertex  2.281453e+01  0.000000e+00  4.946500e+01
     vertex  3.000000e+00  0.000000e+00  4.325000e+01
     vertex  2.283003e+01  0.000000e+00  4.940524e+01
   endloop
 endfacet
 facet normal -0.000000e+00 -1.000000e+00  0.000000e+00
   outer loop
     vertex  2.448000e+01  0.000000e+00  4.781091e+01
     vertex  2.442014e+01  0.000000e+00  4.782600e+01
     vertex  3.000000e+00  0.000000e+00  4.325000e+01
   endloop
 endfacet
 facet normal  0.000000e+00 -1.000000e+00 -0.000000e+00
   outer loop
     vertex  2.280068e+01  0.000000e+00  4.952516e+01
     vertex  3.000000e+00  0.000000e+00  4.325000e+01
     vertex  2.281453e+01  0.000000e+00  4.946500e+01
   endloop
 endfacet
 facet normal -0.000000e+00 -1.000000e+00  0.000000e+00
   outer loop
     vertex  2.454025e+01  0.000000e+00  4.779747e+01
     vertex  2.448000e+01  0.000000e+00  4.781091e+01
     vertex  3.000000e+00  0.000000e+00  4.325000e+01
   endloop
 endfacet
 facet normal  0.000000e+00 -1.000000e+00 -0.000000e+00
   outer loop
     vertex  2.278848e+01  0.000000e+00  4.958567e+01
     vertex  3.000000e+00  0.000000e+00  4.325000e+01
     vertex  2.280068e+01  0.000000e+00  4.952516e+01
   endloop
 endfacet
 facet normal  0.000000e+00 -1.000000e+00 -0.000000e+00
   outer loop
     vertex  2.277794e+01  0.000000e+00  4.964650e+01
     vertex  3.000000e+00  0.000000e+00  4.325000e+01
     vertex  2.278848e+01  0.000000e+00  4.958567e+01
   endloop
 endfacet
 facet normal  0.000000e+00 -1.000000e+00 -0.000000e+00
   outer loop
     vertex  2.276908e+01  0.000000e+00  4.970759e+01
     vertex  3.000000e+00  0.000000e+00  4.325000e+01
     vertex  2.277794e+01  0.000000e+00  4.964650e+01
   endloop
 endfacet
 facet normal  0.000000e+00 -1.000000e+00 -0.000000e+00
   outer loop
     vertex  2.276190e+01  0.000000e+00  4.976890e+01
     vertex  3.000000e+00  0.000000e+00  4.325000e+01
     vertex  2.276908e+01  0.000000e+00  4.970759e+01
   endloop
 endfacet
 facet normal  0.000000e+00 -1.000000e+00 -0.000000e+00
   outer loop
     vertex  2.275640e+01  0.000000e+00  4.983039e+01
     vertex  3.000000e+00  0.000000e+00  4.325000e+01
     vertex  2.276190e+01  0.000000e+00  4.976890e+01
   endloop
 endfacet
 facet normal  0.000000e+00 -1.000000e+00 -0.000000e+00
   outer loop
     vertex  2.275259e+01  0.000000e+00  4.989201e+01
     vertex  3.000000e+00  0.000000e+00  4.325000e+01
     vertex  2.275640e+01  0.000000e+00  4.983039e+01
   endloop
 endfacet
 facet normal  0.000000e+00 -1.000000e+00 -0.000000e+00
   outer loop
     vertex  2.275048e+01  0.000000e+00  4.995370e+01
     vertex  3.000000e+00  0.000000e+00  4.325000e+01
     vertex  2.275259e+01  0.000000e+00  4.989201e+01
   endloop
 endfacet
 facet normal  0.000000e+00 -1.000000e+00 -0.000000e+00
   outer loop
     vertex  2.275005e+01  0.000000e+00  5.001543e+01
     vertex  3.000000e+00  0.000000e+00  4.325000e+01
     vertex  2.275048e+01  0.000000e+00  4.995370e+01
   endloop
 endfacet
 facet normal  0.000000e+00 -1.000000e+00  0.000000e+00
   outer loop
     vertex  2.275132e+01  0.000000e+00  5.007715e+01
     vertex  3.000000e+00  0.000000e+00  4.325000e+01
     vertex  2.275005e+01  0.000000e+00  5.001543e+01
   endloop
 endfacet
 facet normal  0.000000e+00 -1.000000e+00  0.000000e+00
   outer loop
     vertex  2.275429e+01  0.000000e+00  5.013881e+01
     vertex  3.000000e+00  0.000000e+00  4.325000e+01
     vertex  2.275132e+01  0.000000e+00  5.007715e+01
   endloop
 endfacet
 facet normal  0.000000e+00 -1.000000e+00  0.000000e+00
   outer loop
     vertex  2.275894e+01  0.000000e+00  5.020037e+01
     vertex  3.000000e+00  0.000000e+00  4.325000e+01
     vertex  2.275429e+01  0.000000e+00  5.013881e+01
   endloop
 endfacet
 facet normal  0.000000e+00 -1.000000e+00  0.000000e+00
   outer loop
     vertex  2.276528e+01  0.000000e+00  5.026178e+01
     vertex  3.000000e+00  0.000000e+00  4.325000e+01
     vertex  2.275894e+01  0.000000e+00  5.020037e+01
   endloop
 endfacet
 facet normal  0.000000e+00 -1.000000e+00  0.000000e+00
   outer loop
     vertex  2.277330e+01  0.000000e+00  5.032299e+01
     vertex  3.000000e+00  0.000000e+00  4.325000e+01
     vertex  2.276528e+01  0.000000e+00  5.026178e+01
   endloop
 endfacet
 facet normal  0.000000e+00 -1.000000e+00  0.000000e+00
   outer loop
     vertex  2.278300e+01  0.000000e+00  5.038395e+01
     vertex  3.000000e+00  0.000000e+00  4.325000e+01
     vertex  2.277330e+01  0.000000e+00  5.032299e+01
   endloop
 endfacet
 facet normal  0.000000e+00 -1.000000e+00  0.000000e+00
   outer loop
     vertex  2.279437e+01  0.000000e+00  5.044463e+01
     vertex  3.000000e+00  0.000000e+00  4.325000e+01
     vertex  2.278300e+01  0.000000e+00  5.038395e+01
   endloop
 endfacet
 facet normal  0.000000e+00 -1.000000e+00  0.000000e+00
   outer loop
     vertex  2.280740e+01  0.000000e+00  5.050497e+01
     vertex  3.000000e+00  0.000000e+00  4.325000e+01
     vertex  2.279437e+01  0.000000e+00  5.044463e+01
   endloop
 endfacet
 facet normal -0.000000e+00 -1.000000e+00  0.000000e+00
   outer loop
     vertex  2.282208e+01  0.000000e+00  5.056493e+01
     vertex  0.000000e+00  0.000000e+00  6.200000e+01
     vertex  3.000000e+00  0.000000e+00  4.325000e+01
   endloop
 endfacet
 facet normal  0.000000e+00 -1.000000e+00  0.000000e+00
   outer loop
     vertex  2.282208e+01  0.000000e+00  5.056493e+01
     vertex  3.000000e+00  0.000000e+00  4.325000e+01
     vertex  2.280740e+01  0.000000e+00  5.050497e+01
   endloop
 endfacet
 facet normal -0.000000e+00 -1.000000e+00  0.000000e+00
   outer loop
     vertex  2.283839e+01  0.000000e+00  5.062447e+01
     vertex  0.000000e+00  0.000000e+00  6.200000e+01
     vertex  2.282208e+01  0.000000e+00  5.056493e+01
   endloop
 endfacet
 facet normal -0.000000e+00 -1.000000e+00  0.000000e+00
   outer loop
     vertex  2.285634e+01  0.000000e+00  5.068354e+01
     vertex  0.000000e+00  0.000000e+00  6.200000e+01
     vertex  2.283839e+01  0.000000e+00  5.062447e+01
   endloop
 endfacet
 facet normal -0.000000e+00 -1.000000e+00  0.000000e+00
   outer loop
     vertex  2.287590e+01  0.000000e+00  5.074209e+01
     vertex  0.000000e+00  0.000000e+00  6.200000e+01
     vertex  2.285634e+01  0.000000e+00  5.068354e+01
   endloop
 endfacet
 facet normal -0.000000e+00 -1.000000e+00  0.000000e+00
   outer loop
     vertex  2.289706e+01  0.000000e+00  5.080008e+01
     vertex  0.000000e+00  0.000000e+00  6.200000e+01
     vertex  2.287590e+01  0.000000e+00  5.074209e+01
   endloop
 endfacet
 facet normal -0.000000e+00 -1.000000e+00  0.000000e+00
   outer loop
     vertex  2.291980e+01  0.000000e+00  5.085747e+01
     vertex  0.000000e+00  0.000000e+00  6.200000e+01
     vertex  2.289706e+01  0.000000e+00  5.080008e+01
   endloop
 endfacet
 facet normal -0.000000e+00 -1.000000e+00  0.000000e+00
   outer loop
     vertex  2.294410e+01  0.000000e+00  5.091422e+01
     vertex  0.000000e+00  0.000000e+00  6.200000e+01
     vertex  2.291980e+01  0.000000e+00  5.085747e+01
   endloop
 endfacet
 facet normal -0.000000e+00 -1.000000e+00  0.000000e+00
   outer loop
     vertex  2.296996e+01  0.000000e+00  5.097027e+01
     vertex  0.000000e+00  0.000000e+00  6.200000e+01
     vertex  2.294410e+01  0.000000e+00  5.091422e+01
   endloop
 endfacet
 facet normal -0.000000e+00 -1.000000e+00  0.000000e+00
   outer loop
     vertex  2.299734e+01  0.000000e+00  5.102560e+01
     vertex  0.000000e+00  0.000000e+00  6.200000e+01
     vertex  2.296996e+01  0.000000e+00  5.097027e+01
   endloop
 endfacet
 facet normal -0.000000e+00 -1.000000e+00  0.000000e+00
   outer loop
     vertex  2.302623e+01  0.000000e+00  5.108016e+01
     vertex  0.000000e+00  0.000000e+00  6.200000e+01
     vertex  2.299734e+01  0.000000e+00  5.102560e+01
   endloop
 endfacet
 facet normal -0.000000e+00 -1.000000e+00  0.000000e+00
   outer loop
     vertex  2.305661e+01  0.000000e+00  5.113390e+01
     vertex  0.000000e+00  0.000000e+00  6.200000e+01
     vertex  2.302623e+01  0.000000e+00  5.108016e+01
   endloop
 endfacet
 facet normal -0.000000e+00 -1.000000e+00  0.000000e+00
   outer loop
     vertex  2.308845e+01  0.000000e+00  5.118679e+01
     vertex  0.000000e+00  0.000000e+00  6.200000e+01
     vertex  2.305661e+01  0.000000e+00  5.113390e+01
   endloop
 endfacet
 facet normal -0.000000e+00 -1.000000e+00  0.000000e+00
   outer loop
     vertex  2.312172e+01  0.000000e+00  5.123878e+01
     vertex  0.000000e+00  0.000000e+00  6.200000e+01
     vertex  2.308845e+01  0.000000e+00  5.118679e+01
   endloop
 endfacet
 facet normal -0.000000e+00 -1.000000e+00  0.000000e+00
   outer loop
     vertex  2.315642e+01  0.000000e+00  5.128984e+01
     vertex  0.000000e+00  0.000000e+00  6.200000e+01
     vertex  2.312172e+01  0.000000e+00  5.123878e+01
   endloop
 endfacet
 facet normal -0.000000e+00 -1.000000e+00  0.000000e+00
   outer loop
     vertex  2.319250e+01  0.000000e+00  5.133994e+01
     vertex  0.000000e+00  0.000000e+00  6.200000e+01
     vertex  2.315642e+01  0.000000e+00  5.128984e+01
   endloop
 endfacet
 facet normal -0.000000e+00 -1.000000e+00  0.000000e+00
   outer loop
     vertex  2.322994e+01  0.000000e+00  5.138902e+01
     vertex  0.000000e+00  0.000000e+00  6.200000e+01
     vertex  2.319250e+01  0.000000e+00  5.133994e+01
   endloop
 endfacet
 facet normal -0.000000e+00 -1.000000e+00  0.000000e+00
   outer loop
     vertex  2.326871e+01  0.000000e+00  5.143706e+01
     vertex  0.000000e+00  0.000000e+00  6.200000e+01
     vertex  2.322994e+01  0.000000e+00  5.138902e+01
   endloop
 endfacet
 facet normal -0.000000e+00 -1.000000e+00  0.000000e+00
   outer loop
     vertex  2.330878e+01  0.000000e+00  5.148401e+01
     vertex  0.000000e+00  0.000000e+00  6.200000e+01
     vertex  2.326871e+01  0.000000e+00  5.143706e+01
   endloop
 endfacet
 facet normal -0.000000e+00 -1.000000e+00  0.000000e+00
   outer loop
     vertex  2.335013e+01  0.000000e+00  5.152985e+01
     vertex  0.000000e+00  0.000000e+00  6.200000e+01
     vertex  2.330878e+01  0.000000e+00  5.148401e+01
   endloop
 endfacet
 facet normal -0.000000e+00 -1.000000e+00  0.000000e+00
   outer loop
     vertex  2.339272e+01  0.000000e+00  5.157454e+01
     vertex  0.000000e+00  0.000000e+00  6.200000e+01
     vertex  2.335013e+01  0.000000e+00  5.152985e+01
   endloop
 endfacet
 facet normal -0.000000e+00 -1.000000e+00  0.000000e+00
   outer loop
     vertex  2.343653e+01  0.000000e+00  5.161804e+01
     vertex  0.000000e+00  0.000000e+00  6.200000e+01
     vertex  2.339272e+01  0.000000e+00  5.157454e+01
   endloop
 endfacet
 facet normal -0.000000e+00 -1.000000e+00  0.000000e+00
   outer loop
     vertex  2.348150e+01  0.000000e+00  5.166032e+01
     vertex  0.000000e+00  0.000000e+00  6.200000e+01
     vertex  2.343653e+01  0.000000e+00  5.161804e+01
   endloop
 endfacet
 facet normal -0.000000e+00 -1.000000e+00  0.000000e+00
   outer loop
     vertex  2.352762e+01  0.000000e+00  5.170136e+01
     vertex  0.000000e+00  0.000000e+00  6.200000e+01
     vertex  2.348150e+01  0.000000e+00  5.166032e+01
   endloop
 endfacet
 facet normal -0.000000e+00 -1.000000e+00  0.000000e+00
   outer loop
     vertex  2.357485e+01  0.000000e+00  5.174111e+01
     vertex  0.000000e+00  0.000000e+00  6.200000e+01
     vertex  2.352762e+01  0.000000e+00  5.170136e+01
   endloop
 endfacet
 facet normal -0.000000e+00 -1.000000e+00  0.000000e+00
   outer loop
     vertex  2.362316e+01  0.000000e+00  5.177955e+01
     vertex  0.000000e+00  0.000000e+00  6.200000e+01
     vertex  2.357485e+01  0.000000e+00  5.174111e+01
   endloop
 endfacet
 facet normal -0.000000e+00 -1.000000e+00  0.000000e+00
   outer loop
     vertex  2.367249e+01  0.000000e+00  5.181665e+01
     vertex  0.000000e+00  0.000000e+00  6.200000e+01
     vertex  2.362316e+01  0.000000e+00  5.177955e+01
   endloop
 endfacet
 facet normal -0.000000e+00 -1.000000e+00  0.000000e+00
   outer loop
     vertex  2.372283e+01  0.000000e+00  5.185239e+01
     vertex  0.000000e+00  0.000000e+00  6.200000e+01
     vertex  2.367249e+01  0.000000e+00  5.181665e+01
   endloop
 endfacet
 facet normal -0.000000e+00 -1.000000e+00  0.000000e+00
   outer loop
     vertex  2.377413e+01  0.000000e+00  5.188673e+01
     vertex  0.000000e+00  0.000000e+00  6.200000e+01
     vertex  2.372283e+01  0.000000e+00  5.185239e+01
   endloop
 endfacet
 facet normal -0.000000e+00 -1.000000e+00  0.000000e+00
   outer loop
     vertex  2.382635e+01  0.000000e+00  5.191965e+01
     vertex  0.000000e+00  0.000000e+00  6.200000e+01
     vertex  2.377413e+01  0.000000e+00  5.188673e+01
   endloop
 endfacet
 facet normal -0.000000e+00 -1.000000e+00  0.000000e+00
   outer loop
     vertex  2.387946e+01  0.000000e+00  5.195112e+01
     vertex  0.000000e+00  0.000000e+00  6.200000e+01
     vertex  2.382635e+01  0.000000e+00  5.191965e+01
   endloop
 endfacet
 facet normal -0.000000e+00 -1.000000e+00  0.000000e+00
   outer loop
     vertex  2.393341e+01  0.000000e+00  5.198113e+01
     vertex  0.000000e+00  0.000000e+00  6.200000e+01
     vertex  2.387946e+01  0.000000e+00  5.195112e+01
   endloop
 endfacet
 facet normal -0.000000e+00 -1.000000e+00  0.000000e+00
   outer loop
     vertex  2.398816e+01  0.000000e+00  5.200965e+01
     vertex  0.000000e+00  0.000000e+00  6.200000e+01
     vertex  2.393341e+01  0.000000e+00  5.198113e+01
   endloop
 endfacet
 facet normal -0.000000e+00 -1.000000e+00  0.000000e+00
   outer loop
     vertex  2.404367e+01  0.000000e+00  5.203665e+01
     vertex  0.000000e+00  0.000000e+00  6.200000e+01
     vertex  2.398816e+01  0.000000e+00  5.200965e+01
   endloop
 endfacet
 facet normal -0.000000e+00 -1.000000e+00  0.000000e+00
   outer loop
     vertex  2.409991e+01  0.000000e+00  5.206212e+01
     vertex  0.000000e+00  0.000000e+00  6.200000e+01
     vertex  2.404367e+01  0.000000e+00  5.203665e+01
   endloop
 endfacet
 facet normal -0.000000e+00 -1.000000e+00  0.000000e+00
   outer loop
     vertex  2.415682e+01  0.000000e+00  5.208604e+01
     vertex  0.000000e+00  0.000000e+00  6.200000e+01
     vertex  2.409991e+01  0.000000e+00  5.206212e+01
   endloop
 endfacet
 facet normal -0.000000e+00 -1.000000e+00  0.000000e+00
   outer loop
     vertex  2.421436e+01  0.000000e+00  5.210838e+01
     vertex  0.000000e+00  0.000000e+00  6.200000e+01
     vertex  2.415682e+01  0.000000e+00  5.208604e+01
   endloop
 endfacet
 facet normal -0.000000e+00 -1.000000e+00  0.000000e+00
   outer loop
     vertex  2.427250e+01  0.000000e+00  5.212914e+01
     vertex  0.000000e+00  0.000000e+00  6.200000e+01
     vertex  2.421436e+01  0.000000e+00  5.210838e+01
   endloop
 endfacet
 facet normal -0.000000e+00 -1.000000e+00  0.000000e+00
   outer loop
     vertex  2.433118e+01  0.000000e+00  5.214830e+01
     vertex  0.000000e+00  0.000000e+00  6.200000e+01
     vertex  2.427250e+01  0.000000e+00  5.212914e+01
   endloop
 endfacet
 facet normal -0.000000e+00 -1.000000e+00  0.000000e+00
   outer loop
     vertex  2.439037e+01  0.000000e+00  5.216584e+01
     vertex  0.000000e+00  0.000000e+00  6.200000e+01
     vertex  2.433118e+01  0.000000e+00  5.214830e+01
   endloop
 endfacet
 facet normal -0.000000e+00 -1.000000e+00  0.000000e+00
   outer loop
     vertex  2.445002e+01  0.000000e+00  5.218175e+01
     vertex  0.000000e+00  0.000000e+00  6.200000e+01
     vertex  2.439037e+01  0.000000e+00  5.216584e+01
   endloop
 endfacet
 facet normal -0.000000e+00 -1.000000e+00  0.000000e+00
   outer loop
     vertex  2.451008e+01  0.000000e+00  5.219601e+01
     vertex  0.000000e+00  0.000000e+00  6.200000e+01
     vertex  2.445002e+01  0.000000e+00  5.218175e+01
   endloop
 endfacet
 facet normal -0.000000e+00 -1.000000e+00  0.000000e+00
   outer loop
     vertex  2.457051e+01  0.000000e+00  5.220863e+01
     vertex  0.000000e+00  0.000000e+00  6.200000e+01
     vertex  2.451008e+01  0.000000e+00  5.219601e+01
   endloop
 endfacet
 facet normal -0.000000e+00 -1.000000e+00  0.000000e+00
   outer loop
     vertex  2.463126e+01  0.000000e+00  5.221958e+01
     vertex  0.000000e+00  0.000000e+00  6.200000e+01
     vertex  2.457051e+01  0.000000e+00  5.220863e+01
   endloop
 endfacet
 facet normal -0.000000e+00 -1.000000e+00  0.000000e+00
   outer loop
     vertex  2.469230e+01  0.000000e+00  5.222886e+01
     vertex  0.000000e+00  0.000000e+00  6.200000e+01
     vertex  2.463126e+01  0.000000e+00  5.221958e+01
   endloop
 endfacet
 facet normal -0.000000e+00 -1.000000e+00  0.000000e+00
   outer loop
     vertex  2.475356e+01  0.000000e+00  5.223646e+01
     vertex  0.000000e+00  0.000000e+00  6.200000e+01
     vertex  2.469230e+01  0.000000e+00  5.222886e+01
   endloop
 endfacet
 facet normal -0.000000e+00 -1.000000e+00  0.000000e+00
   outer loop
     vertex  2.481501e+01  0.000000e+00  5.224238e+01
     vertex  0.000000e+00  0.000000e+00  6.200000e+01
     vertex  2.475356e+01  0.000000e+00  5.223646e+01
   endloop
 endfacet
 facet normal -0.000000e+00 -1.000000e+00  0.000000e+00
   outer loop
     vertex  2.487659e+01  0.000000e+00  5.224661e+01
     vertex  0.000000e+00  0.000000e+00  6.200000e+01
     vertex  2.481501e+01  0.000000e+00  5.224238e+01
   endloop
 endfacet
 facet normal  0.000000e+00 -1.000000e+00  0.000000e+00
   outer loop
     vertex  4.650000e+01  0.000000e+00  4.325000e+01
     vertex  2.619987e+01  0.000000e+00  4.809663e+01
     vertex  2.614720e+01  0.000000e+00  4.806443e+01
   endloop
 endfacet
 facet normal  0.000000e+00 -1.000000e+00  0.000000e+00
   outer loop
     vertex  4.650000e+01  0.000000e+00  4.325000e+01
     vertex  2.614720e+01  0.000000e+00  4.806443e+01
     vertex  2.609367e+01  0.000000e+00  4.803369e+01
   endloop
 endfacet
 facet normal  0.000000e+00 -1.000000e+00  0.000000e+00
   outer loop
     vertex  4.650000e+01  0.000000e+00  4.325000e+01
     vertex  2.609367e+01  0.000000e+00  4.803369e+01
     vertex  2.603931e+01  0.000000e+00  4.800442e+01
   endloop
 endfacet
 facet normal  0.000000e+00 -1.000000e+00  0.000000e+00
   outer loop
     vertex  4.650000e+01  0.000000e+00  4.325000e+01
     vertex  2.603931e+01  0.000000e+00  4.800442e+01
     vertex  2.598418e+01  0.000000e+00  4.797666e+01
   endloop
 endfacet
 facet normal  0.000000e+00 -1.000000e+00  0.000000e+00
   outer loop
     vertex  4.650000e+01  0.000000e+00  4.325000e+01
     vertex  2.598418e+01  0.000000e+00  4.797666e+01
     vertex  2.592830e+01  0.000000e+00  4.795042e+01
   endloop
 endfacet
 facet normal  0.000000e+00 -1.000000e+00  0.000000e+00
   outer loop
     vertex  4.650000e+01  0.000000e+00  4.325000e+01
     vertex  2.592830e+01  0.000000e+00  4.795042e+01
     vertex  2.587172e+01  0.000000e+00  4.792573e+01
   endloop
 endfacet
 facet normal  0.000000e+00 -1.000000e+00  0.000000e+00
   outer loop
     vertex  4.650000e+01  0.000000e+00  4.325000e+01
     vertex  2.587172e+01  0.000000e+00  4.792573e+01
     vertex  2.581449e+01  0.000000e+00  4.790259e+01
   endloop
 endfacet
 facet normal  0.000000e+00 -1.000000e+00  0.000000e+00
   outer loop
     vertex  4.650000e+01  0.000000e+00  4.325000e+01
     vertex  2.581449e+01  0.000000e+00  4.790259e+01
     vertex  2.575664e+01  0.000000e+00  4.788104e+01
   endloop
 endfacet
 facet normal  0.000000e+00 -1.000000e+00  0.000000e+00
   outer loop
     vertex  4.650000e+01  0.000000e+00  4.325000e+01
     vertex  2.575664e+01  0.000000e+00  4.788104e+01
     vertex  2.569822e+01  0.000000e+00  4.786108e+01
   endloop
 endfacet
 facet normal  0.000000e+00 -1.000000e+00  0.000000e+00
   outer loop
     vertex  4.650000e+01  0.000000e+00  4.325000e+01
     vertex  2.569822e+01  0.000000e+00  4.786108e+01
     vertex  2.563928e+01  0.000000e+00  4.784273e+01
   endloop
 endfacet
 facet normal  0.000000e+00 -1.000000e+00  0.000000e+00
   outer loop
     vertex  4.650000e+01  0.000000e+00  4.325000e+01
     vertex  2.563928e+01  0.000000e+00  4.784273e+01
     vertex  2.557986e+01  0.000000e+00  4.782600e+01
   endloop
 endfacet
 facet normal  0.000000e+00 -1.000000e+00  0.000000e+00
   outer loop
     vertex  4.650000e+01  0.000000e+00  4.325000e+01
     vertex  2.557986e+01  0.000000e+00  4.782600e+01
     vertex  2.552000e+01  0.000000e+00  4.781091e+01
   endloop
 endfacet
 facet normal  0.000000e+00 -1.000000e+00  0.000000e+00
   outer loop
     vertex  4.650000e+01  0.000000e+00  4.325000e+01
     vertex  2.552000e+01  0.000000e+00  4.781091e+01
     vertex  2.545975e+01  0.000000e+00  4.779747e+01
   endloop
 endfacet
 facet normal  0.000000e+00 -1.000000e+00  0.000000e+00
   outer loop
     vertex  4.650000e+01  0.000000e+00  4.325000e+01
     vertex  2.545975e+01  0.000000e+00  4.779747e+01
     vertex  2.539915e+01  0.000000e+00  4.778569e+01
   endloop
 endfacet
 facet normal  0.000000e+00 -1.000000e+00  0.000000e+00
   outer loop
     vertex  4.650000e+01  0.000000e+00  4.325000e+01
     vertex  2.539915e+01  0.000000e+00  4.778569e+01
     vertex  2.533825e+01  0.000000e+00  4.777557e+01
   endloop
 endfacet
 facet normal  0.000000e+00 -1.000000e+00  0.000000e+00
   outer loop
     vertex  4.650000e+01  0.000000e+00  4.325000e+01
     vertex  2.720563e+01  0.000000e+00  5.044463e+01
     vertex  2.721700e+01  0.000000e+00  5.038395e+01
   endloop
 endfacet
 facet normal  0.000000e+00 -1.000000e+00  0.000000e+00
   outer loop
     vertex  4.650000e+01  0.000000e+00  4.325000e+01
     vertex  2.721700e+01  0.000000e+00  5.038395e+01
     vertex  2.722670e+01  0.000000e+00  5.032299e+01
   endloop
 endfacet
 facet normal  0.000000e+00 -1.000000e+00  0.000000e+00
   outer loop
     vertex  4.650000e+01  0.000000e+00  4.325000e+01
     vertex  2.722670e+01  0.000000e+00  5.032299e+01
     vertex  2.723472e+01  0.000000e+00  5.026178e+01
   endloop
 endfacet
 facet normal  0.000000e+00 -1.000000e+00  0.000000e+00
   outer loop
     vertex  4.650000e+01  0.000000e+00  4.325000e+01
     vertex  2.723472e+01  0.000000e+00  5.026178e+01
     vertex  2.724106e+01  0.000000e+00  5.020037e+01
   endloop
 endfacet
 facet normal  0.000000e+00 -1.000000e+00  0.000000e+00
   outer loop
     vertex  4.650000e+01  0.000000e+00  4.325000e+01
     vertex  2.724106e+01  0.000000e+00  5.020037e+01
     vertex  2.724571e+01  0.000000e+00  5.013881e+01
   endloop
 endfacet
 facet normal  0.000000e+00 -1.000000e+00  0.000000e+00
   outer loop
     vertex  4.650000e+01  0.000000e+00  4.325000e+01
     vertex  2.724571e+01  0.000000e+00  5.013881e+01
     vertex  2.724868e+01  0.000000e+00  5.007715e+01
   endloop
 endfacet
 facet normal  0.000000e+00 -1.000000e+00  0.000000e+00
   outer loop
     vertex  4.650000e+01  0.000000e+00  4.325000e+01
     vertex  2.724868e+01  0.000000e+00  5.007715e+01
     vertex  2.724995e+01  0.000000e+00  5.001543e+01
   endloop
 endfacet
 facet normal  0.000000e+00 -1.000000e+00  0.000000e+00
   outer loop
     vertex  4.650000e+01  0.000000e+00  4.325000e+01
     vertex  2.724995e+01  0.000000e+00  5.001543e+01
     vertex  2.724952e+01  0.000000e+00  4.995370e+01
   endloop
 endfacet
 facet normal  0.000000e+00 -1.000000e+00  0.000000e+00
   outer loop
     vertex  4.650000e+01  0.000000e+00  4.325000e+01
     vertex  2.724952e+01  0.000000e+00  4.995370e+01
     vertex  2.724741e+01  0.000000e+00  4.989201e+01
   endloop
 endfacet
 facet normal  0.000000e+00 -1.000000e+00  0.000000e+00
   outer loop
     vertex  4.650000e+01  0.000000e+00  4.325000e+01
     vertex  2.724741e+01  0.000000e+00  4.989201e+01
     vertex  2.724360e+01  0.000000e+00  4.983039e+01
   endloop
 endfacet
 facet normal  0.000000e+00 -1.000000e+00  0.000000e+00
   outer loop
     vertex  4.650000e+01  0.000000e+00  4.325000e+01
     vertex  2.724360e+01  0.000000e+00  4.983039e+01
     vertex  2.723810e+01  0.000000e+00  4.976890e+01
   endloop
 endfacet
 facet normal  0.000000e+00 -1.000000e+00  0.000000e+00
   outer loop
     vertex  4.650000e+01  0.000000e+00  4.325000e+01
     vertex  2.723810e+01  0.000000e+00  4.976890e+01
     vertex  2.723092e+01  0.000000e+00  4.970759e+01
   endloop
 endfacet
 facet normal  0.000000e+00 -1.000000e+00  0.000000e+00
   outer loop
     vertex  4.650000e+01  0.000000e+00  4.325000e+01
     vertex  2.723092e+01  0.000000e+00  4.970759e+01
     vertex  2.722206e+01  0.000000e+00  4.964650e+01
   endloop
 endfacet
 facet normal  0.000000e+00 -1.000000e+00  0.000000e+00
   outer loop
     vertex  4.650000e+01  0.000000e+00  4.325000e+01
     vertex  2.722206e+01  0.000000e+00  4.964650e+01
     vertex  2.721152e+01  0.000000e+00  4.958567e+01
   endloop
 endfacet
 facet normal  0.000000e+00 -1.000000e+00  0.000000e+00
   outer loop
     vertex  4.650000e+01  0.000000e+00  4.325000e+01
     vertex  2.721152e+01  0.000000e+00  4.958567e+01
     vertex  2.719932e+01  0.000000e+00  4.952516e+01
   endloop
 endfacet
 facet normal  0.000000e+00 -1.000000e+00  0.000000e+00
   outer loop
     vertex  4.650000e+01  0.000000e+00  4.325000e+01
     vertex  2.719932e+01  0.000000e+00  4.952516e+01
     vertex  2.718547e+01  0.000000e+00  4.946500e+01
   endloop
 endfacet
 facet normal  0.000000e+00 -1.000000e+00  0.000000e+00
   outer loop
     vertex  4.650000e+01  0.000000e+00  4.325000e+01
     vertex  2.718547e+01  0.000000e+00  4.946500e+01
     vertex  2.716997e+01  0.000000e+00  4.940524e+01
   endloop
 endfacet
 facet normal  0.000000e+00 -1.000000e+00  0.000000e+00
   outer loop
     vertex  4.650000e+01  0.000000e+00  4.325000e+01
     vertex  2.716997e+01  0.000000e+00  4.940524e+01
     vertex  2.715284e+01  0.000000e+00  4.934594e+01
   endloop
 endfacet
 facet normal  0.000000e+00 -1.000000e+00  0.000000e+00
   outer loop
     vertex  4.650000e+01  0.000000e+00  4.325000e+01
     vertex  2.715284e+01  0.000000e+00  4.934594e+01
     vertex  2.713408e+01  0.000000e+00  4.928712e+01
   endloop
 endfacet
 facet normal  0.000000e+00 -1.000000e+00  0.000000e+00
   outer loop
     vertex  4.650000e+01  0.000000e+00  4.325000e+01
     vertex  2.713408e+01  0.000000e+00  4.928712e+01
     vertex  2.711372e+01  0.000000e+00  4.922884e+01
   endloop
 endfacet
 facet normal  0.000000e+00 -1.000000e+00  0.000000e+00
   outer loop
     vertex  4.650000e+01  0.000000e+00  4.325000e+01
     vertex  2.711372e+01  0.000000e+00  4.922884e+01
     vertex  2.709177e+01  0.000000e+00  4.917115e+01
   endloop
 endfacet
 facet normal  0.000000e+00 -1.000000e+00  0.000000e+00
   outer loop
     vertex  4.650000e+01  0.000000e+00  4.325000e+01
     vertex  2.709177e+01  0.000000e+00  4.917115e+01
     vertex  2.706824e+01  0.000000e+00  4.911407e+01
   endloop
 endfacet
 facet normal  0.000000e+00 -1.000000e+00  0.000000e+00
   outer loop
     vertex  4.650000e+01  0.000000e+00  4.325000e+01
     vertex  2.706824e+01  0.000000e+00  4.911407e+01
     vertex  2.704316e+01  0.000000e+00  4.905767e+01
   endloop
 endfacet
 facet normal  0.000000e+00 -1.000000e+00  0.000000e+00
   outer loop
     vertex  4.650000e+01  0.000000e+00  4.325000e+01
     vertex  2.704316e+01  0.000000e+00  4.905767e+01
     vertex  2.701654e+01  0.000000e+00  4.900197e+01
   endloop
 endfacet
 facet normal  0.000000e+00 -1.000000e+00  0.000000e+00
   outer loop
     vertex  4.650000e+01  0.000000e+00  4.325000e+01
     vertex  2.701654e+01  0.000000e+00  4.900197e+01
     vertex  2.698840e+01  0.000000e+00  4.894702e+01
   endloop
 endfacet
 facet normal  0.000000e+00 -1.000000e+00  0.000000e+00
   outer loop
     vertex  4.650000e+01  0.000000e+00  4.325000e+01
     vertex  2.698840e+01  0.000000e+00  4.894702e+01
     vertex  2.695876e+01  0.000000e+00  4.889287e+01
   endloop
 endfacet
 facet normal  0.000000e+00 -1.000000e+00  0.000000e+00
   outer loop
     vertex  4.650000e+01  0.000000e+00  4.325000e+01
     vertex  2.695876e+01  0.000000e+00  4.889287e+01
     vertex  2.692765e+01  0.000000e+00  4.883955e+01
   endloop
 endfacet
 facet normal  0.000000e+00 -1.000000e+00  0.000000e+00
   outer loop
     vertex  4.650000e+01  0.000000e+00  4.325000e+01
     vertex  2.692765e+01  0.000000e+00  4.883955e+01
     vertex  2.689509e+01  0.000000e+00  4.878710e+01
   endloop
 endfacet
 facet normal  0.000000e+00 -1.000000e+00  0.000000e+00
   outer loop
     vertex  4.650000e+01  0.000000e+00  4.325000e+01
     vertex  2.689509e+01  0.000000e+00  4.878710e+01
     vertex  2.686110e+01  0.000000e+00  4.873557e+01
   endloop
 endfacet
 facet normal  0.000000e+00 -1.000000e+00  0.000000e+00
   outer loop
     vertex  4.650000e+01  0.000000e+00  4.325000e+01
     vertex  2.686110e+01  0.000000e+00  4.873557e+01
     vertex  2.682572e+01  0.000000e+00  4.868499e+01
   endloop
 endfacet
 facet normal  0.000000e+00 -1.000000e+00  0.000000e+00
   outer loop
     vertex  4.650000e+01  0.000000e+00  4.325000e+01
     vertex  2.682572e+01  0.000000e+00  4.868499e+01
     vertex  2.678895e+01  0.000000e+00  4.863539e+01
   endloop
 endfacet
 facet normal  0.000000e+00 -1.000000e+00  0.000000e+00
   outer loop
     vertex  4.650000e+01  0.000000e+00  4.325000e+01
     vertex  2.678895e+01  0.000000e+00  4.863539e+01
     vertex  2.675084e+01  0.000000e+00  4.858683e+01
   endloop
 endfacet
 facet normal  0.000000e+00 -1.000000e+00  0.000000e+00
   outer loop
     vertex  4.650000e+01  0.000000e+00  4.325000e+01
     vertex  2.675084e+01  0.000000e+00  4.858683e+01
     vertex  2.671141e+01  0.000000e+00  4.853933e+01
   endloop
 endfacet
 facet normal  0.000000e+00 -1.000000e+00  0.000000e+00
   outer loop
     vertex  4.650000e+01  0.000000e+00  4.325000e+01
     vertex  2.671141e+01  0.000000e+00  4.853933e+01
     vertex  2.667070e+01  0.000000e+00  4.849293e+01
   endloop
 endfacet
 facet normal  0.000000e+00 -1.000000e+00  0.000000e+00
   outer loop
     vertex  4.650000e+01  0.000000e+00  4.325000e+01
     vertex  2.667070e+01  0.000000e+00  4.849293e+01
     vertex  2.662872e+01  0.000000e+00  4.844766e+01
   endloop
 endfacet
 facet normal  0.000000e+00 -1.000000e+00  0.000000e+00
   outer loop
     vertex  4.650000e+01  0.000000e+00  4.325000e+01
     vertex  2.662872e+01  0.000000e+00  4.844766e+01
     vertex  2.658552e+01  0.000000e+00  4.840356e+01
   endloop
 endfacet
 facet normal  0.000000e+00 -1.000000e+00  0.000000e+00
   outer loop
     vertex  4.650000e+01  0.000000e+00  4.325000e+01
     vertex  2.658552e+01  0.000000e+00  4.840356e+01
     vertex  2.654113e+01  0.000000e+00  4.836067e+01
   endloop
 endfacet
 facet normal  0.000000e+00 -1.000000e+00  0.000000e+00
   outer loop
     vertex  4.650000e+01  0.000000e+00  4.325000e+01
     vertex  2.654113e+01  0.000000e+00  4.836067e+01
     vertex  2.649558e+01  0.000000e+00  4.831900e+01
   endloop
 endfacet
 facet normal  0.000000e+00 -1.000000e+00  0.000000e+00
   outer loop
     vertex  4.650000e+01  0.000000e+00  4.325000e+01
     vertex  2.649558e+01  0.000000e+00  4.831900e+01
     vertex  2.644890e+01  0.000000e+00  4.827861e+01
   endloop
 endfacet
 facet normal  0.000000e+00 -1.000000e+00  0.000000e+00
   outer loop
     vertex  4.650000e+01  0.000000e+00  4.325000e+01
     vertex  2.644890e+01  0.000000e+00  4.827861e+01
     vertex  2.640113e+01  0.000000e+00  4.823951e+01
   endloop
 endfacet
 facet normal  0.000000e+00 -1.000000e+00  0.000000e+00
   outer loop
     vertex  4.650000e+01  0.000000e+00  4.325000e+01
     vertex  2.640113e+01  0.000000e+00  4.823951e+01
     vertex  2.635230e+01  0.000000e+00  4.820173e+01
   endloop
 endfacet
 facet normal  0.000000e+00 -1.000000e+00  0.000000e+00
   outer loop
     vertex  4.650000e+01  0.000000e+00  4.325000e+01
     vertex  2.635230e+01  0.000000e+00  4.820173e+01
     vertex  2.630246e+01  0.000000e+00  4.816531e+01
   endloop
 endfacet
 facet normal  0.000000e+00 -1.000000e+00  0.000000e+00
   outer loop
     vertex  4.650000e+01  0.000000e+00  4.325000e+01
     vertex  2.630246e+01  0.000000e+00  4.816531e+01
     vertex  2.625164e+01  0.000000e+00  4.813027e+01
   endloop
 endfacet
 facet normal  0.000000e+00 -1.000000e+00  0.000000e+00
   outer loop
     vertex  4.650000e+01  0.000000e+00  4.325000e+01
     vertex  2.625164e+01  0.000000e+00  4.813027e+01
     vertex  2.619987e+01  0.000000e+00  4.809663e+01
   endloop
 endfacet
 facet normal  0.000000e+00 -1.000000e+00  0.000000e+00
   outer loop
     vertex  4.650000e+01  0.000000e+00  6.200000e+01
     vertex  2.500000e+01  0.000000e+00  5.225000e+01
     vertex  2.506173e+01  0.000000e+00  5.224915e+01
   endloop
 endfacet
 facet normal  0.000000e+00 -1.000000e+00  0.000000e+00
   outer loop
     vertex  4.650000e+01  0.000000e+00  6.200000e+01
     vertex  2.506173e+01  0.000000e+00  5.224915e+01
     vertex  2.512341e+01  0.000000e+00  5.224661e+01
   endloop
 endfacet
 facet normal  0.000000e+00 -1.000000e+00  0.000000e+00
   outer loop
     vertex  4.650000e+01  0.000000e+00  6.200000e+01
     vertex  2.512341e+01  0.000000e+00  5.224661e+01
     vertex  2.518499e+01  0.000000e+00  5.224238e+01
   endloop
 endfacet
 facet normal  0.000000e+00 -1.000000e+00  0.000000e+00
   outer loop
     vertex  4.650000e+01  0.000000e+00  6.200000e+01
     vertex  2.518499e+01  0.000000e+00  5.224238e+01
     vertex  2.524644e+01  0.000000e+00  5.223646e+01
   endloop
 endfacet
 facet normal  0.000000e+00 -1.000000e+00  0.000000e+00
   outer loop
     vertex  4.650000e+01  0.000000e+00  6.200000e+01
     vertex  2.524644e+01  0.000000e+00  5.223646e+01
     vertex  2.530770e+01  0.000000e+00  5.222886e+01
   endloop
 endfacet
 facet normal  0.000000e+00 -1.000000e+00  0.000000e+00
   outer loop
     vertex  4.650000e+01  0.000000e+00  6.200000e+01
     vertex  2.530770e+01  0.000000e+00  5.222886e+01
     vertex  2.536874e+01  0.000000e+00  5.221958e+01
   endloop
 endfacet
 facet normal  0.000000e+00 -1.000000e+00  0.000000e+00
   outer loop
     vertex  4.650000e+01  0.000000e+00  6.200000e+01
     vertex  2.536874e+01  0.000000e+00  5.221958e+01
     vertex  2.542949e+01  0.000000e+00  5.220863e+01
   endloop
 endfacet
 facet normal  0.000000e+00 -1.000000e+00  0.000000e+00
   outer loop
     vertex  4.650000e+01  0.000000e+00  6.200000e+01
     vertex  2.542949e+01  0.000000e+00  5.220863e+01
     vertex  2.548992e+01  0.000000e+00  5.219601e+01
   endloop
 endfacet
 facet normal  0.000000e+00 -1.000000e+00  0.000000e+00
   outer loop
     vertex  4.650000e+01  0.000000e+00  6.200000e+01
     vertex  2.548992e+01  0.000000e+00  5.219601e+01
     vertex  2.554998e+01  0.000000e+00  5.218175e+01
   endloop
 endfacet
 facet normal  0.000000e+00 -1.000000e+00  0.000000e+00
   outer loop
     vertex  4.650000e+01  0.000000e+00  6.200000e+01
     vertex  2.554998e+01  0.000000e+00  5.218175e+01
     vertex  2.560963e+01  0.000000e+00  5.216584e+01
   endloop
 endfacet
 facet normal  0.000000e+00 -1.000000e+00  0.000000e+00
   outer loop
     vertex  4.650000e+01  0.000000e+00  6.200000e+01
     vertex  2.560963e+01  0.000000e+00  5.216584e+01
     vertex  2.566882e+01  0.000000e+00  5.214830e+01
   endloop
 endfacet
 facet normal  0.000000e+00 -1.000000e+00  0.000000e+00
   outer loop
     vertex  4.650000e+01  0.000000e+00  6.200000e+01
     vertex  2.566882e+01  0.000000e+00  5.214830e+01
     vertex  2.572750e+01  0.000000e+00  5.212914e+01
   endloop
 endfacet
 facet normal  0.000000e+00 -1.000000e+00  0.000000e+00
   outer loop
     vertex  4.650000e+01  0.000000e+00  6.200000e+01
     vertex  2.572750e+01  0.000000e+00  5.212914e+01
     vertex  2.578564e+01  0.000000e+00  5.210838e+01
   endloop
 endfacet
 facet normal  0.000000e+00 -1.000000e+00  0.000000e+00
   outer loop
     vertex  4.650000e+01  0.000000e+00  6.200000e+01
     vertex  2.578564e+01  0.000000e+00  5.210838e+01
     vertex  2.584318e+01  0.000000e+00  5.208604e+01
   endloop
 endfacet
 facet normal  0.000000e+00 -1.000000e+00  0.000000e+00
   outer loop
     vertex  4.650000e+01  0.000000e+00  6.200000e+01
     vertex  2.584318e+01  0.000000e+00  5.208604e+01
     vertex  2.590009e+01  0.000000e+00  5.206212e+01
   endloop
 endfacet
 facet normal  0.000000e+00 -1.000000e+00  0.000000e+00
   outer loop
     vertex  4.650000e+01  0.000000e+00  6.200000e+01
     vertex  2.590009e+01  0.000000e+00  5.206212e+01
     vertex  2.595633e+01  0.000000e+00  5.203665e+01
   endloop
 endfacet
 facet normal  0.000000e+00 -1.000000e+00  0.000000e+00
   outer loop
     vertex  4.650000e+01  0.000000e+00  6.200000e+01
     vertex  2.595633e+01  0.000000e+00  5.203665e+01
     vertex  2.601184e+01  0.000000e+00  5.200965e+01
   endloop
 endfacet
 facet normal  0.000000e+00 -1.000000e+00  0.000000e+00
   outer loop
     vertex  4.650000e+01  0.000000e+00  6.200000e+01
     vertex  2.601184e+01  0.000000e+00  5.200965e+01
     vertex  2.606659e+01  0.000000e+00  5.198113e+01
   endloop
 endfacet
 facet normal  0.000000e+00 -1.000000e+00  0.000000e+00
   outer loop
     vertex  4.650000e+01  0.000000e+00  6.200000e+01
     vertex  2.606659e+01  0.000000e+00  5.198113e+01
     vertex  2.612054e+01  0.000000e+00  5.195112e+01
   endloop
 endfacet
 facet normal  0.000000e+00 -1.000000e+00  0.000000e+00
   outer loop
     vertex  4.650000e+01  0.000000e+00  6.200000e+01
     vertex  2.612054e+01  0.000000e+00  5.195112e+01
     vertex  2.617365e+01  0.000000e+00  5.191965e+01
   endloop
 endfacet
 facet normal  0.000000e+00 -1.000000e+00  0.000000e+00
   outer loop
     vertex  4.650000e+01  0.000000e+00  6.200000e+01
     vertex  2.617365e+01  0.000000e+00  5.191965e+01
     vertex  2.622587e+01  0.000000e+00  5.188673e+01
   endloop
 endfacet
 facet normal  0.000000e+00 -1.000000e+00  0.000000e+00
   outer loop
     vertex  4.650000e+01  0.000000e+00  6.200000e+01
     vertex  2.622587e+01  0.000000e+00  5.188673e+01
     vertex  2.627717e+01  0.000000e+00  5.185239e+01
   endloop
 endfacet
 facet normal  0.000000e+00 -1.000000e+00  0.000000e+00
   outer loop
     vertex  4.650000e+01  0.000000e+00  6.200000e+01
     vertex  2.627717e+01  0.000000e+00  5.185239e+01
     vertex  2.632751e+01  0.000000e+00  5.181665e+01
   endloop
 endfacet
 facet normal  0.000000e+00 -1.000000e+00  0.000000e+00
   outer loop
     vertex  4.650000e+01  0.000000e+00  6.200000e+01
     vertex  2.632751e+01  0.000000e+00  5.181665e+01
     vertex  2.637684e+01  0.000000e+00  5.177955e+01
   endloop
 endfacet
 facet normal  0.000000e+00 -1.000000e+00  0.000000e+00
   outer loop
     vertex  4.650000e+01  0.000000e+00  6.200000e+01
     vertex  2.637684e+01  0.000000e+00  5.177955e+01
     vertex  2.642515e+01  0.000000e+00  5.174111e+01
   endloop
 endfacet
 facet normal  0.000000e+00 -1.000000e+00  0.000000e+00
   outer loop
     vertex  4.650000e+01  0.000000e+00  6.200000e+01
     vertex  2.487659e+01  0.000000e+00  5.224661e+01
     vertex  2.493827e+01  0.000000e+00  5.224915e+01
   endloop
 endfacet
 facet normal  0.000000e+00 -1.000000e+00  0.000000e+00
   outer loop
     vertex  4.650000e+01  0.000000e+00  6.200000e+01
     vertex  2.642515e+01  0.000000e+00  5.174111e+01
     vertex  2.647238e+01  0.000000e+00  5.170136e+01
   endloop
 endfacet
 facet normal  0.000000e+00 -1.000000e+00  0.000000e+00
   outer loop
     vertex  4.650000e+01  0.000000e+00  6.200000e+01
     vertex  2.493827e+01  0.000000e+00  5.224915e+01
     vertex  2.500000e+01  0.000000e+00  5.225000e+01
   endloop
 endfacet
 facet normal  0.000000e+00 -1.000000e+00  0.000000e+00
   outer loop
     vertex  4.650000e+01  0.000000e+00  6.200000e+01
     vertex  2.647238e+01  0.000000e+00  5.170136e+01
     vertex  2.651850e+01  0.000000e+00  5.166032e+01
   endloop
 endfacet
 facet normal  0.000000e+00 -1.000000e+00  0.000000e+00
   outer loop
     vertex  4.650000e+01  0.000000e+00  6.200000e+01
     vertex  2.651850e+01  0.000000e+00  5.166032e+01
     vertex  2.656347e+01  0.000000e+00  5.161804e+01
   endloop
 endfacet
 facet normal  0.000000e+00 -1.000000e+00  0.000000e+00
   outer loop
     vertex  4.650000e+01  0.000000e+00  6.200000e+01
     vertex  2.656347e+01  0.000000e+00  5.161804e+01
     vertex  2.660728e+01  0.000000e+00  5.157454e+01
   endloop
 endfacet
 facet normal  0.000000e+00 -1.000000e+00  0.000000e+00
   outer loop
     vertex  4.650000e+01  0.000000e+00  6.200000e+01
     vertex  2.660728e+01  0.000000e+00  5.157454e+01
     vertex  2.664987e+01  0.000000e+00  5.152985e+01
   endloop
 endfacet
 facet normal  0.000000e+00 -1.000000e+00  0.000000e+00
   outer loop
     vertex  4.650000e+01  0.000000e+00  6.200000e+01
     vertex  2.664987e+01  0.000000e+00  5.152985e+01
     vertex  2.669122e+01  0.000000e+00  5.148401e+01
   endloop
 endfacet
 facet normal  0.000000e+00 -1.000000e+00  0.000000e+00
   outer loop
     vertex  4.650000e+01  0.000000e+00  6.200000e+01
     vertex  2.669122e+01  0.000000e+00  5.148401e+01
     vertex  2.673129e+01  0.000000e+00  5.143706e+01
   endloop
 endfacet
 facet normal  0.000000e+00 -1.000000e+00  0.000000e+00
   outer loop
     vertex  4.650000e+01  0.000000e+00  6.200000e+01
     vertex  2.673129e+01  0.000000e+00  5.143706e+01
     vertex  2.677006e+01  0.000000e+00  5.138902e+01
   endloop
 endfacet
 facet normal  0.000000e+00 -1.000000e+00  0.000000e+00
   outer loop
     vertex  4.650000e+01  0.000000e+00  6.200000e+01
     vertex  2.677006e+01  0.000000e+00  5.138902e+01
     vertex  2.680750e+01  0.000000e+00  5.133994e+01
   endloop
 endfacet
 facet normal  0.000000e+00 -1.000000e+00  0.000000e+00
   outer loop
     vertex  4.650000e+01  0.000000e+00  6.200000e+01
     vertex  2.680750e+01  0.000000e+00  5.133994e+01
     vertex  2.684358e+01  0.000000e+00  5.128984e+01
   endloop
 endfacet
 facet normal  0.000000e+00 -1.000000e+00  0.000000e+00
   outer loop
     vertex  4.650000e+01  0.000000e+00  6.200000e+01
     vertex  2.684358e+01  0.000000e+00  5.128984e+01
     vertex  2.687828e+01  0.000000e+00  5.123878e+01
   endloop
 endfacet
 facet normal  0.000000e+00 -1.000000e+00  0.000000e+00
   outer loop
     vertex  4.650000e+01  0.000000e+00  6.200000e+01
     vertex  2.687828e+01  0.000000e+00  5.123878e+01
     vertex  2.691155e+01  0.000000e+00  5.118679e+01
   endloop
 endfacet
 facet normal  0.000000e+00 -1.000000e+00  0.000000e+00
   outer loop
     vertex  4.650000e+01  0.000000e+00  6.200000e+01
     vertex  2.691155e+01  0.000000e+00  5.118679e+01
     vertex  2.694339e+01  0.000000e+00  5.113390e+01
   endloop
 endfacet
 facet normal  0.000000e+00 -1.000000e+00  0.000000e+00
   outer loop
     vertex  4.650000e+01  0.000000e+00  6.200000e+01
     vertex  2.694339e+01  0.000000e+00  5.113390e+01
     vertex  2.697377e+01  0.000000e+00  5.108016e+01
   endloop
 endfacet
 facet normal  0.000000e+00 -1.000000e+00  0.000000e+00
   outer loop
     vertex  4.650000e+01  0.000000e+00  6.200000e+01
     vertex  2.697377e+01  0.000000e+00  5.108016e+01
     vertex  2.700266e+01  0.000000e+00  5.102560e+01
   endloop
 endfacet
 facet normal  0.000000e+00 -1.000000e+00  0.000000e+00
   outer loop
     vertex  4.650000e+01  0.000000e+00  6.200000e+01
     vertex  2.700266e+01  0.000000e+00  5.102560e+01
     vertex  2.703004e+01  0.000000e+00  5.097027e+01
   endloop
 endfacet
 facet normal  0.000000e+00 -1.000000e+00  0.000000e+00
   outer loop
     vertex  4.650000e+01  0.000000e+00  6.200000e+01
     vertex  2.703004e+01  0.000000e+00  5.097027e+01
     vertex  2.705590e+01  0.000000e+00  5.091422e+01
   endloop
 endfacet
 facet normal  0.000000e+00 -1.000000e+00  0.000000e+00
   outer loop
     vertex  4.650000e+01  0.000000e+00  6.200000e+01
     vertex  2.705590e+01  0.000000e+00  5.091422e+01
     vertex  2.708020e+01  0.000000e+00  5.085747e+01
   endloop
 endfacet
 facet normal  0.000000e+00 -1.000000e+00  0.000000e+00
   outer loop
     vertex  4.650000e+01  0.000000e+00  6.200000e+01
     vertex  2.708020e+01  0.000000e+00  5.085747e+01
     vertex  2.710294e+01  0.000000e+00  5.080008e+01
   endloop
 endfacet
 facet normal  0.000000e+00 -1.000000e+00 -0.000000e+00
   outer loop
     vertex  4.650000e+01  0.000000e+00  6.200000e+01
     vertex  2.720563e+01  0.000000e+00  5.044463e+01
     vertex  4.650000e+01  0.000000e+00  4.325000e+01
   endloop
 endfacet
 facet normal  0.000000e+00 -1.000000e+00  0.000000e+00
   outer loop
     vertex  4.650000e+01  0.000000e+00  6.200000e+01
     vertex  2.710294e+01  0.000000e+00  5.080008e+01
     vertex  2.712410e+01  0.000000e+00  5.074209e+01
   endloop
 endfacet
 facet normal  0.000000e+00 -1.000000e+00  0.000000e+00
   outer loop
     vertex  4.650000e+01  0.000000e+00  6.200000e+01
     vertex  2.712410e+01  0.000000e+00  5.074209e+01
     vertex  2.714366e+01  0.000000e+00  5.068354e+01
   endloop
 endfacet
 facet normal  0.000000e+00 -1.000000e+00  0.000000e+00
   outer loop
     vertex  4.650000e+01  0.000000e+00  6.200000e+01
     vertex  2.714366e+01  0.000000e+00  5.068354e+01
     vertex  2.716161e+01  0.000000e+00  5.062447e+01
   endloop
 endfacet
 facet normal  0.000000e+00 -1.000000e+00  0.000000e+00
   outer loop
     vertex  4.650000e+01  0.000000e+00  6.200000e+01
     vertex  2.716161e+01  0.000000e+00  5.062447e+01
     vertex  2.717792e+01  0.000000e+00  5.056493e+01
   endloop
 endfacet
 facet normal  0.000000e+00 -1.000000e+00  0.000000e+00
   outer loop
     vertex  4.650000e+01  0.000000e+00  6.200000e+01
     vertex  2.717792e+01  0.000000e+00  5.056493e+01
     vertex  2.719260e+01  0.000000e+00  5.050497e+01
   endloop
 endfacet
 facet normal  0.000000e+00 -1.000000e+00  0.000000e+00
   outer loop
     vertex  4.650000e+01  0.000000e+00  6.200000e+01
     vertex  2.719260e+01  0.000000e+00  5.050497e+01
     vertex  2.720563e+01  0.000000e+00  5.044463e+01
   endloop
 endfacet
 facet normal -0.000000e+00 -1.000000e+00  0.000000e+00
   outer loop
     vertex  4.650000e+01  0.000000e+00  6.200000e+01
     vertex  0.000000e+00  0.000000e+00  6.200000e+01
     vertex  2.487659e+01  0.000000e+00  5.224661e+01
   endloop
 endfacet
 facet normal  0.000000e+00 -1.000000e+00  0.000000e+00
   outer loop
     vertex  4.650000e+01  0.000000e+00  4.325000e+01
     vertex  2.496913e+01  0.000000e+00  4.775021e+01
     vertex  3.000000e+00  0.000000e+00  4.325000e+01
   endloop
 endfacet
 facet normal -0.000000e+00 -1.000000e+00  0.000000e+00
   outer loop
     vertex  2.496913e+01  0.000000e+00  4.775021e+01
     vertex  2.490742e+01  0.000000e+00  4.775191e+01
     vertex  3.000000e+00  0.000000e+00  4.325000e+01
   endloop
 endfacet
 facet normal -0.000000e+00 -1.000000e+00  0.000000e+00
   outer loop
     vertex  2.490742e+01  0.000000e+00  4.775191e+01
     vertex  2.484579e+01  0.000000e+00  4.775529e+01
     vertex  3.000000e+00  0.000000e+00  4.325000e+01
   endloop
 endfacet
 facet normal -0.000000e+00 -1.000000e+00  0.000000e+00
   outer loop
     vertex  2.484579e+01  0.000000e+00  4.775529e+01
     vertex  2.478426e+01  0.000000e+00  4.776037e+01
     vertex  3.000000e+00  0.000000e+00  4.325000e+01
   endloop
 endfacet
 facet normal -0.000000e+00 -1.000000e+00  0.000000e+00
   outer loop
     vertex  2.478426e+01  0.000000e+00  4.776037e+01
     vertex  2.472290e+01  0.000000e+00  4.776713e+01
     vertex  3.000000e+00  0.000000e+00  4.325000e+01
   endloop
 endfacet
 facet normal -0.000000e+00 -1.000000e+00  0.000000e+00
   outer loop
     vertex  2.472290e+01  0.000000e+00  4.776713e+01
     vertex  2.466175e+01  0.000000e+00  4.777557e+01
     vertex  3.000000e+00  0.000000e+00  4.325000e+01
   endloop
 endfacet
 facet normal -0.000000e+00 -1.000000e+00  0.000000e+00
   outer loop
     vertex  2.466175e+01  0.000000e+00  4.777557e+01
     vertex  2.460085e+01  0.000000e+00  4.778569e+01
     vertex  3.000000e+00  0.000000e+00  4.325000e+01
   endloop
 endfacet
 facet normal -0.000000e+00 -1.000000e+00  0.000000e+00
   outer loop
     vertex  2.460085e+01  0.000000e+00  4.778569e+01
     vertex  2.454025e+01  0.000000e+00  4.779747e+01
     vertex  3.000000e+00  0.000000e+00  4.325000e+01
   endloop
 endfacet
 facet normal  0.000000e+00 -1.000000e+00  0.000000e+00
   outer loop
     vertex  4.650000e+01  0.000000e+00  4.325000e+01
     vertex  2.503087e+01  0.000000e+00  4.775021e+01
     vertex  2.496913e+01  0.000000e+00  4.775021e+01
   endloop
 endfacet
 facet normal  0.000000e+00 -1.000000e+00  0.000000e+00
   outer loop
     vertex  4.650000e+01  0.000000e+00  4.325000e+01
     vertex  2.509258e+01  0.000000e+00  4.775191e+01
     vertex  2.503087e+01  0.000000e+00  4.775021e+01
   endloop
 endfacet
 facet normal  0.000000e+00 -1.000000e+00  0.000000e+00
   outer loop
     vertex  4.650000e+01  0.000000e+00  4.325000e+01
     vertex  2.515421e+01  0.000000e+00  4.775529e+01
     vertex  2.509258e+01  0.000000e+00  4.775191e+01
   endloop
 endfacet
 facet normal  0.000000e+00 -1.000000e+00  0.000000e+00
   outer loop
     vertex  4.650000e+01  0.000000e+00  4.325000e+01
     vertex  2.521574e+01  0.000000e+00  4.776037e+01
     vertex  2.515421e+01  0.000000e+00  4.775529e+01
   endloop
 endfacet
 facet normal  0.000000e+00 -1.000000e+00  0.000000e+00
   outer loop
     vertex  4.650000e+01  0.000000e+00  4.325000e+01
     vertex  2.527710e+01  0.000000e+00  4.776713e+01
     vertex  2.521574e+01  0.000000e+00  4.776037e+01
   endloop
 endfacet
 facet normal  0.000000e+00 -1.000000e+00  0.000000e+00
   outer loop
     vertex  4.650000e+01  0.000000e+00  4.325000e+01
     vertex  2.533825e+01  0.000000e+00  4.777557e+01
     vertex  2.527710e+01  0.000000e+00  4.776713e+01
   endloop
 endfacet
 facet normal  0.000000e+00  0.000000e+00  1.000000e+00
   outer loop
     vertex  4.650000e+01  1.367000e+02  6.200000e+01
     vertex  0.000000e+00  1.367000e+02  6.200000e+01
     vertex  0.000000e+00  0.000000e+00  6.200000e+01
   endloop
 endfacet
 facet normal  0.000000e+00  0.000000e+00  1.000000e+00
   outer loop
     vertex  4.650000e+01  1.367000e+02  6.200000e+01
     vertex  0.000000e+00  0.000000e+00  6.200000e+01
     vertex  4.650000e+01  0.000000e+00  6.200000e+01
   endloop
 endfacet
 facet normal  0.000000e+00  1.000000e+00  0.000000e+00
   outer loop
     vertex  3.000000e+00  1.367000e+02  4.325000e+01
     vertex  3.000000e+00  1.367000e+02  0.000000e+00
     vertex  0.000000e+00  1.367000e+02  0.000000e+00
   endloop
 endfacet
 facet normal  0.000000e+00  1.000000e+00  0.000000e+00
   outer loop
     vertex  0.000000e+00  1.367000e+02  6.200000e+01
     vertex  3.000000e+00  1.367000e+02  4.325000e+01
     vertex  0.000000e+00  1.367000e+02  0.000000e+00
   endloop
 endfacet
 facet normal  0.000000e+00  1.000000e+00  0.000000e+00
   outer loop
     vertex  1.543653e+01  1.367000e+02  5.038196e+01
     vertex  3.000000e+00  1.367000e+02  4.325000e+01
     vertex  1.539272e+01  1.367000e+02  5.042546e+01
   endloop
 endfacet
 facet normal  0.000000e+00  1.000000e+00  0.000000e+00
   outer loop
     vertex  1.535013e+01  1.367000e+02  5.047015e+01
     vertex  1.539272e+01  1.367000e+02  5.042546e+01
     vertex  3.000000e+00  1.367000e+02  4.325000e+01
   endloop
 endfacet
 facet normal  0.000000e+00  1.000000e+00  0.000000e+00
   outer loop
     vertex  1.548150e+01  1.367000e+02  5.033968e+01
     vertex  3.000000e+00  1.367000e+02  4.325000e+01
     vertex  1.543653e+01  1.367000e+02  5.038196e+01
   endloop
 endfacet
 facet normal  0.000000e+00  1.000000e+00  0.000000e+00
   outer loop
     vertex  1.530878e+01  1.367000e+02  5.051599e+01
     vertex  1.535013e+01  1.367000e+02  5.047015e+01
     vertex  3.000000e+00  1.367000e+02  4.325000e+01
   endloop
 endfacet
 facet normal  0.000000e+00  1.000000e+00  0.000000e+00
   outer loop
     vertex  1.552762e+01  1.367000e+02  5.029864e+01
     vertex  3.000000e+00  1.367000e+02  4.325000e+01
     vertex  1.548150e+01  1.367000e+02  5.033968e+01
   endloop
 endfacet
 facet normal  0.000000e+00  1.000000e+00  0.000000e+00
   outer loop
     vertex  1.526871e+01  1.367000e+02  5.056294e+01
     vertex  1.530878e+01  1.367000e+02  5.051599e+01
     vertex  3.000000e+00  1.367000e+02  4.325000e+01
   endloop
 endfacet
 facet normal  0.000000e+00  1.000000e+00  0.000000e+00
   outer loop
     vertex  1.557485e+01  1.367000e+02  5.025889e+01
     vertex  3.000000e+00  1.367000e+02  4.325000e+01
     vertex  1.552762e+01  1.367000e+02  5.029864e+01
   endloop
 endfacet
 facet normal  0.000000e+00  1.000000e+00  0.000000e+00
   outer loop
     vertex  1.522994e+01  1.367000e+02  5.061098e+01
     vertex  1.526871e+01  1.367000e+02  5.056294e+01
     vertex  3.000000e+00  1.367000e+02  4.325000e+01
   endloop
 endfacet
 facet normal  0.000000e+00  1.000000e+00  0.000000e+00
   outer loop
     vertex  1.562316e+01  1.367000e+02  5.022045e+01
     vertex  3.000000e+00  1.367000e+02  4.325000e+01
     vertex  1.557485e+01  1.367000e+02  5.025889e+01
   endloop
 endfacet
 facet normal  0.000000e+00  1.000000e+00  0.000000e+00
   outer loop
     vertex  1.519250e+01  1.367000e+02  5.066006e+01
     vertex  1.522994e+01  1.367000e+02  5.061098e+01
     vertex  3.000000e+00  1.367000e+02  4.325000e+01
   endloop
 endfacet
 facet normal  0.000000e+00  1.000000e+00  0.000000e+00
   outer loop
     vertex  1.567249e+01  1.367000e+02  5.018335e+01
     vertex  3.000000e+00  1.367000e+02  4.325000e+01
     vertex  1.562316e+01  1.367000e+02  5.022045e+01
   endloop
 endfacet
 facet normal  0.000000e+00  1.000000e+00  0.000000e+00
   outer loop
     vertex  1.515642e+01  1.367000e+02  5.071016e+01
     vertex  1.519250e+01  1.367000e+02  5.066006e+01
     vertex  3.000000e+00  1.367000e+02  4.325000e+01
   endloop
 endfacet
 facet normal  0.000000e+00  1.000000e+00  0.000000e+00
   outer loop
     vertex  1.572283e+01  1.367000e+02  5.014761e+01
     vertex  3.000000e+00  1.367000e+02  4.325000e+01
     vertex  1.567249e+01  1.367000e+02  5.018335e+01
   endloop
 endfacet
 facet normal  0.000000e+00  1.000000e+00  0.000000e+00
   outer loop
     vertex  1.512172e+01  1.367000e+02  5.076122e+01
     vertex  1.515642e+01  1.367000e+02  5.071016e+01
     vertex  3.000000e+00  1.367000e+02  4.325000e+01
   endloop
 endfacet
 facet normal  0.000000e+00  1.000000e+00  0.000000e+00
   outer loop
     vertex  1.577413e+01  1.367000e+02  5.011327e+01
     vertex  3.000000e+00  1.367000e+02  4.325000e+01
     vertex  1.572283e+01  1.367000e+02  5.014761e+01
   endloop
 endfacet
 facet normal  0.000000e+00  1.000000e+00  0.000000e+00
   outer loop
     vertex  1.508845e+01  1.367000e+02  5.081321e+01
     vertex  1.512172e+01  1.367000e+02  5.076122e+01
     vertex  3.000000e+00  1.367000e+02  4.325000e+01
   endloop
 endfacet
 facet normal  0.000000e+00  1.000000e+00  0.000000e+00
   outer loop
     vertex  1.582635e+01  1.367000e+02  5.008035e+01
     vertex  3.000000e+00  1.367000e+02  4.325000e+01
     vertex  1.577413e+01  1.367000e+02  5.011327e+01
   endloop
 endfacet
 facet normal  0.000000e+00  1.000000e+00  0.000000e+00
   outer loop
     vertex  1.505661e+01  1.367000e+02  5.086610e+01
     vertex  1.508845e+01  1.367000e+02  5.081321e+01
     vertex  3.000000e+00  1.367000e+02  4.325000e+01
   endloop
 endfacet
 facet normal  0.000000e+00  1.000000e+00  0.000000e+00
   outer loop
     vertex  1.587946e+01  1.367000e+02  5.004888e+01
     vertex  3.000000e+00  1.367000e+02  4.325000e+01
     vertex  1.582635e+01  1.367000e+02  5.008035e+01
   endloop
 endfacet
 facet normal  0.000000e+00  1.000000e+00  0.000000e+00
   outer loop
     vertex  1.502623e+01  1.367000e+02  5.091984e+01
     vertex  1.505661e+01  1.367000e+02  5.086610e+01
     vertex  3.000000e+00  1.367000e+02  4.325000e+01
   endloop
 endfacet
 facet normal  0.000000e+00  1.000000e+00  0.000000e+00
   outer loop
     vertex  1.593341e+01  1.367000e+02  5.001887e+01
     vertex  3.000000e+00  1.367000e+02  4.325000e+01
     vertex  1.587946e+01  1.367000e+02  5.004888e+01
   endloop
 endfacet
 facet normal  0.000000e+00  1.000000e+00  0.000000e+00
   outer loop
     vertex  1.499734e+01  1.367000e+02  5.097440e+01
     vertex  1.502623e+01  1.367000e+02  5.091984e+01
     vertex  3.000000e+00  1.367000e+02  4.325000e+01
   endloop
 endfacet
 facet normal  0.000000e+00  1.000000e+00  0.000000e+00
   outer loop
     vertex  1.598816e+01  1.367000e+02  4.999035e+01
     vertex  3.000000e+00  1.367000e+02  4.325000e+01
     vertex  1.593341e+01  1.367000e+02  5.001887e+01
   endloop
 endfacet
 facet normal  0.000000e+00  1.000000e+00  0.000000e+00
   outer loop
     vertex  1.496996e+01  1.367000e+02  5.102973e+01
     vertex  1.499734e+01  1.367000e+02  5.097440e+01
     vertex  3.000000e+00  1.367000e+02  4.325000e+01
   endloop
 endfacet
 facet normal  0.000000e+00  1.000000e+00  0.000000e+00
   outer loop
     vertex  1.604367e+01  1.367000e+02  4.996335e+01
     vertex  3.000000e+00  1.367000e+02  4.325000e+01
     vertex  1.598816e+01  1.367000e+02  4.999035e+01
   endloop
 endfacet
 facet normal  0.000000e+00  1.000000e+00  0.000000e+00
   outer loop
     vertex  1.494410e+01  1.367000e+02  5.108578e+01
     vertex  1.496996e+01  1.367000e+02  5.102973e+01
     vertex  3.000000e+00  1.367000e+02  4.325000e+01
   endloop
 endfacet
 facet normal  0.000000e+00  1.000000e+00  0.000000e+00
   outer loop
     vertex  1.609991e+01  1.367000e+02  4.993788e+01
     vertex  3.000000e+00  1.367000e+02  4.325000e+01
     vertex  1.604367e+01  1.367000e+02  4.996335e+01
   endloop
 endfacet
 facet normal  0.000000e+00  1.000000e+00  0.000000e+00
   outer loop
     vertex  1.491980e+01  1.367000e+02  5.114253e+01
     vertex  1.494410e+01  1.367000e+02  5.108578e+01
     vertex  3.000000e+00  1.367000e+02  4.325000e+01
   endloop
 endfacet
 facet normal  0.000000e+00  1.000000e+00  0.000000e+00
   outer loop
     vertex  1.615682e+01  1.367000e+02  4.991396e+01
     vertex  3.000000e+00  1.367000e+02  4.325000e+01
     vertex  1.609991e+01  1.367000e+02  4.993788e+01
   endloop
 endfacet
 facet normal  0.000000e+00  1.000000e+00  0.000000e+00
   outer loop
     vertex  1.489706e+01  1.367000e+02  5.119992e+01
     vertex  1.491980e+01  1.367000e+02  5.114253e+01
     vertex  3.000000e+00  1.367000e+02  4.325000e+01
   endloop
 endfacet
 facet normal  0.000000e+00  1.000000e+00  0.000000e+00
   outer loop
     vertex  1.621436e+01  1.367000e+02  4.989162e+01
     vertex  3.000000e+00  1.367000e+02  4.325000e+01
     vertex  1.615682e+01  1.367000e+02  4.991396e+01
   endloop
 endfacet
 facet normal  0.000000e+00  1.000000e+00  0.000000e+00
   outer loop
     vertex  1.487590e+01  1.367000e+02  5.125791e+01
     vertex  1.489706e+01  1.367000e+02  5.119992e+01
     vertex  3.000000e+00  1.367000e+02  4.325000e+01
   endloop
 endfacet
 facet normal  0.000000e+00  1.000000e+00  0.000000e+00
   outer loop
     vertex  1.627250e+01  1.367000e+02  4.987086e+01
     vertex  3.000000e+00  1.367000e+02  4.325000e+01
     vertex  1.621436e+01  1.367000e+02  4.989162e+01
   endloop
 endfacet
 facet normal  0.000000e+00  1.000000e+00  0.000000e+00
   outer loop
     vertex  1.485634e+01  1.367000e+02  5.131646e+01
     vertex  1.487590e+01  1.367000e+02  5.125791e+01
     vertex  3.000000e+00  1.367000e+02  4.325000e+01
   endloop
 endfacet
 facet normal  0.000000e+00  1.000000e+00  0.000000e+00
   outer loop
     vertex  1.633118e+01  1.367000e+02  4.985170e+01
     vertex  3.000000e+00  1.367000e+02  4.325000e+01
     vertex  1.627250e+01  1.367000e+02  4.987086e+01
   endloop
 endfacet
 facet normal  0.000000e+00  1.000000e+00  0.000000e+00
   outer loop
     vertex  1.483839e+01  1.367000e+02  5.137553e+01
     vertex  1.485634e+01  1.367000e+02  5.131646e+01
     vertex  3.000000e+00  1.367000e+02  4.325000e+01
   endloop
 endfacet
 facet normal  0.000000e+00  1.000000e+00  0.000000e+00
   outer loop
     vertex  1.639037e+01  1.367000e+02  4.983416e+01
     vertex  3.000000e+00  1.367000e+02  4.325000e+01
     vertex  1.633118e+01  1.367000e+02  4.985170e+01
   endloop
 endfacet
 facet normal  0.000000e+00  1.000000e+00  0.000000e+00
   outer loop
     vertex  1.482208e+01  1.367000e+02  5.143507e+01
     vertex  1.483839e+01  1.367000e+02  5.137553e+01
     vertex  3.000000e+00  1.367000e+02  4.325000e+01
   endloop
 endfacet
 facet normal  0.000000e+00  1.000000e+00  0.000000e+00
   outer loop
     vertex  1.645002e+01  1.367000e+02  4.981825e+01
     vertex  3.000000e+00  1.367000e+02  4.325000e+01
     vertex  1.639037e+01  1.367000e+02  4.983416e+01
   endloop
 endfacet
 facet normal  0.000000e+00  1.000000e+00  0.000000e+00
   outer loop
     vertex  1.480740e+01  1.367000e+02  5.149503e+01
     vertex  1.482208e+01  1.367000e+02  5.143507e+01
     vertex  3.000000e+00  1.367000e+02  4.325000e+01
   endloop
 endfacet
 facet normal  0.000000e+00  1.000000e+00  0.000000e+00
   outer loop
     vertex  1.651008e+01  1.367000e+02  4.980399e+01
     vertex  3.000000e+00  1.367000e+02  4.325000e+01
     vertex  1.645002e+01  1.367000e+02  4.981825e+01
   endloop
 endfacet
 facet normal  0.000000e+00  1.000000e+00  0.000000e+00
   outer loop
     vertex  1.479437e+01  1.367000e+02  5.155537e+01
     vertex  1.480740e+01  1.367000e+02  5.149503e+01
     vertex  3.000000e+00  1.367000e+02  4.325000e+01
   endloop
 endfacet
 facet normal  0.000000e+00  1.000000e+00  0.000000e+00
   outer loop
     vertex  1.657051e+01  1.367000e+02  4.979137e+01
     vertex  3.000000e+00  1.367000e+02  4.325000e+01
     vertex  1.651008e+01  1.367000e+02  4.980399e+01
   endloop
 endfacet
 facet normal  0.000000e+00  1.000000e+00  0.000000e+00
   outer loop
     vertex  1.478300e+01  1.367000e+02  5.161605e+01
     vertex  1.479437e+01  1.367000e+02  5.155537e+01
     vertex  3.000000e+00  1.367000e+02  4.325000e+01
   endloop
 endfacet
 facet normal  0.000000e+00  1.000000e+00  0.000000e+00
   outer loop
     vertex  1.663126e+01  1.367000e+02  4.978042e+01
     vertex  3.000000e+00  1.367000e+02  4.325000e+01
     vertex  1.657051e+01  1.367000e+02  4.979137e+01
   endloop
 endfacet
 facet normal  0.000000e+00  1.000000e+00  0.000000e+00
   outer loop
     vertex  1.477330e+01  1.367000e+02  5.167701e+01
     vertex  1.478300e+01  1.367000e+02  5.161605e+01
     vertex  3.000000e+00  1.367000e+02  4.325000e+01
   endloop
 endfacet
 facet normal  0.000000e+00  1.000000e+00  0.000000e+00
   outer loop
     vertex  1.669230e+01  1.367000e+02  4.977114e+01
     vertex  3.000000e+00  1.367000e+02  4.325000e+01
     vertex  1.663126e+01  1.367000e+02  4.978042e+01
   endloop
 endfacet
 facet normal  0.000000e+00  1.000000e+00  0.000000e+00
   outer loop
     vertex  1.476528e+01  1.367000e+02  5.173822e+01
     vertex  1.477330e+01  1.367000e+02  5.167701e+01
     vertex  3.000000e+00  1.367000e+02  4.325000e+01
   endloop
 endfacet
 facet normal  0.000000e+00  1.000000e+00  0.000000e+00
   outer loop
     vertex  1.675356e+01  1.367000e+02  4.976354e+01
     vertex  3.000000e+00  1.367000e+02  4.325000e+01
     vertex  1.669230e+01  1.367000e+02  4.977114e+01
   endloop
 endfacet
 facet normal  0.000000e+00  1.000000e+00  0.000000e+00
   outer loop
     vertex  1.475894e+01  1.367000e+02  5.179963e+01
     vertex  1.476528e+01  1.367000e+02  5.173822e+01
     vertex  3.000000e+00  1.367000e+02  4.325000e+01
   endloop
 endfacet
 facet normal  0.000000e+00  1.000000e+00  0.000000e+00
   outer loop
     vertex  1.681501e+01  1.367000e+02  4.975762e+01
     vertex  3.000000e+00  1.367000e+02  4.325000e+01
     vertex  1.675356e+01  1.367000e+02  4.976354e+01
   endloop
 endfacet
 facet normal  0.000000e+00  1.000000e+00  0.000000e+00
   outer loop
     vertex  1.475429e+01  1.367000e+02  5.186119e+01
     vertex  1.475894e+01  1.367000e+02  5.179963e+01
     vertex  3.000000e+00  1.367000e+02  4.325000e+01
   endloop
 endfacet
 facet normal  0.000000e+00  1.000000e+00  0.000000e+00
   outer loop
     vertex  1.687659e+01  1.367000e+02  4.975339e+01
     vertex  3.000000e+00  1.367000e+02  4.325000e+01
     vertex  1.681501e+01  1.367000e+02  4.975762e+01
   endloop
 endfacet
 facet normal  0.000000e+00  1.000000e+00  0.000000e+00
   outer loop
     vertex  1.475132e+01  1.367000e+02  5.192285e+01
     vertex  1.475429e+01  1.367000e+02  5.186119e+01
     vertex  3.000000e+00  1.367000e+02  4.325000e+01
   endloop
 endfacet
 facet normal  0.000000e+00  1.000000e+00  0.000000e+00
   outer loop
     vertex  1.693827e+01  1.367000e+02  4.975085e+01
     vertex  3.000000e+00  1.367000e+02  4.325000e+01
     vertex  1.687659e+01  1.367000e+02  4.975339e+01
   endloop
 endfacet
 facet normal  0.000000e+00  1.000000e+00  0.000000e+00
   outer loop
     vertex  1.475005e+01  1.367000e+02  5.198457e+01
     vertex  1.475132e+01  1.367000e+02  5.192285e+01
     vertex  3.000000e+00  1.367000e+02  4.325000e+01
   endloop
 endfacet
 facet normal  0.000000e+00  1.000000e+00  0.000000e+00
   outer loop
     vertex  1.700000e+01  1.367000e+02  4.975000e+01
     vertex  3.000000e+00  1.367000e+02  4.325000e+01
     vertex  1.693827e+01  1.367000e+02  4.975085e+01
   endloop
 endfacet
 facet normal  0.000000e+00  1.000000e+00  0.000000e+00
   outer loop
     vertex  1.475048e+01  1.367000e+02  5.204630e+01
     vertex  1.475005e+01  1.367000e+02  5.198457e+01
     vertex  3.000000e+00  1.367000e+02  4.325000e+01
   endloop
 endfacet
 facet normal  0.000000e+00  1.000000e+00  0.000000e+00
   outer loop
     vertex  1.706173e+01  1.367000e+02  4.975085e+01
     vertex  3.000000e+00  1.367000e+02  4.325000e+01
     vertex  1.700000e+01  1.367000e+02  4.975000e+01
   endloop
 endfacet
 facet normal  0.000000e+00  1.000000e+00  0.000000e+00
   outer loop
     vertex  1.475259e+01  1.367000e+02  5.210799e+01
     vertex  1.475048e+01  1.367000e+02  5.204630e+01
     vertex  3.000000e+00  1.367000e+02  4.325000e+01
   endloop
 endfacet
 facet normal  0.000000e+00  1.000000e+00  0.000000e+00
   outer loop
     vertex  1.712341e+01  1.367000e+02  4.975339e+01
     vertex  3.000000e+00  1.367000e+02  4.325000e+01
     vertex  1.706173e+01  1.367000e+02  4.975085e+01
   endloop
 endfacet
 facet normal  0.000000e+00  1.000000e+00  0.000000e+00
   outer loop
     vertex  1.475640e+01  1.367000e+02  5.216961e+01
     vertex  1.475259e+01  1.367000e+02  5.210799e+01
     vertex  3.000000e+00  1.367000e+02  4.325000e+01
   endloop
 endfacet
 facet normal  0.000000e+00  1.000000e+00  0.000000e+00
   outer loop
     vertex  1.718499e+01  1.367000e+02  4.975762e+01
     vertex  3.000000e+00  1.367000e+02  4.325000e+01
     vertex  1.712341e+01  1.367000e+02  4.975339e+01
   endloop
 endfacet
 facet normal  0.000000e+00  1.000000e+00  0.000000e+00
   outer loop
     vertex  1.476190e+01  1.367000e+02  5.223110e+01
     vertex  3.000000e+00  1.367000e+02  4.325000e+01
     vertex  0.000000e+00  1.367000e+02  6.200000e+01
   endloop
 endfacet
 facet normal  0.000000e+00  1.000000e+00  0.000000e+00
   outer loop
     vertex  1.476190e+01  1.367000e+02  5.223110e+01
     vertex  1.475640e+01  1.367000e+02  5.216961e+01
     vertex  3.000000e+00  1.367000e+02  4.325000e+01
   endloop
 endfacet
 facet normal  0.000000e+00  1.000000e+00  0.000000e+00
   outer loop
     vertex  1.724644e+01  1.367000e+02  4.976354e+01
     vertex  3.000000e+00  1.367000e+02  4.325000e+01
     vertex  1.718499e+01  1.367000e+02  4.975762e+01
   endloop
 endfacet
 facet normal  0.000000e+00  1.000000e+00  0.000000e+00
   outer loop
     vertex  1.476908e+01  1.367000e+02  5.229241e+01
     vertex  1.476190e+01  1.367000e+02  5.223110e+01
     vertex  0.000000e+00  1.367000e+02  6.200000e+01
   endloop
 endfacet
 facet normal  0.000000e+00  1.000000e+00  0.000000e+00
   outer loop
     vertex  1.730770e+01  1.367000e+02  4.977114e+01
     vertex  3.000000e+00  1.367000e+02  4.325000e+01
     vertex  1.724644e+01  1.367000e+02  4.976354e+01
   endloop
 endfacet
 facet normal  0.000000e+00  1.000000e+00  0.000000e+00
   outer loop
     vertex  1.477794e+01  1.367000e+02  5.235350e+01
     vertex  1.476908e+01  1.367000e+02  5.229241e+01
     vertex  0.000000e+00  1.367000e+02  6.200000e+01
   endloop
 endfacet
 facet normal  0.000000e+00  1.000000e+00  0.000000e+00
   outer loop
     vertex  1.478848e+01  1.367000e+02  5.241433e+01
     vertex  1.477794e+01  1.367000e+02  5.235350e+01
     vertex  0.000000e+00  1.367000e+02  6.200000e+01
   endloop
 endfacet
 facet normal  0.000000e+00  1.000000e+00  0.000000e+00
   outer loop
     vertex  1.480068e+01  1.367000e+02  5.247484e+01
     vertex  1.478848e+01  1.367000e+02  5.241433e+01
     vertex  0.000000e+00  1.367000e+02  6.200000e+01
   endloop
 endfacet
 facet normal  0.000000e+00  1.000000e+00  0.000000e+00
   outer loop
     vertex  1.481453e+01  1.367000e+02  5.253500e+01
     vertex  1.480068e+01  1.367000e+02  5.247484e+01
     vertex  0.000000e+00  1.367000e+02  6.200000e+01
   endloop
 endfacet
 facet normal  0.000000e+00  1.000000e+00  0.000000e+00
   outer loop
     vertex  1.483003e+01  1.367000e+02  5.259476e+01
     vertex  1.481453e+01  1.367000e+02  5.253500e+01
     vertex  0.000000e+00  1.367000e+02  6.200000e+01
   endloop
 endfacet
 facet normal  0.000000e+00  1.000000e+00  0.000000e+00
   outer loop
     vertex  1.484716e+01  1.367000e+02  5.265406e+01
     vertex  1.483003e+01  1.367000e+02  5.259476e+01
     vertex  0.000000e+00  1.367000e+02  6.200000e+01
   endloop
 endfacet
 facet normal  0.000000e+00  1.000000e+00  0.000000e+00
   outer loop
     vertex  1.486592e+01  1.367000e+02  5.271288e+01
     vertex  1.484716e+01  1.367000e+02  5.265406e+01
     vertex  0.000000e+00  1.367000e+02  6.200000e+01
   endloop
 endfacet
 facet normal  0.000000e+00  1.000000e+00  0.000000e+00
   outer loop
     vertex  1.488628e+01  1.367000e+02  5.277116e+01
     vertex  1.486592e+01  1.367000e+02  5.271288e+01
     vertex  0.000000e+00  1.367000e+02  6.200000e+01
   endloop
 endfacet
 facet normal  0.000000e+00  1.000000e+00  0.000000e+00
   outer loop
     vertex  1.490823e+01  1.367000e+02  5.282885e+01
     vertex  1.488628e+01  1.367000e+02  5.277116e+01
     vertex  0.000000e+00  1.367000e+02  6.200000e+01
   endloop
 endfacet
 facet normal  0.000000e+00  1.000000e+00  0.000000e+00
   outer loop
     vertex  1.493176e+01  1.367000e+02  5.288593e+01
     vertex  1.490823e+01  1.367000e+02  5.282885e+01
     vertex  0.000000e+00  1.367000e+02  6.200000e+01
   endloop
 endfacet
 facet normal  0.000000e+00  1.000000e+00  0.000000e+00
   outer loop
     vertex  1.495684e+01  1.367000e+02  5.294233e+01
     vertex  1.493176e+01  1.367000e+02  5.288593e+01
     vertex  0.000000e+00  1.367000e+02  6.200000e+01
   endloop
 endfacet
 facet normal  0.000000e+00  1.000000e+00  0.000000e+00
   outer loop
     vertex  1.498346e+01  1.367000e+02  5.299803e+01
     vertex  1.495684e+01  1.367000e+02  5.294233e+01
     vertex  0.000000e+00  1.367000e+02  6.200000e+01
   endloop
 endfacet
 facet normal  0.000000e+00  1.000000e+00  0.000000e+00
   outer loop
     vertex  1.501160e+01  1.367000e+02  5.305298e+01
     vertex  1.498346e+01  1.367000e+02  5.299803e+01
     vertex  0.000000e+00  1.367000e+02  6.200000e+01
   endloop
 endfacet
 facet normal  0.000000e+00  1.000000e+00  0.000000e+00
   outer loop
     vertex  1.504124e+01  1.367000e+02  5.310713e+01
     vertex  1.501160e+01  1.367000e+02  5.305298e+01
     vertex  0.000000e+00  1.367000e+02  6.200000e+01
   endloop
 endfacet
 facet normal  0.000000e+00  1.000000e+00  0.000000e+00
   outer loop
     vertex  1.507235e+01  1.367000e+02  5.316045e+01
     vertex  1.504124e+01  1.367000e+02  5.310713e+01
     vertex  0.000000e+00  1.367000e+02  6.200000e+01
   endloop
 endfacet
 facet normal  0.000000e+00  1.000000e+00  0.000000e+00
   outer loop
     vertex  1.510491e+01  1.367000e+02  5.321290e+01
     vertex  1.507235e+01  1.367000e+02  5.316045e+01
     vertex  0.000000e+00  1.367000e+02  6.200000e+01
   endloop
 endfacet
 facet normal  0.000000e+00  1.000000e+00  0.000000e+00
   outer loop
     vertex  1.513890e+01  1.367000e+02  5.326443e+01
     vertex  1.510491e+01  1.367000e+02  5.321290e+01
     vertex  0.000000e+00  1.367000e+02  6.200000e+01
   endloop
 endfacet
 facet normal  0.000000e+00  1.000000e+00  0.000000e+00
   outer loop
     vertex  1.517428e+01  1.367000e+02  5.331501e+01
     vertex  1.513890e+01  1.367000e+02  5.326443e+01
     vertex  0.000000e+00  1.367000e+02  6.200000e+01
   endloop
 endfacet
 facet normal  0.000000e+00  1.000000e+00  0.000000e+00
   outer loop
     vertex  1.521105e+01  1.367000e+02  5.336461e+01
     vertex  1.517428e+01  1.367000e+02  5.331501e+01
     vertex  0.000000e+00  1.367000e+02  6.200000e+01
   endloop
 endfacet
 facet normal  0.000000e+00  1.000000e+00  0.000000e+00
   outer loop
     vertex  1.524916e+01  1.367000e+02  5.341317e+01
     vertex  1.521105e+01  1.367000e+02  5.336461e+01
     vertex  0.000000e+00  1.367000e+02  6.200000e+01
   endloop
 endfacet
 facet normal  0.000000e+00  1.000000e+00  0.000000e+00
   outer loop
     vertex  1.528859e+01  1.367000e+02  5.346067e+01
     vertex  1.524916e+01  1.367000e+02  5.341317e+01
     vertex  0.000000e+00  1.367000e+02  6.200000e+01
   endloop
 endfacet
 facet normal  0.000000e+00  1.000000e+00  0.000000e+00
   outer loop
     vertex  1.532930e+01  1.367000e+02  5.350707e+01
     vertex  1.528859e+01  1.367000e+02  5.346067e+01
     vertex  0.000000e+00  1.367000e+02  6.200000e+01
   endloop
 endfacet
 facet normal  0.000000e+00  1.000000e+00  0.000000e+00
   outer loop
     vertex  1.537128e+01  1.367000e+02  5.355234e+01
     vertex  1.532930e+01  1.367000e+02  5.350707e+01
     vertex  0.000000e+00  1.367000e+02  6.200000e+01
   endloop
 endfacet
 facet normal  0.000000e+00  1.000000e+00  0.000000e+00
   outer loop
     vertex  1.541448e+01  1.367000e+02  5.359644e+01
     vertex  1.537128e+01  1.367000e+02  5.355234e+01
     vertex  0.000000e+00  1.367000e+02  6.200000e+01
   endloop
 endfacet
 facet normal  0.000000e+00  1.000000e+00  0.000000e+00
   outer loop
     vertex  1.545887e+01  1.367000e+02  5.363933e+01
     vertex  1.541448e+01  1.367000e+02  5.359644e+01
     vertex  0.000000e+00  1.367000e+02  6.200000e+01
   endloop
 endfacet
 facet normal  0.000000e+00  1.000000e+00  0.000000e+00
   outer loop
     vertex  1.550442e+01  1.367000e+02  5.368100e+01
     vertex  1.545887e+01  1.367000e+02  5.363933e+01
     vertex  0.000000e+00  1.367000e+02  6.200000e+01
   endloop
 endfacet
 facet normal  0.000000e+00  1.000000e+00  0.000000e+00
   outer loop
     vertex  1.555110e+01  1.367000e+02  5.372139e+01
     vertex  1.550442e+01  1.367000e+02  5.368100e+01
     vertex  0.000000e+00  1.367000e+02  6.200000e+01
   endloop
 endfacet
 facet normal  0.000000e+00  1.000000e+00  0.000000e+00
   outer loop
     vertex  1.559887e+01  1.367000e+02  5.376049e+01
     vertex  1.555110e+01  1.367000e+02  5.372139e+01
     vertex  0.000000e+00  1.367000e+02  6.200000e+01
   endloop
 endfacet
 facet normal  0.000000e+00  1.000000e+00  0.000000e+00
   outer loop
     vertex  1.564770e+01  1.367000e+02  5.379827e+01
     vertex  1.559887e+01  1.367000e+02  5.376049e+01
     vertex  0.000000e+00  1.367000e+02  6.200000e+01
   endloop
 endfacet
 facet normal  0.000000e+00  1.000000e+00  0.000000e+00
   outer loop
     vertex  1.569754e+01  1.367000e+02  5.383469e+01
     vertex  1.564770e+01  1.367000e+02  5.379827e+01
     vertex  0.000000e+00  1.367000e+02  6.200000e+01
   endloop
 endfacet
 facet normal  0.000000e+00  1.000000e+00  0.000000e+00
   outer loop
     vertex  1.574836e+01  1.367000e+02  5.386973e+01
     vertex  1.569754e+01  1.367000e+02  5.383469e+01
     vertex  0.000000e+00  1.367000e+02  6.200000e+01
   endloop
 endfacet
 facet normal  0.000000e+00  1.000000e+00  0.000000e+00
   outer loop
     vertex  1.580013e+01  1.367000e+02  5.390337e+01
     vertex  1.574836e+01  1.367000e+02  5.386973e+01
     vertex  0.000000e+00  1.367000e+02  6.200000e+01
   endloop
 endfacet
 facet normal  0.000000e+00  1.000000e+00  0.000000e+00
   outer loop
     vertex  1.585280e+01  1.367000e+02  5.393557e+01
     vertex  1.580013e+01  1.367000e+02  5.390337e+01
     vertex  0.000000e+00  1.367000e+02  6.200000e+01
   endloop
 endfacet
 facet normal  0.000000e+00  1.000000e+00  0.000000e+00
   outer loop
     vertex  1.590633e+01  1.367000e+02  5.396631e+01
     vertex  1.585280e+01  1.367000e+02  5.393557e+01
     vertex  0.000000e+00  1.367000e+02  6.200000e+01
   endloop
 endfacet
 facet normal  0.000000e+00  1.000000e+00  0.000000e+00
   outer loop
     vertex  1.596069e+01  1.367000e+02  5.399558e+01
     vertex  1.590633e+01  1.367000e+02  5.396631e+01
     vertex  0.000000e+00  1.367000e+02  6.200000e+01
   endloop
 endfacet
 facet normal  0.000000e+00  1.000000e+00  0.000000e+00
   outer loop
     vertex  1.601582e+01  1.367000e+02  5.402334e+01
     vertex  1.596069e+01  1.367000e+02  5.399558e+01
     vertex  0.000000e+00  1.367000e+02  6.200000e+01
   endloop
 endfacet
 facet normal  0.000000e+00  1.000000e+00  0.000000e+00
   outer loop
     vertex  1.607170e+01  1.367000e+02  5.404958e+01
     vertex  1.601582e+01  1.367000e+02  5.402334e+01
     vertex  0.000000e+00  1.367000e+02  6.200000e+01
   endloop
 endfacet
 facet normal  0.000000e+00  1.000000e+00  0.000000e+00
   outer loop
     vertex  1.612828e+01  1.367000e+02  5.407427e+01
     vertex  1.607170e+01  1.367000e+02  5.404958e+01
     vertex  0.000000e+00  1.367000e+02  6.200000e+01
   endloop
 endfacet
 facet normal  0.000000e+00  1.000000e+00  0.000000e+00
   outer loop
     vertex  1.618551e+01  1.367000e+02  5.409741e+01
     vertex  1.612828e+01  1.367000e+02  5.407427e+01
     vertex  0.000000e+00  1.367000e+02  6.200000e+01
   endloop
 endfacet
 facet normal  0.000000e+00  1.000000e+00  0.000000e+00
   outer loop
     vertex  1.624336e+01  1.367000e+02  5.411896e+01
     vertex  1.618551e+01  1.367000e+02  5.409741e+01
     vertex  0.000000e+00  1.367000e+02  6.200000e+01
   endloop
 endfacet
 facet normal  0.000000e+00  1.000000e+00  0.000000e+00
   outer loop
     vertex  1.630178e+01  1.367000e+02  5.413892e+01
     vertex  1.624336e+01  1.367000e+02  5.411896e+01
     vertex  0.000000e+00  1.367000e+02  6.200000e+01
   endloop
 endfacet
 facet normal  0.000000e+00  1.000000e+00  0.000000e+00
   outer loop
     vertex  1.636072e+01  1.367000e+02  5.415727e+01
     vertex  1.630178e+01  1.367000e+02  5.413892e+01
     vertex  0.000000e+00  1.367000e+02  6.200000e+01
   endloop
 endfacet
 facet normal  0.000000e+00  1.000000e+00  0.000000e+00
   outer loop
     vertex  1.642014e+01  1.367000e+02  5.417400e+01
     vertex  1.636072e+01  1.367000e+02  5.415727e+01
     vertex  0.000000e+00  1.367000e+02  6.200000e+01
   endloop
 endfacet
 facet normal  0.000000e+00  1.000000e+00  0.000000e+00
   outer loop
     vertex  1.648000e+01  1.367000e+02  5.418909e+01
     vertex  1.642014e+01  1.367000e+02  5.417400e+01
     vertex  0.000000e+00  1.367000e+02  6.200000e+01
   endloop
 endfacet
 facet normal  0.000000e+00  1.000000e+00  0.000000e+00
   outer loop
     vertex  1.654025e+01  1.367000e+02  5.420253e+01
     vertex  1.648000e+01  1.367000e+02  5.418909e+01
     vertex  0.000000e+00  1.367000e+02  6.200000e+01
   endloop
 endfacet
 facet normal  0.000000e+00  1.000000e+00  0.000000e+00
   outer loop
     vertex  1.660085e+01  1.367000e+02  5.421431e+01
     vertex  1.654025e+01  1.367000e+02  5.420253e+01
     vertex  0.000000e+00  1.367000e+02  6.200000e+01
   endloop
 endfacet
 facet normal  0.000000e+00  1.000000e+00  0.000000e+00
   outer loop
     vertex  1.666175e+01  1.367000e+02  5.422443e+01
     vertex  1.660085e+01  1.367000e+02  5.421431e+01
     vertex  0.000000e+00  1.367000e+02  6.200000e+01
   endloop
 endfacet
 facet normal  0.000000e+00  1.000000e+00  0.000000e+00
   outer loop
     vertex  1.672290e+01  1.367000e+02  5.423287e+01
     vertex  1.666175e+01  1.367000e+02  5.422443e+01
     vertex  0.000000e+00  1.367000e+02  6.200000e+01
   endloop
 endfacet
 facet normal  0.000000e+00  1.000000e+00  0.000000e+00
   outer loop
     vertex  1.678426e+01  1.367000e+02  5.423963e+01
     vertex  1.672290e+01  1.367000e+02  5.423287e+01
     vertex  0.000000e+00  1.367000e+02  6.200000e+01
   endloop
 endfacet
 facet normal  0.000000e+00  1.000000e+00  0.000000e+00
   outer loop
     vertex  1.684579e+01  1.367000e+02  5.424471e+01
     vertex  1.678426e+01  1.367000e+02  5.423963e+01
     vertex  0.000000e+00  1.367000e+02  6.200000e+01
   endloop
 endfacet
 facet normal  0.000000e+00  1.000000e+00  0.000000e+00
   outer loop
     vertex  1.690742e+01  1.367000e+02  5.424809e+01
     vertex  1.684579e+01  1.367000e+02  5.424471e+01
     vertex  0.000000e+00  1.367000e+02  6.200000e+01
   endloop
 endfacet
 facet normal  0.000000e+00  1.000000e+00  0.000000e+00
   outer loop
     vertex  1.696913e+01  1.367000e+02  5.424979e+01
     vertex  1.690742e+01  1.367000e+02  5.424809e+01
     vertex  0.000000e+00  1.367000e+02  6.200000e+01
   endloop
 endfacet
 facet normal  0.000000e+00  1.000000e+00  0.000000e+00
   outer loop
     vertex  1.703087e+01  1.367000e+02  5.424979e+01
     vertex  1.696913e+01  1.367000e+02  5.424979e+01
     vertex  0.000000e+00  1.367000e+02  6.200000e+01
   endloop
 endfacet
 facet normal  0.000000e+00  1.000000e+00  0.000000e+00
   outer loop
     vertex  1.709258e+01  1.367000e+02  5.424809e+01
     vertex  1.703087e+01  1.367000e+02  5.424979e+01
     vertex  0.000000e+00  1.367000e+02  6.200000e+01
   endloop
 endfacet
 facet normal  0.000000e+00  1.000000e+00  0.000000e+00
   outer loop
     vertex  1.715421e+01  1.367000e+02  5.424471e+01
     vertex  1.709258e+01  1.367000e+02  5.424809e+01
     vertex  0.000000e+00  1.367000e+02  6.200000e+01
   endloop
 endfacet
 facet normal  0.000000e+00  1.000000e+00  0.000000e+00
   outer loop
     vertex  1.721574e+01  1.367000e+02  5.423963e+01
     vertex  1.715421e+01  1.367000e+02  5.424471e+01
     vertex  0.000000e+00  1.367000e+02  6.200000e+01
   endloop
 endfacet
 facet normal  0.000000e+00  1.000000e+00  0.000000e+00
   outer loop
     vertex  1.727710e+01  1.367000e+02  5.423287e+01
     vertex  1.721574e+01  1.367000e+02  5.423963e+01
     vertex  0.000000e+00  1.367000e+02  6.200000e+01
   endloop
 endfacet
 facet normal  0.000000e+00  1.000000e+00  0.000000e+00
   outer loop
     vertex  1.733825e+01  1.367000e+02  5.422443e+01
     vertex  1.727710e+01  1.367000e+02  5.423287e+01
     vertex  0.000000e+00  1.367000e+02  6.200000e+01
   endloop
 endfacet
 facet normal  0.000000e+00  1.000000e+00  0.000000e+00
   outer loop
     vertex  4.650000e+01  1.367000e+02  4.325000e+01
     vertex  1.760963e+01  1.367000e+02  4.983416e+01
     vertex  1.766882e+01  1.367000e+02  4.985170e+01
   endloop
 endfacet
 facet normal  0.000000e+00  1.000000e+00  0.000000e+00
   outer loop
     vertex  4.650000e+01  1.367000e+02  4.325000e+01
     vertex  1.766882e+01  1.367000e+02  4.985170e+01
     vertex  1.772750e+01  1.367000e+02  4.987086e+01
   endloop
 endfacet
 facet normal  0.000000e+00  1.000000e+00  0.000000e+00
   outer loop
     vertex  4.650000e+01  1.367000e+02  4.325000e+01
     vertex  1.772750e+01  1.367000e+02  4.987086e+01
     vertex  1.778564e+01  1.367000e+02  4.989162e+01
   endloop
 endfacet
 facet normal  0.000000e+00  1.000000e+00  0.000000e+00
   outer loop
     vertex  4.650000e+01  1.367000e+02  4.325000e+01
     vertex  1.778564e+01  1.367000e+02  4.989162e+01
     vertex  1.784318e+01  1.367000e+02  4.991396e+01
   endloop
 endfacet
 facet normal  0.000000e+00  1.000000e+00  0.000000e+00
   outer loop
     vertex  4.650000e+01  1.367000e+02  4.325000e+01
     vertex  1.784318e+01  1.367000e+02  4.991396e+01
     vertex  1.790009e+01  1.367000e+02  4.993788e+01
   endloop
 endfacet
 facet normal  0.000000e+00  1.000000e+00  0.000000e+00
   outer loop
     vertex  4.650000e+01  1.367000e+02  4.325000e+01
     vertex  1.790009e+01  1.367000e+02  4.993788e+01
     vertex  1.795633e+01  1.367000e+02  4.996335e+01
   endloop
 endfacet
 facet normal  0.000000e+00  1.000000e+00  0.000000e+00
   outer loop
     vertex  4.650000e+01  1.367000e+02  4.325000e+01
     vertex  1.795633e+01  1.367000e+02  4.996335e+01
     vertex  1.801184e+01  1.367000e+02  4.999035e+01
   endloop
 endfacet
 facet normal  0.000000e+00  1.000000e+00  0.000000e+00
   outer loop
     vertex  4.650000e+01  1.367000e+02  4.325000e+01
     vertex  1.801184e+01  1.367000e+02  4.999035e+01
     vertex  1.806659e+01  1.367000e+02  5.001887e+01
   endloop
 endfacet
 facet normal  0.000000e+00  1.000000e+00  0.000000e+00
   outer loop
     vertex  4.650000e+01  1.367000e+02  4.325000e+01
     vertex  1.806659e+01  1.367000e+02  5.001887e+01
     vertex  1.812054e+01  1.367000e+02  5.004888e+01
   endloop
 endfacet
 facet normal  0.000000e+00  1.000000e+00  0.000000e+00
   outer loop
     vertex  4.650000e+01  1.367000e+02  4.325000e+01
     vertex  1.812054e+01  1.367000e+02  5.004888e+01
     vertex  1.817365e+01  1.367000e+02  5.008035e+01
   endloop
 endfacet
 facet normal  0.000000e+00  1.000000e+00  0.000000e+00
   outer loop
     vertex  4.650000e+01  1.367000e+02  4.325000e+01
     vertex  1.817365e+01  1.367000e+02  5.008035e+01
     vertex  1.822587e+01  1.367000e+02  5.011327e+01
   endloop
 endfacet
 facet normal  0.000000e+00  1.000000e+00  0.000000e+00
   outer loop
     vertex  4.650000e+01  1.367000e+02  4.325000e+01
     vertex  1.822587e+01  1.367000e+02  5.011327e+01
     vertex  1.827717e+01  1.367000e+02  5.014761e+01
   endloop
 endfacet
 facet normal  0.000000e+00  1.000000e+00  0.000000e+00
   outer loop
     vertex  4.650000e+01  1.367000e+02  4.325000e+01
     vertex  1.827717e+01  1.367000e+02  5.014761e+01
     vertex  1.832751e+01  1.367000e+02  5.018335e+01
   endloop
 endfacet
 facet normal  0.000000e+00  1.000000e+00  0.000000e+00
   outer loop
     vertex  4.650000e+01  1.367000e+02  4.325000e+01
     vertex  1.832751e+01  1.367000e+02  5.018335e+01
     vertex  1.837684e+01  1.367000e+02  5.022045e+01
   endloop
 endfacet
 facet normal  0.000000e+00  1.000000e+00  0.000000e+00
   outer loop
     vertex  4.650000e+01  1.367000e+02  4.325000e+01
     vertex  1.837684e+01  1.367000e+02  5.022045e+01
     vertex  1.842515e+01  1.367000e+02  5.025889e+01
   endloop
 endfacet
 facet normal  0.000000e+00  1.000000e+00  0.000000e+00
   outer loop
     vertex  4.650000e+01  1.367000e+02  4.325000e+01
     vertex  1.842515e+01  1.367000e+02  5.025889e+01
     vertex  1.847238e+01  1.367000e+02  5.029864e+01
   endloop
 endfacet
 facet normal  0.000000e+00  1.000000e+00  0.000000e+00
   outer loop
     vertex  4.650000e+01  1.367000e+02  4.325000e+01
     vertex  1.847238e+01  1.367000e+02  5.029864e+01
     vertex  1.851850e+01  1.367000e+02  5.033968e+01
   endloop
 endfacet
 facet normal  0.000000e+00  1.000000e+00  0.000000e+00
   outer loop
     vertex  4.650000e+01  1.367000e+02  4.325000e+01
     vertex  1.851850e+01  1.367000e+02  5.033968e+01
     vertex  1.856347e+01  1.367000e+02  5.038196e+01
   endloop
 endfacet
 facet normal  0.000000e+00  1.000000e+00  0.000000e+00
   outer loop
     vertex  4.650000e+01  1.367000e+02  4.325000e+01
     vertex  1.856347e+01  1.367000e+02  5.038196e+01
     vertex  1.860728e+01  1.367000e+02  5.042546e+01
   endloop
 endfacet
 facet normal  0.000000e+00  1.000000e+00  0.000000e+00
   outer loop
     vertex  4.650000e+01  1.367000e+02  4.325000e+01
     vertex  1.860728e+01  1.367000e+02  5.042546e+01
     vertex  1.864987e+01  1.367000e+02  5.047015e+01
   endloop
 endfacet
 facet normal  0.000000e+00  1.000000e+00  0.000000e+00
   outer loop
     vertex  4.650000e+01  1.367000e+02  4.325000e+01
     vertex  1.864987e+01  1.367000e+02  5.047015e+01
     vertex  1.869122e+01  1.367000e+02  5.051599e+01
   endloop
 endfacet
 facet normal  0.000000e+00  1.000000e+00  0.000000e+00
   outer loop
     vertex  4.650000e+01  1.367000e+02  4.325000e+01
     vertex  1.869122e+01  1.367000e+02  5.051599e+01
     vertex  1.873129e+01  1.367000e+02  5.056294e+01
   endloop
 endfacet
 facet normal  0.000000e+00  1.000000e+00  0.000000e+00
   outer loop
     vertex  4.650000e+01  1.367000e+02  4.325000e+01
     vertex  1.873129e+01  1.367000e+02  5.056294e+01
     vertex  1.877006e+01  1.367000e+02  5.061098e+01
   endloop
 endfacet
 facet normal  0.000000e+00  1.000000e+00  0.000000e+00
   outer loop
     vertex  4.650000e+01  1.367000e+02  4.325000e+01
     vertex  1.877006e+01  1.367000e+02  5.061098e+01
     vertex  1.880750e+01  1.367000e+02  5.066006e+01
   endloop
 endfacet
 facet normal  0.000000e+00  1.000000e+00  0.000000e+00
   outer loop
     vertex  4.650000e+01  1.367000e+02  4.325000e+01
     vertex  1.880750e+01  1.367000e+02  5.066006e+01
     vertex  1.884358e+01  1.367000e+02  5.071016e+01
   endloop
 endfacet
 facet normal  0.000000e+00  1.000000e+00  0.000000e+00
   outer loop
     vertex  4.650000e+01  1.367000e+02  4.325000e+01
     vertex  1.884358e+01  1.367000e+02  5.071016e+01
     vertex  1.887828e+01  1.367000e+02  5.076122e+01
   endloop
 endfacet
 facet normal  0.000000e+00  1.000000e+00  0.000000e+00
   outer loop
     vertex  4.650000e+01  1.367000e+02  4.325000e+01
     vertex  1.887828e+01  1.367000e+02  5.076122e+01
     vertex  1.891155e+01  1.367000e+02  5.081321e+01
   endloop
 endfacet
 facet normal  0.000000e+00  1.000000e+00  0.000000e+00
   outer loop
     vertex  4.650000e+01  1.367000e+02  4.325000e+01
     vertex  1.891155e+01  1.367000e+02  5.081321e+01
     vertex  1.894339e+01  1.367000e+02  5.086610e+01
   endloop
 endfacet
 facet normal  0.000000e+00  1.000000e+00  0.000000e+00
   outer loop
     vertex  4.650000e+01  1.367000e+02  4.325000e+01
     vertex  1.894339e+01  1.367000e+02  5.086610e+01
     vertex  1.897377e+01  1.367000e+02  5.091984e+01
   endloop
 endfacet
 facet normal  0.000000e+00  1.000000e+00  0.000000e+00
   outer loop
     vertex  4.650000e+01  1.367000e+02  4.325000e+01
     vertex  1.897377e+01  1.367000e+02  5.091984e+01
     vertex  1.900266e+01  1.367000e+02  5.097440e+01
   endloop
 endfacet
 facet normal  0.000000e+00  1.000000e+00  0.000000e+00
   outer loop
     vertex  4.650000e+01  1.367000e+02  4.325000e+01
     vertex  1.900266e+01  1.367000e+02  5.097440e+01
     vertex  1.903004e+01  1.367000e+02  5.102973e+01
   endloop
 endfacet
 facet normal  0.000000e+00  1.000000e+00  0.000000e+00
   outer loop
     vertex  4.650000e+01  1.367000e+02  4.325000e+01
     vertex  1.903004e+01  1.367000e+02  5.102973e+01
     vertex  1.905590e+01  1.367000e+02  5.108578e+01
   endloop
 endfacet
 facet normal  0.000000e+00  1.000000e+00  0.000000e+00
   outer loop
     vertex  4.650000e+01  1.367000e+02  4.325000e+01
     vertex  1.905590e+01  1.367000e+02  5.108578e+01
     vertex  1.908020e+01  1.367000e+02  5.114253e+01
   endloop
 endfacet
 facet normal  0.000000e+00  1.000000e+00  0.000000e+00
   outer loop
     vertex  4.650000e+01  1.367000e+02  4.325000e+01
     vertex  1.908020e+01  1.367000e+02  5.114253e+01
     vertex  1.910294e+01  1.367000e+02  5.119992e+01
   endloop
 endfacet
 facet normal  0.000000e+00  1.000000e+00  0.000000e+00
   outer loop
     vertex  4.650000e+01  1.367000e+02  4.325000e+01
     vertex  1.910294e+01  1.367000e+02  5.119992e+01
     vertex  1.912410e+01  1.367000e+02  5.125791e+01
   endloop
 endfacet
 facet normal  0.000000e+00  1.000000e+00  0.000000e+00
   outer loop
     vertex  4.650000e+01  1.367000e+02  4.325000e+01
     vertex  1.912410e+01  1.367000e+02  5.125791e+01
     vertex  1.914366e+01  1.367000e+02  5.131646e+01
   endloop
 endfacet
 facet normal  0.000000e+00  1.000000e+00  0.000000e+00
   outer loop
     vertex  4.650000e+01  1.367000e+02  4.325000e+01
     vertex  1.914366e+01  1.367000e+02  5.131646e+01
     vertex  1.916161e+01  1.367000e+02  5.137553e+01
   endloop
 endfacet
 facet normal  0.000000e+00  1.000000e+00  0.000000e+00
   outer loop
     vertex  4.650000e+01  1.367000e+02  4.325000e+01
     vertex  1.916161e+01  1.367000e+02  5.137553e+01
     vertex  1.917792e+01  1.367000e+02  5.143507e+01
   endloop
 endfacet
 facet normal  0.000000e+00  1.000000e+00  0.000000e+00
   outer loop
     vertex  4.650000e+01  1.367000e+02  4.325000e+01
     vertex  1.917792e+01  1.367000e+02  5.143507e+01
     vertex  1.919260e+01  1.367000e+02  5.149503e+01
   endloop
 endfacet
 facet normal  0.000000e+00  1.000000e+00  0.000000e+00
   outer loop
     vertex  4.650000e+01  1.367000e+02  4.325000e+01
     vertex  1.919260e+01  1.367000e+02  5.149503e+01
     vertex  1.920563e+01  1.367000e+02  5.155537e+01
   endloop
 endfacet
 facet normal  0.000000e+00  1.000000e+00  0.000000e+00
   outer loop
     vertex  4.650000e+01  1.367000e+02  4.325000e+01
     vertex  1.920563e+01  1.367000e+02  5.155537e+01
     vertex  1.921700e+01  1.367000e+02  5.161605e+01
   endloop
 endfacet
 facet normal  0.000000e+00  1.000000e+00  0.000000e+00
   outer loop
     vertex  4.650000e+01  1.367000e+02  4.325000e+01
     vertex  1.921700e+01  1.367000e+02  5.161605e+01
     vertex  1.922670e+01  1.367000e+02  5.167701e+01
   endloop
 endfacet
 facet normal  0.000000e+00  1.000000e+00  0.000000e+00
   outer loop
     vertex  4.650000e+01  1.367000e+02  4.325000e+01
     vertex  1.922670e+01  1.367000e+02  5.167701e+01
     vertex  1.923472e+01  1.367000e+02  5.173822e+01
   endloop
 endfacet
 facet normal  0.000000e+00  1.000000e+00  0.000000e+00
   outer loop
     vertex  4.650000e+01  1.367000e+02  4.325000e+01
     vertex  1.923472e+01  1.367000e+02  5.173822e+01
     vertex  1.924106e+01  1.367000e+02  5.179963e+01
   endloop
 endfacet
 facet normal  0.000000e+00  1.000000e+00  0.000000e+00
   outer loop
     vertex  4.650000e+01  1.367000e+02  4.325000e+01
     vertex  1.924106e+01  1.367000e+02  5.179963e+01
     vertex  1.924571e+01  1.367000e+02  5.186119e+01
   endloop
 endfacet
 facet normal  0.000000e+00  1.000000e+00  0.000000e+00
   outer loop
     vertex  4.650000e+01  1.367000e+02  4.325000e+01
     vertex  1.924571e+01  1.367000e+02  5.186119e+01
     vertex  1.924868e+01  1.367000e+02  5.192285e+01
   endloop
 endfacet
 facet normal  0.000000e+00  1.000000e+00  0.000000e+00
   outer loop
     vertex  4.650000e+01  1.367000e+02  4.325000e+01
     vertex  1.924868e+01  1.367000e+02  5.192285e+01
     vertex  1.924995e+01  1.367000e+02  5.198457e+01
   endloop
 endfacet
 facet normal  0.000000e+00  1.000000e+00  0.000000e+00
   outer loop
     vertex  4.650000e+01  1.367000e+02  4.325000e+01
     vertex  1.924995e+01  1.367000e+02  5.198457e+01
     vertex  1.924952e+01  1.367000e+02  5.204630e+01
   endloop
 endfacet
 facet normal  0.000000e+00  1.000000e+00  0.000000e+00
   outer loop
     vertex  4.650000e+01  1.367000e+02  4.325000e+01
     vertex  1.924952e+01  1.367000e+02  5.204630e+01
     vertex  1.924741e+01  1.367000e+02  5.210799e+01
   endloop
 endfacet
 facet normal  0.000000e+00  1.000000e+00  0.000000e+00
   outer loop
     vertex  4.650000e+01  1.367000e+02  6.200000e+01
     vertex  1.819987e+01  1.367000e+02  5.390337e+01
     vertex  1.814720e+01  1.367000e+02  5.393557e+01
   endloop
 endfacet
 facet normal  0.000000e+00  1.000000e+00  0.000000e+00
   outer loop
     vertex  4.650000e+01  1.367000e+02  6.200000e+01
     vertex  1.814720e+01  1.367000e+02  5.393557e+01
     vertex  1.809367e+01  1.367000e+02  5.396631e+01
   endloop
 endfacet
 facet normal  0.000000e+00  1.000000e+00  0.000000e+00
   outer loop
     vertex  4.650000e+01  1.367000e+02  6.200000e+01
     vertex  1.809367e+01  1.367000e+02  5.396631e+01
     vertex  1.803931e+01  1.367000e+02  5.399558e+01
   endloop
 endfacet
 facet normal  0.000000e+00  1.000000e+00  0.000000e+00
   outer loop
     vertex  4.650000e+01  1.367000e+02  6.200000e+01
     vertex  1.803931e+01  1.367000e+02  5.399558e+01
     vertex  1.798418e+01  1.367000e+02  5.402334e+01
   endloop
 endfacet
 facet normal  0.000000e+00  1.000000e+00  0.000000e+00
   outer loop
     vertex  4.650000e+01  1.367000e+02  6.200000e+01
     vertex  1.798418e+01  1.367000e+02  5.402334e+01
     vertex  1.792830e+01  1.367000e+02  5.404958e+01
   endloop
 endfacet
 facet normal  0.000000e+00  1.000000e+00  0.000000e+00
   outer loop
     vertex  4.650000e+01  1.367000e+02  6.200000e+01
     vertex  1.792830e+01  1.367000e+02  5.404958e+01
     vertex  1.787172e+01  1.367000e+02  5.407427e+01
   endloop
 endfacet
 facet normal  0.000000e+00  1.000000e+00  0.000000e+00
   outer loop
     vertex  4.650000e+01  1.367000e+02  6.200000e+01
     vertex  1.733825e+01  1.367000e+02  5.422443e+01
     vertex  0.000000e+00  1.367000e+02  6.200000e+01
   endloop
 endfacet
 facet normal  0.000000e+00  1.000000e+00  0.000000e+00
   outer loop
     vertex  4.650000e+01  1.367000e+02  6.200000e+01
     vertex  1.787172e+01  1.367000e+02  5.407427e+01
     vertex  1.781449e+01  1.367000e+02  5.409741e+01
   endloop
 endfacet
 facet normal  0.000000e+00  1.000000e+00  0.000000e+00
   outer loop
     vertex  4.650000e+01  1.367000e+02  6.200000e+01
     vertex  1.781449e+01  1.367000e+02  5.409741e+01
     vertex  1.775664e+01  1.367000e+02  5.411896e+01
   endloop
 endfacet
 facet normal  0.000000e+00  1.000000e+00  0.000000e+00
   outer loop
     vertex  4.650000e+01  1.367000e+02  6.200000e+01
     vertex  1.775664e+01  1.367000e+02  5.411896e+01
     vertex  1.769822e+01  1.367000e+02  5.413892e+01
   endloop
 endfacet
 facet normal  0.000000e+00  1.000000e+00  0.000000e+00
   outer loop
     vertex  4.650000e+01  1.367000e+02  6.200000e+01
     vertex  1.769822e+01  1.367000e+02  5.413892e+01
     vertex  1.763928e+01  1.367000e+02  5.415727e+01
   endloop
 endfacet
 facet normal  0.000000e+00  1.000000e+00  0.000000e+00
   outer loop
     vertex  4.650000e+01  1.367000e+02  6.200000e+01
     vertex  1.763928e+01  1.367000e+02  5.415727e+01
     vertex  1.757986e+01  1.367000e+02  5.417400e+01
   endloop
 endfacet
 facet normal  0.000000e+00  1.000000e+00  0.000000e+00
   outer loop
     vertex  4.650000e+01  1.367000e+02  6.200000e+01
     vertex  1.757986e+01  1.367000e+02  5.417400e+01
     vertex  1.752000e+01  1.367000e+02  5.418909e+01
   endloop
 endfacet
 facet normal  0.000000e+00  1.000000e+00  0.000000e+00
   outer loop
     vertex  4.650000e+01  1.367000e+02  6.200000e+01
     vertex  1.752000e+01  1.367000e+02  5.418909e+01
     vertex  1.745975e+01  1.367000e+02  5.420253e+01
   endloop
 endfacet
 facet normal  0.000000e+00  1.000000e+00  0.000000e+00
   outer loop
     vertex  4.650000e+01  1.367000e+02  6.200000e+01
     vertex  1.745975e+01  1.367000e+02  5.420253e+01
     vertex  1.739915e+01  1.367000e+02  5.421431e+01
   endloop
 endfacet
 facet normal  0.000000e+00  1.000000e+00  0.000000e+00
   outer loop
     vertex  4.650000e+01  1.367000e+02  6.200000e+01
     vertex  1.739915e+01  1.367000e+02  5.421431e+01
     vertex  1.733825e+01  1.367000e+02  5.422443e+01
   endloop
 endfacet
 facet normal  0.000000e+00  1.000000e+00  0.000000e+00
   outer loop
     vertex  4.650000e+01  1.367000e+02  6.200000e+01
     vertex  1.924741e+01  1.367000e+02  5.210799e+01
     vertex  1.924360e+01  1.367000e+02  5.216961e+01
   endloop
 endfacet
 facet normal  0.000000e+00  1.000000e+00  0.000000e+00
   outer loop
     vertex  4.650000e+01  1.367000e+02  6.200000e+01
     vertex  1.924360e+01  1.367000e+02  5.216961e+01
     vertex  1.923810e+01  1.367000e+02  5.223110e+01
   endloop
 endfacet
 facet normal  0.000000e+00  1.000000e+00  0.000000e+00
   outer loop
     vertex  4.650000e+01  1.367000e+02  6.200000e+01
     vertex  1.923810e+01  1.367000e+02  5.223110e+01
     vertex  1.923092e+01  1.367000e+02  5.229241e+01
   endloop
 endfacet
 facet normal  0.000000e+00  1.000000e+00  0.000000e+00
   outer loop
     vertex  4.650000e+01  1.367000e+02  6.200000e+01
     vertex  1.923092e+01  1.367000e+02  5.229241e+01
     vertex  1.922206e+01  1.367000e+02  5.235350e+01
   endloop
 endfacet
 facet normal  0.000000e+00  1.000000e+00  0.000000e+00
   outer loop
     vertex  4.650000e+01  1.367000e+02  6.200000e+01
     vertex  1.922206e+01  1.367000e+02  5.235350e+01
     vertex  1.921152e+01  1.367000e+02  5.241433e+01
   endloop
 endfacet
 facet normal  0.000000e+00  1.000000e+00  0.000000e+00
   outer loop
     vertex  4.650000e+01  1.367000e+02  6.200000e+01
     vertex  1.921152e+01  1.367000e+02  5.241433e+01
     vertex  1.919932e+01  1.367000e+02  5.247484e+01
   endloop
 endfacet
 facet normal  0.000000e+00  1.000000e+00  0.000000e+00
   outer loop
     vertex  4.650000e+01  1.367000e+02  6.200000e+01
     vertex  1.919932e+01  1.367000e+02  5.247484e+01
     vertex  1.918547e+01  1.367000e+02  5.253500e+01
   endloop
 endfacet
 facet normal  0.000000e+00  1.000000e+00  0.000000e+00
   outer loop
     vertex  4.650000e+01  1.367000e+02  6.200000e+01
     vertex  1.918547e+01  1.367000e+02  5.253500e+01
     vertex  1.916997e+01  1.367000e+02  5.259476e+01
   endloop
 endfacet
 facet normal  0.000000e+00  1.000000e+00  0.000000e+00
   outer loop
     vertex  4.650000e+01  1.367000e+02  6.200000e+01
     vertex  1.916997e+01  1.367000e+02  5.259476e+01
     vertex  1.915284e+01  1.367000e+02  5.265406e+01
   endloop
 endfacet
 facet normal  0.000000e+00  1.000000e+00  0.000000e+00
   outer loop
     vertex  4.650000e+01  1.367000e+02  6.200000e+01
     vertex  1.915284e+01  1.367000e+02  5.265406e+01
     vertex  1.913408e+01  1.367000e+02  5.271288e+01
   endloop
 endfacet
 facet normal  0.000000e+00  1.000000e+00  0.000000e+00
   outer loop
     vertex  4.650000e+01  1.367000e+02  6.200000e+01
     vertex  1.913408e+01  1.367000e+02  5.271288e+01
     vertex  1.911372e+01  1.367000e+02  5.277116e+01
   endloop
 endfacet
 facet normal  0.000000e+00  1.000000e+00  0.000000e+00
   outer loop
     vertex  4.650000e+01  1.367000e+02  6.200000e+01
     vertex  1.911372e+01  1.367000e+02  5.277116e+01
     vertex  1.909177e+01  1.367000e+02  5.282885e+01
   endloop
 endfacet
 facet normal  0.000000e+00  1.000000e+00  0.000000e+00
   outer loop
     vertex  4.650000e+01  1.367000e+02  6.200000e+01
     vertex  1.909177e+01  1.367000e+02  5.282885e+01
     vertex  1.906824e+01  1.367000e+02  5.288593e+01
   endloop
 endfacet
 facet normal  0.000000e+00  1.000000e+00  0.000000e+00
   outer loop
     vertex  4.650000e+01  1.367000e+02  6.200000e+01
     vertex  1.906824e+01  1.367000e+02  5.288593e+01
     vertex  1.904316e+01  1.367000e+02  5.294233e+01
   endloop
 endfacet
 facet normal  0.000000e+00  1.000000e+00  0.000000e+00
   outer loop
     vertex  4.650000e+01  1.367000e+02  6.200000e+01
     vertex  1.904316e+01  1.367000e+02  5.294233e+01
     vertex  1.901654e+01  1.367000e+02  5.299803e+01
   endloop
 endfacet
 facet normal  0.000000e+00  1.000000e+00  0.000000e+00
   outer loop
     vertex  4.650000e+01  1.367000e+02  6.200000e+01
     vertex  1.901654e+01  1.367000e+02  5.299803e+01
     vertex  1.898840e+01  1.367000e+02  5.305298e+01
   endloop
 endfacet
 facet normal  0.000000e+00  1.000000e+00  0.000000e+00
   outer loop
     vertex  4.650000e+01  1.367000e+02  6.200000e+01
     vertex  1.898840e+01  1.367000e+02  5.305298e+01
     vertex  1.895876e+01  1.367000e+02  5.310713e+01
   endloop
 endfacet
 facet normal  0.000000e+00  1.000000e+00  0.000000e+00
   outer loop
     vertex  4.650000e+01  1.367000e+02  6.200000e+01
     vertex  1.895876e+01  1.367000e+02  5.310713e+01
     vertex  1.892765e+01  1.367000e+02  5.316045e+01
   endloop
 endfacet
 facet normal  0.000000e+00  1.000000e+00  0.000000e+00
   outer loop
     vertex  4.650000e+01  1.367000e+02  6.200000e+01
     vertex  1.892765e+01  1.367000e+02  5.316045e+01
     vertex  1.889509e+01  1.367000e+02  5.321290e+01
   endloop
 endfacet
 facet normal  0.000000e+00  1.000000e+00  0.000000e+00
   outer loop
     vertex  4.650000e+01  1.367000e+02  6.200000e+01
     vertex  1.889509e+01  1.367000e+02  5.321290e+01
     vertex  1.886110e+01  1.367000e+02  5.326443e+01
   endloop
 endfacet
 facet normal  0.000000e+00  1.000000e+00  0.000000e+00
   outer loop
     vertex  4.650000e+01  1.367000e+02  6.200000e+01
     vertex  1.886110e+01  1.367000e+02  5.326443e+01
     vertex  1.882572e+01  1.367000e+02  5.331501e+01
   endloop
 endfacet
 facet normal  0.000000e+00  1.000000e+00  0.000000e+00
   outer loop
     vertex  4.650000e+01  1.367000e+02  6.200000e+01
     vertex  1.882572e+01  1.367000e+02  5.331501e+01
     vertex  1.878895e+01  1.367000e+02  5.336461e+01
   endloop
 endfacet
 facet normal  0.000000e+00  1.000000e+00  0.000000e+00
   outer loop
     vertex  4.650000e+01  1.367000e+02  6.200000e+01
     vertex  1.878895e+01  1.367000e+02  5.336461e+01
     vertex  1.875084e+01  1.367000e+02  5.341317e+01
   endloop
 endfacet
 facet normal  0.000000e+00  1.000000e+00  0.000000e+00
   outer loop
     vertex  4.650000e+01  1.367000e+02  6.200000e+01
     vertex  1.875084e+01  1.367000e+02  5.341317e+01
     vertex  1.871141e+01  1.367000e+02  5.346067e+01
   endloop
 endfacet
 facet normal  0.000000e+00  1.000000e+00  0.000000e+00
   outer loop
     vertex  4.650000e+01  1.367000e+02  6.200000e+01
     vertex  1.871141e+01  1.367000e+02  5.346067e+01
     vertex  1.867070e+01  1.367000e+02  5.350707e+01
   endloop
 endfacet
 facet normal  0.000000e+00  1.000000e+00  0.000000e+00
   outer loop
     vertex  4.650000e+01  1.367000e+02  6.200000e+01
     vertex  1.867070e+01  1.367000e+02  5.350707e+01
     vertex  1.862872e+01  1.367000e+02  5.355234e+01
   endloop
 endfacet
 facet normal  0.000000e+00  1.000000e+00  0.000000e+00
   outer loop
     vertex  4.650000e+01  1.367000e+02  6.200000e+01
     vertex  1.862872e+01  1.367000e+02  5.355234e+01
     vertex  1.858552e+01  1.367000e+02  5.359644e+01
   endloop
 endfacet
 facet normal  0.000000e+00  1.000000e+00  0.000000e+00
   outer loop
     vertex  4.650000e+01  1.367000e+02  6.200000e+01
     vertex  1.858552e+01  1.367000e+02  5.359644e+01
     vertex  1.854113e+01  1.367000e+02  5.363933e+01
   endloop
 endfacet
 facet normal  0.000000e+00  1.000000e+00  0.000000e+00
   outer loop
     vertex  4.650000e+01  1.367000e+02  6.200000e+01
     vertex  4.650000e+01  1.367000e+02  4.325000e+01
     vertex  1.924741e+01  1.367000e+02  5.210799e+01
   endloop
 endfacet
 facet normal  0.000000e+00  1.000000e+00  0.000000e+00
   outer loop
     vertex  4.650000e+01  1.367000e+02  6.200000e+01
     vertex  1.854113e+01  1.367000e+02  5.363933e+01
     vertex  1.849558e+01  1.367000e+02  5.368100e+01
   endloop
 endfacet
 facet normal  0.000000e+00  1.000000e+00  0.000000e+00
   outer loop
     vertex  4.650000e+01  1.367000e+02  6.200000e+01
     vertex  1.849558e+01  1.367000e+02  5.368100e+01
     vertex  1.844890e+01  1.367000e+02  5.372139e+01
   endloop
 endfacet
 facet normal  0.000000e+00  1.000000e+00  0.000000e+00
   outer loop
     vertex  4.650000e+01  1.367000e+02  6.200000e+01
     vertex  1.844890e+01  1.367000e+02  5.372139e+01
     vertex  1.840113e+01  1.367000e+02  5.376049e+01
   endloop
 endfacet
 facet normal  0.000000e+00  1.000000e+00  0.000000e+00
   outer loop
     vertex  4.650000e+01  1.367000e+02  6.200000e+01
     vertex  1.840113e+01  1.367000e+02  5.376049e+01
     vertex  1.835230e+01  1.367000e+02  5.379827e+01
   endloop
 endfacet
 facet normal  0.000000e+00  1.000000e+00  0.000000e+00
   outer loop
     vertex  4.650000e+01  1.367000e+02  6.200000e+01
     vertex  1.835230e+01  1.367000e+02  5.379827e+01
     vertex  1.830246e+01  1.367000e+02  5.383469e+01
   endloop
 endfacet
 facet normal  0.000000e+00  1.000000e+00  0.000000e+00
   outer loop
     vertex  4.650000e+01  1.367000e+02  6.200000e+01
     vertex  1.830246e+01  1.367000e+02  5.383469e+01
     vertex  1.825164e+01  1.367000e+02  5.386973e+01
   endloop
 endfacet
 facet normal  0.000000e+00  1.000000e+00  0.000000e+00
   outer loop
     vertex  4.650000e+01  1.367000e+02  6.200000e+01
     vertex  1.825164e+01  1.367000e+02  5.386973e+01
     vertex  1.819987e+01  1.367000e+02  5.390337e+01
   endloop
 endfacet
 facet normal  0.000000e+00  1.000000e+00  0.000000e+00
   outer loop
     vertex  4.650000e+01  1.367000e+02  4.325000e+01
     vertex  3.000000e+00  1.367000e+02  4.325000e+01
     vertex  1.730770e+01  1.367000e+02  4.977114e+01
   endloop
 endfacet
 facet normal  0.000000e+00  1.000000e+00  0.000000e+00
   outer loop
     vertex  4.650000e+01  1.367000e+02  4.325000e+01
     vertex  1.730770e+01  1.367000e+02  4.977114e+01
     vertex  1.736874e+01  1.367000e+02  4.978042e+01
   endloop
 endfacet
 facet normal  0.000000e+00  1.000000e+00  0.000000e+00
   outer loop
     vertex  4.650000e+01  1.367000e+02  4.325000e+01
     vertex  1.736874e+01  1.367000e+02  4.978042e+01
     vertex  1.742949e+01  1.367000e+02  4.979137e+01
   endloop
 endfacet
 facet normal  0.000000e+00  1.000000e+00  0.000000e+00
   outer loop
     vertex  4.650000e+01  1.367000e+02  4.325000e+01
     vertex  1.742949e+01  1.367000e+02  4.979137e+01
     vertex  1.748992e+01  1.367000e+02  4.980399e+01
   endloop
 endfacet
 facet normal  0.000000e+00  1.000000e+00  0.000000e+00
   outer loop
     vertex  4.650000e+01  1.367000e+02  4.325000e+01
     vertex  1.748992e+01  1.367000e+02  4.980399e+01
     vertex  1.754998e+01  1.367000e+02  4.981825e+01
   endloop
 endfacet
 facet normal  0.000000e+00  1.000000e+00  0.000000e+00
   outer loop
     vertex  4.650000e+01  1.367000e+02  4.325000e+01
     vertex  1.754998e+01  1.367000e+02  4.981825e+01
     vertex  1.760963e+01  1.367000e+02  4.983416e+01
   endloop
 endfacet
 facet normal -0.000000e+00  0.000000e+00 -1.000000e+00
   outer loop
     vertex  3.000000e+00  1.367000e+02  0.000000e+00
     vertex  0.000000e+00  0.000000e+00  0.000000e+00
     vertex  0.000000e+00  1.367000e+02  0.000000e+00
   endloop
 endfacet
 facet normal  0.000000e+00 -0.000000e+00 -1.000000e+00
   outer loop
     vertex  3.000000e+00  1.367000e+02  0.000000e+00
     vertex  3.000000e+00  0.000000e+00  0.000000e+00
     vertex  0.000000e+00  0.000000e+00  0.000000e+00
   endloop
 endfacet
 facet normal  1.000000e+00  0.000000e+00  0.000000e+00
   outer loop
     vertex  3.000000e+00  0.000000e+00  4.325000e+01
     vertex  3.000000e+00  0.000000e+00  0.000000e+00
     vertex  3.000000e+00  1.367000e+02  0.000000e+00
   endloop
 endfacet
 facet normal  1.000000e+00 -0.000000e+00  0.000000e+00
   outer loop
     vertex  3.000000e+00  0.000000e+00  4.325000e+01
     vertex  3.000000e+00  1.367000e+02  0.000000e+00
     vertex  3.000000e+00  1.367000e+02  4.325000e+01
   endloop
 endfacet
 facet normal -0.000000e+00  0.000000e+00 -1.000000e+00
   outer loop
     vertex  4.650000e+01  1.367000e+02  4.325000e+01
     vertex  3.000000e+00  0.000000e+00  4.325000e+01
     vertex  3.000000e+00  1.367000e+02  4.325000e+01
   endloop
 endfacet
 facet normal  0.000000e+00 -0.000000e+00 -1.000000e+00
   outer loop
     vertex  4.650000e+01  1.367000e+02  4.325000e+01
     vertex  4.650000e+01  0.000000e+00  4.325000e+01
     vertex  3.000000e+00  0.000000e+00  4.325000e+01
   endloop
 endfacet
 facet normal  1.000000e+00  0.000000e+00  0.000000e+00
   outer loop
     vertex  4.650000e+01  0.000000e+00  4.325000e+01
     vertex  4.650000e+01  1.367000e+02  4.325000e+01
     vertex  4.650000e+01  1.367000e+02  6.200000e+01
   endloop
 endfacet
 facet normal  1.000000e+00 -0.000000e+00  0.000000e+00
   outer loop
     vertex  4.650000e+01  0.000000e+00  6.200000e+01
     vertex  4.650000e+01  0.000000e+00  4.325000e+01
     vertex  4.650000e+01  1.367000e+02  6.200000e+01
   endloop
 endfacet
 facet normal -1.371831e-02  0.000000e+00 -9.999059e-01
   outer loop
     vertex  2.506173e+01  6.000000e+00  5.224915e+01
     vertex  2.500000e+01  0.000000e+00  5.225000e+01
     vertex  2.500000e+01  6.000000e+00  5.225000e+01
   endloop
 endfacet
 facet normal -1.371831e-02 -0.000000e+00 -9.999059e-01
   outer loop
     vertex  2.506173e+01  6.000000e+00  5.224915e+01
     vertex  2.506173e+01  0.000000e+00  5.224915e+01
     vertex  2.500000e+01  0.000000e+00  5.225000e+01
   endloop
 endfacet
 facet normal -4.114462e-02 -0.000000e+00 -9.991532e-01
   outer loop
     vertex  2.512341e+01  6.000000e+00  5.224661e+01
     vertex  2.512341e+01  0.000000e+00  5.224661e+01
     vertex  2.506173e+01  0.000000e+00  5.224915e+01
   endloop
 endfacet
 facet normal -4.114462e-02  0.000000e+00 -9.991532e-01
   outer loop
     vertex  2.512341e+01  6.000000e+00  5.224661e+01
     vertex  2.506173e+01  0.000000e+00  5.224915e+01
     vertex  2.506173e+01  6.000000e+00  5.224915e+01
   endloop
 endfacet
 facet normal -6.853995e-02 -0.000000e+00 -9.976484e-01
   outer loop
     vertex  2.518499e+01  6.000000e+00  5.224238e+01
     vertex  2.518499e+01  0.000000e+00  5.224238e+01
     vertex  2.512341e+01  0.000000e+00  5.224661e+01
   endloop
 endfacet
 facet normal -6.853995e-02  0.000000e+00 -9.976484e-01
   outer loop
     vertex  2.518499e+01  6.000000e+00  5.224238e+01
     vertex  2.512341e+01  0.000000e+00  5.224661e+01
     vertex  2.512341e+01  6.000000e+00  5.224661e+01
   endloop
 endfacet
 facet normal -9.588368e-02 -0.000000e+00 -9.953925e-01
   outer loop
     vertex  2.524644e+01  6.000000e+00  5.223646e+01
     vertex  2.524644e+01  0.000000e+00  5.223646e+01
     vertex  2.518499e+01  0.000000e+00  5.224238e+01
   endloop
 endfacet
 facet normal -9.588368e-02  0.000000e+00 -9.953925e-01
   outer loop
     vertex  2.524644e+01  6.000000e+00  5.223646e+01
     vertex  2.518499e+01  0.000000e+00  5.224238e+01
     vertex  2.518499e+01  6.000000e+00  5.224238e+01
   endloop
 endfacet
 facet normal -1.231552e-01 -0.000000e+00 -9.923874e-01
   outer loop
     vertex  2.530770e+01  6.000000e+00  5.222886e+01
     vertex  2.530770e+01  0.000000e+00  5.222886e+01
     vertex  2.524644e+01  0.000000e+00  5.223646e+01
   endloop
 endfacet
 facet normal -1.231552e-01  0.000000e+00 -9.923874e-01
   outer loop
     vertex  2.530770e+01  6.000000e+00  5.222886e+01
     vertex  2.524644e+01  0.000000e+00  5.223646e+01
     vertex  2.524644e+01  6.000000e+00  5.223646e+01
   endloop
 endfacet
 facet normal -1.503341e-01 -0.000000e+00 -9.886353e-01
   outer loop
     vertex  2.536874e+01  6.000000e+00  5.221958e+01
     vertex  2.536874e+01  0.000000e+00  5.221958e+01
     vertex  2.530770e+01  0.000000e+00  5.222886e+01
   endloop
 endfacet
 facet normal -1.773998e-01 -0.000000e+00 -9.841389e-01
   outer loop
     vertex  2.536874e+01  6.000000e+00  5.221958e+01
     vertex  2.542949e+01  0.000000e+00  5.220863e+01
     vertex  2.536874e+01  0.000000e+00  5.221958e+01
   endloop
 endfacet
 facet normal -1.503341e-01  0.000000e+00 -9.886353e-01
   outer loop
     vertex  2.536874e+01  6.000000e+00  5.221958e+01
     vertex  2.530770e+01  0.000000e+00  5.222886e+01
     vertex  2.530770e+01  6.000000e+00  5.222886e+01
   endloop
 endfacet
 facet normal -1.773998e-01 -0.000000e+00 -9.841389e-01
   outer loop
     vertex  2.542949e+01  6.000000e+00  5.220863e+01
     vertex  2.542949e+01  0.000000e+00  5.220863e+01
     vertex  2.536874e+01  6.000000e+00  5.221958e+01
   endloop
 endfacet
 facet normal -2.043319e-01 -0.000000e+00 -9.789017e-01
   outer loop
     vertex  2.548992e+01  6.000000e+00  5.219601e+01
     vertex  2.548992e+01  0.000000e+00  5.219601e+01
     vertex  2.542949e+01  0.000000e+00  5.220863e+01
   endloop
 endfacet
 facet normal -2.043319e-01  0.000000e+00 -9.789017e-01
   outer loop
     vertex  2.548992e+01  6.000000e+00  5.219601e+01
     vertex  2.542949e+01  0.000000e+00  5.220863e+01
     vertex  2.542949e+01  6.000000e+00  5.220863e+01
   endloop
 endfacet
 facet normal -2.311102e-01 -0.000000e+00 -9.729276e-01
   outer loop
     vertex  2.554998e+01  6.000000e+00  5.218175e+01
     vertex  2.554998e+01  0.000000e+00  5.218175e+01
     vertex  2.548992e+01  0.000000e+00  5.219601e+01
   endloop
 endfacet
 facet normal -2.311102e-01  0.000000e+00 -9.729276e-01
   outer loop
     vertex  2.554998e+01  6.000000e+00  5.218175e+01
     vertex  2.548992e+01  0.000000e+00  5.219601e+01
     vertex  2.548992e+01  6.000000e+00  5.219601e+01
   endloop
 endfacet
 facet normal -2.577146e-01  0.000000e+00 -9.662211e-01
   outer loop
     vertex  2.560963e+01  6.000000e+00  5.216584e+01
     vertex  2.554998e+01  0.000000e+00  5.218175e+01
     vertex  2.554998e+01  6.000000e+00  5.218175e+01
   endloop
 endfacet
 facet normal -2.577146e-01 -0.000000e+00 -9.662211e-01
   outer loop
     vertex  2.560963e+01  6.000000e+00  5.216584e+01
     vertex  2.560963e+01  0.000000e+00  5.216584e+01
     vertex  2.554998e+01  0.000000e+00  5.218175e+01
   endloop
 endfacet
 facet normal -2.841250e-01 -0.000000e+00 -9.587873e-01
   outer loop
     vertex  2.560963e+01  6.000000e+00  5.216584e+01
     vertex  2.566882e+01  0.000000e+00  5.214830e+01
     vertex  2.560963e+01  0.000000e+00  5.216584e+01
   endloop
 endfacet
 facet normal -2.841250e-01 -0.000000e+00 -9.587873e-01
   outer loop
     vertex  2.566882e+01  6.000000e+00  5.214830e+01
     vertex  2.566882e+01  0.000000e+00  5.214830e+01
     vertex  2.560963e+01  6.000000e+00  5.216584e+01
   endloop
 endfacet
 facet normal -3.103214e-01 -0.000000e+00 -9.506317e-01
   outer loop
     vertex  2.566882e+01  6.000000e+00  5.214830e+01
     vertex  2.572750e+01  0.000000e+00  5.212914e+01
     vertex  2.566882e+01  0.000000e+00  5.214830e+01
   endloop
 endfacet
 facet normal -3.103214e-01 -0.000000e+00 -9.506317e-01
   outer loop
     vertex  2.572750e+01  6.000000e+00  5.212914e+01
     vertex  2.572750e+01  0.000000e+00  5.212914e+01
     vertex  2.566882e+01  6.000000e+00  5.214830e+01
   endloop
 endfacet
 facet normal -3.362843e-01 -0.000000e+00 -9.417605e-01
   outer loop
     vertex  2.572750e+01  6.000000e+00  5.212914e+01
     vertex  2.578564e+01  0.000000e+00  5.210838e+01
     vertex  2.572750e+01  0.000000e+00  5.212914e+01
   endloop
 endfacet
 facet normal -3.362843e-01 -0.000000e+00 -9.417605e-01
   outer loop
     vertex  2.578564e+01  6.000000e+00  5.210838e+01
     vertex  2.578564e+01  0.000000e+00  5.210838e+01
     vertex  2.572750e+01  6.000000e+00  5.212914e+01
   endloop
 endfacet
 facet normal -3.619940e-01  0.000000e+00 -9.321804e-01
   outer loop
     vertex  2.584318e+01  6.000000e+00  5.208604e+01
     vertex  2.578564e+01  0.000000e+00  5.210838e+01
     vertex  2.578564e+01  6.000000e+00  5.210838e+01
   endloop
 endfacet
 facet normal -3.619940e-01 -0.000000e+00 -9.321804e-01
   outer loop
     vertex  2.584318e+01  6.000000e+00  5.208604e+01
     vertex  2.584318e+01  0.000000e+00  5.208604e+01
     vertex  2.578564e+01  0.000000e+00  5.210838e+01
   endloop
 endfacet
 facet normal -3.874313e-01  0.000000e+00 -9.218986e-01
   outer loop
     vertex  2.590009e+01  6.000000e+00  5.206212e+01
     vertex  2.584318e+01  0.000000e+00  5.208604e+01
     vertex  2.584318e+01  6.000000e+00  5.208604e+01
   endloop
 endfacet
 facet normal -3.874313e-01 -0.000000e+00 -9.218986e-01
   outer loop
     vertex  2.590009e+01  6.000000e+00  5.206212e+01
     vertex  2.590009e+01  0.000000e+00  5.206212e+01
     vertex  2.584318e+01  0.000000e+00  5.208604e+01
   endloop
 endfacet
 facet normal -4.125769e-01  0.000000e+00 -9.109228e-01
   outer loop
     vertex  2.595633e+01  6.000000e+00  5.203665e+01
     vertex  2.590009e+01  0.000000e+00  5.206212e+01
     vertex  2.590009e+01  6.000000e+00  5.206212e+01
   endloop
 endfacet
 facet normal -4.125769e-01 -0.000000e+00 -9.109228e-01
   outer loop
     vertex  2.595633e+01  6.000000e+00  5.203665e+01
     vertex  2.595633e+01  0.000000e+00  5.203665e+01
     vertex  2.590009e+01  0.000000e+00  5.206212e+01
   endloop
 endfacet
 facet normal -4.374119e-01  0.000000e+00 -8.992613e-01
   outer loop
     vertex  2.601184e+01  6.000000e+00  5.200965e+01
     vertex  2.595633e+01  0.000000e+00  5.203665e+01
     vertex  2.595633e+01  6.000000e+00  5.203665e+01
   endloop
 endfacet
 facet normal -4.374119e-01 -0.000000e+00 -8.992613e-01
   outer loop
     vertex  2.601184e+01  6.000000e+00  5.200965e+01
     vertex  2.601184e+01  0.000000e+00  5.200965e+01
     vertex  2.595633e+01  0.000000e+00  5.203665e+01
   endloop
 endfacet
 facet normal -4.619176e-01  0.000000e+00 -8.869228e-01
   outer loop
     vertex  2.606659e+01  6.000000e+00  5.198113e+01
     vertex  2.601184e+01  0.000000e+00  5.200965e+01
     vertex  2.601184e+01  6.000000e+00  5.200965e+01
   endloop
 endfacet
 facet normal -4.619176e-01 -0.000000e+00 -8.869228e-01
   outer loop
     vertex  2.606659e+01  6.000000e+00  5.198113e+01
     vertex  2.606659e+01  0.000000e+00  5.198113e+01
     vertex  2.601184e+01  0.000000e+00  5.200965e+01
   endloop
 endfacet
 facet normal -4.860756e-01  0.000000e+00 -8.739167e-01
   outer loop
     vertex  2.612054e+01  6.000000e+00  5.195112e+01
     vertex  2.606659e+01  0.000000e+00  5.198113e+01
     vertex  2.606659e+01  6.000000e+00  5.198113e+01
   endloop
 endfacet
 facet normal -4.860756e-01 -0.000000e+00 -8.739167e-01
   outer loop
     vertex  2.612054e+01  6.000000e+00  5.195112e+01
     vertex  2.612054e+01  0.000000e+00  5.195112e+01
     vertex  2.606659e+01  0.000000e+00  5.198113e+01
   endloop
 endfacet
 facet normal -5.098678e-01  0.000000e+00 -8.602528e-01
   outer loop
     vertex  2.617365e+01  6.000000e+00  5.191965e+01
     vertex  2.612054e+01  0.000000e+00  5.195112e+01
     vertex  2.612054e+01  6.000000e+00  5.195112e+01
   endloop
 endfacet
 facet normal -5.098678e-01 -0.000000e+00 -8.602528e-01
   outer loop
     vertex  2.617365e+01  6.000000e+00  5.191965e+01
     vertex  2.617365e+01  0.000000e+00  5.191965e+01
     vertex  2.612054e+01  0.000000e+00  5.195112e+01
   endloop
 endfacet
 facet normal -5.332761e-01  0.000000e+00 -8.459413e-01
   outer loop
     vertex  2.622587e+01  6.000000e+00  5.188673e+01
     vertex  2.617365e+01  0.000000e+00  5.191965e+01
     vertex  2.617365e+01  6.000000e+00  5.191965e+01
   endloop
 endfacet
 facet normal -5.332761e-01 -0.000000e+00 -8.459413e-01
   outer loop
     vertex  2.622587e+01  6.000000e+00  5.188673e+01
     vertex  2.622587e+01  0.000000e+00  5.188673e+01
     vertex  2.617365e+01  0.000000e+00  5.191965e+01
   endloop
 endfacet
 facet normal -5.562829e-01 -0.000000e+00 -8.309929e-01
   outer loop
     vertex  2.627717e+01  6.000000e+00  5.185239e+01
     vertex  2.627717e+01  0.000000e+00  5.185239e+01
     vertex  2.622587e+01  0.000000e+00  5.188673e+01
   endloop
 endfacet
 facet normal -5.562829e-01  0.000000e+00 -8.309929e-01
   outer loop
     vertex  2.627717e+01  6.000000e+00  5.185239e+01
     vertex  2.622587e+01  0.000000e+00  5.188673e+01
     vertex  2.622587e+01  6.000000e+00  5.188673e+01
   endloop
 endfacet
 facet normal -5.788711e-01 -0.000000e+00 -8.154191e-01
   outer loop
     vertex  2.632751e+01  6.000000e+00  5.181665e+01
     vertex  2.632751e+01  0.000000e+00  5.181665e+01
     vertex  2.627717e+01  0.000000e+00  5.185239e+01
   endloop
 endfacet
 facet normal -5.788711e-01  0.000000e+00 -8.154191e-01
   outer loop
     vertex  2.632751e+01  6.000000e+00  5.181665e+01
     vertex  2.627717e+01  0.000000e+00  5.185239e+01
     vertex  2.627717e+01  6.000000e+00  5.185239e+01
   endloop
 endfacet
 facet normal -6.010234e-01 -0.000000e+00 -7.992314e-01
   outer loop
     vertex  2.637684e+01  6.000000e+00  5.177955e+01
     vertex  2.637684e+01  0.000000e+00  5.177955e+01
     vertex  2.632751e+01  0.000000e+00  5.181665e+01
   endloop
 endfacet
 facet normal -6.010234e-01  0.000000e+00 -7.992314e-01
   outer loop
     vertex  2.637684e+01  6.000000e+00  5.177955e+01
     vertex  2.632751e+01  0.000000e+00  5.181665e+01
     vertex  2.632751e+01  6.000000e+00  5.181665e+01
   endloop
 endfacet
 facet normal -6.227234e-01 -0.000000e+00 -7.824421e-01
   outer loop
     vertex  2.642515e+01  6.000000e+00  5.174111e+01
     vertex  2.642515e+01  0.000000e+00  5.174111e+01
     vertex  2.637684e+01  0.000000e+00  5.177955e+01
   endloop
 endfacet
 facet normal -6.227234e-01  0.000000e+00 -7.824421e-01
   outer loop
     vertex  2.642515e+01  6.000000e+00  5.174111e+01
     vertex  2.637684e+01  0.000000e+00  5.177955e+01
     vertex  2.637684e+01  6.000000e+00  5.177955e+01
   endloop
 endfacet
 facet normal -6.439545e-01 -0.000000e+00 -7.650637e-01
   outer loop
     vertex  2.647238e+01  6.000000e+00  5.170136e+01
     vertex  2.647238e+01  0.000000e+00  5.170136e+01
     vertex  2.642515e+01  0.000000e+00  5.174111e+01
   endloop
 endfacet
 facet normal -6.439545e-01  0.000000e+00 -7.650637e-01
   outer loop
     vertex  2.647238e+01  6.000000e+00  5.170136e+01
     vertex  2.642515e+01  0.000000e+00  5.174111e+01
     vertex  2.642515e+01  6.000000e+00  5.174111e+01
   endloop
 endfacet
 facet normal -6.647010e-01 -0.000000e+00 -7.471095e-01
   outer loop
     vertex  2.651850e+01  6.000000e+00  5.166032e+01
     vertex  2.651850e+01  0.000000e+00  5.166032e+01
     vertex  2.647238e+01  0.000000e+00  5.170136e+01
   endloop
 endfacet
 facet normal -6.849470e-01 -0.000000e+00 -7.285929e-01
   outer loop
     vertex  2.651850e+01  6.000000e+00  5.166032e+01
     vertex  2.656347e+01  0.000000e+00  5.161804e+01
     vertex  2.651850e+01  0.000000e+00  5.166032e+01
   endloop
 endfacet
 facet normal -6.647010e-01  0.000000e+00 -7.471095e-01
   outer loop
     vertex  2.651850e+01  6.000000e+00  5.166032e+01
     vertex  2.647238e+01  0.000000e+00  5.170136e+01
     vertex  2.647238e+01  6.000000e+00  5.170136e+01
   endloop
 endfacet
 facet normal -6.849470e-01 -0.000000e+00 -7.285929e-01
   outer loop
     vertex  2.656347e+01  6.000000e+00  5.161804e+01
     vertex  2.656347e+01  0.000000e+00  5.161804e+01
     vertex  2.651850e+01  6.000000e+00  5.166032e+01
   endloop
 endfacet
 facet normal -7.046775e-01 -0.000000e+00 -7.095278e-01
   outer loop
     vertex  2.660728e+01  6.000000e+00  5.157454e+01
     vertex  2.660728e+01  0.000000e+00  5.157454e+01
     vertex  2.656347e+01  0.000000e+00  5.161804e+01
   endloop
 endfacet
 facet normal -7.238775e-01 -0.000000e+00 -6.899286e-01
   outer loop
     vertex  2.660728e+01  6.000000e+00  5.157454e+01
     vertex  2.664987e+01  0.000000e+00  5.152985e+01
     vertex  2.660728e+01  0.000000e+00  5.157454e+01
   endloop
 endfacet
 facet normal -7.046775e-01  0.000000e+00 -7.095278e-01
   outer loop
     vertex  2.660728e+01  6.000000e+00  5.157454e+01
     vertex  2.656347e+01  0.000000e+00  5.161804e+01
     vertex  2.656347e+01  6.000000e+00  5.161804e+01
   endloop
 endfacet
 facet normal -7.238775e-01 -0.000000e+00 -6.899286e-01
   outer loop
     vertex  2.664987e+01  6.000000e+00  5.152985e+01
     vertex  2.664987e+01  0.000000e+00  5.152985e+01
     vertex  2.660728e+01  6.000000e+00  5.157454e+01
   endloop
 endfacet
 facet normal -7.425325e-01 -0.000000e+00 -6.698100e-01
   outer loop
     vertex  2.669122e+01  6.000000e+00  5.148401e+01
     vertex  2.669122e+01  0.000000e+00  5.148401e+01
     vertex  2.664987e+01  0.000000e+00  5.152985e+01
   endloop
 endfacet
 facet normal -7.425325e-01  0.000000e+00 -6.698100e-01
   outer loop
     vertex  2.669122e+01  6.000000e+00  5.148401e+01
     vertex  2.664987e+01  0.000000e+00  5.152985e+01
     vertex  2.664987e+01  6.000000e+00  5.152985e+01
   endloop
 endfacet
 facet normal -7.606287e-01 -0.000000e+00 -6.491872e-01
   outer loop
     vertex  2.673129e+01  6.000000e+00  5.143706e+01
     vertex  2.673129e+01  0.000000e+00  5.143706e+01
     vertex  2.669122e+01  0.000000e+00  5.148401e+01
   endloop
 endfacet
 facet normal -7.781522e-01 -0.000000e+00 -6.280757e-01
   outer loop
     vertex  2.673129e+01  6.000000e+00  5.143706e+01
     vertex  2.677006e+01  0.000000e+00  5.138902e+01
     vertex  2.673129e+01  0.000000e+00  5.143706e+01
   endloop
 endfacet
 facet normal -7.606287e-01  0.000000e+00 -6.491872e-01
   outer loop
     vertex  2.673129e+01  6.000000e+00  5.143706e+01
     vertex  2.669122e+01  0.000000e+00  5.148401e+01
     vertex  2.669122e+01  6.000000e+00  5.148401e+01
   endloop
 endfacet
 facet normal -7.950900e-01 -0.000000e+00 -6.064915e-01
   outer loop
     vertex  2.677006e+01  6.000000e+00  5.138902e+01
     vertex  2.680750e+01  0.000000e+00  5.133994e+01
     vertex  2.677006e+01  0.000000e+00  5.138902e+01
   endloop
 endfacet
 facet normal -7.781522e-01 -0.000000e+00 -6.280757e-01
   outer loop
     vertex  2.677006e+01  6.000000e+00  5.138902e+01
     vertex  2.677006e+01  0.000000e+00  5.138902e+01
     vertex  2.673129e+01  6.000000e+00  5.143706e+01
   endloop
 endfacet
 facet normal -7.950900e-01 -0.000000e+00 -6.064915e-01
   outer loop
     vertex  2.680750e+01  6.000000e+00  5.133994e+01
     vertex  2.680750e+01  0.000000e+00  5.133994e+01
     vertex  2.677006e+01  6.000000e+00  5.138902e+01
   endloop
 endfacet
 facet normal -8.114292e-01  0.000000e+00 -5.844507e-01
   outer loop
     vertex  2.684358e+01  6.000000e+00  5.128984e+01
     vertex  2.680750e+01  0.000000e+00  5.133994e+01
     vertex  2.680750e+01  6.000000e+00  5.133994e+01
   endloop
 endfacet
 facet normal -8.114292e-01 -0.000000e+00 -5.844507e-01
   outer loop
     vertex  2.684358e+01  6.000000e+00  5.128984e+01
     vertex  2.684358e+01  0.000000e+00  5.128984e+01
     vertex  2.680750e+01  0.000000e+00  5.133994e+01
   endloop
 endfacet
 facet normal -8.271577e-01 -0.000000e+00 -5.619699e-01
   outer loop
     vertex  2.687828e+01  6.000000e+00  5.123878e+01
     vertex  2.687828e+01  0.000000e+00  5.123878e+01
     vertex  2.684358e+01  0.000000e+00  5.128984e+01
   endloop
 endfacet
 facet normal -8.271577e-01  0.000000e+00 -5.619699e-01
   outer loop
     vertex  2.687828e+01  6.000000e+00  5.123878e+01
     vertex  2.684358e+01  0.000000e+00  5.128984e+01
     vertex  2.684358e+01  6.000000e+00  5.128984e+01
   endloop
 endfacet
 facet normal -8.422635e-01  0.000000e+00 -5.390661e-01
   outer loop
     vertex  2.691155e+01  6.000000e+00  5.118679e+01
     vertex  2.687828e+01  0.000000e+00  5.123878e+01
     vertex  2.687828e+01  6.000000e+00  5.123878e+01
   endloop
 endfacet
 facet normal -8.422635e-01 -0.000000e+00 -5.390661e-01
   outer loop
     vertex  2.691155e+01  6.000000e+00  5.118679e+01
     vertex  2.691155e+01  0.000000e+00  5.118679e+01
     vertex  2.687828e+01  0.000000e+00  5.123878e+01
   endloop
 endfacet
 facet normal -8.567352e-01  0.000000e+00 -5.157565e-01
   outer loop
     vertex  2.694339e+01  6.000000e+00  5.113390e+01
     vertex  2.691155e+01  0.000000e+00  5.118679e+01
     vertex  2.691155e+01  6.000000e+00  5.118679e+01
   endloop
 endfacet
 facet normal -8.567352e-01 -0.000000e+00 -5.157565e-01
   outer loop
     vertex  2.694339e+01  6.000000e+00  5.113390e+01
     vertex  2.694339e+01  0.000000e+00  5.113390e+01
     vertex  2.691155e+01  0.000000e+00  5.118679e+01
   endloop
 endfacet
 facet normal -8.705620e-01  0.000000e+00 -4.920587e-01
   outer loop
     vertex  2.697377e+01  6.000000e+00  5.108016e+01
     vertex  2.694339e+01  0.000000e+00  5.113390e+01
     vertex  2.694339e+01  6.000000e+00  5.113390e+01
   endloop
 endfacet
 facet normal -8.705620e-01 -0.000000e+00 -4.920587e-01
   outer loop
     vertex  2.697377e+01  6.000000e+00  5.108016e+01
     vertex  2.697377e+01  0.000000e+00  5.108016e+01
     vertex  2.694339e+01  0.000000e+00  5.113390e+01
   endloop
 endfacet
 facet normal -8.837335e-01  0.000000e+00 -4.679904e-01
   outer loop
     vertex  2.700266e+01  6.000000e+00  5.102560e+01
     vertex  2.697377e+01  0.000000e+00  5.108016e+01
     vertex  2.697377e+01  6.000000e+00  5.108016e+01
   endloop
 endfacet
 facet normal -8.837335e-01 -0.000000e+00 -4.679904e-01
   outer loop
     vertex  2.700266e+01  6.000000e+00  5.102560e+01
     vertex  2.700266e+01  0.000000e+00  5.102560e+01
     vertex  2.697377e+01  0.000000e+00  5.108016e+01
   endloop
 endfacet
 facet normal -8.962398e-01  0.000000e+00 -4.435699e-01
   outer loop
     vertex  2.703004e+01  6.000000e+00  5.097027e+01
     vertex  2.700266e+01  0.000000e+00  5.102560e+01
     vertex  2.700266e+01  6.000000e+00  5.102560e+01
   endloop
 endfacet
 facet normal -8.962398e-01 -0.000000e+00 -4.435699e-01
   outer loop
     vertex  2.703004e+01  6.000000e+00  5.097027e+01
     vertex  2.703004e+01  0.000000e+00  5.097027e+01
     vertex  2.700266e+01  0.000000e+00  5.102560e+01
   endloop
 endfacet
 facet normal -9.080714e-01  0.000000e+00 -4.188155e-01
   outer loop
     vertex  2.705590e+01  6.000000e+00  5.091422e+01
     vertex  2.703004e+01  0.000000e+00  5.097027e+01
     vertex  2.703004e+01  6.000000e+00  5.097027e+01
   endloop
 endfacet
 facet normal -9.080714e-01 -0.000000e+00 -4.188155e-01
   outer loop
     vertex  2.705590e+01  6.000000e+00  5.091422e+01
     vertex  2.705590e+01  0.000000e+00  5.091422e+01
     vertex  2.703004e+01  0.000000e+00  5.097027e+01
   endloop
 endfacet
 facet normal -9.192194e-01  0.000000e+00 -3.937458e-01
   outer loop
     vertex  2.708020e+01  6.000000e+00  5.085747e+01
     vertex  2.705590e+01  0.000000e+00  5.091422e+01
     vertex  2.705590e+01  6.000000e+00  5.091422e+01
   endloop
 endfacet
 facet normal -9.192194e-01 -0.000000e+00 -3.937458e-01
   outer loop
     vertex  2.708020e+01  6.000000e+00  5.085747e+01
     vertex  2.708020e+01  0.000000e+00  5.085747e+01
     vertex  2.705590e+01  0.000000e+00  5.091422e+01
   endloop
 endfacet
 facet normal -9.296754e-01  0.000000e+00 -3.683796e-01
   outer loop
     vertex  2.710294e+01  6.000000e+00  5.080008e+01
     vertex  2.708020e+01  0.000000e+00  5.085747e+01
     vertex  2.708020e+01  6.000000e+00  5.085747e+01
   endloop
 endfacet
 facet normal -9.296754e-01 -0.000000e+00 -3.683796e-01
   outer loop
     vertex  2.710294e+01  6.000000e+00  5.080008e+01
     vertex  2.710294e+01  0.000000e+00  5.080008e+01
     vertex  2.708020e+01  0.000000e+00  5.085747e+01
   endloop
 endfacet
 facet normal -9.394317e-01 -0.000000e+00 -3.427362e-01
   outer loop
     vertex  2.710294e+01  6.000000e+00  5.080008e+01
     vertex  2.712410e+01  0.000000e+00  5.074209e+01
     vertex  2.710294e+01  0.000000e+00  5.080008e+01
   endloop
 endfacet
 facet normal -9.394317e-01 -0.000000e+00 -3.427362e-01
   outer loop
     vertex  2.712410e+01  6.000000e+00  5.074209e+01
     vertex  2.712410e+01  0.000000e+00  5.074209e+01
     vertex  2.710294e+01  6.000000e+00  5.080008e+01
   endloop
 endfacet
 facet normal -9.484807e-01  0.000000e+00 -3.168348e-01
   outer loop
     vertex  2.714366e+01  6.000000e+00  5.068354e+01
     vertex  2.712410e+01  0.000000e+00  5.074209e+01
     vertex  2.712410e+01  6.000000e+00  5.074209e+01
   endloop
 endfacet
 facet normal -9.484807e-01 -0.000000e+00 -3.168348e-01
   outer loop
     vertex  2.714366e+01  6.000000e+00  5.068354e+01
     vertex  2.714366e+01  0.000000e+00  5.068354e+01
     vertex  2.712410e+01  0.000000e+00  5.074209e+01
   endloop
 endfacet
 facet normal -9.568158e-01  0.000000e+00 -2.906949e-01
   outer loop
     vertex  2.716161e+01  6.000000e+00  5.062447e+01
     vertex  2.714366e+01  0.000000e+00  5.068354e+01
     vertex  2.714366e+01  6.000000e+00  5.068354e+01
   endloop
 endfacet
 facet normal -9.568158e-01 -0.000000e+00 -2.906949e-01
   outer loop
     vertex  2.716161e+01  6.000000e+00  5.062447e+01
     vertex  2.716161e+01  0.000000e+00  5.062447e+01
     vertex  2.714366e+01  0.000000e+00  5.068354e+01
   endloop
 endfacet
 facet normal -9.644306e-01  0.000000e+00 -2.643362e-01
   outer loop
     vertex  2.717792e+01  6.000000e+00  5.056493e+01
     vertex  2.716161e+01  0.000000e+00  5.062447e+01
     vertex  2.716161e+01  6.000000e+00  5.062447e+01
   endloop
 endfacet
 facet normal -9.644306e-01 -0.000000e+00 -2.643362e-01
   outer loop
     vertex  2.717792e+01  6.000000e+00  5.056493e+01
     vertex  2.717792e+01  0.000000e+00  5.056493e+01
     vertex  2.716161e+01  0.000000e+00  5.062447e+01
   endloop
 endfacet
 facet normal -9.713194e-01  0.000000e+00 -2.377784e-01
   outer loop
     vertex  2.719260e+01  6.000000e+00  5.050497e+01
     vertex  2.717792e+01  0.000000e+00  5.056493e+01
     vertex  2.717792e+01  6.000000e+00  5.056493e+01
   endloop
 endfacet
 facet normal -9.713194e-01 -0.000000e+00 -2.377784e-01
   outer loop
     vertex  2.719260e+01  6.000000e+00  5.050497e+01
     vertex  2.719260e+01  0.000000e+00  5.050497e+01
     vertex  2.717792e+01  0.000000e+00  5.056493e+01
   endloop
 endfacet
 facet normal -9.774771e-01  0.000000e+00 -2.110417e-01
   outer loop
     vertex  2.720563e+01  6.000000e+00  5.044463e+01
     vertex  2.719260e+01  0.000000e+00  5.050497e+01
     vertex  2.719260e+01  6.000000e+00  5.050497e+01
   endloop
 endfacet
 facet normal -9.774771e-01 -0.000000e+00 -2.110417e-01
   outer loop
     vertex  2.720563e+01  6.000000e+00  5.044463e+01
     vertex  2.720563e+01  0.000000e+00  5.044463e+01
     vertex  2.719260e+01  0.000000e+00  5.050497e+01
   endloop
 endfacet
 facet normal -9.828989e-01  0.000000e+00 -1.841461e-01
   outer loop
     vertex  2.721700e+01  6.000000e+00  5.038395e+01
     vertex  2.720563e+01  0.000000e+00  5.044463e+01
     vertex  2.720563e+01  6.000000e+00  5.044463e+01
   endloop
 endfacet
 facet normal -9.828989e-01 -0.000000e+00 -1.841461e-01
   outer loop
     vertex  2.721700e+01  6.000000e+00  5.038395e+01
     vertex  2.721700e+01  0.000000e+00  5.038395e+01
     vertex  2.720563e+01  0.000000e+00  5.044463e+01
   endloop
 endfacet
 facet normal -9.875808e-01 -0.000000e+00 -1.571119e-01
   outer loop
     vertex  2.721700e+01  6.000000e+00  5.038395e+01
     vertex  2.722670e+01  0.000000e+00  5.032299e+01
     vertex  2.721700e+01  0.000000e+00  5.038395e+01
   endloop
 endfacet
 facet normal -9.875808e-01 -0.000000e+00 -1.571119e-01
   outer loop
     vertex  2.722670e+01  6.000000e+00  5.032299e+01
     vertex  2.722670e+01  0.000000e+00  5.032299e+01
     vertex  2.721700e+01  6.000000e+00  5.038395e+01
   endloop
 endfacet
 facet normal -9.915193e-01 -0.000000e+00 -1.299594e-01
   outer loop
     vertex  2.722670e+01  6.000000e+00  5.032299e+01
     vertex  2.723472e+01  0.000000e+00  5.026178e+01
     vertex  2.722670e+01  0.000000e+00  5.032299e+01
   endloop
 endfacet
 facet normal -9.915193e-01 -0.000000e+00 -1.299594e-01
   outer loop
     vertex  2.723472e+01  6.000000e+00  5.026178e+01
     vertex  2.723472e+01  0.000000e+00  5.026178e+01
     vertex  2.722670e+01  6.000000e+00  5.032299e+01
   endloop
 endfacet
 facet normal -9.947114e-01  0.000000e+00 -1.027091e-01
   outer loop
     vertex  2.724106e+01  6.000000e+00  5.020037e+01
     vertex  2.723472e+01  0.000000e+00  5.026178e+01
     vertex  2.723472e+01  6.000000e+00  5.026178e+01
   endloop
 endfacet
 facet normal -9.947114e-01 -0.000000e+00 -1.027091e-01
   outer loop
     vertex  2.724106e+01  6.000000e+00  5.020037e+01
     vertex  2.724106e+01  0.000000e+00  5.020037e+01
     vertex  2.723472e+01  0.000000e+00  5.026178e+01
   endloop
 endfacet
 facet normal -9.971548e-01  0.000000e+00 -7.538152e-02
   outer loop
     vertex  2.724571e+01  6.000000e+00  5.013881e+01
     vertex  2.724106e+01  0.000000e+00  5.020037e+01
     vertex  2.724106e+01  6.000000e+00  5.020037e+01
   endloop
 endfacet
 facet normal -9.971548e-01 -0.000000e+00 -7.538152e-02
   outer loop
     vertex  2.724571e+01  6.000000e+00  5.013881e+01
     vertex  2.724571e+01  0.000000e+00  5.013881e+01
     vertex  2.724106e+01  0.000000e+00  5.020037e+01
   endloop
 endfacet
 facet normal -9.988475e-01  0.000000e+00 -4.799716e-02
   outer loop
     vertex  2.724868e+01  6.000000e+00  5.007715e+01
     vertex  2.724571e+01  0.000000e+00  5.013881e+01
     vertex  2.724571e+01  6.000000e+00  5.013881e+01
   endloop
 endfacet
 facet normal -9.988475e-01 -0.000000e+00 -4.799716e-02
   outer loop
     vertex  2.724868e+01  6.000000e+00  5.007715e+01
     vertex  2.724868e+01  0.000000e+00  5.007715e+01
     vertex  2.724571e+01  0.000000e+00  5.013881e+01
   endloop
 endfacet
 facet normal -9.997883e-01 -0.000000e+00 -2.057667e-02
   outer loop
     vertex  2.724995e+01  6.000000e+00  5.001543e+01
     vertex  2.724995e+01  0.000000e+00  5.001543e+01
     vertex  2.724868e+01  0.000000e+00  5.007715e+01
   endloop
 endfacet
 facet normal -9.997883e-01  0.000000e+00 -2.057667e-02
   outer loop
     vertex  2.724995e+01  6.000000e+00  5.001543e+01
     vertex  2.724868e+01  0.000000e+00  5.007715e+01
     vertex  2.724868e+01  6.000000e+00  5.007715e+01
   endloop
 endfacet
 facet normal -9.999765e-01  0.000000e+00  6.859319e-03
   outer loop
     vertex  2.724995e+01  6.000000e+00  5.001543e+01
     vertex  2.724952e+01  0.000000e+00  4.995370e+01
     vertex  2.724995e+01  0.000000e+00  5.001543e+01
   endloop
 endfacet
 facet normal -9.999765e-01  0.000000e+00  6.859319e-03
   outer loop
     vertex  2.724952e+01  6.000000e+00  4.995370e+01
     vertex  2.724952e+01  0.000000e+00  4.995370e+01
     vertex  2.724995e+01  6.000000e+00  5.001543e+01
   endloop
 endfacet
 facet normal -9.994119e-01  0.000000e+00  3.429014e-02
   outer loop
     vertex  2.724741e+01  6.000000e+00  4.989201e+01
     vertex  2.724741e+01  0.000000e+00  4.989201e+01
     vertex  2.724952e+01  0.000000e+00  4.995370e+01
   endloop
 endfacet
 facet normal -9.994119e-01  0.000000e+00  3.429014e-02
   outer loop
     vertex  2.724741e+01  6.000000e+00  4.989201e+01
     vertex  2.724952e+01  0.000000e+00  4.995370e+01
     vertex  2.724952e+01  6.000000e+00  4.995370e+01
   endloop
 endfacet
 facet normal -9.980950e-01  0.000000e+00  6.169515e-02
   outer loop
     vertex  2.724360e+01  6.000000e+00  4.983039e+01
     vertex  2.724360e+01  0.000000e+00  4.983039e+01
     vertex  2.724741e+01  0.000000e+00  4.989201e+01
   endloop
 endfacet
 facet normal -9.960268e-01  0.000000e+00  8.905371e-02
   outer loop
     vertex  2.724360e+01  6.000000e+00  4.983039e+01
     vertex  2.723810e+01  0.000000e+00  4.976890e+01
     vertex  2.724360e+01  0.000000e+00  4.983039e+01
   endloop
 endfacet
 facet normal -9.980950e-01  0.000000e+00  6.169515e-02
   outer loop
     vertex  2.724360e+01  6.000000e+00  4.983039e+01
     vertex  2.724741e+01  0.000000e+00  4.989201e+01
     vertex  2.724741e+01  6.000000e+00  4.989201e+01
   endloop
 endfacet
 facet normal -9.960268e-01  0.000000e+00  8.905371e-02
   outer loop
     vertex  2.723810e+01  6.000000e+00  4.976890e+01
     vertex  2.723810e+01  0.000000e+00  4.976890e+01
     vertex  2.724360e+01  6.000000e+00  4.983039e+01
   endloop
 endfacet
 facet normal -9.932088e-01  0.000000e+00  1.163452e-01
   outer loop
     vertex  2.723092e+01  6.000000e+00  4.970759e+01
     vertex  2.723810e+01  0.000000e+00  4.976890e+01
     vertex  2.723810e+01  6.000000e+00  4.976890e+01
   endloop
 endfacet
 facet normal -9.932088e-01  0.000000e+00  1.163452e-01
   outer loop
     vertex  2.723092e+01  6.000000e+00  4.970759e+01
     vertex  2.723092e+01  0.000000e+00  4.970759e+01
     vertex  2.723810e+01  0.000000e+00  4.976890e+01
   endloop
 endfacet
 facet normal -9.896432e-01  0.000000e+00  1.435492e-01
   outer loop
     vertex  2.722206e+01  6.000000e+00  4.964650e+01
     vertex  2.723092e+01  0.000000e+00  4.970759e+01
     vertex  2.723092e+01  6.000000e+00  4.970759e+01
   endloop
 endfacet
 facet normal -9.896432e-01  0.000000e+00  1.435492e-01
   outer loop
     vertex  2.722206e+01  6.000000e+00  4.964650e+01
     vertex  2.722206e+01  0.000000e+00  4.964650e+01
     vertex  2.723092e+01  0.000000e+00  4.970759e+01
   endloop
 endfacet
 facet normal -9.853326e-01  0.000000e+00  1.706451e-01
   outer loop
     vertex  2.722206e+01  6.000000e+00  4.964650e+01
     vertex  2.721152e+01  0.000000e+00  4.958567e+01
     vertex  2.722206e+01  0.000000e+00  4.964650e+01
   endloop
 endfacet
 facet normal -9.853326e-01  0.000000e+00  1.706451e-01
   outer loop
     vertex  2.721152e+01  6.000000e+00  4.958567e+01
     vertex  2.721152e+01  0.000000e+00  4.958567e+01
     vertex  2.722206e+01  6.000000e+00  4.964650e+01
   endloop
 endfacet
 facet normal -9.802802e-01  0.000000e+00  1.976125e-01
   outer loop
     vertex  2.719932e+01  6.000000e+00  4.952516e+01
     vertex  2.721152e+01  0.000000e+00  4.958567e+01
     vertex  2.721152e+01  6.000000e+00  4.958567e+01
   endloop
 endfacet
 facet normal -9.802802e-01  0.000000e+00  1.976125e-01
   outer loop
     vertex  2.719932e+01  6.000000e+00  4.952516e+01
     vertex  2.719932e+01  0.000000e+00  4.952516e+01
     vertex  2.721152e+01  0.000000e+00  4.958567e+01
   endloop
 endfacet
 facet normal -9.744899e-01  0.000000e+00  2.244312e-01
   outer loop
     vertex  2.718547e+01  6.000000e+00  4.946500e+01
     vertex  2.719932e+01  0.000000e+00  4.952516e+01
     vertex  2.719932e+01  6.000000e+00  4.952516e+01
   endloop
 endfacet
 facet normal -9.744899e-01  0.000000e+00  2.244312e-01
   outer loop
     vertex  2.718547e+01  6.000000e+00  4.946500e+01
     vertex  2.718547e+01  0.000000e+00  4.946500e+01
     vertex  2.719932e+01  0.000000e+00  4.952516e+01
   endloop
 endfacet
 facet normal -9.679661e-01  0.000000e+00  2.510809e-01
   outer loop
     vertex  2.718547e+01  6.000000e+00  4.946500e+01
     vertex  2.716997e+01  0.000000e+00  4.940524e+01
     vertex  2.718547e+01  0.000000e+00  4.946500e+01
   endloop
 endfacet
 facet normal -9.679661e-01  0.000000e+00  2.510809e-01
   outer loop
     vertex  2.716997e+01  6.000000e+00  4.940524e+01
     vertex  2.716997e+01  0.000000e+00  4.940524e+01
     vertex  2.718547e+01  6.000000e+00  4.946500e+01
   endloop
 endfacet
 facet normal -9.607136e-01  0.000000e+00  2.775416e-01
   outer loop
     vertex  2.715284e+01  6.000000e+00  4.934594e+01
     vertex  2.716997e+01  0.000000e+00  4.940524e+01
     vertex  2.716997e+01  6.000000e+00  4.940524e+01
   endloop
 endfacet
 facet normal -9.607136e-01  0.000000e+00  2.775416e-01
   outer loop
     vertex  2.715284e+01  6.000000e+00  4.934594e+01
     vertex  2.715284e+01  0.000000e+00  4.934594e+01
     vertex  2.716997e+01  0.000000e+00  4.940524e+01
   endloop
 endfacet
 facet normal -9.527379e-01  0.000000e+00  3.037934e-01
   outer loop
     vertex  2.713408e+01  6.000000e+00  4.928712e+01
     vertex  2.715284e+01  0.000000e+00  4.934594e+01
     vertex  2.715284e+01  6.000000e+00  4.934594e+01
   endloop
 endfacet
 facet normal -9.527379e-01  0.000000e+00  3.037934e-01
   outer loop
     vertex  2.713408e+01  6.000000e+00  4.928712e+01
     vertex  2.713408e+01  0.000000e+00  4.928712e+01
     vertex  2.715284e+01  0.000000e+00  4.934594e+01
   endloop
 endfacet
 facet normal -9.440450e-01  0.000000e+00  3.298166e-01
   outer loop
     vertex  2.711372e+01  6.000000e+00  4.922884e+01
     vertex  2.713408e+01  0.000000e+00  4.928712e+01
     vertex  2.713408e+01  6.000000e+00  4.928712e+01
   endloop
 endfacet
 facet normal -9.440450e-01  0.000000e+00  3.298166e-01
   outer loop
     vertex  2.711372e+01  6.000000e+00  4.922884e+01
     vertex  2.711372e+01  0.000000e+00  4.922884e+01
     vertex  2.713408e+01  0.000000e+00  4.928712e+01
   endloop
 endfacet
 facet normal -9.346415e-01  0.000000e+00  3.555914e-01
   outer loop
     vertex  2.711372e+01  6.000000e+00  4.922884e+01
     vertex  2.709177e+01  0.000000e+00  4.917115e+01
     vertex  2.711372e+01  0.000000e+00  4.922884e+01
   endloop
 endfacet
 facet normal -9.346415e-01  0.000000e+00  3.555914e-01
   outer loop
     vertex  2.709177e+01  6.000000e+00  4.917115e+01
     vertex  2.709177e+01  0.000000e+00  4.917115e+01
     vertex  2.711372e+01  6.000000e+00  4.922884e+01
   endloop
 endfacet
 facet normal -9.137314e-01  0.000000e+00  4.063188e-01
   outer loop
     vertex  2.706824e+01  6.000000e+00  4.911407e+01
     vertex  2.704316e+01  0.000000e+00  4.905767e+01
     vertex  2.706824e+01  0.000000e+00  4.911407e+01
   endloop
 endfacet
 facet normal -9.245344e-01  0.000000e+00  3.810986e-01
   outer loop
     vertex  2.706824e+01  6.000000e+00  4.911407e+01
     vertex  2.709177e+01  0.000000e+00  4.917115e+01
     vertex  2.709177e+01  6.000000e+00  4.917115e+01
   endloop
 endfacet
 facet normal -9.245344e-01  0.000000e+00  3.810986e-01
   outer loop
     vertex  2.706824e+01  6.000000e+00  4.911407e+01
     vertex  2.706824e+01  0.000000e+00  4.911407e+01
     vertex  2.709177e+01  0.000000e+00  4.917115e+01
   endloop
 endfacet
 facet normal -9.137314e-01  0.000000e+00  4.063188e-01
   outer loop
     vertex  2.704316e+01  6.000000e+00  4.905767e+01
     vertex  2.704316e+01  0.000000e+00  4.905767e+01
     vertex  2.706824e+01  6.000000e+00  4.911407e+01
   endloop
 endfacet
 facet normal -9.022405e-01  0.000000e+00  4.312333e-01
   outer loop
     vertex  2.701654e+01  6.000000e+00  4.900197e+01
     vertex  2.701654e+01  0.000000e+00  4.900197e+01
     vertex  2.704316e+01  0.000000e+00  4.905767e+01
   endloop
 endfacet
 facet normal -9.022405e-01  0.000000e+00  4.312333e-01
   outer loop
     vertex  2.701654e+01  6.000000e+00  4.900197e+01
     vertex  2.704316e+01  0.000000e+00  4.905767e+01
     vertex  2.704316e+01  6.000000e+00  4.905767e+01
   endloop
 endfacet
 facet normal -8.900704e-01  0.000000e+00  4.558231e-01
   outer loop
     vertex  2.698840e+01  6.000000e+00  4.894702e+01
     vertex  2.698840e+01  0.000000e+00  4.894702e+01
     vertex  2.701654e+01  0.000000e+00  4.900197e+01
   endloop
 endfacet
 facet normal -8.772303e-01  0.000000e+00  4.800697e-01
   outer loop
     vertex  2.698840e+01  6.000000e+00  4.894702e+01
     vertex  2.695876e+01  0.000000e+00  4.889287e+01
     vertex  2.698840e+01  0.000000e+00  4.894702e+01
   endloop
 endfacet
 facet normal -8.900704e-01  0.000000e+00  4.558231e-01
   outer loop
     vertex  2.698840e+01  6.000000e+00  4.894702e+01
     vertex  2.701654e+01  0.000000e+00  4.900197e+01
     vertex  2.701654e+01  6.000000e+00  4.900197e+01
   endloop
 endfacet
 facet normal -8.772303e-01  0.000000e+00  4.800697e-01
   outer loop
     vertex  2.695876e+01  6.000000e+00  4.889287e+01
     vertex  2.695876e+01  0.000000e+00  4.889287e+01
     vertex  2.698840e+01  6.000000e+00  4.894702e+01
   endloop
 endfacet
 facet normal -8.637299e-01  0.000000e+00  5.039550e-01
   outer loop
     vertex  2.692765e+01  6.000000e+00  4.883955e+01
     vertex  2.692765e+01  0.000000e+00  4.883955e+01
     vertex  2.695876e+01  0.000000e+00  4.889287e+01
   endloop
 endfacet
 facet normal -8.637299e-01  0.000000e+00  5.039550e-01
   outer loop
     vertex  2.692765e+01  6.000000e+00  4.883955e+01
     vertex  2.695876e+01  0.000000e+00  4.889287e+01
     vertex  2.695876e+01  6.000000e+00  4.889287e+01
   endloop
 endfacet
 facet normal -8.495793e-01  0.000000e+00  5.274609e-01
   outer loop
     vertex  2.689509e+01  6.000000e+00  4.878710e+01
     vertex  2.689509e+01  0.000000e+00  4.878710e+01
     vertex  2.692765e+01  0.000000e+00  4.883955e+01
   endloop
 endfacet
 facet normal -8.347891e-01  0.000000e+00  5.505698e-01
   outer loop
     vertex  2.689509e+01  6.000000e+00  4.878710e+01
     vertex  2.686110e+01  0.000000e+00  4.873557e+01
     vertex  2.689509e+01  0.000000e+00  4.878710e+01
   endloop
 endfacet
 facet normal -8.495793e-01  0.000000e+00  5.274609e-01
   outer loop
     vertex  2.689509e+01  6.000000e+00  4.878710e+01
     vertex  2.692765e+01  0.000000e+00  4.883955e+01
     vertex  2.692765e+01  6.000000e+00  4.883955e+01
   endloop
 endfacet
 facet normal -8.347891e-01  0.000000e+00  5.505698e-01
   outer loop
     vertex  2.686110e+01  6.000000e+00  4.873557e+01
     vertex  2.686110e+01  0.000000e+00  4.873557e+01
     vertex  2.689509e+01  6.000000e+00  4.878710e+01
   endloop
 endfacet
 facet normal -8.193706e-01  0.000000e+00  5.732642e-01
   outer loop
     vertex  2.682572e+01  6.000000e+00  4.868499e+01
     vertex  2.682572e+01  0.000000e+00  4.868499e+01
     vertex  2.686110e+01  0.000000e+00  4.873557e+01
   endloop
 endfacet
 facet normal -8.193706e-01  0.000000e+00  5.732642e-01
   outer loop
     vertex  2.682572e+01  6.000000e+00  4.868499e+01
     vertex  2.686110e+01  0.000000e+00  4.873557e+01
     vertex  2.686110e+01  6.000000e+00  4.873557e+01
   endloop
 endfacet
 facet normal -8.033352e-01  0.000000e+00  5.955271e-01
   outer loop
     vertex  2.678895e+01  6.000000e+00  4.863539e+01
     vertex  2.678895e+01  0.000000e+00  4.863539e+01
     vertex  2.682572e+01  0.000000e+00  4.868499e+01
   endloop
 endfacet
 facet normal -7.866951e-01  0.000000e+00  6.173417e-01
   outer loop
     vertex  2.678895e+01  6.000000e+00  4.863539e+01
     vertex  2.675084e+01  0.000000e+00  4.858683e+01
     vertex  2.678895e+01  0.000000e+00  4.863539e+01
   endloop
 endfacet
 facet normal -8.033352e-01  0.000000e+00  5.955271e-01
   outer loop
     vertex  2.678895e+01  6.000000e+00  4.863539e+01
     vertex  2.682572e+01  0.000000e+00  4.868499e+01
     vertex  2.682572e+01  6.000000e+00  4.868499e+01
   endloop
 endfacet
 facet normal -7.866951e-01  0.000000e+00  6.173417e-01
   outer loop
     vertex  2.675084e+01  6.000000e+00  4.858683e+01
     vertex  2.675084e+01  0.000000e+00  4.858683e+01
     vertex  2.678895e+01  6.000000e+00  4.863539e+01
   endloop
 endfacet
 facet normal -7.694628e-01  0.000000e+00  6.386916e-01
   outer loop
     vertex  2.671141e+01  6.000000e+00  4.853933e+01
     vertex  2.671141e+01  0.000000e+00  4.853933e+01
     vertex  2.675084e+01  0.000000e+00  4.858683e+01
   endloop
 endfacet
 facet normal -7.694628e-01  0.000000e+00  6.386916e-01
   outer loop
     vertex  2.671141e+01  6.000000e+00  4.853933e+01
     vertex  2.675084e+01  0.000000e+00  4.858683e+01
     vertex  2.675084e+01  6.000000e+00  4.858683e+01
   endloop
 endfacet
 facet normal -7.516513e-01  0.000000e+00  6.595607e-01
   outer loop
     vertex  2.667070e+01  6.000000e+00  4.849293e+01
     vertex  2.667070e+01  0.000000e+00  4.849293e+01
     vertex  2.671141e+01  0.000000e+00  4.853933e+01
   endloop
 endfacet
 facet normal -7.516513e-01  0.000000e+00  6.595607e-01
   outer loop
     vertex  2.667070e+01  6.000000e+00  4.849293e+01
     vertex  2.671141e+01  0.000000e+00  4.853933e+01
     vertex  2.671141e+01  6.000000e+00  4.853933e+01
   endloop
 endfacet
 facet normal -7.332740e-01  0.000000e+00  6.799333e-01
   outer loop
     vertex  2.662872e+01  6.000000e+00  4.844766e+01
     vertex  2.662872e+01  0.000000e+00  4.844766e+01
     vertex  2.667070e+01  0.000000e+00  4.849293e+01
   endloop
 endfacet
 facet normal -7.143447e-01  0.000000e+00  6.997940e-01
   outer loop
     vertex  2.662872e+01  6.000000e+00  4.844766e+01
     vertex  2.658552e+01  0.000000e+00  4.840356e+01
     vertex  2.662872e+01  0.000000e+00  4.844766e+01
   endloop
 endfacet
 facet normal -7.332740e-01  0.000000e+00  6.799333e-01
   outer loop
     vertex  2.662872e+01  6.000000e+00  4.844766e+01
     vertex  2.667070e+01  0.000000e+00  4.849293e+01
     vertex  2.667070e+01  6.000000e+00  4.849293e+01
   endloop
 endfacet
 facet normal -7.143447e-01  0.000000e+00  6.997940e-01
   outer loop
     vertex  2.658552e+01  6.000000e+00  4.840356e+01
     vertex  2.658552e+01  0.000000e+00  4.840356e+01
     vertex  2.662872e+01  6.000000e+00  4.844766e+01
   endloop
 endfacet
 facet normal -6.948776e-01  0.000000e+00  7.191280e-01
   outer loop
     vertex  2.658552e+01  6.000000e+00  4.840356e+01
     vertex  2.654113e+01  0.000000e+00  4.836067e+01
     vertex  2.658552e+01  0.000000e+00  4.840356e+01
   endloop
 endfacet
 facet normal -6.948776e-01  0.000000e+00  7.191280e-01
   outer loop
     vertex  2.654113e+01  6.000000e+00  4.836067e+01
     vertex  2.654113e+01  0.000000e+00  4.836067e+01
     vertex  2.658552e+01  6.000000e+00  4.840356e+01
   endloop
 endfacet
 facet normal -6.748875e-01  0.000000e+00  7.379206e-01
   outer loop
     vertex  2.654113e+01  6.000000e+00  4.836067e+01
     vertex  2.649558e+01  0.000000e+00  4.831900e+01
     vertex  2.654113e+01  0.000000e+00  4.836067e+01
   endloop
 endfacet
 facet normal -6.748875e-01  0.000000e+00  7.379206e-01
   outer loop
     vertex  2.649558e+01  6.000000e+00  4.831900e+01
     vertex  2.649558e+01  0.000000e+00  4.831900e+01
     vertex  2.654113e+01  6.000000e+00  4.836067e+01
   endloop
 endfacet
 facet normal -6.543893e-01  0.000000e+00  7.561578e-01
   outer loop
     vertex  2.644890e+01  6.000000e+00  4.827861e+01
     vertex  2.649558e+01  0.000000e+00  4.831900e+01
     vertex  2.649558e+01  6.000000e+00  4.831900e+01
   endloop
 endfacet
 facet normal -6.543893e-01  0.000000e+00  7.561578e-01
   outer loop
     vertex  2.644890e+01  6.000000e+00  4.827861e+01
     vertex  2.644890e+01  0.000000e+00  4.827861e+01
     vertex  2.649558e+01  0.000000e+00  4.831900e+01
   endloop
 endfacet
 facet normal -6.333986e-01  0.000000e+00  7.738257e-01
   outer loop
     vertex  2.644890e+01  6.000000e+00  4.827861e+01
     vertex  2.640113e+01  0.000000e+00  4.823951e+01
     vertex  2.644890e+01  0.000000e+00  4.827861e+01
   endloop
 endfacet
 facet normal -6.333986e-01  0.000000e+00  7.738257e-01
   outer loop
     vertex  2.640113e+01  6.000000e+00  4.823951e+01
     vertex  2.640113e+01  0.000000e+00  4.823951e+01
     vertex  2.644890e+01  6.000000e+00  4.827861e+01
   endloop
 endfacet
 facet normal -6.119310e-01  0.000000e+00  7.909112e-01
   outer loop
     vertex  2.635230e+01  6.000000e+00  4.820173e+01
     vertex  2.635230e+01  0.000000e+00  4.820173e+01
     vertex  2.640113e+01  0.000000e+00  4.823951e+01
   endloop
 endfacet
 facet normal -6.119310e-01  0.000000e+00  7.909112e-01
   outer loop
     vertex  2.635230e+01  6.000000e+00  4.820173e+01
     vertex  2.640113e+01  0.000000e+00  4.823951e+01
     vertex  2.640113e+01  6.000000e+00  4.823951e+01
   endloop
 endfacet
 facet normal -5.900028e-01  0.000000e+00  8.074012e-01
   outer loop
     vertex  2.630246e+01  6.000000e+00  4.816531e+01
     vertex  2.635230e+01  0.000000e+00  4.820173e+01
     vertex  2.635230e+01  6.000000e+00  4.820173e+01
   endloop
 endfacet
 facet normal -5.900028e-01  0.000000e+00  8.074012e-01
   outer loop
     vertex  2.630246e+01  6.000000e+00  4.816531e+01
     vertex  2.630246e+01  0.000000e+00  4.816531e+01
     vertex  2.635230e+01  0.000000e+00  4.820173e+01
   endloop
 endfacet
 facet normal -5.676304e-01  0.000000e+00  8.232835e-01
   outer loop
     vertex  2.630246e+01  6.000000e+00  4.816531e+01
     vertex  2.625164e+01  0.000000e+00  4.813027e+01
     vertex  2.630246e+01  0.000000e+00  4.816531e+01
   endloop
 endfacet
 facet normal -5.448308e-01  0.000000e+00  8.385460e-01
   outer loop
     vertex  2.625164e+01  6.000000e+00  4.813027e+01
     vertex  2.619987e+01  0.000000e+00  4.809663e+01
     vertex  2.625164e+01  0.000000e+00  4.813027e+01
   endloop
 endfacet
 facet normal -5.676304e-01  0.000000e+00  8.232835e-01
   outer loop
     vertex  2.625164e+01  6.000000e+00  4.813027e+01
     vertex  2.625164e+01  0.000000e+00  4.813027e+01
     vertex  2.630246e+01  6.000000e+00  4.816531e+01
   endloop
 endfacet
 facet normal -5.448308e-01  0.000000e+00  8.385460e-01
   outer loop
     vertex  2.619987e+01  6.000000e+00  4.809663e+01
     vertex  2.619987e+01  0.000000e+00  4.809663e+01
     vertex  2.625164e+01  6.000000e+00  4.813027e+01
   endloop
 endfacet
 facet normal -5.216210e-01  0.000000e+00  8.531773e-01
   outer loop
     vertex  2.614720e+01  6.000000e+00  4.806443e+01
     vertex  2.614720e+01  0.000000e+00  4.806443e+01
     vertex  2.619987e+01  0.000000e+00  4.809663e+01
   endloop
 endfacet
 facet normal -4.980186e-01  0.000000e+00  8.671664e-01
   outer loop
     vertex  2.614720e+01  6.000000e+00  4.806443e+01
     vertex  2.609367e+01  0.000000e+00  4.803369e+01
     vertex  2.614720e+01  0.000000e+00  4.806443e+01
   endloop
 endfacet
 facet normal -5.216210e-01  0.000000e+00  8.531773e-01
   outer loop
     vertex  2.614720e+01  6.000000e+00  4.806443e+01
     vertex  2.619987e+01  0.000000e+00  4.809663e+01
     vertex  2.619987e+01  6.000000e+00  4.809663e+01
   endloop
 endfacet
 facet normal -4.980186e-01  0.000000e+00  8.671664e-01
   outer loop
     vertex  2.609367e+01  6.000000e+00  4.803369e+01
     vertex  2.609367e+01  0.000000e+00  4.803369e+01
     vertex  2.614720e+01  6.000000e+00  4.806443e+01
   endloop
 endfacet
 facet normal -4.740412e-01  0.000000e+00  8.805026e-01
   outer loop
     vertex  2.603931e+01  6.000000e+00  4.800442e+01
     vertex  2.603931e+01  0.000000e+00  4.800442e+01
     vertex  2.609367e+01  0.000000e+00  4.803369e+01
   endloop
 endfacet
 facet normal -4.740412e-01  0.000000e+00  8.805026e-01
   outer loop
     vertex  2.603931e+01  6.000000e+00  4.800442e+01
     vertex  2.609367e+01  0.000000e+00  4.803369e+01
     vertex  2.609367e+01  6.000000e+00  4.803369e+01
   endloop
 endfacet
 facet normal -4.497071e-01  0.000000e+00  8.931761e-01
   outer loop
     vertex  2.598418e+01  6.000000e+00  4.797666e+01
     vertex  2.598418e+01  0.000000e+00  4.797666e+01
     vertex  2.603931e+01  0.000000e+00  4.800442e+01
   endloop
 endfacet
 facet normal -4.250344e-01  0.000000e+00  9.051772e-01
   outer loop
     vertex  2.598418e+01  6.000000e+00  4.797666e+01
     vertex  2.592830e+01  0.000000e+00  4.795042e+01
     vertex  2.598418e+01  0.000000e+00  4.797666e+01
   endloop
 endfacet
 facet normal -4.497071e-01  0.000000e+00  8.931761e-01
   outer loop
     vertex  2.598418e+01  6.000000e+00  4.797666e+01
     vertex  2.603931e+01  0.000000e+00  4.800442e+01
     vertex  2.603931e+01  6.000000e+00  4.800442e+01
   endloop
 endfacet
 facet normal -4.250344e-01  0.000000e+00  9.051772e-01
   outer loop
     vertex  2.592830e+01  6.000000e+00  4.795042e+01
     vertex  2.592830e+01  0.000000e+00  4.795042e+01
     vertex  2.598418e+01  6.000000e+00  4.797666e+01
   endloop
 endfacet
 facet normal -4.000417e-01  0.000000e+00  9.164969e-01
   outer loop
     vertex  2.587172e+01  6.000000e+00  4.792573e+01
     vertex  2.587172e+01  0.000000e+00  4.792573e+01
     vertex  2.592830e+01  0.000000e+00  4.795042e+01
   endloop
 endfacet
 facet normal -4.000417e-01  0.000000e+00  9.164969e-01
   outer loop
     vertex  2.587172e+01  6.000000e+00  4.792573e+01
     vertex  2.592830e+01  0.000000e+00  4.795042e+01
     vertex  2.592830e+01  6.000000e+00  4.795042e+01
   endloop
 endfacet
 facet normal -3.747479e-01  0.000000e+00  9.271267e-01
   outer loop
     vertex  2.581449e+01  6.000000e+00  4.790259e+01
     vertex  2.581449e+01  0.000000e+00  4.790259e+01
     vertex  2.587172e+01  0.000000e+00  4.792573e+01
   endloop
 endfacet
 facet normal -3.491720e-01  0.000000e+00  9.370586e-01
   outer loop
     vertex  2.581449e+01  6.000000e+00  4.790259e+01
     vertex  2.575664e+01  0.000000e+00  4.788104e+01
     vertex  2.581449e+01  0.000000e+00  4.790259e+01
   endloop
 endfacet
 facet normal -3.747479e-01  0.000000e+00  9.271267e-01
   outer loop
     vertex  2.581449e+01  6.000000e+00  4.790259e+01
     vertex  2.587172e+01  0.000000e+00  4.792573e+01
     vertex  2.587172e+01  6.000000e+00  4.792573e+01
   endloop
 endfacet
 facet normal -3.491720e-01  0.000000e+00  9.370586e-01
   outer loop
     vertex  2.575664e+01  6.000000e+00  4.788104e+01
     vertex  2.575664e+01  0.000000e+00  4.788104e+01
     vertex  2.581449e+01  6.000000e+00  4.790259e+01
   endloop
 endfacet
 facet normal -3.233333e-01  0.000000e+00  9.462851e-01
   outer loop
     vertex  2.569822e+01  6.000000e+00  4.786108e+01
     vertex  2.569822e+01  0.000000e+00  4.786108e+01
     vertex  2.575664e+01  0.000000e+00  4.788104e+01
   endloop
 endfacet
 facet normal -3.233333e-01  0.000000e+00  9.462851e-01
   outer loop
     vertex  2.569822e+01  6.000000e+00  4.786108e+01
     vertex  2.575664e+01  0.000000e+00  4.788104e+01
     vertex  2.575664e+01  6.000000e+00  4.788104e+01
   endloop
 endfacet
 facet normal -2.972512e-01  0.000000e+00  9.547993e-01
   outer loop
     vertex  2.563928e+01  6.000000e+00  4.784273e+01
     vertex  2.563928e+01  0.000000e+00  4.784273e+01
     vertex  2.569822e+01  0.000000e+00  4.786108e+01
   endloop
 endfacet
 facet normal -2.709453e-01  0.000000e+00  9.625948e-01
   outer loop
     vertex  2.563928e+01  6.000000e+00  4.784273e+01
     vertex  2.557986e+01  0.000000e+00  4.782600e+01
     vertex  2.563928e+01  0.000000e+00  4.784273e+01
   endloop
 endfacet
 facet normal -2.972512e-01  0.000000e+00  9.547993e-01
   outer loop
     vertex  2.563928e+01  6.000000e+00  4.784273e+01
     vertex  2.569822e+01  0.000000e+00  4.786108e+01
     vertex  2.569822e+01  6.000000e+00  4.786108e+01
   endloop
 endfacet
 facet normal -2.709453e-01  0.000000e+00  9.625948e-01
   outer loop
     vertex  2.557986e+01  6.000000e+00  4.782600e+01
     vertex  2.557986e+01  0.000000e+00  4.782600e+01
     vertex  2.563928e+01  6.000000e+00  4.784273e+01
   endloop
 endfacet
 facet normal -2.444354e-01  0.000000e+00  9.696656e-01
   outer loop
     vertex  2.552000e+01  6.000000e+00  4.781091e+01
     vertex  2.552000e+01  0.000000e+00  4.781091e+01
     vertex  2.557986e+01  0.000000e+00  4.782600e+01
   endloop
 endfacet
 facet normal -2.444354e-01  0.000000e+00  9.696656e-01
   outer loop
     vertex  2.552000e+01  6.000000e+00  4.781091e+01
     vertex  2.557986e+01  0.000000e+00  4.782600e+01
     vertex  2.557986e+01  6.000000e+00  4.782600e+01
   endloop
 endfacet
 facet normal -2.177416e-01  0.000000e+00  9.760065e-01
   outer loop
     vertex  2.545975e+01  6.000000e+00  4.779747e+01
     vertex  2.545975e+01  0.000000e+00  4.779747e+01
     vertex  2.552000e+01  0.000000e+00  4.781091e+01
   endloop
 endfacet
 facet normal -1.908838e-01  0.000000e+00  9.816126e-01
   outer loop
     vertex  2.545975e+01  6.000000e+00  4.779747e+01
     vertex  2.539915e+01  0.000000e+00  4.778569e+01
     vertex  2.545975e+01  0.000000e+00  4.779747e+01
   endloop
 endfacet
 facet normal -2.177416e-01  0.000000e+00  9.760065e-01
   outer loop
     vertex  2.545975e+01  6.000000e+00  4.779747e+01
     vertex  2.552000e+01  0.000000e+00  4.781091e+01
     vertex  2.552000e+01  6.000000e+00  4.781091e+01
   endloop
 endfacet
 facet normal -1.908838e-01  0.000000e+00  9.816126e-01
   outer loop
     vertex  2.539915e+01  6.000000e+00  4.778569e+01
     vertex  2.539915e+01  0.000000e+00  4.778569e+01
     vertex  2.545975e+01  6.000000e+00  4.779747e+01
   endloop
 endfacet
 facet normal -1.638824e-01  0.000000e+00  9.864799e-01
   outer loop
     vertex  2.533825e+01  6.000000e+00  4.777557e+01
     vertex  2.533825e+01  0.000000e+00  4.777557e+01
     vertex  2.539915e+01  0.000000e+00  4.778569e+01
   endloop
 endfacet
 facet normal -1.638824e-01  0.000000e+00  9.864799e-01
   outer loop
     vertex  2.533825e+01  6.000000e+00  4.777557e+01
     vertex  2.539915e+01  0.000000e+00  4.778569e+01
     vertex  2.539915e+01  6.000000e+00  4.778569e+01
   endloop
 endfacet
 facet normal -1.367575e-01  0.000000e+00  9.906046e-01
   outer loop
     vertex  2.527710e+01  6.000000e+00  4.776713e+01
     vertex  2.527710e+01  0.000000e+00  4.776713e+01
     vertex  2.533825e+01  0.000000e+00  4.777557e+01
   endloop
 endfacet
 facet normal -1.095298e-01  0.000000e+00  9.939835e-01
   outer loop
     vertex  2.527710e+01  6.000000e+00  4.776713e+01
     vertex  2.521574e+01  0.000000e+00  4.776037e+01
     vertex  2.527710e+01  0.000000e+00  4.776713e+01
   endloop
 endfacet
 facet normal -1.367575e-01  0.000000e+00  9.906046e-01
   outer loop
     vertex  2.527710e+01  6.000000e+00  4.776713e+01
     vertex  2.533825e+01  0.000000e+00  4.777557e+01
     vertex  2.533825e+01  6.000000e+00  4.777557e+01
   endloop
 endfacet
 facet normal -1.095298e-01  0.000000e+00  9.939835e-01
   outer loop
     vertex  2.521574e+01  6.000000e+00  4.776037e+01
     vertex  2.521574e+01  0.000000e+00  4.776037e+01
     vertex  2.527710e+01  6.000000e+00  4.776713e+01
   endloop
 endfacet
 facet normal -8.221955e-02  0.000000e+00  9.966142e-01
   outer loop
     vertex  2.515421e+01  6.000000e+00  4.775529e+01
     vertex  2.521574e+01  0.000000e+00  4.776037e+01
     vertex  2.521574e+01  6.000000e+00  4.776037e+01
   endloop
 endfacet
 facet normal -8.221955e-02  0.000000e+00  9.966142e-01
   outer loop
     vertex  2.515421e+01  6.000000e+00  4.775529e+01
     vertex  2.515421e+01  0.000000e+00  4.775529e+01
     vertex  2.521574e+01  0.000000e+00  4.776037e+01
   endloop
 endfacet
 facet normal -5.484744e-02  0.000000e+00  9.984947e-01
   outer loop
     vertex  2.515421e+01  6.000000e+00  4.775529e+01
     vertex  2.509258e+01  0.000000e+00  4.775191e+01
     vertex  2.515421e+01  0.000000e+00  4.775529e+01
   endloop
 endfacet
 facet normal -5.484744e-02  0.000000e+00  9.984947e-01
   outer loop
     vertex  2.509258e+01  6.000000e+00  4.775191e+01
     vertex  2.509258e+01  0.000000e+00  4.775191e+01
     vertex  2.515421e+01  6.000000e+00  4.775529e+01
   endloop
 endfacet
 facet normal -2.743405e-02  0.000000e+00  9.996236e-01
   outer loop
     vertex  2.509258e+01  6.000000e+00  4.775191e+01
     vertex  2.503087e+01  0.000000e+00  4.775021e+01
     vertex  2.509258e+01  0.000000e+00  4.775191e+01
   endloop
 endfacet
 facet normal -2.743405e-02  0.000000e+00  9.996236e-01
   outer loop
     vertex  2.503087e+01  6.000000e+00  4.775021e+01
     vertex  2.503087e+01  0.000000e+00  4.775021e+01
     vertex  2.509258e+01  6.000000e+00  4.775191e+01
   endloop
 endfacet
 facet normal  0.000000e+00  0.000000e+00  1.000000e+00
   outer loop
     vertex  2.503087e+01  6.000000e+00  4.775021e+01
     vertex  2.496913e+01  0.000000e+00  4.775021e+01
     vertex  2.503087e+01  0.000000e+00  4.775021e+01
   endloop
 endfacet
 facet normal -0.000000e+00  0.000000e+00  1.000000e+00
   outer loop
     vertex  2.496913e+01  6.000000e+00  4.775021e+01
     vertex  2.496913e+01  0.000000e+00  4.775021e+01
     vertex  2.503087e+01  6.000000e+00  4.775021e+01
   endloop
 endfacet
 facet normal  2.743405e-02  0.000000e+00  9.996236e-01
   outer loop
     vertex  2.490742e+01  6.000000e+00  4.775191e+01
     vertex  2.496913e+01  0.000000e+00  4.775021e+01
     vertex  2.496913e+01  6.000000e+00  4.775021e+01
   endloop
 endfacet
 facet normal  2.743405e-02  0.000000e+00  9.996236e-01
   outer loop
     vertex  2.490742e+01  6.000000e+00  4.775191e+01
     vertex  2.490742e+01  0.000000e+00  4.775191e+01
     vertex  2.496913e+01  0.000000e+00  4.775021e+01
   endloop
 endfacet
 facet normal  5.484744e-02  0.000000e+00  9.984947e-01
   outer loop
     vertex  2.484579e+01  6.000000e+00  4.775529e+01
     vertex  2.490742e+01  0.000000e+00  4.775191e+01
     vertex  2.490742e+01  6.000000e+00  4.775191e+01
   endloop
 endfacet
 facet normal  5.484744e-02  0.000000e+00  9.984947e-01
   outer loop
     vertex  2.484579e+01  6.000000e+00  4.775529e+01
     vertex  2.484579e+01  0.000000e+00  4.775529e+01
     vertex  2.490742e+01  0.000000e+00  4.775191e+01
   endloop
 endfacet
 facet normal  8.221955e-02  0.000000e+00  9.966142e-01
   outer loop
     vertex  2.478426e+01  6.000000e+00  4.776037e+01
     vertex  2.484579e+01  0.000000e+00  4.775529e+01
     vertex  2.484579e+01  6.000000e+00  4.775529e+01
   endloop
 endfacet
 facet normal  8.221955e-02  0.000000e+00  9.966142e-01
   outer loop
     vertex  2.478426e+01  6.000000e+00  4.776037e+01
     vertex  2.478426e+01  0.000000e+00  4.776037e+01
     vertex  2.484579e+01  0.000000e+00  4.775529e+01
   endloop
 endfacet
 facet normal  1.095298e-01  0.000000e+00  9.939835e-01
   outer loop
     vertex  2.478426e+01  6.000000e+00  4.776037e+01
     vertex  2.472290e+01  0.000000e+00  4.776713e+01
     vertex  2.478426e+01  0.000000e+00  4.776037e+01
   endloop
 endfacet
 facet normal  1.095298e-01  0.000000e+00  9.939835e-01
   outer loop
     vertex  2.472290e+01  6.000000e+00  4.776713e+01
     vertex  2.472290e+01  0.000000e+00  4.776713e+01
     vertex  2.478426e+01  6.000000e+00  4.776037e+01
   endloop
 endfacet
 facet normal  1.367575e-01  0.000000e+00  9.906046e-01
   outer loop
     vertex  2.472290e+01  6.000000e+00  4.776713e+01
     vertex  2.466175e+01  0.000000e+00  4.777557e+01
     vertex  2.472290e+01  0.000000e+00  4.776713e+01
   endloop
 endfacet
 facet normal  1.367575e-01  0.000000e+00  9.906046e-01
   outer loop
     vertex  2.466175e+01  6.000000e+00  4.777557e+01
     vertex  2.466175e+01  0.000000e+00  4.777557e+01
     vertex  2.472290e+01  6.000000e+00  4.776713e+01
   endloop
 endfacet
 facet normal  1.638824e-01  0.000000e+00  9.864799e-01
   outer loop
     vertex  2.466175e+01  6.000000e+00  4.777557e+01
     vertex  2.460085e+01  0.000000e+00  4.778569e+01
     vertex  2.466175e+01  0.000000e+00  4.777557e+01
   endloop
 endfacet
 facet normal  1.638824e-01  0.000000e+00  9.864799e-01
   outer loop
     vertex  2.460085e+01  6.000000e+00  4.778569e+01
     vertex  2.460085e+01  0.000000e+00  4.778569e+01
     vertex  2.466175e+01  6.000000e+00  4.777557e+01
   endloop
 endfacet
 facet normal  1.908838e-01  0.000000e+00  9.816126e-01
   outer loop
     vertex  2.454025e+01  6.000000e+00  4.779747e+01
     vertex  2.460085e+01  0.000000e+00  4.778569e+01
     vertex  2.460085e+01  6.000000e+00  4.778569e+01
   endloop
 endfacet
 facet normal  1.908838e-01  0.000000e+00  9.816126e-01
   outer loop
     vertex  2.454025e+01  6.000000e+00  4.779747e+01
     vertex  2.454025e+01  0.000000e+00  4.779747e+01
     vertex  2.460085e+01  0.000000e+00  4.778569e+01
   endloop
 endfacet
 facet normal  2.177416e-01  0.000000e+00  9.760065e-01
   outer loop
     vertex  2.454025e+01  6.000000e+00  4.779747e+01
     vertex  2.448000e+01  0.000000e+00  4.781091e+01
     vertex  2.454025e+01  0.000000e+00  4.779747e+01
   endloop
 endfacet
 facet normal  2.177416e-01  0.000000e+00  9.760065e-01
   outer loop
     vertex  2.448000e+01  6.000000e+00  4.781091e+01
     vertex  2.448000e+01  0.000000e+00  4.781091e+01
     vertex  2.454025e+01  6.000000e+00  4.779747e+01
   endloop
 endfacet
 facet normal  2.444354e-01  0.000000e+00  9.696656e-01
   outer loop
     vertex  2.442014e+01  6.000000e+00  4.782600e+01
     vertex  2.442014e+01  0.000000e+00  4.782600e+01
     vertex  2.448000e+01  0.000000e+00  4.781091e+01
   endloop
 endfacet
 facet normal  2.709453e-01  0.000000e+00  9.625948e-01
   outer loop
     vertex  2.442014e+01  6.000000e+00  4.782600e+01
     vertex  2.436072e+01  0.000000e+00  4.784273e+01
     vertex  2.442014e+01  0.000000e+00  4.782600e+01
   endloop
 endfacet
 facet normal  2.444354e-01  0.000000e+00  9.696656e-01
   outer loop
     vertex  2.442014e+01  6.000000e+00  4.782600e+01
     vertex  2.448000e+01  0.000000e+00  4.781091e+01
     vertex  2.448000e+01  6.000000e+00  4.781091e+01
   endloop
 endfacet
 facet normal  2.709453e-01  0.000000e+00  9.625948e-01
   outer loop
     vertex  2.436072e+01  6.000000e+00  4.784273e+01
     vertex  2.436072e+01  0.000000e+00  4.784273e+01
     vertex  2.442014e+01  6.000000e+00  4.782600e+01
   endloop
 endfacet
 facet normal  2.972512e-01  0.000000e+00  9.547993e-01
   outer loop
     vertex  2.430178e+01  6.000000e+00  4.786108e+01
     vertex  2.430178e+01  0.000000e+00  4.786108e+01
     vertex  2.436072e+01  0.000000e+00  4.784273e+01
   endloop
 endfacet
 facet normal  2.972512e-01  0.000000e+00  9.547993e-01
   outer loop
     vertex  2.430178e+01  6.000000e+00  4.786108e+01
     vertex  2.436072e+01  0.000000e+00  4.784273e+01
     vertex  2.436072e+01  6.000000e+00  4.784273e+01
   endloop
 endfacet
 facet normal  3.233333e-01  0.000000e+00  9.462851e-01
   outer loop
     vertex  2.424336e+01  6.000000e+00  4.788104e+01
     vertex  2.424336e+01  0.000000e+00  4.788104e+01
     vertex  2.430178e+01  0.000000e+00  4.786108e+01
   endloop
 endfacet
 facet normal  3.491720e-01  0.000000e+00  9.370586e-01
   outer loop
     vertex  2.424336e+01  6.000000e+00  4.788104e+01
     vertex  2.418551e+01  0.000000e+00  4.790259e+01
     vertex  2.424336e+01  0.000000e+00  4.788104e+01
   endloop
 endfacet
 facet normal  3.233333e-01  0.000000e+00  9.462851e-01
   outer loop
     vertex  2.424336e+01  6.000000e+00  4.788104e+01
     vertex  2.430178e+01  0.000000e+00  4.786108e+01
     vertex  2.430178e+01  6.000000e+00  4.786108e+01
   endloop
 endfacet
 facet normal  3.491720e-01  0.000000e+00  9.370586e-01
   outer loop
     vertex  2.418551e+01  6.000000e+00  4.790259e+01
     vertex  2.418551e+01  0.000000e+00  4.790259e+01
     vertex  2.424336e+01  6.000000e+00  4.788104e+01
   endloop
 endfacet
 facet normal  3.747479e-01  0.000000e+00  9.271267e-01
   outer loop
     vertex  2.412828e+01  6.000000e+00  4.792573e+01
     vertex  2.412828e+01  0.000000e+00  4.792573e+01
     vertex  2.418551e+01  0.000000e+00  4.790259e+01
   endloop
 endfacet
 facet normal  3.747479e-01  0.000000e+00  9.271267e-01
   outer loop
     vertex  2.412828e+01  6.000000e+00  4.792573e+01
     vertex  2.418551e+01  0.000000e+00  4.790259e+01
     vertex  2.418551e+01  6.000000e+00  4.790259e+01
   endloop
 endfacet
 facet normal  4.000417e-01  0.000000e+00  9.164969e-01
   outer loop
     vertex  2.407170e+01  6.000000e+00  4.795042e+01
     vertex  2.407170e+01  0.000000e+00  4.795042e+01
     vertex  2.412828e+01  0.000000e+00  4.792573e+01
   endloop
 endfacet
 facet normal  4.250344e-01  0.000000e+00  9.051772e-01
   outer loop
     vertex  2.407170e+01  6.000000e+00  4.795042e+01
     vertex  2.401582e+01  0.000000e+00  4.797666e+01
     vertex  2.407170e+01  0.000000e+00  4.795042e+01
   endloop
 endfacet
 facet normal  4.000417e-01  0.000000e+00  9.164969e-01
   outer loop
     vertex  2.407170e+01  6.000000e+00  4.795042e+01
     vertex  2.412828e+01  0.000000e+00  4.792573e+01
     vertex  2.412828e+01  6.000000e+00  4.792573e+01
   endloop
 endfacet
 facet normal  4.497071e-01  0.000000e+00  8.931761e-01
   outer loop
     vertex  2.401582e+01  6.000000e+00  4.797666e+01
     vertex  2.396069e+01  0.000000e+00  4.800442e+01
     vertex  2.401582e+01  0.000000e+00  4.797666e+01
   endloop
 endfacet
 facet normal  4.250344e-01  0.000000e+00  9.051772e-01
   outer loop
     vertex  2.401582e+01  6.000000e+00  4.797666e+01
     vertex  2.401582e+01  0.000000e+00  4.797666e+01
     vertex  2.407170e+01  6.000000e+00  4.795042e+01
   endloop
 endfacet
 facet normal  4.497071e-01  0.000000e+00  8.931761e-01
   outer loop
     vertex  2.396069e+01  6.000000e+00  4.800442e+01
     vertex  2.396069e+01  0.000000e+00  4.800442e+01
     vertex  2.401582e+01  6.000000e+00  4.797666e+01
   endloop
 endfacet
 facet normal  4.740412e-01  0.000000e+00  8.805026e-01
   outer loop
     vertex  2.390633e+01  6.000000e+00  4.803369e+01
     vertex  2.390633e+01  0.000000e+00  4.803369e+01
     vertex  2.396069e+01  0.000000e+00  4.800442e+01
   endloop
 endfacet
 facet normal  4.740412e-01  0.000000e+00  8.805026e-01
   outer loop
     vertex  2.390633e+01  6.000000e+00  4.803369e+01
     vertex  2.396069e+01  0.000000e+00  4.800442e+01
     vertex  2.396069e+01  6.000000e+00  4.800442e+01
   endloop
 endfacet
 facet normal  4.980186e-01  0.000000e+00  8.671664e-01
   outer loop
     vertex  2.385280e+01  6.000000e+00  4.806443e+01
     vertex  2.385280e+01  0.000000e+00  4.806443e+01
     vertex  2.390633e+01  0.000000e+00  4.803369e+01
   endloop
 endfacet
 facet normal  5.216210e-01  0.000000e+00  8.531773e-01
   outer loop
     vertex  2.385280e+01  6.000000e+00  4.806443e+01
     vertex  2.380013e+01  0.000000e+00  4.809663e+01
     vertex  2.385280e+01  0.000000e+00  4.806443e+01
   endloop
 endfacet
 facet normal  4.980186e-01  0.000000e+00  8.671664e-01
   outer loop
     vertex  2.385280e+01  6.000000e+00  4.806443e+01
     vertex  2.390633e+01  0.000000e+00  4.803369e+01
     vertex  2.390633e+01  6.000000e+00  4.803369e+01
   endloop
 endfacet
 facet normal  5.216210e-01  0.000000e+00  8.531773e-01
   outer loop
     vertex  2.380013e+01  6.000000e+00  4.809663e+01
     vertex  2.380013e+01  0.000000e+00  4.809663e+01
     vertex  2.385280e+01  6.000000e+00  4.806443e+01
   endloop
 endfacet
 facet normal  5.448308e-01  0.000000e+00  8.385460e-01
   outer loop
     vertex  2.374836e+01  6.000000e+00  4.813027e+01
     vertex  2.380013e+01  0.000000e+00  4.809663e+01
     vertex  2.380013e+01  6.000000e+00  4.809663e+01
   endloop
 endfacet
 facet normal  5.448308e-01  0.000000e+00  8.385460e-01
   outer loop
     vertex  2.374836e+01  6.000000e+00  4.813027e+01
     vertex  2.374836e+01  0.000000e+00  4.813027e+01
     vertex  2.380013e+01  0.000000e+00  4.809663e+01
   endloop
 endfacet
 facet normal  5.676304e-01  0.000000e+00  8.232835e-01
   outer loop
     vertex  2.374836e+01  6.000000e+00  4.813027e+01
     vertex  2.369754e+01  0.000000e+00  4.816531e+01
     vertex  2.374836e+01  0.000000e+00  4.813027e+01
   endloop
 endfacet
 facet normal  5.676304e-01  0.000000e+00  8.232835e-01
   outer loop
     vertex  2.369754e+01  6.000000e+00  4.816531e+01
     vertex  2.369754e+01  0.000000e+00  4.816531e+01
     vertex  2.374836e+01  6.000000e+00  4.813027e+01
   endloop
 endfacet
 facet normal  5.900028e-01  0.000000e+00  8.074012e-01
   outer loop
     vertex  2.369754e+01  6.000000e+00  4.816531e+01
     vertex  2.364770e+01  0.000000e+00  4.820173e+01
     vertex  2.369754e+01  0.000000e+00  4.816531e+01
   endloop
 endfacet
 facet normal  5.900028e-01  0.000000e+00  8.074012e-01
   outer loop
     vertex  2.364770e+01  6.000000e+00  4.820173e+01
     vertex  2.364770e+01  0.000000e+00  4.820173e+01
     vertex  2.369754e+01  6.000000e+00  4.816531e+01
   endloop
 endfacet
 facet normal  6.119310e-01  0.000000e+00  7.909112e-01
   outer loop
     vertex  2.359887e+01  6.000000e+00  4.823951e+01
     vertex  2.364770e+01  0.000000e+00  4.820173e+01
     vertex  2.364770e+01  6.000000e+00  4.820173e+01
   endloop
 endfacet
 facet normal  6.119310e-01  0.000000e+00  7.909112e-01
   outer loop
     vertex  2.359887e+01  6.000000e+00  4.823951e+01
     vertex  2.359887e+01  0.000000e+00  4.823951e+01
     vertex  2.364770e+01  0.000000e+00  4.820173e+01
   endloop
 endfacet
 facet normal  6.333986e-01  0.000000e+00  7.738257e-01
   outer loop
     vertex  2.359887e+01  6.000000e+00  4.823951e+01
     vertex  2.355110e+01  0.000000e+00  4.827861e+01
     vertex  2.359887e+01  0.000000e+00  4.823951e+01
   endloop
 endfacet
 facet normal  6.333986e-01  0.000000e+00  7.738257e-01
   outer loop
     vertex  2.355110e+01  6.000000e+00  4.827861e+01
     vertex  2.355110e+01  0.000000e+00  4.827861e+01
     vertex  2.359887e+01  6.000000e+00  4.823951e+01
   endloop
 endfacet
 facet normal  6.543893e-01  0.000000e+00  7.561578e-01
   outer loop
     vertex  2.350442e+01  6.000000e+00  4.831900e+01
     vertex  2.355110e+01  0.000000e+00  4.827861e+01
     vertex  2.355110e+01  6.000000e+00  4.827861e+01
   endloop
 endfacet
 facet normal  6.543893e-01  0.000000e+00  7.561578e-01
   outer loop
     vertex  2.350442e+01  6.000000e+00  4.831900e+01
     vertex  2.350442e+01  0.000000e+00  4.831900e+01
     vertex  2.355110e+01  0.000000e+00  4.827861e+01
   endloop
 endfacet
 facet normal  6.748875e-01  0.000000e+00  7.379206e-01
   outer loop
     vertex  2.350442e+01  6.000000e+00  4.831900e+01
     vertex  2.345887e+01  0.000000e+00  4.836067e+01
     vertex  2.350442e+01  0.000000e+00  4.831900e+01
   endloop
 endfacet
 facet normal  6.748875e-01  0.000000e+00  7.379206e-01
   outer loop
     vertex  2.345887e+01  6.000000e+00  4.836067e+01
     vertex  2.345887e+01  0.000000e+00  4.836067e+01
     vertex  2.350442e+01  6.000000e+00  4.831900e+01
   endloop
 endfacet
 facet normal  6.948776e-01  0.000000e+00  7.191280e-01
   outer loop
     vertex  2.345887e+01  6.000000e+00  4.836067e+01
     vertex  2.341448e+01  0.000000e+00  4.840356e+01
     vertex  2.345887e+01  0.000000e+00  4.836067e+01
   endloop
 endfacet
 facet normal  6.948776e-01  0.000000e+00  7.191280e-01
   outer loop
     vertex  2.341448e+01  6.000000e+00  4.840356e+01
     vertex  2.341448e+01  0.000000e+00  4.840356e+01
     vertex  2.345887e+01  6.000000e+00  4.836067e+01
   endloop
 endfacet
 facet normal  7.143447e-01  0.000000e+00  6.997940e-01
   outer loop
     vertex  2.341448e+01  6.000000e+00  4.840356e+01
     vertex  2.337128e+01  0.000000e+00  4.844766e+01
     vertex  2.341448e+01  0.000000e+00  4.840356e+01
   endloop
 endfacet
 facet normal  7.143447e-01  0.000000e+00  6.997940e-01
   outer loop
     vertex  2.337128e+01  6.000000e+00  4.844766e+01
     vertex  2.337128e+01  0.000000e+00  4.844766e+01
     vertex  2.341448e+01  6.000000e+00  4.840356e+01
   endloop
 endfacet
 facet normal  7.332740e-01  0.000000e+00  6.799333e-01
   outer loop
     vertex  2.332930e+01  6.000000e+00  4.849293e+01
     vertex  2.337128e+01  0.000000e+00  4.844766e+01
     vertex  2.337128e+01  6.000000e+00  4.844766e+01
   endloop
 endfacet
 facet normal  7.332740e-01  0.000000e+00  6.799333e-01
   outer loop
     vertex  2.332930e+01  6.000000e+00  4.849293e+01
     vertex  2.332930e+01  0.000000e+00  4.849293e+01
     vertex  2.337128e+01  0.000000e+00  4.844766e+01
   endloop
 endfacet
 facet normal  7.516513e-01  0.000000e+00  6.595607e-01
   outer loop
     vertex  2.328859e+01  6.000000e+00  4.853933e+01
     vertex  2.332930e+01  0.000000e+00  4.849293e+01
     vertex  2.332930e+01  6.000000e+00  4.849293e+01
   endloop
 endfacet
 facet normal  7.516513e-01  0.000000e+00  6.595607e-01
   outer loop
     vertex  2.328859e+01  6.000000e+00  4.853933e+01
     vertex  2.328859e+01  0.000000e+00  4.853933e+01
     vertex  2.332930e+01  0.000000e+00  4.849293e+01
   endloop
 endfacet
 facet normal  7.694628e-01  0.000000e+00  6.386916e-01
   outer loop
     vertex  2.328859e+01  6.000000e+00  4.853933e+01
     vertex  2.324916e+01  0.000000e+00  4.858683e+01
     vertex  2.328859e+01  0.000000e+00  4.853933e+01
   endloop
 endfacet
 facet normal  7.694628e-01  0.000000e+00  6.386916e-01
   outer loop
     vertex  2.324916e+01  6.000000e+00  4.858683e+01
     vertex  2.324916e+01  0.000000e+00  4.858683e+01
     vertex  2.328859e+01  6.000000e+00  4.853933e+01
   endloop
 endfacet
 facet normal  7.866951e-01  0.000000e+00  6.173417e-01
   outer loop
     vertex  2.321105e+01  6.000000e+00  4.863539e+01
     vertex  2.324916e+01  0.000000e+00  4.858683e+01
     vertex  2.324916e+01  6.000000e+00  4.858683e+01
   endloop
 endfacet
 facet normal  7.866951e-01  0.000000e+00  6.173417e-01
   outer loop
     vertex  2.321105e+01  6.000000e+00  4.863539e+01
     vertex  2.321105e+01  0.000000e+00  4.863539e+01
     vertex  2.324916e+01  0.000000e+00  4.858683e+01
   endloop
 endfacet
 facet normal  8.033352e-01  0.000000e+00  5.955271e-01
   outer loop
     vertex  2.321105e+01  6.000000e+00  4.863539e+01
     vertex  2.317428e+01  0.000000e+00  4.868499e+01
     vertex  2.321105e+01  0.000000e+00  4.863539e+01
   endloop
 endfacet
 facet normal  8.033352e-01  0.000000e+00  5.955271e-01
   outer loop
     vertex  2.317428e+01  6.000000e+00  4.868499e+01
     vertex  2.317428e+01  0.000000e+00  4.868499e+01
     vertex  2.321105e+01  6.000000e+00  4.863539e+01
   endloop
 endfacet
 facet normal  8.193706e-01  0.000000e+00  5.732642e-01
   outer loop
     vertex  2.317428e+01  6.000000e+00  4.868499e+01
     vertex  2.313890e+01  0.000000e+00  4.873557e+01
     vertex  2.317428e+01  0.000000e+00  4.868499e+01
   endloop
 endfacet
 facet normal  8.193706e-01  0.000000e+00  5.732642e-01
   outer loop
     vertex  2.313890e+01  6.000000e+00  4.873557e+01
     vertex  2.313890e+01  0.000000e+00  4.873557e+01
     vertex  2.317428e+01  6.000000e+00  4.868499e+01
   endloop
 endfacet
 facet normal  8.347891e-01  0.000000e+00  5.505698e-01
   outer loop
     vertex  2.313890e+01  6.000000e+00  4.873557e+01
     vertex  2.310491e+01  0.000000e+00  4.878710e+01
     vertex  2.313890e+01  0.000000e+00  4.873557e+01
   endloop
 endfacet
 facet normal  8.347891e-01  0.000000e+00  5.505698e-01
   outer loop
     vertex  2.310491e+01  6.000000e+00  4.878710e+01
     vertex  2.310491e+01  0.000000e+00  4.878710e+01
     vertex  2.313890e+01  6.000000e+00  4.873557e+01
   endloop
 endfacet
 facet normal  8.495793e-01  0.000000e+00  5.274609e-01
   outer loop
     vertex  2.307235e+01  6.000000e+00  4.883955e+01
     vertex  2.310491e+01  0.000000e+00  4.878710e+01
     vertex  2.310491e+01  6.000000e+00  4.878710e+01
   endloop
 endfacet
 facet normal  8.495793e-01  0.000000e+00  5.274609e-01
   outer loop
     vertex  2.307235e+01  6.000000e+00  4.883955e+01
     vertex  2.307235e+01  0.000000e+00  4.883955e+01
     vertex  2.310491e+01  0.000000e+00  4.878710e+01
   endloop
 endfacet
 facet normal  8.637299e-01  0.000000e+00  5.039550e-01
   outer loop
     vertex  2.307235e+01  6.000000e+00  4.883955e+01
     vertex  2.304124e+01  0.000000e+00  4.889287e+01
     vertex  2.307235e+01  0.000000e+00  4.883955e+01
   endloop
 endfacet
 facet normal  8.637299e-01  0.000000e+00  5.039550e-01
   outer loop
     vertex  2.304124e+01  6.000000e+00  4.889287e+01
     vertex  2.304124e+01  0.000000e+00  4.889287e+01
     vertex  2.307235e+01  6.000000e+00  4.883955e+01
   endloop
 endfacet
 facet normal  8.772303e-01  0.000000e+00  4.800697e-01
   outer loop
     vertex  2.301160e+01  6.000000e+00  4.894702e+01
     vertex  2.304124e+01  0.000000e+00  4.889287e+01
     vertex  2.304124e+01  6.000000e+00  4.889287e+01
   endloop
 endfacet
 facet normal  8.772303e-01  0.000000e+00  4.800697e-01
   outer loop
     vertex  2.301160e+01  6.000000e+00  4.894702e+01
     vertex  2.301160e+01  0.000000e+00  4.894702e+01
     vertex  2.304124e+01  0.000000e+00  4.889287e+01
   endloop
 endfacet
 facet normal  8.900704e-01  0.000000e+00  4.558231e-01
   outer loop
     vertex  2.301160e+01  6.000000e+00  4.894702e+01
     vertex  2.298346e+01  0.000000e+00  4.900197e+01
     vertex  2.301160e+01  0.000000e+00  4.894702e+01
   endloop
 endfacet
 facet normal  8.900704e-01  0.000000e+00  4.558231e-01
   outer loop
     vertex  2.298346e+01  6.000000e+00  4.900197e+01
     vertex  2.298346e+01  0.000000e+00  4.900197e+01
     vertex  2.301160e+01  6.000000e+00  4.894702e+01
   endloop
 endfacet
 facet normal  9.022405e-01  0.000000e+00  4.312333e-01
   outer loop
     vertex  2.295684e+01  6.000000e+00  4.905767e+01
     vertex  2.298346e+01  0.000000e+00  4.900197e+01
     vertex  2.298346e+01  6.000000e+00  4.900197e+01
   endloop
 endfacet
 facet normal  9.022405e-01  0.000000e+00  4.312333e-01
   outer loop
     vertex  2.295684e+01  6.000000e+00  4.905767e+01
     vertex  2.295684e+01  0.000000e+00  4.905767e+01
     vertex  2.298346e+01  0.000000e+00  4.900197e+01
   endloop
 endfacet
 facet normal  9.137314e-01  0.000000e+00  4.063188e-01
   outer loop
     vertex  2.293176e+01  6.000000e+00  4.911407e+01
     vertex  2.295684e+01  0.000000e+00  4.905767e+01
     vertex  2.295684e+01  6.000000e+00  4.905767e+01
   endloop
 endfacet
 facet normal  9.137314e-01  0.000000e+00  4.063188e-01
   outer loop
     vertex  2.293176e+01  6.000000e+00  4.911407e+01
     vertex  2.293176e+01  0.000000e+00  4.911407e+01
     vertex  2.295684e+01  0.000000e+00  4.905767e+01
   endloop
 endfacet
 facet normal  9.245344e-01  0.000000e+00  3.810986e-01
   outer loop
     vertex  2.293176e+01  6.000000e+00  4.911407e+01
     vertex  2.290823e+01  0.000000e+00  4.917115e+01
     vertex  2.293176e+01  0.000000e+00  4.911407e+01
   endloop
 endfacet
 facet normal  9.245344e-01  0.000000e+00  3.810986e-01
   outer loop
     vertex  2.290823e+01  6.000000e+00  4.917115e+01
     vertex  2.290823e+01  0.000000e+00  4.917115e+01
     vertex  2.293176e+01  6.000000e+00  4.911407e+01
   endloop
 endfacet
 facet normal  9.346415e-01  0.000000e+00  3.555914e-01
   outer loop
     vertex  2.288628e+01  6.000000e+00  4.922884e+01
     vertex  2.288628e+01  0.000000e+00  4.922884e+01
     vertex  2.290823e+01  0.000000e+00  4.917115e+01
   endloop
 endfacet
 facet normal  9.346415e-01  0.000000e+00  3.555914e-01
   outer loop
     vertex  2.288628e+01  6.000000e+00  4.922884e+01
     vertex  2.290823e+01  0.000000e+00  4.917115e+01
     vertex  2.290823e+01  6.000000e+00  4.917115e+01
   endloop
 endfacet
 facet normal  9.440450e-01  0.000000e+00  3.298166e-01
   outer loop
     vertex  2.286592e+01  6.000000e+00  4.928712e+01
     vertex  2.286592e+01  0.000000e+00  4.928712e+01
     vertex  2.288628e+01  0.000000e+00  4.922884e+01
   endloop
 endfacet
 facet normal  9.527379e-01  0.000000e+00  3.037934e-01
   outer loop
     vertex  2.286592e+01  6.000000e+00  4.928712e+01
     vertex  2.284716e+01  0.000000e+00  4.934594e+01
     vertex  2.286592e+01  0.000000e+00  4.928712e+01
   endloop
 endfacet
 facet normal  9.440450e-01  0.000000e+00  3.298166e-01
   outer loop
     vertex  2.286592e+01  6.000000e+00  4.928712e+01
     vertex  2.288628e+01  0.000000e+00  4.922884e+01
     vertex  2.288628e+01  6.000000e+00  4.922884e+01
   endloop
 endfacet
 facet normal  9.607136e-01  0.000000e+00  2.775416e-01
   outer loop
     vertex  2.284716e+01  6.000000e+00  4.934594e+01
     vertex  2.283003e+01  0.000000e+00  4.940524e+01
     vertex  2.284716e+01  0.000000e+00  4.934594e+01
   endloop
 endfacet
 facet normal  9.527379e-01  0.000000e+00  3.037934e-01
   outer loop
     vertex  2.284716e+01  6.000000e+00  4.934594e+01
     vertex  2.284716e+01  0.000000e+00  4.934594e+01
     vertex  2.286592e+01  6.000000e+00  4.928712e+01
   endloop
 endfacet
 facet normal  9.607136e-01  0.000000e+00  2.775416e-01
   outer loop
     vertex  2.283003e+01  6.000000e+00  4.940524e+01
     vertex  2.283003e+01  0.000000e+00  4.940524e+01
     vertex  2.284716e+01  6.000000e+00  4.934594e+01
   endloop
 endfacet
 facet normal  9.679661e-01  0.000000e+00  2.510809e-01
   outer loop
     vertex  2.281453e+01  6.000000e+00  4.946500e+01
     vertex  2.283003e+01  0.000000e+00  4.940524e+01
     vertex  2.283003e+01  6.000000e+00  4.940524e+01
   endloop
 endfacet
 facet normal  9.679661e-01  0.000000e+00  2.510809e-01
   outer loop
     vertex  2.281453e+01  6.000000e+00  4.946500e+01
     vertex  2.281453e+01  0.000000e+00  4.946500e+01
     vertex  2.283003e+01  0.000000e+00  4.940524e+01
   endloop
 endfacet
 facet normal  9.744899e-01  0.000000e+00  2.244312e-01
   outer loop
     vertex  2.281453e+01  6.000000e+00  4.946500e+01
     vertex  2.280068e+01  0.000000e+00  4.952516e+01
     vertex  2.281453e+01  0.000000e+00  4.946500e+01
   endloop
 endfacet
 facet normal  9.744899e-01  0.000000e+00  2.244312e-01
   outer loop
     vertex  2.280068e+01  6.000000e+00  4.952516e+01
     vertex  2.280068e+01  0.000000e+00  4.952516e+01
     vertex  2.281453e+01  6.000000e+00  4.946500e+01
   endloop
 endfacet
 facet normal  9.802802e-01  0.000000e+00  1.976125e-01
   outer loop
     vertex  2.278848e+01  6.000000e+00  4.958567e+01
     vertex  2.280068e+01  0.000000e+00  4.952516e+01
     vertex  2.280068e+01  6.000000e+00  4.952516e+01
   endloop
 endfacet
 facet normal  9.802802e-01  0.000000e+00  1.976125e-01
   outer loop
     vertex  2.278848e+01  6.000000e+00  4.958567e+01
     vertex  2.278848e+01  0.000000e+00  4.958567e+01
     vertex  2.280068e+01  0.000000e+00  4.952516e+01
   endloop
 endfacet
 facet normal  9.853326e-01  0.000000e+00  1.706451e-01
   outer loop
     vertex  2.278848e+01  6.000000e+00  4.958567e+01
     vertex  2.277794e+01  0.000000e+00  4.964650e+01
     vertex  2.278848e+01  0.000000e+00  4.958567e+01
   endloop
 endfacet
 facet normal  9.853326e-01  0.000000e+00  1.706451e-01
   outer loop
     vertex  2.277794e+01  6.000000e+00  4.964650e+01
     vertex  2.277794e+01  0.000000e+00  4.964650e+01
     vertex  2.278848e+01  6.000000e+00  4.958567e+01
   endloop
 endfacet
 facet normal  9.896432e-01  0.000000e+00  1.435492e-01
   outer loop
     vertex  2.277794e+01  6.000000e+00  4.964650e+01
     vertex  2.276908e+01  0.000000e+00  4.970759e+01
     vertex  2.277794e+01  0.000000e+00  4.964650e+01
   endloop
 endfacet
 facet normal  9.896432e-01  0.000000e+00  1.435492e-01
   outer loop
     vertex  2.276908e+01  6.000000e+00  4.970759e+01
     vertex  2.276908e+01  0.000000e+00  4.970759e+01
     vertex  2.277794e+01  6.000000e+00  4.964650e+01
   endloop
 endfacet
 facet normal  9.932088e-01  0.000000e+00  1.163452e-01
   outer loop
     vertex  2.276908e+01  6.000000e+00  4.970759e+01
     vertex  2.276190e+01  0.000000e+00  4.976890e+01
     vertex  2.276908e+01  0.000000e+00  4.970759e+01
   endloop
 endfacet
 facet normal  9.932088e-01  0.000000e+00  1.163452e-01
   outer loop
     vertex  2.276190e+01  6.000000e+00  4.976890e+01
     vertex  2.276190e+01  0.000000e+00  4.976890e+01
     vertex  2.276908e+01  6.000000e+00  4.970759e+01
   endloop
 endfacet
 facet normal  9.960268e-01  0.000000e+00  8.905371e-02
   outer loop
     vertex  2.275640e+01  6.000000e+00  4.983039e+01
     vertex  2.276190e+01  0.000000e+00  4.976890e+01
     vertex  2.276190e+01  6.000000e+00  4.976890e+01
   endloop
 endfacet
 facet normal  9.960268e-01  0.000000e+00  8.905371e-02
   outer loop
     vertex  2.275640e+01  6.000000e+00  4.983039e+01
     vertex  2.275640e+01  0.000000e+00  4.983039e+01
     vertex  2.276190e+01  0.000000e+00  4.976890e+01
   endloop
 endfacet
 facet normal  9.980950e-01  0.000000e+00  6.169515e-02
   outer loop
     vertex  2.275640e+01  6.000000e+00  4.983039e+01
     vertex  2.275259e+01  0.000000e+00  4.989201e+01
     vertex  2.275640e+01  0.000000e+00  4.983039e+01
   endloop
 endfacet
 facet normal  9.980950e-01  0.000000e+00  6.169515e-02
   outer loop
     vertex  2.275259e+01  6.000000e+00  4.989201e+01
     vertex  2.275259e+01  0.000000e+00  4.989201e+01
     vertex  2.275640e+01  6.000000e+00  4.983039e+01
   endloop
 endfacet
 facet normal  9.994119e-01  0.000000e+00  3.429014e-02
   outer loop
     vertex  2.275048e+01  6.000000e+00  4.995370e+01
     vertex  2.275259e+01  0.000000e+00  4.989201e+01
     vertex  2.275259e+01  6.000000e+00  4.989201e+01
   endloop
 endfacet
 facet normal  9.994119e-01  0.000000e+00  3.429014e-02
   outer loop
     vertex  2.275048e+01  6.000000e+00  4.995370e+01
     vertex  2.275048e+01  0.000000e+00  4.995370e+01
     vertex  2.275259e+01  0.000000e+00  4.989201e+01
   endloop
 endfacet
 facet normal  9.999765e-01  0.000000e+00  6.859319e-03
   outer loop
     vertex  2.275048e+01  6.000000e+00  4.995370e+01
     vertex  2.275005e+01  0.000000e+00  5.001543e+01
     vertex  2.275048e+01  0.000000e+00  4.995370e+01
   endloop
 endfacet
 facet normal  9.999765e-01  0.000000e+00  6.859319e-03
   outer loop
     vertex  2.275005e+01  6.000000e+00  5.001543e+01
     vertex  2.275005e+01  0.000000e+00  5.001543e+01
     vertex  2.275048e+01  6.000000e+00  4.995370e+01
   endloop
 endfacet
 facet normal  9.988475e-01  0.000000e+00 -4.799716e-02
   outer loop
     vertex  2.275132e+01  6.000000e+00  5.007715e+01
     vertex  2.275429e+01  0.000000e+00  5.013881e+01
     vertex  2.275132e+01  0.000000e+00  5.007715e+01
   endloop
 endfacet
 facet normal  9.997883e-01  0.000000e+00 -2.057667e-02
   outer loop
     vertex  2.275132e+01  6.000000e+00  5.007715e+01
     vertex  2.275005e+01  0.000000e+00  5.001543e+01
     vertex  2.275005e+01  6.000000e+00  5.001543e+01
   endloop
 endfacet
 facet normal  9.997883e-01  0.000000e+00 -2.057667e-02
   outer loop
     vertex  2.275132e+01  6.000000e+00  5.007715e+01
     vertex  2.275132e+01  0.000000e+00  5.007715e+01
     vertex  2.275005e+01  0.000000e+00  5.001543e+01
   endloop
 endfacet
 facet normal  9.988475e-01  0.000000e+00 -4.799716e-02
   outer loop
     vertex  2.275429e+01  6.000000e+00  5.013881e+01
     vertex  2.275429e+01  0.000000e+00  5.013881e+01
     vertex  2.275132e+01  6.000000e+00  5.007715e+01
   endloop
 endfacet
 facet normal  9.971548e-01  0.000000e+00 -7.538152e-02
   outer loop
     vertex  2.275894e+01  6.000000e+00  5.020037e+01
     vertex  2.275894e+01  0.000000e+00  5.020037e+01
     vertex  2.275429e+01  0.000000e+00  5.013881e+01
   endloop
 endfacet
 facet normal  9.971548e-01  0.000000e+00 -7.538152e-02
   outer loop
     vertex  2.275894e+01  6.000000e+00  5.020037e+01
     vertex  2.275429e+01  0.000000e+00  5.013881e+01
     vertex  2.275429e+01  6.000000e+00  5.013881e+01
   endloop
 endfacet
 facet normal  9.947114e-01  0.000000e+00 -1.027091e-01
   outer loop
     vertex  2.276528e+01  6.000000e+00  5.026178e+01
     vertex  2.276528e+01  0.000000e+00  5.026178e+01
     vertex  2.275894e+01  0.000000e+00  5.020037e+01
   endloop
 endfacet
 facet normal  9.947114e-01  0.000000e+00 -1.027091e-01
   outer loop
     vertex  2.276528e+01  6.000000e+00  5.026178e+01
     vertex  2.275894e+01  0.000000e+00  5.020037e+01
     vertex  2.275894e+01  6.000000e+00  5.020037e+01
   endloop
 endfacet
 facet normal  9.915193e-01  0.000000e+00 -1.299594e-01
   outer loop
     vertex  2.277330e+01  6.000000e+00  5.032299e+01
     vertex  2.277330e+01  0.000000e+00  5.032299e+01
     vertex  2.276528e+01  0.000000e+00  5.026178e+01
   endloop
 endfacet
 facet normal  9.915193e-01  0.000000e+00 -1.299594e-01
   outer loop
     vertex  2.277330e+01  6.000000e+00  5.032299e+01
     vertex  2.276528e+01  0.000000e+00  5.026178e+01
     vertex  2.276528e+01  6.000000e+00  5.026178e+01
   endloop
 endfacet
 facet normal  9.875808e-01  0.000000e+00 -1.571119e-01
   outer loop
     vertex  2.278300e+01  6.000000e+00  5.038395e+01
     vertex  2.278300e+01  0.000000e+00  5.038395e+01
     vertex  2.277330e+01  0.000000e+00  5.032299e+01
   endloop
 endfacet
 facet normal  9.828989e-01  0.000000e+00 -1.841461e-01
   outer loop
     vertex  2.278300e+01  6.000000e+00  5.038395e+01
     vertex  2.279437e+01  0.000000e+00  5.044463e+01
     vertex  2.278300e+01  0.000000e+00  5.038395e+01
   endloop
 endfacet
 facet normal  9.875808e-01  0.000000e+00 -1.571119e-01
   outer loop
     vertex  2.278300e+01  6.000000e+00  5.038395e+01
     vertex  2.277330e+01  0.000000e+00  5.032299e+01
     vertex  2.277330e+01  6.000000e+00  5.032299e+01
   endloop
 endfacet
 facet normal  9.774771e-01  0.000000e+00 -2.110417e-01
   outer loop
     vertex  2.279437e+01  6.000000e+00  5.044463e+01
     vertex  2.280740e+01  0.000000e+00  5.050497e+01
     vertex  2.279437e+01  0.000000e+00  5.044463e+01
   endloop
 endfacet
 facet normal  9.828989e-01  0.000000e+00 -1.841461e-01
   outer loop
     vertex  2.279437e+01  6.000000e+00  5.044463e+01
     vertex  2.279437e+01  0.000000e+00  5.044463e+01
     vertex  2.278300e+01  6.000000e+00  5.038395e+01
   endloop
 endfacet
 facet normal  9.713194e-01  0.000000e+00 -2.377784e-01
   outer loop
     vertex  2.280740e+01  6.000000e+00  5.050497e+01
     vertex  2.282208e+01  0.000000e+00  5.056493e+01
     vertex  2.280740e+01  0.000000e+00  5.050497e+01
   endloop
 endfacet
 facet normal  9.774771e-01  0.000000e+00 -2.110417e-01
   outer loop
     vertex  2.280740e+01  6.000000e+00  5.050497e+01
     vertex  2.280740e+01  0.000000e+00  5.050497e+01
     vertex  2.279437e+01  6.000000e+00  5.044463e+01
   endloop
 endfacet
 facet normal  9.644306e-01  0.000000e+00 -2.643362e-01
   outer loop
     vertex  2.282208e+01  6.000000e+00  5.056493e+01
     vertex  2.283839e+01  0.000000e+00  5.062447e+01
     vertex  2.282208e+01  0.000000e+00  5.056493e+01
   endloop
 endfacet
 facet normal  9.713194e-01  0.000000e+00 -2.377784e-01
   outer loop
     vertex  2.282208e+01  6.000000e+00  5.056493e+01
     vertex  2.282208e+01  0.000000e+00  5.056493e+01
     vertex  2.280740e+01  6.000000e+00  5.050497e+01
   endloop
 endfacet
 facet normal  9.644306e-01  0.000000e+00 -2.643362e-01
   outer loop
     vertex  2.283839e+01  6.000000e+00  5.062447e+01
     vertex  2.283839e+01  0.000000e+00  5.062447e+01
     vertex  2.282208e+01  6.000000e+00  5.056493e+01
   endloop
 endfacet
 facet normal  9.568158e-01  0.000000e+00 -2.906949e-01
   outer loop
     vertex  2.285634e+01  6.000000e+00  5.068354e+01
     vertex  2.285634e+01  0.000000e+00  5.068354e+01
     vertex  2.283839e+01  0.000000e+00  5.062447e+01
   endloop
 endfacet
 facet normal  9.568158e-01  0.000000e+00 -2.906949e-01
   outer loop
     vertex  2.285634e+01  6.000000e+00  5.068354e+01
     vertex  2.283839e+01  0.000000e+00  5.062447e+01
     vertex  2.283839e+01  6.000000e+00  5.062447e+01
   endloop
 endfacet
 facet normal  9.484807e-01  0.000000e+00 -3.168348e-01
   outer loop
     vertex  2.287590e+01  6.000000e+00  5.074209e+01
     vertex  2.287590e+01  0.000000e+00  5.074209e+01
     vertex  2.285634e+01  0.000000e+00  5.068354e+01
   endloop
 endfacet
 facet normal  9.394317e-01  0.000000e+00 -3.427362e-01
   outer loop
     vertex  2.287590e+01  6.000000e+00  5.074209e+01
     vertex  2.289706e+01  0.000000e+00  5.080008e+01
     vertex  2.287590e+01  0.000000e+00  5.074209e+01
   endloop
 endfacet
 facet normal  9.484807e-01  0.000000e+00 -3.168348e-01
   outer loop
     vertex  2.287590e+01  6.000000e+00  5.074209e+01
     vertex  2.285634e+01  0.000000e+00  5.068354e+01
     vertex  2.285634e+01  6.000000e+00  5.068354e+01
   endloop
 endfacet
 facet normal  9.394317e-01  0.000000e+00 -3.427362e-01
   outer loop
     vertex  2.289706e+01  6.000000e+00  5.080008e+01
     vertex  2.289706e+01  0.000000e+00  5.080008e+01
     vertex  2.287590e+01  6.000000e+00  5.074209e+01
   endloop
 endfacet
 facet normal  9.296754e-01  0.000000e+00 -3.683796e-01
   outer loop
     vertex  2.291980e+01  6.000000e+00  5.085747e+01
     vertex  2.291980e+01  0.000000e+00  5.085747e+01
     vertex  2.289706e+01  0.000000e+00  5.080008e+01
   endloop
 endfacet
 facet normal  9.296754e-01  0.000000e+00 -3.683796e-01
   outer loop
     vertex  2.291980e+01  6.000000e+00  5.085747e+01
     vertex  2.289706e+01  0.000000e+00  5.080008e+01
     vertex  2.289706e+01  6.000000e+00  5.080008e+01
   endloop
 endfacet
 facet normal  9.192194e-01  0.000000e+00 -3.937458e-01
   outer loop
     vertex  2.294410e+01  6.000000e+00  5.091422e+01
     vertex  2.291980e+01  0.000000e+00  5.085747e+01
     vertex  2.291980e+01  6.000000e+00  5.085747e+01
   endloop
 endfacet
 facet normal  9.192194e-01  0.000000e+00 -3.937458e-01
   outer loop
     vertex  2.294410e+01  6.000000e+00  5.091422e+01
     vertex  2.294410e+01  0.000000e+00  5.091422e+01
     vertex  2.291980e+01  0.000000e+00  5.085747e+01
   endloop
 endfacet
 facet normal  9.080714e-01  0.000000e+00 -4.188155e-01
   outer loop
     vertex  2.294410e+01  6.000000e+00  5.091422e+01
     vertex  2.296996e+01  0.000000e+00  5.097027e+01
     vertex  2.294410e+01  0.000000e+00  5.091422e+01
   endloop
 endfacet
 facet normal  9.080714e-01  0.000000e+00 -4.188155e-01
   outer loop
     vertex  2.296996e+01  6.000000e+00  5.097027e+01
     vertex  2.296996e+01  0.000000e+00  5.097027e+01
     vertex  2.294410e+01  6.000000e+00  5.091422e+01
   endloop
 endfacet
 facet normal  8.962398e-01  0.000000e+00 -4.435699e-01
   outer loop
     vertex  2.299734e+01  6.000000e+00  5.102560e+01
     vertex  2.299734e+01  0.000000e+00  5.102560e+01
     vertex  2.296996e+01  0.000000e+00  5.097027e+01
   endloop
 endfacet
 facet normal  8.837335e-01  0.000000e+00 -4.679904e-01
   outer loop
     vertex  2.299734e+01  6.000000e+00  5.102560e+01
     vertex  2.302623e+01  0.000000e+00  5.108016e+01
     vertex  2.299734e+01  0.000000e+00  5.102560e+01
   endloop
 endfacet
 facet normal  8.962398e-01  0.000000e+00 -4.435699e-01
   outer loop
     vertex  2.299734e+01  6.000000e+00  5.102560e+01
     vertex  2.296996e+01  0.000000e+00  5.097027e+01
     vertex  2.296996e+01  6.000000e+00  5.097027e+01
   endloop
 endfacet
 facet normal  8.837335e-01  0.000000e+00 -4.679904e-01
   outer loop
     vertex  2.302623e+01  6.000000e+00  5.108016e+01
     vertex  2.302623e+01  0.000000e+00  5.108016e+01
     vertex  2.299734e+01  6.000000e+00  5.102560e+01
   endloop
 endfacet
 facet normal  8.705620e-01  0.000000e+00 -4.920587e-01
   outer loop
     vertex  2.302623e+01  6.000000e+00  5.108016e+01
     vertex  2.305661e+01  0.000000e+00  5.113390e+01
     vertex  2.302623e+01  0.000000e+00  5.108016e+01
   endloop
 endfacet
 facet normal  8.705620e-01  0.000000e+00 -4.920587e-01
   outer loop
     vertex  2.305661e+01  6.000000e+00  5.113390e+01
     vertex  2.305661e+01  0.000000e+00  5.113390e+01
     vertex  2.302623e+01  6.000000e+00  5.108016e+01
   endloop
 endfacet
 facet normal  8.567352e-01  0.000000e+00 -5.157565e-01
   outer loop
     vertex  2.305661e+01  6.000000e+00  5.113390e+01
     vertex  2.308845e+01  0.000000e+00  5.118679e+01
     vertex  2.305661e+01  0.000000e+00  5.113390e+01
   endloop
 endfacet
 facet normal  8.567352e-01  0.000000e+00 -5.157565e-01
   outer loop
     vertex  2.308845e+01  6.000000e+00  5.118679e+01
     vertex  2.308845e+01  0.000000e+00  5.118679e+01
     vertex  2.305661e+01  6.000000e+00  5.113390e+01
   endloop
 endfacet
 facet normal  8.422635e-01  0.000000e+00 -5.390661e-01
   outer loop
     vertex  2.312172e+01  6.000000e+00  5.123878e+01
     vertex  2.312172e+01  0.000000e+00  5.123878e+01
     vertex  2.308845e+01  0.000000e+00  5.118679e+01
   endloop
 endfacet
 facet normal  8.422635e-01  0.000000e+00 -5.390661e-01
   outer loop
     vertex  2.312172e+01  6.000000e+00  5.123878e+01
     vertex  2.308845e+01  0.000000e+00  5.118679e+01
     vertex  2.308845e+01  6.000000e+00  5.118679e+01
   endloop
 endfacet
 facet normal  8.271577e-01  0.000000e+00 -5.619699e-01
   outer loop
     vertex  2.315642e+01  6.000000e+00  5.128984e+01
     vertex  2.315642e+01  0.000000e+00  5.128984e+01
     vertex  2.312172e+01  0.000000e+00  5.123878e+01
   endloop
 endfacet
 facet normal  8.114292e-01  0.000000e+00 -5.844507e-01
   outer loop
     vertex  2.315642e+01  6.000000e+00  5.128984e+01
     vertex  2.319250e+01  0.000000e+00  5.133994e+01
     vertex  2.315642e+01  0.000000e+00  5.128984e+01
   endloop
 endfacet
 facet normal  8.271577e-01  0.000000e+00 -5.619699e-01
   outer loop
     vertex  2.315642e+01  6.000000e+00  5.128984e+01
     vertex  2.312172e+01  0.000000e+00  5.123878e+01
     vertex  2.312172e+01  6.000000e+00  5.123878e+01
   endloop
 endfacet
 facet normal  8.114292e-01  0.000000e+00 -5.844507e-01
   outer loop
     vertex  2.319250e+01  6.000000e+00  5.133994e+01
     vertex  2.319250e+01  0.000000e+00  5.133994e+01
     vertex  2.315642e+01  6.000000e+00  5.128984e+01
   endloop
 endfacet
 facet normal  7.950900e-01  0.000000e+00 -6.064915e-01
   outer loop
     vertex  2.322994e+01  6.000000e+00  5.138902e+01
     vertex  2.322994e+01  0.000000e+00  5.138902e+01
     vertex  2.319250e+01  0.000000e+00  5.133994e+01
   endloop
 endfacet
 facet normal  7.781522e-01  0.000000e+00 -6.280757e-01
   outer loop
     vertex  2.322994e+01  6.000000e+00  5.138902e+01
     vertex  2.326871e+01  0.000000e+00  5.143706e+01
     vertex  2.322994e+01  0.000000e+00  5.138902e+01
   endloop
 endfacet
 facet normal  7.950900e-01  0.000000e+00 -6.064915e-01
   outer loop
     vertex  2.322994e+01  6.000000e+00  5.138902e+01
     vertex  2.319250e+01  0.000000e+00  5.133994e+01
     vertex  2.319250e+01  6.000000e+00  5.133994e+01
   endloop
 endfacet
 facet normal  7.781522e-01  0.000000e+00 -6.280757e-01
   outer loop
     vertex  2.326871e+01  6.000000e+00  5.143706e+01
     vertex  2.326871e+01  0.000000e+00  5.143706e+01
     vertex  2.322994e+01  6.000000e+00  5.138902e+01
   endloop
 endfacet
 facet normal  7.606287e-01  0.000000e+00 -6.491872e-01
   outer loop
     vertex  2.326871e+01  6.000000e+00  5.143706e+01
     vertex  2.330878e+01  0.000000e+00  5.148401e+01
     vertex  2.326871e+01  0.000000e+00  5.143706e+01
   endloop
 endfacet
 facet normal  7.606287e-01  0.000000e+00 -6.491872e-01
   outer loop
     vertex  2.330878e+01  6.000000e+00  5.148401e+01
     vertex  2.330878e+01  0.000000e+00  5.148401e+01
     vertex  2.326871e+01  6.000000e+00  5.143706e+01
   endloop
 endfacet
 facet normal  7.425325e-01  0.000000e+00 -6.698100e-01
   outer loop
     vertex  2.335013e+01  6.000000e+00  5.152985e+01
     vertex  2.335013e+01  0.000000e+00  5.152985e+01
     vertex  2.330878e+01  0.000000e+00  5.148401e+01
   endloop
 endfacet
 facet normal  7.425325e-01  0.000000e+00 -6.698100e-01
   outer loop
     vertex  2.335013e+01  6.000000e+00  5.152985e+01
     vertex  2.330878e+01  0.000000e+00  5.148401e+01
     vertex  2.330878e+01  6.000000e+00  5.148401e+01
   endloop
 endfacet
 facet normal  7.238775e-01  0.000000e+00 -6.899286e-01
   outer loop
     vertex  2.339272e+01  6.000000e+00  5.157454e+01
     vertex  2.339272e+01  0.000000e+00  5.157454e+01
     vertex  2.335013e+01  0.000000e+00  5.152985e+01
   endloop
 endfacet
 facet normal  7.238775e-01  0.000000e+00 -6.899286e-01
   outer loop
     vertex  2.339272e+01  6.000000e+00  5.157454e+01
     vertex  2.335013e+01  0.000000e+00  5.152985e+01
     vertex  2.335013e+01  6.000000e+00  5.152985e+01
   endloop
 endfacet
 facet normal  7.046775e-01  0.000000e+00 -7.095278e-01
   outer loop
     vertex  2.343653e+01  6.000000e+00  5.161804e+01
     vertex  2.343653e+01  0.000000e+00  5.161804e+01
     vertex  2.339272e+01  0.000000e+00  5.157454e+01
   endloop
 endfacet
 facet normal  7.046775e-01  0.000000e+00 -7.095278e-01
   outer loop
     vertex  2.343653e+01  6.000000e+00  5.161804e+01
     vertex  2.339272e+01  0.000000e+00  5.157454e+01
     vertex  2.339272e+01  6.000000e+00  5.157454e+01
   endloop
 endfacet
 facet normal  6.849470e-01  0.000000e+00 -7.285929e-01
   outer loop
     vertex  2.348150e+01  6.000000e+00  5.166032e+01
     vertex  2.348150e+01  0.000000e+00  5.166032e+01
     vertex  2.343653e+01  0.000000e+00  5.161804e+01
   endloop
 endfacet
 facet normal  6.849470e-01  0.000000e+00 -7.285929e-01
   outer loop
     vertex  2.348150e+01  6.000000e+00  5.166032e+01
     vertex  2.343653e+01  0.000000e+00  5.161804e+01
     vertex  2.343653e+01  6.000000e+00  5.161804e+01
   endloop
 endfacet
 facet normal  6.647010e-01  0.000000e+00 -7.471095e-01
   outer loop
     vertex  2.352762e+01  6.000000e+00  5.170136e+01
     vertex  2.352762e+01  0.000000e+00  5.170136e+01
     vertex  2.348150e+01  0.000000e+00  5.166032e+01
   endloop
 endfacet
 facet normal  6.647010e-01  0.000000e+00 -7.471095e-01
   outer loop
     vertex  2.352762e+01  6.000000e+00  5.170136e+01
     vertex  2.348150e+01  0.000000e+00  5.166032e+01
     vertex  2.348150e+01  6.000000e+00  5.166032e+01
   endloop
 endfacet
 facet normal  6.439545e-01  0.000000e+00 -7.650637e-01
   outer loop
     vertex  2.357485e+01  6.000000e+00  5.174111e+01
     vertex  2.357485e+01  0.000000e+00  5.174111e+01
     vertex  2.352762e+01  0.000000e+00  5.170136e+01
   endloop
 endfacet
 facet normal  6.439545e-01  0.000000e+00 -7.650637e-01
   outer loop
     vertex  2.357485e+01  6.000000e+00  5.174111e+01
     vertex  2.352762e+01  0.000000e+00  5.170136e+01
     vertex  2.352762e+01  6.000000e+00  5.170136e+01
   endloop
 endfacet
 facet normal  6.227234e-01  0.000000e+00 -7.824421e-01
   outer loop
     vertex  2.362316e+01  6.000000e+00  5.177955e+01
     vertex  2.362316e+01  0.000000e+00  5.177955e+01
     vertex  2.357485e+01  0.000000e+00  5.174111e+01
   endloop
 endfacet
 facet normal  6.227234e-01  0.000000e+00 -7.824421e-01
   outer loop
     vertex  2.362316e+01  6.000000e+00  5.177955e+01
     vertex  2.357485e+01  0.000000e+00  5.174111e+01
     vertex  2.357485e+01  6.000000e+00  5.174111e+01
   endloop
 endfacet
 facet normal  6.010234e-01  0.000000e+00 -7.992314e-01
   outer loop
     vertex  2.367249e+01  6.000000e+00  5.181665e+01
     vertex  2.367249e+01  0.000000e+00  5.181665e+01
     vertex  2.362316e+01  0.000000e+00  5.177955e+01
   endloop
 endfacet
 facet normal  6.010234e-01  0.000000e+00 -7.992314e-01
   outer loop
     vertex  2.367249e+01  6.000000e+00  5.181665e+01
     vertex  2.362316e+01  0.000000e+00  5.177955e+01
     vertex  2.362316e+01  6.000000e+00  5.177955e+01
   endloop
 endfacet
 facet normal  5.788711e-01  0.000000e+00 -8.154191e-01
   outer loop
     vertex  2.372283e+01  6.000000e+00  5.185239e+01
     vertex  2.372283e+01  0.000000e+00  5.185239e+01
     vertex  2.367249e+01  0.000000e+00  5.181665e+01
   endloop
 endfacet
 facet normal  5.562829e-01  0.000000e+00 -8.309929e-01
   outer loop
     vertex  2.372283e+01  6.000000e+00  5.185239e+01
     vertex  2.377413e+01  0.000000e+00  5.188673e+01
     vertex  2.372283e+01  0.000000e+00  5.185239e+01
   endloop
 endfacet
 facet normal  5.788711e-01  0.000000e+00 -8.154191e-01
   outer loop
     vertex  2.372283e+01  6.000000e+00  5.185239e+01
     vertex  2.367249e+01  0.000000e+00  5.181665e+01
     vertex  2.367249e+01  6.000000e+00  5.181665e+01
   endloop
 endfacet
 facet normal  5.562829e-01  0.000000e+00 -8.309929e-01
   outer loop
     vertex  2.377413e+01  6.000000e+00  5.188673e+01
     vertex  2.377413e+01  0.000000e+00  5.188673e+01
     vertex  2.372283e+01  6.000000e+00  5.185239e+01
   endloop
 endfacet
 facet normal  5.332761e-01  0.000000e+00 -8.459413e-01
   outer loop
     vertex  2.382635e+01  6.000000e+00  5.191965e+01
     vertex  2.382635e+01  0.000000e+00  5.191965e+01
     vertex  2.377413e+01  0.000000e+00  5.188673e+01
   endloop
 endfacet
 facet normal  5.098678e-01  0.000000e+00 -8.602528e-01
   outer loop
     vertex  2.382635e+01  6.000000e+00  5.191965e+01
     vertex  2.387946e+01  0.000000e+00  5.195112e+01
     vertex  2.382635e+01  0.000000e+00  5.191965e+01
   endloop
 endfacet
 facet normal  5.332761e-01  0.000000e+00 -8.459413e-01
   outer loop
     vertex  2.382635e+01  6.000000e+00  5.191965e+01
     vertex  2.377413e+01  0.000000e+00  5.188673e+01
     vertex  2.377413e+01  6.000000e+00  5.188673e+01
   endloop
 endfacet
 facet normal  5.098678e-01  0.000000e+00 -8.602528e-01
   outer loop
     vertex  2.387946e+01  6.000000e+00  5.195112e+01
     vertex  2.387946e+01  0.000000e+00  5.195112e+01
     vertex  2.382635e+01  6.000000e+00  5.191965e+01
   endloop
 endfacet
 facet normal  4.860756e-01  0.000000e+00 -8.739167e-01
   outer loop
     vertex  2.393341e+01  6.000000e+00  5.198113e+01
     vertex  2.393341e+01  0.000000e+00  5.198113e+01
     vertex  2.387946e+01  0.000000e+00  5.195112e+01
   endloop
 endfacet
 facet normal  4.860756e-01  0.000000e+00 -8.739167e-01
   outer loop
     vertex  2.393341e+01  6.000000e+00  5.198113e+01
     vertex  2.387946e+01  0.000000e+00  5.195112e+01
     vertex  2.387946e+01  6.000000e+00  5.195112e+01
   endloop
 endfacet
 facet normal  4.619176e-01  0.000000e+00 -8.869228e-01
   outer loop
     vertex  2.398816e+01  6.000000e+00  5.200965e+01
     vertex  2.393341e+01  0.000000e+00  5.198113e+01
     vertex  2.393341e+01  6.000000e+00  5.198113e+01
   endloop
 endfacet
 facet normal  4.619176e-01  0.000000e+00 -8.869228e-01
   outer loop
     vertex  2.398816e+01  6.000000e+00  5.200965e+01
     vertex  2.398816e+01  0.000000e+00  5.200965e+01
     vertex  2.393341e+01  0.000000e+00  5.198113e+01
   endloop
 endfacet
 facet normal  4.374119e-01  0.000000e+00 -8.992613e-01
   outer loop
     vertex  2.398816e+01  6.000000e+00  5.200965e+01
     vertex  2.404367e+01  0.000000e+00  5.203665e+01
     vertex  2.398816e+01  0.000000e+00  5.200965e+01
   endloop
 endfacet
 facet normal  4.374119e-01  0.000000e+00 -8.992613e-01
   outer loop
     vertex  2.404367e+01  6.000000e+00  5.203665e+01
     vertex  2.404367e+01  0.000000e+00  5.203665e+01
     vertex  2.398816e+01  6.000000e+00  5.200965e+01
   endloop
 endfacet
 facet normal  4.125769e-01  0.000000e+00 -9.109228e-01
   outer loop
     vertex  2.409991e+01  6.000000e+00  5.206212e+01
     vertex  2.404367e+01  0.000000e+00  5.203665e+01
     vertex  2.404367e+01  6.000000e+00  5.203665e+01
   endloop
 endfacet
 facet normal  4.125769e-01  0.000000e+00 -9.109228e-01
   outer loop
     vertex  2.409991e+01  6.000000e+00  5.206212e+01
     vertex  2.409991e+01  0.000000e+00  5.206212e+01
     vertex  2.404367e+01  0.000000e+00  5.203665e+01
   endloop
 endfacet
 facet normal  3.874313e-01  0.000000e+00 -9.218986e-01
   outer loop
     vertex  2.415682e+01  6.000000e+00  5.208604e+01
     vertex  2.409991e+01  0.000000e+00  5.206212e+01
     vertex  2.409991e+01  6.000000e+00  5.206212e+01
   endloop
 endfacet
 facet normal  3.874313e-01  0.000000e+00 -9.218986e-01
   outer loop
     vertex  2.415682e+01  6.000000e+00  5.208604e+01
     vertex  2.415682e+01  0.000000e+00  5.208604e+01
     vertex  2.409991e+01  0.000000e+00  5.206212e+01
   endloop
 endfacet
 facet normal  3.619940e-01  0.000000e+00 -9.321804e-01
   outer loop
     vertex  2.421436e+01  6.000000e+00  5.210838e+01
     vertex  2.415682e+01  0.000000e+00  5.208604e+01
     vertex  2.415682e+01  6.000000e+00  5.208604e+01
   endloop
 endfacet
 facet normal  3.619940e-01  0.000000e+00 -9.321804e-01
   outer loop
     vertex  2.421436e+01  6.000000e+00  5.210838e+01
     vertex  2.421436e+01  0.000000e+00  5.210838e+01
     vertex  2.415682e+01  0.000000e+00  5.208604e+01
   endloop
 endfacet
 facet normal  3.362843e-01  0.000000e+00 -9.417605e-01
   outer loop
     vertex  2.427250e+01  6.000000e+00  5.212914e+01
     vertex  2.421436e+01  0.000000e+00  5.210838e+01
     vertex  2.421436e+01  6.000000e+00  5.210838e+01
   endloop
 endfacet
 facet normal  3.362843e-01  0.000000e+00 -9.417605e-01
   outer loop
     vertex  2.427250e+01  6.000000e+00  5.212914e+01
     vertex  2.427250e+01  0.000000e+00  5.212914e+01
     vertex  2.421436e+01  0.000000e+00  5.210838e+01
   endloop
 endfacet
 facet normal  3.103214e-01  0.000000e+00 -9.506317e-01
   outer loop
     vertex  2.433118e+01  6.000000e+00  5.214830e+01
     vertex  2.427250e+01  0.000000e+00  5.212914e+01
     vertex  2.427250e+01  6.000000e+00  5.212914e+01
   endloop
 endfacet
 facet normal  3.103214e-01  0.000000e+00 -9.506317e-01
   outer loop
     vertex  2.433118e+01  6.000000e+00  5.214830e+01
     vertex  2.433118e+01  0.000000e+00  5.214830e+01
     vertex  2.427250e+01  0.000000e+00  5.212914e+01
   endloop
 endfacet
 facet normal  2.841250e-01  0.000000e+00 -9.587873e-01
   outer loop
     vertex  2.433118e+01  6.000000e+00  5.214830e+01
     vertex  2.439037e+01  0.000000e+00  5.216584e+01
     vertex  2.433118e+01  0.000000e+00  5.214830e+01
   endloop
 endfacet
 facet normal  2.841250e-01  0.000000e+00 -9.587873e-01
   outer loop
     vertex  2.439037e+01  6.000000e+00  5.216584e+01
     vertex  2.439037e+01  0.000000e+00  5.216584e+01
     vertex  2.433118e+01  6.000000e+00  5.214830e+01
   endloop
 endfacet
 facet normal  2.577146e-01  0.000000e+00 -9.662211e-01
   outer loop
     vertex  2.445002e+01  6.000000e+00  5.218175e+01
     vertex  2.439037e+01  0.000000e+00  5.216584e+01
     vertex  2.439037e+01  6.000000e+00  5.216584e+01
   endloop
 endfacet
 facet normal  2.577146e-01  0.000000e+00 -9.662211e-01
   outer loop
     vertex  2.445002e+01  6.000000e+00  5.218175e+01
     vertex  2.445002e+01  0.000000e+00  5.218175e+01
     vertex  2.439037e+01  0.000000e+00  5.216584e+01
   endloop
 endfacet
 facet normal  2.311102e-01  0.000000e+00 -9.729276e-01
   outer loop
     vertex  2.451008e+01  6.000000e+00  5.219601e+01
     vertex  2.445002e+01  0.000000e+00  5.218175e+01
     vertex  2.445002e+01  6.000000e+00  5.218175e+01
   endloop
 endfacet
 facet normal  2.311102e-01  0.000000e+00 -9.729276e-01
   outer loop
     vertex  2.451008e+01  6.000000e+00  5.219601e+01
     vertex  2.451008e+01  0.000000e+00  5.219601e+01
     vertex  2.445002e+01  0.000000e+00  5.218175e+01
   endloop
 endfacet
 facet normal  2.043319e-01  0.000000e+00 -9.789017e-01
   outer loop
     vertex  2.457051e+01  6.000000e+00  5.220863e+01
     vertex  2.451008e+01  0.000000e+00  5.219601e+01
     vertex  2.451008e+01  6.000000e+00  5.219601e+01
   endloop
 endfacet
 facet normal  2.043319e-01  0.000000e+00 -9.789017e-01
   outer loop
     vertex  2.457051e+01  6.000000e+00  5.220863e+01
     vertex  2.457051e+01  0.000000e+00  5.220863e+01
     vertex  2.451008e+01  0.000000e+00  5.219601e+01
   endloop
 endfacet
 facet normal  1.773998e-01  0.000000e+00 -9.841389e-01
   outer loop
     vertex  2.463126e+01  6.000000e+00  5.221958e+01
     vertex  2.457051e+01  0.000000e+00  5.220863e+01
     vertex  2.457051e+01  6.000000e+00  5.220863e+01
   endloop
 endfacet
 facet normal  1.773998e-01  0.000000e+00 -9.841389e-01
   outer loop
     vertex  2.463126e+01  6.000000e+00  5.221958e+01
     vertex  2.463126e+01  0.000000e+00  5.221958e+01
     vertex  2.457051e+01  0.000000e+00  5.220863e+01
   endloop
 endfacet
 facet normal  1.503341e-01  0.000000e+00 -9.886353e-01
   outer loop
     vertex  2.469230e+01  6.000000e+00  5.222886e+01
     vertex  2.463126e+01  0.000000e+00  5.221958e+01
     vertex  2.463126e+01  6.000000e+00  5.221958e+01
   endloop
 endfacet
 facet normal  1.503341e-01  0.000000e+00 -9.886353e-01
   outer loop
     vertex  2.469230e+01  6.000000e+00  5.222886e+01
     vertex  2.469230e+01  0.000000e+00  5.222886e+01
     vertex  2.463126e+01  0.000000e+00  5.221958e+01
   endloop
 endfacet
 facet normal  1.231552e-01  0.000000e+00 -9.923874e-01
   outer loop
     vertex  2.469230e+01  6.000000e+00  5.222886e+01
     vertex  2.475356e+01  0.000000e+00  5.223646e+01
     vertex  2.469230e+01  0.000000e+00  5.222886e+01
   endloop
 endfacet
 facet normal  1.231552e-01  0.000000e+00 -9.923874e-01
   outer loop
     vertex  2.475356e+01  6.000000e+00  5.223646e+01
     vertex  2.475356e+01  0.000000e+00  5.223646e+01
     vertex  2.469230e+01  6.000000e+00  5.222886e+01
   endloop
 endfacet
 facet normal  9.588368e-02  0.000000e+00 -9.953925e-01
   outer loop
     vertex  2.481501e+01  6.000000e+00  5.224238e+01
     vertex  2.481501e+01  0.000000e+00  5.224238e+01
     vertex  2.475356e+01  0.000000e+00  5.223646e+01
   endloop
 endfacet
 facet normal  6.853995e-02  0.000000e+00 -9.976484e-01
   outer loop
     vertex  2.481501e+01  6.000000e+00  5.224238e+01
     vertex  2.487659e+01  0.000000e+00  5.224661e+01
     vertex  2.481501e+01  0.000000e+00  5.224238e+01
   endloop
 endfacet
 facet normal  9.588368e-02  0.000000e+00 -9.953925e-01
   outer loop
     vertex  2.481501e+01  6.000000e+00  5.224238e+01
     vertex  2.475356e+01  0.000000e+00  5.223646e+01
     vertex  2.475356e+01  6.000000e+00  5.223646e+01
   endloop
 endfacet
 facet normal  6.853995e-02  0.000000e+00 -9.976484e-01
   outer loop
     vertex  2.487659e+01  6.000000e+00  5.224661e+01
     vertex  2.487659e+01  0.000000e+00  5.224661e+01
     vertex  2.481501e+01  6.000000e+00  5.224238e+01
   endloop
 endfacet
 facet normal  4.114462e-02  0.000000e+00 -9.991532e-01
   outer loop
     vertex  2.493827e+01  6.000000e+00  5.224915e+01
     vertex  2.493827e+01  0.000000e+00  5.224915e+01
     vertex  2.487659e+01  0.000000e+00  5.224661e+01
   endloop
 endfacet
 facet normal  4.114462e-02  0.000000e+00 -9.991532e-01
   outer loop
     vertex  2.493827e+01  6.000000e+00  5.224915e+01
     vertex  2.487659e+01  0.000000e+00  5.224661e+01
     vertex  2.487659e+01  6.000000e+00  5.224661e+01
   endloop
 endfacet
 facet normal  1.371831e-02  0.000000e+00 -9.999059e-01
   outer loop
     vertex  2.500000e+01  6.000000e+00  5.225000e+01
     vertex  2.500000e+01  0.000000e+00  5.225000e+01
     vertex  2.493827e+01  0.000000e+00  5.224915e+01
   endloop
 endfacet
 facet normal  1.371831e-02  0.000000e+00 -9.999059e-01
   outer loop
     vertex  2.500000e+01  6.000000e+00  5.225000e+01
     vertex  2.493827e+01  0.000000e+00  5.224915e+01
     vertex  2.493827e+01  6.000000e+00  5.224915e+01
   endloop
 endfacet
 facet normal -1.371831e-02  0.000000e+00  9.999059e-01
   outer loop
     vertex  1.706173e+01  1.307000e+02  4.975085e+01
     vertex  1.700000e+01  1.367000e+02  4.975000e+01
     vertex  1.700000e+01  1.307000e+02  4.975000e+01
   endloop
 endfacet
 facet normal -1.371831e-02  0.000000e+00  9.999059e-01
   outer loop
     vertex  1.706173e+01  1.307000e+02  4.975085e+01
     vertex  1.706173e+01  1.367000e+02  4.975085e+01
     vertex  1.700000e+01  1.367000e+02  4.975000e+01
   endloop
 endfacet
 facet normal -4.114462e-02  0.000000e+00  9.991532e-01
   outer loop
     vertex  1.712341e+01  1.307000e+02  4.975339e+01
     vertex  1.712341e+01  1.367000e+02  4.975339e+01
     vertex  1.706173e+01  1.367000e+02  4.975085e+01
   endloop
 endfacet
 facet normal -4.114462e-02  0.000000e+00  9.991532e-01
   outer loop
     vertex  1.712341e+01  1.307000e+02  4.975339e+01
     vertex  1.706173e+01  1.367000e+02  4.975085e+01
     vertex  1.706173e+01  1.307000e+02  4.975085e+01
   endloop
 endfacet
 facet normal -6.853995e-02  0.000000e+00  9.976484e-01
   outer loop
     vertex  1.718499e+01  1.307000e+02  4.975762e+01
     vertex  1.718499e+01  1.367000e+02  4.975762e+01
     vertex  1.712341e+01  1.367000e+02  4.975339e+01
   endloop
 endfacet
 facet normal -6.853995e-02  0.000000e+00  9.976484e-01
   outer loop
     vertex  1.718499e+01  1.307000e+02  4.975762e+01
     vertex  1.712341e+01  1.367000e+02  4.975339e+01
     vertex  1.712341e+01  1.307000e+02  4.975339e+01
   endloop
 endfacet
 facet normal -9.588368e-02  0.000000e+00  9.953925e-01
   outer loop
     vertex  1.724644e+01  1.307000e+02  4.976354e+01
     vertex  1.724644e+01  1.367000e+02  4.976354e+01
     vertex  1.718499e+01  1.367000e+02  4.975762e+01
   endloop
 endfacet
 facet normal -9.588368e-02  0.000000e+00  9.953925e-01
   outer loop
     vertex  1.724644e+01  1.307000e+02  4.976354e+01
     vertex  1.718499e+01  1.367000e+02  4.975762e+01
     vertex  1.718499e+01  1.307000e+02  4.975762e+01
   endloop
 endfacet
 facet normal -1.231552e-01  0.000000e+00  9.923874e-01
   outer loop
     vertex  1.730770e+01  1.307000e+02  4.977114e+01
     vertex  1.730770e+01  1.367000e+02  4.977114e+01
     vertex  1.724644e+01  1.367000e+02  4.976354e+01
   endloop
 endfacet
 facet normal -1.231552e-01  0.000000e+00  9.923874e-01
   outer loop
     vertex  1.730770e+01  1.307000e+02  4.977114e+01
     vertex  1.724644e+01  1.367000e+02  4.976354e+01
     vertex  1.724644e+01  1.307000e+02  4.976354e+01
   endloop
 endfacet
 facet normal -1.503341e-01  0.000000e+00  9.886353e-01
   outer loop
     vertex  1.736874e+01  1.307000e+02  4.978042e+01
     vertex  1.736874e+01  1.367000e+02  4.978042e+01
     vertex  1.730770e+01  1.367000e+02  4.977114e+01
   endloop
 endfacet
 facet normal -1.773998e-01  0.000000e+00  9.841389e-01
   outer loop
     vertex  1.736874e+01  1.307000e+02  4.978042e+01
     vertex  1.742949e+01  1.367000e+02  4.979137e+01
     vertex  1.736874e+01  1.367000e+02  4.978042e+01
   endloop
 endfacet
 facet normal -1.503341e-01  0.000000e+00  9.886353e-01
   outer loop
     vertex  1.736874e+01  1.307000e+02  4.978042e+01
     vertex  1.730770e+01  1.367000e+02  4.977114e+01
     vertex  1.730770e+01  1.307000e+02  4.977114e+01
   endloop
 endfacet
 facet normal -1.773998e-01  0.000000e+00  9.841389e-01
   outer loop
     vertex  1.742949e+01  1.307000e+02  4.979137e+01
     vertex  1.742949e+01  1.367000e+02  4.979137e+01
     vertex  1.736874e+01  1.307000e+02  4.978042e+01
   endloop
 endfacet
 facet normal -2.043319e-01  0.000000e+00  9.789017e-01
   outer loop
     vertex  1.748992e+01  1.307000e+02  4.980399e+01
     vertex  1.748992e+01  1.367000e+02  4.980399e+01
     vertex  1.742949e+01  1.367000e+02  4.979137e+01
   endloop
 endfacet
 facet normal -2.043319e-01  0.000000e+00  9.789017e-01
   outer loop
     vertex  1.748992e+01  1.307000e+02  4.980399e+01
     vertex  1.742949e+01  1.367000e+02  4.979137e+01
     vertex  1.742949e+01  1.307000e+02  4.979137e+01
   endloop
 endfacet
 facet normal -2.311102e-01  0.000000e+00  9.729276e-01
   outer loop
     vertex  1.754998e+01  1.307000e+02  4.981825e+01
     vertex  1.754998e+01  1.367000e+02  4.981825e+01
     vertex  1.748992e+01  1.367000e+02  4.980399e+01
   endloop
 endfacet
 facet normal -2.311102e-01  0.000000e+00  9.729276e-01
   outer loop
     vertex  1.754998e+01  1.307000e+02  4.981825e+01
     vertex  1.748992e+01  1.367000e+02  4.980399e+01
     vertex  1.748992e+01  1.307000e+02  4.980399e+01
   endloop
 endfacet
 facet normal -2.577146e-01  0.000000e+00  9.662211e-01
   outer loop
     vertex  1.760963e+01  1.307000e+02  4.983416e+01
     vertex  1.754998e+01  1.367000e+02  4.981825e+01
     vertex  1.754998e+01  1.307000e+02  4.981825e+01
   endloop
 endfacet
 facet normal -2.577146e-01  0.000000e+00  9.662211e-01
   outer loop
     vertex  1.760963e+01  1.307000e+02  4.983416e+01
     vertex  1.760963e+01  1.367000e+02  4.983416e+01
     vertex  1.754998e+01  1.367000e+02  4.981825e+01
   endloop
 endfacet
 facet normal -2.841250e-01  0.000000e+00  9.587873e-01
   outer loop
     vertex  1.760963e+01  1.307000e+02  4.983416e+01
     vertex  1.766882e+01  1.367000e+02  4.985170e+01
     vertex  1.760963e+01  1.367000e+02  4.983416e+01
   endloop
 endfacet
 facet normal -2.841250e-01  0.000000e+00  9.587873e-01
   outer loop
     vertex  1.766882e+01  1.307000e+02  4.985170e+01
     vertex  1.766882e+01  1.367000e+02  4.985170e+01
     vertex  1.760963e+01  1.307000e+02  4.983416e+01
   endloop
 endfacet
 facet normal -3.103214e-01  0.000000e+00  9.506317e-01
   outer loop
     vertex  1.766882e+01  1.307000e+02  4.985170e+01
     vertex  1.772750e+01  1.367000e+02  4.987086e+01
     vertex  1.766882e+01  1.367000e+02  4.985170e+01
   endloop
 endfacet
 facet normal -3.103214e-01  0.000000e+00  9.506317e-01
   outer loop
     vertex  1.772750e+01  1.307000e+02  4.987086e+01
     vertex  1.772750e+01  1.367000e+02  4.987086e+01
     vertex  1.766882e+01  1.307000e+02  4.985170e+01
   endloop
 endfacet
 facet normal -3.362843e-01  0.000000e+00  9.417605e-01
   outer loop
     vertex  1.772750e+01  1.307000e+02  4.987086e+01
     vertex  1.778564e+01  1.367000e+02  4.989162e+01
     vertex  1.772750e+01  1.367000e+02  4.987086e+01
   endloop
 endfacet
 facet normal -3.362843e-01  0.000000e+00  9.417605e-01
   outer loop
     vertex  1.778564e+01  1.307000e+02  4.989162e+01
     vertex  1.778564e+01  1.367000e+02  4.989162e+01
     vertex  1.772750e+01  1.307000e+02  4.987086e+01
   endloop
 endfacet
 facet normal -3.619940e-01  0.000000e+00  9.321804e-01
   outer loop
     vertex  1.784318e+01  1.307000e+02  4.991396e+01
     vertex  1.778564e+01  1.367000e+02  4.989162e+01
     vertex  1.778564e+01  1.307000e+02  4.989162e+01
   endloop
 endfacet
 facet normal -3.619940e-01  0.000000e+00  9.321804e-01
   outer loop
     vertex  1.784318e+01  1.307000e+02  4.991396e+01
     vertex  1.784318e+01  1.367000e+02  4.991396e+01
     vertex  1.778564e+01  1.367000e+02  4.989162e+01
   endloop
 endfacet
 facet normal -3.874313e-01  0.000000e+00  9.218986e-01
   outer loop
     vertex  1.790009e+01  1.307000e+02  4.993788e+01
     vertex  1.784318e+01  1.367000e+02  4.991396e+01
     vertex  1.784318e+01  1.307000e+02  4.991396e+01
   endloop
 endfacet
 facet normal -3.874313e-01  0.000000e+00  9.218986e-01
   outer loop
     vertex  1.790009e+01  1.307000e+02  4.993788e+01
     vertex  1.790009e+01  1.367000e+02  4.993788e+01
     vertex  1.784318e+01  1.367000e+02  4.991396e+01
   endloop
 endfacet
 facet normal -4.125769e-01  0.000000e+00  9.109228e-01
   outer loop
     vertex  1.795633e+01  1.307000e+02  4.996335e+01
     vertex  1.790009e+01  1.367000e+02  4.993788e+01
     vertex  1.790009e+01  1.307000e+02  4.993788e+01
   endloop
 endfacet
 facet normal -4.125769e-01  0.000000e+00  9.109228e-01
   outer loop
     vertex  1.795633e+01  1.307000e+02  4.996335e+01
     vertex  1.795633e+01  1.367000e+02  4.996335e+01
     vertex  1.790009e+01  1.367000e+02  4.993788e+01
   endloop
 endfacet
 facet normal -4.374119e-01  0.000000e+00  8.992613e-01
   outer loop
     vertex  1.801184e+01  1.307000e+02  4.999035e+01
     vertex  1.795633e+01  1.367000e+02  4.996335e+01
     vertex  1.795633e+01  1.307000e+02  4.996335e+01
   endloop
 endfacet
 facet normal -4.374119e-01  0.000000e+00  8.992613e-01
   outer loop
     vertex  1.801184e+01  1.307000e+02  4.999035e+01
     vertex  1.801184e+01  1.367000e+02  4.999035e+01
     vertex  1.795633e+01  1.367000e+02  4.996335e+01
   endloop
 endfacet
 facet normal -4.619176e-01  0.000000e+00  8.869228e-01
   outer loop
     vertex  1.806659e+01  1.307000e+02  5.001887e+01
     vertex  1.801184e+01  1.367000e+02  4.999035e+01
     vertex  1.801184e+01  1.307000e+02  4.999035e+01
   endloop
 endfacet
 facet normal -4.619176e-01  0.000000e+00  8.869228e-01
   outer loop
     vertex  1.806659e+01  1.307000e+02  5.001887e+01
     vertex  1.806659e+01  1.367000e+02  5.001887e+01
     vertex  1.801184e+01  1.367000e+02  4.999035e+01
   endloop
 endfacet
 facet normal -4.860756e-01  0.000000e+00  8.739167e-01
   outer loop
     vertex  1.812054e+01  1.307000e+02  5.004888e+01
     vertex  1.806659e+01  1.367000e+02  5.001887e+01
     vertex  1.806659e+01  1.307000e+02  5.001887e+01
   endloop
 endfacet
 facet normal -4.860756e-01  0.000000e+00  8.739167e-01
   outer loop
     vertex  1.812054e+01  1.307000e+02  5.004888e+01
     vertex  1.812054e+01  1.367000e+02  5.004888e+01
     vertex  1.806659e+01  1.367000e+02  5.001887e+01
   endloop
 endfacet
 facet normal -5.098678e-01  0.000000e+00  8.602528e-01
   outer loop
     vertex  1.817365e+01  1.307000e+02  5.008035e+01
     vertex  1.812054e+01  1.367000e+02  5.004888e+01
     vertex  1.812054e+01  1.307000e+02  5.004888e+01
   endloop
 endfacet
 facet normal -5.098678e-01  0.000000e+00  8.602528e-01
   outer loop
     vertex  1.817365e+01  1.307000e+02  5.008035e+01
     vertex  1.817365e+01  1.367000e+02  5.008035e+01
     vertex  1.812054e+01  1.367000e+02  5.004888e+01
   endloop
 endfacet
 facet normal -5.332761e-01  0.000000e+00  8.459413e-01
   outer loop
     vertex  1.822587e+01  1.307000e+02  5.011327e+01
     vertex  1.817365e+01  1.367000e+02  5.008035e+01
     vertex  1.817365e+01  1.307000e+02  5.008035e+01
   endloop
 endfacet
 facet normal -5.332761e-01  0.000000e+00  8.459413e-01
   outer loop
     vertex  1.822587e+01  1.307000e+02  5.011327e+01
     vertex  1.822587e+01  1.367000e+02  5.011327e+01
     vertex  1.817365e+01  1.367000e+02  5.008035e+01
   endloop
 endfacet
 facet normal -5.562829e-01  0.000000e+00  8.309929e-01
   outer loop
     vertex  1.827717e+01  1.307000e+02  5.014761e+01
     vertex  1.827717e+01  1.367000e+02  5.014761e+01
     vertex  1.822587e+01  1.367000e+02  5.011327e+01
   endloop
 endfacet
 facet normal -5.562829e-01  0.000000e+00  8.309929e-01
   outer loop
     vertex  1.827717e+01  1.307000e+02  5.014761e+01
     vertex  1.822587e+01  1.367000e+02  5.011327e+01
     vertex  1.822587e+01  1.307000e+02  5.011327e+01
   endloop
 endfacet
 facet normal -5.788711e-01  0.000000e+00  8.154191e-01
   outer loop
     vertex  1.832751e+01  1.307000e+02  5.018335e+01
     vertex  1.832751e+01  1.367000e+02  5.018335e+01
     vertex  1.827717e+01  1.367000e+02  5.014761e+01
   endloop
 endfacet
 facet normal -5.788711e-01  0.000000e+00  8.154191e-01
   outer loop
     vertex  1.832751e+01  1.307000e+02  5.018335e+01
     vertex  1.827717e+01  1.367000e+02  5.014761e+01
     vertex  1.827717e+01  1.307000e+02  5.014761e+01
   endloop
 endfacet
 facet normal -6.010234e-01  0.000000e+00  7.992314e-01
   outer loop
     vertex  1.837684e+01  1.307000e+02  5.022045e+01
     vertex  1.837684e+01  1.367000e+02  5.022045e+01
     vertex  1.832751e+01  1.367000e+02  5.018335e+01
   endloop
 endfacet
 facet normal -6.010234e-01  0.000000e+00  7.992314e-01
   outer loop
     vertex  1.837684e+01  1.307000e+02  5.022045e+01
     vertex  1.832751e+01  1.367000e+02  5.018335e+01
     vertex  1.832751e+01  1.307000e+02  5.018335e+01
   endloop
 endfacet
 facet normal -6.227234e-01  0.000000e+00  7.824421e-01
   outer loop
     vertex  1.842515e+01  1.307000e+02  5.025889e+01
     vertex  1.842515e+01  1.367000e+02  5.025889e+01
     vertex  1.837684e+01  1.367000e+02  5.022045e+01
   endloop
 endfacet
 facet normal -6.227234e-01  0.000000e+00  7.824421e-01
   outer loop
     vertex  1.842515e+01  1.307000e+02  5.025889e+01
     vertex  1.837684e+01  1.367000e+02  5.022045e+01
     vertex  1.837684e+01  1.307000e+02  5.022045e+01
   endloop
 endfacet
 facet normal -6.439545e-01  0.000000e+00  7.650637e-01
   outer loop
     vertex  1.847238e+01  1.307000e+02  5.029864e+01
     vertex  1.847238e+01  1.367000e+02  5.029864e+01
     vertex  1.842515e+01  1.367000e+02  5.025889e+01
   endloop
 endfacet
 facet normal -6.439545e-01  0.000000e+00  7.650637e-01
   outer loop
     vertex  1.847238e+01  1.307000e+02  5.029864e+01
     vertex  1.842515e+01  1.367000e+02  5.025889e+01
     vertex  1.842515e+01  1.307000e+02  5.025889e+01
   endloop
 endfacet
 facet normal -6.647010e-01  0.000000e+00  7.471095e-01
   outer loop
     vertex  1.851850e+01  1.307000e+02  5.033968e+01
     vertex  1.851850e+01  1.367000e+02  5.033968e+01
     vertex  1.847238e+01  1.367000e+02  5.029864e+01
   endloop
 endfacet
 facet normal -6.849470e-01  0.000000e+00  7.285929e-01
   outer loop
     vertex  1.851850e+01  1.307000e+02  5.033968e+01
     vertex  1.856347e+01  1.367000e+02  5.038196e+01
     vertex  1.851850e+01  1.367000e+02  5.033968e+01
   endloop
 endfacet
 facet normal -6.647010e-01  0.000000e+00  7.471095e-01
   outer loop
     vertex  1.851850e+01  1.307000e+02  5.033968e+01
     vertex  1.847238e+01  1.367000e+02  5.029864e+01
     vertex  1.847238e+01  1.307000e+02  5.029864e+01
   endloop
 endfacet
 facet normal -6.849470e-01  0.000000e+00  7.285929e-01
   outer loop
     vertex  1.856347e+01  1.307000e+02  5.038196e+01
     vertex  1.856347e+01  1.367000e+02  5.038196e+01
     vertex  1.851850e+01  1.307000e+02  5.033968e+01
   endloop
 endfacet
 facet normal -7.046775e-01  0.000000e+00  7.095278e-01
   outer loop
     vertex  1.860728e+01  1.307000e+02  5.042546e+01
     vertex  1.860728e+01  1.367000e+02  5.042546e+01
     vertex  1.856347e+01  1.367000e+02  5.038196e+01
   endloop
 endfacet
 facet normal -7.238775e-01  0.000000e+00  6.899286e-01
   outer loop
     vertex  1.860728e+01  1.307000e+02  5.042546e+01
     vertex  1.864987e+01  1.367000e+02  5.047015e+01
     vertex  1.860728e+01  1.367000e+02  5.042546e+01
   endloop
 endfacet
 facet normal -7.046775e-01  0.000000e+00  7.095278e-01
   outer loop
     vertex  1.860728e+01  1.307000e+02  5.042546e+01
     vertex  1.856347e+01  1.367000e+02  5.038196e+01
     vertex  1.856347e+01  1.307000e+02  5.038196e+01
   endloop
 endfacet
 facet normal -7.238775e-01  0.000000e+00  6.899286e-01
   outer loop
     vertex  1.864987e+01  1.307000e+02  5.047015e+01
     vertex  1.864987e+01  1.367000e+02  5.047015e+01
     vertex  1.860728e+01  1.307000e+02  5.042546e+01
   endloop
 endfacet
 facet normal -7.425325e-01  0.000000e+00  6.698100e-01
   outer loop
     vertex  1.869122e+01  1.307000e+02  5.051599e+01
     vertex  1.869122e+01  1.367000e+02  5.051599e+01
     vertex  1.864987e+01  1.367000e+02  5.047015e+01
   endloop
 endfacet
 facet normal -7.425325e-01  0.000000e+00  6.698100e-01
   outer loop
     vertex  1.869122e+01  1.307000e+02  5.051599e+01
     vertex  1.864987e+01  1.367000e+02  5.047015e+01
     vertex  1.864987e+01  1.307000e+02  5.047015e+01
   endloop
 endfacet
 facet normal -7.606287e-01  0.000000e+00  6.491872e-01
   outer loop
     vertex  1.873129e+01  1.307000e+02  5.056294e+01
     vertex  1.873129e+01  1.367000e+02  5.056294e+01
     vertex  1.869122e+01  1.367000e+02  5.051599e+01
   endloop
 endfacet
 facet normal -7.781522e-01  0.000000e+00  6.280757e-01
   outer loop
     vertex  1.873129e+01  1.307000e+02  5.056294e+01
     vertex  1.877006e+01  1.367000e+02  5.061098e+01
     vertex  1.873129e+01  1.367000e+02  5.056294e+01
   endloop
 endfacet
 facet normal -7.606287e-01  0.000000e+00  6.491872e-01
   outer loop
     vertex  1.873129e+01  1.307000e+02  5.056294e+01
     vertex  1.869122e+01  1.367000e+02  5.051599e+01
     vertex  1.869122e+01  1.307000e+02  5.051599e+01
   endloop
 endfacet
 facet normal -7.950900e-01  0.000000e+00  6.064915e-01
   outer loop
     vertex  1.877006e+01  1.307000e+02  5.061098e+01
     vertex  1.880750e+01  1.367000e+02  5.066006e+01
     vertex  1.877006e+01  1.367000e+02  5.061098e+01
   endloop
 endfacet
 facet normal -7.781522e-01  0.000000e+00  6.280757e-01
   outer loop
     vertex  1.877006e+01  1.307000e+02  5.061098e+01
     vertex  1.877006e+01  1.367000e+02  5.061098e+01
     vertex  1.873129e+01  1.307000e+02  5.056294e+01
   endloop
 endfacet
 facet normal -7.950900e-01  0.000000e+00  6.064915e-01
   outer loop
     vertex  1.880750e+01  1.307000e+02  5.066006e+01
     vertex  1.880750e+01  1.367000e+02  5.066006e+01
     vertex  1.877006e+01  1.307000e+02  5.061098e+01
   endloop
 endfacet
 facet normal -8.114292e-01  0.000000e+00  5.844507e-01
   outer loop
     vertex  1.884358e+01  1.307000e+02  5.071016e+01
     vertex  1.880750e+01  1.367000e+02  5.066006e+01
     vertex  1.880750e+01  1.307000e+02  5.066006e+01
   endloop
 endfacet
 facet normal -8.114292e-01  0.000000e+00  5.844507e-01
   outer loop
     vertex  1.884358e+01  1.307000e+02  5.071016e+01
     vertex  1.884358e+01  1.367000e+02  5.071016e+01
     vertex  1.880750e+01  1.367000e+02  5.066006e+01
   endloop
 endfacet
 facet normal -8.271577e-01  0.000000e+00  5.619699e-01
   outer loop
     vertex  1.887828e+01  1.307000e+02  5.076122e+01
     vertex  1.887828e+01  1.367000e+02  5.076122e+01
     vertex  1.884358e+01  1.367000e+02  5.071016e+01
   endloop
 endfacet
 facet normal -8.271577e-01  0.000000e+00  5.619699e-01
   outer loop
     vertex  1.887828e+01  1.307000e+02  5.076122e+01
     vertex  1.884358e+01  1.367000e+02  5.071016e+01
     vertex  1.884358e+01  1.307000e+02  5.071016e+01
   endloop
 endfacet
 facet normal -8.422635e-01  0.000000e+00  5.390661e-01
   outer loop
     vertex  1.891155e+01  1.307000e+02  5.081321e+01
     vertex  1.887828e+01  1.367000e+02  5.076122e+01
     vertex  1.887828e+01  1.307000e+02  5.076122e+01
   endloop
 endfacet
 facet normal -8.422635e-01  0.000000e+00  5.390661e-01
   outer loop
     vertex  1.891155e+01  1.307000e+02  5.081321e+01
     vertex  1.891155e+01  1.367000e+02  5.081321e+01
     vertex  1.887828e+01  1.367000e+02  5.076122e+01
   endloop
 endfacet
 facet normal -8.567352e-01  0.000000e+00  5.157565e-01
   outer loop
     vertex  1.894339e+01  1.307000e+02  5.086610e+01
     vertex  1.891155e+01  1.367000e+02  5.081321e+01
     vertex  1.891155e+01  1.307000e+02  5.081321e+01
   endloop
 endfacet
 facet normal -8.567352e-01  0.000000e+00  5.157565e-01
   outer loop
     vertex  1.894339e+01  1.307000e+02  5.086610e+01
     vertex  1.894339e+01  1.367000e+02  5.086610e+01
     vertex  1.891155e+01  1.367000e+02  5.081321e+01
   endloop
 endfacet
 facet normal -8.705620e-01  0.000000e+00  4.920587e-01
   outer loop
     vertex  1.897377e+01  1.307000e+02  5.091984e+01
     vertex  1.894339e+01  1.367000e+02  5.086610e+01
     vertex  1.894339e+01  1.307000e+02  5.086610e+01
   endloop
 endfacet
 facet normal -8.705620e-01  0.000000e+00  4.920587e-01
   outer loop
     vertex  1.897377e+01  1.307000e+02  5.091984e+01
     vertex  1.897377e+01  1.367000e+02  5.091984e+01
     vertex  1.894339e+01  1.367000e+02  5.086610e+01
   endloop
 endfacet
 facet normal -8.837335e-01  0.000000e+00  4.679904e-01
   outer loop
     vertex  1.900266e+01  1.307000e+02  5.097440e+01
     vertex  1.897377e+01  1.367000e+02  5.091984e+01
     vertex  1.897377e+01  1.307000e+02  5.091984e+01
   endloop
 endfacet
 facet normal -8.837335e-01  0.000000e+00  4.679904e-01
   outer loop
     vertex  1.900266e+01  1.307000e+02  5.097440e+01
     vertex  1.900266e+01  1.367000e+02  5.097440e+01
     vertex  1.897377e+01  1.367000e+02  5.091984e+01
   endloop
 endfacet
 facet normal -8.962398e-01  0.000000e+00  4.435699e-01
   outer loop
     vertex  1.903004e+01  1.307000e+02  5.102973e+01
     vertex  1.900266e+01  1.367000e+02  5.097440e+01
     vertex  1.900266e+01  1.307000e+02  5.097440e+01
   endloop
 endfacet
 facet normal -8.962398e-01  0.000000e+00  4.435699e-01
   outer loop
     vertex  1.903004e+01  1.307000e+02  5.102973e+01
     vertex  1.903004e+01  1.367000e+02  5.102973e+01
     vertex  1.900266e+01  1.367000e+02  5.097440e+01
   endloop
 endfacet
 facet normal -9.080714e-01  0.000000e+00  4.188155e-01
   outer loop
     vertex  1.905590e+01  1.307000e+02  5.108578e+01
     vertex  1.903004e+01  1.367000e+02  5.102973e+01
     vertex  1.903004e+01  1.307000e+02  5.102973e+01
   endloop
 endfacet
 facet normal -9.080714e-01  0.000000e+00  4.188155e-01
   outer loop
     vertex  1.905590e+01  1.307000e+02  5.108578e+01
     vertex  1.905590e+01  1.367000e+02  5.108578e+01
     vertex  1.903004e+01  1.367000e+02  5.102973e+01
   endloop
 endfacet
 facet normal -9.192194e-01  0.000000e+00  3.937458e-01
   outer loop
     vertex  1.908020e+01  1.307000e+02  5.114253e+01
     vertex  1.905590e+01  1.367000e+02  5.108578e+01
     vertex  1.905590e+01  1.307000e+02  5.108578e+01
   endloop
 endfacet
 facet normal -9.192194e-01  0.000000e+00  3.937458e-01
   outer loop
     vertex  1.908020e+01  1.307000e+02  5.114253e+01
     vertex  1.908020e+01  1.367000e+02  5.114253e+01
     vertex  1.905590e+01  1.367000e+02  5.108578e+01
   endloop
 endfacet
 facet normal -9.296754e-01  0.000000e+00  3.683796e-01
   outer loop
     vertex  1.910294e+01  1.307000e+02  5.119992e+01
     vertex  1.908020e+01  1.367000e+02  5.114253e+01
     vertex  1.908020e+01  1.307000e+02  5.114253e+01
   endloop
 endfacet
 facet normal -9.296754e-01  0.000000e+00  3.683796e-01
   outer loop
     vertex  1.910294e+01  1.307000e+02  5.119992e+01
     vertex  1.910294e+01  1.367000e+02  5.119992e+01
     vertex  1.908020e+01  1.367000e+02  5.114253e+01
   endloop
 endfacet
 facet normal -9.394317e-01  0.000000e+00  3.427362e-01
   outer loop
     vertex  1.910294e+01  1.307000e+02  5.119992e+01
     vertex  1.912410e+01  1.367000e+02  5.125791e+01
     vertex  1.910294e+01  1.367000e+02  5.119992e+01
   endloop
 endfacet
 facet normal -9.394317e-01  0.000000e+00  3.427362e-01
   outer loop
     vertex  1.912410e+01  1.307000e+02  5.125791e+01
     vertex  1.912410e+01  1.367000e+02  5.125791e+01
     vertex  1.910294e+01  1.307000e+02  5.119992e+01
   endloop
 endfacet
 facet normal -9.484807e-01  0.000000e+00  3.168348e-01
   outer loop
     vertex  1.914366e+01  1.307000e+02  5.131646e+01
     vertex  1.912410e+01  1.367000e+02  5.125791e+01
     vertex  1.912410e+01  1.307000e+02  5.125791e+01
   endloop
 endfacet
 facet normal -9.484807e-01  0.000000e+00  3.168348e-01
   outer loop
     vertex  1.914366e+01  1.307000e+02  5.131646e+01
     vertex  1.914366e+01  1.367000e+02  5.131646e+01
     vertex  1.912410e+01  1.367000e+02  5.125791e+01
   endloop
 endfacet
 facet normal -9.568158e-01  0.000000e+00  2.906949e-01
   outer loop
     vertex  1.916161e+01  1.307000e+02  5.137553e+01
     vertex  1.914366e+01  1.367000e+02  5.131646e+01
     vertex  1.914366e+01  1.307000e+02  5.131646e+01
   endloop
 endfacet
 facet normal -9.568158e-01  0.000000e+00  2.906949e-01
   outer loop
     vertex  1.916161e+01  1.307000e+02  5.137553e+01
     vertex  1.916161e+01  1.367000e+02  5.137553e+01
     vertex  1.914366e+01  1.367000e+02  5.131646e+01
   endloop
 endfacet
 facet normal -9.644306e-01  0.000000e+00  2.643362e-01
   outer loop
     vertex  1.917792e+01  1.307000e+02  5.143507e+01
     vertex  1.916161e+01  1.367000e+02  5.137553e+01
     vertex  1.916161e+01  1.307000e+02  5.137553e+01
   endloop
 endfacet
 facet normal -9.644306e-01  0.000000e+00  2.643362e-01
   outer loop
     vertex  1.917792e+01  1.307000e+02  5.143507e+01
     vertex  1.917792e+01  1.367000e+02  5.143507e+01
     vertex  1.916161e+01  1.367000e+02  5.137553e+01
   endloop
 endfacet
 facet normal -9.713194e-01  0.000000e+00  2.377784e-01
   outer loop
     vertex  1.919260e+01  1.307000e+02  5.149503e+01
     vertex  1.917792e+01  1.367000e+02  5.143507e+01
     vertex  1.917792e+01  1.307000e+02  5.143507e+01
   endloop
 endfacet
 facet normal -9.713194e-01  0.000000e+00  2.377784e-01
   outer loop
     vertex  1.919260e+01  1.307000e+02  5.149503e+01
     vertex  1.919260e+01  1.367000e+02  5.149503e+01
     vertex  1.917792e+01  1.367000e+02  5.143507e+01
   endloop
 endfacet
 facet normal -9.774771e-01  0.000000e+00  2.110417e-01
   outer loop
     vertex  1.920563e+01  1.307000e+02  5.155537e+01
     vertex  1.919260e+01  1.367000e+02  5.149503e+01
     vertex  1.919260e+01  1.307000e+02  5.149503e+01
   endloop
 endfacet
 facet normal -9.774771e-01  0.000000e+00  2.110417e-01
   outer loop
     vertex  1.920563e+01  1.307000e+02  5.155537e+01
     vertex  1.920563e+01  1.367000e+02  5.155537e+01
     vertex  1.919260e+01  1.367000e+02  5.149503e+01
   endloop
 endfacet
 facet normal -9.828989e-01  0.000000e+00  1.841461e-01
   outer loop
     vertex  1.921700e+01  1.307000e+02  5.161605e+01
     vertex  1.920563e+01  1.367000e+02  5.155537e+01
     vertex  1.920563e+01  1.307000e+02  5.155537e+01
   endloop
 endfacet
 facet normal -9.828989e-01  0.000000e+00  1.841461e-01
   outer loop
     vertex  1.921700e+01  1.307000e+02  5.161605e+01
     vertex  1.921700e+01  1.367000e+02  5.161605e+01
     vertex  1.920563e+01  1.367000e+02  5.155537e+01
   endloop
 endfacet
 facet normal -9.875808e-01  0.000000e+00  1.571119e-01
   outer loop
     vertex  1.921700e+01  1.307000e+02  5.161605e+01
     vertex  1.922670e+01  1.367000e+02  5.167701e+01
     vertex  1.921700e+01  1.367000e+02  5.161605e+01
   endloop
 endfacet
 facet normal -9.875808e-01  0.000000e+00  1.571119e-01
   outer loop
     vertex  1.922670e+01  1.307000e+02  5.167701e+01
     vertex  1.922670e+01  1.367000e+02  5.167701e+01
     vertex  1.921700e+01  1.307000e+02  5.161605e+01
   endloop
 endfacet
 facet normal -9.915193e-01  0.000000e+00  1.299594e-01
   outer loop
     vertex  1.922670e+01  1.307000e+02  5.167701e+01
     vertex  1.923472e+01  1.367000e+02  5.173822e+01
     vertex  1.922670e+01  1.367000e+02  5.167701e+01
   endloop
 endfacet
 facet normal -9.915193e-01  0.000000e+00  1.299594e-01
   outer loop
     vertex  1.923472e+01  1.307000e+02  5.173822e+01
     vertex  1.923472e+01  1.367000e+02  5.173822e+01
     vertex  1.922670e+01  1.307000e+02  5.167701e+01
   endloop
 endfacet
 facet normal -9.947114e-01  0.000000e+00  1.027091e-01
   outer loop
     vertex  1.924106e+01  1.307000e+02  5.179963e+01
     vertex  1.923472e+01  1.367000e+02  5.173822e+01
     vertex  1.923472e+01  1.307000e+02  5.173822e+01
   endloop
 endfacet
 facet normal -9.947114e-01  0.000000e+00  1.027091e-01
   outer loop
     vertex  1.924106e+01  1.307000e+02  5.179963e+01
     vertex  1.924106e+01  1.367000e+02  5.179963e+01
     vertex  1.923472e+01  1.367000e+02  5.173822e+01
   endloop
 endfacet
 facet normal -9.971548e-01  0.000000e+00  7.538152e-02
   outer loop
     vertex  1.924571e+01  1.307000e+02  5.186119e+01
     vertex  1.924106e+01  1.367000e+02  5.179963e+01
     vertex  1.924106e+01  1.307000e+02  5.179963e+01
   endloop
 endfacet
 facet normal -9.971548e-01  0.000000e+00  7.538152e-02
   outer loop
     vertex  1.924571e+01  1.307000e+02  5.186119e+01
     vertex  1.924571e+01  1.367000e+02  5.186119e+01
     vertex  1.924106e+01  1.367000e+02  5.179963e+01
   endloop
 endfacet
 facet normal -9.988475e-01  0.000000e+00  4.799716e-02
   outer loop
     vertex  1.924868e+01  1.307000e+02  5.192285e+01
     vertex  1.924571e+01  1.367000e+02  5.186119e+01
     vertex  1.924571e+01  1.307000e+02  5.186119e+01
   endloop
 endfacet
 facet normal -9.988475e-01  0.000000e+00  4.799716e-02
   outer loop
     vertex  1.924868e+01  1.307000e+02  5.192285e+01
     vertex  1.924868e+01  1.367000e+02  5.192285e+01
     vertex  1.924571e+01  1.367000e+02  5.186119e+01
   endloop
 endfacet
 facet normal -9.997883e-01  0.000000e+00  2.057667e-02
   outer loop
     vertex  1.924995e+01  1.307000e+02  5.198457e+01
     vertex  1.924995e+01  1.367000e+02  5.198457e+01
     vertex  1.924868e+01  1.367000e+02  5.192285e+01
   endloop
 endfacet
 facet normal -9.997883e-01  0.000000e+00  2.057667e-02
   outer loop
     vertex  1.924995e+01  1.307000e+02  5.198457e+01
     vertex  1.924868e+01  1.367000e+02  5.192285e+01
     vertex  1.924868e+01  1.307000e+02  5.192285e+01
   endloop
 endfacet
 facet normal -9.999765e-01  0.000000e+00 -6.859319e-03
   outer loop
     vertex  1.924995e+01  1.307000e+02  5.198457e+01
     vertex  1.924952e+01  1.367000e+02  5.204630e+01
     vertex  1.924995e+01  1.367000e+02  5.198457e+01
   endloop
 endfacet
 facet normal -9.999765e-01  0.000000e+00 -6.859319e-03
   outer loop
     vertex  1.924952e+01  1.307000e+02  5.204630e+01
     vertex  1.924952e+01  1.367000e+02  5.204630e+01
     vertex  1.924995e+01  1.307000e+02  5.198457e+01
   endloop
 endfacet
 facet normal -9.994119e-01  0.000000e+00 -3.429014e-02
   outer loop
     vertex  1.924741e+01  1.307000e+02  5.210799e+01
     vertex  1.924741e+01  1.367000e+02  5.210799e+01
     vertex  1.924952e+01  1.367000e+02  5.204630e+01
   endloop
 endfacet
 facet normal -9.994119e-01  0.000000e+00 -3.429014e-02
   outer loop
     vertex  1.924741e+01  1.307000e+02  5.210799e+01
     vertex  1.924952e+01  1.367000e+02  5.204630e+01
     vertex  1.924952e+01  1.307000e+02  5.204630e+01
   endloop
 endfacet
 facet normal -9.980950e-01  0.000000e+00 -6.169515e-02
   outer loop
     vertex  1.924360e+01  1.307000e+02  5.216961e+01
     vertex  1.924360e+01  1.367000e+02  5.216961e+01
     vertex  1.924741e+01  1.367000e+02  5.210799e+01
   endloop
 endfacet
 facet normal -9.960268e-01  0.000000e+00 -8.905371e-02
   outer loop
     vertex  1.924360e+01  1.307000e+02  5.216961e+01
     vertex  1.923810e+01  1.367000e+02  5.223110e+01
     vertex  1.924360e+01  1.367000e+02  5.216961e+01
   endloop
 endfacet
 facet normal -9.980950e-01  0.000000e+00 -6.169515e-02
   outer loop
     vertex  1.924360e+01  1.307000e+02  5.216961e+01
     vertex  1.924741e+01  1.367000e+02  5.210799e+01
     vertex  1.924741e+01  1.307000e+02  5.210799e+01
   endloop
 endfacet
 facet normal -9.960268e-01  0.000000e+00 -8.905371e-02
   outer loop
     vertex  1.923810e+01  1.307000e+02  5.223110e+01
     vertex  1.923810e+01  1.367000e+02  5.223110e+01
     vertex  1.924360e+01  1.307000e+02  5.216961e+01
   endloop
 endfacet
 facet normal -9.932088e-01  0.000000e+00 -1.163452e-01
   outer loop
     vertex  1.923092e+01  1.307000e+02  5.229241e+01
     vertex  1.923810e+01  1.367000e+02  5.223110e+01
     vertex  1.923810e+01  1.307000e+02  5.223110e+01
   endloop
 endfacet
 facet normal -9.932088e-01  0.000000e+00 -1.163452e-01
   outer loop
     vertex  1.923092e+01  1.307000e+02  5.229241e+01
     vertex  1.923092e+01  1.367000e+02  5.229241e+01
     vertex  1.923810e+01  1.367000e+02  5.223110e+01
   endloop
 endfacet
 facet normal -9.896432e-01  0.000000e+00 -1.435492e-01
   outer loop
     vertex  1.922206e+01  1.307000e+02  5.235350e+01
     vertex  1.923092e+01  1.367000e+02  5.229241e+01
     vertex  1.923092e+01  1.307000e+02  5.229241e+01
   endloop
 endfacet
 facet normal -9.896432e-01  0.000000e+00 -1.435492e-01
   outer loop
     vertex  1.922206e+01  1.307000e+02  5.235350e+01
     vertex  1.922206e+01  1.367000e+02  5.235350e+01
     vertex  1.923092e+01  1.367000e+02  5.229241e+01
   endloop
 endfacet
 facet normal -9.853326e-01  0.000000e+00 -1.706451e-01
   outer loop
     vertex  1.922206e+01  1.307000e+02  5.235350e+01
     vertex  1.921152e+01  1.367000e+02  5.241433e+01
     vertex  1.922206e+01  1.367000e+02  5.235350e+01
   endloop
 endfacet
 facet normal -9.853326e-01  0.000000e+00 -1.706451e-01
   outer loop
     vertex  1.921152e+01  1.307000e+02  5.241433e+01
     vertex  1.921152e+01  1.367000e+02  5.241433e+01
     vertex  1.922206e+01  1.307000e+02  5.235350e+01
   endloop
 endfacet
 facet normal -9.802802e-01  0.000000e+00 -1.976125e-01
   outer loop
     vertex  1.919932e+01  1.307000e+02  5.247484e+01
     vertex  1.921152e+01  1.367000e+02  5.241433e+01
     vertex  1.921152e+01  1.307000e+02  5.241433e+01
   endloop
 endfacet
 facet normal -9.802802e-01  0.000000e+00 -1.976125e-01
   outer loop
     vertex  1.919932e+01  1.307000e+02  5.247484e+01
     vertex  1.919932e+01  1.367000e+02  5.247484e+01
     vertex  1.921152e+01  1.367000e+02  5.241433e+01
   endloop
 endfacet
 facet normal -9.744899e-01  0.000000e+00 -2.244312e-01
   outer loop
     vertex  1.918547e+01  1.307000e+02  5.253500e+01
     vertex  1.919932e+01  1.367000e+02  5.247484e+01
     vertex  1.919932e+01  1.307000e+02  5.247484e+01
   endloop
 endfacet
 facet normal -9.744899e-01  0.000000e+00 -2.244312e-01
   outer loop
     vertex  1.918547e+01  1.307000e+02  5.253500e+01
     vertex  1.918547e+01  1.367000e+02  5.253500e+01
     vertex  1.919932e+01  1.367000e+02  5.247484e+01
   endloop
 endfacet
 facet normal -9.679661e-01  0.000000e+00 -2.510809e-01
   outer loop
     vertex  1.918547e+01  1.307000e+02  5.253500e+01
     vertex  1.916997e+01  1.367000e+02  5.259476e+01
     vertex  1.918547e+01  1.367000e+02  5.253500e+01
   endloop
 endfacet
 facet normal -9.679661e-01  0.000000e+00 -2.510809e-01
   outer loop
     vertex  1.916997e+01  1.307000e+02  5.259476e+01
     vertex  1.916997e+01  1.367000e+02  5.259476e+01
     vertex  1.918547e+01  1.307000e+02  5.253500e+01
   endloop
 endfacet
 facet normal -9.607136e-01  0.000000e+00 -2.775416e-01
   outer loop
     vertex  1.915284e+01  1.307000e+02  5.265406e+01
     vertex  1.916997e+01  1.367000e+02  5.259476e+01
     vertex  1.916997e+01  1.307000e+02  5.259476e+01
   endloop
 endfacet
 facet normal -9.607136e-01  0.000000e+00 -2.775416e-01
   outer loop
     vertex  1.915284e+01  1.307000e+02  5.265406e+01
     vertex  1.915284e+01  1.367000e+02  5.265406e+01
     vertex  1.916997e+01  1.367000e+02  5.259476e+01
   endloop
 endfacet
 facet normal -9.527379e-01  0.000000e+00 -3.037934e-01
   outer loop
     vertex  1.913408e+01  1.307000e+02  5.271288e+01
     vertex  1.915284e+01  1.367000e+02  5.265406e+01
     vertex  1.915284e+01  1.307000e+02  5.265406e+01
   endloop
 endfacet
 facet normal -9.527379e-01  0.000000e+00 -3.037934e-01
   outer loop
     vertex  1.913408e+01  1.307000e+02  5.271288e+01
     vertex  1.913408e+01  1.367000e+02  5.271288e+01
     vertex  1.915284e+01  1.367000e+02  5.265406e+01
   endloop
 endfacet
 facet normal -9.440450e-01  0.000000e+00 -3.298166e-01
   outer loop
     vertex  1.911372e+01  1.307000e+02  5.277116e+01
     vertex  1.913408e+01  1.367000e+02  5.271288e+01
     vertex  1.913408e+01  1.307000e+02  5.271288e+01
   endloop
 endfacet
 facet normal -9.440450e-01  0.000000e+00 -3.298166e-01
   outer loop
     vertex  1.911372e+01  1.307000e+02  5.277116e+01
     vertex  1.911372e+01  1.367000e+02  5.277116e+01
     vertex  1.913408e+01  1.367000e+02  5.271288e+01
   endloop
 endfacet
 facet normal -9.346415e-01  0.000000e+00 -3.555914e-01
   outer loop
     vertex  1.911372e+01  1.307000e+02  5.277116e+01
     vertex  1.909177e+01  1.367000e+02  5.282885e+01
     vertex  1.911372e+01  1.367000e+02  5.277116e+01
   endloop
 endfacet
 facet normal -9.346415e-01  0.000000e+00 -3.555914e-01
   outer loop
     vertex  1.909177e+01  1.307000e+02  5.282885e+01
     vertex  1.909177e+01  1.367000e+02  5.282885e+01
     vertex  1.911372e+01  1.307000e+02  5.277116e+01
   endloop
 endfacet
 facet normal -9.137314e-01  0.000000e+00 -4.063188e-01
   outer loop
     vertex  1.906824e+01  1.307000e+02  5.288593e+01
     vertex  1.904316e+01  1.367000e+02  5.294233e+01
     vertex  1.906824e+01  1.367000e+02  5.288593e+01
   endloop
 endfacet
 facet normal -9.245344e-01  0.000000e+00 -3.810986e-01
   outer loop
     vertex  1.906824e+01  1.307000e+02  5.288593e+01
     vertex  1.909177e+01  1.367000e+02  5.282885e+01
     vertex  1.909177e+01  1.307000e+02  5.282885e+01
   endloop
 endfacet
 facet normal -9.245344e-01  0.000000e+00 -3.810986e-01
   outer loop
     vertex  1.906824e+01  1.307000e+02  5.288593e+01
     vertex  1.906824e+01  1.367000e+02  5.288593e+01
     vertex  1.909177e+01  1.367000e+02  5.282885e+01
   endloop
 endfacet
 facet normal -9.137314e-01  0.000000e+00 -4.063188e-01
   outer loop
     vertex  1.904316e+01  1.307000e+02  5.294233e+01
     vertex  1.904316e+01  1.367000e+02  5.294233e+01
     vertex  1.906824e+01  1.307000e+02  5.288593e+01
   endloop
 endfacet
 facet normal -9.022405e-01  0.000000e+00 -4.312333e-01
   outer loop
     vertex  1.901654e+01  1.307000e+02  5.299803e+01
     vertex  1.901654e+01  1.367000e+02  5.299803e+01
     vertex  1.904316e+01  1.367000e+02  5.294233e+01
   endloop
 endfacet
 facet normal -9.022405e-01  0.000000e+00 -4.312333e-01
   outer loop
     vertex  1.901654e+01  1.307000e+02  5.299803e+01
     vertex  1.904316e+01  1.367000e+02  5.294233e+01
     vertex  1.904316e+01  1.307000e+02  5.294233e+01
   endloop
 endfacet
 facet normal -8.900704e-01  0.000000e+00 -4.558231e-01
   outer loop
     vertex  1.898840e+01  1.307000e+02  5.305298e+01
     vertex  1.898840e+01  1.367000e+02  5.305298e+01
     vertex  1.901654e+01  1.367000e+02  5.299803e+01
   endloop
 endfacet
 facet normal -8.772303e-01  0.000000e+00 -4.800697e-01
   outer loop
     vertex  1.898840e+01  1.307000e+02  5.305298e+01
     vertex  1.895876e+01  1.367000e+02  5.310713e+01
     vertex  1.898840e+01  1.367000e+02  5.305298e+01
   endloop
 endfacet
 facet normal -8.900704e-01  0.000000e+00 -4.558231e-01
   outer loop
     vertex  1.898840e+01  1.307000e+02  5.305298e+01
     vertex  1.901654e+01  1.367000e+02  5.299803e+01
     vertex  1.901654e+01  1.307000e+02  5.299803e+01
   endloop
 endfacet
 facet normal -8.772303e-01  0.000000e+00 -4.800697e-01
   outer loop
     vertex  1.895876e+01  1.307000e+02  5.310713e+01
     vertex  1.895876e+01  1.367000e+02  5.310713e+01
     vertex  1.898840e+01  1.307000e+02  5.305298e+01
   endloop
 endfacet
 facet normal -8.637299e-01  0.000000e+00 -5.039550e-01
   outer loop
     vertex  1.892765e+01  1.307000e+02  5.316045e+01
     vertex  1.892765e+01  1.367000e+02  5.316045e+01
     vertex  1.895876e+01  1.367000e+02  5.310713e+01
   endloop
 endfacet
 facet normal -8.637299e-01  0.000000e+00 -5.039550e-01
   outer loop
     vertex  1.892765e+01  1.307000e+02  5.316045e+01
     vertex  1.895876e+01  1.367000e+02  5.310713e+01
     vertex  1.895876e+01  1.307000e+02  5.310713e+01
   endloop
 endfacet
 facet normal -8.495793e-01  0.000000e+00 -5.274609e-01
   outer loop
     vertex  1.889509e+01  1.307000e+02  5.321290e+01
     vertex  1.889509e+01  1.367000e+02  5.321290e+01
     vertex  1.892765e+01  1.367000e+02  5.316045e+01
   endloop
 endfacet
 facet normal -8.347891e-01  0.000000e+00 -5.505698e-01
   outer loop
     vertex  1.889509e+01  1.307000e+02  5.321290e+01
     vertex  1.886110e+01  1.367000e+02  5.326443e+01
     vertex  1.889509e+01  1.367000e+02  5.321290e+01
   endloop
 endfacet
 facet normal -8.495793e-01  0.000000e+00 -5.274609e-01
   outer loop
     vertex  1.889509e+01  1.307000e+02  5.321290e+01
     vertex  1.892765e+01  1.367000e+02  5.316045e+01
     vertex  1.892765e+01  1.307000e+02  5.316045e+01
   endloop
 endfacet
 facet normal -8.347891e-01  0.000000e+00 -5.505698e-01
   outer loop
     vertex  1.886110e+01  1.307000e+02  5.326443e+01
     vertex  1.886110e+01  1.367000e+02  5.326443e+01
     vertex  1.889509e+01  1.307000e+02  5.321290e+01
   endloop
 endfacet
 facet normal -8.193706e-01  0.000000e+00 -5.732642e-01
   outer loop
     vertex  1.882572e+01  1.307000e+02  5.331501e+01
     vertex  1.882572e+01  1.367000e+02  5.331501e+01
     vertex  1.886110e+01  1.367000e+02  5.326443e+01
   endloop
 endfacet
 facet normal -8.193706e-01  0.000000e+00 -5.732642e-01
   outer loop
     vertex  1.882572e+01  1.307000e+02  5.331501e+01
     vertex  1.886110e+01  1.367000e+02  5.326443e+01
     vertex  1.886110e+01  1.307000e+02  5.326443e+01
   endloop
 endfacet
 facet normal -8.033352e-01  0.000000e+00 -5.955271e-01
   outer loop
     vertex  1.878895e+01  1.307000e+02  5.336461e+01
     vertex  1.878895e+01  1.367000e+02  5.336461e+01
     vertex  1.882572e+01  1.367000e+02  5.331501e+01
   endloop
 endfacet
 facet normal -7.866951e-01  0.000000e+00 -6.173417e-01
   outer loop
     vertex  1.878895e+01  1.307000e+02  5.336461e+01
     vertex  1.875084e+01  1.367000e+02  5.341317e+01
     vertex  1.878895e+01  1.367000e+02  5.336461e+01
   endloop
 endfacet
 facet normal -8.033352e-01  0.000000e+00 -5.955271e-01
   outer loop
     vertex  1.878895e+01  1.307000e+02  5.336461e+01
     vertex  1.882572e+01  1.367000e+02  5.331501e+01
     vertex  1.882572e+01  1.307000e+02  5.331501e+01
   endloop
 endfacet
 facet normal -7.866951e-01  0.000000e+00 -6.173417e-01
   outer loop
     vertex  1.875084e+01  1.307000e+02  5.341317e+01
     vertex  1.875084e+01  1.367000e+02  5.341317e+01
     vertex  1.878895e+01  1.307000e+02  5.336461e+01
   endloop
 endfacet
 facet normal -7.694628e-01  0.000000e+00 -6.386916e-01
   outer loop
     vertex  1.871141e+01  1.307000e+02  5.346067e+01
     vertex  1.871141e+01  1.367000e+02  5.346067e+01
     vertex  1.875084e+01  1.367000e+02  5.341317e+01
   endloop
 endfacet
 facet normal -7.694628e-01  0.000000e+00 -6.386916e-01
   outer loop
     vertex  1.871141e+01  1.307000e+02  5.346067e+01
     vertex  1.875084e+01  1.367000e+02  5.341317e+01
     vertex  1.875084e+01  1.307000e+02  5.341317e+01
   endloop
 endfacet
 facet normal -7.516513e-01  0.000000e+00 -6.595607e-01
   outer loop
     vertex  1.867070e+01  1.307000e+02  5.350707e+01
     vertex  1.867070e+01  1.367000e+02  5.350707e+01
     vertex  1.871141e+01  1.367000e+02  5.346067e+01
   endloop
 endfacet
 facet normal -7.516513e-01  0.000000e+00 -6.595607e-01
   outer loop
     vertex  1.867070e+01  1.307000e+02  5.350707e+01
     vertex  1.871141e+01  1.367000e+02  5.346067e+01
     vertex  1.871141e+01  1.307000e+02  5.346067e+01
   endloop
 endfacet
 facet normal -7.332740e-01  0.000000e+00 -6.799333e-01
   outer loop
     vertex  1.862872e+01  1.307000e+02  5.355234e+01
     vertex  1.862872e+01  1.367000e+02  5.355234e+01
     vertex  1.867070e+01  1.367000e+02  5.350707e+01
   endloop
 endfacet
 facet normal -7.143447e-01  0.000000e+00 -6.997940e-01
   outer loop
     vertex  1.862872e+01  1.307000e+02  5.355234e+01
     vertex  1.858552e+01  1.367000e+02  5.359644e+01
     vertex  1.862872e+01  1.367000e+02  5.355234e+01
   endloop
 endfacet
 facet normal -7.332740e-01  0.000000e+00 -6.799333e-01
   outer loop
     vertex  1.862872e+01  1.307000e+02  5.355234e+01
     vertex  1.867070e+01  1.367000e+02  5.350707e+01
     vertex  1.867070e+01  1.307000e+02  5.350707e+01
   endloop
 endfacet
 facet normal -7.143447e-01  0.000000e+00 -6.997940e-01
   outer loop
     vertex  1.858552e+01  1.307000e+02  5.359644e+01
     vertex  1.858552e+01  1.367000e+02  5.359644e+01
     vertex  1.862872e+01  1.307000e+02  5.355234e+01
   endloop
 endfacet
 facet normal -6.948776e-01  0.000000e+00 -7.191280e-01
   outer loop
     vertex  1.858552e+01  1.307000e+02  5.359644e+01
     vertex  1.854113e+01  1.367000e+02  5.363933e+01
     vertex  1.858552e+01  1.367000e+02  5.359644e+01
   endloop
 endfacet
 facet normal -6.948776e-01  0.000000e+00 -7.191280e-01
   outer loop
     vertex  1.854113e+01  1.307000e+02  5.363933e+01
     vertex  1.854113e+01  1.367000e+02  5.363933e+01
     vertex  1.858552e+01  1.307000e+02  5.359644e+01
   endloop
 endfacet
 facet normal -6.748875e-01  0.000000e+00 -7.379206e-01
   outer loop
     vertex  1.854113e+01  1.307000e+02  5.363933e+01
     vertex  1.849558e+01  1.367000e+02  5.368100e+01
     vertex  1.854113e+01  1.367000e+02  5.363933e+01
   endloop
 endfacet
 facet normal -6.748875e-01  0.000000e+00 -7.379206e-01
   outer loop
     vertex  1.849558e+01  1.307000e+02  5.368100e+01
     vertex  1.849558e+01  1.367000e+02  5.368100e+01
     vertex  1.854113e+01  1.307000e+02  5.363933e+01
   endloop
 endfacet
 facet normal -6.543893e-01  0.000000e+00 -7.561578e-01
   outer loop
     vertex  1.844890e+01  1.307000e+02  5.372139e+01
     vertex  1.849558e+01  1.367000e+02  5.368100e+01
     vertex  1.849558e+01  1.307000e+02  5.368100e+01
   endloop
 endfacet
 facet normal -6.543893e-01  0.000000e+00 -7.561578e-01
   outer loop
     vertex  1.844890e+01  1.307000e+02  5.372139e+01
     vertex  1.844890e+01  1.367000e+02  5.372139e+01
     vertex  1.849558e+01  1.367000e+02  5.368100e+01
   endloop
 endfacet
 facet normal -6.333986e-01  0.000000e+00 -7.738257e-01
   outer loop
     vertex  1.844890e+01  1.307000e+02  5.372139e+01
     vertex  1.840113e+01  1.367000e+02  5.376049e+01
     vertex  1.844890e+01  1.367000e+02  5.372139e+01
   endloop
 endfacet
 facet normal -6.333986e-01  0.000000e+00 -7.738257e-01
   outer loop
     vertex  1.840113e+01  1.307000e+02  5.376049e+01
     vertex  1.840113e+01  1.367000e+02  5.376049e+01
     vertex  1.844890e+01  1.307000e+02  5.372139e+01
   endloop
 endfacet
 facet normal -6.119310e-01  0.000000e+00 -7.909112e-01
   outer loop
     vertex  1.835230e+01  1.307000e+02  5.379827e+01
     vertex  1.835230e+01  1.367000e+02  5.379827e+01
     vertex  1.840113e+01  1.367000e+02  5.376049e+01
   endloop
 endfacet
 facet normal -6.119310e-01  0.000000e+00 -7.909112e-01
   outer loop
     vertex  1.835230e+01  1.307000e+02  5.379827e+01
     vertex  1.840113e+01  1.367000e+02  5.376049e+01
     vertex  1.840113e+01  1.307000e+02  5.376049e+01
   endloop
 endfacet
 facet normal -5.900028e-01  0.000000e+00 -8.074012e-01
   outer loop
     vertex  1.830246e+01  1.307000e+02  5.383469e+01
     vertex  1.835230e+01  1.367000e+02  5.379827e+01
     vertex  1.835230e+01  1.307000e+02  5.379827e+01
   endloop
 endfacet
 facet normal -5.900028e-01  0.000000e+00 -8.074012e-01
   outer loop
     vertex  1.830246e+01  1.307000e+02  5.383469e+01
     vertex  1.830246e+01  1.367000e+02  5.383469e+01
     vertex  1.835230e+01  1.367000e+02  5.379827e+01
   endloop
 endfacet
 facet normal -5.676304e-01  0.000000e+00 -8.232835e-01
   outer loop
     vertex  1.830246e+01  1.307000e+02  5.383469e+01
     vertex  1.825164e+01  1.367000e+02  5.386973e+01
     vertex  1.830246e+01  1.367000e+02  5.383469e+01
   endloop
 endfacet
 facet normal -5.448308e-01  0.000000e+00 -8.385460e-01
   outer loop
     vertex  1.825164e+01  1.307000e+02  5.386973e+01
     vertex  1.819987e+01  1.367000e+02  5.390337e+01
     vertex  1.825164e+01  1.367000e+02  5.386973e+01
   endloop
 endfacet
 facet normal -5.676304e-01  0.000000e+00 -8.232835e-01
   outer loop
     vertex  1.825164e+01  1.307000e+02  5.386973e+01
     vertex  1.825164e+01  1.367000e+02  5.386973e+01
     vertex  1.830246e+01  1.307000e+02  5.383469e+01
   endloop
 endfacet
 facet normal -5.448308e-01  0.000000e+00 -8.385460e-01
   outer loop
     vertex  1.819987e+01  1.307000e+02  5.390337e+01
     vertex  1.819987e+01  1.367000e+02  5.390337e+01
     vertex  1.825164e+01  1.307000e+02  5.386973e+01
   endloop
 endfacet
 facet normal -5.216210e-01  0.000000e+00 -8.531773e-01
   outer loop
     vertex  1.814720e+01  1.307000e+02  5.393557e+01
     vertex  1.814720e+01  1.367000e+02  5.393557e+01
     vertex  1.819987e+01  1.367000e+02  5.390337e+01
   endloop
 endfacet
 facet normal -4.980186e-01  0.000000e+00 -8.671664e-01
   outer loop
     vertex  1.814720e+01  1.307000e+02  5.393557e+01
     vertex  1.809367e+01  1.367000e+02  5.396631e+01
     vertex  1.814720e+01  1.367000e+02  5.393557e+01
   endloop
 endfacet
 facet normal -5.216210e-01  0.000000e+00 -8.531773e-01
   outer loop
     vertex  1.814720e+01  1.307000e+02  5.393557e+01
     vertex  1.819987e+01  1.367000e+02  5.390337e+01
     vertex  1.819987e+01  1.307000e+02  5.390337e+01
   endloop
 endfacet
 facet normal -4.980186e-01  0.000000e+00 -8.671664e-01
   outer loop
     vertex  1.809367e+01  1.307000e+02  5.396631e+01
     vertex  1.809367e+01  1.367000e+02  5.396631e+01
     vertex  1.814720e+01  1.307000e+02  5.393557e+01
   endloop
 endfacet
 facet normal -4.740412e-01  0.000000e+00 -8.805026e-01
   outer loop
     vertex  1.803931e+01  1.307000e+02  5.399558e+01
     vertex  1.803931e+01  1.367000e+02  5.399558e+01
     vertex  1.809367e+01  1.367000e+02  5.396631e+01
   endloop
 endfacet
 facet normal -4.740412e-01  0.000000e+00 -8.805026e-01
   outer loop
     vertex  1.803931e+01  1.307000e+02  5.399558e+01
     vertex  1.809367e+01  1.367000e+02  5.396631e+01
     vertex  1.809367e+01  1.307000e+02  5.396631e+01
   endloop
 endfacet
 facet normal -4.497071e-01  0.000000e+00 -8.931761e-01
   outer loop
     vertex  1.798418e+01  1.307000e+02  5.402334e+01
     vertex  1.798418e+01  1.367000e+02  5.402334e+01
     vertex  1.803931e+01  1.367000e+02  5.399558e+01
   endloop
 endfacet
 facet normal -4.250344e-01  0.000000e+00 -9.051772e-01
   outer loop
     vertex  1.798418e+01  1.307000e+02  5.402334e+01
     vertex  1.792830e+01  1.367000e+02  5.404958e+01
     vertex  1.798418e+01  1.367000e+02  5.402334e+01
   endloop
 endfacet
 facet normal -4.497071e-01  0.000000e+00 -8.931761e-01
   outer loop
     vertex  1.798418e+01  1.307000e+02  5.402334e+01
     vertex  1.803931e+01  1.367000e+02  5.399558e+01
     vertex  1.803931e+01  1.307000e+02  5.399558e+01
   endloop
 endfacet
 facet normal -4.250344e-01  0.000000e+00 -9.051772e-01
   outer loop
     vertex  1.792830e+01  1.307000e+02  5.404958e+01
     vertex  1.792830e+01  1.367000e+02  5.404958e+01
     vertex  1.798418e+01  1.307000e+02  5.402334e+01
   endloop
 endfacet
 facet normal -4.000417e-01  0.000000e+00 -9.164969e-01
   outer loop
     vertex  1.787172e+01  1.307000e+02  5.407427e+01
     vertex  1.787172e+01  1.367000e+02  5.407427e+01
     vertex  1.792830e+01  1.367000e+02  5.404958e+01
   endloop
 endfacet
 facet normal -4.000417e-01  0.000000e+00 -9.164969e-01
   outer loop
     vertex  1.787172e+01  1.307000e+02  5.407427e+01
     vertex  1.792830e+01  1.367000e+02  5.404958e+01
     vertex  1.792830e+01  1.307000e+02  5.404958e+01
   endloop
 endfacet
 facet normal -3.747479e-01  0.000000e+00 -9.271267e-01
   outer loop
     vertex  1.781449e+01  1.307000e+02  5.409741e+01
     vertex  1.781449e+01  1.367000e+02  5.409741e+01
     vertex  1.787172e+01  1.367000e+02  5.407427e+01
   endloop
 endfacet
 facet normal -3.491720e-01  0.000000e+00 -9.370586e-01
   outer loop
     vertex  1.781449e+01  1.307000e+02  5.409741e+01
     vertex  1.775664e+01  1.367000e+02  5.411896e+01
     vertex  1.781449e+01  1.367000e+02  5.409741e+01
   endloop
 endfacet
 facet normal -3.747479e-01  0.000000e+00 -9.271267e-01
   outer loop
     vertex  1.781449e+01  1.307000e+02  5.409741e+01
     vertex  1.787172e+01  1.367000e+02  5.407427e+01
     vertex  1.787172e+01  1.307000e+02  5.407427e+01
   endloop
 endfacet
 facet normal -3.491720e-01  0.000000e+00 -9.370586e-01
   outer loop
     vertex  1.775664e+01  1.307000e+02  5.411896e+01
     vertex  1.775664e+01  1.367000e+02  5.411896e+01
     vertex  1.781449e+01  1.307000e+02  5.409741e+01
   endloop
 endfacet
 facet normal -3.233333e-01  0.000000e+00 -9.462851e-01
   outer loop
     vertex  1.769822e+01  1.307000e+02  5.413892e+01
     vertex  1.769822e+01  1.367000e+02  5.413892e+01
     vertex  1.775664e+01  1.367000e+02  5.411896e+01
   endloop
 endfacet
 facet normal -3.233333e-01  0.000000e+00 -9.462851e-01
   outer loop
     vertex  1.769822e+01  1.307000e+02  5.413892e+01
     vertex  1.775664e+01  1.367000e+02  5.411896e+01
     vertex  1.775664e+01  1.307000e+02  5.411896e+01
   endloop
 endfacet
 facet normal -2.972512e-01  0.000000e+00 -9.547993e-01
   outer loop
     vertex  1.763928e+01  1.307000e+02  5.415727e+01
     vertex  1.763928e+01  1.367000e+02  5.415727e+01
     vertex  1.769822e+01  1.367000e+02  5.413892e+01
   endloop
 endfacet
 facet normal -2.709453e-01  0.000000e+00 -9.625948e-01
   outer loop
     vertex  1.763928e+01  1.307000e+02  5.415727e+01
     vertex  1.757986e+01  1.367000e+02  5.417400e+01
     vertex  1.763928e+01  1.367000e+02  5.415727e+01
   endloop
 endfacet
 facet normal -2.972512e-01  0.000000e+00 -9.547993e-01
   outer loop
     vertex  1.763928e+01  1.307000e+02  5.415727e+01
     vertex  1.769822e+01  1.367000e+02  5.413892e+01
     vertex  1.769822e+01  1.307000e+02  5.413892e+01
   endloop
 endfacet
 facet normal -2.709453e-01  0.000000e+00 -9.625948e-01
   outer loop
     vertex  1.757986e+01  1.307000e+02  5.417400e+01
     vertex  1.757986e+01  1.367000e+02  5.417400e+01
     vertex  1.763928e+01  1.307000e+02  5.415727e+01
   endloop
 endfacet
 facet normal -2.444354e-01  0.000000e+00 -9.696656e-01
   outer loop
     vertex  1.752000e+01  1.307000e+02  5.418909e+01
     vertex  1.752000e+01  1.367000e+02  5.418909e+01
     vertex  1.757986e+01  1.367000e+02  5.417400e+01
   endloop
 endfacet
 facet normal -2.444354e-01  0.000000e+00 -9.696656e-01
   outer loop
     vertex  1.752000e+01  1.307000e+02  5.418909e+01
     vertex  1.757986e+01  1.367000e+02  5.417400e+01
     vertex  1.757986e+01  1.307000e+02  5.417400e+01
   endloop
 endfacet
 facet normal -2.177416e-01  0.000000e+00 -9.760065e-01
   outer loop
     vertex  1.745975e+01  1.307000e+02  5.420253e+01
     vertex  1.745975e+01  1.367000e+02  5.420253e+01
     vertex  1.752000e+01  1.367000e+02  5.418909e+01
   endloop
 endfacet
 facet normal -1.908838e-01  0.000000e+00 -9.816126e-01
   outer loop
     vertex  1.745975e+01  1.307000e+02  5.420253e+01
     vertex  1.739915e+01  1.367000e+02  5.421431e+01
     vertex  1.745975e+01  1.367000e+02  5.420253e+01
   endloop
 endfacet
 facet normal -2.177416e-01  0.000000e+00 -9.760065e-01
   outer loop
     vertex  1.745975e+01  1.307000e+02  5.420253e+01
     vertex  1.752000e+01  1.367000e+02  5.418909e+01
     vertex  1.752000e+01  1.307000e+02  5.418909e+01
   endloop
 endfacet
 facet normal -1.908838e-01  0.000000e+00 -9.816126e-01
   outer loop
     vertex  1.739915e+01  1.307000e+02  5.421431e+01
     vertex  1.739915e+01  1.367000e+02  5.421431e+01
     vertex  1.745975e+01  1.307000e+02  5.420253e+01
   endloop
 endfacet
 facet normal -1.638824e-01  0.000000e+00 -9.864799e-01
   outer loop
     vertex  1.733825e+01  1.307000e+02  5.422443e+01
     vertex  1.733825e+01  1.367000e+02  5.422443e+01
     vertex  1.739915e+01  1.367000e+02  5.421431e+01
   endloop
 endfacet
 facet normal -1.638824e-01  0.000000e+00 -9.864799e-01
   outer loop
     vertex  1.733825e+01  1.307000e+02  5.422443e+01
     vertex  1.739915e+01  1.367000e+02  5.421431e+01
     vertex  1.739915e+01  1.307000e+02  5.421431e+01
   endloop
 endfacet
 facet normal -1.367575e-01  0.000000e+00 -9.906046e-01
   outer loop
     vertex  1.727710e+01  1.307000e+02  5.423287e+01
     vertex  1.727710e+01  1.367000e+02  5.423287e+01
     vertex  1.733825e+01  1.367000e+02  5.422443e+01
   endloop
 endfacet
 facet normal -1.095298e-01  0.000000e+00 -9.939835e-01
   outer loop
     vertex  1.727710e+01  1.307000e+02  5.423287e+01
     vertex  1.721574e+01  1.367000e+02  5.423963e+01
     vertex  1.727710e+01  1.367000e+02  5.423287e+01
   endloop
 endfacet
 facet normal -1.367575e-01  0.000000e+00 -9.906046e-01
   outer loop
     vertex  1.727710e+01  1.307000e+02  5.423287e+01
     vertex  1.733825e+01  1.367000e+02  5.422443e+01
     vertex  1.733825e+01  1.307000e+02  5.422443e+01
   endloop
 endfacet
 facet normal -1.095298e-01  0.000000e+00 -9.939835e-01
   outer loop
     vertex  1.721574e+01  1.307000e+02  5.423963e+01
     vertex  1.721574e+01  1.367000e+02  5.423963e+01
     vertex  1.727710e+01  1.307000e+02  5.423287e+01
   endloop
 endfacet
 facet normal -8.221955e-02  0.000000e+00 -9.966142e-01
   outer loop
     vertex  1.715421e+01  1.307000e+02  5.424471e+01
     vertex  1.721574e+01  1.367000e+02  5.423963e+01
     vertex  1.721574e+01  1.307000e+02  5.423963e+01
   endloop
 endfacet
 facet normal -8.221955e-02  0.000000e+00 -9.966142e-01
   outer loop
     vertex  1.715421e+01  1.307000e+02  5.424471e+01
     vertex  1.715421e+01  1.367000e+02  5.424471e+01
     vertex  1.721574e+01  1.367000e+02  5.423963e+01
   endloop
 endfacet
 facet normal -5.484744e-02  0.000000e+00 -9.984947e-01
   outer loop
     vertex  1.715421e+01  1.307000e+02  5.424471e+01
     vertex  1.709258e+01  1.367000e+02  5.424809e+01
     vertex  1.715421e+01  1.367000e+02  5.424471e+01
   endloop
 endfacet
 facet normal -5.484744e-02  0.000000e+00 -9.984947e-01
   outer loop
     vertex  1.709258e+01  1.307000e+02  5.424809e+01
     vertex  1.709258e+01  1.367000e+02  5.424809e+01
     vertex  1.715421e+01  1.307000e+02  5.424471e+01
   endloop
 endfacet
 facet normal -2.743405e-02  0.000000e+00 -9.996236e-01
   outer loop
     vertex  1.709258e+01  1.307000e+02  5.424809e+01
     vertex  1.703087e+01  1.367000e+02  5.424979e+01
     vertex  1.709258e+01  1.367000e+02  5.424809e+01
   endloop
 endfacet
 facet normal -2.743405e-02  0.000000e+00 -9.996236e-01
   outer loop
     vertex  1.703087e+01  1.307000e+02  5.424979e+01
     vertex  1.703087e+01  1.367000e+02  5.424979e+01
     vertex  1.709258e+01  1.307000e+02  5.424809e+01
   endloop
 endfacet
 facet normal  0.000000e+00  0.000000e+00 -1.000000e+00
   outer loop
     vertex  1.703087e+01  1.307000e+02  5.424979e+01
     vertex  1.696913e+01  1.367000e+02  5.424979e+01
     vertex  1.703087e+01  1.367000e+02  5.424979e+01
   endloop
 endfacet
 facet normal  0.000000e+00  0.000000e+00 -1.000000e+00
   outer loop
     vertex  1.696913e+01  1.307000e+02  5.424979e+01
     vertex  1.696913e+01  1.367000e+02  5.424979e+01
     vertex  1.703087e+01  1.307000e+02  5.424979e+01
   endloop
 endfacet
 facet normal  2.743405e-02  0.000000e+00 -9.996236e-01
   outer loop
     vertex  1.690742e+01  1.307000e+02  5.424809e+01
     vertex  1.696913e+01  1.367000e+02  5.424979e+01
     vertex  1.696913e+01  1.307000e+02  5.424979e+01
   endloop
 endfacet
 facet normal  2.743405e-02  0.000000e+00 -9.996236e-01
   outer loop
     vertex  1.690742e+01  1.307000e+02  5.424809e+01
     vertex  1.690742e+01  1.367000e+02  5.424809e+01
     vertex  1.696913e+01  1.367000e+02  5.424979e+01
   endloop
 endfacet
 facet normal  5.484744e-02  0.000000e+00 -9.984947e-01
   outer loop
     vertex  1.684579e+01  1.307000e+02  5.424471e+01
     vertex  1.690742e+01  1.367000e+02  5.424809e+01
     vertex  1.690742e+01  1.307000e+02  5.424809e+01
   endloop
 endfacet
 facet normal  5.484744e-02  0.000000e+00 -9.984947e-01
   outer loop
     vertex  1.684579e+01  1.307000e+02  5.424471e+01
     vertex  1.684579e+01  1.367000e+02  5.424471e+01
     vertex  1.690742e+01  1.367000e+02  5.424809e+01
   endloop
 endfacet
 facet normal  8.221955e-02  0.000000e+00 -9.966142e-01
   outer loop
     vertex  1.678426e+01  1.307000e+02  5.423963e+01
     vertex  1.684579e+01  1.367000e+02  5.424471e+01
     vertex  1.684579e+01  1.307000e+02  5.424471e+01
   endloop
 endfacet
 facet normal  8.221955e-02  0.000000e+00 -9.966142e-01
   outer loop
     vertex  1.678426e+01  1.307000e+02  5.423963e+01
     vertex  1.678426e+01  1.367000e+02  5.423963e+01
     vertex  1.684579e+01  1.367000e+02  5.424471e+01
   endloop
 endfacet
 facet normal  1.095298e-01  0.000000e+00 -9.939835e-01
   outer loop
     vertex  1.678426e+01  1.307000e+02  5.423963e+01
     vertex  1.672290e+01  1.367000e+02  5.423287e+01
     vertex  1.678426e+01  1.367000e+02  5.423963e+01
   endloop
 endfacet
 facet normal  1.095298e-01  0.000000e+00 -9.939835e-01
   outer loop
     vertex  1.672290e+01  1.307000e+02  5.423287e+01
     vertex  1.672290e+01  1.367000e+02  5.423287e+01
     vertex  1.678426e+01  1.307000e+02  5.423963e+01
   endloop
 endfacet
 facet normal  1.367575e-01  0.000000e+00 -9.906046e-01
   outer loop
     vertex  1.672290e+01  1.307000e+02  5.423287e+01
     vertex  1.666175e+01  1.367000e+02  5.422443e+01
     vertex  1.672290e+01  1.367000e+02  5.423287e+01
   endloop
 endfacet
 facet normal  1.367575e-01  0.000000e+00 -9.906046e-01
   outer loop
     vertex  1.666175e+01  1.307000e+02  5.422443e+01
     vertex  1.666175e+01  1.367000e+02  5.422443e+01
     vertex  1.672290e+01  1.307000e+02  5.423287e+01
   endloop
 endfacet
 facet normal  1.638824e-01  0.000000e+00 -9.864799e-01
   outer loop
     vertex  1.666175e+01  1.307000e+02  5.422443e+01
     vertex  1.660085e+01  1.367000e+02  5.421431e+01
     vertex  1.666175e+01  1.367000e+02  5.422443e+01
   endloop
 endfacet
 facet normal  1.638824e-01  0.000000e+00 -9.864799e-01
   outer loop
     vertex  1.660085e+01  1.307000e+02  5.421431e+01
     vertex  1.660085e+01  1.367000e+02  5.421431e+01
     vertex  1.666175e+01  1.307000e+02  5.422443e+01
   endloop
 endfacet
 facet normal  1.908838e-01  0.000000e+00 -9.816126e-01
   outer loop
     vertex  1.654025e+01  1.307000e+02  5.420253e+01
     vertex  1.660085e+01  1.367000e+02  5.421431e+01
     vertex  1.660085e+01  1.307000e+02  5.421431e+01
   endloop
 endfacet
 facet normal  1.908838e-01  0.000000e+00 -9.816126e-01
   outer loop
     vertex  1.654025e+01  1.307000e+02  5.420253e+01
     vertex  1.654025e+01  1.367000e+02  5.420253e+01
     vertex  1.660085e+01  1.367000e+02  5.421431e+01
   endloop
 endfacet
 facet normal  2.177416e-01  0.000000e+00 -9.760065e-01
   outer loop
     vertex  1.654025e+01  1.307000e+02  5.420253e+01
     vertex  1.648000e+01  1.367000e+02  5.418909e+01
     vertex  1.654025e+01  1.367000e+02  5.420253e+01
   endloop
 endfacet
 facet normal  2.177416e-01  0.000000e+00 -9.760065e-01
   outer loop
     vertex  1.648000e+01  1.307000e+02  5.418909e+01
     vertex  1.648000e+01  1.367000e+02  5.418909e+01
     vertex  1.654025e+01  1.307000e+02  5.420253e+01
   endloop
 endfacet
 facet normal  2.444354e-01  0.000000e+00 -9.696656e-01
   outer loop
     vertex  1.642014e+01  1.307000e+02  5.417400e+01
     vertex  1.642014e+01  1.367000e+02  5.417400e+01
     vertex  1.648000e+01  1.367000e+02  5.418909e+01
   endloop
 endfacet
 facet normal  2.709453e-01  0.000000e+00 -9.625948e-01
   outer loop
     vertex  1.642014e+01  1.307000e+02  5.417400e+01
     vertex  1.636072e+01  1.367000e+02  5.415727e+01
     vertex  1.642014e+01  1.367000e+02  5.417400e+01
   endloop
 endfacet
 facet normal  2.444354e-01  0.000000e+00 -9.696656e-01
   outer loop
     vertex  1.642014e+01  1.307000e+02  5.417400e+01
     vertex  1.648000e+01  1.367000e+02  5.418909e+01
     vertex  1.648000e+01  1.307000e+02  5.418909e+01
   endloop
 endfacet
 facet normal  2.709453e-01  0.000000e+00 -9.625948e-01
   outer loop
     vertex  1.636072e+01  1.307000e+02  5.415727e+01
     vertex  1.636072e+01  1.367000e+02  5.415727e+01
     vertex  1.642014e+01  1.307000e+02  5.417400e+01
   endloop
 endfacet
 facet normal  2.972512e-01  0.000000e+00 -9.547993e-01
   outer loop
     vertex  1.630178e+01  1.307000e+02  5.413892e+01
     vertex  1.630178e+01  1.367000e+02  5.413892e+01
     vertex  1.636072e+01  1.367000e+02  5.415727e+01
   endloop
 endfacet
 facet normal  2.972512e-01  0.000000e+00 -9.547993e-01
   outer loop
     vertex  1.630178e+01  1.307000e+02  5.413892e+01
     vertex  1.636072e+01  1.367000e+02  5.415727e+01
     vertex  1.636072e+01  1.307000e+02  5.415727e+01
   endloop
 endfacet
 facet normal  3.233333e-01  0.000000e+00 -9.462851e-01
   outer loop
     vertex  1.624336e+01  1.307000e+02  5.411896e+01
     vertex  1.624336e+01  1.367000e+02  5.411896e+01
     vertex  1.630178e+01  1.367000e+02  5.413892e+01
   endloop
 endfacet
 facet normal  3.491720e-01  0.000000e+00 -9.370586e-01
   outer loop
     vertex  1.624336e+01  1.307000e+02  5.411896e+01
     vertex  1.618551e+01  1.367000e+02  5.409741e+01
     vertex  1.624336e+01  1.367000e+02  5.411896e+01
   endloop
 endfacet
 facet normal  3.233333e-01  0.000000e+00 -9.462851e-01
   outer loop
     vertex  1.624336e+01  1.307000e+02  5.411896e+01
     vertex  1.630178e+01  1.367000e+02  5.413892e+01
     vertex  1.630178e+01  1.307000e+02  5.413892e+01
   endloop
 endfacet
 facet normal  3.491720e-01  0.000000e+00 -9.370586e-01
   outer loop
     vertex  1.618551e+01  1.307000e+02  5.409741e+01
     vertex  1.618551e+01  1.367000e+02  5.409741e+01
     vertex  1.624336e+01  1.307000e+02  5.411896e+01
   endloop
 endfacet
 facet normal  3.747479e-01  0.000000e+00 -9.271267e-01
   outer loop
     vertex  1.612828e+01  1.307000e+02  5.407427e+01
     vertex  1.612828e+01  1.367000e+02  5.407427e+01
     vertex  1.618551e+01  1.367000e+02  5.409741e+01
   endloop
 endfacet
 facet normal  3.747479e-01  0.000000e+00 -9.271267e-01
   outer loop
     vertex  1.612828e+01  1.307000e+02  5.407427e+01
     vertex  1.618551e+01  1.367000e+02  5.409741e+01
     vertex  1.618551e+01  1.307000e+02  5.409741e+01
   endloop
 endfacet
 facet normal  4.000417e-01  0.000000e+00 -9.164969e-01
   outer loop
     vertex  1.607170e+01  1.307000e+02  5.404958e+01
     vertex  1.607170e+01  1.367000e+02  5.404958e+01
     vertex  1.612828e+01  1.367000e+02  5.407427e+01
   endloop
 endfacet
 facet normal  4.250344e-01  0.000000e+00 -9.051772e-01
   outer loop
     vertex  1.607170e+01  1.307000e+02  5.404958e+01
     vertex  1.601582e+01  1.367000e+02  5.402334e+01
     vertex  1.607170e+01  1.367000e+02  5.404958e+01
   endloop
 endfacet
 facet normal  4.000417e-01  0.000000e+00 -9.164969e-01
   outer loop
     vertex  1.607170e+01  1.307000e+02  5.404958e+01
     vertex  1.612828e+01  1.367000e+02  5.407427e+01
     vertex  1.612828e+01  1.307000e+02  5.407427e+01
   endloop
 endfacet
 facet normal  4.497071e-01  0.000000e+00 -8.931761e-01
   outer loop
     vertex  1.601582e+01  1.307000e+02  5.402334e+01
     vertex  1.596069e+01  1.367000e+02  5.399558e+01
     vertex  1.601582e+01  1.367000e+02  5.402334e+01
   endloop
 endfacet
 facet normal  4.250344e-01  0.000000e+00 -9.051772e-01
   outer loop
     vertex  1.601582e+01  1.307000e+02  5.402334e+01
     vertex  1.601582e+01  1.367000e+02  5.402334e+01
     vertex  1.607170e+01  1.307000e+02  5.404958e+01
   endloop
 endfacet
 facet normal  4.497071e-01  0.000000e+00 -8.931761e-01
   outer loop
     vertex  1.596069e+01  1.307000e+02  5.399558e+01
     vertex  1.596069e+01  1.367000e+02  5.399558e+01
     vertex  1.601582e+01  1.307000e+02  5.402334e+01
   endloop
 endfacet
 facet normal  4.740412e-01  0.000000e+00 -8.805026e-01
   outer loop
     vertex  1.590633e+01  1.307000e+02  5.396631e+01
     vertex  1.590633e+01  1.367000e+02  5.396631e+01
     vertex  1.596069e+01  1.367000e+02  5.399558e+01
   endloop
 endfacet
 facet normal  4.740412e-01  0.000000e+00 -8.805026e-01
   outer loop
     vertex  1.590633e+01  1.307000e+02  5.396631e+01
     vertex  1.596069e+01  1.367000e+02  5.399558e+01
     vertex  1.596069e+01  1.307000e+02  5.399558e+01
   endloop
 endfacet
 facet normal  4.980186e-01  0.000000e+00 -8.671664e-01
   outer loop
     vertex  1.585280e+01  1.307000e+02  5.393557e+01
     vertex  1.585280e+01  1.367000e+02  5.393557e+01
     vertex  1.590633e+01  1.367000e+02  5.396631e+01
   endloop
 endfacet
 facet normal  5.216210e-01  0.000000e+00 -8.531773e-01
   outer loop
     vertex  1.585280e+01  1.307000e+02  5.393557e+01
     vertex  1.580013e+01  1.367000e+02  5.390337e+01
     vertex  1.585280e+01  1.367000e+02  5.393557e+01
   endloop
 endfacet
 facet normal  4.980186e-01  0.000000e+00 -8.671664e-01
   outer loop
     vertex  1.585280e+01  1.307000e+02  5.393557e+01
     vertex  1.590633e+01  1.367000e+02  5.396631e+01
     vertex  1.590633e+01  1.307000e+02  5.396631e+01
   endloop
 endfacet
 facet normal  5.216210e-01  0.000000e+00 -8.531773e-01
   outer loop
     vertex  1.580013e+01  1.307000e+02  5.390337e+01
     vertex  1.580013e+01  1.367000e+02  5.390337e+01
     vertex  1.585280e+01  1.307000e+02  5.393557e+01
   endloop
 endfacet
 facet normal  5.448308e-01  0.000000e+00 -8.385460e-01
   outer loop
     vertex  1.574836e+01  1.307000e+02  5.386973e+01
     vertex  1.580013e+01  1.367000e+02  5.390337e+01
     vertex  1.580013e+01  1.307000e+02  5.390337e+01
   endloop
 endfacet
 facet normal  5.448308e-01  0.000000e+00 -8.385460e-01
   outer loop
     vertex  1.574836e+01  1.307000e+02  5.386973e+01
     vertex  1.574836e+01  1.367000e+02  5.386973e+01
     vertex  1.580013e+01  1.367000e+02  5.390337e+01
   endloop
 endfacet
 facet normal  5.676304e-01  0.000000e+00 -8.232835e-01
   outer loop
     vertex  1.574836e+01  1.307000e+02  5.386973e+01
     vertex  1.569754e+01  1.367000e+02  5.383469e+01
     vertex  1.574836e+01  1.367000e+02  5.386973e+01
   endloop
 endfacet
 facet normal  5.676304e-01  0.000000e+00 -8.232835e-01
   outer loop
     vertex  1.569754e+01  1.307000e+02  5.383469e+01
     vertex  1.569754e+01  1.367000e+02  5.383469e+01
     vertex  1.574836e+01  1.307000e+02  5.386973e+01
   endloop
 endfacet
 facet normal  5.900028e-01  0.000000e+00 -8.074012e-01
   outer loop
     vertex  1.569754e+01  1.307000e+02  5.383469e+01
     vertex  1.564770e+01  1.367000e+02  5.379827e+01
     vertex  1.569754e+01  1.367000e+02  5.383469e+01
   endloop
 endfacet
 facet normal  5.900028e-01  0.000000e+00 -8.074012e-01
   outer loop
     vertex  1.564770e+01  1.307000e+02  5.379827e+01
     vertex  1.564770e+01  1.367000e+02  5.379827e+01
     vertex  1.569754e+01  1.307000e+02  5.383469e+01
   endloop
 endfacet
 facet normal  6.119310e-01  0.000000e+00 -7.909112e-01
   outer loop
     vertex  1.559887e+01  1.307000e+02  5.376049e+01
     vertex  1.564770e+01  1.367000e+02  5.379827e+01
     vertex  1.564770e+01  1.307000e+02  5.379827e+01
   endloop
 endfacet
 facet normal  6.119310e-01  0.000000e+00 -7.909112e-01
   outer loop
     vertex  1.559887e+01  1.307000e+02  5.376049e+01
     vertex  1.559887e+01  1.367000e+02  5.376049e+01
     vertex  1.564770e+01  1.367000e+02  5.379827e+01
   endloop
 endfacet
 facet normal  6.333986e-01  0.000000e+00 -7.738257e-01
   outer loop
     vertex  1.559887e+01  1.307000e+02  5.376049e+01
     vertex  1.555110e+01  1.367000e+02  5.372139e+01
     vertex  1.559887e+01  1.367000e+02  5.376049e+01
   endloop
 endfacet
 facet normal  6.333986e-01  0.000000e+00 -7.738257e-01
   outer loop
     vertex  1.555110e+01  1.307000e+02  5.372139e+01
     vertex  1.555110e+01  1.367000e+02  5.372139e+01
     vertex  1.559887e+01  1.307000e+02  5.376049e+01
   endloop
 endfacet
 facet normal  6.543893e-01  0.000000e+00 -7.561578e-01
   outer loop
     vertex  1.550442e+01  1.307000e+02  5.368100e+01
     vertex  1.555110e+01  1.367000e+02  5.372139e+01
     vertex  1.555110e+01  1.307000e+02  5.372139e+01
   endloop
 endfacet
 facet normal  6.543893e-01  0.000000e+00 -7.561578e-01
   outer loop
     vertex  1.550442e+01  1.307000e+02  5.368100e+01
     vertex  1.550442e+01  1.367000e+02  5.368100e+01
     vertex  1.555110e+01  1.367000e+02  5.372139e+01
   endloop
 endfacet
 facet normal  6.748875e-01  0.000000e+00 -7.379206e-01
   outer loop
     vertex  1.550442e+01  1.307000e+02  5.368100e+01
     vertex  1.545887e+01  1.367000e+02  5.363933e+01
     vertex  1.550442e+01  1.367000e+02  5.368100e+01
   endloop
 endfacet
 facet normal  6.748875e-01  0.000000e+00 -7.379206e-01
   outer loop
     vertex  1.545887e+01  1.307000e+02  5.363933e+01
     vertex  1.545887e+01  1.367000e+02  5.363933e+01
     vertex  1.550442e+01  1.307000e+02  5.368100e+01
   endloop
 endfacet
 facet normal  6.948776e-01  0.000000e+00 -7.191280e-01
   outer loop
     vertex  1.545887e+01  1.307000e+02  5.363933e+01
     vertex  1.541448e+01  1.367000e+02  5.359644e+01
     vertex  1.545887e+01  1.367000e+02  5.363933e+01
   endloop
 endfacet
 facet normal  6.948776e-01  0.000000e+00 -7.191280e-01
   outer loop
     vertex  1.541448e+01  1.307000e+02  5.359644e+01
     vertex  1.541448e+01  1.367000e+02  5.359644e+01
     vertex  1.545887e+01  1.307000e+02  5.363933e+01
   endloop
 endfacet
 facet normal  7.143447e-01  0.000000e+00 -6.997940e-01
   outer loop
     vertex  1.541448e+01  1.307000e+02  5.359644e+01
     vertex  1.537128e+01  1.367000e+02  5.355234e+01
     vertex  1.541448e+01  1.367000e+02  5.359644e+01
   endloop
 endfacet
 facet normal  7.143447e-01  0.000000e+00 -6.997940e-01
   outer loop
     vertex  1.537128e+01  1.307000e+02  5.355234e+01
     vertex  1.537128e+01  1.367000e+02  5.355234e+01
     vertex  1.541448e+01  1.307000e+02  5.359644e+01
   endloop
 endfacet
 facet normal  7.332740e-01  0.000000e+00 -6.799333e-01
   outer loop
     vertex  1.532930e+01  1.307000e+02  5.350707e+01
     vertex  1.537128e+01  1.367000e+02  5.355234e+01
     vertex  1.537128e+01  1.307000e+02  5.355234e+01
   endloop
 endfacet
 facet normal  7.332740e-01  0.000000e+00 -6.799333e-01
   outer loop
     vertex  1.532930e+01  1.307000e+02  5.350707e+01
     vertex  1.532930e+01  1.367000e+02  5.350707e+01
     vertex  1.537128e+01  1.367000e+02  5.355234e+01
   endloop
 endfacet
 facet normal  7.516513e-01  0.000000e+00 -6.595607e-01
   outer loop
     vertex  1.528859e+01  1.307000e+02  5.346067e+01
     vertex  1.532930e+01  1.367000e+02  5.350707e+01
     vertex  1.532930e+01  1.307000e+02  5.350707e+01
   endloop
 endfacet
 facet normal  7.516513e-01  0.000000e+00 -6.595607e-01
   outer loop
     vertex  1.528859e+01  1.307000e+02  5.346067e+01
     vertex  1.528859e+01  1.367000e+02  5.346067e+01
     vertex  1.532930e+01  1.367000e+02  5.350707e+01
   endloop
 endfacet
 facet normal  7.694628e-01  0.000000e+00 -6.386916e-01
   outer loop
     vertex  1.528859e+01  1.307000e+02  5.346067e+01
     vertex  1.524916e+01  1.367000e+02  5.341317e+01
     vertex  1.528859e+01  1.367000e+02  5.346067e+01
   endloop
 endfacet
 facet normal  7.694628e-01  0.000000e+00 -6.386916e-01
   outer loop
     vertex  1.524916e+01  1.307000e+02  5.341317e+01
     vertex  1.524916e+01  1.367000e+02  5.341317e+01
     vertex  1.528859e+01  1.307000e+02  5.346067e+01
   endloop
 endfacet
 facet normal  7.866951e-01  0.000000e+00 -6.173417e-01
   outer loop
     vertex  1.521105e+01  1.307000e+02  5.336461e+01
     vertex  1.524916e+01  1.367000e+02  5.341317e+01
     vertex  1.524916e+01  1.307000e+02  5.341317e+01
   endloop
 endfacet
 facet normal  7.866951e-01  0.000000e+00 -6.173417e-01
   outer loop
     vertex  1.521105e+01  1.307000e+02  5.336461e+01
     vertex  1.521105e+01  1.367000e+02  5.336461e+01
     vertex  1.524916e+01  1.367000e+02  5.341317e+01
   endloop
 endfacet
 facet normal  8.033352e-01  0.000000e+00 -5.955271e-01
   outer loop
     vertex  1.521105e+01  1.307000e+02  5.336461e+01
     vertex  1.517428e+01  1.367000e+02  5.331501e+01
     vertex  1.521105e+01  1.367000e+02  5.336461e+01
   endloop
 endfacet
 facet normal  8.033352e-01  0.000000e+00 -5.955271e-01
   outer loop
     vertex  1.517428e+01  1.307000e+02  5.331501e+01
     vertex  1.517428e+01  1.367000e+02  5.331501e+01
     vertex  1.521105e+01  1.307000e+02  5.336461e+01
   endloop
 endfacet
 facet normal  8.193706e-01  0.000000e+00 -5.732642e-01
   outer loop
     vertex  1.517428e+01  1.307000e+02  5.331501e+01
     vertex  1.513890e+01  1.367000e+02  5.326443e+01
     vertex  1.517428e+01  1.367000e+02  5.331501e+01
   endloop
 endfacet
 facet normal  8.193706e-01  0.000000e+00 -5.732642e-01
   outer loop
     vertex  1.513890e+01  1.307000e+02  5.326443e+01
     vertex  1.513890e+01  1.367000e+02  5.326443e+01
     vertex  1.517428e+01  1.307000e+02  5.331501e+01
   endloop
 endfacet
 facet normal  8.347891e-01  0.000000e+00 -5.505698e-01
   outer loop
     vertex  1.513890e+01  1.307000e+02  5.326443e+01
     vertex  1.510491e+01  1.367000e+02  5.321290e+01
     vertex  1.513890e+01  1.367000e+02  5.326443e+01
   endloop
 endfacet
 facet normal  8.347891e-01  0.000000e+00 -5.505698e-01
   outer loop
     vertex  1.510491e+01  1.307000e+02  5.321290e+01
     vertex  1.510491e+01  1.367000e+02  5.321290e+01
     vertex  1.513890e+01  1.307000e+02  5.326443e+01
   endloop
 endfacet
 facet normal  8.495793e-01  0.000000e+00 -5.274609e-01
   outer loop
     vertex  1.507235e+01  1.307000e+02  5.316045e+01
     vertex  1.510491e+01  1.367000e+02  5.321290e+01
     vertex  1.510491e+01  1.307000e+02  5.321290e+01
   endloop
 endfacet
 facet normal  8.495793e-01  0.000000e+00 -5.274609e-01
   outer loop
     vertex  1.507235e+01  1.307000e+02  5.316045e+01
     vertex  1.507235e+01  1.367000e+02  5.316045e+01
     vertex  1.510491e+01  1.367000e+02  5.321290e+01
   endloop
 endfacet
 facet normal  8.637299e-01  0.000000e+00 -5.039550e-01
   outer loop
     vertex  1.507235e+01  1.307000e+02  5.316045e+01
     vertex  1.504124e+01  1.367000e+02  5.310713e+01
     vertex  1.507235e+01  1.367000e+02  5.316045e+01
   endloop
 endfacet
 facet normal  8.637299e-01  0.000000e+00 -5.039550e-01
   outer loop
     vertex  1.504124e+01  1.307000e+02  5.310713e+01
     vertex  1.504124e+01  1.367000e+02  5.310713e+01
     vertex  1.507235e+01  1.307000e+02  5.316045e+01
   endloop
 endfacet
 facet normal  8.772303e-01  0.000000e+00 -4.800697e-01
   outer loop
     vertex  1.501160e+01  1.307000e+02  5.305298e+01
     vertex  1.504124e+01  1.367000e+02  5.310713e+01
     vertex  1.504124e+01  1.307000e+02  5.310713e+01
   endloop
 endfacet
 facet normal  8.772303e-01  0.000000e+00 -4.800697e-01
   outer loop
     vertex  1.501160e+01  1.307000e+02  5.305298e+01
     vertex  1.501160e+01  1.367000e+02  5.305298e+01
     vertex  1.504124e+01  1.367000e+02  5.310713e+01
   endloop
 endfacet
 facet normal  8.900704e-01  0.000000e+00 -4.558231e-01
   outer loop
     vertex  1.501160e+01  1.307000e+02  5.305298e+01
     vertex  1.498346e+01  1.367000e+02  5.299803e+01
     vertex  1.501160e+01  1.367000e+02  5.305298e+01
   endloop
 endfacet
 facet normal  8.900704e-01  0.000000e+00 -4.558231e-01
   outer loop
     vertex  1.498346e+01  1.307000e+02  5.299803e+01
     vertex  1.498346e+01  1.367000e+02  5.299803e+01
     vertex  1.501160e+01  1.307000e+02  5.305298e+01
   endloop
 endfacet
 facet normal  9.022405e-01  0.000000e+00 -4.312333e-01
   outer loop
     vertex  1.495684e+01  1.307000e+02  5.294233e+01
     vertex  1.498346e+01  1.367000e+02  5.299803e+01
     vertex  1.498346e+01  1.307000e+02  5.299803e+01
   endloop
 endfacet
 facet normal  9.022405e-01  0.000000e+00 -4.312333e-01
   outer loop
     vertex  1.495684e+01  1.307000e+02  5.294233e+01
     vertex  1.495684e+01  1.367000e+02  5.294233e+01
     vertex  1.498346e+01  1.367000e+02  5.299803e+01
   endloop
 endfacet
 facet normal  9.137314e-01  0.000000e+00 -4.063188e-01
   outer loop
     vertex  1.493176e+01  1.307000e+02  5.288593e+01
     vertex  1.495684e+01  1.367000e+02  5.294233e+01
     vertex  1.495684e+01  1.307000e+02  5.294233e+01
   endloop
 endfacet
 facet normal  9.137314e-01  0.000000e+00 -4.063188e-01
   outer loop
     vertex  1.493176e+01  1.307000e+02  5.288593e+01
     vertex  1.493176e+01  1.367000e+02  5.288593e+01
     vertex  1.495684e+01  1.367000e+02  5.294233e+01
   endloop
 endfacet
 facet normal  9.245344e-01  0.000000e+00 -3.810986e-01
   outer loop
     vertex  1.493176e+01  1.307000e+02  5.288593e+01
     vertex  1.490823e+01  1.367000e+02  5.282885e+01
     vertex  1.493176e+01  1.367000e+02  5.288593e+01
   endloop
 endfacet
 facet normal  9.245344e-01  0.000000e+00 -3.810986e-01
   outer loop
     vertex  1.490823e+01  1.307000e+02  5.282885e+01
     vertex  1.490823e+01  1.367000e+02  5.282885e+01
     vertex  1.493176e+01  1.307000e+02  5.288593e+01
   endloop
 endfacet
 facet normal  9.346415e-01  0.000000e+00 -3.555914e-01
   outer loop
     vertex  1.488628e+01  1.307000e+02  5.277116e+01
     vertex  1.488628e+01  1.367000e+02  5.277116e+01
     vertex  1.490823e+01  1.367000e+02  5.282885e+01
   endloop
 endfacet
 facet normal  9.346415e-01  0.000000e+00 -3.555914e-01
   outer loop
     vertex  1.488628e+01  1.307000e+02  5.277116e+01
     vertex  1.490823e+01  1.367000e+02  5.282885e+01
     vertex  1.490823e+01  1.307000e+02  5.282885e+01
   endloop
 endfacet
 facet normal  9.440450e-01  0.000000e+00 -3.298166e-01
   outer loop
     vertex  1.486592e+01  1.307000e+02  5.271288e+01
     vertex  1.486592e+01  1.367000e+02  5.271288e+01
     vertex  1.488628e+01  1.367000e+02  5.277116e+01
   endloop
 endfacet
 facet normal  9.527379e-01  0.000000e+00 -3.037934e-01
   outer loop
     vertex  1.486592e+01  1.307000e+02  5.271288e+01
     vertex  1.484716e+01  1.367000e+02  5.265406e+01
     vertex  1.486592e+01  1.367000e+02  5.271288e+01
   endloop
 endfacet
 facet normal  9.440450e-01  0.000000e+00 -3.298166e-01
   outer loop
     vertex  1.486592e+01  1.307000e+02  5.271288e+01
     vertex  1.488628e+01  1.367000e+02  5.277116e+01
     vertex  1.488628e+01  1.307000e+02  5.277116e+01
   endloop
 endfacet
 facet normal  9.607136e-01  0.000000e+00 -2.775416e-01
   outer loop
     vertex  1.484716e+01  1.307000e+02  5.265406e+01
     vertex  1.483003e+01  1.367000e+02  5.259476e+01
     vertex  1.484716e+01  1.367000e+02  5.265406e+01
   endloop
 endfacet
 facet normal  9.527379e-01  0.000000e+00 -3.037934e-01
   outer loop
     vertex  1.484716e+01  1.307000e+02  5.265406e+01
     vertex  1.484716e+01  1.367000e+02  5.265406e+01
     vertex  1.486592e+01  1.307000e+02  5.271288e+01
   endloop
 endfacet
 facet normal  9.607136e-01  0.000000e+00 -2.775416e-01
   outer loop
     vertex  1.483003e+01  1.307000e+02  5.259476e+01
     vertex  1.483003e+01  1.367000e+02  5.259476e+01
     vertex  1.484716e+01  1.307000e+02  5.265406e+01
   endloop
 endfacet
 facet normal  9.679661e-01  0.000000e+00 -2.510809e-01
   outer loop
     vertex  1.481453e+01  1.307000e+02  5.253500e+01
     vertex  1.483003e+01  1.367000e+02  5.259476e+01
     vertex  1.483003e+01  1.307000e+02  5.259476e+01
   endloop
 endfacet
 facet normal  9.679661e-01  0.000000e+00 -2.510809e-01
   outer loop
     vertex  1.481453e+01  1.307000e+02  5.253500e+01
     vertex  1.481453e+01  1.367000e+02  5.253500e+01
     vertex  1.483003e+01  1.367000e+02  5.259476e+01
   endloop
 endfacet
 facet normal  9.744899e-01  0.000000e+00 -2.244312e-01
   outer loop
     vertex  1.481453e+01  1.307000e+02  5.253500e+01
     vertex  1.480068e+01  1.367000e+02  5.247484e+01
     vertex  1.481453e+01  1.367000e+02  5.253500e+01
   endloop
 endfacet
 facet normal  9.744899e-01  0.000000e+00 -2.244312e-01
   outer loop
     vertex  1.480068e+01  1.307000e+02  5.247484e+01
     vertex  1.480068e+01  1.367000e+02  5.247484e+01
     vertex  1.481453e+01  1.307000e+02  5.253500e+01
   endloop
 endfacet
 facet normal  9.802802e-01  0.000000e+00 -1.976125e-01
   outer loop
     vertex  1.478848e+01  1.307000e+02  5.241433e+01
     vertex  1.480068e+01  1.367000e+02  5.247484e+01
     vertex  1.480068e+01  1.307000e+02  5.247484e+01
   endloop
 endfacet
 facet normal  9.802802e-01  0.000000e+00 -1.976125e-01
   outer loop
     vertex  1.478848e+01  1.307000e+02  5.241433e+01
     vertex  1.478848e+01  1.367000e+02  5.241433e+01
     vertex  1.480068e+01  1.367000e+02  5.247484e+01
   endloop
 endfacet
 facet normal  9.853326e-01  0.000000e+00 -1.706451e-01
   outer loop
     vertex  1.478848e+01  1.307000e+02  5.241433e+01
     vertex  1.477794e+01  1.367000e+02  5.235350e+01
     vertex  1.478848e+01  1.367000e+02  5.241433e+01
   endloop
 endfacet
 facet normal  9.853326e-01  0.000000e+00 -1.706451e-01
   outer loop
     vertex  1.477794e+01  1.307000e+02  5.235350e+01
     vertex  1.477794e+01  1.367000e+02  5.235350e+01
     vertex  1.478848e+01  1.307000e+02  5.241433e+01
   endloop
 endfacet
 facet normal  9.896432e-01  0.000000e+00 -1.435492e-01
   outer loop
     vertex  1.477794e+01  1.307000e+02  5.235350e+01
     vertex  1.476908e+01  1.367000e+02  5.229241e+01
     vertex  1.477794e+01  1.367000e+02  5.235350e+01
   endloop
 endfacet
 facet normal  9.896432e-01  0.000000e+00 -1.435492e-01
   outer loop
     vertex  1.476908e+01  1.307000e+02  5.229241e+01
     vertex  1.476908e+01  1.367000e+02  5.229241e+01
     vertex  1.477794e+01  1.307000e+02  5.235350e+01
   endloop
 endfacet
 facet normal  9.932088e-01  0.000000e+00 -1.163452e-01
   outer loop
     vertex  1.476908e+01  1.307000e+02  5.229241e+01
     vertex  1.476190e+01  1.367000e+02  5.223110e+01
     vertex  1.476908e+01  1.367000e+02  5.229241e+01
   endloop
 endfacet
 facet normal  9.932088e-01  0.000000e+00 -1.163452e-01
   outer loop
     vertex  1.476190e+01  1.307000e+02  5.223110e+01
     vertex  1.476190e+01  1.367000e+02  5.223110e+01
     vertex  1.476908e+01  1.307000e+02  5.229241e+01
   endloop
 endfacet
 facet normal  9.960268e-01  0.000000e+00 -8.905371e-02
   outer loop
     vertex  1.475640e+01  1.307000e+02  5.216961e+01
     vertex  1.476190e+01  1.367000e+02  5.223110e+01
     vertex  1.476190e+01  1.307000e+02  5.223110e+01
   endloop
 endfacet
 facet normal  9.960268e-01  0.000000e+00 -8.905371e-02
   outer loop
     vertex  1.475640e+01  1.307000e+02  5.216961e+01
     vertex  1.475640e+01  1.367000e+02  5.216961e+01
     vertex  1.476190e+01  1.367000e+02  5.223110e+01
   endloop
 endfacet
 facet normal  9.980950e-01  0.000000e+00 -6.169515e-02
   outer loop
     vertex  1.475640e+01  1.307000e+02  5.216961e+01
     vertex  1.475259e+01  1.367000e+02  5.210799e+01
     vertex  1.475640e+01  1.367000e+02  5.216961e+01
   endloop
 endfacet
 facet normal  9.980950e-01  0.000000e+00 -6.169515e-02
   outer loop
     vertex  1.475259e+01  1.307000e+02  5.210799e+01
     vertex  1.475259e+01  1.367000e+02  5.210799e+01
     vertex  1.475640e+01  1.307000e+02  5.216961e+01
   endloop
 endfacet
 facet normal  9.994119e-01  0.000000e+00 -3.429014e-02
   outer loop
     vertex  1.475048e+01  1.307000e+02  5.204630e+01
     vertex  1.475259e+01  1.367000e+02  5.210799e+01
     vertex  1.475259e+01  1.307000e+02  5.210799e+01
   endloop
 endfacet
 facet normal  9.994119e-01  0.000000e+00 -3.429014e-02
   outer loop
     vertex  1.475048e+01  1.307000e+02  5.204630e+01
     vertex  1.475048e+01  1.367000e+02  5.204630e+01
     vertex  1.475259e+01  1.367000e+02  5.210799e+01
   endloop
 endfacet
 facet normal  9.999765e-01  0.000000e+00 -6.859319e-03
   outer loop
     vertex  1.475048e+01  1.307000e+02  5.204630e+01
     vertex  1.475005e+01  1.367000e+02  5.198457e+01
     vertex  1.475048e+01  1.367000e+02  5.204630e+01
   endloop
 endfacet
 facet normal  9.999765e-01  0.000000e+00 -6.859319e-03
   outer loop
     vertex  1.475005e+01  1.307000e+02  5.198457e+01
     vertex  1.475005e+01  1.367000e+02  5.198457e+01
     vertex  1.475048e+01  1.307000e+02  5.204630e+01
   endloop
 endfacet
 facet normal  9.988475e-01 -0.000000e+00  4.799716e-02
   outer loop
     vertex  1.475132e+01  1.307000e+02  5.192285e+01
     vertex  1.475429e+01  1.367000e+02  5.186119e+01
     vertex  1.475132e+01  1.367000e+02  5.192285e+01
   endloop
 endfacet
 facet normal  9.997883e-01  0.000000e+00  2.057667e-02
   outer loop
     vertex  1.475132e+01  1.307000e+02  5.192285e+01
     vertex  1.475005e+01  1.367000e+02  5.198457e+01
     vertex  1.475005e+01  1.307000e+02  5.198457e+01
   endloop
 endfacet
 facet normal  9.997883e-01 -0.000000e+00  2.057667e-02
   outer loop
     vertex  1.475132e+01  1.307000e+02  5.192285e+01
     vertex  1.475132e+01  1.367000e+02  5.192285e+01
     vertex  1.475005e+01  1.367000e+02  5.198457e+01
   endloop
 endfacet
 facet normal  9.988475e-01 -0.000000e+00  4.799716e-02
   outer loop
     vertex  1.475429e+01  1.307000e+02  5.186119e+01
     vertex  1.475429e+01  1.367000e+02  5.186119e+01
     vertex  1.475132e+01  1.307000e+02  5.192285e+01
   endloop
 endfacet
 facet normal  9.971548e-01 -0.000000e+00  7.538152e-02
   outer loop
     vertex  1.475894e+01  1.307000e+02  5.179963e+01
     vertex  1.475894e+01  1.367000e+02  5.179963e+01
     vertex  1.475429e+01  1.367000e+02  5.186119e+01
   endloop
 endfacet
 facet normal  9.971548e-01  0.000000e+00  7.538152e-02
   outer loop
     vertex  1.475894e+01  1.307000e+02  5.179963e+01
     vertex  1.475429e+01  1.367000e+02  5.186119e+01
     vertex  1.475429e+01  1.307000e+02  5.186119e+01
   endloop
 endfacet
 facet normal  9.947114e-01 -0.000000e+00  1.027091e-01
   outer loop
     vertex  1.476528e+01  1.307000e+02  5.173822e+01
     vertex  1.476528e+01  1.367000e+02  5.173822e+01
     vertex  1.475894e+01  1.367000e+02  5.179963e+01
   endloop
 endfacet
 facet normal  9.947114e-01  0.000000e+00  1.027091e-01
   outer loop
     vertex  1.476528e+01  1.307000e+02  5.173822e+01
     vertex  1.475894e+01  1.367000e+02  5.179963e+01
     vertex  1.475894e+01  1.307000e+02  5.179963e+01
   endloop
 endfacet
 facet normal  9.915193e-01 -0.000000e+00  1.299594e-01
   outer loop
     vertex  1.477330e+01  1.307000e+02  5.167701e+01
     vertex  1.477330e+01  1.367000e+02  5.167701e+01
     vertex  1.476528e+01  1.367000e+02  5.173822e+01
   endloop
 endfacet
 facet normal  9.915193e-01  0.000000e+00  1.299594e-01
   outer loop
     vertex  1.477330e+01  1.307000e+02  5.167701e+01
     vertex  1.476528e+01  1.367000e+02  5.173822e+01
     vertex  1.476528e+01  1.307000e+02  5.173822e+01
   endloop
 endfacet
 facet normal  9.875808e-01 -0.000000e+00  1.571119e-01
   outer loop
     vertex  1.478300e+01  1.307000e+02  5.161605e+01
     vertex  1.478300e+01  1.367000e+02  5.161605e+01
     vertex  1.477330e+01  1.367000e+02  5.167701e+01
   endloop
 endfacet
 facet normal  9.828989e-01 -0.000000e+00  1.841461e-01
   outer loop
     vertex  1.478300e+01  1.307000e+02  5.161605e+01
     vertex  1.479437e+01  1.367000e+02  5.155537e+01
     vertex  1.478300e+01  1.367000e+02  5.161605e+01
   endloop
 endfacet
 facet normal  9.875808e-01  0.000000e+00  1.571119e-01
   outer loop
     vertex  1.478300e+01  1.307000e+02  5.161605e+01
     vertex  1.477330e+01  1.367000e+02  5.167701e+01
     vertex  1.477330e+01  1.307000e+02  5.167701e+01
   endloop
 endfacet
 facet normal  9.774771e-01 -0.000000e+00  2.110417e-01
   outer loop
     vertex  1.479437e+01  1.307000e+02  5.155537e+01
     vertex  1.480740e+01  1.367000e+02  5.149503e+01
     vertex  1.479437e+01  1.367000e+02  5.155537e+01
   endloop
 endfacet
 facet normal  9.828989e-01 -0.000000e+00  1.841461e-01
   outer loop
     vertex  1.479437e+01  1.307000e+02  5.155537e+01
     vertex  1.479437e+01  1.367000e+02  5.155537e+01
     vertex  1.478300e+01  1.307000e+02  5.161605e+01
   endloop
 endfacet
 facet normal  9.713194e-01 -0.000000e+00  2.377784e-01
   outer loop
     vertex  1.480740e+01  1.307000e+02  5.149503e+01
     vertex  1.482208e+01  1.367000e+02  5.143507e+01
     vertex  1.480740e+01  1.367000e+02  5.149503e+01
   endloop
 endfacet
 facet normal  9.774771e-01 -0.000000e+00  2.110417e-01
   outer loop
     vertex  1.480740e+01  1.307000e+02  5.149503e+01
     vertex  1.480740e+01  1.367000e+02  5.149503e+01
     vertex  1.479437e+01  1.307000e+02  5.155537e+01
   endloop
 endfacet
 facet normal  9.644306e-01 -0.000000e+00  2.643362e-01
   outer loop
     vertex  1.482208e+01  1.307000e+02  5.143507e+01
     vertex  1.483839e+01  1.367000e+02  5.137553e+01
     vertex  1.482208e+01  1.367000e+02  5.143507e+01
   endloop
 endfacet
 facet normal  9.713194e-01 -0.000000e+00  2.377784e-01
   outer loop
     vertex  1.482208e+01  1.307000e+02  5.143507e+01
     vertex  1.482208e+01  1.367000e+02  5.143507e+01
     vertex  1.480740e+01  1.307000e+02  5.149503e+01
   endloop
 endfacet
 facet normal  9.644306e-01 -0.000000e+00  2.643362e-01
   outer loop
     vertex  1.483839e+01  1.307000e+02  5.137553e+01
     vertex  1.483839e+01  1.367000e+02  5.137553e+01
     vertex  1.482208e+01  1.307000e+02  5.143507e+01
   endloop
 endfacet
 facet normal  9.568158e-01 -0.000000e+00  2.906949e-01
   outer loop
     vertex  1.485634e+01  1.307000e+02  5.131646e+01
     vertex  1.485634e+01  1.367000e+02  5.131646e+01
     vertex  1.483839e+01  1.367000e+02  5.137553e+01
   endloop
 endfacet
 facet normal  9.568158e-01  0.000000e+00  2.906949e-01
   outer loop
     vertex  1.485634e+01  1.307000e+02  5.131646e+01
     vertex  1.483839e+01  1.367000e+02  5.137553e+01
     vertex  1.483839e+01  1.307000e+02  5.137553e+01
   endloop
 endfacet
 facet normal  9.484807e-01 -0.000000e+00  3.168348e-01
   outer loop
     vertex  1.487590e+01  1.307000e+02  5.125791e+01
     vertex  1.487590e+01  1.367000e+02  5.125791e+01
     vertex  1.485634e+01  1.367000e+02  5.131646e+01
   endloop
 endfacet
 facet normal  9.394317e-01 -0.000000e+00  3.427362e-01
   outer loop
     vertex  1.487590e+01  1.307000e+02  5.125791e+01
     vertex  1.489706e+01  1.367000e+02  5.119992e+01
     vertex  1.487590e+01  1.367000e+02  5.125791e+01
   endloop
 endfacet
 facet normal  9.484807e-01  0.000000e+00  3.168348e-01
   outer loop
     vertex  1.487590e+01  1.307000e+02  5.125791e+01
     vertex  1.485634e+01  1.367000e+02  5.131646e+01
     vertex  1.485634e+01  1.307000e+02  5.131646e+01
   endloop
 endfacet
 facet normal  9.394317e-01 -0.000000e+00  3.427362e-01
   outer loop
     vertex  1.489706e+01  1.307000e+02  5.119992e+01
     vertex  1.489706e+01  1.367000e+02  5.119992e+01
     vertex  1.487590e+01  1.307000e+02  5.125791e+01
   endloop
 endfacet
 facet normal  9.296754e-01 -0.000000e+00  3.683796e-01
   outer loop
     vertex  1.491980e+01  1.307000e+02  5.114253e+01
     vertex  1.491980e+01  1.367000e+02  5.114253e+01
     vertex  1.489706e+01  1.367000e+02  5.119992e+01
   endloop
 endfacet
 facet normal  9.296754e-01  0.000000e+00  3.683796e-01
   outer loop
     vertex  1.491980e+01  1.307000e+02  5.114253e+01
     vertex  1.489706e+01  1.367000e+02  5.119992e+01
     vertex  1.489706e+01  1.307000e+02  5.119992e+01
   endloop
 endfacet
 facet normal  9.192194e-01  0.000000e+00  3.937458e-01
   outer loop
     vertex  1.494410e+01  1.307000e+02  5.108578e+01
     vertex  1.491980e+01  1.367000e+02  5.114253e+01
     vertex  1.491980e+01  1.307000e+02  5.114253e+01
   endloop
 endfacet
 facet normal  9.192194e-01 -0.000000e+00  3.937458e-01
   outer loop
     vertex  1.494410e+01  1.307000e+02  5.108578e+01
     vertex  1.494410e+01  1.367000e+02  5.108578e+01
     vertex  1.491980e+01  1.367000e+02  5.114253e+01
   endloop
 endfacet
 facet normal  9.080714e-01 -0.000000e+00  4.188155e-01
   outer loop
     vertex  1.494410e+01  1.307000e+02  5.108578e+01
     vertex  1.496996e+01  1.367000e+02  5.102973e+01
     vertex  1.494410e+01  1.367000e+02  5.108578e+01
   endloop
 endfacet
 facet normal  9.080714e-01 -0.000000e+00  4.188155e-01
   outer loop
     vertex  1.496996e+01  1.307000e+02  5.102973e+01
     vertex  1.496996e+01  1.367000e+02  5.102973e+01
     vertex  1.494410e+01  1.307000e+02  5.108578e+01
   endloop
 endfacet
 facet normal  8.962398e-01 -0.000000e+00  4.435699e-01
   outer loop
     vertex  1.499734e+01  1.307000e+02  5.097440e+01
     vertex  1.499734e+01  1.367000e+02  5.097440e+01
     vertex  1.496996e+01  1.367000e+02  5.102973e+01
   endloop
 endfacet
 facet normal  8.837335e-01 -0.000000e+00  4.679904e-01
   outer loop
     vertex  1.499734e+01  1.307000e+02  5.097440e+01
     vertex  1.502623e+01  1.367000e+02  5.091984e+01
     vertex  1.499734e+01  1.367000e+02  5.097440e+01
   endloop
 endfacet
 facet normal  8.962398e-01  0.000000e+00  4.435699e-01
   outer loop
     vertex  1.499734e+01  1.307000e+02  5.097440e+01
     vertex  1.496996e+01  1.367000e+02  5.102973e+01
     vertex  1.496996e+01  1.307000e+02  5.102973e+01
   endloop
 endfacet
 facet normal  8.837335e-01 -0.000000e+00  4.679904e-01
   outer loop
     vertex  1.502623e+01  1.307000e+02  5.091984e+01
     vertex  1.502623e+01  1.367000e+02  5.091984e+01
     vertex  1.499734e+01  1.307000e+02  5.097440e+01
   endloop
 endfacet
 facet normal  8.705620e-01 -0.000000e+00  4.920587e-01
   outer loop
     vertex  1.502623e+01  1.307000e+02  5.091984e+01
     vertex  1.505661e+01  1.367000e+02  5.086610e+01
     vertex  1.502623e+01  1.367000e+02  5.091984e+01
   endloop
 endfacet
 facet normal  8.705620e-01 -0.000000e+00  4.920587e-01
   outer loop
     vertex  1.505661e+01  1.307000e+02  5.086610e+01
     vertex  1.505661e+01  1.367000e+02  5.086610e+01
     vertex  1.502623e+01  1.307000e+02  5.091984e+01
   endloop
 endfacet
 facet normal  8.567352e-01 -0.000000e+00  5.157565e-01
   outer loop
     vertex  1.505661e+01  1.307000e+02  5.086610e+01
     vertex  1.508845e+01  1.367000e+02  5.081321e+01
     vertex  1.505661e+01  1.367000e+02  5.086610e+01
   endloop
 endfacet
 facet normal  8.567352e-01 -0.000000e+00  5.157565e-01
   outer loop
     vertex  1.508845e+01  1.307000e+02  5.081321e+01
     vertex  1.508845e+01  1.367000e+02  5.081321e+01
     vertex  1.505661e+01  1.307000e+02  5.086610e+01
   endloop
 endfacet
 facet normal  8.422635e-01 -0.000000e+00  5.390661e-01
   outer loop
     vertex  1.512172e+01  1.307000e+02  5.076122e+01
     vertex  1.512172e+01  1.367000e+02  5.076122e+01
     vertex  1.508845e+01  1.367000e+02  5.081321e+01
   endloop
 endfacet
 facet normal  8.422635e-01  0.000000e+00  5.390661e-01
   outer loop
     vertex  1.512172e+01  1.307000e+02  5.076122e+01
     vertex  1.508845e+01  1.367000e+02  5.081321e+01
     vertex  1.508845e+01  1.307000e+02  5.081321e+01
   endloop
 endfacet
 facet normal  8.271577e-01 -0.000000e+00  5.619699e-01
   outer loop
     vertex  1.515642e+01  1.307000e+02  5.071016e+01
     vertex  1.515642e+01  1.367000e+02  5.071016e+01
     vertex  1.512172e+01  1.367000e+02  5.076122e+01
   endloop
 endfacet
 facet normal  8.114292e-01 -0.000000e+00  5.844507e-01
   outer loop
     vertex  1.515642e+01  1.307000e+02  5.071016e+01
     vertex  1.519250e+01  1.367000e+02  5.066006e+01
     vertex  1.515642e+01  1.367000e+02  5.071016e+01
   endloop
 endfacet
 facet normal  8.271577e-01  0.000000e+00  5.619699e-01
   outer loop
     vertex  1.515642e+01  1.307000e+02  5.071016e+01
     vertex  1.512172e+01  1.367000e+02  5.076122e+01
     vertex  1.512172e+01  1.307000e+02  5.076122e+01
   endloop
 endfacet
 facet normal  8.114292e-01 -0.000000e+00  5.844507e-01
   outer loop
     vertex  1.519250e+01  1.307000e+02  5.066006e+01
     vertex  1.519250e+01  1.367000e+02  5.066006e+01
     vertex  1.515642e+01  1.307000e+02  5.071016e+01
   endloop
 endfacet
 facet normal  7.950900e-01 -0.000000e+00  6.064915e-01
   outer loop
     vertex  1.522994e+01  1.307000e+02  5.061098e+01
     vertex  1.522994e+01  1.367000e+02  5.061098e+01
     vertex  1.519250e+01  1.367000e+02  5.066006e+01
   endloop
 endfacet
 facet normal  7.781522e-01 -0.000000e+00  6.280757e-01
   outer loop
     vertex  1.522994e+01  1.307000e+02  5.061098e+01
     vertex  1.526871e+01  1.367000e+02  5.056294e+01
     vertex  1.522994e+01  1.367000e+02  5.061098e+01
   endloop
 endfacet
 facet normal  7.950900e-01  0.000000e+00  6.064915e-01
   outer loop
     vertex  1.522994e+01  1.307000e+02  5.061098e+01
     vertex  1.519250e+01  1.367000e+02  5.066006e+01
     vertex  1.519250e+01  1.307000e+02  5.066006e+01
   endloop
 endfacet
 facet normal  7.781522e-01 -0.000000e+00  6.280757e-01
   outer loop
     vertex  1.526871e+01  1.307000e+02  5.056294e+01
     vertex  1.526871e+01  1.367000e+02  5.056294e+01
     vertex  1.522994e+01  1.307000e+02  5.061098e+01
   endloop
 endfacet
 facet normal  7.606287e-01 -0.000000e+00  6.491872e-01
   outer loop
     vertex  1.526871e+01  1.307000e+02  5.056294e+01
     vertex  1.530878e+01  1.367000e+02  5.051599e+01
     vertex  1.526871e+01  1.367000e+02  5.056294e+01
   endloop
 endfacet
 facet normal  7.606287e-01 -0.000000e+00  6.491872e-01
   outer loop
     vertex  1.530878e+01  1.307000e+02  5.051599e+01
     vertex  1.530878e+01  1.367000e+02  5.051599e+01
     vertex  1.526871e+01  1.307000e+02  5.056294e+01
   endloop
 endfacet
 facet normal  7.425325e-01 -0.000000e+00  6.698100e-01
   outer loop
     vertex  1.535013e+01  1.307000e+02  5.047015e+01
     vertex  1.535013e+01  1.367000e+02  5.047015e+01
     vertex  1.530878e+01  1.367000e+02  5.051599e+01
   endloop
 endfacet
 facet normal  7.425325e-01  0.000000e+00  6.698100e-01
   outer loop
     vertex  1.535013e+01  1.307000e+02  5.047015e+01
     vertex  1.530878e+01  1.367000e+02  5.051599e+01
     vertex  1.530878e+01  1.307000e+02  5.051599e+01
   endloop
 endfacet
 facet normal  7.238775e-01 -0.000000e+00  6.899286e-01
   outer loop
     vertex  1.539272e+01  1.307000e+02  5.042546e+01
     vertex  1.539272e+01  1.367000e+02  5.042546e+01
     vertex  1.535013e+01  1.367000e+02  5.047015e+01
   endloop
 endfacet
 facet normal  7.238775e-01  0.000000e+00  6.899286e-01
   outer loop
     vertex  1.539272e+01  1.307000e+02  5.042546e+01
     vertex  1.535013e+01  1.367000e+02  5.047015e+01
     vertex  1.535013e+01  1.307000e+02  5.047015e+01
   endloop
 endfacet
 facet normal  7.046775e-01 -0.000000e+00  7.095278e-01
   outer loop
     vertex  1.543653e+01  1.307000e+02  5.038196e+01
     vertex  1.543653e+01  1.367000e+02  5.038196e+01
     vertex  1.539272e+01  1.367000e+02  5.042546e+01
   endloop
 endfacet
 facet normal  7.046775e-01  0.000000e+00  7.095278e-01
   outer loop
     vertex  1.543653e+01  1.307000e+02  5.038196e+01
     vertex  1.539272e+01  1.367000e+02  5.042546e+01
     vertex  1.539272e+01  1.307000e+02  5.042546e+01
   endloop
 endfacet
 facet normal  6.849470e-01 -0.000000e+00  7.285929e-01
   outer loop
     vertex  1.548150e+01  1.307000e+02  5.033968e+01
     vertex  1.548150e+01  1.367000e+02  5.033968e+01
     vertex  1.543653e+01  1.367000e+02  5.038196e+01
   endloop
 endfacet
 facet normal  6.849470e-01  0.000000e+00  7.285929e-01
   outer loop
     vertex  1.548150e+01  1.307000e+02  5.033968e+01
     vertex  1.543653e+01  1.367000e+02  5.038196e+01
     vertex  1.543653e+01  1.307000e+02  5.038196e+01
   endloop
 endfacet
 facet normal  6.647010e-01 -0.000000e+00  7.471095e-01
   outer loop
     vertex  1.552762e+01  1.307000e+02  5.029864e+01
     vertex  1.552762e+01  1.367000e+02  5.029864e+01
     vertex  1.548150e+01  1.367000e+02  5.033968e+01
   endloop
 endfacet
 facet normal  6.647010e-01  0.000000e+00  7.471095e-01
   outer loop
     vertex  1.552762e+01  1.307000e+02  5.029864e+01
     vertex  1.548150e+01  1.367000e+02  5.033968e+01
     vertex  1.548150e+01  1.307000e+02  5.033968e+01
   endloop
 endfacet
 facet normal  6.439545e-01 -0.000000e+00  7.650637e-01
   outer loop
     vertex  1.557485e+01  1.307000e+02  5.025889e+01
     vertex  1.557485e+01  1.367000e+02  5.025889e+01
     vertex  1.552762e+01  1.367000e+02  5.029864e+01
   endloop
 endfacet
 facet normal  6.439545e-01  0.000000e+00  7.650637e-01
   outer loop
     vertex  1.557485e+01  1.307000e+02  5.025889e+01
     vertex  1.552762e+01  1.367000e+02  5.029864e+01
     vertex  1.552762e+01  1.307000e+02  5.029864e+01
   endloop
 endfacet
 facet normal  6.227234e-01 -0.000000e+00  7.824421e-01
   outer loop
     vertex  1.562316e+01  1.307000e+02  5.022045e+01
     vertex  1.562316e+01  1.367000e+02  5.022045e+01
     vertex  1.557485e+01  1.367000e+02  5.025889e+01
   endloop
 endfacet
 facet normal  6.227234e-01  0.000000e+00  7.824421e-01
   outer loop
     vertex  1.562316e+01  1.307000e+02  5.022045e+01
     vertex  1.557485e+01  1.367000e+02  5.025889e+01
     vertex  1.557485e+01  1.307000e+02  5.025889e+01
   endloop
 endfacet
 facet normal  6.010234e-01 -0.000000e+00  7.992314e-01
   outer loop
     vertex  1.567249e+01  1.307000e+02  5.018335e+01
     vertex  1.567249e+01  1.367000e+02  5.018335e+01
     vertex  1.562316e+01  1.367000e+02  5.022045e+01
   endloop
 endfacet
 facet normal  6.010234e-01  0.000000e+00  7.992314e-01
   outer loop
     vertex  1.567249e+01  1.307000e+02  5.018335e+01
     vertex  1.562316e+01  1.367000e+02  5.022045e+01
     vertex  1.562316e+01  1.307000e+02  5.022045e+01
   endloop
 endfacet
 facet normal  5.788711e-01 -0.000000e+00  8.154191e-01
   outer loop
     vertex  1.572283e+01  1.307000e+02  5.014761e+01
     vertex  1.572283e+01  1.367000e+02  5.014761e+01
     vertex  1.567249e+01  1.367000e+02  5.018335e+01
   endloop
 endfacet
 facet normal  5.562829e-01 -0.000000e+00  8.309929e-01
   outer loop
     vertex  1.572283e+01  1.307000e+02  5.014761e+01
     vertex  1.577413e+01  1.367000e+02  5.011327e+01
     vertex  1.572283e+01  1.367000e+02  5.014761e+01
   endloop
 endfacet
 facet normal  5.788711e-01  0.000000e+00  8.154191e-01
   outer loop
     vertex  1.572283e+01  1.307000e+02  5.014761e+01
     vertex  1.567249e+01  1.367000e+02  5.018335e+01
     vertex  1.567249e+01  1.307000e+02  5.018335e+01
   endloop
 endfacet
 facet normal  5.562829e-01 -0.000000e+00  8.309929e-01
   outer loop
     vertex  1.577413e+01  1.307000e+02  5.011327e+01
     vertex  1.577413e+01  1.367000e+02  5.011327e+01
     vertex  1.572283e+01  1.307000e+02  5.014761e+01
   endloop
 endfacet
 facet normal  5.332761e-01 -0.000000e+00  8.459413e-01
   outer loop
     vertex  1.582635e+01  1.307000e+02  5.008035e+01
     vertex  1.582635e+01  1.367000e+02  5.008035e+01
     vertex  1.577413e+01  1.367000e+02  5.011327e+01
   endloop
 endfacet
 facet normal  5.098678e-01 -0.000000e+00  8.602528e-01
   outer loop
     vertex  1.582635e+01  1.307000e+02  5.008035e+01
     vertex  1.587946e+01  1.367000e+02  5.004888e+01
     vertex  1.582635e+01  1.367000e+02  5.008035e+01
   endloop
 endfacet
 facet normal  5.332761e-01  0.000000e+00  8.459413e-01
   outer loop
     vertex  1.582635e+01  1.307000e+02  5.008035e+01
     vertex  1.577413e+01  1.367000e+02  5.011327e+01
     vertex  1.577413e+01  1.307000e+02  5.011327e+01
   endloop
 endfacet
 facet normal  5.098678e-01 -0.000000e+00  8.602528e-01
   outer loop
     vertex  1.587946e+01  1.307000e+02  5.004888e+01
     vertex  1.587946e+01  1.367000e+02  5.004888e+01
     vertex  1.582635e+01  1.307000e+02  5.008035e+01
   endloop
 endfacet
 facet normal  4.860756e-01 -0.000000e+00  8.739167e-01
   outer loop
     vertex  1.593341e+01  1.307000e+02  5.001887e+01
     vertex  1.593341e+01  1.367000e+02  5.001887e+01
     vertex  1.587946e+01  1.367000e+02  5.004888e+01
   endloop
 endfacet
 facet normal  4.860756e-01  0.000000e+00  8.739167e-01
   outer loop
     vertex  1.593341e+01  1.307000e+02  5.001887e+01
     vertex  1.587946e+01  1.367000e+02  5.004888e+01
     vertex  1.587946e+01  1.307000e+02  5.004888e+01
   endloop
 endfacet
 facet normal  4.619176e-01  0.000000e+00  8.869228e-01
   outer loop
     vertex  1.598816e+01  1.307000e+02  4.999035e+01
     vertex  1.593341e+01  1.367000e+02  5.001887e+01
     vertex  1.593341e+01  1.307000e+02  5.001887e+01
   endloop
 endfacet
 facet normal  4.619176e-01 -0.000000e+00  8.869228e-01
   outer loop
     vertex  1.598816e+01  1.307000e+02  4.999035e+01
     vertex  1.598816e+01  1.367000e+02  4.999035e+01
     vertex  1.593341e+01  1.367000e+02  5.001887e+01
   endloop
 endfacet
 facet normal  4.374119e-01 -0.000000e+00  8.992613e-01
   outer loop
     vertex  1.598816e+01  1.307000e+02  4.999035e+01
     vertex  1.604367e+01  1.367000e+02  4.996335e+01
     vertex  1.598816e+01  1.367000e+02  4.999035e+01
   endloop
 endfacet
 facet normal  4.374119e-01 -0.000000e+00  8.992613e-01
   outer loop
     vertex  1.604367e+01  1.307000e+02  4.996335e+01
     vertex  1.604367e+01  1.367000e+02  4.996335e+01
     vertex  1.598816e+01  1.307000e+02  4.999035e+01
   endloop
 endfacet
 facet normal  4.125769e-01  0.000000e+00  9.109228e-01
   outer loop
     vertex  1.609991e+01  1.307000e+02  4.993788e+01
     vertex  1.604367e+01  1.367000e+02  4.996335e+01
     vertex  1.604367e+01  1.307000e+02  4.996335e+01
   endloop
 endfacet
 facet normal  4.125769e-01 -0.000000e+00  9.109228e-01
   outer loop
     vertex  1.609991e+01  1.307000e+02  4.993788e+01
     vertex  1.609991e+01  1.367000e+02  4.993788e+01
     vertex  1.604367e+01  1.367000e+02  4.996335e+01
   endloop
 endfacet
 facet normal  3.874313e-01  0.000000e+00  9.218986e-01
   outer loop
     vertex  1.615682e+01  1.307000e+02  4.991396e+01
     vertex  1.609991e+01  1.367000e+02  4.993788e+01
     vertex  1.609991e+01  1.307000e+02  4.993788e+01
   endloop
 endfacet
 facet normal  3.874313e-01 -0.000000e+00  9.218986e-01
   outer loop
     vertex  1.615682e+01  1.307000e+02  4.991396e+01
     vertex  1.615682e+01  1.367000e+02  4.991396e+01
     vertex  1.609991e+01  1.367000e+02  4.993788e+01
   endloop
 endfacet
 facet normal  3.619940e-01  0.000000e+00  9.321804e-01
   outer loop
     vertex  1.621436e+01  1.307000e+02  4.989162e+01
     vertex  1.615682e+01  1.367000e+02  4.991396e+01
     vertex  1.615682e+01  1.307000e+02  4.991396e+01
   endloop
 endfacet
 facet normal  3.619940e-01 -0.000000e+00  9.321804e-01
   outer loop
     vertex  1.621436e+01  1.307000e+02  4.989162e+01
     vertex  1.621436e+01  1.367000e+02  4.989162e+01
     vertex  1.615682e+01  1.367000e+02  4.991396e+01
   endloop
 endfacet
 facet normal  3.362843e-01  0.000000e+00  9.417605e-01
   outer loop
     vertex  1.627250e+01  1.307000e+02  4.987086e+01
     vertex  1.621436e+01  1.367000e+02  4.989162e+01
     vertex  1.621436e+01  1.307000e+02  4.989162e+01
   endloop
 endfacet
 facet normal  3.362843e-01 -0.000000e+00  9.417605e-01
   outer loop
     vertex  1.627250e+01  1.307000e+02  4.987086e+01
     vertex  1.627250e+01  1.367000e+02  4.987086e+01
     vertex  1.621436e+01  1.367000e+02  4.989162e+01
   endloop
 endfacet
 facet normal  3.103214e-01  0.000000e+00  9.506317e-01
   outer loop
     vertex  1.633118e+01  1.307000e+02  4.985170e+01
     vertex  1.627250e+01  1.367000e+02  4.987086e+01
     vertex  1.627250e+01  1.307000e+02  4.987086e+01
   endloop
 endfacet
 facet normal  3.103214e-01 -0.000000e+00  9.506317e-01
   outer loop
     vertex  1.633118e+01  1.307000e+02  4.985170e+01
     vertex  1.633118e+01  1.367000e+02  4.985170e+01
     vertex  1.627250e+01  1.367000e+02  4.987086e+01
   endloop
 endfacet
 facet normal  2.841250e-01 -0.000000e+00  9.587873e-01
   outer loop
     vertex  1.633118e+01  1.307000e+02  4.985170e+01
     vertex  1.639037e+01  1.367000e+02  4.983416e+01
     vertex  1.633118e+01  1.367000e+02  4.985170e+01
   endloop
 endfacet
 facet normal  2.841250e-01 -0.000000e+00  9.587873e-01
   outer loop
     vertex  1.639037e+01  1.307000e+02  4.983416e+01
     vertex  1.639037e+01  1.367000e+02  4.983416e+01
     vertex  1.633118e+01  1.307000e+02  4.985170e+01
   endloop
 endfacet
 facet normal  2.577146e-01  0.000000e+00  9.662211e-01
   outer loop
     vertex  1.645002e+01  1.307000e+02  4.981825e+01
     vertex  1.639037e+01  1.367000e+02  4.983416e+01
     vertex  1.639037e+01  1.307000e+02  4.983416e+01
   endloop
 endfacet
 facet normal  2.577146e-01 -0.000000e+00  9.662211e-01
   outer loop
     vertex  1.645002e+01  1.307000e+02  4.981825e+01
     vertex  1.645002e+01  1.367000e+02  4.981825e+01
     vertex  1.639037e+01  1.367000e+02  4.983416e+01
   endloop
 endfacet
 facet normal  2.311102e-01  0.000000e+00  9.729276e-01
   outer loop
     vertex  1.651008e+01  1.307000e+02  4.980399e+01
     vertex  1.645002e+01  1.367000e+02  4.981825e+01
     vertex  1.645002e+01  1.307000e+02  4.981825e+01
   endloop
 endfacet
 facet normal  2.311102e-01 -0.000000e+00  9.729276e-01
   outer loop
     vertex  1.651008e+01  1.307000e+02  4.980399e+01
     vertex  1.651008e+01  1.367000e+02  4.980399e+01
     vertex  1.645002e+01  1.367000e+02  4.981825e+01
   endloop
 endfacet
 facet normal  2.043319e-01  0.000000e+00  9.789017e-01
   outer loop
     vertex  1.657051e+01  1.307000e+02  4.979137e+01
     vertex  1.651008e+01  1.367000e+02  4.980399e+01
     vertex  1.651008e+01  1.307000e+02  4.980399e+01
   endloop
 endfacet
 facet normal  2.043319e-01 -0.000000e+00  9.789017e-01
   outer loop
     vertex  1.657051e+01  1.307000e+02  4.979137e+01
     vertex  1.657051e+01  1.367000e+02  4.979137e+01
     vertex  1.651008e+01  1.367000e+02  4.980399e+01
   endloop
 endfacet
 facet normal  1.773998e-01  0.000000e+00  9.841389e-01
   outer loop
     vertex  1.663126e+01  1.307000e+02  4.978042e+01
     vertex  1.657051e+01  1.367000e+02  4.979137e+01
     vertex  1.657051e+01  1.307000e+02  4.979137e+01
   endloop
 endfacet
 facet normal  1.773998e-01 -0.000000e+00  9.841389e-01
   outer loop
     vertex  1.663126e+01  1.307000e+02  4.978042e+01
     vertex  1.663126e+01  1.367000e+02  4.978042e+01
     vertex  1.657051e+01  1.367000e+02  4.979137e+01
   endloop
 endfacet
 facet normal  1.503341e-01  0.000000e+00  9.886353e-01
   outer loop
     vertex  1.669230e+01  1.307000e+02  4.977114e+01
     vertex  1.663126e+01  1.367000e+02  4.978042e+01
     vertex  1.663126e+01  1.307000e+02  4.978042e+01
   endloop
 endfacet
 facet normal  1.503341e-01 -0.000000e+00  9.886353e-01
   outer loop
     vertex  1.669230e+01  1.307000e+02  4.977114e+01
     vertex  1.669230e+01  1.367000e+02  4.977114e+01
     vertex  1.663126e+01  1.367000e+02  4.978042e+01
   endloop
 endfacet
 facet normal  1.231552e-01 -0.000000e+00  9.923874e-01
   outer loop
     vertex  1.669230e+01  1.307000e+02  4.977114e+01
     vertex  1.675356e+01  1.367000e+02  4.976354e+01
     vertex  1.669230e+01  1.367000e+02  4.977114e+01
   endloop
 endfacet
 facet normal  1.231552e-01 -0.000000e+00  9.923874e-01
   outer loop
     vertex  1.675356e+01  1.307000e+02  4.976354e+01
     vertex  1.675356e+01  1.367000e+02  4.976354e+01
     vertex  1.669230e+01  1.307000e+02  4.977114e+01
   endloop
 endfacet
 facet normal  9.588368e-02 -0.000000e+00  9.953925e-01
   outer loop
     vertex  1.681501e+01  1.307000e+02  4.975762e+01
     vertex  1.681501e+01  1.367000e+02  4.975762e+01
     vertex  1.675356e+01  1.367000e+02  4.976354e+01
   endloop
 endfacet
 facet normal  6.853995e-02 -0.000000e+00  9.976484e-01
   outer loop
     vertex  1.681501e+01  1.307000e+02  4.975762e+01
     vertex  1.687659e+01  1.367000e+02  4.975339e+01
     vertex  1.681501e+01  1.367000e+02  4.975762e+01
   endloop
 endfacet
 facet normal  9.588368e-02  0.000000e+00  9.953925e-01
   outer loop
     vertex  1.681501e+01  1.307000e+02  4.975762e+01
     vertex  1.675356e+01  1.367000e+02  4.976354e+01
     vertex  1.675356e+01  1.307000e+02  4.976354e+01
   endloop
 endfacet
 facet normal  6.853995e-02 -0.000000e+00  9.976484e-01
   outer loop
     vertex  1.687659e+01  1.307000e+02  4.975339e+01
     vertex  1.687659e+01  1.367000e+02  4.975339e+01
     vertex  1.681501e+01  1.307000e+02  4.975762e+01
   endloop
 endfacet
 facet normal  4.114462e-02 -0.000000e+00  9.991532e-01
   outer loop
     vertex  1.693827e+01  1.307000e+02  4.975085e+01
     vertex  1.693827e+01  1.367000e+02  4.975085e+01
     vertex  1.687659e+01  1.367000e+02  4.975339e+01
   endloop
 endfacet
 facet normal  4.114462e-02  0.000000e+00  9.991532e-01
   outer loop
     vertex  1.693827e+01  1.307000e+02  4.975085e+01
     vertex  1.687659e+01  1.367000e+02  4.975339e+01
     vertex  1.687659e+01  1.307000e+02  4.975339e+01
   endloop
 endfacet
 facet normal  1.371831e-02 -0.000000e+00  9.999059e-01
   outer loop
     vertex  1.700000e+01  1.307000e+02  4.975000e+01
     vertex  1.700000e+01  1.367000e+02  4.975000e+01
     vertex  1.693827e+01  1.367000e+02  4.975085e+01
   endloop
 endfacet
 facet normal  1.371831e-02  0.000000e+00  9.999059e-01
   outer loop
     vertex  1.700000e+01  1.307000e+02  4.975000e+01
     vertex  1.693827e+01  1.367000e+02  4.975085e+01
     vertex  1.693827e+01  1.307000e+02  4.975085e+01
   endloop
 endfacet
 facet normal  0.000000e+00 -1.000000e+00  0.000000e+00
   outer loop
     vertex  2.374836e+01  6.000000e+00  4.813027e+01
     vertex  2.364770e+01  6.000000e+00  4.820173e+01
     vertex  2.369754e+01  6.000000e+00  4.816531e+01
   endloop
 endfacet
 facet normal  0.000000e+00 -1.000000e+00  0.000000e+00
   outer loop
     vertex  2.310491e+01  6.000000e+00  4.878710e+01
     vertex  2.313890e+01  6.000000e+00  4.873557e+01
     vertex  2.317428e+01  6.000000e+00  4.868499e+01
   endloop
 endfacet
 facet normal  0.000000e+00 -1.000000e+00  0.000000e+00
   outer loop
     vertex  2.307235e+01  6.000000e+00  4.883955e+01
     vertex  2.317428e+01  6.000000e+00  4.868499e+01
     vertex  2.321105e+01  6.000000e+00  4.863539e+01
   endloop
 endfacet
 facet normal  0.000000e+00 -1.000000e+00  0.000000e+00
   outer loop
     vertex  2.307235e+01  6.000000e+00  4.883955e+01
     vertex  2.310491e+01  6.000000e+00  4.878710e+01
     vertex  2.317428e+01  6.000000e+00  4.868499e+01
   endloop
 endfacet
 facet normal  0.000000e+00 -1.000000e+00  0.000000e+00
   outer loop
     vertex  2.385280e+01  6.000000e+00  4.806443e+01
     vertex  2.374836e+01  6.000000e+00  4.813027e+01
     vertex  2.380013e+01  6.000000e+00  4.809663e+01
   endloop
 endfacet
 facet normal  0.000000e+00 -1.000000e+00  0.000000e+00
   outer loop
     vertex  2.390633e+01  6.000000e+00  4.803369e+01
     vertex  2.359887e+01  6.000000e+00  4.823951e+01
     vertex  2.364770e+01  6.000000e+00  4.820173e+01
   endloop
 endfacet
 facet normal  0.000000e+00 -1.000000e+00  0.000000e+00
   outer loop
     vertex  2.390633e+01  6.000000e+00  4.803369e+01
     vertex  2.355110e+01  6.000000e+00  4.827861e+01
     vertex  2.359887e+01  6.000000e+00  4.823951e+01
   endloop
 endfacet
 facet normal  0.000000e+00 -1.000000e+00  0.000000e+00
   outer loop
     vertex  2.390633e+01  6.000000e+00  4.803369e+01
     vertex  2.350442e+01  6.000000e+00  4.831900e+01
     vertex  2.355110e+01  6.000000e+00  4.827861e+01
   endloop
 endfacet
 facet normal  0.000000e+00 -1.000000e+00  0.000000e+00
   outer loop
     vertex  2.390633e+01  6.000000e+00  4.803369e+01
     vertex  2.374836e+01  6.000000e+00  4.813027e+01
     vertex  2.385280e+01  6.000000e+00  4.806443e+01
   endloop
 endfacet
 facet normal  0.000000e+00 -1.000000e+00  0.000000e+00
   outer loop
     vertex  2.390633e+01  6.000000e+00  4.803369e+01
     vertex  2.364770e+01  6.000000e+00  4.820173e+01
     vertex  2.374836e+01  6.000000e+00  4.813027e+01
   endloop
 endfacet
 facet normal  0.000000e+00 -1.000000e+00  0.000000e+00
   outer loop
     vertex  2.301160e+01  6.000000e+00  4.894702e+01
     vertex  2.304124e+01  6.000000e+00  4.889287e+01
     vertex  2.307235e+01  6.000000e+00  4.883955e+01
   endloop
 endfacet
 facet normal  0.000000e+00 -1.000000e+00  0.000000e+00
   outer loop
     vertex  2.298346e+01  6.000000e+00  4.900197e+01
     vertex  2.301160e+01  6.000000e+00  4.894702e+01
     vertex  2.307235e+01  6.000000e+00  4.883955e+01
   endloop
 endfacet
 facet normal  0.000000e+00 -1.000000e+00  0.000000e+00
   outer loop
     vertex  2.401582e+01  6.000000e+00  4.797666e+01
     vertex  2.390633e+01  6.000000e+00  4.803369e+01
     vertex  2.396069e+01  6.000000e+00  4.800442e+01
   endloop
 endfacet
 facet normal  0.000000e+00 -1.000000e+00  0.000000e+00
   outer loop
     vertex  2.295684e+01  6.000000e+00  4.905767e+01
     vertex  2.298346e+01  6.000000e+00  4.900197e+01
     vertex  2.307235e+01  6.000000e+00  4.883955e+01
   endloop
 endfacet
 facet normal  0.000000e+00 -1.000000e+00  0.000000e+00
   outer loop
     vertex  2.290823e+01  6.000000e+00  4.917115e+01
     vertex  2.293176e+01  6.000000e+00  4.911407e+01
     vertex  2.295684e+01  6.000000e+00  4.905767e+01
   endloop
 endfacet
 facet normal  0.000000e+00 -1.000000e+00  0.000000e+00
   outer loop
     vertex  2.418551e+01  6.000000e+00  4.790259e+01
     vertex  2.407170e+01  6.000000e+00  4.795042e+01
     vertex  2.412828e+01  6.000000e+00  4.792573e+01
   endloop
 endfacet
 facet normal  0.000000e+00 -1.000000e+00  0.000000e+00
   outer loop
     vertex  2.436072e+01  6.000000e+00  4.784273e+01
     vertex  2.424336e+01  6.000000e+00  4.788104e+01
     vertex  2.430178e+01  6.000000e+00  4.786108e+01
   endloop
 endfacet
 facet normal  0.000000e+00 -1.000000e+00  0.000000e+00
   outer loop
     vertex  2.436072e+01  6.000000e+00  4.784273e+01
     vertex  2.418551e+01  6.000000e+00  4.790259e+01
     vertex  2.424336e+01  6.000000e+00  4.788104e+01
   endloop
 endfacet
 facet normal  0.000000e+00 -1.000000e+00  0.000000e+00
   outer loop
     vertex  2.283003e+01  6.000000e+00  4.940524e+01
     vertex  2.286592e+01  6.000000e+00  4.928712e+01
     vertex  2.288628e+01  6.000000e+00  4.922884e+01
   endloop
 endfacet
 facet normal  0.000000e+00 -1.000000e+00  0.000000e+00
   outer loop
     vertex  2.283003e+01  6.000000e+00  4.940524e+01
     vertex  2.284716e+01  6.000000e+00  4.934594e+01
     vertex  2.286592e+01  6.000000e+00  4.928712e+01
   endloop
 endfacet
 facet normal  0.000000e+00 -1.000000e+00  0.000000e+00
   outer loop
     vertex  2.281453e+01  6.000000e+00  4.946500e+01
     vertex  2.288628e+01  6.000000e+00  4.922884e+01
     vertex  2.290823e+01  6.000000e+00  4.917115e+01
   endloop
 endfacet
 facet normal  0.000000e+00 -1.000000e+00  0.000000e+00
   outer loop
     vertex  2.281453e+01  6.000000e+00  4.946500e+01
     vertex  2.290823e+01  6.000000e+00  4.917115e+01
     vertex  2.295684e+01  6.000000e+00  4.905767e+01
   endloop
 endfacet
 facet normal  0.000000e+00 -1.000000e+00  0.000000e+00
   outer loop
     vertex  2.281453e+01  6.000000e+00  4.946500e+01
     vertex  2.283003e+01  6.000000e+00  4.940524e+01
     vertex  2.288628e+01  6.000000e+00  4.922884e+01
   endloop
 endfacet
 facet normal  0.000000e+00 -1.000000e+00  0.000000e+00
   outer loop
     vertex  2.448000e+01  6.000000e+00  4.781091e+01
     vertex  2.436072e+01  6.000000e+00  4.784273e+01
     vertex  2.442014e+01  6.000000e+00  4.782600e+01
   endloop
 endfacet
 facet normal  0.000000e+00 -1.000000e+00  0.000000e+00
   outer loop
     vertex  2.448000e+01  6.000000e+00  4.781091e+01
     vertex  2.418551e+01  6.000000e+00  4.790259e+01
     vertex  2.436072e+01  6.000000e+00  4.784273e+01
   endloop
 endfacet
 facet normal  0.000000e+00 -1.000000e+00  0.000000e+00
   outer loop
     vertex  2.466175e+01  6.000000e+00  4.777557e+01
     vertex  2.454025e+01  6.000000e+00  4.779747e+01
     vertex  2.460085e+01  6.000000e+00  4.778569e+01
   endloop
 endfacet
 facet normal  0.000000e+00 -1.000000e+00  0.000000e+00
   outer loop
     vertex  2.466175e+01  6.000000e+00  4.777557e+01
     vertex  2.448000e+01  6.000000e+00  4.781091e+01
     vertex  2.454025e+01  6.000000e+00  4.779747e+01
   endloop
 endfacet
 facet normal  0.000000e+00 -1.000000e+00  0.000000e+00
   outer loop
     vertex  2.276908e+01  6.000000e+00  4.970759e+01
     vertex  2.277794e+01  6.000000e+00  4.964650e+01
     vertex  2.278848e+01  6.000000e+00  4.958567e+01
   endloop
 endfacet
 facet normal  0.000000e+00 -1.000000e+00  0.000000e+00
   outer loop
     vertex  2.275640e+01  6.000000e+00  4.983039e+01
     vertex  2.276908e+01  6.000000e+00  4.970759e+01
     vertex  2.278848e+01  6.000000e+00  4.958567e+01
   endloop
 endfacet
 facet normal  0.000000e+00 -1.000000e+00  0.000000e+00
   outer loop
     vertex  2.275640e+01  6.000000e+00  4.983039e+01
     vertex  2.280068e+01  6.000000e+00  4.952516e+01
     vertex  2.281453e+01  6.000000e+00  4.946500e+01
   endloop
 endfacet
 facet normal  0.000000e+00 -1.000000e+00  0.000000e+00
   outer loop
     vertex  2.275640e+01  6.000000e+00  4.983039e+01
     vertex  2.278848e+01  6.000000e+00  4.958567e+01
     vertex  2.280068e+01  6.000000e+00  4.952516e+01
   endloop
 endfacet
 facet normal  0.000000e+00 -1.000000e+00  0.000000e+00
   outer loop
     vertex  2.275640e+01  6.000000e+00  4.983039e+01
     vertex  2.276190e+01  6.000000e+00  4.976890e+01
     vertex  2.276908e+01  6.000000e+00  4.970759e+01
   endloop
 endfacet
 facet normal  0.000000e+00 -1.000000e+00  0.000000e+00
   outer loop
     vertex  2.490742e+01  6.000000e+00  4.775191e+01
     vertex  2.478426e+01  6.000000e+00  4.776037e+01
     vertex  2.484579e+01  6.000000e+00  4.775529e+01
   endloop
 endfacet
 facet normal  0.000000e+00 -1.000000e+00  0.000000e+00
   outer loop
     vertex  2.490742e+01  6.000000e+00  4.775191e+01
     vertex  2.472290e+01  6.000000e+00  4.776713e+01
     vertex  2.478426e+01  6.000000e+00  4.776037e+01
   endloop
 endfacet
 facet normal  0.000000e+00 -1.000000e+00  0.000000e+00
   outer loop
     vertex  2.490742e+01  6.000000e+00  4.775191e+01
     vertex  2.466175e+01  6.000000e+00  4.777557e+01
     vertex  2.472290e+01  6.000000e+00  4.776713e+01
   endloop
 endfacet
 facet normal  0.000000e+00 -1.000000e+00  0.000000e+00
   outer loop
     vertex  2.275048e+01  6.000000e+00  4.995370e+01
     vertex  2.275259e+01  6.000000e+00  4.989201e+01
     vertex  2.275640e+01  6.000000e+00  4.983039e+01
   endloop
 endfacet
 facet normal  0.000000e+00 -1.000000e+00  0.000000e+00
   outer loop
     vertex  2.275005e+01  6.000000e+00  5.001543e+01
     vertex  2.275048e+01  6.000000e+00  4.995370e+01
     vertex  2.275640e+01  6.000000e+00  4.983039e+01
   endloop
 endfacet
 facet normal  0.000000e+00 -1.000000e+00  0.000000e+00
   outer loop
     vertex  2.503087e+01  6.000000e+00  4.775021e+01
     vertex  2.490742e+01  6.000000e+00  4.775191e+01
     vertex  2.496913e+01  6.000000e+00  4.775021e+01
   endloop
 endfacet
 facet normal  0.000000e+00 -1.000000e+00  0.000000e+00
   outer loop
     vertex  2.515421e+01  6.000000e+00  4.775529e+01
     vertex  2.503087e+01  6.000000e+00  4.775021e+01
     vertex  2.509258e+01  6.000000e+00  4.775191e+01
   endloop
 endfacet
 facet normal  0.000000e+00 -1.000000e+00  0.000000e+00
   outer loop
     vertex  2.277330e+01  6.000000e+00  5.032299e+01
     vertex  2.275132e+01  6.000000e+00  5.007715e+01
     vertex  2.275005e+01  6.000000e+00  5.001543e+01
   endloop
 endfacet
 facet normal  0.000000e+00 -1.000000e+00  0.000000e+00
   outer loop
     vertex  2.277330e+01  6.000000e+00  5.032299e+01
     vertex  2.275429e+01  6.000000e+00  5.013881e+01
     vertex  2.275132e+01  6.000000e+00  5.007715e+01
   endloop
 endfacet
 facet normal  0.000000e+00 -1.000000e+00  0.000000e+00
   outer loop
     vertex  2.277330e+01  6.000000e+00  5.032299e+01
     vertex  2.275894e+01  6.000000e+00  5.020037e+01
     vertex  2.275429e+01  6.000000e+00  5.013881e+01
   endloop
 endfacet
 facet normal  0.000000e+00 -1.000000e+00  0.000000e+00
   outer loop
     vertex  2.277330e+01  6.000000e+00  5.032299e+01
     vertex  2.276528e+01  6.000000e+00  5.026178e+01
     vertex  2.275894e+01  6.000000e+00  5.020037e+01
   endloop
 endfacet
 facet normal  0.000000e+00 -1.000000e+00  0.000000e+00
   outer loop
     vertex  2.533825e+01  6.000000e+00  4.777557e+01
     vertex  2.521574e+01  6.000000e+00  4.776037e+01
     vertex  2.527710e+01  6.000000e+00  4.776713e+01
   endloop
 endfacet
 facet normal  0.000000e+00 -1.000000e+00  0.000000e+00
   outer loop
     vertex  2.545975e+01  6.000000e+00  4.779747e+01
     vertex  2.533825e+01  6.000000e+00  4.777557e+01
     vertex  2.539915e+01  6.000000e+00  4.778569e+01
   endloop
 endfacet
 facet normal  0.000000e+00 -1.000000e+00  0.000000e+00
   outer loop
     vertex  2.545975e+01  6.000000e+00  4.779747e+01
     vertex  2.515421e+01  6.000000e+00  4.775529e+01
     vertex  2.521574e+01  6.000000e+00  4.776037e+01
   endloop
 endfacet
 facet normal  0.000000e+00 -1.000000e+00  0.000000e+00
   outer loop
     vertex  2.545975e+01  6.000000e+00  4.779747e+01
     vertex  2.521574e+01  6.000000e+00  4.776037e+01
     vertex  2.533825e+01  6.000000e+00  4.777557e+01
   endloop
 endfacet
 facet normal  0.000000e+00 -1.000000e+00  0.000000e+00
   outer loop
     vertex  2.282208e+01  6.000000e+00  5.056493e+01
     vertex  2.278300e+01  6.000000e+00  5.038395e+01
     vertex  2.277330e+01  6.000000e+00  5.032299e+01
   endloop
 endfacet
 facet normal  0.000000e+00 -1.000000e+00  0.000000e+00
   outer loop
     vertex  2.282208e+01  6.000000e+00  5.056493e+01
     vertex  2.279437e+01  6.000000e+00  5.044463e+01
     vertex  2.278300e+01  6.000000e+00  5.038395e+01
   endloop
 endfacet
 facet normal  0.000000e+00 -1.000000e+00  0.000000e+00
   outer loop
     vertex  2.282208e+01  6.000000e+00  5.056493e+01
     vertex  2.280740e+01  6.000000e+00  5.050497e+01
     vertex  2.279437e+01  6.000000e+00  5.044463e+01
   endloop
 endfacet
 facet normal  0.000000e+00 -1.000000e+00  0.000000e+00
   outer loop
     vertex  2.557986e+01  6.000000e+00  4.782600e+01
     vertex  2.545975e+01  6.000000e+00  4.779747e+01
     vertex  2.552000e+01  6.000000e+00  4.781091e+01
   endloop
 endfacet
 facet normal  0.000000e+00 -1.000000e+00  0.000000e+00
   outer loop
     vertex  2.283839e+01  6.000000e+00  5.062447e+01
     vertex  2.282208e+01  6.000000e+00  5.056493e+01
     vertex  2.277330e+01  6.000000e+00  5.032299e+01
   endloop
 endfacet
 facet normal  0.000000e+00 -1.000000e+00  0.000000e+00
   outer loop
     vertex  2.569822e+01  6.000000e+00  4.786108e+01
     vertex  2.557986e+01  6.000000e+00  4.782600e+01
     vertex  2.563928e+01  6.000000e+00  4.784273e+01
   endloop
 endfacet
 facet normal  0.000000e+00 -1.000000e+00  0.000000e+00
   outer loop
     vertex  2.575664e+01  6.000000e+00  4.788104e+01
     vertex  2.557986e+01  6.000000e+00  4.782600e+01
     vertex  2.569822e+01  6.000000e+00  4.786108e+01
   endloop
 endfacet
 facet normal  0.000000e+00 -1.000000e+00  0.000000e+00
   outer loop
     vertex  2.289706e+01  6.000000e+00  5.080008e+01
     vertex  2.275005e+01  6.000000e+00  5.001543e+01
     vertex  2.275640e+01  6.000000e+00  4.983039e+01
   endloop
 endfacet
 facet normal  0.000000e+00 -1.000000e+00  0.000000e+00
   outer loop
     vertex  2.289706e+01  6.000000e+00  5.080008e+01
     vertex  2.277330e+01  6.000000e+00  5.032299e+01
     vertex  2.275005e+01  6.000000e+00  5.001543e+01
   endloop
 endfacet
 facet normal  0.000000e+00 -1.000000e+00  0.000000e+00
   outer loop
     vertex  2.289706e+01  6.000000e+00  5.080008e+01
     vertex  2.283839e+01  6.000000e+00  5.062447e+01
     vertex  2.277330e+01  6.000000e+00  5.032299e+01
   endloop
 endfacet
 facet normal  0.000000e+00 -1.000000e+00  0.000000e+00
   outer loop
     vertex  2.289706e+01  6.000000e+00  5.080008e+01
     vertex  2.285634e+01  6.000000e+00  5.068354e+01
     vertex  2.283839e+01  6.000000e+00  5.062447e+01
   endloop
 endfacet
 facet normal  0.000000e+00 -1.000000e+00  0.000000e+00
   outer loop
     vertex  2.289706e+01  6.000000e+00  5.080008e+01
     vertex  2.287590e+01  6.000000e+00  5.074209e+01
     vertex  2.285634e+01  6.000000e+00  5.068354e+01
   endloop
 endfacet
 facet normal  0.000000e+00 -1.000000e+00  0.000000e+00
   outer loop
     vertex  2.581449e+01  6.000000e+00  4.790259e+01
     vertex  2.545975e+01  6.000000e+00  4.779747e+01
     vertex  2.557986e+01  6.000000e+00  4.782600e+01
   endloop
 endfacet
 facet normal  0.000000e+00 -1.000000e+00  0.000000e+00
   outer loop
     vertex  2.581449e+01  6.000000e+00  4.790259e+01
     vertex  2.557986e+01  6.000000e+00  4.782600e+01
     vertex  2.575664e+01  6.000000e+00  4.788104e+01
   endloop
 endfacet
 facet normal  0.000000e+00 -1.000000e+00  0.000000e+00
   outer loop
     vertex  2.581449e+01  6.000000e+00  4.790259e+01
     vertex  2.515421e+01  6.000000e+00  4.775529e+01
     vertex  2.545975e+01  6.000000e+00  4.779747e+01
   endloop
 endfacet
 facet normal  0.000000e+00 -1.000000e+00  0.000000e+00
   outer loop
     vertex  2.592830e+01  6.000000e+00  4.795042e+01
     vertex  2.581449e+01  6.000000e+00  4.790259e+01
     vertex  2.587172e+01  6.000000e+00  4.792573e+01
   endloop
 endfacet
 facet normal  0.000000e+00 -1.000000e+00  0.000000e+00
   outer loop
     vertex  2.296996e+01  6.000000e+00  5.097027e+01
     vertex  2.291980e+01  6.000000e+00  5.085747e+01
     vertex  2.289706e+01  6.000000e+00  5.080008e+01
   endloop
 endfacet
 facet normal  0.000000e+00 -1.000000e+00  0.000000e+00
   outer loop
     vertex  2.296996e+01  6.000000e+00  5.097027e+01
     vertex  2.294410e+01  6.000000e+00  5.091422e+01
     vertex  2.291980e+01  6.000000e+00  5.085747e+01
   endloop
 endfacet
 facet normal  0.000000e+00 -1.000000e+00  0.000000e+00
   outer loop
     vertex  2.299734e+01  6.000000e+00  5.102560e+01
     vertex  2.296996e+01  6.000000e+00  5.097027e+01
     vertex  2.289706e+01  6.000000e+00  5.080008e+01
   endloop
 endfacet
 facet normal  0.000000e+00 -1.000000e+00  0.000000e+00
   outer loop
     vertex  2.603931e+01  6.000000e+00  4.800442e+01
     vertex  2.503087e+01  6.000000e+00  4.775021e+01
     vertex  2.515421e+01  6.000000e+00  4.775529e+01
   endloop
 endfacet
 facet normal  0.000000e+00 -1.000000e+00  0.000000e+00
   outer loop
     vertex  2.603931e+01  6.000000e+00  4.800442e+01
     vertex  2.581449e+01  6.000000e+00  4.790259e+01
     vertex  2.592830e+01  6.000000e+00  4.795042e+01
   endloop
 endfacet
 facet normal  0.000000e+00 -1.000000e+00  0.000000e+00
   outer loop
     vertex  2.603931e+01  6.000000e+00  4.800442e+01
     vertex  2.515421e+01  6.000000e+00  4.775529e+01
     vertex  2.581449e+01  6.000000e+00  4.790259e+01
   endloop
 endfacet
 facet normal  0.000000e+00 -1.000000e+00  0.000000e+00
   outer loop
     vertex  2.603931e+01  6.000000e+00  4.800442e+01
     vertex  2.592830e+01  6.000000e+00  4.795042e+01
     vertex  2.598418e+01  6.000000e+00  4.797666e+01
   endloop
 endfacet
 facet normal  0.000000e+00 -1.000000e+00  0.000000e+00
   outer loop
     vertex  2.302623e+01  6.000000e+00  5.108016e+01
     vertex  2.299734e+01  6.000000e+00  5.102560e+01
     vertex  2.289706e+01  6.000000e+00  5.080008e+01
   endloop
 endfacet
 facet normal  0.000000e+00 -1.000000e+00  0.000000e+00
   outer loop
     vertex  2.614720e+01  6.000000e+00  4.806443e+01
     vertex  2.603931e+01  6.000000e+00  4.800442e+01
     vertex  2.609367e+01  6.000000e+00  4.803369e+01
   endloop
 endfacet
 facet normal  0.000000e+00 -1.000000e+00  0.000000e+00
   outer loop
     vertex  2.308845e+01  6.000000e+00  5.118679e+01
     vertex  2.305661e+01  6.000000e+00  5.113390e+01
     vertex  2.302623e+01  6.000000e+00  5.108016e+01
   endloop
 endfacet
 facet normal  0.000000e+00 -1.000000e+00  0.000000e+00
   outer loop
     vertex  2.619987e+01  6.000000e+00  4.809663e+01
     vertex  2.603931e+01  6.000000e+00  4.800442e+01
     vertex  2.614720e+01  6.000000e+00  4.806443e+01
   endloop
 endfacet
 facet normal  0.000000e+00 -1.000000e+00  0.000000e+00
   outer loop
     vertex  2.312172e+01  6.000000e+00  5.123878e+01
     vertex  2.302623e+01  6.000000e+00  5.108016e+01
     vertex  2.289706e+01  6.000000e+00  5.080008e+01
   endloop
 endfacet
 facet normal  0.000000e+00 -1.000000e+00  0.000000e+00
   outer loop
     vertex  2.312172e+01  6.000000e+00  5.123878e+01
     vertex  2.308845e+01  6.000000e+00  5.118679e+01
     vertex  2.302623e+01  6.000000e+00  5.108016e+01
   endloop
 endfacet
 facet normal  0.000000e+00 -1.000000e+00  0.000000e+00
   outer loop
     vertex  2.315642e+01  6.000000e+00  5.128984e+01
     vertex  2.312172e+01  6.000000e+00  5.123878e+01
     vertex  2.289706e+01  6.000000e+00  5.080008e+01
   endloop
 endfacet
 facet normal  0.000000e+00 -1.000000e+00  0.000000e+00
   outer loop
     vertex  2.635230e+01  6.000000e+00  4.820173e+01
     vertex  2.625164e+01  6.000000e+00  4.813027e+01
     vertex  2.630246e+01  6.000000e+00  4.816531e+01
   endloop
 endfacet
 facet normal  0.000000e+00 -1.000000e+00  0.000000e+00
   outer loop
     vertex  2.635230e+01  6.000000e+00  4.820173e+01
     vertex  2.619987e+01  6.000000e+00  4.809663e+01
     vertex  2.625164e+01  6.000000e+00  4.813027e+01
   endloop
 endfacet
 facet normal  0.000000e+00 -1.000000e+00  0.000000e+00
   outer loop
     vertex  2.322994e+01  6.000000e+00  5.138902e+01
     vertex  2.319250e+01  6.000000e+00  5.133994e+01
     vertex  2.315642e+01  6.000000e+00  5.128984e+01
   endloop
 endfacet
 facet normal  0.000000e+00 -1.000000e+00  0.000000e+00
   outer loop
     vertex  2.640113e+01  6.000000e+00  4.823951e+01
     vertex  2.619987e+01  6.000000e+00  4.809663e+01
     vertex  2.635230e+01  6.000000e+00  4.820173e+01
   endloop
 endfacet
 facet normal  0.000000e+00 -1.000000e+00  0.000000e+00
   outer loop
     vertex  2.330878e+01  6.000000e+00  5.148401e+01
     vertex  2.315642e+01  6.000000e+00  5.128984e+01
     vertex  2.289706e+01  6.000000e+00  5.080008e+01
   endloop
 endfacet
 facet normal  0.000000e+00 -1.000000e+00  0.000000e+00
   outer loop
     vertex  2.330878e+01  6.000000e+00  5.148401e+01
     vertex  2.322994e+01  6.000000e+00  5.138902e+01
     vertex  2.315642e+01  6.000000e+00  5.128984e+01
   endloop
 endfacet
 facet normal  0.000000e+00 -1.000000e+00  0.000000e+00
   outer loop
     vertex  2.330878e+01  6.000000e+00  5.148401e+01
     vertex  2.281453e+01  6.000000e+00  4.946500e+01
     vertex  2.295684e+01  6.000000e+00  4.905767e+01
   endloop
 endfacet
 facet normal  0.000000e+00 -1.000000e+00  0.000000e+00
   outer loop
     vertex  2.330878e+01  6.000000e+00  5.148401e+01
     vertex  2.275640e+01  6.000000e+00  4.983039e+01
     vertex  2.281453e+01  6.000000e+00  4.946500e+01
   endloop
 endfacet
 facet normal  0.000000e+00 -1.000000e+00 -0.000000e+00
   outer loop
     vertex  2.330878e+01  6.000000e+00  5.148401e+01
     vertex  2.328859e+01  6.000000e+00  4.853933e+01
     vertex  2.332930e+01  6.000000e+00  4.849293e+01
   endloop
 endfacet
 facet normal  0.000000e+00 -1.000000e+00  0.000000e+00
   outer loop
     vertex  2.330878e+01  6.000000e+00  5.148401e+01
     vertex  2.324916e+01  6.000000e+00  4.858683e+01
     vertex  2.328859e+01  6.000000e+00  4.853933e+01
   endloop
 endfacet
 facet normal  0.000000e+00 -1.000000e+00  0.000000e+00
   outer loop
     vertex  2.330878e+01  6.000000e+00  5.148401e+01
     vertex  2.321105e+01  6.000000e+00  4.863539e+01
     vertex  2.324916e+01  6.000000e+00  4.858683e+01
   endloop
 endfacet
 facet normal  0.000000e+00 -1.000000e+00  0.000000e+00
   outer loop
     vertex  2.330878e+01  6.000000e+00  5.148401e+01
     vertex  2.307235e+01  6.000000e+00  4.883955e+01
     vertex  2.321105e+01  6.000000e+00  4.863539e+01
   endloop
 endfacet
 facet normal  0.000000e+00 -1.000000e+00  0.000000e+00
   outer loop
     vertex  2.330878e+01  6.000000e+00  5.148401e+01
     vertex  2.295684e+01  6.000000e+00  4.905767e+01
     vertex  2.307235e+01  6.000000e+00  4.883955e+01
   endloop
 endfacet
 facet normal  0.000000e+00 -1.000000e+00  0.000000e+00
   outer loop
     vertex  2.330878e+01  6.000000e+00  5.148401e+01
     vertex  2.289706e+01  6.000000e+00  5.080008e+01
     vertex  2.275640e+01  6.000000e+00  4.983039e+01
   endloop
 endfacet
 facet normal  0.000000e+00 -1.000000e+00  0.000000e+00
   outer loop
     vertex  2.330878e+01  6.000000e+00  5.148401e+01
     vertex  2.326871e+01  6.000000e+00  5.143706e+01
     vertex  2.322994e+01  6.000000e+00  5.138902e+01
   endloop
 endfacet
 facet normal  0.000000e+00 -1.000000e+00  0.000000e+00
   outer loop
     vertex  2.649558e+01  6.000000e+00  4.831900e+01
     vertex  2.640113e+01  6.000000e+00  4.823951e+01
     vertex  2.644890e+01  6.000000e+00  4.827861e+01
   endloop
 endfacet
 facet normal  0.000000e+00 -1.000000e+00  0.000000e+00
   outer loop
     vertex  2.654113e+01  6.000000e+00  4.836067e+01
     vertex  2.640113e+01  6.000000e+00  4.823951e+01
     vertex  2.649558e+01  6.000000e+00  4.831900e+01
   endloop
 endfacet
 facet normal  0.000000e+00 -1.000000e+00 -0.000000e+00
   outer loop
     vertex  2.339272e+01  6.000000e+00  5.157454e+01
     vertex  2.337128e+01  6.000000e+00  4.844766e+01
     vertex  2.341448e+01  6.000000e+00  4.840356e+01
   endloop
 endfacet
 facet normal  0.000000e+00 -1.000000e+00  0.000000e+00
   outer loop
     vertex  2.339272e+01  6.000000e+00  5.157454e+01
     vertex  2.332930e+01  6.000000e+00  4.849293e+01
     vertex  2.337128e+01  6.000000e+00  4.844766e+01
   endloop
 endfacet
 facet normal  0.000000e+00 -1.000000e+00  0.000000e+00
   outer loop
     vertex  2.339272e+01  6.000000e+00  5.157454e+01
     vertex  2.330878e+01  6.000000e+00  5.148401e+01
     vertex  2.332930e+01  6.000000e+00  4.849293e+01
   endloop
 endfacet
 facet normal  0.000000e+00 -1.000000e+00  0.000000e+00
   outer loop
     vertex  2.339272e+01  6.000000e+00  5.157454e+01
     vertex  2.335013e+01  6.000000e+00  5.152985e+01
     vertex  2.330878e+01  6.000000e+00  5.148401e+01
   endloop
 endfacet
 facet normal  0.000000e+00 -1.000000e+00  0.000000e+00
   outer loop
     vertex  2.658552e+01  6.000000e+00  4.840356e+01
     vertex  2.640113e+01  6.000000e+00  4.823951e+01
     vertex  2.654113e+01  6.000000e+00  4.836067e+01
   endloop
 endfacet
 facet normal  0.000000e+00 -1.000000e+00  0.000000e+00
   outer loop
     vertex  2.348150e+01  6.000000e+00  5.166032e+01
     vertex  2.343653e+01  6.000000e+00  5.161804e+01
     vertex  2.339272e+01  6.000000e+00  5.157454e+01
   endloop
 endfacet
 facet normal  0.000000e+00 -1.000000e+00  0.000000e+00
   outer loop
     vertex  2.667070e+01  6.000000e+00  4.849293e+01
     vertex  2.640113e+01  6.000000e+00  4.823951e+01
     vertex  2.658552e+01  6.000000e+00  4.840356e+01
   endloop
 endfacet
 facet normal  0.000000e+00 -1.000000e+00  0.000000e+00
   outer loop
     vertex  2.667070e+01  6.000000e+00  4.849293e+01
     vertex  2.658552e+01  6.000000e+00  4.840356e+01
     vertex  2.662872e+01  6.000000e+00  4.844766e+01
   endloop
 endfacet
 facet normal  0.000000e+00 -1.000000e+00  0.000000e+00
   outer loop
     vertex  2.352762e+01  6.000000e+00  5.170136e+01
     vertex  2.348150e+01  6.000000e+00  5.166032e+01
     vertex  2.339272e+01  6.000000e+00  5.157454e+01
   endloop
 endfacet
 facet normal  0.000000e+00 -1.000000e+00  0.000000e+00
   outer loop
     vertex  2.671141e+01  6.000000e+00  4.853933e+01
     vertex  2.640113e+01  6.000000e+00  4.823951e+01
     vertex  2.667070e+01  6.000000e+00  4.849293e+01
   endloop
 endfacet
 facet normal  0.000000e+00 -1.000000e+00  0.000000e+00
   outer loop
     vertex  2.671141e+01  6.000000e+00  4.853933e+01
     vertex  2.619987e+01  6.000000e+00  4.809663e+01
     vertex  2.640113e+01  6.000000e+00  4.823951e+01
   endloop
 endfacet
 facet normal  0.000000e+00 -1.000000e+00  0.000000e+00
   outer loop
     vertex  2.671141e+01  6.000000e+00  4.853933e+01
     vertex  2.603931e+01  6.000000e+00  4.800442e+01
     vertex  2.619987e+01  6.000000e+00  4.809663e+01
   endloop
 endfacet
 facet normal  0.000000e+00 -1.000000e+00  0.000000e+00
   outer loop
     vertex  2.362316e+01  6.000000e+00  5.177955e+01
     vertex  2.357485e+01  6.000000e+00  5.174111e+01
     vertex  2.352762e+01  6.000000e+00  5.170136e+01
   endloop
 endfacet
 facet normal  0.000000e+00 -1.000000e+00  0.000000e+00
   outer loop
     vertex  2.678895e+01  6.000000e+00  4.863539e+01
     vertex  2.671141e+01  6.000000e+00  4.853933e+01
     vertex  2.675084e+01  6.000000e+00  4.858683e+01
   endloop
 endfacet
 facet normal  0.000000e+00 -1.000000e+00  0.000000e+00
   outer loop
     vertex  2.367249e+01  6.000000e+00  5.181665e+01
     vertex  2.362316e+01  6.000000e+00  5.177955e+01
     vertex  2.352762e+01  6.000000e+00  5.170136e+01
   endloop
 endfacet
 facet normal  0.000000e+00 -1.000000e+00  0.000000e+00
   outer loop
     vertex  2.367249e+01  6.000000e+00  5.181665e+01
     vertex  2.352762e+01  6.000000e+00  5.170136e+01
     vertex  2.339272e+01  6.000000e+00  5.157454e+01
   endloop
 endfacet
 facet normal  0.000000e+00 -1.000000e+00  0.000000e+00
   outer loop
     vertex  2.686110e+01  6.000000e+00  4.873557e+01
     vertex  2.671141e+01  6.000000e+00  4.853933e+01
     vertex  2.678895e+01  6.000000e+00  4.863539e+01
   endloop
 endfacet
 facet normal  0.000000e+00 -1.000000e+00  0.000000e+00
   outer loop
     vertex  2.686110e+01  6.000000e+00  4.873557e+01
     vertex  2.678895e+01  6.000000e+00  4.863539e+01
     vertex  2.682572e+01  6.000000e+00  4.868499e+01
   endloop
 endfacet
 facet normal  0.000000e+00 -1.000000e+00  0.000000e+00
   outer loop
     vertex  2.382635e+01  6.000000e+00  5.191965e+01
     vertex  2.377413e+01  6.000000e+00  5.188673e+01
     vertex  2.372283e+01  6.000000e+00  5.185239e+01
   endloop
 endfacet
 facet normal  0.000000e+00 -1.000000e+00  0.000000e+00
   outer loop
     vertex  2.387946e+01  6.000000e+00  5.195112e+01
     vertex  2.372283e+01  6.000000e+00  5.185239e+01
     vertex  2.367249e+01  6.000000e+00  5.181665e+01
   endloop
 endfacet
 facet normal  0.000000e+00 -1.000000e+00  0.000000e+00
   outer loop
     vertex  2.387946e+01  6.000000e+00  5.195112e+01
     vertex  2.339272e+01  6.000000e+00  5.157454e+01
     vertex  2.341448e+01  6.000000e+00  4.840356e+01
   endloop
 endfacet
 facet normal  0.000000e+00 -1.000000e+00  0.000000e+00
   outer loop
     vertex  2.387946e+01  6.000000e+00  5.195112e+01
     vertex  2.341448e+01  6.000000e+00  4.840356e+01
     vertex  2.345887e+01  6.000000e+00  4.836067e+01
   endloop
 endfacet
 facet normal  0.000000e+00 -1.000000e+00  0.000000e+00
   outer loop
     vertex  2.387946e+01  6.000000e+00  5.195112e+01
     vertex  2.367249e+01  6.000000e+00  5.181665e+01
     vertex  2.339272e+01  6.000000e+00  5.157454e+01
   endloop
 endfacet
 facet normal  0.000000e+00 -1.000000e+00  0.000000e+00
   outer loop
     vertex  2.387946e+01  6.000000e+00  5.195112e+01
     vertex  2.382635e+01  6.000000e+00  5.191965e+01
     vertex  2.372283e+01  6.000000e+00  5.185239e+01
   endloop
 endfacet
 facet normal  0.000000e+00 -1.000000e+00  0.000000e+00
   outer loop
     vertex  2.695876e+01  6.000000e+00  4.889287e+01
     vertex  2.689509e+01  6.000000e+00  4.878710e+01
     vertex  2.692765e+01  6.000000e+00  4.883955e+01
   endloop
 endfacet
 facet normal  0.000000e+00 -1.000000e+00  0.000000e+00
   outer loop
     vertex  2.393341e+01  6.000000e+00  5.198113e+01
     vertex  2.387946e+01  6.000000e+00  5.195112e+01
     vertex  2.345887e+01  6.000000e+00  4.836067e+01
   endloop
 endfacet
 facet normal  0.000000e+00 -1.000000e+00  0.000000e+00
   outer loop
     vertex  2.698840e+01  6.000000e+00  4.894702e+01
     vertex  2.689509e+01  6.000000e+00  4.878710e+01
     vertex  2.695876e+01  6.000000e+00  4.889287e+01
   endloop
 endfacet
 facet normal  0.000000e+00 -1.000000e+00  0.000000e+00
   outer loop
     vertex  2.701654e+01  6.000000e+00  4.900197e+01
     vertex  2.689509e+01  6.000000e+00  4.878710e+01
     vertex  2.698840e+01  6.000000e+00  4.894702e+01
   endloop
 endfacet
 facet normal  0.000000e+00 -1.000000e+00  0.000000e+00
   outer loop
     vertex  2.704316e+01  6.000000e+00  4.905767e+01
     vertex  2.686110e+01  6.000000e+00  4.873557e+01
     vertex  2.689509e+01  6.000000e+00  4.878710e+01
   endloop
 endfacet
 facet normal  0.000000e+00 -1.000000e+00  0.000000e+00
   outer loop
     vertex  2.704316e+01  6.000000e+00  4.905767e+01
     vertex  2.689509e+01  6.000000e+00  4.878710e+01
     vertex  2.701654e+01  6.000000e+00  4.900197e+01
   endloop
 endfacet
 facet normal  0.000000e+00 -1.000000e+00  0.000000e+00
   outer loop
     vertex  2.409991e+01  6.000000e+00  5.206212e+01
     vertex  2.404367e+01  6.000000e+00  5.203665e+01
     vertex  2.398816e+01  6.000000e+00  5.200965e+01
   endloop
 endfacet
 facet normal  0.000000e+00 -1.000000e+00  0.000000e+00
   outer loop
     vertex  2.706824e+01  6.000000e+00  4.911407e+01
     vertex  2.686110e+01  6.000000e+00  4.873557e+01
     vertex  2.704316e+01  6.000000e+00  4.905767e+01
   endloop
 endfacet
 facet normal  0.000000e+00 -1.000000e+00  0.000000e+00
   outer loop
     vertex  2.421436e+01  6.000000e+00  5.210838e+01
     vertex  2.415682e+01  6.000000e+00  5.208604e+01
     vertex  2.409991e+01  6.000000e+00  5.206212e+01
   endloop
 endfacet
 facet normal  0.000000e+00 -1.000000e+00  0.000000e+00
   outer loop
     vertex  2.421436e+01  6.000000e+00  5.210838e+01
     vertex  2.409991e+01  6.000000e+00  5.206212e+01
     vertex  2.398816e+01  6.000000e+00  5.200965e+01
   endloop
 endfacet
 facet normal  0.000000e+00 -1.000000e+00  0.000000e+00
   outer loop
     vertex  2.427250e+01  6.000000e+00  5.212914e+01
     vertex  2.398816e+01  6.000000e+00  5.200965e+01
     vertex  2.393341e+01  6.000000e+00  5.198113e+01
   endloop
 endfacet
 facet normal  0.000000e+00 -1.000000e+00  0.000000e+00
   outer loop
     vertex  2.427250e+01  6.000000e+00  5.212914e+01
     vertex  2.421436e+01  6.000000e+00  5.210838e+01
     vertex  2.398816e+01  6.000000e+00  5.200965e+01
   endloop
 endfacet
 facet normal  0.000000e+00 -1.000000e+00  0.000000e+00
   outer loop
     vertex  2.433118e+01  6.000000e+00  5.214830e+01
     vertex  2.427250e+01  6.000000e+00  5.212914e+01
     vertex  2.393341e+01  6.000000e+00  5.198113e+01
   endloop
 endfacet
 facet normal  0.000000e+00 -1.000000e+00  0.000000e+00
   outer loop
     vertex  2.716997e+01  6.000000e+00  4.940524e+01
     vertex  2.713408e+01  6.000000e+00  4.928712e+01
     vertex  2.715284e+01  6.000000e+00  4.934594e+01
   endloop
 endfacet
 facet normal  0.000000e+00 -1.000000e+00  0.000000e+00
   outer loop
     vertex  2.716997e+01  6.000000e+00  4.940524e+01
     vertex  2.711372e+01  6.000000e+00  4.922884e+01
     vertex  2.713408e+01  6.000000e+00  4.928712e+01
   endloop
 endfacet
 facet normal  0.000000e+00 -1.000000e+00  0.000000e+00
   outer loop
     vertex  2.716997e+01  6.000000e+00  4.940524e+01
     vertex  2.709177e+01  6.000000e+00  4.917115e+01
     vertex  2.711372e+01  6.000000e+00  4.922884e+01
   endloop
 endfacet
 facet normal  0.000000e+00 -1.000000e+00  0.000000e+00
   outer loop
     vertex  2.445002e+01  6.000000e+00  5.218175e+01
     vertex  2.439037e+01  6.000000e+00  5.216584e+01
     vertex  2.433118e+01  6.000000e+00  5.214830e+01
   endloop
 endfacet
 facet normal  0.000000e+00 -1.000000e+00  0.000000e+00
   outer loop
     vertex  2.718547e+01  6.000000e+00  4.946500e+01
     vertex  2.706824e+01  6.000000e+00  4.911407e+01
     vertex  2.709177e+01  6.000000e+00  4.917115e+01
   endloop
 endfacet
 facet normal  0.000000e+00 -1.000000e+00  0.000000e+00
   outer loop
     vertex  2.718547e+01  6.000000e+00  4.946500e+01
     vertex  2.709177e+01  6.000000e+00  4.917115e+01
     vertex  2.716997e+01  6.000000e+00  4.940524e+01
   endloop
 endfacet
 facet normal  0.000000e+00 -1.000000e+00  0.000000e+00
   outer loop
     vertex  2.451008e+01  6.000000e+00  5.219601e+01
     vertex  2.445002e+01  6.000000e+00  5.218175e+01
     vertex  2.433118e+01  6.000000e+00  5.214830e+01
   endloop
 endfacet
 facet normal  0.000000e+00 -1.000000e+00  0.000000e+00
   outer loop
     vertex  2.719932e+01  6.000000e+00  4.952516e+01
     vertex  2.686110e+01  6.000000e+00  4.873557e+01
     vertex  2.706824e+01  6.000000e+00  4.911407e+01
   endloop
 endfacet
 facet normal  0.000000e+00 -1.000000e+00  0.000000e+00
   outer loop
     vertex  2.719932e+01  6.000000e+00  4.952516e+01
     vertex  2.706824e+01  6.000000e+00  4.911407e+01
     vertex  2.718547e+01  6.000000e+00  4.946500e+01
   endloop
 endfacet
 facet normal  0.000000e+00 -1.000000e+00  0.000000e+00
   outer loop
     vertex  2.719932e+01  6.000000e+00  4.952516e+01
     vertex  2.671141e+01  6.000000e+00  4.853933e+01
     vertex  2.686110e+01  6.000000e+00  4.873557e+01
   endloop
 endfacet
 facet normal  0.000000e+00 -1.000000e+00  0.000000e+00
   outer loop
     vertex  2.457051e+01  6.000000e+00  5.220863e+01
     vertex  2.433118e+01  6.000000e+00  5.214830e+01
     vertex  2.393341e+01  6.000000e+00  5.198113e+01
   endloop
 endfacet
 facet normal  0.000000e+00 -1.000000e+00  0.000000e+00
   outer loop
     vertex  2.457051e+01  6.000000e+00  5.220863e+01
     vertex  2.451008e+01  6.000000e+00  5.219601e+01
     vertex  2.433118e+01  6.000000e+00  5.214830e+01
   endloop
 endfacet
 facet normal  0.000000e+00 -1.000000e+00  0.000000e+00
   outer loop
     vertex  2.469230e+01  6.000000e+00  5.222886e+01
     vertex  2.463126e+01  6.000000e+00  5.221958e+01
     vertex  2.457051e+01  6.000000e+00  5.220863e+01
   endloop
 endfacet
 facet normal  0.000000e+00 -1.000000e+00  0.000000e+00
   outer loop
     vertex  2.723810e+01  6.000000e+00  4.976890e+01
     vertex  2.722206e+01  6.000000e+00  4.964650e+01
     vertex  2.723092e+01  6.000000e+00  4.970759e+01
   endloop
 endfacet
 facet normal  0.000000e+00 -1.000000e+00  0.000000e+00
   outer loop
     vertex  2.723810e+01  6.000000e+00  4.976890e+01
     vertex  2.721152e+01  6.000000e+00  4.958567e+01
     vertex  2.722206e+01  6.000000e+00  4.964650e+01
   endloop
 endfacet
 facet normal  0.000000e+00 -1.000000e+00  0.000000e+00
   outer loop
     vertex  2.723810e+01  6.000000e+00  4.976890e+01
     vertex  2.719932e+01  6.000000e+00  4.952516e+01
     vertex  2.721152e+01  6.000000e+00  4.958567e+01
   endloop
 endfacet
 facet normal  0.000000e+00 -1.000000e+00  0.000000e+00
   outer loop
     vertex  2.481501e+01  6.000000e+00  5.224238e+01
     vertex  2.475356e+01  6.000000e+00  5.223646e+01
     vertex  2.469230e+01  6.000000e+00  5.222886e+01
   endloop
 endfacet
 facet normal  0.000000e+00 -1.000000e+00  0.000000e+00
   outer loop
     vertex  2.481501e+01  6.000000e+00  5.224238e+01
     vertex  2.469230e+01  6.000000e+00  5.222886e+01
     vertex  2.457051e+01  6.000000e+00  5.220863e+01
   endloop
 endfacet
 facet normal  0.000000e+00 -1.000000e+00  0.000000e+00
   outer loop
     vertex  2.487659e+01  6.000000e+00  5.224661e+01
     vertex  2.481501e+01  6.000000e+00  5.224238e+01
     vertex  2.457051e+01  6.000000e+00  5.220863e+01
   endloop
 endfacet
 facet normal  0.000000e+00 -1.000000e+00  0.000000e+00
   outer loop
     vertex  2.724952e+01  6.000000e+00  4.995370e+01
     vertex  2.724360e+01  6.000000e+00  4.983039e+01
     vertex  2.724741e+01  6.000000e+00  4.989201e+01
   endloop
 endfacet
 facet normal  0.000000e+00 -1.000000e+00  0.000000e+00
   outer loop
     vertex  2.724952e+01  6.000000e+00  4.995370e+01
     vertex  2.723810e+01  6.000000e+00  4.976890e+01
     vertex  2.724360e+01  6.000000e+00  4.983039e+01
   endloop
 endfacet
 facet normal  0.000000e+00 -1.000000e+00  0.000000e+00
   outer loop
     vertex  2.500000e+01  6.000000e+00  5.225000e+01
     vertex  2.493827e+01  6.000000e+00  5.224915e+01
     vertex  2.487659e+01  6.000000e+00  5.224661e+01
   endloop
 endfacet
 facet normal  0.000000e+00 -1.000000e+00  0.000000e+00
   outer loop
     vertex  2.724868e+01  6.000000e+00  5.007715e+01
     vertex  2.719932e+01  6.000000e+00  4.952516e+01
     vertex  2.723810e+01  6.000000e+00  4.976890e+01
   endloop
 endfacet
 facet normal  0.000000e+00 -1.000000e+00  0.000000e+00
   outer loop
     vertex  2.724868e+01  6.000000e+00  5.007715e+01
     vertex  2.724952e+01  6.000000e+00  4.995370e+01
     vertex  2.724995e+01  6.000000e+00  5.001543e+01
   endloop
 endfacet
 facet normal  0.000000e+00 -1.000000e+00 -0.000000e+00
   outer loop
     vertex  2.724868e+01  6.000000e+00  5.007715e+01
     vertex  2.723810e+01  6.000000e+00  4.976890e+01
     vertex  2.724952e+01  6.000000e+00  4.995370e+01
   endloop
 endfacet
 facet normal  0.000000e+00 -1.000000e+00  0.000000e+00
   outer loop
     vertex  2.512341e+01  6.000000e+00  5.224661e+01
     vertex  2.506173e+01  6.000000e+00  5.224915e+01
     vertex  2.500000e+01  6.000000e+00  5.225000e+01
   endloop
 endfacet
 facet normal  0.000000e+00 -1.000000e+00  0.000000e+00
   outer loop
     vertex  2.518499e+01  6.000000e+00  5.224238e+01
     vertex  2.512341e+01  6.000000e+00  5.224661e+01
     vertex  2.500000e+01  6.000000e+00  5.225000e+01
   endloop
 endfacet
 facet normal  0.000000e+00 -1.000000e+00  0.000000e+00
   outer loop
     vertex  2.723472e+01  6.000000e+00  5.026178e+01
     vertex  2.724571e+01  6.000000e+00  5.013881e+01
     vertex  2.724106e+01  6.000000e+00  5.020037e+01
   endloop
 endfacet
 facet normal  0.000000e+00 -1.000000e+00  0.000000e+00
   outer loop
     vertex  2.723472e+01  6.000000e+00  5.026178e+01
     vertex  2.724868e+01  6.000000e+00  5.007715e+01
     vertex  2.724571e+01  6.000000e+00  5.013881e+01
   endloop
 endfacet
 facet normal  0.000000e+00 -1.000000e+00  0.000000e+00
   outer loop
     vertex  2.536874e+01  6.000000e+00  5.221958e+01
     vertex  2.524644e+01  6.000000e+00  5.223646e+01
     vertex  2.518499e+01  6.000000e+00  5.224238e+01
   endloop
 endfacet
 facet normal  0.000000e+00 -1.000000e+00  0.000000e+00
   outer loop
     vertex  2.536874e+01  6.000000e+00  5.221958e+01
     vertex  2.530770e+01  6.000000e+00  5.222886e+01
     vertex  2.524644e+01  6.000000e+00  5.223646e+01
   endloop
 endfacet
 facet normal  0.000000e+00 -1.000000e+00  0.000000e+00
   outer loop
     vertex  2.536874e+01  6.000000e+00  5.221958e+01
     vertex  2.518499e+01  6.000000e+00  5.224238e+01
     vertex  2.500000e+01  6.000000e+00  5.225000e+01
   endloop
 endfacet
 facet normal  0.000000e+00 -1.000000e+00  0.000000e+00
   outer loop
     vertex  2.536874e+01  6.000000e+00  5.221958e+01
     vertex  2.500000e+01  6.000000e+00  5.225000e+01
     vertex  2.487659e+01  6.000000e+00  5.224661e+01
   endloop
 endfacet
 facet normal  0.000000e+00 -1.000000e+00  0.000000e+00
   outer loop
     vertex  2.721700e+01  6.000000e+00  5.038395e+01
     vertex  2.723472e+01  6.000000e+00  5.026178e+01
     vertex  2.722670e+01  6.000000e+00  5.032299e+01
   endloop
 endfacet
 facet normal  0.000000e+00 -1.000000e+00  0.000000e+00
   outer loop
     vertex  2.548992e+01  6.000000e+00  5.219601e+01
     vertex  2.542949e+01  6.000000e+00  5.220863e+01
     vertex  2.536874e+01  6.000000e+00  5.221958e+01
   endloop
 endfacet
 facet normal  0.000000e+00 -1.000000e+00  0.000000e+00
   outer loop
     vertex  2.548992e+01  6.000000e+00  5.219601e+01
     vertex  2.487659e+01  6.000000e+00  5.224661e+01
     vertex  2.457051e+01  6.000000e+00  5.220863e+01
   endloop
 endfacet
 facet normal  0.000000e+00 -1.000000e+00  0.000000e+00
   outer loop
     vertex  2.548992e+01  6.000000e+00  5.219601e+01
     vertex  2.536874e+01  6.000000e+00  5.221958e+01
     vertex  2.487659e+01  6.000000e+00  5.224661e+01
   endloop
 endfacet
 facet normal  0.000000e+00 -1.000000e+00  0.000000e+00
   outer loop
     vertex  2.719260e+01  6.000000e+00  5.050497e+01
     vertex  2.721700e+01  6.000000e+00  5.038395e+01
     vertex  2.720563e+01  6.000000e+00  5.044463e+01
   endloop
 endfacet
 facet normal  0.000000e+00 -1.000000e+00  0.000000e+00
   outer loop
     vertex  2.719260e+01  6.000000e+00  5.050497e+01
     vertex  2.724868e+01  6.000000e+00  5.007715e+01
     vertex  2.723472e+01  6.000000e+00  5.026178e+01
   endloop
 endfacet
 facet normal  0.000000e+00 -1.000000e+00  0.000000e+00
   outer loop
     vertex  2.719260e+01  6.000000e+00  5.050497e+01
     vertex  2.723472e+01  6.000000e+00  5.026178e+01
     vertex  2.721700e+01  6.000000e+00  5.038395e+01
   endloop
 endfacet
 facet normal  0.000000e+00 -1.000000e+00  0.000000e+00
   outer loop
     vertex  2.717792e+01  6.000000e+00  5.056493e+01
     vertex  2.724868e+01  6.000000e+00  5.007715e+01
     vertex  2.719260e+01  6.000000e+00  5.050497e+01
   endloop
 endfacet
 facet normal  0.000000e+00 -1.000000e+00  0.000000e+00
   outer loop
     vertex  2.560963e+01  6.000000e+00  5.216584e+01
     vertex  2.554998e+01  6.000000e+00  5.218175e+01
     vertex  2.548992e+01  6.000000e+00  5.219601e+01
   endloop
 endfacet
 facet normal  0.000000e+00 -1.000000e+00  0.000000e+00
   outer loop
     vertex  2.560963e+01  6.000000e+00  5.216584e+01
     vertex  2.548992e+01  6.000000e+00  5.219601e+01
     vertex  2.457051e+01  6.000000e+00  5.220863e+01
   endloop
 endfacet
 facet normal  0.000000e+00 -1.000000e+00  0.000000e+00
   outer loop
     vertex  2.714366e+01  6.000000e+00  5.068354e+01
     vertex  2.717792e+01  6.000000e+00  5.056493e+01
     vertex  2.716161e+01  6.000000e+00  5.062447e+01
   endloop
 endfacet
 facet normal  0.000000e+00 -1.000000e+00  0.000000e+00
   outer loop
     vertex  2.710294e+01  6.000000e+00  5.080008e+01
     vertex  2.717792e+01  6.000000e+00  5.056493e+01
     vertex  2.714366e+01  6.000000e+00  5.068354e+01
   endloop
 endfacet
 facet normal  0.000000e+00 -1.000000e+00  0.000000e+00
   outer loop
     vertex  2.710294e+01  6.000000e+00  5.080008e+01
     vertex  2.714366e+01  6.000000e+00  5.068354e+01
     vertex  2.712410e+01  6.000000e+00  5.074209e+01
   endloop
 endfacet
 facet normal  0.000000e+00 -1.000000e+00  0.000000e+00
   outer loop
     vertex  2.584318e+01  6.000000e+00  5.208604e+01
     vertex  2.566882e+01  6.000000e+00  5.214830e+01
     vertex  2.560963e+01  6.000000e+00  5.216584e+01
   endloop
 endfacet
 facet normal  0.000000e+00 -1.000000e+00  0.000000e+00
   outer loop
     vertex  2.584318e+01  6.000000e+00  5.208604e+01
     vertex  2.572750e+01  6.000000e+00  5.212914e+01
     vertex  2.566882e+01  6.000000e+00  5.214830e+01
   endloop
 endfacet
 facet normal  0.000000e+00 -1.000000e+00  0.000000e+00
   outer loop
     vertex  2.584318e+01  6.000000e+00  5.208604e+01
     vertex  2.578564e+01  6.000000e+00  5.210838e+01
     vertex  2.572750e+01  6.000000e+00  5.212914e+01
   endloop
 endfacet
 facet normal  0.000000e+00 -1.000000e+00  0.000000e+00
   outer loop
     vertex  2.584318e+01  6.000000e+00  5.208604e+01
     vertex  2.560963e+01  6.000000e+00  5.216584e+01
     vertex  2.457051e+01  6.000000e+00  5.220863e+01
   endloop
 endfacet
 facet normal  0.000000e+00 -1.000000e+00  0.000000e+00
   outer loop
     vertex  2.590009e+01  6.000000e+00  5.206212e+01
     vertex  2.584318e+01  6.000000e+00  5.208604e+01
     vertex  2.457051e+01  6.000000e+00  5.220863e+01
   endloop
 endfacet
 facet normal  0.000000e+00 -1.000000e+00  0.000000e+00
   outer loop
     vertex  2.705590e+01  6.000000e+00  5.091422e+01
     vertex  2.717792e+01  6.000000e+00  5.056493e+01
     vertex  2.710294e+01  6.000000e+00  5.080008e+01
   endloop
 endfacet
 facet normal  0.000000e+00 -1.000000e+00  0.000000e+00
   outer loop
     vertex  2.705590e+01  6.000000e+00  5.091422e+01
     vertex  2.710294e+01  6.000000e+00  5.080008e+01
     vertex  2.708020e+01  6.000000e+00  5.085747e+01
   endloop
 endfacet
 facet normal  0.000000e+00 -1.000000e+00  0.000000e+00
   outer loop
     vertex  2.595633e+01  6.000000e+00  5.203665e+01
     vertex  2.590009e+01  6.000000e+00  5.206212e+01
     vertex  2.457051e+01  6.000000e+00  5.220863e+01
   endloop
 endfacet
 facet normal  0.000000e+00 -1.000000e+00  0.000000e+00
   outer loop
     vertex  2.703004e+01  6.000000e+00  5.097027e+01
     vertex  2.724868e+01  6.000000e+00  5.007715e+01
     vertex  2.717792e+01  6.000000e+00  5.056493e+01
   endloop
 endfacet
 facet normal  0.000000e+00 -1.000000e+00  0.000000e+00
   outer loop
     vertex  2.703004e+01  6.000000e+00  5.097027e+01
     vertex  2.717792e+01  6.000000e+00  5.056493e+01
     vertex  2.705590e+01  6.000000e+00  5.091422e+01
   endloop
 endfacet
 facet normal  0.000000e+00 -1.000000e+00  0.000000e+00
   outer loop
     vertex  2.697377e+01  6.000000e+00  5.108016e+01
     vertex  2.703004e+01  6.000000e+00  5.097027e+01
     vertex  2.700266e+01  6.000000e+00  5.102560e+01
   endloop
 endfacet
 facet normal  0.000000e+00 -1.000000e+00  0.000000e+00
   outer loop
     vertex  2.612054e+01  6.000000e+00  5.195112e+01
     vertex  2.601184e+01  6.000000e+00  5.200965e+01
     vertex  2.595633e+01  6.000000e+00  5.203665e+01
   endloop
 endfacet
 facet normal  0.000000e+00 -1.000000e+00  0.000000e+00
   outer loop
     vertex  2.612054e+01  6.000000e+00  5.195112e+01
     vertex  2.606659e+01  6.000000e+00  5.198113e+01
     vertex  2.601184e+01  6.000000e+00  5.200965e+01
   endloop
 endfacet
 facet normal  0.000000e+00 -1.000000e+00  0.000000e+00
   outer loop
     vertex  2.612054e+01  6.000000e+00  5.195112e+01
     vertex  2.457051e+01  6.000000e+00  5.220863e+01
     vertex  2.393341e+01  6.000000e+00  5.198113e+01
   endloop
 endfacet
 facet normal  0.000000e+00 -1.000000e+00  0.000000e+00
   outer loop
     vertex  2.612054e+01  6.000000e+00  5.195112e+01
     vertex  2.595633e+01  6.000000e+00  5.203665e+01
     vertex  2.457051e+01  6.000000e+00  5.220863e+01
   endloop
 endfacet
 facet normal  0.000000e+00 -1.000000e+00  0.000000e+00
   outer loop
     vertex  2.694339e+01  6.000000e+00  5.113390e+01
     vertex  2.703004e+01  6.000000e+00  5.097027e+01
     vertex  2.697377e+01  6.000000e+00  5.108016e+01
   endloop
 endfacet
 facet normal  0.000000e+00 -1.000000e+00  0.000000e+00
   outer loop
     vertex  2.694339e+01  6.000000e+00  5.113390e+01
     vertex  2.724868e+01  6.000000e+00  5.007715e+01
     vertex  2.703004e+01  6.000000e+00  5.097027e+01
   endloop
 endfacet
 facet normal  0.000000e+00 -1.000000e+00  0.000000e+00
   outer loop
     vertex  2.622587e+01  6.000000e+00  5.188673e+01
     vertex  2.617365e+01  6.000000e+00  5.191965e+01
     vertex  2.612054e+01  6.000000e+00  5.195112e+01
   endloop
 endfacet
 facet normal  0.000000e+00 -1.000000e+00  0.000000e+00
   outer loop
     vertex  2.627717e+01  6.000000e+00  5.185239e+01
     vertex  2.622587e+01  6.000000e+00  5.188673e+01
     vertex  2.612054e+01  6.000000e+00  5.195112e+01
   endloop
 endfacet
 facet normal  0.000000e+00 -1.000000e+00  0.000000e+00
   outer loop
     vertex  2.684358e+01  6.000000e+00  5.128984e+01
     vertex  2.691155e+01  6.000000e+00  5.118679e+01
     vertex  2.687828e+01  6.000000e+00  5.123878e+01
   endloop
 endfacet
 facet normal  0.000000e+00 -1.000000e+00  0.000000e+00
   outer loop
     vertex  2.684358e+01  6.000000e+00  5.128984e+01
     vertex  2.694339e+01  6.000000e+00  5.113390e+01
     vertex  2.691155e+01  6.000000e+00  5.118679e+01
   endloop
 endfacet
 facet normal  0.000000e+00 -1.000000e+00  0.000000e+00
   outer loop
     vertex  2.684358e+01  6.000000e+00  5.128984e+01
     vertex  2.724868e+01  6.000000e+00  5.007715e+01
     vertex  2.694339e+01  6.000000e+00  5.113390e+01
   endloop
 endfacet
 facet normal  0.000000e+00 -1.000000e+00  0.000000e+00
   outer loop
     vertex  2.632751e+01  6.000000e+00  5.181665e+01
     vertex  2.627717e+01  6.000000e+00  5.185239e+01
     vertex  2.612054e+01  6.000000e+00  5.195112e+01
   endloop
 endfacet
 facet normal  0.000000e+00 -1.000000e+00  0.000000e+00
   outer loop
     vertex  2.637684e+01  6.000000e+00  5.177955e+01
     vertex  2.612054e+01  6.000000e+00  5.195112e+01
     vertex  2.393341e+01  6.000000e+00  5.198113e+01
   endloop
 endfacet
 facet normal  0.000000e+00 -1.000000e+00  0.000000e+00
   outer loop
     vertex  2.637684e+01  6.000000e+00  5.177955e+01
     vertex  2.401582e+01  6.000000e+00  4.797666e+01
     vertex  2.407170e+01  6.000000e+00  4.795042e+01
   endloop
 endfacet
 facet normal  0.000000e+00 -1.000000e+00  0.000000e+00
   outer loop
     vertex  2.637684e+01  6.000000e+00  5.177955e+01
     vertex  2.345887e+01  6.000000e+00  4.836067e+01
     vertex  2.350442e+01  6.000000e+00  4.831900e+01
   endloop
 endfacet
 facet normal  0.000000e+00 -1.000000e+00  0.000000e+00
   outer loop
     vertex  2.637684e+01  6.000000e+00  5.177955e+01
     vertex  2.632751e+01  6.000000e+00  5.181665e+01
     vertex  2.612054e+01  6.000000e+00  5.195112e+01
   endloop
 endfacet
 facet normal  0.000000e+00 -1.000000e+00  0.000000e+00
   outer loop
     vertex  2.637684e+01  6.000000e+00  5.177955e+01
     vertex  2.390633e+01  6.000000e+00  4.803369e+01
     vertex  2.401582e+01  6.000000e+00  4.797666e+01
   endloop
 endfacet
 facet normal -0.000000e+00 -1.000000e+00  0.000000e+00
   outer loop
     vertex  2.637684e+01  6.000000e+00  5.177955e+01
     vertex  2.393341e+01  6.000000e+00  5.198113e+01
     vertex  2.345887e+01  6.000000e+00  4.836067e+01
   endloop
 endfacet
 facet normal  0.000000e+00 -1.000000e+00  0.000000e+00
   outer loop
     vertex  2.637684e+01  6.000000e+00  5.177955e+01
     vertex  2.350442e+01  6.000000e+00  4.831900e+01
     vertex  2.390633e+01  6.000000e+00  4.803369e+01
   endloop
 endfacet
 facet normal  0.000000e+00 -1.000000e+00  0.000000e+00
   outer loop
     vertex  2.637684e+01  6.000000e+00  5.177955e+01
     vertex  2.407170e+01  6.000000e+00  4.795042e+01
     vertex  2.418551e+01  6.000000e+00  4.790259e+01
   endloop
 endfacet
 facet normal  0.000000e+00 -1.000000e+00  0.000000e+00
   outer loop
     vertex  2.677006e+01  6.000000e+00  5.138902e+01
     vertex  2.684358e+01  6.000000e+00  5.128984e+01
     vertex  2.680750e+01  6.000000e+00  5.133994e+01
   endloop
 endfacet
 facet normal -0.000000e+00 -1.000000e+00  0.000000e+00
   outer loop
     vertex  2.642515e+01  6.000000e+00  5.174111e+01
     vertex  2.637684e+01  6.000000e+00  5.177955e+01
     vertex  2.418551e+01  6.000000e+00  4.790259e+01
   endloop
 endfacet
 facet normal  0.000000e+00 -1.000000e+00  0.000000e+00
   outer loop
     vertex  2.673129e+01  6.000000e+00  5.143706e+01
     vertex  2.684358e+01  6.000000e+00  5.128984e+01
     vertex  2.677006e+01  6.000000e+00  5.138902e+01
   endloop
 endfacet
 facet normal  0.000000e+00 -1.000000e+00  0.000000e+00
   outer loop
     vertex  2.660728e+01  6.000000e+00  5.157454e+01
     vertex  2.448000e+01  6.000000e+00  4.781091e+01
     vertex  2.466175e+01  6.000000e+00  4.777557e+01
   endloop
 endfacet
 facet normal  0.000000e+00 -1.000000e+00  0.000000e+00
   outer loop
     vertex  2.660728e+01  6.000000e+00  5.157454e+01
     vertex  2.418551e+01  6.000000e+00  4.790259e+01
     vertex  2.448000e+01  6.000000e+00  4.781091e+01
   endloop
 endfacet
 facet normal  0.000000e+00 -1.000000e+00  0.000000e+00
   outer loop
     vertex  2.660728e+01  6.000000e+00  5.157454e+01
     vertex  2.466175e+01  6.000000e+00  4.777557e+01
     vertex  2.490742e+01  6.000000e+00  4.775191e+01
   endloop
 endfacet
 facet normal  0.000000e+00 -1.000000e+00  0.000000e+00
   outer loop
     vertex  2.660728e+01  6.000000e+00  5.157454e+01
     vertex  2.684358e+01  6.000000e+00  5.128984e+01
     vertex  2.673129e+01  6.000000e+00  5.143706e+01
   endloop
 endfacet
 facet normal  0.000000e+00 -1.000000e+00  0.000000e+00
   outer loop
     vertex  2.660728e+01  6.000000e+00  5.157454e+01
     vertex  2.647238e+01  6.000000e+00  5.170136e+01
     vertex  2.642515e+01  6.000000e+00  5.174111e+01
   endloop
 endfacet
 facet normal  0.000000e+00 -1.000000e+00  0.000000e+00
   outer loop
     vertex  2.660728e+01  6.000000e+00  5.157454e+01
     vertex  2.651850e+01  6.000000e+00  5.166032e+01
     vertex  2.647238e+01  6.000000e+00  5.170136e+01
   endloop
 endfacet
 facet normal  0.000000e+00 -1.000000e+00  0.000000e+00
   outer loop
     vertex  2.660728e+01  6.000000e+00  5.157454e+01
     vertex  2.656347e+01  6.000000e+00  5.161804e+01
     vertex  2.651850e+01  6.000000e+00  5.166032e+01
   endloop
 endfacet
 facet normal  0.000000e+00 -1.000000e+00  0.000000e+00
   outer loop
     vertex  2.660728e+01  6.000000e+00  5.157454e+01
     vertex  2.669122e+01  6.000000e+00  5.148401e+01
     vertex  2.664987e+01  6.000000e+00  5.152985e+01
   endloop
 endfacet
 facet normal  0.000000e+00 -1.000000e+00  0.000000e+00
   outer loop
     vertex  2.660728e+01  6.000000e+00  5.157454e+01
     vertex  2.673129e+01  6.000000e+00  5.143706e+01
     vertex  2.669122e+01  6.000000e+00  5.148401e+01
   endloop
 endfacet
 facet normal  0.000000e+00 -1.000000e+00  0.000000e+00
   outer loop
     vertex  2.660728e+01  6.000000e+00  5.157454e+01
     vertex  2.671141e+01  6.000000e+00  4.853933e+01
     vertex  2.719932e+01  6.000000e+00  4.952516e+01
   endloop
 endfacet
 facet normal  0.000000e+00 -1.000000e+00  0.000000e+00
   outer loop
     vertex  2.660728e+01  6.000000e+00  5.157454e+01
     vertex  2.490742e+01  6.000000e+00  4.775191e+01
     vertex  2.503087e+01  6.000000e+00  4.775021e+01
   endloop
 endfacet
 facet normal -0.000000e+00 -1.000000e+00  0.000000e+00
   outer loop
     vertex  2.660728e+01  6.000000e+00  5.157454e+01
     vertex  2.642515e+01  6.000000e+00  5.174111e+01
     vertex  2.418551e+01  6.000000e+00  4.790259e+01
   endloop
 endfacet
 facet normal  0.000000e+00 -1.000000e+00  0.000000e+00
   outer loop
     vertex  2.660728e+01  6.000000e+00  5.157454e+01
     vertex  2.724868e+01  6.000000e+00  5.007715e+01
     vertex  2.684358e+01  6.000000e+00  5.128984e+01
   endloop
 endfacet
 facet normal  0.000000e+00 -1.000000e+00  0.000000e+00
   outer loop
     vertex  2.660728e+01  6.000000e+00  5.157454e+01
     vertex  2.719932e+01  6.000000e+00  4.952516e+01
     vertex  2.724868e+01  6.000000e+00  5.007715e+01
   endloop
 endfacet
 facet normal  0.000000e+00 -1.000000e+00 -0.000000e+00
   outer loop
     vertex  2.660728e+01  6.000000e+00  5.157454e+01
     vertex  2.603931e+01  6.000000e+00  4.800442e+01
     vertex  2.671141e+01  6.000000e+00  4.853933e+01
   endloop
 endfacet
 facet normal  0.000000e+00 -1.000000e+00  0.000000e+00
   outer loop
     vertex  2.660728e+01  6.000000e+00  5.157454e+01
     vertex  2.503087e+01  6.000000e+00  4.775021e+01
     vertex  2.603931e+01  6.000000e+00  4.800442e+01
   endloop
 endfacet
 facet normal  0.000000e+00  1.000000e+00  0.000000e+00
   outer loop
     vertex  1.574836e+01  1.307000e+02  5.386973e+01
     vertex  1.564770e+01  1.307000e+02  5.379827e+01
     vertex  1.569754e+01  1.307000e+02  5.383469e+01
   endloop
 endfacet
 facet normal  0.000000e+00  1.000000e+00  0.000000e+00
   outer loop
     vertex  1.510491e+01  1.307000e+02  5.321290e+01
     vertex  1.513890e+01  1.307000e+02  5.326443e+01
     vertex  1.517428e+01  1.307000e+02  5.331501e+01
   endloop
 endfacet
 facet normal  0.000000e+00  1.000000e+00  0.000000e+00
   outer loop
     vertex  1.507235e+01  1.307000e+02  5.316045e+01
     vertex  1.517428e+01  1.307000e+02  5.331501e+01
     vertex  1.521105e+01  1.307000e+02  5.336461e+01
   endloop
 endfacet
 facet normal  0.000000e+00  1.000000e+00  0.000000e+00
   outer loop
     vertex  1.507235e+01  1.307000e+02  5.316045e+01
     vertex  1.510491e+01  1.307000e+02  5.321290e+01
     vertex  1.517428e+01  1.307000e+02  5.331501e+01
   endloop
 endfacet
 facet normal  0.000000e+00  1.000000e+00  0.000000e+00
   outer loop
     vertex  1.585280e+01  1.307000e+02  5.393557e+01
     vertex  1.574836e+01  1.307000e+02  5.386973e+01
     vertex  1.580013e+01  1.307000e+02  5.390337e+01
   endloop
 endfacet
 facet normal  0.000000e+00  1.000000e+00  0.000000e+00
   outer loop
     vertex  1.590633e+01  1.307000e+02  5.396631e+01
     vertex  1.559887e+01  1.307000e+02  5.376049e+01
     vertex  1.564770e+01  1.307000e+02  5.379827e+01
   endloop
 endfacet
 facet normal  0.000000e+00  1.000000e+00  0.000000e+00
   outer loop
     vertex  1.590633e+01  1.307000e+02  5.396631e+01
     vertex  1.555110e+01  1.307000e+02  5.372139e+01
     vertex  1.559887e+01  1.307000e+02  5.376049e+01
   endloop
 endfacet
 facet normal  0.000000e+00  1.000000e+00  0.000000e+00
   outer loop
     vertex  1.590633e+01  1.307000e+02  5.396631e+01
     vertex  1.550442e+01  1.307000e+02  5.368100e+01
     vertex  1.555110e+01  1.307000e+02  5.372139e+01
   endloop
 endfacet
 facet normal  0.000000e+00  1.000000e+00  0.000000e+00
   outer loop
     vertex  1.590633e+01  1.307000e+02  5.396631e+01
     vertex  1.574836e+01  1.307000e+02  5.386973e+01
     vertex  1.585280e+01  1.307000e+02  5.393557e+01
   endloop
 endfacet
 facet normal  0.000000e+00  1.000000e+00  0.000000e+00
   outer loop
     vertex  1.590633e+01  1.307000e+02  5.396631e+01
     vertex  1.564770e+01  1.307000e+02  5.379827e+01
     vertex  1.574836e+01  1.307000e+02  5.386973e+01
   endloop
 endfacet
 facet normal  0.000000e+00  1.000000e+00  0.000000e+00
   outer loop
     vertex  1.501160e+01  1.307000e+02  5.305298e+01
     vertex  1.504124e+01  1.307000e+02  5.310713e+01
     vertex  1.507235e+01  1.307000e+02  5.316045e+01
   endloop
 endfacet
 facet normal  0.000000e+00  1.000000e+00  0.000000e+00
   outer loop
     vertex  1.498346e+01  1.307000e+02  5.299803e+01
     vertex  1.501160e+01  1.307000e+02  5.305298e+01
     vertex  1.507235e+01  1.307000e+02  5.316045e+01
   endloop
 endfacet
 facet normal  0.000000e+00  1.000000e+00  0.000000e+00
   outer loop
     vertex  1.601582e+01  1.307000e+02  5.402334e+01
     vertex  1.590633e+01  1.307000e+02  5.396631e+01
     vertex  1.596069e+01  1.307000e+02  5.399558e+01
   endloop
 endfacet
 facet normal  0.000000e+00  1.000000e+00  0.000000e+00
   outer loop
     vertex  1.495684e+01  1.307000e+02  5.294233e+01
     vertex  1.498346e+01  1.307000e+02  5.299803e+01
     vertex  1.507235e+01  1.307000e+02  5.316045e+01
   endloop
 endfacet
 facet normal  0.000000e+00  1.000000e+00  0.000000e+00
   outer loop
     vertex  1.490823e+01  1.307000e+02  5.282885e+01
     vertex  1.493176e+01  1.307000e+02  5.288593e+01
     vertex  1.495684e+01  1.307000e+02  5.294233e+01
   endloop
 endfacet
 facet normal  0.000000e+00  1.000000e+00  0.000000e+00
   outer loop
     vertex  1.618551e+01  1.307000e+02  5.409741e+01
     vertex  1.607170e+01  1.307000e+02  5.404958e+01
     vertex  1.612828e+01  1.307000e+02  5.407427e+01
   endloop
 endfacet
 facet normal  0.000000e+00  1.000000e+00  0.000000e+00
   outer loop
     vertex  1.636072e+01  1.307000e+02  5.415727e+01
     vertex  1.624336e+01  1.307000e+02  5.411896e+01
     vertex  1.630178e+01  1.307000e+02  5.413892e+01
   endloop
 endfacet
 facet normal  0.000000e+00  1.000000e+00  0.000000e+00
   outer loop
     vertex  1.636072e+01  1.307000e+02  5.415727e+01
     vertex  1.618551e+01  1.307000e+02  5.409741e+01
     vertex  1.624336e+01  1.307000e+02  5.411896e+01
   endloop
 endfacet
 facet normal  0.000000e+00  1.000000e+00  0.000000e+00
   outer loop
     vertex  1.483003e+01  1.307000e+02  5.259476e+01
     vertex  1.486592e+01  1.307000e+02  5.271288e+01
     vertex  1.488628e+01  1.307000e+02  5.277116e+01
   endloop
 endfacet
 facet normal  0.000000e+00  1.000000e+00  0.000000e+00
   outer loop
     vertex  1.483003e+01  1.307000e+02  5.259476e+01
     vertex  1.484716e+01  1.307000e+02  5.265406e+01
     vertex  1.486592e+01  1.307000e+02  5.271288e+01
   endloop
 endfacet
 facet normal  0.000000e+00  1.000000e+00  0.000000e+00
   outer loop
     vertex  1.481453e+01  1.307000e+02  5.253500e+01
     vertex  1.488628e+01  1.307000e+02  5.277116e+01
     vertex  1.490823e+01  1.307000e+02  5.282885e+01
   endloop
 endfacet
 facet normal  0.000000e+00  1.000000e+00  0.000000e+00
   outer loop
     vertex  1.481453e+01  1.307000e+02  5.253500e+01
     vertex  1.490823e+01  1.307000e+02  5.282885e+01
     vertex  1.495684e+01  1.307000e+02  5.294233e+01
   endloop
 endfacet
 facet normal  0.000000e+00  1.000000e+00  0.000000e+00
   outer loop
     vertex  1.481453e+01  1.307000e+02  5.253500e+01
     vertex  1.483003e+01  1.307000e+02  5.259476e+01
     vertex  1.488628e+01  1.307000e+02  5.277116e+01
   endloop
 endfacet
 facet normal  0.000000e+00  1.000000e+00  0.000000e+00
   outer loop
     vertex  1.648000e+01  1.307000e+02  5.418909e+01
     vertex  1.636072e+01  1.307000e+02  5.415727e+01
     vertex  1.642014e+01  1.307000e+02  5.417400e+01
   endloop
 endfacet
 facet normal  0.000000e+00  1.000000e+00  0.000000e+00
   outer loop
     vertex  1.648000e+01  1.307000e+02  5.418909e+01
     vertex  1.618551e+01  1.307000e+02  5.409741e+01
     vertex  1.636072e+01  1.307000e+02  5.415727e+01
   endloop
 endfacet
 facet normal  0.000000e+00  1.000000e+00  0.000000e+00
   outer loop
     vertex  1.666175e+01  1.307000e+02  5.422443e+01
     vertex  1.654025e+01  1.307000e+02  5.420253e+01
     vertex  1.660085e+01  1.307000e+02  5.421431e+01
   endloop
 endfacet
 facet normal  0.000000e+00  1.000000e+00  0.000000e+00
   outer loop
     vertex  1.666175e+01  1.307000e+02  5.422443e+01
     vertex  1.648000e+01  1.307000e+02  5.418909e+01
     vertex  1.654025e+01  1.307000e+02  5.420253e+01
   endloop
 endfacet
 facet normal  0.000000e+00  1.000000e+00  0.000000e+00
   outer loop
     vertex  1.476908e+01  1.307000e+02  5.229241e+01
     vertex  1.477794e+01  1.307000e+02  5.235350e+01
     vertex  1.478848e+01  1.307000e+02  5.241433e+01
   endloop
 endfacet
 facet normal  0.000000e+00  1.000000e+00  0.000000e+00
   outer loop
     vertex  1.475640e+01  1.307000e+02  5.216961e+01
     vertex  1.476908e+01  1.307000e+02  5.229241e+01
     vertex  1.478848e+01  1.307000e+02  5.241433e+01
   endloop
 endfacet
 facet normal  0.000000e+00  1.000000e+00  0.000000e+00
   outer loop
     vertex  1.475640e+01  1.307000e+02  5.216961e+01
     vertex  1.480068e+01  1.307000e+02  5.247484e+01
     vertex  1.481453e+01  1.307000e+02  5.253500e+01
   endloop
 endfacet
 facet normal  0.000000e+00  1.000000e+00  0.000000e+00
   outer loop
     vertex  1.475640e+01  1.307000e+02  5.216961e+01
     vertex  1.478848e+01  1.307000e+02  5.241433e+01
     vertex  1.480068e+01  1.307000e+02  5.247484e+01
   endloop
 endfacet
 facet normal  0.000000e+00  1.000000e+00  0.000000e+00
   outer loop
     vertex  1.475640e+01  1.307000e+02  5.216961e+01
     vertex  1.476190e+01  1.307000e+02  5.223110e+01
     vertex  1.476908e+01  1.307000e+02  5.229241e+01
   endloop
 endfacet
 facet normal  0.000000e+00  1.000000e+00  0.000000e+00
   outer loop
     vertex  1.690742e+01  1.307000e+02  5.424809e+01
     vertex  1.678426e+01  1.307000e+02  5.423963e+01
     vertex  1.684579e+01  1.307000e+02  5.424471e+01
   endloop
 endfacet
 facet normal  0.000000e+00  1.000000e+00  0.000000e+00
   outer loop
     vertex  1.690742e+01  1.307000e+02  5.424809e+01
     vertex  1.672290e+01  1.307000e+02  5.423287e+01
     vertex  1.678426e+01  1.307000e+02  5.423963e+01
   endloop
 endfacet
 facet normal  0.000000e+00  1.000000e+00  0.000000e+00
   outer loop
     vertex  1.690742e+01  1.307000e+02  5.424809e+01
     vertex  1.666175e+01  1.307000e+02  5.422443e+01
     vertex  1.672290e+01  1.307000e+02  5.423287e+01
   endloop
 endfacet
 facet normal  0.000000e+00  1.000000e+00  0.000000e+00
   outer loop
     vertex  1.475048e+01  1.307000e+02  5.204630e+01
     vertex  1.475259e+01  1.307000e+02  5.210799e+01
     vertex  1.475640e+01  1.307000e+02  5.216961e+01
   endloop
 endfacet
 facet normal  0.000000e+00  1.000000e+00  0.000000e+00
   outer loop
     vertex  1.475005e+01  1.307000e+02  5.198457e+01
     vertex  1.475048e+01  1.307000e+02  5.204630e+01
     vertex  1.475640e+01  1.307000e+02  5.216961e+01
   endloop
 endfacet
 facet normal  0.000000e+00  1.000000e+00  0.000000e+00
   outer loop
     vertex  1.703087e+01  1.307000e+02  5.424979e+01
     vertex  1.690742e+01  1.307000e+02  5.424809e+01
     vertex  1.696913e+01  1.307000e+02  5.424979e+01
   endloop
 endfacet
 facet normal  0.000000e+00  1.000000e+00  0.000000e+00
   outer loop
     vertex  1.715421e+01  1.307000e+02  5.424471e+01
     vertex  1.703087e+01  1.307000e+02  5.424979e+01
     vertex  1.709258e+01  1.307000e+02  5.424809e+01
   endloop
 endfacet
 facet normal  0.000000e+00  1.000000e+00  0.000000e+00
   outer loop
     vertex  1.477330e+01  1.307000e+02  5.167701e+01
     vertex  1.475132e+01  1.307000e+02  5.192285e+01
     vertex  1.475005e+01  1.307000e+02  5.198457e+01
   endloop
 endfacet
 facet normal  0.000000e+00  1.000000e+00  0.000000e+00
   outer loop
     vertex  1.477330e+01  1.307000e+02  5.167701e+01
     vertex  1.475429e+01  1.307000e+02  5.186119e+01
     vertex  1.475132e+01  1.307000e+02  5.192285e+01
   endloop
 endfacet
 facet normal  0.000000e+00  1.000000e+00  0.000000e+00
   outer loop
     vertex  1.477330e+01  1.307000e+02  5.167701e+01
     vertex  1.475894e+01  1.307000e+02  5.179963e+01
     vertex  1.475429e+01  1.307000e+02  5.186119e+01
   endloop
 endfacet
 facet normal  0.000000e+00  1.000000e+00  0.000000e+00
   outer loop
     vertex  1.477330e+01  1.307000e+02  5.167701e+01
     vertex  1.476528e+01  1.307000e+02  5.173822e+01
     vertex  1.475894e+01  1.307000e+02  5.179963e+01
   endloop
 endfacet
 facet normal  0.000000e+00  1.000000e+00  0.000000e+00
   outer loop
     vertex  1.733825e+01  1.307000e+02  5.422443e+01
     vertex  1.721574e+01  1.307000e+02  5.423963e+01
     vertex  1.727710e+01  1.307000e+02  5.423287e+01
   endloop
 endfacet
 facet normal  0.000000e+00  1.000000e+00  0.000000e+00
   outer loop
     vertex  1.745975e+01  1.307000e+02  5.420253e+01
     vertex  1.733825e+01  1.307000e+02  5.422443e+01
     vertex  1.739915e+01  1.307000e+02  5.421431e+01
   endloop
 endfacet
 facet normal  0.000000e+00  1.000000e+00  0.000000e+00
   outer loop
     vertex  1.745975e+01  1.307000e+02  5.420253e+01
     vertex  1.715421e+01  1.307000e+02  5.424471e+01
     vertex  1.721574e+01  1.307000e+02  5.423963e+01
   endloop
 endfacet
 facet normal  0.000000e+00  1.000000e+00  0.000000e+00
   outer loop
     vertex  1.745975e+01  1.307000e+02  5.420253e+01
     vertex  1.721574e+01  1.307000e+02  5.423963e+01
     vertex  1.733825e+01  1.307000e+02  5.422443e+01
   endloop
 endfacet
 facet normal  0.000000e+00  1.000000e+00  0.000000e+00
   outer loop
     vertex  1.482208e+01  1.307000e+02  5.143507e+01
     vertex  1.478300e+01  1.307000e+02  5.161605e+01
     vertex  1.477330e+01  1.307000e+02  5.167701e+01
   endloop
 endfacet
 facet normal  0.000000e+00  1.000000e+00  0.000000e+00
   outer loop
     vertex  1.482208e+01  1.307000e+02  5.143507e+01
     vertex  1.479437e+01  1.307000e+02  5.155537e+01
     vertex  1.478300e+01  1.307000e+02  5.161605e+01
   endloop
 endfacet
 facet normal  0.000000e+00  1.000000e+00  0.000000e+00
   outer loop
     vertex  1.482208e+01  1.307000e+02  5.143507e+01
     vertex  1.480740e+01  1.307000e+02  5.149503e+01
     vertex  1.479437e+01  1.307000e+02  5.155537e+01
   endloop
 endfacet
 facet normal  0.000000e+00  1.000000e+00  0.000000e+00
   outer loop
     vertex  1.757986e+01  1.307000e+02  5.417400e+01
     vertex  1.745975e+01  1.307000e+02  5.420253e+01
     vertex  1.752000e+01  1.307000e+02  5.418909e+01
   endloop
 endfacet
 facet normal  0.000000e+00  1.000000e+00  0.000000e+00
   outer loop
     vertex  1.483839e+01  1.307000e+02  5.137553e+01
     vertex  1.482208e+01  1.307000e+02  5.143507e+01
     vertex  1.477330e+01  1.307000e+02  5.167701e+01
   endloop
 endfacet
 facet normal  0.000000e+00  1.000000e+00  0.000000e+00
   outer loop
     vertex  1.769822e+01  1.307000e+02  5.413892e+01
     vertex  1.757986e+01  1.307000e+02  5.417400e+01
     vertex  1.763928e+01  1.307000e+02  5.415727e+01
   endloop
 endfacet
 facet normal  0.000000e+00  1.000000e+00  0.000000e+00
   outer loop
     vertex  1.775664e+01  1.307000e+02  5.411896e+01
     vertex  1.757986e+01  1.307000e+02  5.417400e+01
     vertex  1.769822e+01  1.307000e+02  5.413892e+01
   endloop
 endfacet
 facet normal  0.000000e+00  1.000000e+00  0.000000e+00
   outer loop
     vertex  1.489706e+01  1.307000e+02  5.119992e+01
     vertex  1.475005e+01  1.307000e+02  5.198457e+01
     vertex  1.475640e+01  1.307000e+02  5.216961e+01
   endloop
 endfacet
 facet normal  0.000000e+00  1.000000e+00  0.000000e+00
   outer loop
     vertex  1.489706e+01  1.307000e+02  5.119992e+01
     vertex  1.477330e+01  1.307000e+02  5.167701e+01
     vertex  1.475005e+01  1.307000e+02  5.198457e+01
   endloop
 endfacet
 facet normal  0.000000e+00  1.000000e+00  0.000000e+00
   outer loop
     vertex  1.489706e+01  1.307000e+02  5.119992e+01
     vertex  1.483839e+01  1.307000e+02  5.137553e+01
     vertex  1.477330e+01  1.307000e+02  5.167701e+01
   endloop
 endfacet
 facet normal  0.000000e+00  1.000000e+00  0.000000e+00
   outer loop
     vertex  1.489706e+01  1.307000e+02  5.119992e+01
     vertex  1.485634e+01  1.307000e+02  5.131646e+01
     vertex  1.483839e+01  1.307000e+02  5.137553e+01
   endloop
 endfacet
 facet normal  0.000000e+00  1.000000e+00  0.000000e+00
   outer loop
     vertex  1.489706e+01  1.307000e+02  5.119992e+01
     vertex  1.487590e+01  1.307000e+02  5.125791e+01
     vertex  1.485634e+01  1.307000e+02  5.131646e+01
   endloop
 endfacet
 facet normal  0.000000e+00  1.000000e+00  0.000000e+00
   outer loop
     vertex  1.781449e+01  1.307000e+02  5.409741e+01
     vertex  1.745975e+01  1.307000e+02  5.420253e+01
     vertex  1.757986e+01  1.307000e+02  5.417400e+01
   endloop
 endfacet
 facet normal  0.000000e+00  1.000000e+00  0.000000e+00
   outer loop
     vertex  1.781449e+01  1.307000e+02  5.409741e+01
     vertex  1.757986e+01  1.307000e+02  5.417400e+01
     vertex  1.775664e+01  1.307000e+02  5.411896e+01
   endloop
 endfacet
 facet normal  0.000000e+00  1.000000e+00  0.000000e+00
   outer loop
     vertex  1.781449e+01  1.307000e+02  5.409741e+01
     vertex  1.715421e+01  1.307000e+02  5.424471e+01
     vertex  1.745975e+01  1.307000e+02  5.420253e+01
   endloop
 endfacet
 facet normal  0.000000e+00  1.000000e+00  0.000000e+00
   outer loop
     vertex  1.792830e+01  1.307000e+02  5.404958e+01
     vertex  1.781449e+01  1.307000e+02  5.409741e+01
     vertex  1.787172e+01  1.307000e+02  5.407427e+01
   endloop
 endfacet
 facet normal  0.000000e+00  1.000000e+00  0.000000e+00
   outer loop
     vertex  1.496996e+01  1.307000e+02  5.102973e+01
     vertex  1.491980e+01  1.307000e+02  5.114253e+01
     vertex  1.489706e+01  1.307000e+02  5.119992e+01
   endloop
 endfacet
 facet normal  0.000000e+00  1.000000e+00  0.000000e+00
   outer loop
     vertex  1.496996e+01  1.307000e+02  5.102973e+01
     vertex  1.494410e+01  1.307000e+02  5.108578e+01
     vertex  1.491980e+01  1.307000e+02  5.114253e+01
   endloop
 endfacet
 facet normal  0.000000e+00  1.000000e+00  0.000000e+00
   outer loop
     vertex  1.499734e+01  1.307000e+02  5.097440e+01
     vertex  1.496996e+01  1.307000e+02  5.102973e+01
     vertex  1.489706e+01  1.307000e+02  5.119992e+01
   endloop
 endfacet
 facet normal  0.000000e+00  1.000000e+00  0.000000e+00
   outer loop
     vertex  1.803931e+01  1.307000e+02  5.399558e+01
     vertex  1.703087e+01  1.307000e+02  5.424979e+01
     vertex  1.715421e+01  1.307000e+02  5.424471e+01
   endloop
 endfacet
 facet normal  0.000000e+00  1.000000e+00  0.000000e+00
   outer loop
     vertex  1.803931e+01  1.307000e+02  5.399558e+01
     vertex  1.781449e+01  1.307000e+02  5.409741e+01
     vertex  1.792830e+01  1.307000e+02  5.404958e+01
   endloop
 endfacet
 facet normal  0.000000e+00  1.000000e+00  0.000000e+00
   outer loop
     vertex  1.803931e+01  1.307000e+02  5.399558e+01
     vertex  1.715421e+01  1.307000e+02  5.424471e+01
     vertex  1.781449e+01  1.307000e+02  5.409741e+01
   endloop
 endfacet
 facet normal  0.000000e+00  1.000000e+00  0.000000e+00
   outer loop
     vertex  1.803931e+01  1.307000e+02  5.399558e+01
     vertex  1.792830e+01  1.307000e+02  5.404958e+01
     vertex  1.798418e+01  1.307000e+02  5.402334e+01
   endloop
 endfacet
 facet normal  0.000000e+00  1.000000e+00  0.000000e+00
   outer loop
     vertex  1.502623e+01  1.307000e+02  5.091984e+01
     vertex  1.499734e+01  1.307000e+02  5.097440e+01
     vertex  1.489706e+01  1.307000e+02  5.119992e+01
   endloop
 endfacet
 facet normal  0.000000e+00  1.000000e+00  0.000000e+00
   outer loop
     vertex  1.814720e+01  1.307000e+02  5.393557e+01
     vertex  1.803931e+01  1.307000e+02  5.399558e+01
     vertex  1.809367e+01  1.307000e+02  5.396631e+01
   endloop
 endfacet
 facet normal  0.000000e+00  1.000000e+00  0.000000e+00
   outer loop
     vertex  1.508845e+01  1.307000e+02  5.081321e+01
     vertex  1.505661e+01  1.307000e+02  5.086610e+01
     vertex  1.502623e+01  1.307000e+02  5.091984e+01
   endloop
 endfacet
 facet normal  0.000000e+00  1.000000e+00  0.000000e+00
   outer loop
     vertex  1.819987e+01  1.307000e+02  5.390337e+01
     vertex  1.803931e+01  1.307000e+02  5.399558e+01
     vertex  1.814720e+01  1.307000e+02  5.393557e+01
   endloop
 endfacet
 facet normal  0.000000e+00  1.000000e+00  0.000000e+00
   outer loop
     vertex  1.512172e+01  1.307000e+02  5.076122e+01
     vertex  1.502623e+01  1.307000e+02  5.091984e+01
     vertex  1.489706e+01  1.307000e+02  5.119992e+01
   endloop
 endfacet
 facet normal  0.000000e+00  1.000000e+00  0.000000e+00
   outer loop
     vertex  1.512172e+01  1.307000e+02  5.076122e+01
     vertex  1.508845e+01  1.307000e+02  5.081321e+01
     vertex  1.502623e+01  1.307000e+02  5.091984e+01
   endloop
 endfacet
 facet normal  0.000000e+00  1.000000e+00  0.000000e+00
   outer loop
     vertex  1.515642e+01  1.307000e+02  5.071016e+01
     vertex  1.512172e+01  1.307000e+02  5.076122e+01
     vertex  1.489706e+01  1.307000e+02  5.119992e+01
   endloop
 endfacet
 facet normal  0.000000e+00  1.000000e+00  0.000000e+00
   outer loop
     vertex  1.835230e+01  1.307000e+02  5.379827e+01
     vertex  1.825164e+01  1.307000e+02  5.386973e+01
     vertex  1.830246e+01  1.307000e+02  5.383469e+01
   endloop
 endfacet
 facet normal  0.000000e+00  1.000000e+00  0.000000e+00
   outer loop
     vertex  1.835230e+01  1.307000e+02  5.379827e+01
     vertex  1.819987e+01  1.307000e+02  5.390337e+01
     vertex  1.825164e+01  1.307000e+02  5.386973e+01
   endloop
 endfacet
 facet normal  0.000000e+00  1.000000e+00  0.000000e+00
   outer loop
     vertex  1.522994e+01  1.307000e+02  5.061098e+01
     vertex  1.519250e+01  1.307000e+02  5.066006e+01
     vertex  1.515642e+01  1.307000e+02  5.071016e+01
   endloop
 endfacet
 facet normal  0.000000e+00  1.000000e+00  0.000000e+00
   outer loop
     vertex  1.840113e+01  1.307000e+02  5.376049e+01
     vertex  1.819987e+01  1.307000e+02  5.390337e+01
     vertex  1.835230e+01  1.307000e+02  5.379827e+01
   endloop
 endfacet
 facet normal  0.000000e+00  1.000000e+00  0.000000e+00
   outer loop
     vertex  1.530878e+01  1.307000e+02  5.051599e+01
     vertex  1.515642e+01  1.307000e+02  5.071016e+01
     vertex  1.489706e+01  1.307000e+02  5.119992e+01
   endloop
 endfacet
 facet normal  0.000000e+00  1.000000e+00  0.000000e+00
   outer loop
     vertex  1.530878e+01  1.307000e+02  5.051599e+01
     vertex  1.522994e+01  1.307000e+02  5.061098e+01
     vertex  1.515642e+01  1.307000e+02  5.071016e+01
   endloop
 endfacet
 facet normal  0.000000e+00  1.000000e+00  0.000000e+00
   outer loop
     vertex  1.530878e+01  1.307000e+02  5.051599e+01
     vertex  1.481453e+01  1.307000e+02  5.253500e+01
     vertex  1.495684e+01  1.307000e+02  5.294233e+01
   endloop
 endfacet
 facet normal  0.000000e+00  1.000000e+00  0.000000e+00
   outer loop
     vertex  1.530878e+01  1.307000e+02  5.051599e+01
     vertex  1.475640e+01  1.307000e+02  5.216961e+01
     vertex  1.481453e+01  1.307000e+02  5.253500e+01
   endloop
 endfacet
 facet normal  0.000000e+00  1.000000e+00 -0.000000e+00
   outer loop
     vertex  1.530878e+01  1.307000e+02  5.051599e+01
     vertex  1.528859e+01  1.307000e+02  5.346067e+01
     vertex  1.532930e+01  1.307000e+02  5.350707e+01
   endloop
 endfacet
 facet normal  0.000000e+00  1.000000e+00  0.000000e+00
   outer loop
     vertex  1.530878e+01  1.307000e+02  5.051599e+01
     vertex  1.524916e+01  1.307000e+02  5.341317e+01
     vertex  1.528859e+01  1.307000e+02  5.346067e+01
   endloop
 endfacet
 facet normal  0.000000e+00  1.000000e+00  0.000000e+00
   outer loop
     vertex  1.530878e+01  1.307000e+02  5.051599e+01
     vertex  1.521105e+01  1.307000e+02  5.336461e+01
     vertex  1.524916e+01  1.307000e+02  5.341317e+01
   endloop
 endfacet
 facet normal  0.000000e+00  1.000000e+00  0.000000e+00
   outer loop
     vertex  1.530878e+01  1.307000e+02  5.051599e+01
     vertex  1.507235e+01  1.307000e+02  5.316045e+01
     vertex  1.521105e+01  1.307000e+02  5.336461e+01
   endloop
 endfacet
 facet normal  0.000000e+00  1.000000e+00  0.000000e+00
   outer loop
     vertex  1.530878e+01  1.307000e+02  5.051599e+01
     vertex  1.495684e+01  1.307000e+02  5.294233e+01
     vertex  1.507235e+01  1.307000e+02  5.316045e+01
   endloop
 endfacet
 facet normal  0.000000e+00  1.000000e+00  0.000000e+00
   outer loop
     vertex  1.530878e+01  1.307000e+02  5.051599e+01
     vertex  1.489706e+01  1.307000e+02  5.119992e+01
     vertex  1.475640e+01  1.307000e+02  5.216961e+01
   endloop
 endfacet
 facet normal  0.000000e+00  1.000000e+00  0.000000e+00
   outer loop
     vertex  1.530878e+01  1.307000e+02  5.051599e+01
     vertex  1.526871e+01  1.307000e+02  5.056294e+01
     vertex  1.522994e+01  1.307000e+02  5.061098e+01
   endloop
 endfacet
 facet normal  0.000000e+00  1.000000e+00  0.000000e+00
   outer loop
     vertex  1.849558e+01  1.307000e+02  5.368100e+01
     vertex  1.840113e+01  1.307000e+02  5.376049e+01
     vertex  1.844890e+01  1.307000e+02  5.372139e+01
   endloop
 endfacet
 facet normal  0.000000e+00  1.000000e+00  0.000000e+00
   outer loop
     vertex  1.854113e+01  1.307000e+02  5.363933e+01
     vertex  1.840113e+01  1.307000e+02  5.376049e+01
     vertex  1.849558e+01  1.307000e+02  5.368100e+01
   endloop
 endfacet
 facet normal  0.000000e+00  1.000000e+00 -0.000000e+00
   outer loop
     vertex  1.539272e+01  1.307000e+02  5.042546e+01
     vertex  1.537128e+01  1.307000e+02  5.355234e+01
     vertex  1.541448e+01  1.307000e+02  5.359644e+01
   endloop
 endfacet
 facet normal  0.000000e+00  1.000000e+00  0.000000e+00
   outer loop
     vertex  1.539272e+01  1.307000e+02  5.042546e+01
     vertex  1.532930e+01  1.307000e+02  5.350707e+01
     vertex  1.537128e+01  1.307000e+02  5.355234e+01
   endloop
 endfacet
 facet normal  0.000000e+00  1.000000e+00  0.000000e+00
   outer loop
     vertex  1.539272e+01  1.307000e+02  5.042546e+01
     vertex  1.530878e+01  1.307000e+02  5.051599e+01
     vertex  1.532930e+01  1.307000e+02  5.350707e+01
   endloop
 endfacet
 facet normal  0.000000e+00  1.000000e+00  0.000000e+00
   outer loop
     vertex  1.539272e+01  1.307000e+02  5.042546e+01
     vertex  1.535013e+01  1.307000e+02  5.047015e+01
     vertex  1.530878e+01  1.307000e+02  5.051599e+01
   endloop
 endfacet
 facet normal  0.000000e+00  1.000000e+00  0.000000e+00
   outer loop
     vertex  1.858552e+01  1.307000e+02  5.359644e+01
     vertex  1.840113e+01  1.307000e+02  5.376049e+01
     vertex  1.854113e+01  1.307000e+02  5.363933e+01
   endloop
 endfacet
 facet normal  0.000000e+00  1.000000e+00  0.000000e+00
   outer loop
     vertex  1.548150e+01  1.307000e+02  5.033968e+01
     vertex  1.543653e+01  1.307000e+02  5.038196e+01
     vertex  1.539272e+01  1.307000e+02  5.042546e+01
   endloop
 endfacet
 facet normal  0.000000e+00  1.000000e+00  0.000000e+00
   outer loop
     vertex  1.867070e+01  1.307000e+02  5.350707e+01
     vertex  1.840113e+01  1.307000e+02  5.376049e+01
     vertex  1.858552e+01  1.307000e+02  5.359644e+01
   endloop
 endfacet
 facet normal  0.000000e+00  1.000000e+00  0.000000e+00
   outer loop
     vertex  1.867070e+01  1.307000e+02  5.350707e+01
     vertex  1.858552e+01  1.307000e+02  5.359644e+01
     vertex  1.862872e+01  1.307000e+02  5.355234e+01
   endloop
 endfacet
 facet normal  0.000000e+00  1.000000e+00  0.000000e+00
   outer loop
     vertex  1.552762e+01  1.307000e+02  5.029864e+01
     vertex  1.548150e+01  1.307000e+02  5.033968e+01
     vertex  1.539272e+01  1.307000e+02  5.042546e+01
   endloop
 endfacet
 facet normal  0.000000e+00  1.000000e+00  0.000000e+00
   outer loop
     vertex  1.871141e+01  1.307000e+02  5.346067e+01
     vertex  1.840113e+01  1.307000e+02  5.376049e+01
     vertex  1.867070e+01  1.307000e+02  5.350707e+01
   endloop
 endfacet
 facet normal  0.000000e+00  1.000000e+00  0.000000e+00
   outer loop
     vertex  1.871141e+01  1.307000e+02  5.346067e+01
     vertex  1.819987e+01  1.307000e+02  5.390337e+01
     vertex  1.840113e+01  1.307000e+02  5.376049e+01
   endloop
 endfacet
 facet normal  0.000000e+00  1.000000e+00  0.000000e+00
   outer loop
     vertex  1.871141e+01  1.307000e+02  5.346067e+01
     vertex  1.803931e+01  1.307000e+02  5.399558e+01
     vertex  1.819987e+01  1.307000e+02  5.390337e+01
   endloop
 endfacet
 facet normal  0.000000e+00  1.000000e+00  0.000000e+00
   outer loop
     vertex  1.562316e+01  1.307000e+02  5.022045e+01
     vertex  1.557485e+01  1.307000e+02  5.025889e+01
     vertex  1.552762e+01  1.307000e+02  5.029864e+01
   endloop
 endfacet
 facet normal  0.000000e+00  1.000000e+00  0.000000e+00
   outer loop
     vertex  1.878895e+01  1.307000e+02  5.336461e+01
     vertex  1.871141e+01  1.307000e+02  5.346067e+01
     vertex  1.875084e+01  1.307000e+02  5.341317e+01
   endloop
 endfacet
 facet normal  0.000000e+00  1.000000e+00  0.000000e+00
   outer loop
     vertex  1.567249e+01  1.307000e+02  5.018335e+01
     vertex  1.562316e+01  1.307000e+02  5.022045e+01
     vertex  1.552762e+01  1.307000e+02  5.029864e+01
   endloop
 endfacet
 facet normal  0.000000e+00  1.000000e+00  0.000000e+00
   outer loop
     vertex  1.567249e+01  1.307000e+02  5.018335e+01
     vertex  1.552762e+01  1.307000e+02  5.029864e+01
     vertex  1.539272e+01  1.307000e+02  5.042546e+01
   endloop
 endfacet
 facet normal  0.000000e+00  1.000000e+00  0.000000e+00
   outer loop
     vertex  1.886110e+01  1.307000e+02  5.326443e+01
     vertex  1.871141e+01  1.307000e+02  5.346067e+01
     vertex  1.878895e+01  1.307000e+02  5.336461e+01
   endloop
 endfacet
 facet normal  0.000000e+00  1.000000e+00  0.000000e+00
   outer loop
     vertex  1.886110e+01  1.307000e+02  5.326443e+01
     vertex  1.878895e+01  1.307000e+02  5.336461e+01
     vertex  1.882572e+01  1.307000e+02  5.331501e+01
   endloop
 endfacet
 facet normal  0.000000e+00  1.000000e+00  0.000000e+00
   outer loop
     vertex  1.582635e+01  1.307000e+02  5.008035e+01
     vertex  1.577413e+01  1.307000e+02  5.011327e+01
     vertex  1.572283e+01  1.307000e+02  5.014761e+01
   endloop
 endfacet
 facet normal  0.000000e+00  1.000000e+00  0.000000e+00
   outer loop
     vertex  1.587946e+01  1.307000e+02  5.004888e+01
     vertex  1.572283e+01  1.307000e+02  5.014761e+01
     vertex  1.567249e+01  1.307000e+02  5.018335e+01
   endloop
 endfacet
 facet normal  0.000000e+00  1.000000e+00  0.000000e+00
   outer loop
     vertex  1.587946e+01  1.307000e+02  5.004888e+01
     vertex  1.539272e+01  1.307000e+02  5.042546e+01
     vertex  1.541448e+01  1.307000e+02  5.359644e+01
   endloop
 endfacet
 facet normal  0.000000e+00  1.000000e+00  0.000000e+00
   outer loop
     vertex  1.587946e+01  1.307000e+02  5.004888e+01
     vertex  1.541448e+01  1.307000e+02  5.359644e+01
     vertex  1.545887e+01  1.307000e+02  5.363933e+01
   endloop
 endfacet
 facet normal  0.000000e+00  1.000000e+00  0.000000e+00
   outer loop
     vertex  1.587946e+01  1.307000e+02  5.004888e+01
     vertex  1.567249e+01  1.307000e+02  5.018335e+01
     vertex  1.539272e+01  1.307000e+02  5.042546e+01
   endloop
 endfacet
 facet normal  0.000000e+00  1.000000e+00  0.000000e+00
   outer loop
     vertex  1.587946e+01  1.307000e+02  5.004888e+01
     vertex  1.582635e+01  1.307000e+02  5.008035e+01
     vertex  1.572283e+01  1.307000e+02  5.014761e+01
   endloop
 endfacet
 facet normal  0.000000e+00  1.000000e+00  0.000000e+00
   outer loop
     vertex  1.895876e+01  1.307000e+02  5.310713e+01
     vertex  1.889509e+01  1.307000e+02  5.321290e+01
     vertex  1.892765e+01  1.307000e+02  5.316045e+01
   endloop
 endfacet
 facet normal  0.000000e+00  1.000000e+00  0.000000e+00
   outer loop
     vertex  1.593341e+01  1.307000e+02  5.001887e+01
     vertex  1.587946e+01  1.307000e+02  5.004888e+01
     vertex  1.545887e+01  1.307000e+02  5.363933e+01
   endloop
 endfacet
 facet normal  0.000000e+00  1.000000e+00  0.000000e+00
   outer loop
     vertex  1.898840e+01  1.307000e+02  5.305298e+01
     vertex  1.889509e+01  1.307000e+02  5.321290e+01
     vertex  1.895876e+01  1.307000e+02  5.310713e+01
   endloop
 endfacet
 facet normal  0.000000e+00  1.000000e+00  0.000000e+00
   outer loop
     vertex  1.901654e+01  1.307000e+02  5.299803e+01
     vertex  1.889509e+01  1.307000e+02  5.321290e+01
     vertex  1.898840e+01  1.307000e+02  5.305298e+01
   endloop
 endfacet
 facet normal  0.000000e+00  1.000000e+00  0.000000e+00
   outer loop
     vertex  1.904316e+01  1.307000e+02  5.294233e+01
     vertex  1.886110e+01  1.307000e+02  5.326443e+01
     vertex  1.889509e+01  1.307000e+02  5.321290e+01
   endloop
 endfacet
 facet normal  0.000000e+00  1.000000e+00  0.000000e+00
   outer loop
     vertex  1.904316e+01  1.307000e+02  5.294233e+01
     vertex  1.889509e+01  1.307000e+02  5.321290e+01
     vertex  1.901654e+01  1.307000e+02  5.299803e+01
   endloop
 endfacet
 facet normal  0.000000e+00  1.000000e+00  0.000000e+00
   outer loop
     vertex  1.609991e+01  1.307000e+02  4.993788e+01
     vertex  1.604367e+01  1.307000e+02  4.996335e+01
     vertex  1.598816e+01  1.307000e+02  4.999035e+01
   endloop
 endfacet
 facet normal  0.000000e+00  1.000000e+00  0.000000e+00
   outer loop
     vertex  1.906824e+01  1.307000e+02  5.288593e+01
     vertex  1.886110e+01  1.307000e+02  5.326443e+01
     vertex  1.904316e+01  1.307000e+02  5.294233e+01
   endloop
 endfacet
 facet normal  0.000000e+00  1.000000e+00  0.000000e+00
   outer loop
     vertex  1.621436e+01  1.307000e+02  4.989162e+01
     vertex  1.615682e+01  1.307000e+02  4.991396e+01
     vertex  1.609991e+01  1.307000e+02  4.993788e+01
   endloop
 endfacet
 facet normal  0.000000e+00  1.000000e+00  0.000000e+00
   outer loop
     vertex  1.621436e+01  1.307000e+02  4.989162e+01
     vertex  1.609991e+01  1.307000e+02  4.993788e+01
     vertex  1.598816e+01  1.307000e+02  4.999035e+01
   endloop
 endfacet
 facet normal  0.000000e+00  1.000000e+00  0.000000e+00
   outer loop
     vertex  1.627250e+01  1.307000e+02  4.987086e+01
     vertex  1.598816e+01  1.307000e+02  4.999035e+01
     vertex  1.593341e+01  1.307000e+02  5.001887e+01
   endloop
 endfacet
 facet normal  0.000000e+00  1.000000e+00  0.000000e+00
   outer loop
     vertex  1.627250e+01  1.307000e+02  4.987086e+01
     vertex  1.621436e+01  1.307000e+02  4.989162e+01
     vertex  1.598816e+01  1.307000e+02  4.999035e+01
   endloop
 endfacet
 facet normal  0.000000e+00  1.000000e+00  0.000000e+00
   outer loop
     vertex  1.633118e+01  1.307000e+02  4.985170e+01
     vertex  1.627250e+01  1.307000e+02  4.987086e+01
     vertex  1.593341e+01  1.307000e+02  5.001887e+01
   endloop
 endfacet
 facet normal  0.000000e+00  1.000000e+00  0.000000e+00
   outer loop
     vertex  1.916997e+01  1.307000e+02  5.259476e+01
     vertex  1.913408e+01  1.307000e+02  5.271288e+01
     vertex  1.915284e+01  1.307000e+02  5.265406e+01
   endloop
 endfacet
 facet normal  0.000000e+00  1.000000e+00  0.000000e+00
   outer loop
     vertex  1.916997e+01  1.307000e+02  5.259476e+01
     vertex  1.911372e+01  1.307000e+02  5.277116e+01
     vertex  1.913408e+01  1.307000e+02  5.271288e+01
   endloop
 endfacet
 facet normal  0.000000e+00  1.000000e+00  0.000000e+00
   outer loop
     vertex  1.916997e+01  1.307000e+02  5.259476e+01
     vertex  1.909177e+01  1.307000e+02  5.282885e+01
     vertex  1.911372e+01  1.307000e+02  5.277116e+01
   endloop
 endfacet
 facet normal  0.000000e+00  1.000000e+00  0.000000e+00
   outer loop
     vertex  1.645002e+01  1.307000e+02  4.981825e+01
     vertex  1.639037e+01  1.307000e+02  4.983416e+01
     vertex  1.633118e+01  1.307000e+02  4.985170e+01
   endloop
 endfacet
 facet normal  0.000000e+00  1.000000e+00  0.000000e+00
   outer loop
     vertex  1.918547e+01  1.307000e+02  5.253500e+01
     vertex  1.906824e+01  1.307000e+02  5.288593e+01
     vertex  1.909177e+01  1.307000e+02  5.282885e+01
   endloop
 endfacet
 facet normal  0.000000e+00  1.000000e+00  0.000000e+00
   outer loop
     vertex  1.918547e+01  1.307000e+02  5.253500e+01
     vertex  1.909177e+01  1.307000e+02  5.282885e+01
     vertex  1.916997e+01  1.307000e+02  5.259476e+01
   endloop
 endfacet
 facet normal  0.000000e+00  1.000000e+00  0.000000e+00
   outer loop
     vertex  1.651008e+01  1.307000e+02  4.980399e+01
     vertex  1.645002e+01  1.307000e+02  4.981825e+01
     vertex  1.633118e+01  1.307000e+02  4.985170e+01
   endloop
 endfacet
 facet normal  0.000000e+00  1.000000e+00  0.000000e+00
   outer loop
     vertex  1.919932e+01  1.307000e+02  5.247484e+01
     vertex  1.886110e+01  1.307000e+02  5.326443e+01
     vertex  1.906824e+01  1.307000e+02  5.288593e+01
   endloop
 endfacet
 facet normal  0.000000e+00  1.000000e+00  0.000000e+00
   outer loop
     vertex  1.919932e+01  1.307000e+02  5.247484e+01
     vertex  1.906824e+01  1.307000e+02  5.288593e+01
     vertex  1.918547e+01  1.307000e+02  5.253500e+01
   endloop
 endfacet
 facet normal  0.000000e+00  1.000000e+00  0.000000e+00
   outer loop
     vertex  1.919932e+01  1.307000e+02  5.247484e+01
     vertex  1.871141e+01  1.307000e+02  5.346067e+01
     vertex  1.886110e+01  1.307000e+02  5.326443e+01
   endloop
 endfacet
 facet normal  0.000000e+00  1.000000e+00  0.000000e+00
   outer loop
     vertex  1.657051e+01  1.307000e+02  4.979137e+01
     vertex  1.633118e+01  1.307000e+02  4.985170e+01
     vertex  1.593341e+01  1.307000e+02  5.001887e+01
   endloop
 endfacet
 facet normal  0.000000e+00  1.000000e+00  0.000000e+00
   outer loop
     vertex  1.657051e+01  1.307000e+02  4.979137e+01
     vertex  1.651008e+01  1.307000e+02  4.980399e+01
     vertex  1.633118e+01  1.307000e+02  4.985170e+01
   endloop
 endfacet
 facet normal  0.000000e+00  1.000000e+00  0.000000e+00
   outer loop
     vertex  1.669230e+01  1.307000e+02  4.977114e+01
     vertex  1.663126e+01  1.307000e+02  4.978042e+01
     vertex  1.657051e+01  1.307000e+02  4.979137e+01
   endloop
 endfacet
 facet normal  0.000000e+00  1.000000e+00  0.000000e+00
   outer loop
     vertex  1.923810e+01  1.307000e+02  5.223110e+01
     vertex  1.922206e+01  1.307000e+02  5.235350e+01
     vertex  1.923092e+01  1.307000e+02  5.229241e+01
   endloop
 endfacet
 facet normal  0.000000e+00  1.000000e+00  0.000000e+00
   outer loop
     vertex  1.923810e+01  1.307000e+02  5.223110e+01
     vertex  1.921152e+01  1.307000e+02  5.241433e+01
     vertex  1.922206e+01  1.307000e+02  5.235350e+01
   endloop
 endfacet
 facet normal  0.000000e+00  1.000000e+00  0.000000e+00
   outer loop
     vertex  1.923810e+01  1.307000e+02  5.223110e+01
     vertex  1.919932e+01  1.307000e+02  5.247484e+01
     vertex  1.921152e+01  1.307000e+02  5.241433e+01
   endloop
 endfacet
 facet normal  0.000000e+00  1.000000e+00  0.000000e+00
   outer loop
     vertex  1.681501e+01  1.307000e+02  4.975762e+01
     vertex  1.675356e+01  1.307000e+02  4.976354e+01
     vertex  1.669230e+01  1.307000e+02  4.977114e+01
   endloop
 endfacet
 facet normal  0.000000e+00  1.000000e+00  0.000000e+00
   outer loop
     vertex  1.681501e+01  1.307000e+02  4.975762e+01
     vertex  1.669230e+01  1.307000e+02  4.977114e+01
     vertex  1.657051e+01  1.307000e+02  4.979137e+01
   endloop
 endfacet
 facet normal  0.000000e+00  1.000000e+00  0.000000e+00
   outer loop
     vertex  1.687659e+01  1.307000e+02  4.975339e+01
     vertex  1.681501e+01  1.307000e+02  4.975762e+01
     vertex  1.657051e+01  1.307000e+02  4.979137e+01
   endloop
 endfacet
 facet normal  0.000000e+00  1.000000e+00  0.000000e+00
   outer loop
     vertex  1.924952e+01  1.307000e+02  5.204630e+01
     vertex  1.924360e+01  1.307000e+02  5.216961e+01
     vertex  1.924741e+01  1.307000e+02  5.210799e+01
   endloop
 endfacet
 facet normal  0.000000e+00  1.000000e+00  0.000000e+00
   outer loop
     vertex  1.924952e+01  1.307000e+02  5.204630e+01
     vertex  1.923810e+01  1.307000e+02  5.223110e+01
     vertex  1.924360e+01  1.307000e+02  5.216961e+01
   endloop
 endfacet
 facet normal  0.000000e+00  1.000000e+00  0.000000e+00
   outer loop
     vertex  1.700000e+01  1.307000e+02  4.975000e+01
     vertex  1.693827e+01  1.307000e+02  4.975085e+01
     vertex  1.687659e+01  1.307000e+02  4.975339e+01
   endloop
 endfacet
 facet normal  0.000000e+00  1.000000e+00  0.000000e+00
   outer loop
     vertex  1.924868e+01  1.307000e+02  5.192285e+01
     vertex  1.919932e+01  1.307000e+02  5.247484e+01
     vertex  1.923810e+01  1.307000e+02  5.223110e+01
   endloop
 endfacet
 facet normal  0.000000e+00  1.000000e+00  0.000000e+00
   outer loop
     vertex  1.924868e+01  1.307000e+02  5.192285e+01
     vertex  1.924952e+01  1.307000e+02  5.204630e+01
     vertex  1.924995e+01  1.307000e+02  5.198457e+01
   endloop
 endfacet
 facet normal  0.000000e+00  1.000000e+00 -0.000000e+00
   outer loop
     vertex  1.924868e+01  1.307000e+02  5.192285e+01
     vertex  1.923810e+01  1.307000e+02  5.223110e+01
     vertex  1.924952e+01  1.307000e+02  5.204630e+01
   endloop
 endfacet
 facet normal  0.000000e+00  1.000000e+00  0.000000e+00
   outer loop
     vertex  1.712341e+01  1.307000e+02  4.975339e+01
     vertex  1.706173e+01  1.307000e+02  4.975085e+01
     vertex  1.700000e+01  1.307000e+02  4.975000e+01
   endloop
 endfacet
 facet normal  0.000000e+00  1.000000e+00  0.000000e+00
   outer loop
     vertex  1.718499e+01  1.307000e+02  4.975762e+01
     vertex  1.712341e+01  1.307000e+02  4.975339e+01
     vertex  1.700000e+01  1.307000e+02  4.975000e+01
   endloop
 endfacet
 facet normal  0.000000e+00  1.000000e+00  0.000000e+00
   outer loop
     vertex  1.923472e+01  1.307000e+02  5.173822e+01
     vertex  1.924571e+01  1.307000e+02  5.186119e+01
     vertex  1.924106e+01  1.307000e+02  5.179963e+01
   endloop
 endfacet
 facet normal  0.000000e+00  1.000000e+00  0.000000e+00
   outer loop
     vertex  1.923472e+01  1.307000e+02  5.173822e+01
     vertex  1.924868e+01  1.307000e+02  5.192285e+01
     vertex  1.924571e+01  1.307000e+02  5.186119e+01
   endloop
 endfacet
 facet normal  0.000000e+00  1.000000e+00  0.000000e+00
   outer loop
     vertex  1.736874e+01  1.307000e+02  4.978042e+01
     vertex  1.724644e+01  1.307000e+02  4.976354e+01
     vertex  1.718499e+01  1.307000e+02  4.975762e+01
   endloop
 endfacet
 facet normal  0.000000e+00  1.000000e+00  0.000000e+00
   outer loop
     vertex  1.736874e+01  1.307000e+02  4.978042e+01
     vertex  1.730770e+01  1.307000e+02  4.977114e+01
     vertex  1.724644e+01  1.307000e+02  4.976354e+01
   endloop
 endfacet
 facet normal  0.000000e+00  1.000000e+00  0.000000e+00
   outer loop
     vertex  1.736874e+01  1.307000e+02  4.978042e+01
     vertex  1.718499e+01  1.307000e+02  4.975762e+01
     vertex  1.700000e+01  1.307000e+02  4.975000e+01
   endloop
 endfacet
 facet normal  0.000000e+00  1.000000e+00  0.000000e+00
   outer loop
     vertex  1.736874e+01  1.307000e+02  4.978042e+01
     vertex  1.700000e+01  1.307000e+02  4.975000e+01
     vertex  1.687659e+01  1.307000e+02  4.975339e+01
   endloop
 endfacet
 facet normal  0.000000e+00  1.000000e+00  0.000000e+00
   outer loop
     vertex  1.921700e+01  1.307000e+02  5.161605e+01
     vertex  1.923472e+01  1.307000e+02  5.173822e+01
     vertex  1.922670e+01  1.307000e+02  5.167701e+01
   endloop
 endfacet
 facet normal  0.000000e+00  1.000000e+00  0.000000e+00
   outer loop
     vertex  1.748992e+01  1.307000e+02  4.980399e+01
     vertex  1.742949e+01  1.307000e+02  4.979137e+01
     vertex  1.736874e+01  1.307000e+02  4.978042e+01
   endloop
 endfacet
 facet normal  0.000000e+00  1.000000e+00  0.000000e+00
   outer loop
     vertex  1.748992e+01  1.307000e+02  4.980399e+01
     vertex  1.687659e+01  1.307000e+02  4.975339e+01
     vertex  1.657051e+01  1.307000e+02  4.979137e+01
   endloop
 endfacet
 facet normal  0.000000e+00  1.000000e+00  0.000000e+00
   outer loop
     vertex  1.748992e+01  1.307000e+02  4.980399e+01
     vertex  1.736874e+01  1.307000e+02  4.978042e+01
     vertex  1.687659e+01  1.307000e+02  4.975339e+01
   endloop
 endfacet
 facet normal  0.000000e+00  1.000000e+00  0.000000e+00
   outer loop
     vertex  1.919260e+01  1.307000e+02  5.149503e+01
     vertex  1.921700e+01  1.307000e+02  5.161605e+01
     vertex  1.920563e+01  1.307000e+02  5.155537e+01
   endloop
 endfacet
 facet normal  0.000000e+00  1.000000e+00  0.000000e+00
   outer loop
     vertex  1.919260e+01  1.307000e+02  5.149503e+01
     vertex  1.924868e+01  1.307000e+02  5.192285e+01
     vertex  1.923472e+01  1.307000e+02  5.173822e+01
   endloop
 endfacet
 facet normal  0.000000e+00  1.000000e+00  0.000000e+00
   outer loop
     vertex  1.919260e+01  1.307000e+02  5.149503e+01
     vertex  1.923472e+01  1.307000e+02  5.173822e+01
     vertex  1.921700e+01  1.307000e+02  5.161605e+01
   endloop
 endfacet
 facet normal  0.000000e+00  1.000000e+00  0.000000e+00
   outer loop
     vertex  1.917792e+01  1.307000e+02  5.143507e+01
     vertex  1.924868e+01  1.307000e+02  5.192285e+01
     vertex  1.919260e+01  1.307000e+02  5.149503e+01
   endloop
 endfacet
 facet normal  0.000000e+00  1.000000e+00  0.000000e+00
   outer loop
     vertex  1.760963e+01  1.307000e+02  4.983416e+01
     vertex  1.754998e+01  1.307000e+02  4.981825e+01
     vertex  1.748992e+01  1.307000e+02  4.980399e+01
   endloop
 endfacet
 facet normal  0.000000e+00  1.000000e+00  0.000000e+00
   outer loop
     vertex  1.760963e+01  1.307000e+02  4.983416e+01
     vertex  1.748992e+01  1.307000e+02  4.980399e+01
     vertex  1.657051e+01  1.307000e+02  4.979137e+01
   endloop
 endfacet
 facet normal  0.000000e+00  1.000000e+00  0.000000e+00
   outer loop
     vertex  1.914366e+01  1.307000e+02  5.131646e+01
     vertex  1.917792e+01  1.307000e+02  5.143507e+01
     vertex  1.916161e+01  1.307000e+02  5.137553e+01
   endloop
 endfacet
 facet normal  0.000000e+00  1.000000e+00  0.000000e+00
   outer loop
     vertex  1.910294e+01  1.307000e+02  5.119992e+01
     vertex  1.917792e+01  1.307000e+02  5.143507e+01
     vertex  1.914366e+01  1.307000e+02  5.131646e+01
   endloop
 endfacet
 facet normal  0.000000e+00  1.000000e+00  0.000000e+00
   outer loop
     vertex  1.910294e+01  1.307000e+02  5.119992e+01
     vertex  1.914366e+01  1.307000e+02  5.131646e+01
     vertex  1.912410e+01  1.307000e+02  5.125791e+01
   endloop
 endfacet
 facet normal  0.000000e+00  1.000000e+00  0.000000e+00
   outer loop
     vertex  1.784318e+01  1.307000e+02  4.991396e+01
     vertex  1.766882e+01  1.307000e+02  4.985170e+01
     vertex  1.760963e+01  1.307000e+02  4.983416e+01
   endloop
 endfacet
 facet normal  0.000000e+00  1.000000e+00  0.000000e+00
   outer loop
     vertex  1.784318e+01  1.307000e+02  4.991396e+01
     vertex  1.772750e+01  1.307000e+02  4.987086e+01
     vertex  1.766882e+01  1.307000e+02  4.985170e+01
   endloop
 endfacet
 facet normal  0.000000e+00  1.000000e+00  0.000000e+00
   outer loop
     vertex  1.784318e+01  1.307000e+02  4.991396e+01
     vertex  1.778564e+01  1.307000e+02  4.989162e+01
     vertex  1.772750e+01  1.307000e+02  4.987086e+01
   endloop
 endfacet
 facet normal  0.000000e+00  1.000000e+00  0.000000e+00
   outer loop
     vertex  1.784318e+01  1.307000e+02  4.991396e+01
     vertex  1.760963e+01  1.307000e+02  4.983416e+01
     vertex  1.657051e+01  1.307000e+02  4.979137e+01
   endloop
 endfacet
 facet normal  0.000000e+00  1.000000e+00  0.000000e+00
   outer loop
     vertex  1.790009e+01  1.307000e+02  4.993788e+01
     vertex  1.784318e+01  1.307000e+02  4.991396e+01
     vertex  1.657051e+01  1.307000e+02  4.979137e+01
   endloop
 endfacet
 facet normal  0.000000e+00  1.000000e+00  0.000000e+00
   outer loop
     vertex  1.905590e+01  1.307000e+02  5.108578e+01
     vertex  1.917792e+01  1.307000e+02  5.143507e+01
     vertex  1.910294e+01  1.307000e+02  5.119992e+01
   endloop
 endfacet
 facet normal  0.000000e+00  1.000000e+00  0.000000e+00
   outer loop
     vertex  1.905590e+01  1.307000e+02  5.108578e+01
     vertex  1.910294e+01  1.307000e+02  5.119992e+01
     vertex  1.908020e+01  1.307000e+02  5.114253e+01
   endloop
 endfacet
 facet normal  0.000000e+00  1.000000e+00  0.000000e+00
   outer loop
     vertex  1.795633e+01  1.307000e+02  4.996335e+01
     vertex  1.790009e+01  1.307000e+02  4.993788e+01
     vertex  1.657051e+01  1.307000e+02  4.979137e+01
   endloop
 endfacet
 facet normal  0.000000e+00  1.000000e+00  0.000000e+00
   outer loop
     vertex  1.903004e+01  1.307000e+02  5.102973e+01
     vertex  1.924868e+01  1.307000e+02  5.192285e+01
     vertex  1.917792e+01  1.307000e+02  5.143507e+01
   endloop
 endfacet
 facet normal  0.000000e+00  1.000000e+00  0.000000e+00
   outer loop
     vertex  1.903004e+01  1.307000e+02  5.102973e+01
     vertex  1.917792e+01  1.307000e+02  5.143507e+01
     vertex  1.905590e+01  1.307000e+02  5.108578e+01
   endloop
 endfacet
 facet normal  0.000000e+00  1.000000e+00  0.000000e+00
   outer loop
     vertex  1.897377e+01  1.307000e+02  5.091984e+01
     vertex  1.903004e+01  1.307000e+02  5.102973e+01
     vertex  1.900266e+01  1.307000e+02  5.097440e+01
   endloop
 endfacet
 facet normal  0.000000e+00  1.000000e+00  0.000000e+00
   outer loop
     vertex  1.812054e+01  1.307000e+02  5.004888e+01
     vertex  1.801184e+01  1.307000e+02  4.999035e+01
     vertex  1.795633e+01  1.307000e+02  4.996335e+01
   endloop
 endfacet
 facet normal  0.000000e+00  1.000000e+00  0.000000e+00
   outer loop
     vertex  1.812054e+01  1.307000e+02  5.004888e+01
     vertex  1.806659e+01  1.307000e+02  5.001887e+01
     vertex  1.801184e+01  1.307000e+02  4.999035e+01
   endloop
 endfacet
 facet normal  0.000000e+00  1.000000e+00  0.000000e+00
   outer loop
     vertex  1.812054e+01  1.307000e+02  5.004888e+01
     vertex  1.657051e+01  1.307000e+02  4.979137e+01
     vertex  1.593341e+01  1.307000e+02  5.001887e+01
   endloop
 endfacet
 facet normal  0.000000e+00  1.000000e+00  0.000000e+00
   outer loop
     vertex  1.812054e+01  1.307000e+02  5.004888e+01
     vertex  1.795633e+01  1.307000e+02  4.996335e+01
     vertex  1.657051e+01  1.307000e+02  4.979137e+01
   endloop
 endfacet
 facet normal  0.000000e+00  1.000000e+00  0.000000e+00
   outer loop
     vertex  1.894339e+01  1.307000e+02  5.086610e+01
     vertex  1.903004e+01  1.307000e+02  5.102973e+01
     vertex  1.897377e+01  1.307000e+02  5.091984e+01
   endloop
 endfacet
 facet normal  0.000000e+00  1.000000e+00  0.000000e+00
   outer loop
     vertex  1.894339e+01  1.307000e+02  5.086610e+01
     vertex  1.924868e+01  1.307000e+02  5.192285e+01
     vertex  1.903004e+01  1.307000e+02  5.102973e+01
   endloop
 endfacet
 facet normal  0.000000e+00  1.000000e+00  0.000000e+00
   outer loop
     vertex  1.822587e+01  1.307000e+02  5.011327e+01
     vertex  1.817365e+01  1.307000e+02  5.008035e+01
     vertex  1.812054e+01  1.307000e+02  5.004888e+01
   endloop
 endfacet
 facet normal  0.000000e+00  1.000000e+00  0.000000e+00
   outer loop
     vertex  1.827717e+01  1.307000e+02  5.014761e+01
     vertex  1.822587e+01  1.307000e+02  5.011327e+01
     vertex  1.812054e+01  1.307000e+02  5.004888e+01
   endloop
 endfacet
 facet normal  0.000000e+00  1.000000e+00  0.000000e+00
   outer loop
     vertex  1.884358e+01  1.307000e+02  5.071016e+01
     vertex  1.891155e+01  1.307000e+02  5.081321e+01
     vertex  1.887828e+01  1.307000e+02  5.076122e+01
   endloop
 endfacet
 facet normal  0.000000e+00  1.000000e+00  0.000000e+00
   outer loop
     vertex  1.884358e+01  1.307000e+02  5.071016e+01
     vertex  1.894339e+01  1.307000e+02  5.086610e+01
     vertex  1.891155e+01  1.307000e+02  5.081321e+01
   endloop
 endfacet
 facet normal  0.000000e+00  1.000000e+00  0.000000e+00
   outer loop
     vertex  1.884358e+01  1.307000e+02  5.071016e+01
     vertex  1.924868e+01  1.307000e+02  5.192285e+01
     vertex  1.894339e+01  1.307000e+02  5.086610e+01
   endloop
 endfacet
 facet normal  0.000000e+00  1.000000e+00  0.000000e+00
   outer loop
     vertex  1.832751e+01  1.307000e+02  5.018335e+01
     vertex  1.827717e+01  1.307000e+02  5.014761e+01
     vertex  1.812054e+01  1.307000e+02  5.004888e+01
   endloop
 endfacet
 facet normal  0.000000e+00  1.000000e+00  0.000000e+00
   outer loop
     vertex  1.837684e+01  1.307000e+02  5.022045e+01
     vertex  1.812054e+01  1.307000e+02  5.004888e+01
     vertex  1.593341e+01  1.307000e+02  5.001887e+01
   endloop
 endfacet
 facet normal  0.000000e+00  1.000000e+00  0.000000e+00
   outer loop
     vertex  1.837684e+01  1.307000e+02  5.022045e+01
     vertex  1.601582e+01  1.307000e+02  5.402334e+01
     vertex  1.607170e+01  1.307000e+02  5.404958e+01
   endloop
 endfacet
 facet normal  0.000000e+00  1.000000e+00  0.000000e+00
   outer loop
     vertex  1.837684e+01  1.307000e+02  5.022045e+01
     vertex  1.545887e+01  1.307000e+02  5.363933e+01
     vertex  1.550442e+01  1.307000e+02  5.368100e+01
   endloop
 endfacet
 facet normal  0.000000e+00  1.000000e+00  0.000000e+00
   outer loop
     vertex  1.837684e+01  1.307000e+02  5.022045e+01
     vertex  1.832751e+01  1.307000e+02  5.018335e+01
     vertex  1.812054e+01  1.307000e+02  5.004888e+01
   endloop
 endfacet
 facet normal  0.000000e+00  1.000000e+00  0.000000e+00
   outer loop
     vertex  1.837684e+01  1.307000e+02  5.022045e+01
     vertex  1.590633e+01  1.307000e+02  5.396631e+01
     vertex  1.601582e+01  1.307000e+02  5.402334e+01
   endloop
 endfacet
 facet normal  0.000000e+00  1.000000e+00  0.000000e+00
   outer loop
     vertex  1.837684e+01  1.307000e+02  5.022045e+01
     vertex  1.593341e+01  1.307000e+02  5.001887e+01
     vertex  1.545887e+01  1.307000e+02  5.363933e+01
   endloop
 endfacet
 facet normal  0.000000e+00  1.000000e+00  0.000000e+00
   outer loop
     vertex  1.837684e+01  1.307000e+02  5.022045e+01
     vertex  1.550442e+01  1.307000e+02  5.368100e+01
     vertex  1.590633e+01  1.307000e+02  5.396631e+01
   endloop
 endfacet
 facet normal  0.000000e+00  1.000000e+00  0.000000e+00
   outer loop
     vertex  1.837684e+01  1.307000e+02  5.022045e+01
     vertex  1.607170e+01  1.307000e+02  5.404958e+01
     vertex  1.618551e+01  1.307000e+02  5.409741e+01
   endloop
 endfacet
 facet normal  0.000000e+00  1.000000e+00  0.000000e+00
   outer loop
     vertex  1.877006e+01  1.307000e+02  5.061098e+01
     vertex  1.884358e+01  1.307000e+02  5.071016e+01
     vertex  1.880750e+01  1.307000e+02  5.066006e+01
   endloop
 endfacet
 facet normal  0.000000e+00  1.000000e+00  0.000000e+00
   outer loop
     vertex  1.842515e+01  1.307000e+02  5.025889e+01
     vertex  1.837684e+01  1.307000e+02  5.022045e+01
     vertex  1.618551e+01  1.307000e+02  5.409741e+01
   endloop
 endfacet
 facet normal  0.000000e+00  1.000000e+00  0.000000e+00
   outer loop
     vertex  1.873129e+01  1.307000e+02  5.056294e+01
     vertex  1.884358e+01  1.307000e+02  5.071016e+01
     vertex  1.877006e+01  1.307000e+02  5.061098e+01
   endloop
 endfacet
 facet normal  0.000000e+00  1.000000e+00  0.000000e+00
   outer loop
     vertex  1.860728e+01  1.307000e+02  5.042546e+01
     vertex  1.648000e+01  1.307000e+02  5.418909e+01
     vertex  1.666175e+01  1.307000e+02  5.422443e+01
   endloop
 endfacet
 facet normal  0.000000e+00  1.000000e+00  0.000000e+00
   outer loop
     vertex  1.860728e+01  1.307000e+02  5.042546e+01
     vertex  1.618551e+01  1.307000e+02  5.409741e+01
     vertex  1.648000e+01  1.307000e+02  5.418909e+01
   endloop
 endfacet
 facet normal  0.000000e+00  1.000000e+00  0.000000e+00
   outer loop
     vertex  1.860728e+01  1.307000e+02  5.042546e+01
     vertex  1.666175e+01  1.307000e+02  5.422443e+01
     vertex  1.690742e+01  1.307000e+02  5.424809e+01
   endloop
 endfacet
 facet normal  0.000000e+00  1.000000e+00  0.000000e+00
   outer loop
     vertex  1.860728e+01  1.307000e+02  5.042546e+01
     vertex  1.884358e+01  1.307000e+02  5.071016e+01
     vertex  1.873129e+01  1.307000e+02  5.056294e+01
   endloop
 endfacet
 facet normal  0.000000e+00  1.000000e+00  0.000000e+00
   outer loop
     vertex  1.860728e+01  1.307000e+02  5.042546e+01
     vertex  1.847238e+01  1.307000e+02  5.029864e+01
     vertex  1.842515e+01  1.307000e+02  5.025889e+01
   endloop
 endfacet
 facet normal  0.000000e+00  1.000000e+00  0.000000e+00
   outer loop
     vertex  1.860728e+01  1.307000e+02  5.042546e+01
     vertex  1.851850e+01  1.307000e+02  5.033968e+01
     vertex  1.847238e+01  1.307000e+02  5.029864e+01
   endloop
 endfacet
 facet normal  0.000000e+00  1.000000e+00  0.000000e+00
   outer loop
     vertex  1.860728e+01  1.307000e+02  5.042546e+01
     vertex  1.856347e+01  1.307000e+02  5.038196e+01
     vertex  1.851850e+01  1.307000e+02  5.033968e+01
   endloop
 endfacet
 facet normal  0.000000e+00  1.000000e+00  0.000000e+00
   outer loop
     vertex  1.860728e+01  1.307000e+02  5.042546e+01
     vertex  1.869122e+01  1.307000e+02  5.051599e+01
     vertex  1.864987e+01  1.307000e+02  5.047015e+01
   endloop
 endfacet
 facet normal  0.000000e+00  1.000000e+00  0.000000e+00
   outer loop
     vertex  1.860728e+01  1.307000e+02  5.042546e+01
     vertex  1.873129e+01  1.307000e+02  5.056294e+01
     vertex  1.869122e+01  1.307000e+02  5.051599e+01
   endloop
 endfacet
 facet normal  0.000000e+00  1.000000e+00  0.000000e+00
   outer loop
     vertex  1.860728e+01  1.307000e+02  5.042546e+01
     vertex  1.871141e+01  1.307000e+02  5.346067e+01
     vertex  1.919932e+01  1.307000e+02  5.247484e+01
   endloop
 endfacet
 facet normal  0.000000e+00  1.000000e+00  0.000000e+00
   outer loop
     vertex  1.860728e+01  1.307000e+02  5.042546e+01
     vertex  1.690742e+01  1.307000e+02  5.424809e+01
     vertex  1.703087e+01  1.307000e+02  5.424979e+01
   endloop
 endfacet
 facet normal  0.000000e+00  1.000000e+00  0.000000e+00
   outer loop
     vertex  1.860728e+01  1.307000e+02  5.042546e+01
     vertex  1.842515e+01  1.307000e+02  5.025889e+01
     vertex  1.618551e+01  1.307000e+02  5.409741e+01
   endloop
 endfacet
 facet normal  0.000000e+00  1.000000e+00  0.000000e+00
   outer loop
     vertex  1.860728e+01  1.307000e+02  5.042546e+01
     vertex  1.924868e+01  1.307000e+02  5.192285e+01
     vertex  1.884358e+01  1.307000e+02  5.071016e+01
   endloop
 endfacet
 facet normal  0.000000e+00  1.000000e+00  0.000000e+00
   outer loop
     vertex  1.860728e+01  1.307000e+02  5.042546e+01
     vertex  1.919932e+01  1.307000e+02  5.247484e+01
     vertex  1.924868e+01  1.307000e+02  5.192285e+01
   endloop
 endfacet
 facet normal  0.000000e+00  1.000000e+00 -0.000000e+00
   outer loop
     vertex  1.860728e+01  1.307000e+02  5.042546e+01
     vertex  1.803931e+01  1.307000e+02  5.399558e+01
     vertex  1.871141e+01  1.307000e+02  5.346067e+01
   endloop
 endfacet
 facet normal  0.000000e+00  1.000000e+00  0.000000e+00
   outer loop
     vertex  1.860728e+01  1.307000e+02  5.042546e+01
     vertex  1.703087e+01  1.307000e+02  5.424979e+01
     vertex  1.803931e+01  1.307000e+02  5.399558e+01
   endloop
 endfacet
 facet normal  0.000000e+00 -1.000000e+00 -0.000000e+00
   outer loop
     vertex  1.525000e+02  0.000000e+00  3.000000e+00
     vertex  4.650000e+01  0.000000e+00  0.000000e+00
     vertex  1.525000e+02  0.000000e+00  0.000000e+00
   endloop
 endfacet
 facet normal -0.000000e+00 -1.000000e+00  0.000000e+00
   outer loop
     vertex  1.525000e+02  0.000000e+00  3.000000e+00
     vertex  4.650000e+01  0.000000e+00  3.000000e+00
     vertex  4.650000e+01  0.000000e+00  0.000000e+00
   endloop
 endfacet
 facet normal  1.000000e+00 -0.000000e+00  0.000000e+00
   outer loop
     vertex  1.525000e+02  8.986860e+01  9.101090e+00
     vertex  1.525000e+02  1.367000e+02  0.000000e+00
     vertex  1.525000e+02  8.989293e+01  9.125257e+00
   endloop
 endfacet
 facet normal  1.000000e+00  0.000000e+00  0.000000e+00
   outer loop
     vertex  1.525000e+02  8.991659e+01  9.150083e+00
     vertex  1.525000e+02  8.989293e+01  9.125257e+00
     vertex  1.525000e+02  1.367000e+02  0.000000e+00
   endloop
 endfacet
 facet normal  1.000000e+00 -0.000000e+00  0.000000e+00
   outer loop
     vertex  1.525000e+02  8.984361e+01  9.077599e+00
     vertex  1.525000e+02  1.367000e+02  0.000000e+00
     vertex  1.525000e+02  8.986860e+01  9.101090e+00
   endloop
 endfacet
 facet normal  1.000000e+00  0.000000e+00  0.000000e+00
   outer loop
     vertex  1.525000e+02  8.993956e+01  9.175549e+00
     vertex  1.525000e+02  8.991659e+01  9.150083e+00
     vertex  1.525000e+02  1.367000e+02  0.000000e+00
   endloop
 endfacet
 facet normal  1.000000e+00 -0.000000e+00  0.000000e+00
   outer loop
     vertex  1.525000e+02  8.981799e+01  9.054803e+00
     vertex  1.525000e+02  1.367000e+02  0.000000e+00
     vertex  1.525000e+02  8.984361e+01  9.077599e+00
   endloop
 endfacet
 facet normal  1.000000e+00  0.000000e+00  0.000000e+00
   outer loop
     vertex  1.525000e+02  8.996183e+01  9.201636e+00
     vertex  1.525000e+02  8.993956e+01  9.175549e+00
     vertex  1.525000e+02  1.367000e+02  0.000000e+00
   endloop
 endfacet
 facet normal  1.000000e+00 -0.000000e+00  0.000000e+00
   outer loop
     vertex  1.525000e+02  8.979175e+01  9.032718e+00
     vertex  1.525000e+02  1.367000e+02  0.000000e+00
     vertex  1.525000e+02  8.981799e+01  9.054803e+00
   endloop
 endfacet
 facet normal  1.000000e+00  0.000000e+00  0.000000e+00
   outer loop
     vertex  1.525000e+02  8.998337e+01  9.228323e+00
     vertex  1.525000e+02  8.996183e+01  9.201636e+00
     vertex  1.525000e+02  1.367000e+02  0.000000e+00
   endloop
 endfacet
 facet normal  1.000000e+00 -0.000000e+00  0.000000e+00
   outer loop
     vertex  1.525000e+02  8.976491e+01  9.011361e+00
     vertex  1.525000e+02  1.367000e+02  0.000000e+00
     vertex  1.525000e+02  8.979175e+01  9.032718e+00
   endloop
 endfacet
 facet normal  1.000000e+00  0.000000e+00  0.000000e+00
   outer loop
     vertex  1.525000e+02  9.000417e+01  9.255591e+00
     vertex  1.525000e+02  8.998337e+01  9.228323e+00
     vertex  1.525000e+02  1.367000e+02  0.000000e+00
   endloop
 endfacet
 facet normal  1.000000e+00 -0.000000e+00  0.000000e+00
   outer loop
     vertex  1.525000e+02  8.973750e+01  8.990748e+00
     vertex  1.525000e+02  1.367000e+02  0.000000e+00
     vertex  1.525000e+02  8.976491e+01  9.011361e+00
   endloop
 endfacet
 facet normal  1.000000e+00  0.000000e+00  0.000000e+00
   outer loop
     vertex  1.525000e+02  9.002421e+01  9.283420e+00
     vertex  1.525000e+02  9.000417e+01  9.255591e+00
     vertex  1.525000e+02  1.367000e+02  0.000000e+00
   endloop
 endfacet
 facet normal  1.000000e+00 -0.000000e+00  0.000000e+00
   outer loop
     vertex  1.525000e+02  8.970954e+01  8.970896e+00
     vertex  1.525000e+02  1.367000e+02  0.000000e+00
     vertex  1.525000e+02  8.973750e+01  8.990748e+00
   endloop
 endfacet
 facet normal  1.000000e+00  0.000000e+00  0.000000e+00
   outer loop
     vertex  1.525000e+02  9.004349e+01  9.311788e+00
     vertex  1.525000e+02  9.002421e+01  9.283420e+00
     vertex  1.525000e+02  1.367000e+02  0.000000e+00
   endloop
 endfacet
 facet normal  1.000000e+00 -0.000000e+00  0.000000e+00
   outer loop
     vertex  1.525000e+02  8.968104e+01  8.951817e+00
     vertex  1.525000e+02  1.367000e+02  0.000000e+00
     vertex  1.525000e+02  8.970954e+01  8.970896e+00
   endloop
 endfacet
 facet normal  1.000000e+00  0.000000e+00  0.000000e+00
   outer loop
     vertex  1.525000e+02  9.006197e+01  9.340674e+00
     vertex  1.525000e+02  9.004349e+01  9.311788e+00
     vertex  1.525000e+02  1.367000e+02  0.000000e+00
   endloop
 endfacet
 facet normal  1.000000e+00 -0.000000e+00  0.000000e+00
   outer loop
     vertex  1.525000e+02  8.965203e+01  8.933528e+00
     vertex  1.525000e+02  1.367000e+02  0.000000e+00
     vertex  1.525000e+02  8.968104e+01  8.951817e+00
   endloop
 endfacet
 facet normal  1.000000e+00  0.000000e+00  0.000000e+00
   outer loop
     vertex  1.525000e+02  9.007966e+01  9.370056e+00
     vertex  1.525000e+02  9.006197e+01  9.340674e+00
     vertex  1.525000e+02  1.367000e+02  0.000000e+00
   endloop
 endfacet
 facet normal  1.000000e+00 -0.000000e+00  0.000000e+00
   outer loop
     vertex  1.525000e+02  8.962252e+01  8.916042e+00
     vertex  1.525000e+02  1.367000e+02  0.000000e+00
     vertex  1.525000e+02  8.965203e+01  8.933528e+00
   endloop
 endfacet
 facet normal  1.000000e+00  0.000000e+00  0.000000e+00
   outer loop
     vertex  1.525000e+02  9.009654e+01  9.399913e+00
     vertex  1.525000e+02  9.007966e+01  9.370056e+00
     vertex  1.525000e+02  1.367000e+02  0.000000e+00
   endloop
 endfacet
 facet normal  1.000000e+00 -0.000000e+00  0.000000e+00
   outer loop
     vertex  1.525000e+02  8.959255e+01  8.899372e+00
     vertex  1.525000e+02  1.367000e+02  0.000000e+00
     vertex  1.525000e+02  8.962252e+01  8.916042e+00
   endloop
 endfacet
 facet normal  1.000000e+00  0.000000e+00  0.000000e+00
   outer loop
     vertex  1.525000e+02  9.011259e+01  9.430221e+00
     vertex  1.525000e+02  9.009654e+01  9.399913e+00
     vertex  1.525000e+02  1.367000e+02  0.000000e+00
   endloop
 endfacet
 facet normal  1.000000e+00 -0.000000e+00  0.000000e+00
   outer loop
     vertex  1.525000e+02  8.956213e+01  8.883530e+00
     vertex  1.525000e+02  1.367000e+02  0.000000e+00
     vertex  1.525000e+02  8.959255e+01  8.899372e+00
   endloop
 endfacet
 facet normal  1.000000e+00  0.000000e+00  0.000000e+00
   outer loop
     vertex  1.525000e+02  9.012780e+01  9.460958e+00
     vertex  1.525000e+02  9.011259e+01  9.430221e+00
     vertex  1.525000e+02  1.367000e+02  0.000000e+00
   endloop
 endfacet
 facet normal  1.000000e+00 -0.000000e+00  0.000000e+00
   outer loop
     vertex  1.525000e+02  8.953129e+01  8.868528e+00
     vertex  1.525000e+02  1.367000e+02  0.000000e+00
     vertex  1.525000e+02  8.956213e+01  8.883530e+00
   endloop
 endfacet
 facet normal  1.000000e+00  0.000000e+00  0.000000e+00
   outer loop
     vertex  1.525000e+02  9.014216e+01  9.492101e+00
     vertex  1.525000e+02  9.012780e+01  9.460958e+00
     vertex  1.525000e+02  1.367000e+02  0.000000e+00
   endloop
 endfacet
 facet normal  1.000000e+00 -0.000000e+00  0.000000e+00
   outer loop
     vertex  1.525000e+02  8.950005e+01  8.854379e+00
     vertex  1.525000e+02  1.367000e+02  0.000000e+00
     vertex  1.525000e+02  8.953129e+01  8.868528e+00
   endloop
 endfacet
 facet normal  1.000000e+00  0.000000e+00  0.000000e+00
   outer loop
     vertex  1.525000e+02  9.015567e+01  9.523627e+00
     vertex  1.525000e+02  9.014216e+01  9.492101e+00
     vertex  1.525000e+02  1.367000e+02  0.000000e+00
   endloop
 endfacet
 facet normal  1.000000e+00 -0.000000e+00  0.000000e+00
   outer loop
     vertex  1.525000e+02  8.946843e+01  8.841092e+00
     vertex  1.525000e+02  1.367000e+02  0.000000e+00
     vertex  1.525000e+02  8.950005e+01  8.854379e+00
   endloop
 endfacet
 facet normal  1.000000e+00  0.000000e+00  0.000000e+00
   outer loop
     vertex  1.525000e+02  9.016830e+01  9.555511e+00
     vertex  1.525000e+02  9.015567e+01  9.523627e+00
     vertex  1.525000e+02  1.367000e+02  0.000000e+00
   endloop
 endfacet
 facet normal  1.000000e+00 -0.000000e+00  0.000000e+00
   outer loop
     vertex  1.525000e+02  8.943647e+01  8.828677e+00
     vertex  1.525000e+02  1.367000e+02  0.000000e+00
     vertex  1.525000e+02  8.946843e+01  8.841092e+00
   endloop
 endfacet
 facet normal  1.000000e+00  0.000000e+00  0.000000e+00
   outer loop
     vertex  1.525000e+02  9.018006e+01  9.587729e+00
     vertex  1.525000e+02  9.016830e+01  9.555511e+00
     vertex  1.525000e+02  1.367000e+02  0.000000e+00
   endloop
 endfacet
 facet normal  1.000000e+00 -0.000000e+00  0.000000e+00
   outer loop
     vertex  1.525000e+02  8.940417e+01  8.817144e+00
     vertex  1.525000e+02  1.367000e+02  0.000000e+00
     vertex  1.525000e+02  8.943647e+01  8.828677e+00
   endloop
 endfacet
 facet normal  1.000000e+00  0.000000e+00  0.000000e+00
   outer loop
     vertex  1.525000e+02  9.019092e+01  9.620258e+00
     vertex  1.525000e+02  9.018006e+01  9.587729e+00
     vertex  1.525000e+02  1.367000e+02  0.000000e+00
   endloop
 endfacet
 facet normal  1.000000e+00 -0.000000e+00  0.000000e+00
   outer loop
     vertex  1.525000e+02  8.937156e+01  8.806501e+00
     vertex  1.525000e+02  1.367000e+02  0.000000e+00
     vertex  1.525000e+02  8.940417e+01  8.817144e+00
   endloop
 endfacet
 facet normal  1.000000e+00  0.000000e+00  0.000000e+00
   outer loop
     vertex  1.525000e+02  9.020089e+01  9.653073e+00
     vertex  1.525000e+02  9.019092e+01  9.620258e+00
     vertex  1.525000e+02  1.367000e+02  0.000000e+00
   endloop
 endfacet
 facet normal  1.000000e+00 -0.000000e+00  0.000000e+00
   outer loop
     vertex  1.525000e+02  8.933868e+01  8.796757e+00
     vertex  1.525000e+02  1.367000e+02  0.000000e+00
     vertex  1.525000e+02  8.937156e+01  8.806501e+00
   endloop
 endfacet
 facet normal  1.000000e+00  0.000000e+00  0.000000e+00
   outer loop
     vertex  1.525000e+02  9.020996e+01  9.686149e+00
     vertex  1.525000e+02  9.020089e+01  9.653073e+00
     vertex  1.525000e+02  1.367000e+02  0.000000e+00
   endloop
 endfacet
 facet normal  1.000000e+00 -0.000000e+00  0.000000e+00
   outer loop
     vertex  1.525000e+02  8.930554e+01  8.787918e+00
     vertex  1.525000e+02  1.367000e+02  0.000000e+00
     vertex  1.525000e+02  8.933868e+01  8.796757e+00
   endloop
 endfacet
 facet normal  1.000000e+00  0.000000e+00  0.000000e+00
   outer loop
     vertex  1.525000e+02  9.021811e+01  9.719461e+00
     vertex  1.525000e+02  9.020996e+01  9.686149e+00
     vertex  1.525000e+02  1.367000e+02  0.000000e+00
   endloop
 endfacet
 facet normal  1.000000e+00 -0.000000e+00  0.000000e+00
   outer loop
     vertex  1.525000e+02  8.927218e+01  8.779992e+00
     vertex  1.525000e+02  1.367000e+02  0.000000e+00
     vertex  1.525000e+02  8.930554e+01  8.787918e+00
   endloop
 endfacet
 facet normal  1.000000e+00  0.000000e+00  0.000000e+00
   outer loop
     vertex  1.525000e+02  9.022535e+01  9.752984e+00
     vertex  1.525000e+02  9.021811e+01  9.719461e+00
     vertex  1.525000e+02  1.367000e+02  0.000000e+00
   endloop
 endfacet
 facet normal  1.000000e+00 -0.000000e+00  0.000000e+00
   outer loop
     vertex  1.525000e+02  8.923860e+01  8.772984e+00
     vertex  1.525000e+02  1.367000e+02  0.000000e+00
     vertex  1.525000e+02  8.927218e+01  8.779992e+00
   endloop
 endfacet
 facet normal  1.000000e+00  0.000000e+00  0.000000e+00
   outer loop
     vertex  1.525000e+02  9.023167e+01  9.786694e+00
     vertex  1.525000e+02  9.022535e+01  9.752984e+00
     vertex  1.525000e+02  1.367000e+02  0.000000e+00
   endloop
 endfacet
 facet normal  1.000000e+00 -0.000000e+00  0.000000e+00
   outer loop
     vertex  1.525000e+02  8.920485e+01  8.766900e+00
     vertex  1.525000e+02  1.367000e+02  0.000000e+00
     vertex  1.525000e+02  8.923860e+01  8.772984e+00
   endloop
 endfacet
 facet normal  1.000000e+00  0.000000e+00  0.000000e+00
   outer loop
     vertex  1.525000e+02  9.023705e+01  9.820564e+00
     vertex  1.525000e+02  9.023167e+01  9.786694e+00
     vertex  1.525000e+02  1.367000e+02  0.000000e+00
   endloop
 endfacet
 facet normal  1.000000e+00 -0.000000e+00  0.000000e+00
   outer loop
     vertex  1.525000e+02  8.917095e+01  8.761744e+00
     vertex  1.525000e+02  1.367000e+02  0.000000e+00
     vertex  1.525000e+02  8.920485e+01  8.766900e+00
   endloop
 endfacet
 facet normal  1.000000e+00  0.000000e+00  0.000000e+00
   outer loop
     vertex  1.525000e+02  9.024151e+01  9.854568e+00
     vertex  1.525000e+02  9.023705e+01  9.820564e+00
     vertex  1.525000e+02  1.367000e+02  0.000000e+00
   endloop
 endfacet
 facet normal  1.000000e+00 -0.000000e+00  0.000000e+00
   outer loop
     vertex  1.525000e+02  8.913691e+01  8.757521e+00
     vertex  1.525000e+02  1.367000e+02  0.000000e+00
     vertex  1.525000e+02  8.917095e+01  8.761744e+00
   endloop
 endfacet
 facet normal  1.000000e+00  0.000000e+00  0.000000e+00
   outer loop
     vertex  1.525000e+02  9.024503e+01  9.888683e+00
     vertex  1.525000e+02  9.024151e+01  9.854568e+00
     vertex  1.525000e+02  1.367000e+02  0.000000e+00
   endloop
 endfacet
 facet normal  1.000000e+00 -0.000000e+00  0.000000e+00
   outer loop
     vertex  1.525000e+02  8.910277e+01  8.754232e+00
     vertex  1.525000e+02  1.367000e+02  0.000000e+00
     vertex  1.525000e+02  8.913691e+01  8.757521e+00
   endloop
 endfacet
 facet normal  1.000000e+00  0.000000e+00  0.000000e+00
   outer loop
     vertex  1.525000e+02  9.024762e+01  9.922881e+00
     vertex  1.525000e+02  9.024503e+01  9.888683e+00
     vertex  1.525000e+02  1.367000e+02  0.000000e+00
   endloop
 endfacet
 facet normal  1.000000e+00 -0.000000e+00  0.000000e+00
   outer loop
     vertex  1.525000e+02  8.906856e+01  8.751882e+00
     vertex  1.525000e+02  1.367000e+02  0.000000e+00
     vertex  1.525000e+02  8.910277e+01  8.754232e+00
   endloop
 endfacet
 facet normal  1.000000e+00  0.000000e+00  0.000000e+00
   outer loop
     vertex  1.525000e+02  9.024926e+01  9.957137e+00
     vertex  1.525000e+02  9.024762e+01  9.922881e+00
     vertex  1.525000e+02  1.367000e+02  0.000000e+00
   endloop
 endfacet
 facet normal  1.000000e+00 -0.000000e+00  0.000000e+00
   outer loop
     vertex  1.525000e+02  8.903429e+01  8.750470e+00
     vertex  1.525000e+02  1.367000e+02  0.000000e+00
     vertex  1.525000e+02  8.906856e+01  8.751882e+00
   endloop
 endfacet
 facet normal  1.000000e+00  0.000000e+00  0.000000e+00
   outer loop
     vertex  1.525000e+02  9.024997e+01  9.991426e+00
     vertex  1.525000e+02  9.024926e+01  9.957137e+00
     vertex  1.525000e+02  1.367000e+02  0.000000e+00
   endloop
 endfacet
 facet normal  1.000000e+00  0.000000e+00  0.000000e+00
   outer loop
     vertex  1.525000e+02  9.024974e+01  1.002572e+01
     vertex  1.525000e+02  9.024997e+01  9.991426e+00
     vertex  1.525000e+02  1.367000e+02  0.000000e+00
   endloop
 endfacet
 facet normal  1.000000e+00  0.000000e+00  0.000000e+00
   outer loop
     vertex  1.525000e+02  9.024856e+01  1.006000e+01
     vertex  1.525000e+02  9.024974e+01  1.002572e+01
     vertex  1.525000e+02  1.367000e+02  0.000000e+00
   endloop
 endfacet
 facet normal  1.000000e+00  0.000000e+00  0.000000e+00
   outer loop
     vertex  1.525000e+02  9.024644e+01  1.009423e+01
     vertex  1.525000e+02  9.024856e+01  1.006000e+01
     vertex  1.525000e+02  1.367000e+02  0.000000e+00
   endloop
 endfacet
 facet normal  1.000000e+00  0.000000e+00  0.000000e+00
   outer loop
     vertex  1.525000e+02  9.024339e+01  1.012839e+01
     vertex  1.525000e+02  9.024644e+01  1.009423e+01
     vertex  1.525000e+02  1.367000e+02  0.000000e+00
   endloop
 endfacet
 facet normal  1.000000e+00  0.000000e+00  0.000000e+00
   outer loop
     vertex  1.525000e+02  9.023940e+01  1.016245e+01
     vertex  1.525000e+02  9.024339e+01  1.012839e+01
     vertex  1.525000e+02  1.367000e+02  0.000000e+00
   endloop
 endfacet
 facet normal  1.000000e+00  0.000000e+00  0.000000e+00
   outer loop
     vertex  1.525000e+02  9.023448e+01  1.019639e+01
     vertex  1.525000e+02  9.023940e+01  1.016245e+01
     vertex  1.525000e+02  1.367000e+02  0.000000e+00
   endloop
 endfacet
 facet normal  1.000000e+00  0.000000e+00  0.000000e+00
   outer loop
     vertex  1.525000e+02  9.022862e+01  1.023018e+01
     vertex  1.525000e+02  9.023448e+01  1.019639e+01
     vertex  1.525000e+02  1.367000e+02  0.000000e+00
   endloop
 endfacet
 facet normal  1.000000e+00  0.000000e+00  0.000000e+00
   outer loop
     vertex  1.525000e+02  9.022185e+01  1.026380e+01
     vertex  1.525000e+02  9.022862e+01  1.023018e+01
     vertex  1.525000e+02  1.367000e+02  0.000000e+00
   endloop
 endfacet
 facet normal  1.000000e+00  0.000000e+00  0.000000e+00
   outer loop
     vertex  1.525000e+02  9.021415e+01  1.029722e+01
     vertex  1.525000e+02  9.022185e+01  1.026380e+01
     vertex  1.525000e+02  1.367000e+02  0.000000e+00
   endloop
 endfacet
 facet normal  1.000000e+00  0.000000e+00  0.000000e+00
   outer loop
     vertex  1.525000e+02  9.020554e+01  1.033042e+01
     vertex  1.525000e+02  9.021415e+01  1.029722e+01
     vertex  1.525000e+02  1.367000e+02  0.000000e+00
   endloop
 endfacet
 facet normal  1.000000e+00  0.000000e+00  0.000000e+00
   outer loop
     vertex  1.525000e+02  9.019602e+01  1.036337e+01
     vertex  1.525000e+02  9.020554e+01  1.033042e+01
     vertex  1.525000e+02  1.367000e+02  0.000000e+00
   endloop
 endfacet
 facet normal  1.000000e+00 -0.000000e+00  0.000000e+00
   outer loop
     vertex  1.525000e+02  9.018560e+01  1.039604e+01
     vertex  1.525000e+02  1.367000e+02  0.000000e+00
     vertex  1.525000e+02  1.367000e+02  3.810134e+01
   endloop
 endfacet
 facet normal  1.000000e+00  0.000000e+00  0.000000e+00
   outer loop
     vertex  1.525000e+02  9.018560e+01  1.039604e+01
     vertex  1.525000e+02  9.019602e+01  1.036337e+01
     vertex  1.525000e+02  1.367000e+02  0.000000e+00
   endloop
 endfacet
 facet normal  1.000000e+00 -0.000000e+00  0.000000e+00
   outer loop
     vertex  1.525000e+02  9.017429e+01  1.042842e+01
     vertex  1.525000e+02  9.018560e+01  1.039604e+01
     vertex  1.525000e+02  1.367000e+02  3.810134e+01
   endloop
 endfacet
 facet normal  1.000000e+00 -0.000000e+00  0.000000e+00
   outer loop
     vertex  1.525000e+02  9.016209e+01  1.046047e+01
     vertex  1.525000e+02  9.017429e+01  1.042842e+01
     vertex  1.525000e+02  1.367000e+02  3.810134e+01
   endloop
 endfacet
 facet normal  1.000000e+00 -0.000000e+00  0.000000e+00
   outer loop
     vertex  1.525000e+02  9.014902e+01  1.049218e+01
     vertex  1.525000e+02  9.016209e+01  1.046047e+01
     vertex  1.525000e+02  1.367000e+02  3.810134e+01
   endloop
 endfacet
 facet normal  1.000000e+00 -0.000000e+00  0.000000e+00
   outer loop
     vertex  1.525000e+02  9.013509e+01  1.052352e+01
     vertex  1.525000e+02  9.014902e+01  1.049218e+01
     vertex  1.525000e+02  1.367000e+02  3.810134e+01
   endloop
 endfacet
 facet normal  1.000000e+00 -0.000000e+00  0.000000e+00
   outer loop
     vertex  1.525000e+02  9.012030e+01  1.055446e+01
     vertex  1.525000e+02  9.013509e+01  1.052352e+01
     vertex  1.525000e+02  1.367000e+02  3.810134e+01
   endloop
 endfacet
 facet normal  1.000000e+00 -0.000000e+00  0.000000e+00
   outer loop
     vertex  1.525000e+02  9.010467e+01  1.058499e+01
     vertex  1.525000e+02  9.012030e+01  1.055446e+01
     vertex  1.525000e+02  1.367000e+02  3.810134e+01
   endloop
 endfacet
 facet normal  1.000000e+00 -0.000000e+00  0.000000e+00
   outer loop
     vertex  1.525000e+02  9.008820e+01  1.061507e+01
     vertex  1.525000e+02  9.010467e+01  1.058499e+01
     vertex  1.525000e+02  1.367000e+02  3.810134e+01
   endloop
 endfacet
 facet normal  1.000000e+00 -0.000000e+00  0.000000e+00
   outer loop
     vertex  1.525000e+02  9.007092e+01  1.064470e+01
     vertex  1.525000e+02  9.008820e+01  1.061507e+01
     vertex  1.525000e+02  1.367000e+02  3.810134e+01
   endloop
 endfacet
 facet normal  1.000000e+00 -0.000000e+00  0.000000e+00
   outer loop
     vertex  1.525000e+02  9.005283e+01  1.067383e+01
     vertex  1.525000e+02  9.007092e+01  1.064470e+01
     vertex  1.525000e+02  1.367000e+02  3.810134e+01
   endloop
 endfacet
 facet normal  1.000000e+00 -0.000000e+00  0.000000e+00
   outer loop
     vertex  1.525000e+02  9.003395e+01  1.070246e+01
     vertex  1.525000e+02  9.005283e+01  1.067383e+01
     vertex  1.525000e+02  1.367000e+02  3.810134e+01
   endloop
 endfacet
 facet normal  1.000000e+00 -0.000000e+00  0.000000e+00
   outer loop
     vertex  1.525000e+02  9.001429e+01  1.073056e+01
     vertex  1.525000e+02  9.003395e+01  1.070246e+01
     vertex  1.525000e+02  1.367000e+02  3.810134e+01
   endloop
 endfacet
 facet normal  1.000000e+00 -0.000000e+00  0.000000e+00
   outer loop
     vertex  1.525000e+02  8.999386e+01  1.075811e+01
     vertex  1.525000e+02  9.001429e+01  1.073056e+01
     vertex  1.525000e+02  1.367000e+02  3.810134e+01
   endloop
 endfacet
 facet normal  1.000000e+00 -0.000000e+00  0.000000e+00
   outer loop
     vertex  1.525000e+02  8.997269e+01  1.078509e+01
     vertex  1.525000e+02  8.999386e+01  1.075811e+01
     vertex  1.525000e+02  1.367000e+02  3.810134e+01
   endloop
 endfacet
 facet normal  1.000000e+00 -0.000000e+00  0.000000e+00
   outer loop
     vertex  1.525000e+02  8.995079e+01  1.081148e+01
     vertex  1.525000e+02  8.997269e+01  1.078509e+01
     vertex  1.525000e+02  1.367000e+02  3.810134e+01
   endloop
 endfacet
 facet normal  1.000000e+00 -0.000000e+00  0.000000e+00
   outer loop
     vertex  1.525000e+02  8.992817e+01  1.083726e+01
     vertex  1.525000e+02  8.995079e+01  1.081148e+01
     vertex  1.525000e+02  1.367000e+02  3.810134e+01
   endloop
 endfacet
 facet normal  1.000000e+00 -0.000000e+00  0.000000e+00
   outer loop
     vertex  1.525000e+02  8.990485e+01  1.086241e+01
     vertex  1.525000e+02  8.992817e+01  1.083726e+01
     vertex  1.525000e+02  1.367000e+02  3.810134e+01
   endloop
 endfacet
 facet normal  1.000000e+00 -0.000000e+00  0.000000e+00
   outer loop
     vertex  1.525000e+02  8.988085e+01  1.088691e+01
     vertex  1.525000e+02  8.990485e+01  1.086241e+01
     vertex  1.525000e+02  1.367000e+02  3.810134e+01
   endloop
 endfacet
 facet normal  1.000000e+00 -0.000000e+00  0.000000e+00
   outer loop
     vertex  1.525000e+02  8.985618e+01  1.091074e+01
     vertex  1.525000e+02  8.988085e+01  1.088691e+01
     vertex  1.525000e+02  1.367000e+02  3.810134e+01
   endloop
 endfacet
 facet normal  1.000000e+00 -0.000000e+00  0.000000e+00
   outer loop
     vertex  1.525000e+02  8.983088e+01  1.093389e+01
     vertex  1.525000e+02  8.985618e+01  1.091074e+01
     vertex  1.525000e+02  1.367000e+02  3.810134e+01
   endloop
 endfacet
 facet normal  1.000000e+00 -0.000000e+00  0.000000e+00
   outer loop
     vertex  1.525000e+02  8.980494e+01  1.095633e+01
     vertex  1.525000e+02  8.983088e+01  1.093389e+01
     vertex  1.525000e+02  1.367000e+02  3.810134e+01
   endloop
 endfacet
 facet normal  1.000000e+00 -0.000000e+00  0.000000e+00
   outer loop
     vertex  1.525000e+02  8.977840e+01  1.097805e+01
     vertex  1.525000e+02  8.980494e+01  1.095633e+01
     vertex  1.525000e+02  1.367000e+02  3.810134e+01
   endloop
 endfacet
 facet normal  1.000000e+00 -0.000000e+00  0.000000e+00
   outer loop
     vertex  1.525000e+02  8.975128e+01  1.099904e+01
     vertex  1.525000e+02  8.977840e+01  1.097805e+01
     vertex  1.525000e+02  1.367000e+02  3.810134e+01
   endloop
 endfacet
 facet normal  1.000000e+00 -0.000000e+00  0.000000e+00
   outer loop
     vertex  1.525000e+02  8.972359e+01  1.101927e+01
     vertex  1.525000e+02  8.975128e+01  1.099904e+01
     vertex  1.525000e+02  1.367000e+02  3.810134e+01
   endloop
 endfacet
 facet normal  1.000000e+00 -0.000000e+00  0.000000e+00
   outer loop
     vertex  1.525000e+02  8.969535e+01  1.103874e+01
     vertex  1.525000e+02  8.972359e+01  1.101927e+01
     vertex  1.525000e+02  1.367000e+02  3.810134e+01
   endloop
 endfacet
 facet normal  1.000000e+00 -0.000000e+00  0.000000e+00
   outer loop
     vertex  1.525000e+02  8.966660e+01  1.105743e+01
     vertex  1.525000e+02  8.969535e+01  1.103874e+01
     vertex  1.525000e+02  1.367000e+02  3.810134e+01
   endloop
 endfacet
 facet normal  1.000000e+00 -0.000000e+00  0.000000e+00
   outer loop
     vertex  1.525000e+02  8.963733e+01  1.107532e+01
     vertex  1.525000e+02  8.966660e+01  1.105743e+01
     vertex  1.525000e+02  1.367000e+02  3.810134e+01
   endloop
 endfacet
 facet normal  1.000000e+00 -0.000000e+00  0.000000e+00
   outer loop
     vertex  1.525000e+02  8.960759e+01  1.109240e+01
     vertex  1.525000e+02  8.963733e+01  1.107532e+01
     vertex  1.525000e+02  1.367000e+02  3.810134e+01
   endloop
 endfacet
 facet normal  1.000000e+00 -0.000000e+00  0.000000e+00
   outer loop
     vertex  1.525000e+02  8.957740e+01  1.110865e+01
     vertex  1.525000e+02  8.960759e+01  1.109240e+01
     vertex  1.525000e+02  1.367000e+02  3.810134e+01
   endloop
 endfacet
 facet normal  1.000000e+00 -0.000000e+00  0.000000e+00
   outer loop
     vertex  1.525000e+02  8.954676e+01  1.112408e+01
     vertex  1.525000e+02  8.957740e+01  1.110865e+01
     vertex  1.525000e+02  1.367000e+02  3.810134e+01
   endloop
 endfacet
 facet normal  1.000000e+00 -0.000000e+00  0.000000e+00
   outer loop
     vertex  1.525000e+02  8.951572e+01  1.113865e+01
     vertex  1.525000e+02  8.954676e+01  1.112408e+01
     vertex  1.525000e+02  1.367000e+02  3.810134e+01
   endloop
 endfacet
 facet normal  1.000000e+00 -0.000000e+00  0.000000e+00
   outer loop
     vertex  1.525000e+02  8.948429e+01  1.115237e+01
     vertex  1.525000e+02  8.951572e+01  1.113865e+01
     vertex  1.525000e+02  1.367000e+02  3.810134e+01
   endloop
 endfacet
 facet normal  1.000000e+00 -0.000000e+00  0.000000e+00
   outer loop
     vertex  1.525000e+02  8.945249e+01  1.116523e+01
     vertex  1.525000e+02  8.948429e+01  1.115237e+01
     vertex  1.525000e+02  1.367000e+02  3.810134e+01
   endloop
 endfacet
 facet normal  1.000000e+00 -0.000000e+00  0.000000e+00
   outer loop
     vertex  1.525000e+02  8.942036e+01  1.117720e+01
     vertex  1.525000e+02  8.945249e+01  1.116523e+01
     vertex  1.525000e+02  1.367000e+02  3.810134e+01
   endloop
 endfacet
 facet normal  1.000000e+00 -0.000000e+00  0.000000e+00
   outer loop
     vertex  1.525000e+02  8.938790e+01  1.118829e+01
     vertex  1.525000e+02  8.942036e+01  1.117720e+01
     vertex  1.525000e+02  1.367000e+02  3.810134e+01
   endloop
 endfacet
 facet normal  1.000000e+00 -0.000000e+00  0.000000e+00
   outer loop
     vertex  1.525000e+02  8.935516e+01  1.119848e+01
     vertex  1.525000e+02  8.938790e+01  1.118829e+01
     vertex  1.525000e+02  1.367000e+02  3.810134e+01
   endloop
 endfacet
 facet normal  1.000000e+00 -0.000000e+00  0.000000e+00
   outer loop
     vertex  1.525000e+02  8.932214e+01  1.120778e+01
     vertex  1.525000e+02  8.935516e+01  1.119848e+01
     vertex  1.525000e+02  1.367000e+02  3.810134e+01
   endloop
 endfacet
 facet normal  1.000000e+00 -0.000000e+00  0.000000e+00
   outer loop
     vertex  1.525000e+02  8.928889e+01  1.121616e+01
     vertex  1.525000e+02  8.932214e+01  1.120778e+01
     vertex  1.525000e+02  1.367000e+02  3.810134e+01
   endloop
 endfacet
 facet normal  1.000000e+00 -0.000000e+00  0.000000e+00
   outer loop
     vertex  1.525000e+02  8.925541e+01  1.122363e+01
     vertex  1.525000e+02  8.928889e+01  1.121616e+01
     vertex  1.525000e+02  1.367000e+02  3.810134e+01
   endloop
 endfacet
 facet normal  1.000000e+00 -0.000000e+00  0.000000e+00
   outer loop
     vertex  1.525000e+02  8.922175e+01  1.123017e+01
     vertex  1.525000e+02  8.925541e+01  1.122363e+01
     vertex  1.525000e+02  1.367000e+02  3.810134e+01
   endloop
 endfacet
 facet normal  1.000000e+00 -0.000000e+00  0.000000e+00
   outer loop
     vertex  1.525000e+02  8.918792e+01  1.123579e+01
     vertex  1.525000e+02  8.922175e+01  1.123017e+01
     vertex  1.525000e+02  1.367000e+02  3.810134e+01
   endloop
 endfacet
 facet normal  1.000000e+00 -0.000000e+00  0.000000e+00
   outer loop
     vertex  1.525000e+02  8.915394e+01  1.124048e+01
     vertex  1.525000e+02  8.918792e+01  1.123579e+01
     vertex  1.525000e+02  1.367000e+02  3.810134e+01
   endloop
 endfacet
 facet normal  1.000000e+00 -0.000000e+00  0.000000e+00
   outer loop
     vertex  1.525000e+02  8.911985e+01  1.124424e+01
     vertex  1.525000e+02  8.915394e+01  1.124048e+01
     vertex  1.525000e+02  1.367000e+02  3.810134e+01
   endloop
 endfacet
 facet normal  1.000000e+00 -0.000000e+00  0.000000e+00
   outer loop
     vertex  1.525000e+02  8.908567e+01  1.124706e+01
     vertex  1.525000e+02  8.911985e+01  1.124424e+01
     vertex  1.525000e+02  1.367000e+02  3.810134e+01
   endloop
 endfacet
 facet normal  1.000000e+00 -0.000000e+00  0.000000e+00
   outer loop
     vertex  1.525000e+02  8.905143e+01  1.124894e+01
     vertex  1.525000e+02  8.908567e+01  1.124706e+01
     vertex  1.525000e+02  1.367000e+02  3.810134e+01
   endloop
 endfacet
 facet normal  1.000000e+00 -0.000000e+00  0.000000e+00
   outer loop
     vertex  1.525000e+02  8.901715e+01  1.124988e+01
     vertex  1.525000e+02  8.905143e+01  1.124894e+01
     vertex  1.525000e+02  1.367000e+02  3.810134e+01
   endloop
 endfacet
 facet normal  1.000000e+00  0.000000e+00  0.000000e+00
   outer loop
     vertex  1.525000e+02  8.898285e+01  1.124988e+01
     vertex  1.525000e+02  8.901715e+01  1.124988e+01
     vertex  1.525000e+02  1.367000e+02  3.810134e+01
   endloop
 endfacet
 facet normal  1.000000e+00  0.000000e+00  0.000000e+00
   outer loop
     vertex  1.525000e+02  8.894857e+01  1.124894e+01
     vertex  1.525000e+02  8.898285e+01  1.124988e+01
     vertex  1.525000e+02  1.367000e+02  3.810134e+01
   endloop
 endfacet
 facet normal  1.000000e+00  0.000000e+00  0.000000e+00
   outer loop
     vertex  1.525000e+02  8.891433e+01  1.124706e+01
     vertex  1.525000e+02  8.894857e+01  1.124894e+01
     vertex  1.525000e+02  1.367000e+02  3.810134e+01
   endloop
 endfacet
 facet normal  1.000000e+00  0.000000e+00  0.000000e+00
   outer loop
     vertex  1.525000e+02  8.888015e+01  1.124424e+01
     vertex  1.525000e+02  8.891433e+01  1.124706e+01
     vertex  1.525000e+02  1.367000e+02  3.810134e+01
   endloop
 endfacet
 facet normal  1.000000e+00  0.000000e+00  0.000000e+00
   outer loop
     vertex  1.525000e+02  8.884606e+01  1.124048e+01
     vertex  1.525000e+02  8.888015e+01  1.124424e+01
     vertex  1.525000e+02  1.367000e+02  3.810134e+01
   endloop
 endfacet
 facet normal  1.000000e+00  0.000000e+00  0.000000e+00
   outer loop
     vertex  1.525000e+02  8.881208e+01  1.123579e+01
     vertex  1.525000e+02  8.884606e+01  1.124048e+01
     vertex  1.525000e+02  1.367000e+02  3.810134e+01
   endloop
 endfacet
 facet normal  1.000000e+00  0.000000e+00  0.000000e+00
   outer loop
     vertex  1.525000e+02  8.877825e+01  1.123017e+01
     vertex  1.525000e+02  8.881208e+01  1.123579e+01
     vertex  1.525000e+02  1.367000e+02  3.810134e+01
   endloop
 endfacet
 facet normal  1.000000e+00  0.000000e+00  0.000000e+00
   outer loop
     vertex  1.525000e+02  8.874459e+01  1.122363e+01
     vertex  1.525000e+02  8.877825e+01  1.123017e+01
     vertex  1.525000e+02  1.367000e+02  3.810134e+01
   endloop
 endfacet
 facet normal  1.000000e+00  0.000000e+00  0.000000e+00
   outer loop
     vertex  1.525000e+02  8.871111e+01  1.121616e+01
     vertex  1.525000e+02  8.874459e+01  1.122363e+01
     vertex  1.525000e+02  1.367000e+02  3.810134e+01
   endloop
 endfacet
 facet normal  1.000000e+00  0.000000e+00  0.000000e+00
   outer loop
     vertex  1.525000e+02  8.867786e+01  1.120778e+01
     vertex  1.525000e+02  8.871111e+01  1.121616e+01
     vertex  1.525000e+02  1.367000e+02  3.810134e+01
   endloop
 endfacet
 facet normal  1.000000e+00  0.000000e+00  0.000000e+00
   outer loop
     vertex  1.525000e+02  8.864484e+01  1.119848e+01
     vertex  1.525000e+02  8.867786e+01  1.120778e+01
     vertex  1.525000e+02  1.367000e+02  3.810134e+01
   endloop
 endfacet
 facet normal  1.000000e+00  0.000000e+00  0.000000e+00
   outer loop
     vertex  1.525000e+02  8.861210e+01  1.118829e+01
     vertex  1.525000e+02  8.864484e+01  1.119848e+01
     vertex  1.525000e+02  1.367000e+02  3.810134e+01
   endloop
 endfacet
 facet normal  1.000000e+00  0.000000e+00  0.000000e+00
   outer loop
     vertex  1.525000e+02  0.000000e+00  0.000000e+00
     vertex  1.525000e+02  8.869446e+01  8.787918e+00
     vertex  1.525000e+02  8.866132e+01  8.796757e+00
   endloop
 endfacet
 facet normal  1.000000e+00  0.000000e+00  0.000000e+00
   outer loop
     vertex  1.525000e+02  0.000000e+00  0.000000e+00
     vertex  1.525000e+02  8.866132e+01  8.796757e+00
     vertex  1.525000e+02  8.862844e+01  8.806501e+00
   endloop
 endfacet
 facet normal  1.000000e+00  0.000000e+00  0.000000e+00
   outer loop
     vertex  1.525000e+02  0.000000e+00  0.000000e+00
     vertex  1.525000e+02  8.862844e+01  8.806501e+00
     vertex  1.525000e+02  8.859583e+01  8.817144e+00
   endloop
 endfacet
 facet normal  1.000000e+00  0.000000e+00  0.000000e+00
   outer loop
     vertex  1.525000e+02  0.000000e+00  0.000000e+00
     vertex  1.525000e+02  8.859583e+01  8.817144e+00
     vertex  1.525000e+02  8.856353e+01  8.828677e+00
   endloop
 endfacet
 facet normal  1.000000e+00  0.000000e+00  0.000000e+00
   outer loop
     vertex  1.525000e+02  0.000000e+00  0.000000e+00
     vertex  1.525000e+02  8.856353e+01  8.828677e+00
     vertex  1.525000e+02  8.853157e+01  8.841092e+00
   endloop
 endfacet
 facet normal  1.000000e+00  0.000000e+00  0.000000e+00
   outer loop
     vertex  1.525000e+02  0.000000e+00  0.000000e+00
     vertex  1.525000e+02  8.853157e+01  8.841092e+00
     vertex  1.525000e+02  8.849995e+01  8.854379e+00
   endloop
 endfacet
 facet normal  1.000000e+00  0.000000e+00  0.000000e+00
   outer loop
     vertex  1.525000e+02  0.000000e+00  0.000000e+00
     vertex  1.525000e+02  8.849995e+01  8.854379e+00
     vertex  1.525000e+02  8.846871e+01  8.868528e+00
   endloop
 endfacet
 facet normal  1.000000e+00  0.000000e+00  0.000000e+00
   outer loop
     vertex  1.525000e+02  0.000000e+00  0.000000e+00
     vertex  1.525000e+02  8.846871e+01  8.868528e+00
     vertex  1.525000e+02  8.843787e+01  8.883530e+00
   endloop
 endfacet
 facet normal  1.000000e+00  0.000000e+00  0.000000e+00
   outer loop
     vertex  1.525000e+02  0.000000e+00  0.000000e+00
     vertex  1.525000e+02  8.843787e+01  8.883530e+00
     vertex  1.525000e+02  8.840745e+01  8.899372e+00
   endloop
 endfacet
 facet normal  1.000000e+00  0.000000e+00  0.000000e+00
   outer loop
     vertex  1.525000e+02  0.000000e+00  0.000000e+00
     vertex  1.525000e+02  8.840745e+01  8.899372e+00
     vertex  1.525000e+02  8.837748e+01  8.916042e+00
   endloop
 endfacet
 facet normal  1.000000e+00  0.000000e+00  0.000000e+00
   outer loop
     vertex  1.525000e+02  0.000000e+00  0.000000e+00
     vertex  1.525000e+02  8.837748e+01  8.916042e+00
     vertex  1.525000e+02  8.834797e+01  8.933528e+00
   endloop
 endfacet
 facet normal  1.000000e+00  0.000000e+00  0.000000e+00
   outer loop
     vertex  1.525000e+02  0.000000e+00  0.000000e+00
     vertex  1.525000e+02  8.834797e+01  8.933528e+00
     vertex  1.525000e+02  8.831896e+01  8.951817e+00
   endloop
 endfacet
 facet normal  1.000000e+00  0.000000e+00  0.000000e+00
   outer loop
     vertex  1.525000e+02  0.000000e+00  0.000000e+00
     vertex  1.525000e+02  8.831896e+01  8.951817e+00
     vertex  1.525000e+02  8.829046e+01  8.970896e+00
   endloop
 endfacet
 facet normal  1.000000e+00  0.000000e+00  0.000000e+00
   outer loop
     vertex  1.525000e+02  0.000000e+00  0.000000e+00
     vertex  1.525000e+02  8.829046e+01  8.970896e+00
     vertex  1.525000e+02  8.826250e+01  8.990748e+00
   endloop
 endfacet
 facet normal  1.000000e+00  0.000000e+00  0.000000e+00
   outer loop
     vertex  1.525000e+02  0.000000e+00  0.000000e+00
     vertex  1.525000e+02  8.826250e+01  8.990748e+00
     vertex  1.525000e+02  8.823509e+01  9.011361e+00
   endloop
 endfacet
 facet normal  1.000000e+00  0.000000e+00  0.000000e+00
   outer loop
     vertex  1.525000e+02  0.000000e+00  0.000000e+00
     vertex  1.525000e+02  8.823509e+01  9.011361e+00
     vertex  1.525000e+02  8.820825e+01  9.032718e+00
   endloop
 endfacet
 facet normal  1.000000e+00  0.000000e+00  0.000000e+00
   outer loop
     vertex  1.525000e+02  0.000000e+00  0.000000e+00
     vertex  1.525000e+02  8.820825e+01  9.032718e+00
     vertex  1.525000e+02  8.818201e+01  9.054803e+00
   endloop
 endfacet
 facet normal  1.000000e+00  0.000000e+00  0.000000e+00
   outer loop
     vertex  1.525000e+02  0.000000e+00  0.000000e+00
     vertex  1.525000e+02  8.818201e+01  9.054803e+00
     vertex  1.525000e+02  8.815639e+01  9.077599e+00
   endloop
 endfacet
 facet normal  1.000000e+00  0.000000e+00  0.000000e+00
   outer loop
     vertex  1.525000e+02  0.000000e+00  0.000000e+00
     vertex  1.525000e+02  8.815639e+01  9.077599e+00
     vertex  1.525000e+02  8.813140e+01  9.101090e+00
   endloop
 endfacet
 facet normal  1.000000e+00  0.000000e+00  0.000000e+00
   outer loop
     vertex  1.525000e+02  0.000000e+00  0.000000e+00
     vertex  1.525000e+02  8.813140e+01  9.101090e+00
     vertex  1.525000e+02  8.810707e+01  9.125257e+00
   endloop
 endfacet
 facet normal  1.000000e+00  0.000000e+00  0.000000e+00
   outer loop
     vertex  1.525000e+02  0.000000e+00  0.000000e+00
     vertex  1.525000e+02  8.810707e+01  9.125257e+00
     vertex  1.525000e+02  8.808341e+01  9.150083e+00
   endloop
 endfacet
 facet normal  1.000000e+00  0.000000e+00  0.000000e+00
   outer loop
     vertex  1.525000e+02  0.000000e+00  0.000000e+00
     vertex  1.525000e+02  8.808341e+01  9.150083e+00
     vertex  1.525000e+02  8.806044e+01  9.175549e+00
   endloop
 endfacet
 facet normal  1.000000e+00  0.000000e+00  0.000000e+00
   outer loop
     vertex  1.525000e+02  0.000000e+00  0.000000e+00
     vertex  1.525000e+02  8.806044e+01  9.175549e+00
     vertex  1.525000e+02  8.803817e+01  9.201636e+00
   endloop
 endfacet
 facet normal  1.000000e+00  0.000000e+00  0.000000e+00
   outer loop
     vertex  1.525000e+02  0.000000e+00  0.000000e+00
     vertex  1.525000e+02  8.803817e+01  9.201636e+00
     vertex  1.525000e+02  8.801663e+01  9.228323e+00
   endloop
 endfacet
 facet normal  1.000000e+00  0.000000e+00  0.000000e+00
   outer loop
     vertex  1.525000e+02  0.000000e+00  0.000000e+00
     vertex  1.525000e+02  8.801663e+01  9.228323e+00
     vertex  1.525000e+02  8.799583e+01  9.255591e+00
   endloop
 endfacet
 facet normal  1.000000e+00  0.000000e+00  0.000000e+00
   outer loop
     vertex  1.525000e+02  0.000000e+00  0.000000e+00
     vertex  1.525000e+02  8.799583e+01  9.255591e+00
     vertex  1.525000e+02  8.797579e+01  9.283420e+00
   endloop
 endfacet
 facet normal  1.000000e+00  0.000000e+00  0.000000e+00
   outer loop
     vertex  1.525000e+02  0.000000e+00  0.000000e+00
     vertex  1.525000e+02  8.797579e+01  9.283420e+00
     vertex  1.525000e+02  8.795651e+01  9.311788e+00
   endloop
 endfacet
 facet normal  1.000000e+00  0.000000e+00  0.000000e+00
   outer loop
     vertex  1.525000e+02  0.000000e+00  0.000000e+00
     vertex  1.525000e+02  8.795651e+01  9.311788e+00
     vertex  1.525000e+02  8.793803e+01  9.340674e+00
   endloop
 endfacet
 facet normal  1.000000e+00  0.000000e+00  0.000000e+00
   outer loop
     vertex  1.525000e+02  0.000000e+00  0.000000e+00
     vertex  1.525000e+02  8.793803e+01  9.340674e+00
     vertex  1.525000e+02  8.792034e+01  9.370056e+00
   endloop
 endfacet
 facet normal  1.000000e+00  0.000000e+00  0.000000e+00
   outer loop
     vertex  1.525000e+02  0.000000e+00  0.000000e+00
     vertex  1.525000e+02  8.792034e+01  9.370056e+00
     vertex  1.525000e+02  8.790346e+01  9.399913e+00
   endloop
 endfacet
 facet normal  1.000000e+00  0.000000e+00  0.000000e+00
   outer loop
     vertex  1.525000e+02  0.000000e+00  0.000000e+00
     vertex  1.525000e+02  8.790346e+01  9.399913e+00
     vertex  1.525000e+02  8.788741e+01  9.430221e+00
   endloop
 endfacet
 facet normal  1.000000e+00  0.000000e+00  0.000000e+00
   outer loop
     vertex  1.525000e+02  0.000000e+00  0.000000e+00
     vertex  1.525000e+02  8.788741e+01  9.430221e+00
     vertex  1.525000e+02  8.787220e+01  9.460958e+00
   endloop
 endfacet
 facet normal  1.000000e+00  0.000000e+00  0.000000e+00
   outer loop
     vertex  1.525000e+02  0.000000e+00  0.000000e+00
     vertex  1.525000e+02  8.787220e+01  9.460958e+00
     vertex  1.525000e+02  8.785784e+01  9.492101e+00
   endloop
 endfacet
 facet normal  1.000000e+00  0.000000e+00  0.000000e+00
   outer loop
     vertex  1.525000e+02  0.000000e+00  0.000000e+00
     vertex  1.525000e+02  8.785784e+01  9.492101e+00
     vertex  1.525000e+02  8.784433e+01  9.523627e+00
   endloop
 endfacet
 facet normal  1.000000e+00  0.000000e+00  0.000000e+00
   outer loop
     vertex  1.525000e+02  0.000000e+00  0.000000e+00
     vertex  1.525000e+02  8.784433e+01  9.523627e+00
     vertex  1.525000e+02  8.783170e+01  9.555511e+00
   endloop
 endfacet
 facet normal  1.000000e+00  0.000000e+00  0.000000e+00
   outer loop
     vertex  1.525000e+02  0.000000e+00  0.000000e+00
     vertex  1.525000e+02  8.783170e+01  9.555511e+00
     vertex  1.525000e+02  8.781994e+01  9.587729e+00
   endloop
 endfacet
 facet normal  1.000000e+00  0.000000e+00  0.000000e+00
   outer loop
     vertex  1.525000e+02  0.000000e+00  0.000000e+00
     vertex  1.525000e+02  8.781994e+01  9.587729e+00
     vertex  1.525000e+02  8.780908e+01  9.620258e+00
   endloop
 endfacet
 facet normal  1.000000e+00  0.000000e+00  0.000000e+00
   outer loop
     vertex  1.525000e+02  0.000000e+00  0.000000e+00
     vertex  1.525000e+02  8.780908e+01  9.620258e+00
     vertex  1.525000e+02  8.779911e+01  9.653073e+00
   endloop
 endfacet
 facet normal  1.000000e+00  0.000000e+00  0.000000e+00
   outer loop
     vertex  1.525000e+02  0.000000e+00  0.000000e+00
     vertex  1.525000e+02  8.779911e+01  9.653073e+00
     vertex  1.525000e+02  8.779004e+01  9.686149e+00
   endloop
 endfacet
 facet normal  1.000000e+00  0.000000e+00  0.000000e+00
   outer loop
     vertex  1.525000e+02  0.000000e+00  0.000000e+00
     vertex  1.525000e+02  8.779004e+01  9.686149e+00
     vertex  1.525000e+02  8.778189e+01  9.719461e+00
   endloop
 endfacet
 facet normal  1.000000e+00  0.000000e+00  0.000000e+00
   outer loop
     vertex  1.525000e+02  0.000000e+00  0.000000e+00
     vertex  1.525000e+02  8.778189e+01  9.719461e+00
     vertex  1.525000e+02  8.777465e+01  9.752984e+00
   endloop
 endfacet
 facet normal  1.000000e+00  0.000000e+00  0.000000e+00
   outer loop
     vertex  1.525000e+02  0.000000e+00  3.000000e+00
     vertex  1.525000e+02  8.839241e+01  1.109240e+01
     vertex  1.525000e+02  8.842260e+01  1.110865e+01
   endloop
 endfacet
 facet normal  1.000000e+00  0.000000e+00  0.000000e+00
   outer loop
     vertex  1.525000e+02  0.000000e+00  3.000000e+00
     vertex  1.525000e+02  8.842260e+01  1.110865e+01
     vertex  1.525000e+02  8.845324e+01  1.112408e+01
   endloop
 endfacet
 facet normal  1.000000e+00  0.000000e+00  0.000000e+00
   outer loop
     vertex  1.525000e+02  0.000000e+00  3.000000e+00
     vertex  1.525000e+02  8.845324e+01  1.112408e+01
     vertex  1.525000e+02  8.848428e+01  1.113865e+01
   endloop
 endfacet
 facet normal  1.000000e+00  0.000000e+00  0.000000e+00
   outer loop
     vertex  1.525000e+02  0.000000e+00  3.000000e+00
     vertex  1.525000e+02  8.848428e+01  1.113865e+01
     vertex  1.525000e+02  8.851571e+01  1.115237e+01
   endloop
 endfacet
 facet normal  1.000000e+00  0.000000e+00  0.000000e+00
   outer loop
     vertex  1.525000e+02  0.000000e+00  3.000000e+00
     vertex  1.525000e+02  8.851571e+01  1.115237e+01
     vertex  1.525000e+02  8.854751e+01  1.116523e+01
   endloop
 endfacet
 facet normal  1.000000e+00 -0.000000e+00  0.000000e+00
   outer loop
     vertex  1.525000e+02  0.000000e+00  3.000000e+00
     vertex  1.525000e+02  0.000000e+00  0.000000e+00
     vertex  1.525000e+02  8.777465e+01  9.752984e+00
   endloop
 endfacet
 facet normal  1.000000e+00  0.000000e+00  0.000000e+00
   outer loop
     vertex  1.525000e+02  0.000000e+00  3.000000e+00
     vertex  1.525000e+02  8.777465e+01  9.752984e+00
     vertex  1.525000e+02  8.776833e+01  9.786694e+00
   endloop
 endfacet
 facet normal  1.000000e+00  0.000000e+00  0.000000e+00
   outer loop
     vertex  1.525000e+02  0.000000e+00  3.000000e+00
     vertex  1.525000e+02  8.776833e+01  9.786694e+00
     vertex  1.525000e+02  8.776295e+01  9.820564e+00
   endloop
 endfacet
 facet normal  1.000000e+00  0.000000e+00  0.000000e+00
   outer loop
     vertex  1.525000e+02  0.000000e+00  3.000000e+00
     vertex  1.525000e+02  8.776295e+01  9.820564e+00
     vertex  1.525000e+02  8.775849e+01  9.854568e+00
   endloop
 endfacet
 facet normal  1.000000e+00  0.000000e+00  0.000000e+00
   outer loop
     vertex  1.525000e+02  0.000000e+00  3.000000e+00
     vertex  1.525000e+02  8.775849e+01  9.854568e+00
     vertex  1.525000e+02  8.775497e+01  9.888683e+00
   endloop
 endfacet
 facet normal  1.000000e+00  0.000000e+00  0.000000e+00
   outer loop
     vertex  1.525000e+02  0.000000e+00  3.000000e+00
     vertex  1.525000e+02  8.775497e+01  9.888683e+00
     vertex  1.525000e+02  8.775238e+01  9.922881e+00
   endloop
 endfacet
 facet normal  1.000000e+00  0.000000e+00  0.000000e+00
   outer loop
     vertex  1.525000e+02  0.000000e+00  3.000000e+00
     vertex  1.525000e+02  8.775238e+01  9.922881e+00
     vertex  1.525000e+02  8.775074e+01  9.957137e+00
   endloop
 endfacet
 facet normal  1.000000e+00  0.000000e+00  0.000000e+00
   outer loop
     vertex  1.525000e+02  0.000000e+00  3.000000e+00
     vertex  1.525000e+02  8.775074e+01  9.957137e+00
     vertex  1.525000e+02  8.775003e+01  9.991426e+00
   endloop
 endfacet
 facet normal  1.000000e+00  0.000000e+00  0.000000e+00
   outer loop
     vertex  1.525000e+02  0.000000e+00  3.000000e+00
     vertex  1.525000e+02  8.775003e+01  9.991426e+00
     vertex  1.525000e+02  8.775026e+01  1.002572e+01
   endloop
 endfacet
 facet normal  1.000000e+00  0.000000e+00  0.000000e+00
   outer loop
     vertex  1.525000e+02  0.000000e+00  3.000000e+00
     vertex  1.525000e+02  8.775026e+01  1.002572e+01
     vertex  1.525000e+02  8.775144e+01  1.006000e+01
   endloop
 endfacet
 facet normal  1.000000e+00  0.000000e+00  0.000000e+00
   outer loop
     vertex  1.525000e+02  0.000000e+00  3.000000e+00
     vertex  1.525000e+02  8.775144e+01  1.006000e+01
     vertex  1.525000e+02  8.775356e+01  1.009423e+01
   endloop
 endfacet
 facet normal  1.000000e+00  0.000000e+00  0.000000e+00
   outer loop
     vertex  1.525000e+02  0.000000e+00  3.000000e+00
     vertex  1.525000e+02  8.775356e+01  1.009423e+01
     vertex  1.525000e+02  8.775661e+01  1.012839e+01
   endloop
 endfacet
 facet normal  1.000000e+00  0.000000e+00  0.000000e+00
   outer loop
     vertex  1.525000e+02  0.000000e+00  3.000000e+00
     vertex  1.525000e+02  8.775661e+01  1.012839e+01
     vertex  1.525000e+02  8.776060e+01  1.016245e+01
   endloop
 endfacet
 facet normal  1.000000e+00  0.000000e+00  0.000000e+00
   outer loop
     vertex  1.525000e+02  0.000000e+00  3.000000e+00
     vertex  1.525000e+02  8.776060e+01  1.016245e+01
     vertex  1.525000e+02  8.776552e+01  1.019639e+01
   endloop
 endfacet
 facet normal  1.000000e+00  0.000000e+00  0.000000e+00
   outer loop
     vertex  1.525000e+02  0.000000e+00  3.000000e+00
     vertex  1.525000e+02  8.776552e+01  1.019639e+01
     vertex  1.525000e+02  8.777138e+01  1.023018e+01
   endloop
 endfacet
 facet normal  1.000000e+00  0.000000e+00  0.000000e+00
   outer loop
     vertex  1.525000e+02  0.000000e+00  3.000000e+00
     vertex  1.525000e+02  8.777138e+01  1.023018e+01
     vertex  1.525000e+02  8.777815e+01  1.026380e+01
   endloop
 endfacet
 facet normal  1.000000e+00  0.000000e+00  0.000000e+00
   outer loop
     vertex  1.525000e+02  0.000000e+00  3.000000e+00
     vertex  1.525000e+02  8.777815e+01  1.026380e+01
     vertex  1.525000e+02  8.778585e+01  1.029722e+01
   endloop
 endfacet
 facet normal  1.000000e+00  0.000000e+00  0.000000e+00
   outer loop
     vertex  1.525000e+02  0.000000e+00  3.000000e+00
     vertex  1.525000e+02  8.778585e+01  1.029722e+01
     vertex  1.525000e+02  8.779446e+01  1.033042e+01
   endloop
 endfacet
 facet normal  1.000000e+00  0.000000e+00  0.000000e+00
   outer loop
     vertex  1.525000e+02  0.000000e+00  3.000000e+00
     vertex  1.525000e+02  8.779446e+01  1.033042e+01
     vertex  1.525000e+02  8.780398e+01  1.036337e+01
   endloop
 endfacet
 facet normal  1.000000e+00  0.000000e+00  0.000000e+00
   outer loop
     vertex  1.525000e+02  0.000000e+00  3.000000e+00
     vertex  1.525000e+02  8.780398e+01  1.036337e+01
     vertex  1.525000e+02  8.781440e+01  1.039604e+01
   endloop
 endfacet
 facet normal  1.000000e+00  0.000000e+00  0.000000e+00
   outer loop
     vertex  1.525000e+02  0.000000e+00  3.000000e+00
     vertex  1.525000e+02  8.781440e+01  1.039604e+01
     vertex  1.525000e+02  8.782571e+01  1.042842e+01
   endloop
 endfacet
 facet normal  1.000000e+00  0.000000e+00  0.000000e+00
   outer loop
     vertex  1.525000e+02  0.000000e+00  3.000000e+00
     vertex  1.525000e+02  8.782571e+01  1.042842e+01
     vertex  1.525000e+02  8.783791e+01  1.046047e+01
   endloop
 endfacet
 facet normal  1.000000e+00  0.000000e+00  0.000000e+00
   outer loop
     vertex  1.525000e+02  0.000000e+00  3.000000e+00
     vertex  1.525000e+02  8.783791e+01  1.046047e+01
     vertex  1.525000e+02  8.785098e+01  1.049218e+01
   endloop
 endfacet
 facet normal  1.000000e+00  0.000000e+00  0.000000e+00
   outer loop
     vertex  1.525000e+02  0.000000e+00  3.000000e+00
     vertex  1.525000e+02  8.785098e+01  1.049218e+01
     vertex  1.525000e+02  8.786491e+01  1.052352e+01
   endloop
 endfacet
 facet normal  1.000000e+00  0.000000e+00  0.000000e+00
   outer loop
     vertex  1.525000e+02  0.000000e+00  3.000000e+00
     vertex  1.525000e+02  8.786491e+01  1.052352e+01
     vertex  1.525000e+02  8.787970e+01  1.055446e+01
   endloop
 endfacet
 facet normal  1.000000e+00  0.000000e+00  0.000000e+00
   outer loop
     vertex  1.525000e+02  0.000000e+00  3.000000e+00
     vertex  1.525000e+02  8.787970e+01  1.055446e+01
     vertex  1.525000e+02  8.789533e+01  1.058499e+01
   endloop
 endfacet
 facet normal  1.000000e+00  0.000000e+00  0.000000e+00
   outer loop
     vertex  1.525000e+02  0.000000e+00  3.000000e+00
     vertex  1.525000e+02  8.789533e+01  1.058499e+01
     vertex  1.525000e+02  8.791180e+01  1.061507e+01
   endloop
 endfacet
 facet normal  1.000000e+00  0.000000e+00  0.000000e+00
   outer loop
     vertex  1.525000e+02  0.000000e+00  3.000000e+00
     vertex  1.525000e+02  8.791180e+01  1.061507e+01
     vertex  1.525000e+02  8.792908e+01  1.064470e+01
   endloop
 endfacet
 facet normal  1.000000e+00  0.000000e+00  0.000000e+00
   outer loop
     vertex  1.525000e+02  0.000000e+00  3.000000e+00
     vertex  1.525000e+02  8.792908e+01  1.064470e+01
     vertex  1.525000e+02  8.794717e+01  1.067383e+01
   endloop
 endfacet
 facet normal  1.000000e+00  0.000000e+00  0.000000e+00
   outer loop
     vertex  1.525000e+02  0.000000e+00  3.000000e+00
     vertex  1.525000e+02  8.794717e+01  1.067383e+01
     vertex  1.525000e+02  8.796605e+01  1.070246e+01
   endloop
 endfacet
 facet normal  1.000000e+00  0.000000e+00  0.000000e+00
   outer loop
     vertex  1.525000e+02  0.000000e+00  3.000000e+00
     vertex  1.525000e+02  8.796605e+01  1.070246e+01
     vertex  1.525000e+02  8.798571e+01  1.073056e+01
   endloop
 endfacet
 facet normal  1.000000e+00  0.000000e+00  0.000000e+00
   outer loop
     vertex  1.525000e+02  0.000000e+00  3.000000e+00
     vertex  1.525000e+02  8.798571e+01  1.073056e+01
     vertex  1.525000e+02  8.800614e+01  1.075811e+01
   endloop
 endfacet
 facet normal  1.000000e+00  0.000000e+00  0.000000e+00
   outer loop
     vertex  1.525000e+02  0.000000e+00  3.000000e+00
     vertex  1.525000e+02  8.800614e+01  1.075811e+01
     vertex  1.525000e+02  8.802731e+01  1.078509e+01
   endloop
 endfacet
 facet normal  1.000000e+00  0.000000e+00  0.000000e+00
   outer loop
     vertex  1.525000e+02  0.000000e+00  3.000000e+00
     vertex  1.525000e+02  8.802731e+01  1.078509e+01
     vertex  1.525000e+02  8.804921e+01  1.081148e+01
   endloop
 endfacet
 facet normal  1.000000e+00  0.000000e+00  0.000000e+00
   outer loop
     vertex  1.525000e+02  0.000000e+00  3.000000e+00
     vertex  1.525000e+02  8.804921e+01  1.081148e+01
     vertex  1.525000e+02  8.807183e+01  1.083726e+01
   endloop
 endfacet
 facet normal  1.000000e+00  0.000000e+00  0.000000e+00
   outer loop
     vertex  1.525000e+02  0.000000e+00  3.000000e+00
     vertex  1.525000e+02  8.807183e+01  1.083726e+01
     vertex  1.525000e+02  8.809515e+01  1.086241e+01
   endloop
 endfacet
 facet normal  1.000000e+00  0.000000e+00  0.000000e+00
   outer loop
     vertex  1.525000e+02  0.000000e+00  3.000000e+00
     vertex  1.525000e+02  8.809515e+01  1.086241e+01
     vertex  1.525000e+02  8.811915e+01  1.088691e+01
   endloop
 endfacet
 facet normal  1.000000e+00  0.000000e+00  0.000000e+00
   outer loop
     vertex  1.525000e+02  0.000000e+00  3.000000e+00
     vertex  1.525000e+02  8.811915e+01  1.088691e+01
     vertex  1.525000e+02  8.814382e+01  1.091074e+01
   endloop
 endfacet
 facet normal  1.000000e+00  0.000000e+00  0.000000e+00
   outer loop
     vertex  1.525000e+02  0.000000e+00  3.000000e+00
     vertex  1.525000e+02  8.814382e+01  1.091074e+01
     vertex  1.525000e+02  8.816912e+01  1.093389e+01
   endloop
 endfacet
 facet normal  1.000000e+00  0.000000e+00  0.000000e+00
   outer loop
     vertex  1.525000e+02  0.000000e+00  3.000000e+00
     vertex  1.525000e+02  8.816912e+01  1.093389e+01
     vertex  1.525000e+02  8.819506e+01  1.095633e+01
   endloop
 endfacet
 facet normal  1.000000e+00  0.000000e+00  0.000000e+00
   outer loop
     vertex  1.525000e+02  0.000000e+00  3.000000e+00
     vertex  1.525000e+02  8.819506e+01  1.095633e+01
     vertex  1.525000e+02  8.822160e+01  1.097805e+01
   endloop
 endfacet
 facet normal  1.000000e+00  0.000000e+00  0.000000e+00
   outer loop
     vertex  1.525000e+02  0.000000e+00  3.000000e+00
     vertex  1.525000e+02  8.822160e+01  1.097805e+01
     vertex  1.525000e+02  8.824872e+01  1.099904e+01
   endloop
 endfacet
 facet normal  1.000000e+00  0.000000e+00  0.000000e+00
   outer loop
     vertex  1.525000e+02  0.000000e+00  3.000000e+00
     vertex  1.525000e+02  8.824872e+01  1.099904e+01
     vertex  1.525000e+02  8.827641e+01  1.101927e+01
   endloop
 endfacet
 facet normal  1.000000e+00  0.000000e+00  0.000000e+00
   outer loop
     vertex  1.525000e+02  0.000000e+00  3.000000e+00
     vertex  1.525000e+02  8.827641e+01  1.101927e+01
     vertex  1.525000e+02  8.830465e+01  1.103874e+01
   endloop
 endfacet
 facet normal  1.000000e+00  0.000000e+00  0.000000e+00
   outer loop
     vertex  1.525000e+02  0.000000e+00  3.000000e+00
     vertex  1.525000e+02  8.830465e+01  1.103874e+01
     vertex  1.525000e+02  8.833340e+01  1.105743e+01
   endloop
 endfacet
 facet normal  1.000000e+00  0.000000e+00  0.000000e+00
   outer loop
     vertex  1.525000e+02  0.000000e+00  3.000000e+00
     vertex  1.525000e+02  8.833340e+01  1.105743e+01
     vertex  1.525000e+02  8.836267e+01  1.107532e+01
   endloop
 endfacet
 facet normal  1.000000e+00  0.000000e+00  0.000000e+00
   outer loop
     vertex  1.525000e+02  0.000000e+00  3.000000e+00
     vertex  1.525000e+02  8.836267e+01  1.107532e+01
     vertex  1.525000e+02  8.839241e+01  1.109240e+01
   endloop
 endfacet
 facet normal  1.000000e+00  0.000000e+00  0.000000e+00
   outer loop
     vertex  1.525000e+02  0.000000e+00  0.000000e+00
     vertex  1.525000e+02  1.367000e+02  0.000000e+00
     vertex  1.525000e+02  8.900000e+01  8.750000e+00
   endloop
 endfacet
 facet normal  1.000000e+00 -0.000000e+00  0.000000e+00
   outer loop
     vertex  1.525000e+02  8.900000e+01  8.750000e+00
     vertex  1.525000e+02  1.367000e+02  0.000000e+00
     vertex  1.525000e+02  8.903429e+01  8.750470e+00
   endloop
 endfacet
 facet normal  1.000000e+00  0.000000e+00  0.000000e+00
   outer loop
     vertex  1.525000e+02  0.000000e+00  0.000000e+00
     vertex  1.525000e+02  8.900000e+01  8.750000e+00
     vertex  1.525000e+02  8.896571e+01  8.750470e+00
   endloop
 endfacet
 facet normal  1.000000e+00  0.000000e+00  0.000000e+00
   outer loop
     vertex  1.525000e+02  0.000000e+00  0.000000e+00
     vertex  1.525000e+02  8.896571e+01  8.750470e+00
     vertex  1.525000e+02  8.893144e+01  8.751882e+00
   endloop
 endfacet
 facet normal  1.000000e+00  0.000000e+00  0.000000e+00
   outer loop
     vertex  1.525000e+02  0.000000e+00  0.000000e+00
     vertex  1.525000e+02  8.893144e+01  8.751882e+00
     vertex  1.525000e+02  8.889723e+01  8.754232e+00
   endloop
 endfacet
 facet normal  1.000000e+00  0.000000e+00  0.000000e+00
   outer loop
     vertex  1.525000e+02  0.000000e+00  0.000000e+00
     vertex  1.525000e+02  8.889723e+01  8.754232e+00
     vertex  1.525000e+02  8.886309e+01  8.757521e+00
   endloop
 endfacet
 facet normal  1.000000e+00  0.000000e+00  0.000000e+00
   outer loop
     vertex  1.525000e+02  0.000000e+00  0.000000e+00
     vertex  1.525000e+02  8.886309e+01  8.757521e+00
     vertex  1.525000e+02  8.882905e+01  8.761744e+00
   endloop
 endfacet
 facet normal  1.000000e+00  0.000000e+00  0.000000e+00
   outer loop
     vertex  1.525000e+02  0.000000e+00  0.000000e+00
     vertex  1.525000e+02  8.882905e+01  8.761744e+00
     vertex  1.525000e+02  8.879515e+01  8.766900e+00
   endloop
 endfacet
 facet normal  1.000000e+00  0.000000e+00  0.000000e+00
   outer loop
     vertex  1.525000e+02  0.000000e+00  0.000000e+00
     vertex  1.525000e+02  8.879515e+01  8.766900e+00
     vertex  1.525000e+02  8.876140e+01  8.772984e+00
   endloop
 endfacet
 facet normal  1.000000e+00  0.000000e+00  0.000000e+00
   outer loop
     vertex  1.525000e+02  0.000000e+00  0.000000e+00
     vertex  1.525000e+02  8.876140e+01  8.772984e+00
     vertex  1.525000e+02  8.872782e+01  8.779992e+00
   endloop
 endfacet
 facet normal  1.000000e+00  0.000000e+00  0.000000e+00
   outer loop
     vertex  1.525000e+02  0.000000e+00  0.000000e+00
     vertex  1.525000e+02  8.872782e+01  8.779992e+00
     vertex  1.525000e+02  8.869446e+01  8.787918e+00
   endloop
 endfacet
 facet normal  1.000000e+00  0.000000e+00  0.000000e+00
   outer loop
     vertex  1.525000e+02  1.367000e+02  3.810134e+01
     vertex  1.525000e+02  0.000000e+00  3.000000e+00
     vertex  1.525000e+02  8.861210e+01  1.118829e+01
   endloop
 endfacet
 facet normal  1.000000e+00  0.000000e+00  0.000000e+00
   outer loop
     vertex  1.525000e+02  8.861210e+01  1.118829e+01
     vertex  1.525000e+02  0.000000e+00  3.000000e+00
     vertex  1.525000e+02  8.857964e+01  1.117720e+01
   endloop
 endfacet
 facet normal  1.000000e+00  0.000000e+00  0.000000e+00
   outer loop
     vertex  1.525000e+02  8.857964e+01  1.117720e+01
     vertex  1.525000e+02  0.000000e+00  3.000000e+00
     vertex  1.525000e+02  8.854751e+01  1.116523e+01
   endloop
 endfacet
 facet normal  0.000000e+00 -2.487082e-01  9.685785e-01
   outer loop
     vertex  4.650000e+01  1.367000e+02  3.810134e+01
     vertex  4.650000e+01  0.000000e+00  3.000000e+00
     vertex  1.525000e+02  0.000000e+00  3.000000e+00
   endloop
 endfacet
 facet normal  0.000000e+00 -2.487082e-01  9.685785e-01
   outer loop
     vertex  4.650000e+01  1.367000e+02  3.810134e+01
     vertex  1.525000e+02  0.000000e+00  3.000000e+00
     vertex  1.525000e+02  1.367000e+02  3.810134e+01
   endloop
 endfacet
 facet normal -1.000000e+00  0.000000e+00  0.000000e+00
   outer loop
     vertex  4.650000e+01  0.000000e+00  3.000000e+00
     vertex  4.650000e+01  1.367000e+02  0.000000e+00
     vertex  4.650000e+01  0.000000e+00  0.000000e+00
   endloop
 endfacet
 facet normal -1.000000e+00  0.000000e+00  0.000000e+00
   outer loop
     vertex  4.650000e+01  0.000000e+00  3.000000e+00
     vertex  4.650000e+01  1.367000e+02  3.810134e+01
     vertex  4.650000e+01  1.367000e+02  0.000000e+00
   endloop
 endfacet
 facet normal -0.000000e+00  0.000000e+00 -1.000000e+00
   outer loop
     vertex  1.525000e+02  1.367000e+02  0.000000e+00
     vertex  4.650000e+01  0.000000e+00  0.000000e+00
     vertex  4.650000e+01  1.367000e+02  0.000000e+00
   endloop
 endfacet
 facet normal  0.000000e+00 -0.000000e+00 -1.000000e+00
   outer loop
     vertex  1.525000e+02  1.367000e+02  0.000000e+00
     vertex  1.525000e+02  0.000000e+00  0.000000e+00
     vertex  4.650000e+01  0.000000e+00  0.000000e+00
   endloop
 endfacet
 facet normal  0.000000e+00  1.000000e+00  0.000000e+00
   outer loop
     vertex  8.843653e+01  1.367000e+02  1.838196e+01
     vertex  4.650000e+01  1.367000e+02  0.000000e+00
     vertex  8.839272e+01  1.367000e+02  1.842546e+01
   endloop
 endfacet
 facet normal  0.000000e+00  1.000000e+00  0.000000e+00
   outer loop
     vertex  8.835013e+01  1.367000e+02  1.847015e+01
     vertex  8.839272e+01  1.367000e+02  1.842546e+01
     vertex  4.650000e+01  1.367000e+02  0.000000e+00
   endloop
 endfacet
 facet normal  0.000000e+00  1.000000e+00  0.000000e+00
   outer loop
     vertex  8.848150e+01  1.367000e+02  1.833968e+01
     vertex  4.650000e+01  1.367000e+02  0.000000e+00
     vertex  8.843653e+01  1.367000e+02  1.838196e+01
   endloop
 endfacet
 facet normal  0.000000e+00  1.000000e+00  0.000000e+00
   outer loop
     vertex  8.830878e+01  1.367000e+02  1.851599e+01
     vertex  8.835013e+01  1.367000e+02  1.847015e+01
     vertex  4.650000e+01  1.367000e+02  0.000000e+00
   endloop
 endfacet
 facet normal  0.000000e+00  1.000000e+00  0.000000e+00
   outer loop
     vertex  8.852762e+01  1.367000e+02  1.829864e+01
     vertex  4.650000e+01  1.367000e+02  0.000000e+00
     vertex  8.848150e+01  1.367000e+02  1.833968e+01
   endloop
 endfacet
 facet normal  0.000000e+00  1.000000e+00  0.000000e+00
   outer loop
     vertex  8.826871e+01  1.367000e+02  1.856294e+01
     vertex  8.830878e+01  1.367000e+02  1.851599e+01
     vertex  4.650000e+01  1.367000e+02  0.000000e+00
   endloop
 endfacet
 facet normal  0.000000e+00  1.000000e+00  0.000000e+00
   outer loop
     vertex  8.857485e+01  1.367000e+02  1.825889e+01
     vertex  4.650000e+01  1.367000e+02  0.000000e+00
     vertex  8.852762e+01  1.367000e+02  1.829864e+01
   endloop
 endfacet
 facet normal  0.000000e+00  1.000000e+00  0.000000e+00
   outer loop
     vertex  8.822994e+01  1.367000e+02  1.861098e+01
     vertex  8.826871e+01  1.367000e+02  1.856294e+01
     vertex  4.650000e+01  1.367000e+02  0.000000e+00
   endloop
 endfacet
 facet normal  0.000000e+00  1.000000e+00  0.000000e+00
   outer loop
     vertex  8.862316e+01  1.367000e+02  1.822045e+01
     vertex  4.650000e+01  1.367000e+02  0.000000e+00
     vertex  8.857485e+01  1.367000e+02  1.825889e+01
   endloop
 endfacet
 facet normal  0.000000e+00  1.000000e+00  0.000000e+00
   outer loop
     vertex  8.819250e+01  1.367000e+02  1.866006e+01
     vertex  8.822994e+01  1.367000e+02  1.861098e+01
     vertex  4.650000e+01  1.367000e+02  0.000000e+00
   endloop
 endfacet
 facet normal  0.000000e+00  1.000000e+00  0.000000e+00
   outer loop
     vertex  8.867249e+01  1.367000e+02  1.818335e+01
     vertex  4.650000e+01  1.367000e+02  0.000000e+00
     vertex  8.862316e+01  1.367000e+02  1.822045e+01
   endloop
 endfacet
 facet normal  0.000000e+00  1.000000e+00  0.000000e+00
   outer loop
     vertex  8.815642e+01  1.367000e+02  1.871016e+01
     vertex  8.819250e+01  1.367000e+02  1.866006e+01
     vertex  4.650000e+01  1.367000e+02  0.000000e+00
   endloop
 endfacet
 facet normal  0.000000e+00  1.000000e+00  0.000000e+00
   outer loop
     vertex  8.872283e+01  1.367000e+02  1.814761e+01
     vertex  4.650000e+01  1.367000e+02  0.000000e+00
     vertex  8.867249e+01  1.367000e+02  1.818335e+01
   endloop
 endfacet
 facet normal  0.000000e+00  1.000000e+00  0.000000e+00
   outer loop
     vertex  8.812172e+01  1.367000e+02  1.876122e+01
     vertex  8.815642e+01  1.367000e+02  1.871016e+01
     vertex  4.650000e+01  1.367000e+02  0.000000e+00
   endloop
 endfacet
 facet normal  0.000000e+00  1.000000e+00  0.000000e+00
   outer loop
     vertex  8.877413e+01  1.367000e+02  1.811327e+01
     vertex  4.650000e+01  1.367000e+02  0.000000e+00
     vertex  8.872283e+01  1.367000e+02  1.814761e+01
   endloop
 endfacet
 facet normal  0.000000e+00  1.000000e+00  0.000000e+00
   outer loop
     vertex  8.808845e+01  1.367000e+02  1.881321e+01
     vertex  8.812172e+01  1.367000e+02  1.876122e+01
     vertex  4.650000e+01  1.367000e+02  0.000000e+00
   endloop
 endfacet
 facet normal  0.000000e+00  1.000000e+00  0.000000e+00
   outer loop
     vertex  8.882635e+01  1.367000e+02  1.808035e+01
     vertex  4.650000e+01  1.367000e+02  0.000000e+00
     vertex  8.877413e+01  1.367000e+02  1.811327e+01
   endloop
 endfacet
 facet normal  0.000000e+00  1.000000e+00  0.000000e+00
   outer loop
     vertex  8.805661e+01  1.367000e+02  1.886610e+01
     vertex  8.808845e+01  1.367000e+02  1.881321e+01
     vertex  4.650000e+01  1.367000e+02  0.000000e+00
   endloop
 endfacet
 facet normal  0.000000e+00  1.000000e+00  0.000000e+00
   outer loop
     vertex  8.887946e+01  1.367000e+02  1.804888e+01
     vertex  4.650000e+01  1.367000e+02  0.000000e+00
     vertex  8.882635e+01  1.367000e+02  1.808035e+01
   endloop
 endfacet
 facet normal  0.000000e+00  1.000000e+00  0.000000e+00
   outer loop
     vertex  8.802623e+01  1.367000e+02  1.891984e+01
     vertex  8.805661e+01  1.367000e+02  1.886610e+01
     vertex  4.650000e+01  1.367000e+02  0.000000e+00
   endloop
 endfacet
 facet normal  0.000000e+00  1.000000e+00  0.000000e+00
   outer loop
     vertex  8.893341e+01  1.367000e+02  1.801887e+01
     vertex  4.650000e+01  1.367000e+02  0.000000e+00
     vertex  8.887946e+01  1.367000e+02  1.804888e+01
   endloop
 endfacet
 facet normal  0.000000e+00  1.000000e+00  0.000000e+00
   outer loop
     vertex  8.799734e+01  1.367000e+02  1.897440e+01
     vertex  8.802623e+01  1.367000e+02  1.891984e+01
     vertex  4.650000e+01  1.367000e+02  0.000000e+00
   endloop
 endfacet
 facet normal  0.000000e+00  1.000000e+00  0.000000e+00
   outer loop
     vertex  8.898816e+01  1.367000e+02  1.799035e+01
     vertex  4.650000e+01  1.367000e+02  0.000000e+00
     vertex  8.893341e+01  1.367000e+02  1.801887e+01
   endloop
 endfacet
 facet normal  0.000000e+00  1.000000e+00  0.000000e+00
   outer loop
     vertex  8.796996e+01  1.367000e+02  1.902973e+01
     vertex  8.799734e+01  1.367000e+02  1.897440e+01
     vertex  4.650000e+01  1.367000e+02  0.000000e+00
   endloop
 endfacet
 facet normal  0.000000e+00  1.000000e+00  0.000000e+00
   outer loop
     vertex  8.904367e+01  1.367000e+02  1.796335e+01
     vertex  4.650000e+01  1.367000e+02  0.000000e+00
     vertex  8.898816e+01  1.367000e+02  1.799035e+01
   endloop
 endfacet
 facet normal  0.000000e+00  1.000000e+00  0.000000e+00
   outer loop
     vertex  8.794410e+01  1.367000e+02  1.908578e+01
     vertex  8.796996e+01  1.367000e+02  1.902973e+01
     vertex  4.650000e+01  1.367000e+02  0.000000e+00
   endloop
 endfacet
 facet normal  0.000000e+00  1.000000e+00  0.000000e+00
   outer loop
     vertex  8.909991e+01  1.367000e+02  1.793788e+01
     vertex  4.650000e+01  1.367000e+02  0.000000e+00
     vertex  8.904367e+01  1.367000e+02  1.796335e+01
   endloop
 endfacet
 facet normal  0.000000e+00  1.000000e+00  0.000000e+00
   outer loop
     vertex  8.791980e+01  1.367000e+02  1.914253e+01
     vertex  8.794410e+01  1.367000e+02  1.908578e+01
     vertex  4.650000e+01  1.367000e+02  0.000000e+00
   endloop
 endfacet
 facet normal  0.000000e+00  1.000000e+00  0.000000e+00
   outer loop
     vertex  8.915682e+01  1.367000e+02  1.791396e+01
     vertex  4.650000e+01  1.367000e+02  0.000000e+00
     vertex  8.909991e+01  1.367000e+02  1.793788e+01
   endloop
 endfacet
 facet normal  0.000000e+00  1.000000e+00  0.000000e+00
   outer loop
     vertex  8.789706e+01  1.367000e+02  1.919992e+01
     vertex  8.791980e+01  1.367000e+02  1.914253e+01
     vertex  4.650000e+01  1.367000e+02  0.000000e+00
   endloop
 endfacet
 facet normal  0.000000e+00  1.000000e+00  0.000000e+00
   outer loop
     vertex  8.921436e+01  1.367000e+02  1.789162e+01
     vertex  4.650000e+01  1.367000e+02  0.000000e+00
     vertex  8.915682e+01  1.367000e+02  1.791396e+01
   endloop
 endfacet
 facet normal  0.000000e+00  1.000000e+00  0.000000e+00
   outer loop
     vertex  8.787590e+01  1.367000e+02  1.925791e+01
     vertex  8.789706e+01  1.367000e+02  1.919992e+01
     vertex  4.650000e+01  1.367000e+02  0.000000e+00
   endloop
 endfacet
 facet normal  0.000000e+00  1.000000e+00  0.000000e+00
   outer loop
     vertex  8.927250e+01  1.367000e+02  1.787086e+01
     vertex  4.650000e+01  1.367000e+02  0.000000e+00
     vertex  8.921436e+01  1.367000e+02  1.789162e+01
   endloop
 endfacet
 facet normal  0.000000e+00  1.000000e+00  0.000000e+00
   outer loop
     vertex  8.785634e+01  1.367000e+02  1.931646e+01
     vertex  8.787590e+01  1.367000e+02  1.925791e+01
     vertex  4.650000e+01  1.367000e+02  0.000000e+00
   endloop
 endfacet
 facet normal  0.000000e+00  1.000000e+00  0.000000e+00
   outer loop
     vertex  8.933118e+01  1.367000e+02  1.785170e+01
     vertex  4.650000e+01  1.367000e+02  0.000000e+00
     vertex  8.927250e+01  1.367000e+02  1.787086e+01
   endloop
 endfacet
 facet normal  0.000000e+00  1.000000e+00  0.000000e+00
   outer loop
     vertex  8.783839e+01  1.367000e+02  1.937553e+01
     vertex  8.785634e+01  1.367000e+02  1.931646e+01
     vertex  4.650000e+01  1.367000e+02  0.000000e+00
   endloop
 endfacet
 facet normal  0.000000e+00  1.000000e+00  0.000000e+00
   outer loop
     vertex  8.939037e+01  1.367000e+02  1.783416e+01
     vertex  4.650000e+01  1.367000e+02  0.000000e+00
     vertex  8.933118e+01  1.367000e+02  1.785170e+01
   endloop
 endfacet
 facet normal  0.000000e+00  1.000000e+00  0.000000e+00
   outer loop
     vertex  8.782208e+01  1.367000e+02  1.943507e+01
     vertex  8.783839e+01  1.367000e+02  1.937553e+01
     vertex  4.650000e+01  1.367000e+02  0.000000e+00
   endloop
 endfacet
 facet normal  0.000000e+00  1.000000e+00  0.000000e+00
   outer loop
     vertex  8.945002e+01  1.367000e+02  1.781825e+01
     vertex  4.650000e+01  1.367000e+02  0.000000e+00
     vertex  8.939037e+01  1.367000e+02  1.783416e+01
   endloop
 endfacet
 facet normal  0.000000e+00  1.000000e+00  0.000000e+00
   outer loop
     vertex  8.780740e+01  1.367000e+02  1.949503e+01
     vertex  8.782208e+01  1.367000e+02  1.943507e+01
     vertex  4.650000e+01  1.367000e+02  0.000000e+00
   endloop
 endfacet
 facet normal  0.000000e+00  1.000000e+00  0.000000e+00
   outer loop
     vertex  8.951008e+01  1.367000e+02  1.780399e+01
     vertex  4.650000e+01  1.367000e+02  0.000000e+00
     vertex  8.945002e+01  1.367000e+02  1.781825e+01
   endloop
 endfacet
 facet normal  0.000000e+00  1.000000e+00  0.000000e+00
   outer loop
     vertex  8.779437e+01  1.367000e+02  1.955537e+01
     vertex  8.780740e+01  1.367000e+02  1.949503e+01
     vertex  4.650000e+01  1.367000e+02  0.000000e+00
   endloop
 endfacet
 facet normal  0.000000e+00  1.000000e+00  0.000000e+00
   outer loop
     vertex  8.957051e+01  1.367000e+02  1.779137e+01
     vertex  4.650000e+01  1.367000e+02  0.000000e+00
     vertex  8.951008e+01  1.367000e+02  1.780399e+01
   endloop
 endfacet
 facet normal  0.000000e+00  1.000000e+00  0.000000e+00
   outer loop
     vertex  8.778300e+01  1.367000e+02  1.961605e+01
     vertex  8.779437e+01  1.367000e+02  1.955537e+01
     vertex  4.650000e+01  1.367000e+02  0.000000e+00
   endloop
 endfacet
 facet normal  0.000000e+00  1.000000e+00  0.000000e+00
   outer loop
     vertex  8.963126e+01  1.367000e+02  1.778042e+01
     vertex  4.650000e+01  1.367000e+02  0.000000e+00
     vertex  8.957051e+01  1.367000e+02  1.779137e+01
   endloop
 endfacet
 facet normal  0.000000e+00  1.000000e+00  0.000000e+00
   outer loop
     vertex  8.777330e+01  1.367000e+02  1.967701e+01
     vertex  8.778300e+01  1.367000e+02  1.961605e+01
     vertex  4.650000e+01  1.367000e+02  0.000000e+00
   endloop
 endfacet
 facet normal  0.000000e+00  1.000000e+00  0.000000e+00
   outer loop
     vertex  8.969230e+01  1.367000e+02  1.777114e+01
     vertex  4.650000e+01  1.367000e+02  0.000000e+00
     vertex  8.963126e+01  1.367000e+02  1.778042e+01
   endloop
 endfacet
 facet normal  0.000000e+00  1.000000e+00  0.000000e+00
   outer loop
     vertex  8.776528e+01  1.367000e+02  1.973822e+01
     vertex  8.777330e+01  1.367000e+02  1.967701e+01
     vertex  4.650000e+01  1.367000e+02  0.000000e+00
   endloop
 endfacet
 facet normal  0.000000e+00  1.000000e+00  0.000000e+00
   outer loop
     vertex  8.975356e+01  1.367000e+02  1.776354e+01
     vertex  4.650000e+01  1.367000e+02  0.000000e+00
     vertex  8.969230e+01  1.367000e+02  1.777114e+01
   endloop
 endfacet
 facet normal  0.000000e+00  1.000000e+00  0.000000e+00
   outer loop
     vertex  8.775894e+01  1.367000e+02  1.979963e+01
     vertex  8.776528e+01  1.367000e+02  1.973822e+01
     vertex  4.650000e+01  1.367000e+02  0.000000e+00
   endloop
 endfacet
 facet normal  0.000000e+00  1.000000e+00  0.000000e+00
   outer loop
     vertex  8.981501e+01  1.367000e+02  1.775762e+01
     vertex  4.650000e+01  1.367000e+02  0.000000e+00
     vertex  8.975356e+01  1.367000e+02  1.776354e+01
   endloop
 endfacet
 facet normal  0.000000e+00  1.000000e+00  0.000000e+00
   outer loop
     vertex  8.775429e+01  1.367000e+02  1.986119e+01
     vertex  8.775894e+01  1.367000e+02  1.979963e+01
     vertex  4.650000e+01  1.367000e+02  0.000000e+00
   endloop
 endfacet
 facet normal  0.000000e+00  1.000000e+00  0.000000e+00
   outer loop
     vertex  8.987659e+01  1.367000e+02  1.775339e+01
     vertex  4.650000e+01  1.367000e+02  0.000000e+00
     vertex  8.981501e+01  1.367000e+02  1.775762e+01
   endloop
 endfacet
 facet normal  0.000000e+00  1.000000e+00  0.000000e+00
   outer loop
     vertex  8.775132e+01  1.367000e+02  1.992285e+01
     vertex  4.650000e+01  1.367000e+02  0.000000e+00
     vertex  4.650000e+01  1.367000e+02  3.810134e+01
   endloop
 endfacet
 facet normal  0.000000e+00  1.000000e+00  0.000000e+00
   outer loop
     vertex  8.775132e+01  1.367000e+02  1.992285e+01
     vertex  8.775429e+01  1.367000e+02  1.986119e+01
     vertex  4.650000e+01  1.367000e+02  0.000000e+00
   endloop
 endfacet
 facet normal  0.000000e+00  1.000000e+00  0.000000e+00
   outer loop
     vertex  8.993827e+01  1.367000e+02  1.775085e+01
     vertex  4.650000e+01  1.367000e+02  0.000000e+00
     vertex  8.987659e+01  1.367000e+02  1.775339e+01
   endloop
 endfacet
 facet normal  0.000000e+00  1.000000e+00  0.000000e+00
   outer loop
     vertex  8.775005e+01  1.367000e+02  1.998457e+01
     vertex  8.775132e+01  1.367000e+02  1.992285e+01
     vertex  4.650000e+01  1.367000e+02  3.810134e+01
   endloop
 endfacet
 facet normal  0.000000e+00  1.000000e+00  0.000000e+00
   outer loop
     vertex  9.000000e+01  1.367000e+02  1.775000e+01
     vertex  4.650000e+01  1.367000e+02  0.000000e+00
     vertex  8.993827e+01  1.367000e+02  1.775085e+01
   endloop
 endfacet
 facet normal  0.000000e+00  1.000000e+00  0.000000e+00
   outer loop
     vertex  8.775048e+01  1.367000e+02  2.004630e+01
     vertex  8.775005e+01  1.367000e+02  1.998457e+01
     vertex  4.650000e+01  1.367000e+02  3.810134e+01
   endloop
 endfacet
 facet normal  0.000000e+00  1.000000e+00  0.000000e+00
   outer loop
     vertex  9.006173e+01  1.367000e+02  1.775085e+01
     vertex  4.650000e+01  1.367000e+02  0.000000e+00
     vertex  9.000000e+01  1.367000e+02  1.775000e+01
   endloop
 endfacet
 facet normal  0.000000e+00  1.000000e+00  0.000000e+00
   outer loop
     vertex  8.775259e+01  1.367000e+02  2.010799e+01
     vertex  8.775048e+01  1.367000e+02  2.004630e+01
     vertex  4.650000e+01  1.367000e+02  3.810134e+01
   endloop
 endfacet
 facet normal  0.000000e+00  1.000000e+00  0.000000e+00
   outer loop
     vertex  9.012341e+01  1.367000e+02  1.775339e+01
     vertex  4.650000e+01  1.367000e+02  0.000000e+00
     vertex  9.006173e+01  1.367000e+02  1.775085e+01
   endloop
 endfacet
 facet normal  0.000000e+00  1.000000e+00  0.000000e+00
   outer loop
     vertex  8.775640e+01  1.367000e+02  2.016961e+01
     vertex  8.775259e+01  1.367000e+02  2.010799e+01
     vertex  4.650000e+01  1.367000e+02  3.810134e+01
   endloop
 endfacet
 facet normal  0.000000e+00  1.000000e+00  0.000000e+00
   outer loop
     vertex  9.018499e+01  1.367000e+02  1.775762e+01
     vertex  4.650000e+01  1.367000e+02  0.000000e+00
     vertex  9.012341e+01  1.367000e+02  1.775339e+01
   endloop
 endfacet
 facet normal  0.000000e+00  1.000000e+00  0.000000e+00
   outer loop
     vertex  8.776190e+01  1.367000e+02  2.023110e+01
     vertex  8.775640e+01  1.367000e+02  2.016961e+01
     vertex  4.650000e+01  1.367000e+02  3.810134e+01
   endloop
 endfacet
 facet normal  0.000000e+00  1.000000e+00  0.000000e+00
   outer loop
     vertex  9.024644e+01  1.367000e+02  1.776354e+01
     vertex  4.650000e+01  1.367000e+02  0.000000e+00
     vertex  9.018499e+01  1.367000e+02  1.775762e+01
   endloop
 endfacet
 facet normal  0.000000e+00  1.000000e+00  0.000000e+00
   outer loop
     vertex  8.776908e+01  1.367000e+02  2.029241e+01
     vertex  8.776190e+01  1.367000e+02  2.023110e+01
     vertex  4.650000e+01  1.367000e+02  3.810134e+01
   endloop
 endfacet
 facet normal  0.000000e+00  1.000000e+00  0.000000e+00
   outer loop
     vertex  8.777794e+01  1.367000e+02  2.035350e+01
     vertex  8.776908e+01  1.367000e+02  2.029241e+01
     vertex  4.650000e+01  1.367000e+02  3.810134e+01
   endloop
 endfacet
 facet normal  0.000000e+00  1.000000e+00  0.000000e+00
   outer loop
     vertex  8.778848e+01  1.367000e+02  2.041433e+01
     vertex  8.777794e+01  1.367000e+02  2.035350e+01
     vertex  4.650000e+01  1.367000e+02  3.810134e+01
   endloop
 endfacet
 facet normal  0.000000e+00  1.000000e+00  0.000000e+00
   outer loop
     vertex  8.780068e+01  1.367000e+02  2.047484e+01
     vertex  8.778848e+01  1.367000e+02  2.041433e+01
     vertex  4.650000e+01  1.367000e+02  3.810134e+01
   endloop
 endfacet
 facet normal  0.000000e+00  1.000000e+00  0.000000e+00
   outer loop
     vertex  8.781453e+01  1.367000e+02  2.053500e+01
     vertex  8.780068e+01  1.367000e+02  2.047484e+01
     vertex  4.650000e+01  1.367000e+02  3.810134e+01
   endloop
 endfacet
 facet normal  0.000000e+00  1.000000e+00  0.000000e+00
   outer loop
     vertex  8.783003e+01  1.367000e+02  2.059476e+01
     vertex  8.781453e+01  1.367000e+02  2.053500e+01
     vertex  4.650000e+01  1.367000e+02  3.810134e+01
   endloop
 endfacet
 facet normal  0.000000e+00  1.000000e+00  0.000000e+00
   outer loop
     vertex  8.784716e+01  1.367000e+02  2.065406e+01
     vertex  8.783003e+01  1.367000e+02  2.059476e+01
     vertex  4.650000e+01  1.367000e+02  3.810134e+01
   endloop
 endfacet
 facet normal  0.000000e+00  1.000000e+00  0.000000e+00
   outer loop
     vertex  8.786592e+01  1.367000e+02  2.071288e+01
     vertex  8.784716e+01  1.367000e+02  2.065406e+01
     vertex  4.650000e+01  1.367000e+02  3.810134e+01
   endloop
 endfacet
 facet normal  0.000000e+00  1.000000e+00  0.000000e+00
   outer loop
     vertex  8.788628e+01  1.367000e+02  2.077116e+01
     vertex  8.786592e+01  1.367000e+02  2.071288e+01
     vertex  4.650000e+01  1.367000e+02  3.810134e+01
   endloop
 endfacet
 facet normal  0.000000e+00  1.000000e+00  0.000000e+00
   outer loop
     vertex  8.790823e+01  1.367000e+02  2.082885e+01
     vertex  8.788628e+01  1.367000e+02  2.077116e+01
     vertex  4.650000e+01  1.367000e+02  3.810134e+01
   endloop
 endfacet
 facet normal  0.000000e+00  1.000000e+00  0.000000e+00
   outer loop
     vertex  8.793176e+01  1.367000e+02  2.088593e+01
     vertex  8.790823e+01  1.367000e+02  2.082885e+01
     vertex  4.650000e+01  1.367000e+02  3.810134e+01
   endloop
 endfacet
 facet normal  0.000000e+00  1.000000e+00  0.000000e+00
   outer loop
     vertex  8.795684e+01  1.367000e+02  2.094233e+01
     vertex  8.793176e+01  1.367000e+02  2.088593e+01
     vertex  4.650000e+01  1.367000e+02  3.810134e+01
   endloop
 endfacet
 facet normal  0.000000e+00  1.000000e+00  0.000000e+00
   outer loop
     vertex  8.798346e+01  1.367000e+02  2.099803e+01
     vertex  8.795684e+01  1.367000e+02  2.094233e+01
     vertex  4.650000e+01  1.367000e+02  3.810134e+01
   endloop
 endfacet
 facet normal  0.000000e+00  1.000000e+00  0.000000e+00
   outer loop
     vertex  8.801160e+01  1.367000e+02  2.105298e+01
     vertex  8.798346e+01  1.367000e+02  2.099803e+01
     vertex  4.650000e+01  1.367000e+02  3.810134e+01
   endloop
 endfacet
 facet normal  0.000000e+00  1.000000e+00  0.000000e+00
   outer loop
     vertex  8.804124e+01  1.367000e+02  2.110713e+01
     vertex  8.801160e+01  1.367000e+02  2.105298e+01
     vertex  4.650000e+01  1.367000e+02  3.810134e+01
   endloop
 endfacet
 facet normal  0.000000e+00  1.000000e+00  0.000000e+00
   outer loop
     vertex  8.807235e+01  1.367000e+02  2.116045e+01
     vertex  8.804124e+01  1.367000e+02  2.110713e+01
     vertex  4.650000e+01  1.367000e+02  3.810134e+01
   endloop
 endfacet
 facet normal  0.000000e+00  1.000000e+00  0.000000e+00
   outer loop
     vertex  8.810491e+01  1.367000e+02  2.121290e+01
     vertex  8.807235e+01  1.367000e+02  2.116045e+01
     vertex  4.650000e+01  1.367000e+02  3.810134e+01
   endloop
 endfacet
 facet normal  0.000000e+00  1.000000e+00  0.000000e+00
   outer loop
     vertex  8.813890e+01  1.367000e+02  2.126443e+01
     vertex  8.810491e+01  1.367000e+02  2.121290e+01
     vertex  4.650000e+01  1.367000e+02  3.810134e+01
   endloop
 endfacet
 facet normal  0.000000e+00  1.000000e+00  0.000000e+00
   outer loop
     vertex  8.817428e+01  1.367000e+02  2.131501e+01
     vertex  8.813890e+01  1.367000e+02  2.126443e+01
     vertex  4.650000e+01  1.367000e+02  3.810134e+01
   endloop
 endfacet
 facet normal  0.000000e+00  1.000000e+00  0.000000e+00
   outer loop
     vertex  8.821105e+01  1.367000e+02  2.136461e+01
     vertex  8.817428e+01  1.367000e+02  2.131501e+01
     vertex  4.650000e+01  1.367000e+02  3.810134e+01
   endloop
 endfacet
 facet normal  0.000000e+00  1.000000e+00  0.000000e+00
   outer loop
     vertex  8.824916e+01  1.367000e+02  2.141317e+01
     vertex  8.821105e+01  1.367000e+02  2.136461e+01
     vertex  4.650000e+01  1.367000e+02  3.810134e+01
   endloop
 endfacet
 facet normal  0.000000e+00  1.000000e+00  0.000000e+00
   outer loop
     vertex  8.828859e+01  1.367000e+02  2.146067e+01
     vertex  8.824916e+01  1.367000e+02  2.141317e+01
     vertex  4.650000e+01  1.367000e+02  3.810134e+01
   endloop
 endfacet
 facet normal  0.000000e+00  1.000000e+00  0.000000e+00
   outer loop
     vertex  8.832930e+01  1.367000e+02  2.150707e+01
     vertex  8.828859e+01  1.367000e+02  2.146067e+01
     vertex  4.650000e+01  1.367000e+02  3.810134e+01
   endloop
 endfacet
 facet normal  0.000000e+00  1.000000e+00  0.000000e+00
   outer loop
     vertex  8.837128e+01  1.367000e+02  2.155234e+01
     vertex  8.832930e+01  1.367000e+02  2.150707e+01
     vertex  4.650000e+01  1.367000e+02  3.810134e+01
   endloop
 endfacet
 facet normal  0.000000e+00  1.000000e+00  0.000000e+00
   outer loop
     vertex  8.841448e+01  1.367000e+02  2.159644e+01
     vertex  8.837128e+01  1.367000e+02  2.155234e+01
     vertex  4.650000e+01  1.367000e+02  3.810134e+01
   endloop
 endfacet
 facet normal  0.000000e+00  1.000000e+00  0.000000e+00
   outer loop
     vertex  8.845887e+01  1.367000e+02  2.163933e+01
     vertex  8.841448e+01  1.367000e+02  2.159644e+01
     vertex  4.650000e+01  1.367000e+02  3.810134e+01
   endloop
 endfacet
 facet normal  0.000000e+00  1.000000e+00  0.000000e+00
   outer loop
     vertex  8.850442e+01  1.367000e+02  2.168100e+01
     vertex  8.845887e+01  1.367000e+02  2.163933e+01
     vertex  4.650000e+01  1.367000e+02  3.810134e+01
   endloop
 endfacet
 facet normal  0.000000e+00  1.000000e+00  0.000000e+00
   outer loop
     vertex  8.855110e+01  1.367000e+02  2.172139e+01
     vertex  8.850442e+01  1.367000e+02  2.168100e+01
     vertex  4.650000e+01  1.367000e+02  3.810134e+01
   endloop
 endfacet
 facet normal  0.000000e+00  1.000000e+00  0.000000e+00
   outer loop
     vertex  8.859887e+01  1.367000e+02  2.176049e+01
     vertex  8.855110e+01  1.367000e+02  2.172139e+01
     vertex  4.650000e+01  1.367000e+02  3.810134e+01
   endloop
 endfacet
 facet normal  0.000000e+00  1.000000e+00  0.000000e+00
   outer loop
     vertex  8.864770e+01  1.367000e+02  2.179827e+01
     vertex  8.859887e+01  1.367000e+02  2.176049e+01
     vertex  4.650000e+01  1.367000e+02  3.810134e+01
   endloop
 endfacet
 facet normal  0.000000e+00  1.000000e+00  0.000000e+00
   outer loop
     vertex  8.869754e+01  1.367000e+02  2.183469e+01
     vertex  8.864770e+01  1.367000e+02  2.179827e+01
     vertex  4.650000e+01  1.367000e+02  3.810134e+01
   endloop
 endfacet
 facet normal  0.000000e+00  1.000000e+00  0.000000e+00
   outer loop
     vertex  8.874836e+01  1.367000e+02  2.186973e+01
     vertex  8.869754e+01  1.367000e+02  2.183469e+01
     vertex  4.650000e+01  1.367000e+02  3.810134e+01
   endloop
 endfacet
 facet normal  0.000000e+00  1.000000e+00  0.000000e+00
   outer loop
     vertex  8.880013e+01  1.367000e+02  2.190337e+01
     vertex  8.874836e+01  1.367000e+02  2.186973e+01
     vertex  4.650000e+01  1.367000e+02  3.810134e+01
   endloop
 endfacet
 facet normal  0.000000e+00  1.000000e+00  0.000000e+00
   outer loop
     vertex  8.885280e+01  1.367000e+02  2.193557e+01
     vertex  8.880013e+01  1.367000e+02  2.190337e+01
     vertex  4.650000e+01  1.367000e+02  3.810134e+01
   endloop
 endfacet
 facet normal  0.000000e+00  1.000000e+00  0.000000e+00
   outer loop
     vertex  8.890633e+01  1.367000e+02  2.196631e+01
     vertex  8.885280e+01  1.367000e+02  2.193557e+01
     vertex  4.650000e+01  1.367000e+02  3.810134e+01
   endloop
 endfacet
 facet normal  0.000000e+00  1.000000e+00  0.000000e+00
   outer loop
     vertex  8.896069e+01  1.367000e+02  2.199558e+01
     vertex  8.890633e+01  1.367000e+02  2.196631e+01
     vertex  4.650000e+01  1.367000e+02  3.810134e+01
   endloop
 endfacet
 facet normal  0.000000e+00  1.000000e+00  0.000000e+00
   outer loop
     vertex  8.901582e+01  1.367000e+02  2.202334e+01
     vertex  8.896069e+01  1.367000e+02  2.199558e+01
     vertex  4.650000e+01  1.367000e+02  3.810134e+01
   endloop
 endfacet
 facet normal  0.000000e+00  1.000000e+00  0.000000e+00
   outer loop
     vertex  8.907170e+01  1.367000e+02  2.204958e+01
     vertex  8.901582e+01  1.367000e+02  2.202334e+01
     vertex  4.650000e+01  1.367000e+02  3.810134e+01
   endloop
 endfacet
 facet normal  0.000000e+00  1.000000e+00  0.000000e+00
   outer loop
     vertex  8.912828e+01  1.367000e+02  2.207427e+01
     vertex  8.907170e+01  1.367000e+02  2.204958e+01
     vertex  4.650000e+01  1.367000e+02  3.810134e+01
   endloop
 endfacet
 facet normal  0.000000e+00  1.000000e+00  0.000000e+00
   outer loop
     vertex  8.918551e+01  1.367000e+02  2.209741e+01
     vertex  8.912828e+01  1.367000e+02  2.207427e+01
     vertex  4.650000e+01  1.367000e+02  3.810134e+01
   endloop
 endfacet
 facet normal  0.000000e+00  1.000000e+00  0.000000e+00
   outer loop
     vertex  8.924336e+01  1.367000e+02  2.211896e+01
     vertex  8.918551e+01  1.367000e+02  2.209741e+01
     vertex  4.650000e+01  1.367000e+02  3.810134e+01
   endloop
 endfacet
 facet normal  0.000000e+00  1.000000e+00  0.000000e+00
   outer loop
     vertex  8.930178e+01  1.367000e+02  2.213892e+01
     vertex  8.924336e+01  1.367000e+02  2.211896e+01
     vertex  4.650000e+01  1.367000e+02  3.810134e+01
   endloop
 endfacet
 facet normal  0.000000e+00  1.000000e+00  0.000000e+00
   outer loop
     vertex  8.936072e+01  1.367000e+02  2.215727e+01
     vertex  8.930178e+01  1.367000e+02  2.213892e+01
     vertex  4.650000e+01  1.367000e+02  3.810134e+01
   endloop
 endfacet
 facet normal  0.000000e+00  1.000000e+00  0.000000e+00
   outer loop
     vertex  8.942014e+01  1.367000e+02  2.217400e+01
     vertex  8.936072e+01  1.367000e+02  2.215727e+01
     vertex  4.650000e+01  1.367000e+02  3.810134e+01
   endloop
 endfacet
 facet normal  0.000000e+00  1.000000e+00  0.000000e+00
   outer loop
     vertex  8.948000e+01  1.367000e+02  2.218909e+01
     vertex  8.942014e+01  1.367000e+02  2.217400e+01
     vertex  4.650000e+01  1.367000e+02  3.810134e+01
   endloop
 endfacet
 facet normal  0.000000e+00  1.000000e+00  0.000000e+00
   outer loop
     vertex  8.954025e+01  1.367000e+02  2.220253e+01
     vertex  8.948000e+01  1.367000e+02  2.218909e+01
     vertex  4.650000e+01  1.367000e+02  3.810134e+01
   endloop
 endfacet
 facet normal  0.000000e+00  1.000000e+00  0.000000e+00
   outer loop
     vertex  8.960085e+01  1.367000e+02  2.221431e+01
     vertex  8.954025e+01  1.367000e+02  2.220253e+01
     vertex  4.650000e+01  1.367000e+02  3.810134e+01
   endloop
 endfacet
 facet normal  0.000000e+00  1.000000e+00  0.000000e+00
   outer loop
     vertex  8.966175e+01  1.367000e+02  2.222443e+01
     vertex  8.960085e+01  1.367000e+02  2.221431e+01
     vertex  4.650000e+01  1.367000e+02  3.810134e+01
   endloop
 endfacet
 facet normal  0.000000e+00  1.000000e+00  0.000000e+00
   outer loop
     vertex  8.972290e+01  1.367000e+02  2.223287e+01
     vertex  8.966175e+01  1.367000e+02  2.222443e+01
     vertex  4.650000e+01  1.367000e+02  3.810134e+01
   endloop
 endfacet
 facet normal  0.000000e+00  1.000000e+00  0.000000e+00
   outer loop
     vertex  8.978426e+01  1.367000e+02  2.223963e+01
     vertex  8.972290e+01  1.367000e+02  2.223287e+01
     vertex  4.650000e+01  1.367000e+02  3.810134e+01
   endloop
 endfacet
 facet normal  0.000000e+00  1.000000e+00  0.000000e+00
   outer loop
     vertex  8.984579e+01  1.367000e+02  2.224471e+01
     vertex  8.978426e+01  1.367000e+02  2.223963e+01
     vertex  4.650000e+01  1.367000e+02  3.810134e+01
   endloop
 endfacet
 facet normal  0.000000e+00  1.000000e+00  0.000000e+00
   outer loop
     vertex  8.990742e+01  1.367000e+02  2.224809e+01
     vertex  8.984579e+01  1.367000e+02  2.224471e+01
     vertex  4.650000e+01  1.367000e+02  3.810134e+01
   endloop
 endfacet
 facet normal  0.000000e+00  1.000000e+00  0.000000e+00
   outer loop
     vertex  8.996913e+01  1.367000e+02  2.224979e+01
     vertex  8.990742e+01  1.367000e+02  2.224809e+01
     vertex  4.650000e+01  1.367000e+02  3.810134e+01
   endloop
 endfacet
 facet normal  0.000000e+00  1.000000e+00  0.000000e+00
   outer loop
     vertex  9.003087e+01  1.367000e+02  2.224979e+01
     vertex  8.996913e+01  1.367000e+02  2.224979e+01
     vertex  4.650000e+01  1.367000e+02  3.810134e+01
   endloop
 endfacet
 facet normal  0.000000e+00  1.000000e+00  0.000000e+00
   outer loop
     vertex  9.009258e+01  1.367000e+02  2.224809e+01
     vertex  9.003087e+01  1.367000e+02  2.224979e+01
     vertex  4.650000e+01  1.367000e+02  3.810134e+01
   endloop
 endfacet
 facet normal  0.000000e+00  1.000000e+00  0.000000e+00
   outer loop
     vertex  9.015421e+01  1.367000e+02  2.224471e+01
     vertex  9.009258e+01  1.367000e+02  2.224809e+01
     vertex  4.650000e+01  1.367000e+02  3.810134e+01
   endloop
 endfacet
 facet normal  0.000000e+00  1.000000e+00  0.000000e+00
   outer loop
     vertex  9.021574e+01  1.367000e+02  2.223963e+01
     vertex  9.015421e+01  1.367000e+02  2.224471e+01
     vertex  4.650000e+01  1.367000e+02  3.810134e+01
   endloop
 endfacet
 facet normal  0.000000e+00  1.000000e+00  0.000000e+00
   outer loop
     vertex  1.525000e+02  1.367000e+02  0.000000e+00
     vertex  9.024644e+01  1.367000e+02  1.776354e+01
     vertex  9.030770e+01  1.367000e+02  1.777114e+01
   endloop
 endfacet
 facet normal  0.000000e+00  1.000000e+00  0.000000e+00
   outer loop
     vertex  1.525000e+02  1.367000e+02  0.000000e+00
     vertex  9.030770e+01  1.367000e+02  1.777114e+01
     vertex  9.036874e+01  1.367000e+02  1.778042e+01
   endloop
 endfacet
 facet normal  0.000000e+00  1.000000e+00  0.000000e+00
   outer loop
     vertex  1.525000e+02  1.367000e+02  0.000000e+00
     vertex  9.036874e+01  1.367000e+02  1.778042e+01
     vertex  9.042949e+01  1.367000e+02  1.779137e+01
   endloop
 endfacet
 facet normal  0.000000e+00  1.000000e+00  0.000000e+00
   outer loop
     vertex  1.525000e+02  1.367000e+02  0.000000e+00
     vertex  9.042949e+01  1.367000e+02  1.779137e+01
     vertex  9.048992e+01  1.367000e+02  1.780399e+01
   endloop
 endfacet
 facet normal  0.000000e+00  1.000000e+00  0.000000e+00
   outer loop
     vertex  1.525000e+02  1.367000e+02  0.000000e+00
     vertex  9.048992e+01  1.367000e+02  1.780399e+01
     vertex  9.054998e+01  1.367000e+02  1.781825e+01
   endloop
 endfacet
 facet normal  0.000000e+00  1.000000e+00  0.000000e+00
   outer loop
     vertex  1.525000e+02  1.367000e+02  0.000000e+00
     vertex  9.054998e+01  1.367000e+02  1.781825e+01
     vertex  9.060963e+01  1.367000e+02  1.783416e+01
   endloop
 endfacet
 facet normal  0.000000e+00  1.000000e+00  0.000000e+00
   outer loop
     vertex  1.525000e+02  1.367000e+02  0.000000e+00
     vertex  9.060963e+01  1.367000e+02  1.783416e+01
     vertex  9.066882e+01  1.367000e+02  1.785170e+01
   endloop
 endfacet
 facet normal  0.000000e+00  1.000000e+00  0.000000e+00
   outer loop
     vertex  1.525000e+02  1.367000e+02  0.000000e+00
     vertex  9.066882e+01  1.367000e+02  1.785170e+01
     vertex  9.072750e+01  1.367000e+02  1.787086e+01
   endloop
 endfacet
 facet normal  0.000000e+00  1.000000e+00  0.000000e+00
   outer loop
     vertex  1.525000e+02  1.367000e+02  0.000000e+00
     vertex  9.072750e+01  1.367000e+02  1.787086e+01
     vertex  9.078564e+01  1.367000e+02  1.789162e+01
   endloop
 endfacet
 facet normal  0.000000e+00  1.000000e+00  0.000000e+00
   outer loop
     vertex  1.525000e+02  1.367000e+02  0.000000e+00
     vertex  9.078564e+01  1.367000e+02  1.789162e+01
     vertex  9.084318e+01  1.367000e+02  1.791396e+01
   endloop
 endfacet
 facet normal  0.000000e+00  1.000000e+00  0.000000e+00
   outer loop
     vertex  1.525000e+02  1.367000e+02  0.000000e+00
     vertex  9.084318e+01  1.367000e+02  1.791396e+01
     vertex  9.090009e+01  1.367000e+02  1.793788e+01
   endloop
 endfacet
 facet normal  0.000000e+00  1.000000e+00  0.000000e+00
   outer loop
     vertex  1.525000e+02  1.367000e+02  0.000000e+00
     vertex  9.090009e+01  1.367000e+02  1.793788e+01
     vertex  9.095633e+01  1.367000e+02  1.796335e+01
   endloop
 endfacet
 facet normal  0.000000e+00  1.000000e+00  0.000000e+00
   outer loop
     vertex  1.525000e+02  1.367000e+02  0.000000e+00
     vertex  9.095633e+01  1.367000e+02  1.796335e+01
     vertex  9.101184e+01  1.367000e+02  1.799035e+01
   endloop
 endfacet
 facet normal  0.000000e+00  1.000000e+00  0.000000e+00
   outer loop
     vertex  1.525000e+02  1.367000e+02  0.000000e+00
     vertex  9.101184e+01  1.367000e+02  1.799035e+01
     vertex  9.106659e+01  1.367000e+02  1.801887e+01
   endloop
 endfacet
 facet normal  0.000000e+00  1.000000e+00  0.000000e+00
   outer loop
     vertex  1.525000e+02  1.367000e+02  0.000000e+00
     vertex  9.106659e+01  1.367000e+02  1.801887e+01
     vertex  9.112054e+01  1.367000e+02  1.804888e+01
   endloop
 endfacet
 facet normal  0.000000e+00  1.000000e+00  0.000000e+00
   outer loop
     vertex  1.525000e+02  1.367000e+02  0.000000e+00
     vertex  9.112054e+01  1.367000e+02  1.804888e+01
     vertex  9.117365e+01  1.367000e+02  1.808035e+01
   endloop
 endfacet
 facet normal  0.000000e+00  1.000000e+00  0.000000e+00
   outer loop
     vertex  1.525000e+02  1.367000e+02  0.000000e+00
     vertex  9.117365e+01  1.367000e+02  1.808035e+01
     vertex  9.122587e+01  1.367000e+02  1.811327e+01
   endloop
 endfacet
 facet normal  0.000000e+00  1.000000e+00  0.000000e+00
   outer loop
     vertex  1.525000e+02  1.367000e+02  0.000000e+00
     vertex  9.122587e+01  1.367000e+02  1.811327e+01
     vertex  9.127717e+01  1.367000e+02  1.814761e+01
   endloop
 endfacet
 facet normal  0.000000e+00  1.000000e+00  0.000000e+00
   outer loop
     vertex  1.525000e+02  1.367000e+02  0.000000e+00
     vertex  9.127717e+01  1.367000e+02  1.814761e+01
     vertex  9.132751e+01  1.367000e+02  1.818335e+01
   endloop
 endfacet
 facet normal  0.000000e+00  1.000000e+00  0.000000e+00
   outer loop
     vertex  1.525000e+02  1.367000e+02  0.000000e+00
     vertex  9.132751e+01  1.367000e+02  1.818335e+01
     vertex  9.137684e+01  1.367000e+02  1.822045e+01
   endloop
 endfacet
 facet normal  0.000000e+00  1.000000e+00  0.000000e+00
   outer loop
     vertex  1.525000e+02  1.367000e+02  0.000000e+00
     vertex  9.137684e+01  1.367000e+02  1.822045e+01
     vertex  9.142515e+01  1.367000e+02  1.825889e+01
   endloop
 endfacet
 facet normal  0.000000e+00  1.000000e+00  0.000000e+00
   outer loop
     vertex  1.525000e+02  1.367000e+02  0.000000e+00
     vertex  9.142515e+01  1.367000e+02  1.825889e+01
     vertex  9.147238e+01  1.367000e+02  1.829864e+01
   endloop
 endfacet
 facet normal  0.000000e+00  1.000000e+00  0.000000e+00
   outer loop
     vertex  1.525000e+02  1.367000e+02  0.000000e+00
     vertex  9.147238e+01  1.367000e+02  1.829864e+01
     vertex  9.151850e+01  1.367000e+02  1.833968e+01
   endloop
 endfacet
 facet normal  0.000000e+00  1.000000e+00  0.000000e+00
   outer loop
     vertex  1.525000e+02  1.367000e+02  0.000000e+00
     vertex  9.151850e+01  1.367000e+02  1.833968e+01
     vertex  9.156347e+01  1.367000e+02  1.838196e+01
   endloop
 endfacet
 facet normal  0.000000e+00  1.000000e+00  0.000000e+00
   outer loop
     vertex  1.525000e+02  1.367000e+02  0.000000e+00
     vertex  9.156347e+01  1.367000e+02  1.838196e+01
     vertex  9.160728e+01  1.367000e+02  1.842546e+01
   endloop
 endfacet
 facet normal  0.000000e+00  1.000000e+00  0.000000e+00
   outer loop
     vertex  1.525000e+02  1.367000e+02  0.000000e+00
     vertex  9.160728e+01  1.367000e+02  1.842546e+01
     vertex  9.164987e+01  1.367000e+02  1.847015e+01
   endloop
 endfacet
 facet normal  0.000000e+00  1.000000e+00  0.000000e+00
   outer loop
     vertex  1.525000e+02  1.367000e+02  0.000000e+00
     vertex  9.164987e+01  1.367000e+02  1.847015e+01
     vertex  9.169122e+01  1.367000e+02  1.851599e+01
   endloop
 endfacet
 facet normal  0.000000e+00  1.000000e+00  0.000000e+00
   outer loop
     vertex  1.525000e+02  1.367000e+02  0.000000e+00
     vertex  9.169122e+01  1.367000e+02  1.851599e+01
     vertex  9.173129e+01  1.367000e+02  1.856294e+01
   endloop
 endfacet
 facet normal  0.000000e+00  1.000000e+00  0.000000e+00
   outer loop
     vertex  1.525000e+02  1.367000e+02  0.000000e+00
     vertex  9.173129e+01  1.367000e+02  1.856294e+01
     vertex  9.177006e+01  1.367000e+02  1.861098e+01
   endloop
 endfacet
 facet normal  0.000000e+00  1.000000e+00  0.000000e+00
   outer loop
     vertex  1.525000e+02  1.367000e+02  0.000000e+00
     vertex  9.177006e+01  1.367000e+02  1.861098e+01
     vertex  9.180750e+01  1.367000e+02  1.866006e+01
   endloop
 endfacet
 facet normal  0.000000e+00  1.000000e+00  0.000000e+00
   outer loop
     vertex  1.525000e+02  1.367000e+02  0.000000e+00
     vertex  9.180750e+01  1.367000e+02  1.866006e+01
     vertex  9.184358e+01  1.367000e+02  1.871016e+01
   endloop
 endfacet
 facet normal  0.000000e+00  1.000000e+00  0.000000e+00
   outer loop
     vertex  1.525000e+02  1.367000e+02  0.000000e+00
     vertex  9.184358e+01  1.367000e+02  1.871016e+01
     vertex  9.187828e+01  1.367000e+02  1.876122e+01
   endloop
 endfacet
 facet normal  0.000000e+00  1.000000e+00  0.000000e+00
   outer loop
     vertex  1.525000e+02  1.367000e+02  0.000000e+00
     vertex  9.187828e+01  1.367000e+02  1.876122e+01
     vertex  9.191155e+01  1.367000e+02  1.881321e+01
   endloop
 endfacet
 facet normal  0.000000e+00  1.000000e+00  0.000000e+00
   outer loop
     vertex  1.525000e+02  1.367000e+02  0.000000e+00
     vertex  9.191155e+01  1.367000e+02  1.881321e+01
     vertex  9.194339e+01  1.367000e+02  1.886610e+01
   endloop
 endfacet
 facet normal  0.000000e+00  1.000000e+00  0.000000e+00
   outer loop
     vertex  1.525000e+02  1.367000e+02  0.000000e+00
     vertex  9.194339e+01  1.367000e+02  1.886610e+01
     vertex  9.197377e+01  1.367000e+02  1.891984e+01
   endloop
 endfacet
 facet normal  0.000000e+00  1.000000e+00  0.000000e+00
   outer loop
     vertex  1.525000e+02  1.367000e+02  0.000000e+00
     vertex  9.197377e+01  1.367000e+02  1.891984e+01
     vertex  9.200266e+01  1.367000e+02  1.897440e+01
   endloop
 endfacet
 facet normal  0.000000e+00  1.000000e+00  0.000000e+00
   outer loop
     vertex  1.525000e+02  1.367000e+02  0.000000e+00
     vertex  9.200266e+01  1.367000e+02  1.897440e+01
     vertex  9.203004e+01  1.367000e+02  1.902973e+01
   endloop
 endfacet
 facet normal  0.000000e+00  1.000000e+00  0.000000e+00
   outer loop
     vertex  1.525000e+02  1.367000e+02  0.000000e+00
     vertex  9.203004e+01  1.367000e+02  1.902973e+01
     vertex  9.205590e+01  1.367000e+02  1.908578e+01
   endloop
 endfacet
 facet normal  0.000000e+00  1.000000e+00  0.000000e+00
   outer loop
     vertex  1.525000e+02  1.367000e+02  0.000000e+00
     vertex  9.205590e+01  1.367000e+02  1.908578e+01
     vertex  9.208020e+01  1.367000e+02  1.914253e+01
   endloop
 endfacet
 facet normal  0.000000e+00  1.000000e+00  0.000000e+00
   outer loop
     vertex  1.525000e+02  1.367000e+02  0.000000e+00
     vertex  9.208020e+01  1.367000e+02  1.914253e+01
     vertex  9.210294e+01  1.367000e+02  1.919992e+01
   endloop
 endfacet
 facet normal  0.000000e+00  1.000000e+00  0.000000e+00
   outer loop
     vertex  1.525000e+02  1.367000e+02  0.000000e+00
     vertex  9.210294e+01  1.367000e+02  1.919992e+01
     vertex  9.212410e+01  1.367000e+02  1.925791e+01
   endloop
 endfacet
 facet normal  0.000000e+00  1.000000e+00  0.000000e+00
   outer loop
     vertex  1.525000e+02  1.367000e+02  0.000000e+00
     vertex  9.212410e+01  1.367000e+02  1.925791e+01
     vertex  9.214366e+01  1.367000e+02  1.931646e+01
   endloop
 endfacet
 facet normal  0.000000e+00  1.000000e+00  0.000000e+00
   outer loop
     vertex  1.525000e+02  1.367000e+02  0.000000e+00
     vertex  9.214366e+01  1.367000e+02  1.931646e+01
     vertex  9.216161e+01  1.367000e+02  1.937553e+01
   endloop
 endfacet
 facet normal  0.000000e+00  1.000000e+00  0.000000e+00
   outer loop
     vertex  1.525000e+02  1.367000e+02  0.000000e+00
     vertex  9.216161e+01  1.367000e+02  1.937553e+01
     vertex  9.217792e+01  1.367000e+02  1.943507e+01
   endloop
 endfacet
 facet normal  0.000000e+00  1.000000e+00  0.000000e+00
   outer loop
     vertex  1.525000e+02  1.367000e+02  0.000000e+00
     vertex  9.217792e+01  1.367000e+02  1.943507e+01
     vertex  9.219260e+01  1.367000e+02  1.949503e+01
   endloop
 endfacet
 facet normal  0.000000e+00  1.000000e+00  0.000000e+00
   outer loop
     vertex  1.525000e+02  1.367000e+02  0.000000e+00
     vertex  9.219260e+01  1.367000e+02  1.949503e+01
     vertex  9.220563e+01  1.367000e+02  1.955537e+01
   endloop
 endfacet
 facet normal  0.000000e+00  1.000000e+00  0.000000e+00
   outer loop
     vertex  1.525000e+02  1.367000e+02  0.000000e+00
     vertex  9.220563e+01  1.367000e+02  1.955537e+01
     vertex  9.221700e+01  1.367000e+02  1.961605e+01
   endloop
 endfacet
 facet normal  0.000000e+00  1.000000e+00  0.000000e+00
   outer loop
     vertex  1.525000e+02  1.367000e+02  0.000000e+00
     vertex  9.221700e+01  1.367000e+02  1.961605e+01
     vertex  9.222670e+01  1.367000e+02  1.967701e+01
   endloop
 endfacet
 facet normal  0.000000e+00  1.000000e+00  0.000000e+00
   outer loop
     vertex  1.525000e+02  1.367000e+02  0.000000e+00
     vertex  9.222670e+01  1.367000e+02  1.967701e+01
     vertex  9.223472e+01  1.367000e+02  1.973822e+01
   endloop
 endfacet
 facet normal  0.000000e+00  1.000000e+00  0.000000e+00
   outer loop
     vertex  1.525000e+02  1.367000e+02  0.000000e+00
     vertex  9.223472e+01  1.367000e+02  1.973822e+01
     vertex  9.224106e+01  1.367000e+02  1.979963e+01
   endloop
 endfacet
 facet normal  0.000000e+00  1.000000e+00  0.000000e+00
   outer loop
     vertex  1.525000e+02  1.367000e+02  0.000000e+00
     vertex  9.224106e+01  1.367000e+02  1.979963e+01
     vertex  9.224571e+01  1.367000e+02  1.986119e+01
   endloop
 endfacet
 facet normal  0.000000e+00  1.000000e+00  0.000000e+00
   outer loop
     vertex  1.525000e+02  1.367000e+02  0.000000e+00
     vertex  9.224571e+01  1.367000e+02  1.986119e+01
     vertex  9.224868e+01  1.367000e+02  1.992285e+01
   endloop
 endfacet
 facet normal  0.000000e+00  1.000000e+00  0.000000e+00
   outer loop
     vertex  1.525000e+02  1.367000e+02  0.000000e+00
     vertex  4.650000e+01  1.367000e+02  0.000000e+00
     vertex  9.024644e+01  1.367000e+02  1.776354e+01
   endloop
 endfacet
 facet normal  0.000000e+00  1.000000e+00  0.000000e+00
   outer loop
     vertex  1.525000e+02  1.367000e+02  3.810134e+01
     vertex  9.109367e+01  1.367000e+02  2.196631e+01
     vertex  9.103931e+01  1.367000e+02  2.199558e+01
   endloop
 endfacet
 facet normal  0.000000e+00  1.000000e+00  0.000000e+00
   outer loop
     vertex  1.525000e+02  1.367000e+02  3.810134e+01
     vertex  9.103931e+01  1.367000e+02  2.199558e+01
     vertex  9.098418e+01  1.367000e+02  2.202334e+01
   endloop
 endfacet
 facet normal  0.000000e+00  1.000000e+00  0.000000e+00
   outer loop
     vertex  1.525000e+02  1.367000e+02  3.810134e+01
     vertex  9.098418e+01  1.367000e+02  2.202334e+01
     vertex  9.092830e+01  1.367000e+02  2.204958e+01
   endloop
 endfacet
 facet normal  0.000000e+00  1.000000e+00  0.000000e+00
   outer loop
     vertex  1.525000e+02  1.367000e+02  3.810134e+01
     vertex  9.092830e+01  1.367000e+02  2.204958e+01
     vertex  9.087172e+01  1.367000e+02  2.207427e+01
   endloop
 endfacet
 facet normal  0.000000e+00  1.000000e+00  0.000000e+00
   outer loop
     vertex  1.525000e+02  1.367000e+02  3.810134e+01
     vertex  9.087172e+01  1.367000e+02  2.207427e+01
     vertex  9.081449e+01  1.367000e+02  2.209741e+01
   endloop
 endfacet
 facet normal  0.000000e+00  1.000000e+00  0.000000e+00
   outer loop
     vertex  1.525000e+02  1.367000e+02  3.810134e+01
     vertex  9.081449e+01  1.367000e+02  2.209741e+01
     vertex  9.075664e+01  1.367000e+02  2.211896e+01
   endloop
 endfacet
 facet normal  0.000000e+00  1.000000e+00  0.000000e+00
   outer loop
     vertex  1.525000e+02  1.367000e+02  3.810134e+01
     vertex  9.075664e+01  1.367000e+02  2.211896e+01
     vertex  9.069822e+01  1.367000e+02  2.213892e+01
   endloop
 endfacet
 facet normal  0.000000e+00  1.000000e+00  0.000000e+00
   outer loop
     vertex  1.525000e+02  1.367000e+02  3.810134e+01
     vertex  9.069822e+01  1.367000e+02  2.213892e+01
     vertex  9.063928e+01  1.367000e+02  2.215727e+01
   endloop
 endfacet
 facet normal  0.000000e+00  1.000000e+00  0.000000e+00
   outer loop
     vertex  1.525000e+02  1.367000e+02  3.810134e+01
     vertex  9.063928e+01  1.367000e+02  2.215727e+01
     vertex  9.057986e+01  1.367000e+02  2.217400e+01
   endloop
 endfacet
 facet normal  0.000000e+00  1.000000e+00  0.000000e+00
   outer loop
     vertex  1.525000e+02  1.367000e+02  3.810134e+01
     vertex  9.057986e+01  1.367000e+02  2.217400e+01
     vertex  9.052000e+01  1.367000e+02  2.218909e+01
   endloop
 endfacet
 facet normal  0.000000e+00  1.000000e+00  0.000000e+00
   outer loop
     vertex  1.525000e+02  1.367000e+02  3.810134e+01
     vertex  9.052000e+01  1.367000e+02  2.218909e+01
     vertex  9.045975e+01  1.367000e+02  2.220253e+01
   endloop
 endfacet
 facet normal  0.000000e+00  1.000000e+00  0.000000e+00
   outer loop
     vertex  1.525000e+02  1.367000e+02  3.810134e+01
     vertex  9.045975e+01  1.367000e+02  2.220253e+01
     vertex  9.039915e+01  1.367000e+02  2.221431e+01
   endloop
 endfacet
 facet normal  0.000000e+00  1.000000e+00  0.000000e+00
   outer loop
     vertex  1.525000e+02  1.367000e+02  3.810134e+01
     vertex  9.039915e+01  1.367000e+02  2.221431e+01
     vertex  9.033825e+01  1.367000e+02  2.222443e+01
   endloop
 endfacet
 facet normal  0.000000e+00  1.000000e+00  0.000000e+00
   outer loop
     vertex  1.525000e+02  1.367000e+02  3.810134e+01
     vertex  9.033825e+01  1.367000e+02  2.222443e+01
     vertex  9.027710e+01  1.367000e+02  2.223287e+01
   endloop
 endfacet
 facet normal  0.000000e+00  1.000000e+00  0.000000e+00
   outer loop
     vertex  1.525000e+02  1.367000e+02  3.810134e+01
     vertex  9.027710e+01  1.367000e+02  2.223287e+01
     vertex  9.021574e+01  1.367000e+02  2.223963e+01
   endloop
 endfacet
 facet normal  0.000000e+00  1.000000e+00  0.000000e+00
   outer loop
     vertex  1.525000e+02  1.367000e+02  3.810134e+01
     vertex  1.525000e+02  1.367000e+02  0.000000e+00
     vertex  9.224868e+01  1.367000e+02  1.992285e+01
   endloop
 endfacet
 facet normal  0.000000e+00  1.000000e+00  0.000000e+00
   outer loop
     vertex  1.525000e+02  1.367000e+02  3.810134e+01
     vertex  9.224868e+01  1.367000e+02  1.992285e+01
     vertex  9.224995e+01  1.367000e+02  1.998457e+01
   endloop
 endfacet
 facet normal  0.000000e+00  1.000000e+00  0.000000e+00
   outer loop
     vertex  1.525000e+02  1.367000e+02  3.810134e+01
     vertex  9.224995e+01  1.367000e+02  1.998457e+01
     vertex  9.224952e+01  1.367000e+02  2.004630e+01
   endloop
 endfacet
 facet normal  0.000000e+00  1.000000e+00  0.000000e+00
   outer loop
     vertex  1.525000e+02  1.367000e+02  3.810134e+01
     vertex  9.224952e+01  1.367000e+02  2.004630e+01
     vertex  9.224741e+01  1.367000e+02  2.010799e+01
   endloop
 endfacet
 facet normal  0.000000e+00  1.000000e+00  0.000000e+00
   outer loop
     vertex  1.525000e+02  1.367000e+02  3.810134e+01
     vertex  9.224741e+01  1.367000e+02  2.010799e+01
     vertex  9.224360e+01  1.367000e+02  2.016961e+01
   endloop
 endfacet
 facet normal  0.000000e+00  1.000000e+00  0.000000e+00
   outer loop
     vertex  1.525000e+02  1.367000e+02  3.810134e+01
     vertex  9.224360e+01  1.367000e+02  2.016961e+01
     vertex  9.223810e+01  1.367000e+02  2.023110e+01
   endloop
 endfacet
 facet normal  0.000000e+00  1.000000e+00  0.000000e+00
   outer loop
     vertex  1.525000e+02  1.367000e+02  3.810134e+01
     vertex  9.223810e+01  1.367000e+02  2.023110e+01
     vertex  9.223092e+01  1.367000e+02  2.029241e+01
   endloop
 endfacet
 facet normal  0.000000e+00  1.000000e+00  0.000000e+00
   outer loop
     vertex  1.525000e+02  1.367000e+02  3.810134e+01
     vertex  9.223092e+01  1.367000e+02  2.029241e+01
     vertex  9.222206e+01  1.367000e+02  2.035350e+01
   endloop
 endfacet
 facet normal  0.000000e+00  1.000000e+00  0.000000e+00
   outer loop
     vertex  1.525000e+02  1.367000e+02  3.810134e+01
     vertex  9.222206e+01  1.367000e+02  2.035350e+01
     vertex  9.221152e+01  1.367000e+02  2.041433e+01
   endloop
 endfacet
 facet normal  0.000000e+00  1.000000e+00  0.000000e+00
   outer loop
     vertex  1.525000e+02  1.367000e+02  3.810134e+01
     vertex  9.221152e+01  1.367000e+02  2.041433e+01
     vertex  9.219932e+01  1.367000e+02  2.047484e+01
   endloop
 endfacet
 facet normal  0.000000e+00  1.000000e+00  0.000000e+00
   outer loop
     vertex  1.525000e+02  1.367000e+02  3.810134e+01
     vertex  9.219932e+01  1.367000e+02  2.047484e+01
     vertex  9.218547e+01  1.367000e+02  2.053500e+01
   endloop
 endfacet
 facet normal  0.000000e+00  1.000000e+00  0.000000e+00
   outer loop
     vertex  1.525000e+02  1.367000e+02  3.810134e+01
     vertex  9.218547e+01  1.367000e+02  2.053500e+01
     vertex  9.216997e+01  1.367000e+02  2.059476e+01
   endloop
 endfacet
 facet normal  0.000000e+00  1.000000e+00  0.000000e+00
   outer loop
     vertex  1.525000e+02  1.367000e+02  3.810134e+01
     vertex  9.216997e+01  1.367000e+02  2.059476e+01
     vertex  9.215284e+01  1.367000e+02  2.065406e+01
   endloop
 endfacet
 facet normal  0.000000e+00  1.000000e+00  0.000000e+00
   outer loop
     vertex  1.525000e+02  1.367000e+02  3.810134e+01
     vertex  9.215284e+01  1.367000e+02  2.065406e+01
     vertex  9.213408e+01  1.367000e+02  2.071288e+01
   endloop
 endfacet
 facet normal  0.000000e+00  1.000000e+00  0.000000e+00
   outer loop
     vertex  1.525000e+02  1.367000e+02  3.810134e+01
     vertex  9.213408e+01  1.367000e+02  2.071288e+01
     vertex  9.211372e+01  1.367000e+02  2.077116e+01
   endloop
 endfacet
 facet normal  0.000000e+00  1.000000e+00  0.000000e+00
   outer loop
     vertex  1.525000e+02  1.367000e+02  3.810134e+01
     vertex  9.211372e+01  1.367000e+02  2.077116e+01
     vertex  9.209177e+01  1.367000e+02  2.082885e+01
   endloop
 endfacet
 facet normal  0.000000e+00  1.000000e+00  0.000000e+00
   outer loop
     vertex  1.525000e+02  1.367000e+02  3.810134e+01
     vertex  9.209177e+01  1.367000e+02  2.082885e+01
     vertex  9.206824e+01  1.367000e+02  2.088593e+01
   endloop
 endfacet
 facet normal  0.000000e+00  1.000000e+00  0.000000e+00
   outer loop
     vertex  1.525000e+02  1.367000e+02  3.810134e+01
     vertex  9.206824e+01  1.367000e+02  2.088593e+01
     vertex  9.204316e+01  1.367000e+02  2.094233e+01
   endloop
 endfacet
 facet normal  0.000000e+00  1.000000e+00  0.000000e+00
   outer loop
     vertex  1.525000e+02  1.367000e+02  3.810134e+01
     vertex  9.204316e+01  1.367000e+02  2.094233e+01
     vertex  9.201654e+01  1.367000e+02  2.099803e+01
   endloop
 endfacet
 facet normal  0.000000e+00  1.000000e+00  0.000000e+00
   outer loop
     vertex  1.525000e+02  1.367000e+02  3.810134e+01
     vertex  9.201654e+01  1.367000e+02  2.099803e+01
     vertex  9.198840e+01  1.367000e+02  2.105298e+01
   endloop
 endfacet
 facet normal  0.000000e+00  1.000000e+00  0.000000e+00
   outer loop
     vertex  1.525000e+02  1.367000e+02  3.810134e+01
     vertex  9.198840e+01  1.367000e+02  2.105298e+01
     vertex  9.195876e+01  1.367000e+02  2.110713e+01
   endloop
 endfacet
 facet normal  0.000000e+00  1.000000e+00  0.000000e+00
   outer loop
     vertex  1.525000e+02  1.367000e+02  3.810134e+01
     vertex  9.195876e+01  1.367000e+02  2.110713e+01
     vertex  9.192765e+01  1.367000e+02  2.116045e+01
   endloop
 endfacet
 facet normal  0.000000e+00  1.000000e+00  0.000000e+00
   outer loop
     vertex  1.525000e+02  1.367000e+02  3.810134e+01
     vertex  9.192765e+01  1.367000e+02  2.116045e+01
     vertex  9.189509e+01  1.367000e+02  2.121290e+01
   endloop
 endfacet
 facet normal  0.000000e+00  1.000000e+00  0.000000e+00
   outer loop
     vertex  1.525000e+02  1.367000e+02  3.810134e+01
     vertex  9.189509e+01  1.367000e+02  2.121290e+01
     vertex  9.186110e+01  1.367000e+02  2.126443e+01
   endloop
 endfacet
 facet normal  0.000000e+00  1.000000e+00  0.000000e+00
   outer loop
     vertex  1.525000e+02  1.367000e+02  3.810134e+01
     vertex  9.186110e+01  1.367000e+02  2.126443e+01
     vertex  9.182572e+01  1.367000e+02  2.131501e+01
   endloop
 endfacet
 facet normal  0.000000e+00  1.000000e+00  0.000000e+00
   outer loop
     vertex  1.525000e+02  1.367000e+02  3.810134e+01
     vertex  9.182572e+01  1.367000e+02  2.131501e+01
     vertex  9.178895e+01  1.367000e+02  2.136461e+01
   endloop
 endfacet
 facet normal  0.000000e+00  1.000000e+00  0.000000e+00
   outer loop
     vertex  1.525000e+02  1.367000e+02  3.810134e+01
     vertex  9.178895e+01  1.367000e+02  2.136461e+01
     vertex  9.175084e+01  1.367000e+02  2.141317e+01
   endloop
 endfacet
 facet normal  0.000000e+00  1.000000e+00  0.000000e+00
   outer loop
     vertex  1.525000e+02  1.367000e+02  3.810134e+01
     vertex  9.021574e+01  1.367000e+02  2.223963e+01
     vertex  4.650000e+01  1.367000e+02  3.810134e+01
   endloop
 endfacet
 facet normal  0.000000e+00  1.000000e+00  0.000000e+00
   outer loop
     vertex  1.525000e+02  1.367000e+02  3.810134e+01
     vertex  9.175084e+01  1.367000e+02  2.141317e+01
     vertex  9.171141e+01  1.367000e+02  2.146067e+01
   endloop
 endfacet
 facet normal  0.000000e+00  1.000000e+00  0.000000e+00
   outer loop
     vertex  1.525000e+02  1.367000e+02  3.810134e+01
     vertex  9.171141e+01  1.367000e+02  2.146067e+01
     vertex  9.167070e+01  1.367000e+02  2.150707e+01
   endloop
 endfacet
 facet normal  0.000000e+00  1.000000e+00  0.000000e+00
   outer loop
     vertex  1.525000e+02  1.367000e+02  3.810134e+01
     vertex  9.167070e+01  1.367000e+02  2.150707e+01
     vertex  9.162872e+01  1.367000e+02  2.155234e+01
   endloop
 endfacet
 facet normal  0.000000e+00  1.000000e+00  0.000000e+00
   outer loop
     vertex  1.525000e+02  1.367000e+02  3.810134e+01
     vertex  9.162872e+01  1.367000e+02  2.155234e+01
     vertex  9.158552e+01  1.367000e+02  2.159644e+01
   endloop
 endfacet
 facet normal  0.000000e+00  1.000000e+00  0.000000e+00
   outer loop
     vertex  1.525000e+02  1.367000e+02  3.810134e+01
     vertex  9.158552e+01  1.367000e+02  2.159644e+01
     vertex  9.154113e+01  1.367000e+02  2.163933e+01
   endloop
 endfacet
 facet normal  0.000000e+00  1.000000e+00  0.000000e+00
   outer loop
     vertex  1.525000e+02  1.367000e+02  3.810134e+01
     vertex  9.154113e+01  1.367000e+02  2.163933e+01
     vertex  9.149558e+01  1.367000e+02  2.168100e+01
   endloop
 endfacet
 facet normal  0.000000e+00  1.000000e+00  0.000000e+00
   outer loop
     vertex  1.525000e+02  1.367000e+02  3.810134e+01
     vertex  9.149558e+01  1.367000e+02  2.168100e+01
     vertex  9.144890e+01  1.367000e+02  2.172139e+01
   endloop
 endfacet
 facet normal  0.000000e+00  1.000000e+00  0.000000e+00
   outer loop
     vertex  1.525000e+02  1.367000e+02  3.810134e+01
     vertex  9.144890e+01  1.367000e+02  2.172139e+01
     vertex  9.140113e+01  1.367000e+02  2.176049e+01
   endloop
 endfacet
 facet normal  0.000000e+00  1.000000e+00  0.000000e+00
   outer loop
     vertex  1.525000e+02  1.367000e+02  3.810134e+01
     vertex  9.140113e+01  1.367000e+02  2.176049e+01
     vertex  9.135230e+01  1.367000e+02  2.179827e+01
   endloop
 endfacet
 facet normal  0.000000e+00  1.000000e+00  0.000000e+00
   outer loop
     vertex  1.525000e+02  1.367000e+02  3.810134e+01
     vertex  9.135230e+01  1.367000e+02  2.179827e+01
     vertex  9.130246e+01  1.367000e+02  2.183469e+01
   endloop
 endfacet
 facet normal  0.000000e+00  1.000000e+00  0.000000e+00
   outer loop
     vertex  1.525000e+02  1.367000e+02  3.810134e+01
     vertex  9.130246e+01  1.367000e+02  2.183469e+01
     vertex  9.125164e+01  1.367000e+02  2.186973e+01
   endloop
 endfacet
 facet normal  0.000000e+00  1.000000e+00  0.000000e+00
   outer loop
     vertex  1.525000e+02  1.367000e+02  3.810134e+01
     vertex  9.125164e+01  1.367000e+02  2.186973e+01
     vertex  9.119987e+01  1.367000e+02  2.190337e+01
   endloop
 endfacet
 facet normal  0.000000e+00  1.000000e+00  0.000000e+00
   outer loop
     vertex  1.525000e+02  1.367000e+02  3.810134e+01
     vertex  9.119987e+01  1.367000e+02  2.190337e+01
     vertex  9.114720e+01  1.367000e+02  2.193557e+01
   endloop
 endfacet
 facet normal  0.000000e+00  1.000000e+00  0.000000e+00
   outer loop
     vertex  1.525000e+02  1.367000e+02  3.810134e+01
     vertex  9.114720e+01  1.367000e+02  2.193557e+01
     vertex  9.109367e+01  1.367000e+02  2.196631e+01
   endloop
 endfacet
 facet normal  0.000000e+00  1.371831e-02  9.999059e-01
   outer loop
     vertex  1.475000e+02  8.896571e+01  8.750470e+00
     vertex  1.525000e+02  8.900000e+01  8.750000e+00
     vertex  1.475000e+02  8.900000e+01  8.750000e+00
   endloop
 endfacet
 facet normal -0.000000e+00  1.371831e-02  9.999059e-01
   outer loop
     vertex  1.475000e+02  8.896571e+01  8.750470e+00
     vertex  1.525000e+02  8.896571e+01  8.750470e+00
     vertex  1.525000e+02  8.900000e+01  8.750000e+00
   endloop
 endfacet
 facet normal -0.000000e+00  4.114462e-02  9.991532e-01
   outer loop
     vertex  1.475000e+02  8.893144e+01  8.751882e+00
     vertex  1.525000e+02  8.893144e+01  8.751882e+00
     vertex  1.525000e+02  8.896571e+01  8.750470e+00
   endloop
 endfacet
 facet normal -0.000000e+00  6.853995e-02  9.976484e-01
   outer loop
     vertex  1.475000e+02  8.893144e+01  8.751882e+00
     vertex  1.525000e+02  8.889723e+01  8.754232e+00
     vertex  1.525000e+02  8.893144e+01  8.751882e+00
   endloop
 endfacet
 facet normal  0.000000e+00  4.114462e-02  9.991532e-01
   outer loop
     vertex  1.475000e+02  8.893144e+01  8.751882e+00
     vertex  1.525000e+02  8.896571e+01  8.750470e+00
     vertex  1.475000e+02  8.896571e+01  8.750470e+00
   endloop
 endfacet
 facet normal -0.000000e+00  6.853995e-02  9.976484e-01
   outer loop
     vertex  1.475000e+02  8.889723e+01  8.754232e+00
     vertex  1.525000e+02  8.889723e+01  8.754232e+00
     vertex  1.475000e+02  8.893144e+01  8.751882e+00
   endloop
 endfacet
 facet normal -0.000000e+00  9.588368e-02  9.953925e-01
   outer loop
     vertex  1.475000e+02  8.886309e+01  8.757521e+00
     vertex  1.525000e+02  8.886309e+01  8.757521e+00
     vertex  1.525000e+02  8.889723e+01  8.754232e+00
   endloop
 endfacet
 facet normal  0.000000e+00  9.588368e-02  9.953925e-01
   outer loop
     vertex  1.475000e+02  8.886309e+01  8.757521e+00
     vertex  1.525000e+02  8.889723e+01  8.754232e+00
     vertex  1.475000e+02  8.889723e+01  8.754232e+00
   endloop
 endfacet
 facet normal -0.000000e+00  1.231552e-01  9.923874e-01
   outer loop
     vertex  1.475000e+02  8.882905e+01  8.761744e+00
     vertex  1.525000e+02  8.882905e+01  8.761744e+00
     vertex  1.525000e+02  8.886309e+01  8.757521e+00
   endloop
 endfacet
 facet normal -0.000000e+00  1.503341e-01  9.886353e-01
   outer loop
     vertex  1.475000e+02  8.882905e+01  8.761744e+00
     vertex  1.525000e+02  8.879515e+01  8.766900e+00
     vertex  1.525000e+02  8.882905e+01  8.761744e+00
   endloop
 endfacet
 facet normal  0.000000e+00  1.231552e-01  9.923874e-01
   outer loop
     vertex  1.475000e+02  8.882905e+01  8.761744e+00
     vertex  1.525000e+02  8.886309e+01  8.757521e+00
     vertex  1.475000e+02  8.886309e+01  8.757521e+00
   endloop
 endfacet
 facet normal -0.000000e+00  1.503341e-01  9.886353e-01
   outer loop
     vertex  1.475000e+02  8.879515e+01  8.766900e+00
     vertex  1.525000e+02  8.879515e+01  8.766900e+00
     vertex  1.475000e+02  8.882905e+01  8.761744e+00
   endloop
 endfacet
 facet normal -0.000000e+00  1.773998e-01  9.841389e-01
   outer loop
     vertex  1.475000e+02  8.876140e+01  8.772984e+00
     vertex  1.525000e+02  8.876140e+01  8.772984e+00
     vertex  1.525000e+02  8.879515e+01  8.766900e+00
   endloop
 endfacet
 facet normal  0.000000e+00  1.773998e-01  9.841389e-01
   outer loop
     vertex  1.475000e+02  8.876140e+01  8.772984e+00
     vertex  1.525000e+02  8.879515e+01  8.766900e+00
     vertex  1.475000e+02  8.879515e+01  8.766900e+00
   endloop
 endfacet
 facet normal -0.000000e+00  2.043319e-01  9.789017e-01
   outer loop
     vertex  1.475000e+02  8.872782e+01  8.779992e+00
     vertex  1.525000e+02  8.872782e+01  8.779992e+00
     vertex  1.525000e+02  8.876140e+01  8.772984e+00
   endloop
 endfacet
 facet normal  0.000000e+00  2.043319e-01  9.789017e-01
   outer loop
     vertex  1.475000e+02  8.872782e+01  8.779992e+00
     vertex  1.525000e+02  8.876140e+01  8.772984e+00
     vertex  1.475000e+02  8.876140e+01  8.772984e+00
   endloop
 endfacet
 facet normal -0.000000e+00  2.311102e-01  9.729276e-01
   outer loop
     vertex  1.475000e+02  8.869446e+01  8.787918e+00
     vertex  1.525000e+02  8.869446e+01  8.787918e+00
     vertex  1.525000e+02  8.872782e+01  8.779992e+00
   endloop
 endfacet
 facet normal  0.000000e+00  2.311102e-01  9.729276e-01
   outer loop
     vertex  1.475000e+02  8.869446e+01  8.787918e+00
     vertex  1.525000e+02  8.872782e+01  8.779992e+00
     vertex  1.475000e+02  8.872782e+01  8.779992e+00
   endloop
 endfacet
 facet normal  0.000000e+00  2.577146e-01  9.662211e-01
   outer loop
     vertex  1.475000e+02  8.866132e+01  8.796757e+00
     vertex  1.525000e+02  8.869446e+01  8.787918e+00
     vertex  1.475000e+02  8.869446e+01  8.787918e+00
   endloop
 endfacet
 facet normal -0.000000e+00  2.577146e-01  9.662211e-01
   outer loop
     vertex  1.475000e+02  8.866132e+01  8.796757e+00
     vertex  1.525000e+02  8.866132e+01  8.796757e+00
     vertex  1.525000e+02  8.869446e+01  8.787918e+00
   endloop
 endfacet
 facet normal -0.000000e+00  2.841250e-01  9.587873e-01
   outer loop
     vertex  1.475000e+02  8.866132e+01  8.796757e+00
     vertex  1.525000e+02  8.862844e+01  8.806501e+00
     vertex  1.525000e+02  8.866132e+01  8.796757e+00
   endloop
 endfacet
 facet normal -0.000000e+00  2.841250e-01  9.587873e-01
   outer loop
     vertex  1.475000e+02  8.862844e+01  8.806501e+00
     vertex  1.525000e+02  8.862844e+01  8.806501e+00
     vertex  1.475000e+02  8.866132e+01  8.796757e+00
   endloop
 endfacet
 facet normal -0.000000e+00  3.103214e-01  9.506317e-01
   outer loop
     vertex  1.475000e+02  8.862844e+01  8.806501e+00
     vertex  1.525000e+02  8.859583e+01  8.817144e+00
     vertex  1.525000e+02  8.862844e+01  8.806501e+00
   endloop
 endfacet
 facet normal -0.000000e+00  3.103214e-01  9.506317e-01
   outer loop
     vertex  1.475000e+02  8.859583e+01  8.817144e+00
     vertex  1.525000e+02  8.859583e+01  8.817144e+00
     vertex  1.475000e+02  8.862844e+01  8.806501e+00
   endloop
 endfacet
 facet normal  0.000000e+00  3.362843e-01  9.417605e-01
   outer loop
     vertex  1.475000e+02  8.856353e+01  8.828677e+00
     vertex  1.525000e+02  8.859583e+01  8.817144e+00
     vertex  1.475000e+02  8.859583e+01  8.817144e+00
   endloop
 endfacet
 facet normal -0.000000e+00  3.362843e-01  9.417605e-01
   outer loop
     vertex  1.475000e+02  8.856353e+01  8.828677e+00
     vertex  1.525000e+02  8.856353e+01  8.828677e+00
     vertex  1.525000e+02  8.859583e+01  8.817144e+00
   endloop
 endfacet
 facet normal -0.000000e+00  3.619940e-01  9.321804e-01
   outer loop
     vertex  1.475000e+02  8.856353e+01  8.828677e+00
     vertex  1.525000e+02  8.853157e+01  8.841092e+00
     vertex  1.525000e+02  8.856353e+01  8.828677e+00
   endloop
 endfacet
 facet normal -0.000000e+00  3.619940e-01  9.321804e-01
   outer loop
     vertex  1.475000e+02  8.853157e+01  8.841092e+00
     vertex  1.525000e+02  8.853157e+01  8.841092e+00
     vertex  1.475000e+02  8.856353e+01  8.828677e+00
   endloop
 endfacet
 facet normal  0.000000e+00  3.874313e-01  9.218986e-01
   outer loop
     vertex  1.475000e+02  8.849995e+01  8.854379e+00
     vertex  1.525000e+02  8.853157e+01  8.841092e+00
     vertex  1.475000e+02  8.853157e+01  8.841092e+00
   endloop
 endfacet
 facet normal -0.000000e+00  3.874313e-01  9.218986e-01
   outer loop
     vertex  1.475000e+02  8.849995e+01  8.854379e+00
     vertex  1.525000e+02  8.849995e+01  8.854379e+00
     vertex  1.525000e+02  8.853157e+01  8.841092e+00
   endloop
 endfacet
 facet normal  0.000000e+00  4.125769e-01  9.109228e-01
   outer loop
     vertex  1.475000e+02  8.846871e+01  8.868528e+00
     vertex  1.525000e+02  8.849995e+01  8.854379e+00
     vertex  1.475000e+02  8.849995e+01  8.854379e+00
   endloop
 endfacet
 facet normal -0.000000e+00  4.125769e-01  9.109228e-01
   outer loop
     vertex  1.475000e+02  8.846871e+01  8.868528e+00
     vertex  1.525000e+02  8.846871e+01  8.868528e+00
     vertex  1.525000e+02  8.849995e+01  8.854379e+00
   endloop
 endfacet
 facet normal  0.000000e+00  4.374119e-01  8.992613e-01
   outer loop
     vertex  1.475000e+02  8.843787e+01  8.883530e+00
     vertex  1.525000e+02  8.846871e+01  8.868528e+00
     vertex  1.475000e+02  8.846871e+01  8.868528e+00
   endloop
 endfacet
 facet normal -0.000000e+00  4.374119e-01  8.992613e-01
   outer loop
     vertex  1.475000e+02  8.843787e+01  8.883530e+00
     vertex  1.525000e+02  8.843787e+01  8.883530e+00
     vertex  1.525000e+02  8.846871e+01  8.868528e+00
   endloop
 endfacet
 facet normal  0.000000e+00  4.619176e-01  8.869228e-01
   outer loop
     vertex  1.475000e+02  8.840745e+01  8.899372e+00
     vertex  1.525000e+02  8.843787e+01  8.883530e+00
     vertex  1.475000e+02  8.843787e+01  8.883530e+00
   endloop
 endfacet
 facet normal -0.000000e+00  4.619176e-01  8.869228e-01
   outer loop
     vertex  1.475000e+02  8.840745e+01  8.899372e+00
     vertex  1.525000e+02  8.840745e+01  8.899372e+00
     vertex  1.525000e+02  8.843787e+01  8.883530e+00
   endloop
 endfacet
 facet normal  0.000000e+00  4.860756e-01  8.739167e-01
   outer loop
     vertex  1.475000e+02  8.837748e+01  8.916042e+00
     vertex  1.525000e+02  8.840745e+01  8.899372e+00
     vertex  1.475000e+02  8.840745e+01  8.899372e+00
   endloop
 endfacet
 facet normal -0.000000e+00  4.860756e-01  8.739167e-01
   outer loop
     vertex  1.475000e+02  8.837748e+01  8.916042e+00
     vertex  1.525000e+02  8.837748e+01  8.916042e+00
     vertex  1.525000e+02  8.840745e+01  8.899372e+00
   endloop
 endfacet
 facet normal  0.000000e+00  5.098678e-01  8.602528e-01
   outer loop
     vertex  1.475000e+02  8.834797e+01  8.933528e+00
     vertex  1.525000e+02  8.837748e+01  8.916042e+00
     vertex  1.475000e+02  8.837748e+01  8.916042e+00
   endloop
 endfacet
 facet normal -0.000000e+00  5.098678e-01  8.602528e-01
   outer loop
     vertex  1.475000e+02  8.834797e+01  8.933528e+00
     vertex  1.525000e+02  8.834797e+01  8.933528e+00
     vertex  1.525000e+02  8.837748e+01  8.916042e+00
   endloop
 endfacet
 facet normal  0.000000e+00  5.332761e-01  8.459413e-01
   outer loop
     vertex  1.475000e+02  8.831896e+01  8.951817e+00
     vertex  1.525000e+02  8.834797e+01  8.933528e+00
     vertex  1.475000e+02  8.834797e+01  8.933528e+00
   endloop
 endfacet
 facet normal -0.000000e+00  5.332761e-01  8.459413e-01
   outer loop
     vertex  1.475000e+02  8.831896e+01  8.951817e+00
     vertex  1.525000e+02  8.831896e+01  8.951817e+00
     vertex  1.525000e+02  8.834797e+01  8.933528e+00
   endloop
 endfacet
 facet normal -0.000000e+00  5.562829e-01  8.309929e-01
   outer loop
     vertex  1.475000e+02  8.829046e+01  8.970896e+00
     vertex  1.525000e+02  8.829046e+01  8.970896e+00
     vertex  1.525000e+02  8.831896e+01  8.951817e+00
   endloop
 endfacet
 facet normal  0.000000e+00  5.562829e-01  8.309929e-01
   outer loop
     vertex  1.475000e+02  8.829046e+01  8.970896e+00
     vertex  1.525000e+02  8.831896e+01  8.951817e+00
     vertex  1.475000e+02  8.831896e+01  8.951817e+00
   endloop
 endfacet
 facet normal -0.000000e+00  5.788711e-01  8.154191e-01
   outer loop
     vertex  1.475000e+02  8.826250e+01  8.990748e+00
     vertex  1.525000e+02  8.826250e+01  8.990748e+00
     vertex  1.525000e+02  8.829046e+01  8.970896e+00
   endloop
 endfacet
 facet normal  0.000000e+00  5.788711e-01  8.154191e-01
   outer loop
     vertex  1.475000e+02  8.826250e+01  8.990748e+00
     vertex  1.525000e+02  8.829046e+01  8.970896e+00
     vertex  1.475000e+02  8.829046e+01  8.970896e+00
   endloop
 endfacet
 facet normal -0.000000e+00  6.010234e-01  7.992314e-01
   outer loop
     vertex  1.475000e+02  8.823509e+01  9.011361e+00
     vertex  1.525000e+02  8.823509e+01  9.011361e+00
     vertex  1.525000e+02  8.826250e+01  8.990748e+00
   endloop
 endfacet
 facet normal  0.000000e+00  6.010234e-01  7.992314e-01
   outer loop
     vertex  1.475000e+02  8.823509e+01  9.011361e+00
     vertex  1.525000e+02  8.826250e+01  8.990748e+00
     vertex  1.475000e+02  8.826250e+01  8.990748e+00
   endloop
 endfacet
 facet normal -0.000000e+00  6.227234e-01  7.824421e-01
   outer loop
     vertex  1.475000e+02  8.820825e+01  9.032718e+00
     vertex  1.525000e+02  8.820825e+01  9.032718e+00
     vertex  1.525000e+02  8.823509e+01  9.011361e+00
   endloop
 endfacet
 facet normal -0.000000e+00  6.439545e-01  7.650637e-01
   outer loop
     vertex  1.475000e+02  8.820825e+01  9.032718e+00
     vertex  1.525000e+02  8.818201e+01  9.054803e+00
     vertex  1.525000e+02  8.820825e+01  9.032718e+00
   endloop
 endfacet
 facet normal  0.000000e+00  6.227234e-01  7.824421e-01
   outer loop
     vertex  1.475000e+02  8.820825e+01  9.032718e+00
     vertex  1.525000e+02  8.823509e+01  9.011361e+00
     vertex  1.475000e+02  8.823509e+01  9.011361e+00
   endloop
 endfacet
 facet normal -0.000000e+00  6.439545e-01  7.650637e-01
   outer loop
     vertex  1.475000e+02  8.818201e+01  9.054803e+00
     vertex  1.525000e+02  8.818201e+01  9.054803e+00
     vertex  1.475000e+02  8.820825e+01  9.032718e+00
   endloop
 endfacet
 facet normal -0.000000e+00  6.647010e-01  7.471095e-01
   outer loop
     vertex  1.475000e+02  8.815639e+01  9.077599e+00
     vertex  1.525000e+02  8.815639e+01  9.077599e+00
     vertex  1.525000e+02  8.818201e+01  9.054803e+00
   endloop
 endfacet
 facet normal  0.000000e+00  6.647010e-01  7.471095e-01
   outer loop
     vertex  1.475000e+02  8.815639e+01  9.077599e+00
     vertex  1.525000e+02  8.818201e+01  9.054803e+00
     vertex  1.475000e+02  8.818201e+01  9.054803e+00
   endloop
 endfacet
 facet normal -0.000000e+00  6.849470e-01  7.285929e-01
   outer loop
     vertex  1.475000e+02  8.813140e+01  9.101090e+00
     vertex  1.525000e+02  8.813140e+01  9.101090e+00
     vertex  1.525000e+02  8.815639e+01  9.077599e+00
   endloop
 endfacet
 facet normal  0.000000e+00  6.849470e-01  7.285929e-01
   outer loop
     vertex  1.475000e+02  8.813140e+01  9.101090e+00
     vertex  1.525000e+02  8.815639e+01  9.077599e+00
     vertex  1.475000e+02  8.815639e+01  9.077599e+00
   endloop
 endfacet
 facet normal -0.000000e+00  7.046775e-01  7.095278e-01
   outer loop
     vertex  1.475000e+02  8.810707e+01  9.125257e+00
     vertex  1.525000e+02  8.810707e+01  9.125257e+00
     vertex  1.525000e+02  8.813140e+01  9.101090e+00
   endloop
 endfacet
 facet normal  0.000000e+00  7.046775e-01  7.095278e-01
   outer loop
     vertex  1.475000e+02  8.810707e+01  9.125257e+00
     vertex  1.525000e+02  8.813140e+01  9.101090e+00
     vertex  1.475000e+02  8.813140e+01  9.101090e+00
   endloop
 endfacet
 facet normal -0.000000e+00  7.238775e-01  6.899286e-01
   outer loop
     vertex  1.475000e+02  8.808341e+01  9.150083e+00
     vertex  1.525000e+02  8.808341e+01  9.150083e+00
     vertex  1.525000e+02  8.810707e+01  9.125257e+00
   endloop
 endfacet
 facet normal  0.000000e+00  7.238775e-01  6.899286e-01
   outer loop
     vertex  1.475000e+02  8.808341e+01  9.150083e+00
     vertex  1.525000e+02  8.810707e+01  9.125257e+00
     vertex  1.475000e+02  8.810707e+01  9.125257e+00
   endloop
 endfacet
 facet normal -0.000000e+00  7.425325e-01  6.698100e-01
   outer loop
     vertex  1.475000e+02  8.806044e+01  9.175549e+00
     vertex  1.525000e+02  8.806044e+01  9.175549e+00
     vertex  1.525000e+02  8.808341e+01  9.150083e+00
   endloop
 endfacet
 facet normal  0.000000e+00  7.425325e-01  6.698100e-01
   outer loop
     vertex  1.475000e+02  8.806044e+01  9.175549e+00
     vertex  1.525000e+02  8.808341e+01  9.150083e+00
     vertex  1.475000e+02  8.808341e+01  9.150083e+00
   endloop
 endfacet
 facet normal -0.000000e+00  7.606287e-01  6.491872e-01
   outer loop
     vertex  1.475000e+02  8.803817e+01  9.201636e+00
     vertex  1.525000e+02  8.803817e+01  9.201636e+00
     vertex  1.525000e+02  8.806044e+01  9.175549e+00
   endloop
 endfacet
 facet normal  0.000000e+00  7.606287e-01  6.491872e-01
   outer loop
     vertex  1.475000e+02  8.803817e+01  9.201636e+00
     vertex  1.525000e+02  8.806044e+01  9.175549e+00
     vertex  1.475000e+02  8.806044e+01  9.175549e+00
   endloop
 endfacet
 facet normal -0.000000e+00  7.781522e-01  6.280757e-01
   outer loop
     vertex  1.475000e+02  8.801663e+01  9.228323e+00
     vertex  1.525000e+02  8.801663e+01  9.228323e+00
     vertex  1.525000e+02  8.803817e+01  9.201636e+00
   endloop
 endfacet
 facet normal  0.000000e+00  7.781522e-01  6.280757e-01
   outer loop
     vertex  1.475000e+02  8.801663e+01  9.228323e+00
     vertex  1.525000e+02  8.803817e+01  9.201636e+00
     vertex  1.475000e+02  8.803817e+01  9.201636e+00
   endloop
 endfacet
 facet normal -0.000000e+00  7.950900e-01  6.064915e-01
   outer loop
     vertex  1.475000e+02  8.799583e+01  9.255591e+00
     vertex  1.525000e+02  8.799583e+01  9.255591e+00
     vertex  1.525000e+02  8.801663e+01  9.228323e+00
   endloop
 endfacet
 facet normal  0.000000e+00  7.950900e-01  6.064915e-01
   outer loop
     vertex  1.475000e+02  8.799583e+01  9.255591e+00
     vertex  1.525000e+02  8.801663e+01  9.228323e+00
     vertex  1.475000e+02  8.801663e+01  9.228323e+00
   endloop
 endfacet
 facet normal -0.000000e+00  8.114292e-01  5.844507e-01
   outer loop
     vertex  1.475000e+02  8.797579e+01  9.283420e+00
     vertex  1.525000e+02  8.797579e+01  9.283420e+00
     vertex  1.525000e+02  8.799583e+01  9.255591e+00
   endloop
 endfacet
 facet normal  0.000000e+00  8.114292e-01  5.844507e-01
   outer loop
     vertex  1.475000e+02  8.797579e+01  9.283420e+00
     vertex  1.525000e+02  8.799583e+01  9.255591e+00
     vertex  1.475000e+02  8.799583e+01  9.255591e+00
   endloop
 endfacet
 facet normal  0.000000e+00  8.271577e-01  5.619699e-01
   outer loop
     vertex  1.475000e+02  8.795651e+01  9.311788e+00
     vertex  1.525000e+02  8.797579e+01  9.283420e+00
     vertex  1.475000e+02  8.797579e+01  9.283420e+00
   endloop
 endfacet
 facet normal -0.000000e+00  8.271577e-01  5.619699e-01
   outer loop
     vertex  1.475000e+02  8.795651e+01  9.311788e+00
     vertex  1.525000e+02  8.795651e+01  9.311788e+00
     vertex  1.525000e+02  8.797579e+01  9.283420e+00
   endloop
 endfacet
 facet normal -0.000000e+00  8.422635e-01  5.390661e-01
   outer loop
     vertex  1.475000e+02  8.795651e+01  9.311788e+00
     vertex  1.525000e+02  8.793803e+01  9.340674e+00
     vertex  1.525000e+02  8.795651e+01  9.311788e+00
   endloop
 endfacet
 facet normal -0.000000e+00  8.422635e-01  5.390661e-01
   outer loop
     vertex  1.475000e+02  8.793803e+01  9.340674e+00
     vertex  1.525000e+02  8.793803e+01  9.340674e+00
     vertex  1.475000e+02  8.795651e+01  9.311788e+00
   endloop
 endfacet
 facet normal -0.000000e+00  8.567352e-01  5.157565e-01
   outer loop
     vertex  1.475000e+02  8.793803e+01  9.340674e+00
     vertex  1.525000e+02  8.792034e+01  9.370056e+00
     vertex  1.525000e+02  8.793803e+01  9.340674e+00
   endloop
 endfacet
 facet normal -0.000000e+00  8.567352e-01  5.157565e-01
   outer loop
     vertex  1.475000e+02  8.792034e+01  9.370056e+00
     vertex  1.525000e+02  8.792034e+01  9.370056e+00
     vertex  1.475000e+02  8.793803e+01  9.340674e+00
   endloop
 endfacet
 facet normal  0.000000e+00  8.705620e-01  4.920587e-01
   outer loop
     vertex  1.475000e+02  8.790346e+01  9.399913e+00
     vertex  1.525000e+02  8.792034e+01  9.370056e+00
     vertex  1.475000e+02  8.792034e+01  9.370056e+00
   endloop
 endfacet
 facet normal -0.000000e+00  8.705620e-01  4.920587e-01
   outer loop
     vertex  1.475000e+02  8.790346e+01  9.399913e+00
     vertex  1.525000e+02  8.790346e+01  9.399913e+00
     vertex  1.525000e+02  8.792034e+01  9.370056e+00
   endloop
 endfacet
 facet normal  0.000000e+00  8.837335e-01  4.679904e-01
   outer loop
     vertex  1.475000e+02  8.788741e+01  9.430221e+00
     vertex  1.525000e+02  8.790346e+01  9.399913e+00
     vertex  1.475000e+02  8.790346e+01  9.399913e+00
   endloop
 endfacet
 facet normal -0.000000e+00  8.837335e-01  4.679904e-01
   outer loop
     vertex  1.475000e+02  8.788741e+01  9.430221e+00
     vertex  1.525000e+02  8.788741e+01  9.430221e+00
     vertex  1.525000e+02  8.790346e+01  9.399913e+00
   endloop
 endfacet
 facet normal  0.000000e+00  8.962398e-01  4.435699e-01
   outer loop
     vertex  1.475000e+02  8.787220e+01  9.460958e+00
     vertex  1.525000e+02  8.788741e+01  9.430221e+00
     vertex  1.475000e+02  8.788741e+01  9.430221e+00
   endloop
 endfacet
 facet normal -0.000000e+00  8.962398e-01  4.435699e-01
   outer loop
     vertex  1.475000e+02  8.787220e+01  9.460958e+00
     vertex  1.525000e+02  8.787220e+01  9.460958e+00
     vertex  1.525000e+02  8.788741e+01  9.430221e+00
   endloop
 endfacet
 facet normal  0.000000e+00  9.080714e-01  4.188155e-01
   outer loop
     vertex  1.475000e+02  8.785784e+01  9.492101e+00
     vertex  1.525000e+02  8.787220e+01  9.460958e+00
     vertex  1.475000e+02  8.787220e+01  9.460958e+00
   endloop
 endfacet
 facet normal -0.000000e+00  9.080714e-01  4.188155e-01
   outer loop
     vertex  1.475000e+02  8.785784e+01  9.492101e+00
     vertex  1.525000e+02  8.785784e+01  9.492101e+00
     vertex  1.525000e+02  8.787220e+01  9.460958e+00
   endloop
 endfacet
 facet normal  0.000000e+00  9.192194e-01  3.937458e-01
   outer loop
     vertex  1.475000e+02  8.784433e+01  9.523627e+00
     vertex  1.525000e+02  8.785784e+01  9.492101e+00
     vertex  1.475000e+02  8.785784e+01  9.492101e+00
   endloop
 endfacet
 facet normal -0.000000e+00  9.192194e-01  3.937458e-01
   outer loop
     vertex  1.475000e+02  8.784433e+01  9.523627e+00
     vertex  1.525000e+02  8.784433e+01  9.523627e+00
     vertex  1.525000e+02  8.785784e+01  9.492101e+00
   endloop
 endfacet
 facet normal  0.000000e+00  9.296754e-01  3.683796e-01
   outer loop
     vertex  1.475000e+02  8.783170e+01  9.555511e+00
     vertex  1.525000e+02  8.784433e+01  9.523627e+00
     vertex  1.475000e+02  8.784433e+01  9.523627e+00
   endloop
 endfacet
 facet normal -0.000000e+00  9.296754e-01  3.683796e-01
   outer loop
     vertex  1.475000e+02  8.783170e+01  9.555511e+00
     vertex  1.525000e+02  8.783170e+01  9.555511e+00
     vertex  1.525000e+02  8.784433e+01  9.523627e+00
   endloop
 endfacet
 facet normal  0.000000e+00  9.394317e-01  3.427362e-01
   outer loop
     vertex  1.475000e+02  8.781994e+01  9.587729e+00
     vertex  1.525000e+02  8.783170e+01  9.555511e+00
     vertex  1.475000e+02  8.783170e+01  9.555511e+00
   endloop
 endfacet
 facet normal -0.000000e+00  9.394317e-01  3.427362e-01
   outer loop
     vertex  1.475000e+02  8.781994e+01  9.587729e+00
     vertex  1.525000e+02  8.781994e+01  9.587729e+00
     vertex  1.525000e+02  8.783170e+01  9.555511e+00
   endloop
 endfacet
 facet normal  0.000000e+00  9.484807e-01  3.168348e-01
   outer loop
     vertex  1.475000e+02  8.780908e+01  9.620258e+00
     vertex  1.525000e+02  8.781994e+01  9.587729e+00
     vertex  1.475000e+02  8.781994e+01  9.587729e+00
   endloop
 endfacet
 facet normal -0.000000e+00  9.484807e-01  3.168348e-01
   outer loop
     vertex  1.475000e+02  8.780908e+01  9.620258e+00
     vertex  1.525000e+02  8.780908e+01  9.620258e+00
     vertex  1.525000e+02  8.781994e+01  9.587729e+00
   endloop
 endfacet
 facet normal  0.000000e+00  9.568158e-01  2.906949e-01
   outer loop
     vertex  1.475000e+02  8.779911e+01  9.653073e+00
     vertex  1.525000e+02  8.780908e+01  9.620258e+00
     vertex  1.475000e+02  8.780908e+01  9.620258e+00
   endloop
 endfacet
 facet normal -0.000000e+00  9.568158e-01  2.906949e-01
   outer loop
     vertex  1.475000e+02  8.779911e+01  9.653073e+00
     vertex  1.525000e+02  8.779911e+01  9.653073e+00
     vertex  1.525000e+02  8.780908e+01  9.620258e+00
   endloop
 endfacet
 facet normal -0.000000e+00  9.644306e-01  2.643362e-01
   outer loop
     vertex  1.475000e+02  8.779911e+01  9.653073e+00
     vertex  1.525000e+02  8.779004e+01  9.686149e+00
     vertex  1.525000e+02  8.779911e+01  9.653073e+00
   endloop
 endfacet
 facet normal -0.000000e+00  9.644306e-01  2.643362e-01
   outer loop
     vertex  1.475000e+02  8.779004e+01  9.686149e+00
     vertex  1.525000e+02  8.779004e+01  9.686149e+00
     vertex  1.475000e+02  8.779911e+01  9.653073e+00
   endloop
 endfacet
 facet normal -0.000000e+00  9.713194e-01  2.377784e-01
   outer loop
     vertex  1.475000e+02  8.779004e+01  9.686149e+00
     vertex  1.525000e+02  8.778189e+01  9.719461e+00
     vertex  1.525000e+02  8.779004e+01  9.686149e+00
   endloop
 endfacet
 facet normal -0.000000e+00  9.713194e-01  2.377784e-01
   outer loop
     vertex  1.475000e+02  8.778189e+01  9.719461e+00
     vertex  1.525000e+02  8.778189e+01  9.719461e+00
     vertex  1.475000e+02  8.779004e+01  9.686149e+00
   endloop
 endfacet
 facet normal  0.000000e+00  9.774771e-01  2.110417e-01
   outer loop
     vertex  1.475000e+02  8.777465e+01  9.752984e+00
     vertex  1.525000e+02  8.778189e+01  9.719461e+00
     vertex  1.475000e+02  8.778189e+01  9.719461e+00
   endloop
 endfacet
 facet normal -0.000000e+00  9.774771e-01  2.110417e-01
   outer loop
     vertex  1.475000e+02  8.777465e+01  9.752984e+00
     vertex  1.525000e+02  8.777465e+01  9.752984e+00
     vertex  1.525000e+02  8.778189e+01  9.719461e+00
   endloop
 endfacet
 facet normal -0.000000e+00  9.828989e-01  1.841461e-01
   outer loop
     vertex  1.475000e+02  8.777465e+01  9.752984e+00
     vertex  1.525000e+02  8.776833e+01  9.786694e+00
     vertex  1.525000e+02  8.777465e+01  9.752984e+00
   endloop
 endfacet
 facet normal -0.000000e+00  9.828989e-01  1.841461e-01
   outer loop
     vertex  1.475000e+02  8.776833e+01  9.786694e+00
     vertex  1.525000e+02  8.776833e+01  9.786694e+00
     vertex  1.475000e+02  8.777465e+01  9.752984e+00
   endloop
 endfacet
 facet normal -0.000000e+00  9.875808e-01  1.571119e-01
   outer loop
     vertex  1.475000e+02  8.776833e+01  9.786694e+00
     vertex  1.525000e+02  8.776295e+01  9.820564e+00
     vertex  1.525000e+02  8.776833e+01  9.786694e+00
   endloop
 endfacet
 facet normal -0.000000e+00  9.875808e-01  1.571119e-01
   outer loop
     vertex  1.475000e+02  8.776295e+01  9.820564e+00
     vertex  1.525000e+02  8.776295e+01  9.820564e+00
     vertex  1.475000e+02  8.776833e+01  9.786694e+00
   endloop
 endfacet
 facet normal  0.000000e+00  9.915193e-01  1.299594e-01
   outer loop
     vertex  1.475000e+02  8.775849e+01  9.854568e+00
     vertex  1.525000e+02  8.776295e+01  9.820564e+00
     vertex  1.475000e+02  8.776295e+01  9.820564e+00
   endloop
 endfacet
 facet normal -0.000000e+00  9.915193e-01  1.299594e-01
   outer loop
     vertex  1.475000e+02  8.775849e+01  9.854568e+00
     vertex  1.525000e+02  8.775849e+01  9.854568e+00
     vertex  1.525000e+02  8.776295e+01  9.820564e+00
   endloop
 endfacet
 facet normal -0.000000e+00  9.947114e-01  1.027091e-01
   outer loop
     vertex  1.475000e+02  8.775849e+01  9.854568e+00
     vertex  1.525000e+02  8.775497e+01  9.888683e+00
     vertex  1.525000e+02  8.775849e+01  9.854568e+00
   endloop
 endfacet
 facet normal -0.000000e+00  9.947114e-01  1.027091e-01
   outer loop
     vertex  1.475000e+02  8.775497e+01  9.888683e+00
     vertex  1.525000e+02  8.775497e+01  9.888683e+00
     vertex  1.475000e+02  8.775849e+01  9.854568e+00
   endloop
 endfacet
 facet normal  0.000000e+00  9.971548e-01  7.538152e-02
   outer loop
     vertex  1.475000e+02  8.775238e+01  9.922881e+00
     vertex  1.525000e+02  8.775497e+01  9.888683e+00
     vertex  1.475000e+02  8.775497e+01  9.888683e+00
   endloop
 endfacet
 facet normal -0.000000e+00  9.971548e-01  7.538152e-02
   outer loop
     vertex  1.475000e+02  8.775238e+01  9.922881e+00
     vertex  1.525000e+02  8.775238e+01  9.922881e+00
     vertex  1.525000e+02  8.775497e+01  9.888683e+00
   endloop
 endfacet
 facet normal -0.000000e+00  9.988475e-01  4.799716e-02
   outer loop
     vertex  1.475000e+02  8.775238e+01  9.922881e+00
     vertex  1.525000e+02  8.775074e+01  9.957137e+00
     vertex  1.525000e+02  8.775238e+01  9.922881e+00
   endloop
 endfacet
 facet normal -0.000000e+00  9.997883e-01  2.057667e-02
   outer loop
     vertex  1.475000e+02  8.775074e+01  9.957137e+00
     vertex  1.525000e+02  8.775003e+01  9.991426e+00
     vertex  1.525000e+02  8.775074e+01  9.957137e+00
   endloop
 endfacet
 facet normal -0.000000e+00  9.988475e-01  4.799716e-02
   outer loop
     vertex  1.475000e+02  8.775074e+01  9.957137e+00
     vertex  1.525000e+02  8.775074e+01  9.957137e+00
     vertex  1.475000e+02  8.775238e+01  9.922881e+00
   endloop
 endfacet
 facet normal -0.000000e+00  9.997883e-01  2.057667e-02
   outer loop
     vertex  1.475000e+02  8.775003e+01  9.991426e+00
     vertex  1.525000e+02  8.775003e+01  9.991426e+00
     vertex  1.475000e+02  8.775074e+01  9.957137e+00
   endloop
 endfacet
 facet normal  0.000000e+00  9.999765e-01 -6.859319e-03
   outer loop
     vertex  1.475000e+02  8.775026e+01  1.002572e+01
     vertex  1.525000e+02  8.775026e+01  1.002572e+01
     vertex  1.525000e+02  8.775003e+01  9.991426e+00
   endloop
 endfacet
 facet normal  0.000000e+00  9.999765e-01 -6.859319e-03
   outer loop
     vertex  1.475000e+02  8.775026e+01  1.002572e+01
     vertex  1.525000e+02  8.775003e+01  9.991426e+00
     vertex  1.475000e+02  8.775003e+01  9.991426e+00
   endloop
 endfacet
 facet normal  0.000000e+00  9.994119e-01 -3.429014e-02
   outer loop
     vertex  1.475000e+02  8.775144e+01  1.006000e+01
     vertex  1.525000e+02  8.775144e+01  1.006000e+01
     vertex  1.525000e+02  8.775026e+01  1.002572e+01
   endloop
 endfacet
 facet normal  0.000000e+00  9.994119e-01 -3.429014e-02
   outer loop
     vertex  1.475000e+02  8.775144e+01  1.006000e+01
     vertex  1.525000e+02  8.775026e+01  1.002572e+01
     vertex  1.475000e+02  8.775026e+01  1.002572e+01
   endloop
 endfacet
 facet normal  0.000000e+00  9.980950e-01 -6.169515e-02
   outer loop
     vertex  1.475000e+02  8.775356e+01  1.009423e+01
     vertex  1.525000e+02  8.775356e+01  1.009423e+01
     vertex  1.525000e+02  8.775144e+01  1.006000e+01
   endloop
 endfacet
 facet normal  0.000000e+00  9.980950e-01 -6.169515e-02
   outer loop
     vertex  1.475000e+02  8.775356e+01  1.009423e+01
     vertex  1.525000e+02  8.775144e+01  1.006000e+01
     vertex  1.475000e+02  8.775144e+01  1.006000e+01
   endloop
 endfacet
 facet normal  0.000000e+00  9.960268e-01 -8.905371e-02
   outer loop
     vertex  1.475000e+02  8.775661e+01  1.012839e+01
     vertex  1.525000e+02  8.775356e+01  1.009423e+01
     vertex  1.475000e+02  8.775356e+01  1.009423e+01
   endloop
 endfacet
 facet normal  0.000000e+00  9.960268e-01 -8.905371e-02
   outer loop
     vertex  1.475000e+02  8.775661e+01  1.012839e+01
     vertex  1.525000e+02  8.775661e+01  1.012839e+01
     vertex  1.525000e+02  8.775356e+01  1.009423e+01
   endloop
 endfacet
 facet normal  0.000000e+00  9.932088e-01 -1.163452e-01
   outer loop
     vertex  1.475000e+02  8.776060e+01  1.016245e+01
     vertex  1.525000e+02  8.775661e+01  1.012839e+01
     vertex  1.475000e+02  8.775661e+01  1.012839e+01
   endloop
 endfacet
 facet normal  0.000000e+00  9.932088e-01 -1.163452e-01
   outer loop
     vertex  1.475000e+02  8.776060e+01  1.016245e+01
     vertex  1.525000e+02  8.776060e+01  1.016245e+01
     vertex  1.525000e+02  8.775661e+01  1.012839e+01
   endloop
 endfacet
 facet normal  0.000000e+00  9.896432e-01 -1.435492e-01
   outer loop
     vertex  1.475000e+02  8.776060e+01  1.016245e+01
     vertex  1.525000e+02  8.776552e+01  1.019639e+01
     vertex  1.525000e+02  8.776060e+01  1.016245e+01
   endloop
 endfacet
 facet normal  0.000000e+00  9.896432e-01 -1.435492e-01
   outer loop
     vertex  1.475000e+02  8.776552e+01  1.019639e+01
     vertex  1.525000e+02  8.776552e+01  1.019639e+01
     vertex  1.475000e+02  8.776060e+01  1.016245e+01
   endloop
 endfacet
 facet normal  0.000000e+00  9.853326e-01 -1.706451e-01
   outer loop
     vertex  1.475000e+02  8.777138e+01  1.023018e+01
     vertex  1.525000e+02  8.776552e+01  1.019639e+01
     vertex  1.475000e+02  8.776552e+01  1.019639e+01
   endloop
 endfacet
 facet normal  0.000000e+00  9.853326e-01 -1.706451e-01
   outer loop
     vertex  1.475000e+02  8.777138e+01  1.023018e+01
     vertex  1.525000e+02  8.777138e+01  1.023018e+01
     vertex  1.525000e+02  8.776552e+01  1.019639e+01
   endloop
 endfacet
 facet normal  0.000000e+00  9.802802e-01 -1.976125e-01
   outer loop
     vertex  1.475000e+02  8.777815e+01  1.026380e+01
     vertex  1.525000e+02  8.777138e+01  1.023018e+01
     vertex  1.475000e+02  8.777138e+01  1.023018e+01
   endloop
 endfacet
 facet normal  0.000000e+00  9.802802e-01 -1.976125e-01
   outer loop
     vertex  1.475000e+02  8.777815e+01  1.026380e+01
     vertex  1.525000e+02  8.777815e+01  1.026380e+01
     vertex  1.525000e+02  8.777138e+01  1.023018e+01
   endloop
 endfacet
 facet normal  0.000000e+00  9.744899e-01 -2.244312e-01
   outer loop
     vertex  1.475000e+02  8.777815e+01  1.026380e+01
     vertex  1.525000e+02  8.778585e+01  1.029722e+01
     vertex  1.525000e+02  8.777815e+01  1.026380e+01
   endloop
 endfacet
 facet normal  0.000000e+00  9.744899e-01 -2.244312e-01
   outer loop
     vertex  1.475000e+02  8.778585e+01  1.029722e+01
     vertex  1.525000e+02  8.778585e+01  1.029722e+01
     vertex  1.475000e+02  8.777815e+01  1.026380e+01
   endloop
 endfacet
 facet normal  0.000000e+00  9.679661e-01 -2.510809e-01
   outer loop
     vertex  1.475000e+02  8.779446e+01  1.033042e+01
     vertex  1.525000e+02  8.778585e+01  1.029722e+01
     vertex  1.475000e+02  8.778585e+01  1.029722e+01
   endloop
 endfacet
 facet normal  0.000000e+00  9.679661e-01 -2.510809e-01
   outer loop
     vertex  1.475000e+02  8.779446e+01  1.033042e+01
     vertex  1.525000e+02  8.779446e+01  1.033042e+01
     vertex  1.525000e+02  8.778585e+01  1.029722e+01
   endloop
 endfacet
 facet normal  0.000000e+00  9.607136e-01 -2.775416e-01
   outer loop
     vertex  1.475000e+02  8.779446e+01  1.033042e+01
     vertex  1.525000e+02  8.780398e+01  1.036337e+01
     vertex  1.525000e+02  8.779446e+01  1.033042e+01
   endloop
 endfacet
 facet normal  0.000000e+00  9.607136e-01 -2.775416e-01
   outer loop
     vertex  1.475000e+02  8.780398e+01  1.036337e+01
     vertex  1.525000e+02  8.780398e+01  1.036337e+01
     vertex  1.475000e+02  8.779446e+01  1.033042e+01
   endloop
 endfacet
 facet normal  0.000000e+00  9.527379e-01 -3.037934e-01
   outer loop
     vertex  1.475000e+02  8.781440e+01  1.039604e+01
     vertex  1.525000e+02  8.780398e+01  1.036337e+01
     vertex  1.475000e+02  8.780398e+01  1.036337e+01
   endloop
 endfacet
 facet normal  0.000000e+00  9.527379e-01 -3.037934e-01
   outer loop
     vertex  1.475000e+02  8.781440e+01  1.039604e+01
     vertex  1.525000e+02  8.781440e+01  1.039604e+01
     vertex  1.525000e+02  8.780398e+01  1.036337e+01
   endloop
 endfacet
 facet normal  0.000000e+00  9.440450e-01 -3.298166e-01
   outer loop
     vertex  1.475000e+02  8.781440e+01  1.039604e+01
     vertex  1.525000e+02  8.782571e+01  1.042842e+01
     vertex  1.525000e+02  8.781440e+01  1.039604e+01
   endloop
 endfacet
 facet normal  0.000000e+00  9.440450e-01 -3.298166e-01
   outer loop
     vertex  1.475000e+02  8.782571e+01  1.042842e+01
     vertex  1.525000e+02  8.782571e+01  1.042842e+01
     vertex  1.475000e+02  8.781440e+01  1.039604e+01
   endloop
 endfacet
 facet normal  0.000000e+00  9.346415e-01 -3.555914e-01
   outer loop
     vertex  1.475000e+02  8.783791e+01  1.046047e+01
     vertex  1.525000e+02  8.782571e+01  1.042842e+01
     vertex  1.475000e+02  8.782571e+01  1.042842e+01
   endloop
 endfacet
 facet normal  0.000000e+00  9.346415e-01 -3.555914e-01
   outer loop
     vertex  1.475000e+02  8.783791e+01  1.046047e+01
     vertex  1.525000e+02  8.783791e+01  1.046047e+01
     vertex  1.525000e+02  8.782571e+01  1.042842e+01
   endloop
 endfacet
 facet normal  0.000000e+00  9.245344e-01 -3.810986e-01
   outer loop
     vertex  1.475000e+02  8.785098e+01  1.049218e+01
     vertex  1.525000e+02  8.783791e+01  1.046047e+01
     vertex  1.475000e+02  8.783791e+01  1.046047e+01
   endloop
 endfacet
 facet normal  0.000000e+00  9.245344e-01 -3.810986e-01
   outer loop
     vertex  1.475000e+02  8.785098e+01  1.049218e+01
     vertex  1.525000e+02  8.785098e+01  1.049218e+01
     vertex  1.525000e+02  8.783791e+01  1.046047e+01
   endloop
 endfacet
 facet normal  0.000000e+00  9.137314e-01 -4.063188e-01
   outer loop
     vertex  1.475000e+02  8.786491e+01  1.052352e+01
     vertex  1.525000e+02  8.786491e+01  1.052352e+01
     vertex  1.525000e+02  8.785098e+01  1.049218e+01
   endloop
 endfacet
 facet normal  0.000000e+00  9.022405e-01 -4.312333e-01
   outer loop
     vertex  1.475000e+02  8.786491e+01  1.052352e+01
     vertex  1.525000e+02  8.787970e+01  1.055446e+01
     vertex  1.525000e+02  8.786491e+01  1.052352e+01
   endloop
 endfacet
 facet normal  0.000000e+00  9.137314e-01 -4.063188e-01
   outer loop
     vertex  1.475000e+02  8.786491e+01  1.052352e+01
     vertex  1.525000e+02  8.785098e+01  1.049218e+01
     vertex  1.475000e+02  8.785098e+01  1.049218e+01
   endloop
 endfacet
 facet normal  0.000000e+00  9.022405e-01 -4.312333e-01
   outer loop
     vertex  1.475000e+02  8.787970e+01  1.055446e+01
     vertex  1.525000e+02  8.787970e+01  1.055446e+01
     vertex  1.475000e+02  8.786491e+01  1.052352e+01
   endloop
 endfacet
 facet normal  0.000000e+00  8.900704e-01 -4.558231e-01
   outer loop
     vertex  1.475000e+02  8.789533e+01  1.058499e+01
     vertex  1.525000e+02  8.789533e+01  1.058499e+01
     vertex  1.525000e+02  8.787970e+01  1.055446e+01
   endloop
 endfacet
 facet normal  0.000000e+00  8.772303e-01 -4.800697e-01
   outer loop
     vertex  1.475000e+02  8.789533e+01  1.058499e+01
     vertex  1.525000e+02  8.791180e+01  1.061507e+01
     vertex  1.525000e+02  8.789533e+01  1.058499e+01
   endloop
 endfacet
 facet normal  0.000000e+00  8.900704e-01 -4.558231e-01
   outer loop
     vertex  1.475000e+02  8.789533e+01  1.058499e+01
     vertex  1.525000e+02  8.787970e+01  1.055446e+01
     vertex  1.475000e+02  8.787970e+01  1.055446e+01
   endloop
 endfacet
 facet normal  0.000000e+00  8.772303e-01 -4.800697e-01
   outer loop
     vertex  1.475000e+02  8.791180e+01  1.061507e+01
     vertex  1.525000e+02  8.791180e+01  1.061507e+01
     vertex  1.475000e+02  8.789533e+01  1.058499e+01
   endloop
 endfacet
 facet normal  0.000000e+00  8.637299e-01 -5.039550e-01
   outer loop
     vertex  1.475000e+02  8.792908e+01  1.064470e+01
     vertex  1.525000e+02  8.792908e+01  1.064470e+01
     vertex  1.525000e+02  8.791180e+01  1.061507e+01
   endloop
 endfacet
 facet normal  0.000000e+00  8.637299e-01 -5.039550e-01
   outer loop
     vertex  1.475000e+02  8.792908e+01  1.064470e+01
     vertex  1.525000e+02  8.791180e+01  1.061507e+01
     vertex  1.475000e+02  8.791180e+01  1.061507e+01
   endloop
 endfacet
 facet normal  0.000000e+00  8.495793e-01 -5.274609e-01
   outer loop
     vertex  1.475000e+02  8.794717e+01  1.067383e+01
     vertex  1.525000e+02  8.794717e+01  1.067383e+01
     vertex  1.525000e+02  8.792908e+01  1.064470e+01
   endloop
 endfacet
 facet normal  0.000000e+00  8.347891e-01 -5.505698e-01
   outer loop
     vertex  1.475000e+02  8.794717e+01  1.067383e+01
     vertex  1.525000e+02  8.796605e+01  1.070246e+01
     vertex  1.525000e+02  8.794717e+01  1.067383e+01
   endloop
 endfacet
 facet normal  0.000000e+00  8.495793e-01 -5.274609e-01
   outer loop
     vertex  1.475000e+02  8.794717e+01  1.067383e+01
     vertex  1.525000e+02  8.792908e+01  1.064470e+01
     vertex  1.475000e+02  8.792908e+01  1.064470e+01
   endloop
 endfacet
 facet normal  0.000000e+00  8.347891e-01 -5.505698e-01
   outer loop
     vertex  1.475000e+02  8.796605e+01  1.070246e+01
     vertex  1.525000e+02  8.796605e+01  1.070246e+01
     vertex  1.475000e+02  8.794717e+01  1.067383e+01
   endloop
 endfacet
 facet normal  0.000000e+00  8.193706e-01 -5.732642e-01
   outer loop
     vertex  1.475000e+02  8.798571e+01  1.073056e+01
     vertex  1.525000e+02  8.798571e+01  1.073056e+01
     vertex  1.525000e+02  8.796605e+01  1.070246e+01
   endloop
 endfacet
 facet normal  0.000000e+00  8.193706e-01 -5.732642e-01
   outer loop
     vertex  1.475000e+02  8.798571e+01  1.073056e+01
     vertex  1.525000e+02  8.796605e+01  1.070246e+01
     vertex  1.475000e+02  8.796605e+01  1.070246e+01
   endloop
 endfacet
 facet normal  0.000000e+00  8.033352e-01 -5.955271e-01
   outer loop
     vertex  1.475000e+02  8.800614e+01  1.075811e+01
     vertex  1.525000e+02  8.800614e+01  1.075811e+01
     vertex  1.525000e+02  8.798571e+01  1.073056e+01
   endloop
 endfacet
 facet normal  0.000000e+00  7.866951e-01 -6.173417e-01
   outer loop
     vertex  1.475000e+02  8.800614e+01  1.075811e+01
     vertex  1.525000e+02  8.802731e+01  1.078509e+01
     vertex  1.525000e+02  8.800614e+01  1.075811e+01
   endloop
 endfacet
 facet normal  0.000000e+00  8.033352e-01 -5.955271e-01
   outer loop
     vertex  1.475000e+02  8.800614e+01  1.075811e+01
     vertex  1.525000e+02  8.798571e+01  1.073056e+01
     vertex  1.475000e+02  8.798571e+01  1.073056e+01
   endloop
 endfacet
 facet normal  0.000000e+00  7.866951e-01 -6.173417e-01
   outer loop
     vertex  1.475000e+02  8.802731e+01  1.078509e+01
     vertex  1.525000e+02  8.802731e+01  1.078509e+01
     vertex  1.475000e+02  8.800614e+01  1.075811e+01
   endloop
 endfacet
 facet normal  0.000000e+00  7.694628e-01 -6.386916e-01
   outer loop
     vertex  1.475000e+02  8.804921e+01  1.081148e+01
     vertex  1.525000e+02  8.804921e+01  1.081148e+01
     vertex  1.525000e+02  8.802731e+01  1.078509e+01
   endloop
 endfacet
 facet normal  0.000000e+00  7.694628e-01 -6.386916e-01
   outer loop
     vertex  1.475000e+02  8.804921e+01  1.081148e+01
     vertex  1.525000e+02  8.802731e+01  1.078509e+01
     vertex  1.475000e+02  8.802731e+01  1.078509e+01
   endloop
 endfacet
 facet normal  0.000000e+00  7.516513e-01 -6.595607e-01
   outer loop
     vertex  1.475000e+02  8.807183e+01  1.083726e+01
     vertex  1.525000e+02  8.807183e+01  1.083726e+01
     vertex  1.525000e+02  8.804921e+01  1.081148e+01
   endloop
 endfacet
 facet normal  0.000000e+00  7.516513e-01 -6.595607e-01
   outer loop
     vertex  1.475000e+02  8.807183e+01  1.083726e+01
     vertex  1.525000e+02  8.804921e+01  1.081148e+01
     vertex  1.475000e+02  8.804921e+01  1.081148e+01
   endloop
 endfacet
 facet normal  0.000000e+00  7.332740e-01 -6.799333e-01
   outer loop
     vertex  1.475000e+02  8.809515e+01  1.086241e+01
     vertex  1.525000e+02  8.809515e+01  1.086241e+01
     vertex  1.525000e+02  8.807183e+01  1.083726e+01
   endloop
 endfacet
 facet normal  0.000000e+00  7.143447e-01 -6.997940e-01
   outer loop
     vertex  1.475000e+02  8.809515e+01  1.086241e+01
     vertex  1.525000e+02  8.811915e+01  1.088691e+01
     vertex  1.525000e+02  8.809515e+01  1.086241e+01
   endloop
 endfacet
 facet normal  0.000000e+00  7.332740e-01 -6.799333e-01
   outer loop
     vertex  1.475000e+02  8.809515e+01  1.086241e+01
     vertex  1.525000e+02  8.807183e+01  1.083726e+01
     vertex  1.475000e+02  8.807183e+01  1.083726e+01
   endloop
 endfacet
 facet normal  0.000000e+00  7.143447e-01 -6.997940e-01
   outer loop
     vertex  1.475000e+02  8.811915e+01  1.088691e+01
     vertex  1.525000e+02  8.811915e+01  1.088691e+01
     vertex  1.475000e+02  8.809515e+01  1.086241e+01
   endloop
 endfacet
 facet normal  0.000000e+00  6.948776e-01 -7.191280e-01
   outer loop
     vertex  1.475000e+02  8.814382e+01  1.091074e+01
     vertex  1.525000e+02  8.811915e+01  1.088691e+01
     vertex  1.475000e+02  8.811915e+01  1.088691e+01
   endloop
 endfacet
 facet normal  0.000000e+00  6.948776e-01 -7.191280e-01
   outer loop
     vertex  1.475000e+02  8.814382e+01  1.091074e+01
     vertex  1.525000e+02  8.814382e+01  1.091074e+01
     vertex  1.525000e+02  8.811915e+01  1.088691e+01
   endloop
 endfacet
 facet normal  0.000000e+00  6.748875e-01 -7.379206e-01
   outer loop
     vertex  1.475000e+02  8.816912e+01  1.093389e+01
     vertex  1.525000e+02  8.814382e+01  1.091074e+01
     vertex  1.475000e+02  8.814382e+01  1.091074e+01
   endloop
 endfacet
 facet normal  0.000000e+00  6.748875e-01 -7.379206e-01
   outer loop
     vertex  1.475000e+02  8.816912e+01  1.093389e+01
     vertex  1.525000e+02  8.816912e+01  1.093389e+01
     vertex  1.525000e+02  8.814382e+01  1.091074e+01
   endloop
 endfacet
 facet normal  0.000000e+00  6.543893e-01 -7.561578e-01
   outer loop
     vertex  1.475000e+02  8.816912e+01  1.093389e+01
     vertex  1.525000e+02  8.819506e+01  1.095633e+01
     vertex  1.525000e+02  8.816912e+01  1.093389e+01
   endloop
 endfacet
 facet normal  0.000000e+00  6.543893e-01 -7.561578e-01
   outer loop
     vertex  1.475000e+02  8.819506e+01  1.095633e+01
     vertex  1.525000e+02  8.819506e+01  1.095633e+01
     vertex  1.475000e+02  8.816912e+01  1.093389e+01
   endloop
 endfacet
 facet normal  0.000000e+00  6.333986e-01 -7.738257e-01
   outer loop
     vertex  1.475000e+02  8.819506e+01  1.095633e+01
     vertex  1.525000e+02  8.822160e+01  1.097805e+01
     vertex  1.525000e+02  8.819506e+01  1.095633e+01
   endloop
 endfacet
 facet normal  0.000000e+00  6.333986e-01 -7.738257e-01
   outer loop
     vertex  1.475000e+02  8.822160e+01  1.097805e+01
     vertex  1.525000e+02  8.822160e+01  1.097805e+01
     vertex  1.475000e+02  8.819506e+01  1.095633e+01
   endloop
 endfacet
 facet normal  0.000000e+00  6.119310e-01 -7.909112e-01
   outer loop
     vertex  1.475000e+02  8.824872e+01  1.099904e+01
     vertex  1.525000e+02  8.822160e+01  1.097805e+01
     vertex  1.475000e+02  8.822160e+01  1.097805e+01
   endloop
 endfacet
 facet normal  0.000000e+00  6.119310e-01 -7.909112e-01
   outer loop
     vertex  1.475000e+02  8.824872e+01  1.099904e+01
     vertex  1.525000e+02  8.824872e+01  1.099904e+01
     vertex  1.525000e+02  8.822160e+01  1.097805e+01
   endloop
 endfacet
 facet normal  0.000000e+00  5.900028e-01 -8.074012e-01
   outer loop
     vertex  1.475000e+02  8.827641e+01  1.101927e+01
     vertex  1.525000e+02  8.827641e+01  1.101927e+01
     vertex  1.525000e+02  8.824872e+01  1.099904e+01
   endloop
 endfacet
 facet normal  0.000000e+00  5.676304e-01 -8.232835e-01
   outer loop
     vertex  1.475000e+02  8.827641e+01  1.101927e+01
     vertex  1.525000e+02  8.830465e+01  1.103874e+01
     vertex  1.525000e+02  8.827641e+01  1.101927e+01
   endloop
 endfacet
 facet normal  0.000000e+00  5.900028e-01 -8.074012e-01
   outer loop
     vertex  1.475000e+02  8.827641e+01  1.101927e+01
     vertex  1.525000e+02  8.824872e+01  1.099904e+01
     vertex  1.475000e+02  8.824872e+01  1.099904e+01
   endloop
 endfacet
 facet normal  0.000000e+00  5.676304e-01 -8.232835e-01
   outer loop
     vertex  1.475000e+02  8.830465e+01  1.103874e+01
     vertex  1.525000e+02  8.830465e+01  1.103874e+01
     vertex  1.475000e+02  8.827641e+01  1.101927e+01
   endloop
 endfacet
 facet normal  0.000000e+00  5.448308e-01 -8.385460e-01
   outer loop
     vertex  1.475000e+02  8.833340e+01  1.105743e+01
     vertex  1.525000e+02  8.830465e+01  1.103874e+01
     vertex  1.475000e+02  8.830465e+01  1.103874e+01
   endloop
 endfacet
 facet normal  0.000000e+00  5.448308e-01 -8.385460e-01
   outer loop
     vertex  1.475000e+02  8.833340e+01  1.105743e+01
     vertex  1.525000e+02  8.833340e+01  1.105743e+01
     vertex  1.525000e+02  8.830465e+01  1.103874e+01
   endloop
 endfacet
 facet normal  0.000000e+00  5.216210e-01 -8.531773e-01
   outer loop
     vertex  1.475000e+02  8.833340e+01  1.105743e+01
     vertex  1.525000e+02  8.836267e+01  1.107532e+01
     vertex  1.525000e+02  8.833340e+01  1.105743e+01
   endloop
 endfacet
 facet normal  0.000000e+00  5.216210e-01 -8.531773e-01
   outer loop
     vertex  1.475000e+02  8.836267e+01  1.107532e+01
     vertex  1.525000e+02  8.836267e+01  1.107532e+01
     vertex  1.475000e+02  8.833340e+01  1.105743e+01
   endloop
 endfacet
 facet normal  0.000000e+00  4.980186e-01 -8.671664e-01
   outer loop
     vertex  1.475000e+02  8.839241e+01  1.109240e+01
     vertex  1.525000e+02  8.839241e+01  1.109240e+01
     vertex  1.525000e+02  8.836267e+01  1.107532e+01
   endloop
 endfacet
 facet normal  0.000000e+00  4.980186e-01 -8.671664e-01
   outer loop
     vertex  1.475000e+02  8.839241e+01  1.109240e+01
     vertex  1.525000e+02  8.836267e+01  1.107532e+01
     vertex  1.475000e+02  8.836267e+01  1.107532e+01
   endloop
 endfacet
 facet normal  0.000000e+00  4.740412e-01 -8.805026e-01
   outer loop
     vertex  1.475000e+02  8.842260e+01  1.110865e+01
     vertex  1.525000e+02  8.842260e+01  1.110865e+01
     vertex  1.525000e+02  8.839241e+01  1.109240e+01
   endloop
 endfacet
 facet normal  0.000000e+00  4.740412e-01 -8.805026e-01
   outer loop
     vertex  1.475000e+02  8.842260e+01  1.110865e+01
     vertex  1.525000e+02  8.839241e+01  1.109240e+01
     vertex  1.475000e+02  8.839241e+01  1.109240e+01
   endloop
 endfacet
 facet normal  0.000000e+00  4.497071e-01 -8.931761e-01
   outer loop
     vertex  1.475000e+02  8.845324e+01  1.112408e+01
     vertex  1.525000e+02  8.845324e+01  1.112408e+01
     vertex  1.525000e+02  8.842260e+01  1.110865e+01
   endloop
 endfacet
 facet normal  0.000000e+00  4.497071e-01 -8.931761e-01
   outer loop
     vertex  1.475000e+02  8.845324e+01  1.112408e+01
     vertex  1.525000e+02  8.842260e+01  1.110865e+01
     vertex  1.475000e+02  8.842260e+01  1.110865e+01
   endloop
 endfacet
 facet normal  0.000000e+00  4.250344e-01 -9.051772e-01
   outer loop
     vertex  1.475000e+02  8.848428e+01  1.113865e+01
     vertex  1.525000e+02  8.848428e+01  1.113865e+01
     vertex  1.525000e+02  8.845324e+01  1.112408e+01
   endloop
 endfacet
 facet normal  0.000000e+00  4.000417e-01 -9.164969e-01
   outer loop
     vertex  1.475000e+02  8.848428e+01  1.113865e+01
     vertex  1.525000e+02  8.851571e+01  1.115237e+01
     vertex  1.525000e+02  8.848428e+01  1.113865e+01
   endloop
 endfacet
 facet normal  0.000000e+00  4.250344e-01 -9.051772e-01
   outer loop
     vertex  1.475000e+02  8.848428e+01  1.113865e+01
     vertex  1.525000e+02  8.845324e+01  1.112408e+01
     vertex  1.475000e+02  8.845324e+01  1.112408e+01
   endloop
 endfacet
 facet normal  0.000000e+00  4.000417e-01 -9.164969e-01
   outer loop
     vertex  1.475000e+02  8.851571e+01  1.115237e+01
     vertex  1.525000e+02  8.851571e+01  1.115237e+01
     vertex  1.475000e+02  8.848428e+01  1.113865e+01
   endloop
 endfacet
 facet normal  0.000000e+00  3.747479e-01 -9.271267e-01
   outer loop
     vertex  1.475000e+02  8.854751e+01  1.116523e+01
     vertex  1.525000e+02  8.854751e+01  1.116523e+01
     vertex  1.525000e+02  8.851571e+01  1.115237e+01
   endloop
 endfacet
 facet normal  0.000000e+00  3.491720e-01 -9.370586e-01
   outer loop
     vertex  1.475000e+02  8.854751e+01  1.116523e+01
     vertex  1.525000e+02  8.857964e+01  1.117720e+01
     vertex  1.525000e+02  8.854751e+01  1.116523e+01
   endloop
 endfacet
 facet normal  0.000000e+00  3.747479e-01 -9.271267e-01
   outer loop
     vertex  1.475000e+02  8.854751e+01  1.116523e+01
     vertex  1.525000e+02  8.851571e+01  1.115237e+01
     vertex  1.475000e+02  8.851571e+01  1.115237e+01
   endloop
 endfacet
 facet normal  0.000000e+00  3.233333e-01 -9.462851e-01
   outer loop
     vertex  1.475000e+02  8.857964e+01  1.117720e+01
     vertex  1.525000e+02  8.861210e+01  1.118829e+01
     vertex  1.525000e+02  8.857964e+01  1.117720e+01
   endloop
 endfacet
 facet normal  0.000000e+00  3.491720e-01 -9.370586e-01
   outer loop
     vertex  1.475000e+02  8.857964e+01  1.117720e+01
     vertex  1.525000e+02  8.857964e+01  1.117720e+01
     vertex  1.475000e+02  8.854751e+01  1.116523e+01
   endloop
 endfacet
 facet normal  0.000000e+00  2.972512e-01 -9.547993e-01
   outer loop
     vertex  1.475000e+02  8.861210e+01  1.118829e+01
     vertex  1.525000e+02  8.864484e+01  1.119848e+01
     vertex  1.525000e+02  8.861210e+01  1.118829e+01
   endloop
 endfacet
 facet normal  0.000000e+00  3.233333e-01 -9.462851e-01
   outer loop
     vertex  1.475000e+02  8.861210e+01  1.118829e+01
     vertex  1.525000e+02  8.861210e+01  1.118829e+01
     vertex  1.475000e+02  8.857964e+01  1.117720e+01
   endloop
 endfacet
 facet normal  0.000000e+00  2.972512e-01 -9.547993e-01
   outer loop
     vertex  1.475000e+02  8.864484e+01  1.119848e+01
     vertex  1.525000e+02  8.864484e+01  1.119848e+01
     vertex  1.475000e+02  8.861210e+01  1.118829e+01
   endloop
 endfacet
 facet normal  0.000000e+00  2.709453e-01 -9.625948e-01
   outer loop
     vertex  1.475000e+02  8.867786e+01  1.120778e+01
     vertex  1.525000e+02  8.867786e+01  1.120778e+01
     vertex  1.525000e+02  8.864484e+01  1.119848e+01
   endloop
 endfacet
 facet normal  0.000000e+00  2.444354e-01 -9.696656e-01
   outer loop
     vertex  1.475000e+02  8.867786e+01  1.120778e+01
     vertex  1.525000e+02  8.871111e+01  1.121616e+01
     vertex  1.525000e+02  8.867786e+01  1.120778e+01
   endloop
 endfacet
 facet normal  0.000000e+00  2.709453e-01 -9.625948e-01
   outer loop
     vertex  1.475000e+02  8.867786e+01  1.120778e+01
     vertex  1.525000e+02  8.864484e+01  1.119848e+01
     vertex  1.475000e+02  8.864484e+01  1.119848e+01
   endloop
 endfacet
 facet normal  0.000000e+00  2.444354e-01 -9.696656e-01
   outer loop
     vertex  1.475000e+02  8.871111e+01  1.121616e+01
     vertex  1.525000e+02  8.871111e+01  1.121616e+01
     vertex  1.475000e+02  8.867786e+01  1.120778e+01
   endloop
 endfacet
 facet normal  0.000000e+00  2.177416e-01 -9.760065e-01
   outer loop
     vertex  1.475000e+02  8.874459e+01  1.122363e+01
     vertex  1.525000e+02  8.874459e+01  1.122363e+01
     vertex  1.525000e+02  8.871111e+01  1.121616e+01
   endloop
 endfacet
 facet normal  0.000000e+00  1.908838e-01 -9.816126e-01
   outer loop
     vertex  1.475000e+02  8.874459e+01  1.122363e+01
     vertex  1.525000e+02  8.877825e+01  1.123017e+01
     vertex  1.525000e+02  8.874459e+01  1.122363e+01
   endloop
 endfacet
 facet normal  0.000000e+00  2.177416e-01 -9.760065e-01
   outer loop
     vertex  1.475000e+02  8.874459e+01  1.122363e+01
     vertex  1.525000e+02  8.871111e+01  1.121616e+01
     vertex  1.475000e+02  8.871111e+01  1.121616e+01
   endloop
 endfacet
 facet normal  0.000000e+00  1.638824e-01 -9.864799e-01
   outer loop
     vertex  1.475000e+02  8.877825e+01  1.123017e+01
     vertex  1.525000e+02  8.881208e+01  1.123579e+01
     vertex  1.525000e+02  8.877825e+01  1.123017e+01
   endloop
 endfacet
 facet normal  0.000000e+00  1.908838e-01 -9.816126e-01
   outer loop
     vertex  1.475000e+02  8.877825e+01  1.123017e+01
     vertex  1.525000e+02  8.877825e+01  1.123017e+01
     vertex  1.475000e+02  8.874459e+01  1.122363e+01
   endloop
 endfacet
 facet normal  0.000000e+00  1.638824e-01 -9.864799e-01
   outer loop
     vertex  1.475000e+02  8.881208e+01  1.123579e+01
     vertex  1.525000e+02  8.881208e+01  1.123579e+01
     vertex  1.475000e+02  8.877825e+01  1.123017e+01
   endloop
 endfacet
 facet normal  0.000000e+00  1.367575e-01 -9.906046e-01
   outer loop
     vertex  1.475000e+02  8.884606e+01  1.124048e+01
     vertex  1.525000e+02  8.884606e+01  1.124048e+01
     vertex  1.525000e+02  8.881208e+01  1.123579e+01
   endloop
 endfacet
 facet normal  0.000000e+00  1.095298e-01 -9.939835e-01
   outer loop
     vertex  1.475000e+02  8.884606e+01  1.124048e+01
     vertex  1.525000e+02  8.888015e+01  1.124424e+01
     vertex  1.525000e+02  8.884606e+01  1.124048e+01
   endloop
 endfacet
 facet normal  0.000000e+00  1.367575e-01 -9.906046e-01
   outer loop
     vertex  1.475000e+02  8.884606e+01  1.124048e+01
     vertex  1.525000e+02  8.881208e+01  1.123579e+01
     vertex  1.475000e+02  8.881208e+01  1.123579e+01
   endloop
 endfacet
 facet normal  0.000000e+00  1.095298e-01 -9.939835e-01
   outer loop
     vertex  1.475000e+02  8.888015e+01  1.124424e+01
     vertex  1.525000e+02  8.888015e+01  1.124424e+01
     vertex  1.475000e+02  8.884606e+01  1.124048e+01
   endloop
 endfacet
 facet normal  0.000000e+00  8.221955e-02 -9.966142e-01
   outer loop
     vertex  1.475000e+02  8.891433e+01  1.124706e+01
     vertex  1.525000e+02  8.888015e+01  1.124424e+01
     vertex  1.475000e+02  8.888015e+01  1.124424e+01
   endloop
 endfacet
 facet normal  0.000000e+00  8.221955e-02 -9.966142e-01
   outer loop
     vertex  1.475000e+02  8.891433e+01  1.124706e+01
     vertex  1.525000e+02  8.891433e+01  1.124706e+01
     vertex  1.525000e+02  8.888015e+01  1.124424e+01
   endloop
 endfacet
 facet normal  0.000000e+00  5.484744e-02 -9.984947e-01
   outer loop
     vertex  1.475000e+02  8.891433e+01  1.124706e+01
     vertex  1.525000e+02  8.894857e+01  1.124894e+01
     vertex  1.525000e+02  8.891433e+01  1.124706e+01
   endloop
 endfacet
 facet normal  0.000000e+00  5.484744e-02 -9.984947e-01
   outer loop
     vertex  1.475000e+02  8.894857e+01  1.124894e+01
     vertex  1.525000e+02  8.894857e+01  1.124894e+01
     vertex  1.475000e+02  8.891433e+01  1.124706e+01
   endloop
 endfacet
 facet normal  0.000000e+00  2.743405e-02 -9.996236e-01
   outer loop
     vertex  1.475000e+02  8.898285e+01  1.124988e+01
     vertex  1.525000e+02  8.894857e+01  1.124894e+01
     vertex  1.475000e+02  8.894857e+01  1.124894e+01
   endloop
 endfacet
 facet normal  0.000000e+00  2.743405e-02 -9.996236e-01
   outer loop
     vertex  1.475000e+02  8.898285e+01  1.124988e+01
     vertex  1.525000e+02  8.898285e+01  1.124988e+01
     vertex  1.525000e+02  8.894857e+01  1.124894e+01
   endloop
 endfacet
 facet normal  0.000000e+00  0.000000e+00 -1.000000e+00
   outer loop
     vertex  1.475000e+02  8.901715e+01  1.124988e+01
     vertex  1.525000e+02  8.898285e+01  1.124988e+01
     vertex  1.475000e+02  8.898285e+01  1.124988e+01
   endloop
 endfacet
 facet normal  0.000000e+00  0.000000e+00 -1.000000e+00
   outer loop
     vertex  1.475000e+02  8.901715e+01  1.124988e+01
     vertex  1.525000e+02  8.901715e+01  1.124988e+01
     vertex  1.525000e+02  8.898285e+01  1.124988e+01
   endloop
 endfacet
 facet normal  0.000000e+00 -2.743405e-02 -9.996236e-01
   outer loop
     vertex  1.475000e+02  8.901715e+01  1.124988e+01
     vertex  1.525000e+02  8.905143e+01  1.124894e+01
     vertex  1.525000e+02  8.901715e+01  1.124988e+01
   endloop
 endfacet
 facet normal  0.000000e+00 -2.743405e-02 -9.996236e-01
   outer loop
     vertex  1.475000e+02  8.905143e+01  1.124894e+01
     vertex  1.525000e+02  8.905143e+01  1.124894e+01
     vertex  1.475000e+02  8.901715e+01  1.124988e+01
   endloop
 endfacet
 facet normal  0.000000e+00 -5.484744e-02 -9.984947e-01
   outer loop
     vertex  1.475000e+02  8.905143e+01  1.124894e+01
     vertex  1.525000e+02  8.908567e+01  1.124706e+01
     vertex  1.525000e+02  8.905143e+01  1.124894e+01
   endloop
 endfacet
 facet normal  0.000000e+00 -5.484744e-02 -9.984947e-01
   outer loop
     vertex  1.475000e+02  8.908567e+01  1.124706e+01
     vertex  1.525000e+02  8.908567e+01  1.124706e+01
     vertex  1.475000e+02  8.905143e+01  1.124894e+01
   endloop
 endfacet
 facet normal  0.000000e+00 -8.221955e-02 -9.966142e-01
   outer loop
     vertex  1.475000e+02  8.911985e+01  1.124424e+01
     vertex  1.525000e+02  8.908567e+01  1.124706e+01
     vertex  1.475000e+02  8.908567e+01  1.124706e+01
   endloop
 endfacet
 facet normal  0.000000e+00 -8.221955e-02 -9.966142e-01
   outer loop
     vertex  1.475000e+02  8.911985e+01  1.124424e+01
     vertex  1.525000e+02  8.911985e+01  1.124424e+01
     vertex  1.525000e+02  8.908567e+01  1.124706e+01
   endloop
 endfacet
 facet normal  0.000000e+00 -1.095298e-01 -9.939835e-01
   outer loop
     vertex  1.475000e+02  8.915394e+01  1.124048e+01
     vertex  1.525000e+02  8.911985e+01  1.124424e+01
     vertex  1.475000e+02  8.911985e+01  1.124424e+01
   endloop
 endfacet
 facet normal  0.000000e+00 -1.095298e-01 -9.939835e-01
   outer loop
     vertex  1.475000e+02  8.915394e+01  1.124048e+01
     vertex  1.525000e+02  8.915394e+01  1.124048e+01
     vertex  1.525000e+02  8.911985e+01  1.124424e+01
   endloop
 endfacet
 facet normal  0.000000e+00 -1.367575e-01 -9.906046e-01
   outer loop
     vertex  1.475000e+02  8.915394e+01  1.124048e+01
     vertex  1.525000e+02  8.918792e+01  1.123579e+01
     vertex  1.525000e+02  8.915394e+01  1.124048e+01
   endloop
 endfacet
 facet normal  0.000000e+00 -1.367575e-01 -9.906046e-01
   outer loop
     vertex  1.475000e+02  8.918792e+01  1.123579e+01
     vertex  1.525000e+02  8.918792e+01  1.123579e+01
     vertex  1.475000e+02  8.915394e+01  1.124048e+01
   endloop
 endfacet
 facet normal  0.000000e+00 -1.638824e-01 -9.864799e-01
   outer loop
     vertex  1.475000e+02  8.922175e+01  1.123017e+01
     vertex  1.525000e+02  8.918792e+01  1.123579e+01
     vertex  1.475000e+02  8.918792e+01  1.123579e+01
   endloop
 endfacet
 facet normal  0.000000e+00 -1.638824e-01 -9.864799e-01
   outer loop
     vertex  1.475000e+02  8.922175e+01  1.123017e+01
     vertex  1.525000e+02  8.922175e+01  1.123017e+01
     vertex  1.525000e+02  8.918792e+01  1.123579e+01
   endloop
 endfacet
 facet normal  0.000000e+00 -1.908838e-01 -9.816126e-01
   outer loop
     vertex  1.475000e+02  8.925541e+01  1.122363e+01
     vertex  1.525000e+02  8.922175e+01  1.123017e+01
     vertex  1.475000e+02  8.922175e+01  1.123017e+01
   endloop
 endfacet
 facet normal  0.000000e+00 -1.908838e-01 -9.816126e-01
   outer loop
     vertex  1.475000e+02  8.925541e+01  1.122363e+01
     vertex  1.525000e+02  8.925541e+01  1.122363e+01
     vertex  1.525000e+02  8.922175e+01  1.123017e+01
   endloop
 endfacet
 facet normal  0.000000e+00 -2.177416e-01 -9.760065e-01
   outer loop
     vertex  1.475000e+02  8.925541e+01  1.122363e+01
     vertex  1.525000e+02  8.928889e+01  1.121616e+01
     vertex  1.525000e+02  8.925541e+01  1.122363e+01
   endloop
 endfacet
 facet normal  0.000000e+00 -2.177416e-01 -9.760065e-01
   outer loop
     vertex  1.475000e+02  8.928889e+01  1.121616e+01
     vertex  1.525000e+02  8.928889e+01  1.121616e+01
     vertex  1.475000e+02  8.925541e+01  1.122363e+01
   endloop
 endfacet
 facet normal  0.000000e+00 -2.444354e-01 -9.696656e-01
   outer loop
     vertex  1.475000e+02  8.932214e+01  1.120778e+01
     vertex  1.525000e+02  8.932214e+01  1.120778e+01
     vertex  1.525000e+02  8.928889e+01  1.121616e+01
   endloop
 endfacet
 facet normal  0.000000e+00 -2.709453e-01 -9.625948e-01
   outer loop
     vertex  1.475000e+02  8.932214e+01  1.120778e+01
     vertex  1.525000e+02  8.935516e+01  1.119848e+01
     vertex  1.525000e+02  8.932214e+01  1.120778e+01
   endloop
 endfacet
 facet normal  0.000000e+00 -2.444354e-01 -9.696656e-01
   outer loop
     vertex  1.475000e+02  8.932214e+01  1.120778e+01
     vertex  1.525000e+02  8.928889e+01  1.121616e+01
     vertex  1.475000e+02  8.928889e+01  1.121616e+01
   endloop
 endfacet
 facet normal  0.000000e+00 -2.709453e-01 -9.625948e-01
   outer loop
     vertex  1.475000e+02  8.935516e+01  1.119848e+01
     vertex  1.525000e+02  8.935516e+01  1.119848e+01
     vertex  1.475000e+02  8.932214e+01  1.120778e+01
   endloop
 endfacet
 facet normal  0.000000e+00 -2.972512e-01 -9.547993e-01
   outer loop
     vertex  1.475000e+02  8.938790e+01  1.118829e+01
     vertex  1.525000e+02  8.938790e+01  1.118829e+01
     vertex  1.525000e+02  8.935516e+01  1.119848e+01
   endloop
 endfacet
 facet normal  0.000000e+00 -3.233333e-01 -9.462851e-01
   outer loop
     vertex  1.475000e+02  8.938790e+01  1.118829e+01
     vertex  1.525000e+02  8.942036e+01  1.117720e+01
     vertex  1.525000e+02  8.938790e+01  1.118829e+01
   endloop
 endfacet
 facet normal  0.000000e+00 -2.972512e-01 -9.547993e-01
   outer loop
     vertex  1.475000e+02  8.938790e+01  1.118829e+01
     vertex  1.525000e+02  8.935516e+01  1.119848e+01
     vertex  1.475000e+02  8.935516e+01  1.119848e+01
   endloop
 endfacet
 facet normal  0.000000e+00 -3.233333e-01 -9.462851e-01
   outer loop
     vertex  1.475000e+02  8.942036e+01  1.117720e+01
     vertex  1.525000e+02  8.942036e+01  1.117720e+01
     vertex  1.475000e+02  8.938790e+01  1.118829e+01
   endloop
 endfacet
 facet normal  0.000000e+00 -3.491720e-01 -9.370586e-01
   outer loop
     vertex  1.475000e+02  8.945249e+01  1.116523e+01
     vertex  1.525000e+02  8.945249e+01  1.116523e+01
     vertex  1.525000e+02  8.942036e+01  1.117720e+01
   endloop
 endfacet
 facet normal  0.000000e+00 -3.747479e-01 -9.271267e-01
   outer loop
     vertex  1.475000e+02  8.945249e+01  1.116523e+01
     vertex  1.525000e+02  8.948429e+01  1.115237e+01
     vertex  1.525000e+02  8.945249e+01  1.116523e+01
   endloop
 endfacet
 facet normal  0.000000e+00 -3.491720e-01 -9.370586e-01
   outer loop
     vertex  1.475000e+02  8.945249e+01  1.116523e+01
     vertex  1.525000e+02  8.942036e+01  1.117720e+01
     vertex  1.475000e+02  8.942036e+01  1.117720e+01
   endloop
 endfacet
 facet normal  0.000000e+00 -3.747479e-01 -9.271267e-01
   outer loop
     vertex  1.475000e+02  8.948429e+01  1.115237e+01
     vertex  1.525000e+02  8.948429e+01  1.115237e+01
     vertex  1.475000e+02  8.945249e+01  1.116523e+01
   endloop
 endfacet
 facet normal  0.000000e+00 -4.000417e-01 -9.164969e-01
   outer loop
     vertex  1.475000e+02  8.951572e+01  1.113865e+01
     vertex  1.525000e+02  8.951572e+01  1.113865e+01
     vertex  1.525000e+02  8.948429e+01  1.115237e+01
   endloop
 endfacet
 facet normal  0.000000e+00 -4.000417e-01 -9.164969e-01
   outer loop
     vertex  1.475000e+02  8.951572e+01  1.113865e+01
     vertex  1.525000e+02  8.948429e+01  1.115237e+01
     vertex  1.475000e+02  8.948429e+01  1.115237e+01
   endloop
 endfacet
 facet normal  0.000000e+00 -4.250344e-01 -9.051772e-01
   outer loop
     vertex  1.475000e+02  8.954676e+01  1.112408e+01
     vertex  1.525000e+02  8.954676e+01  1.112408e+01
     vertex  1.525000e+02  8.951572e+01  1.113865e+01
   endloop
 endfacet
 facet normal  0.000000e+00 -4.250344e-01 -9.051772e-01
   outer loop
     vertex  1.475000e+02  8.954676e+01  1.112408e+01
     vertex  1.525000e+02  8.951572e+01  1.113865e+01
     vertex  1.475000e+02  8.951572e+01  1.113865e+01
   endloop
 endfacet
 facet normal  0.000000e+00 -4.497071e-01 -8.931761e-01
   outer loop
     vertex  1.475000e+02  8.957740e+01  1.110865e+01
     vertex  1.525000e+02  8.957740e+01  1.110865e+01
     vertex  1.525000e+02  8.954676e+01  1.112408e+01
   endloop
 endfacet
 facet normal  0.000000e+00 -4.497071e-01 -8.931761e-01
   outer loop
     vertex  1.475000e+02  8.957740e+01  1.110865e+01
     vertex  1.525000e+02  8.954676e+01  1.112408e+01
     vertex  1.475000e+02  8.954676e+01  1.112408e+01
   endloop
 endfacet
 facet normal  0.000000e+00 -4.740412e-01 -8.805026e-01
   outer loop
     vertex  1.475000e+02  8.960759e+01  1.109240e+01
     vertex  1.525000e+02  8.960759e+01  1.109240e+01
     vertex  1.525000e+02  8.957740e+01  1.110865e+01
   endloop
 endfacet
 facet normal  0.000000e+00 -4.980186e-01 -8.671664e-01
   outer loop
     vertex  1.475000e+02  8.960759e+01  1.109240e+01
     vertex  1.525000e+02  8.963733e+01  1.107532e+01
     vertex  1.525000e+02  8.960759e+01  1.109240e+01
   endloop
 endfacet
 facet normal  0.000000e+00 -4.740412e-01 -8.805026e-01
   outer loop
     vertex  1.475000e+02  8.960759e+01  1.109240e+01
     vertex  1.525000e+02  8.957740e+01  1.110865e+01
     vertex  1.475000e+02  8.957740e+01  1.110865e+01
   endloop
 endfacet
 facet normal  0.000000e+00 -5.216210e-01 -8.531773e-01
   outer loop
     vertex  1.475000e+02  8.963733e+01  1.107532e+01
     vertex  1.525000e+02  8.966660e+01  1.105743e+01
     vertex  1.525000e+02  8.963733e+01  1.107532e+01
   endloop
 endfacet
 facet normal  0.000000e+00 -4.980186e-01 -8.671664e-01
   outer loop
     vertex  1.475000e+02  8.963733e+01  1.107532e+01
     vertex  1.525000e+02  8.963733e+01  1.107532e+01
     vertex  1.475000e+02  8.960759e+01  1.109240e+01
   endloop
 endfacet
 facet normal  0.000000e+00 -5.216210e-01 -8.531773e-01
   outer loop
     vertex  1.475000e+02  8.966660e+01  1.105743e+01
     vertex  1.525000e+02  8.966660e+01  1.105743e+01
     vertex  1.475000e+02  8.963733e+01  1.107532e+01
   endloop
 endfacet
 facet normal  0.000000e+00 -5.448308e-01 -8.385460e-01
   outer loop
     vertex  1.475000e+02  8.969535e+01  1.103874e+01
     vertex  1.525000e+02  8.966660e+01  1.105743e+01
     vertex  1.475000e+02  8.966660e+01  1.105743e+01
   endloop
 endfacet
 facet normal  0.000000e+00 -5.448308e-01 -8.385460e-01
   outer loop
     vertex  1.475000e+02  8.969535e+01  1.103874e+01
     vertex  1.525000e+02  8.969535e+01  1.103874e+01
     vertex  1.525000e+02  8.966660e+01  1.105743e+01
   endloop
 endfacet
 facet normal  0.000000e+00 -5.676304e-01 -8.232835e-01
   outer loop
     vertex  1.475000e+02  8.969535e+01  1.103874e+01
     vertex  1.525000e+02  8.972359e+01  1.101927e+01
     vertex  1.525000e+02  8.969535e+01  1.103874e+01
   endloop
 endfacet
 facet normal  0.000000e+00 -5.676304e-01 -8.232835e-01
   outer loop
     vertex  1.475000e+02  8.972359e+01  1.101927e+01
     vertex  1.525000e+02  8.972359e+01  1.101927e+01
     vertex  1.475000e+02  8.969535e+01  1.103874e+01
   endloop
 endfacet
 facet normal  0.000000e+00 -5.900028e-01 -8.074012e-01
   outer loop
     vertex  1.475000e+02  8.975128e+01  1.099904e+01
     vertex  1.525000e+02  8.972359e+01  1.101927e+01
     vertex  1.475000e+02  8.972359e+01  1.101927e+01
   endloop
 endfacet
 facet normal  0.000000e+00 -5.900028e-01 -8.074012e-01
   outer loop
     vertex  1.475000e+02  8.975128e+01  1.099904e+01
     vertex  1.525000e+02  8.975128e+01  1.099904e+01
     vertex  1.525000e+02  8.972359e+01  1.101927e+01
   endloop
 endfacet
 facet normal  0.000000e+00 -6.119310e-01 -7.909112e-01
   outer loop
     vertex  1.475000e+02  8.977840e+01  1.097805e+01
     vertex  1.525000e+02  8.975128e+01  1.099904e+01
     vertex  1.475000e+02  8.975128e+01  1.099904e+01
   endloop
 endfacet
 facet normal  0.000000e+00 -6.119310e-01 -7.909112e-01
   outer loop
     vertex  1.475000e+02  8.977840e+01  1.097805e+01
     vertex  1.525000e+02  8.977840e+01  1.097805e+01
     vertex  1.525000e+02  8.975128e+01  1.099904e+01
   endloop
 endfacet
 facet normal  0.000000e+00 -6.333986e-01 -7.738257e-01
   outer loop
     vertex  1.475000e+02  8.980494e+01  1.095633e+01
     vertex  1.525000e+02  8.977840e+01  1.097805e+01
     vertex  1.475000e+02  8.977840e+01  1.097805e+01
   endloop
 endfacet
 facet normal  0.000000e+00 -6.333986e-01 -7.738257e-01
   outer loop
     vertex  1.475000e+02  8.980494e+01  1.095633e+01
     vertex  1.525000e+02  8.980494e+01  1.095633e+01
     vertex  1.525000e+02  8.977840e+01  1.097805e+01
   endloop
 endfacet
 facet normal  0.000000e+00 -6.543893e-01 -7.561578e-01
   outer loop
     vertex  1.475000e+02  8.983088e+01  1.093389e+01
     vertex  1.525000e+02  8.980494e+01  1.095633e+01
     vertex  1.475000e+02  8.980494e+01  1.095633e+01
   endloop
 endfacet
 facet normal  0.000000e+00 -6.543893e-01 -7.561578e-01
   outer loop
     vertex  1.475000e+02  8.983088e+01  1.093389e+01
     vertex  1.525000e+02  8.983088e+01  1.093389e+01
     vertex  1.525000e+02  8.980494e+01  1.095633e+01
   endloop
 endfacet
 facet normal  0.000000e+00 -6.748875e-01 -7.379206e-01
   outer loop
     vertex  1.475000e+02  8.983088e+01  1.093389e+01
     vertex  1.525000e+02  8.985618e+01  1.091074e+01
     vertex  1.525000e+02  8.983088e+01  1.093389e+01
   endloop
 endfacet
 facet normal  0.000000e+00 -6.748875e-01 -7.379206e-01
   outer loop
     vertex  1.475000e+02  8.985618e+01  1.091074e+01
     vertex  1.525000e+02  8.985618e+01  1.091074e+01
     vertex  1.475000e+02  8.983088e+01  1.093389e+01
   endloop
 endfacet
 facet normal  0.000000e+00 -6.948776e-01 -7.191280e-01
   outer loop
     vertex  1.475000e+02  8.988085e+01  1.088691e+01
     vertex  1.525000e+02  8.985618e+01  1.091074e+01
     vertex  1.475000e+02  8.985618e+01  1.091074e+01
   endloop
 endfacet
 facet normal  0.000000e+00 -6.948776e-01 -7.191280e-01
   outer loop
     vertex  1.475000e+02  8.988085e+01  1.088691e+01
     vertex  1.525000e+02  8.988085e+01  1.088691e+01
     vertex  1.525000e+02  8.985618e+01  1.091074e+01
   endloop
 endfacet
 facet normal  0.000000e+00 -7.143447e-01 -6.997940e-01
   outer loop
     vertex  1.475000e+02  8.990485e+01  1.086241e+01
     vertex  1.525000e+02  8.988085e+01  1.088691e+01
     vertex  1.475000e+02  8.988085e+01  1.088691e+01
   endloop
 endfacet
 facet normal  0.000000e+00 -7.143447e-01 -6.997940e-01
   outer loop
     vertex  1.475000e+02  8.990485e+01  1.086241e+01
     vertex  1.525000e+02  8.990485e+01  1.086241e+01
     vertex  1.525000e+02  8.988085e+01  1.088691e+01
   endloop
 endfacet
 facet normal  0.000000e+00 -7.332740e-01 -6.799333e-01
   outer loop
     vertex  1.475000e+02  8.990485e+01  1.086241e+01
     vertex  1.525000e+02  8.992817e+01  1.083726e+01
     vertex  1.525000e+02  8.990485e+01  1.086241e+01
   endloop
 endfacet
 facet normal  0.000000e+00 -7.332740e-01 -6.799333e-01
   outer loop
     vertex  1.475000e+02  8.992817e+01  1.083726e+01
     vertex  1.525000e+02  8.992817e+01  1.083726e+01
     vertex  1.475000e+02  8.990485e+01  1.086241e+01
   endloop
 endfacet
 facet normal  0.000000e+00 -7.516513e-01 -6.595607e-01
   outer loop
     vertex  1.475000e+02  8.992817e+01  1.083726e+01
     vertex  1.525000e+02  8.995079e+01  1.081148e+01
     vertex  1.525000e+02  8.992817e+01  1.083726e+01
   endloop
 endfacet
 facet normal  0.000000e+00 -7.516513e-01 -6.595607e-01
   outer loop
     vertex  1.475000e+02  8.995079e+01  1.081148e+01
     vertex  1.525000e+02  8.995079e+01  1.081148e+01
     vertex  1.475000e+02  8.992817e+01  1.083726e+01
   endloop
 endfacet
 facet normal  0.000000e+00 -7.694628e-01 -6.386916e-01
   outer loop
     vertex  1.475000e+02  8.997269e+01  1.078509e+01
     vertex  1.525000e+02  8.995079e+01  1.081148e+01
     vertex  1.475000e+02  8.995079e+01  1.081148e+01
   endloop
 endfacet
 facet normal  0.000000e+00 -7.694628e-01 -6.386916e-01
   outer loop
     vertex  1.475000e+02  8.997269e+01  1.078509e+01
     vertex  1.525000e+02  8.997269e+01  1.078509e+01
     vertex  1.525000e+02  8.995079e+01  1.081148e+01
   endloop
 endfacet
 facet normal  0.000000e+00 -7.866951e-01 -6.173417e-01
   outer loop
     vertex  1.475000e+02  8.999386e+01  1.075811e+01
     vertex  1.525000e+02  8.997269e+01  1.078509e+01
     vertex  1.475000e+02  8.997269e+01  1.078509e+01
   endloop
 endfacet
 facet normal  0.000000e+00 -7.866951e-01 -6.173417e-01
   outer loop
     vertex  1.475000e+02  8.999386e+01  1.075811e+01
     vertex  1.525000e+02  8.999386e+01  1.075811e+01
     vertex  1.525000e+02  8.997269e+01  1.078509e+01
   endloop
 endfacet
 facet normal  0.000000e+00 -8.033352e-01 -5.955271e-01
   outer loop
     vertex  1.475000e+02  9.001429e+01  1.073056e+01
     vertex  1.525000e+02  8.999386e+01  1.075811e+01
     vertex  1.475000e+02  8.999386e+01  1.075811e+01
   endloop
 endfacet
 facet normal  0.000000e+00 -8.033352e-01 -5.955271e-01
   outer loop
     vertex  1.475000e+02  9.001429e+01  1.073056e+01
     vertex  1.525000e+02  9.001429e+01  1.073056e+01
     vertex  1.525000e+02  8.999386e+01  1.075811e+01
   endloop
 endfacet
 facet normal  0.000000e+00 -8.193706e-01 -5.732642e-01
   outer loop
     vertex  1.475000e+02  9.003395e+01  1.070246e+01
     vertex  1.525000e+02  9.001429e+01  1.073056e+01
     vertex  1.475000e+02  9.001429e+01  1.073056e+01
   endloop
 endfacet
 facet normal  0.000000e+00 -8.193706e-01 -5.732642e-01
   outer loop
     vertex  1.475000e+02  9.003395e+01  1.070246e+01
     vertex  1.525000e+02  9.003395e+01  1.070246e+01
     vertex  1.525000e+02  9.001429e+01  1.073056e+01
   endloop
 endfacet
 facet normal  0.000000e+00 -8.347891e-01 -5.505698e-01
   outer loop
     vertex  1.475000e+02  9.005283e+01  1.067383e+01
     vertex  1.525000e+02  9.003395e+01  1.070246e+01
     vertex  1.475000e+02  9.003395e+01  1.070246e+01
   endloop
 endfacet
 facet normal  0.000000e+00 -8.347891e-01 -5.505698e-01
   outer loop
     vertex  1.475000e+02  9.005283e+01  1.067383e+01
     vertex  1.525000e+02  9.005283e+01  1.067383e+01
     vertex  1.525000e+02  9.003395e+01  1.070246e+01
   endloop
 endfacet
 facet normal  0.000000e+00 -8.495793e-01 -5.274609e-01
   outer loop
     vertex  1.475000e+02  9.007092e+01  1.064470e+01
     vertex  1.525000e+02  9.005283e+01  1.067383e+01
     vertex  1.475000e+02  9.005283e+01  1.067383e+01
   endloop
 endfacet
 facet normal  0.000000e+00 -8.495793e-01 -5.274609e-01
   outer loop
     vertex  1.475000e+02  9.007092e+01  1.064470e+01
     vertex  1.525000e+02  9.007092e+01  1.064470e+01
     vertex  1.525000e+02  9.005283e+01  1.067383e+01
   endloop
 endfacet
 facet normal  0.000000e+00 -8.637299e-01 -5.039550e-01
   outer loop
     vertex  1.475000e+02  9.007092e+01  1.064470e+01
     vertex  1.525000e+02  9.008820e+01  1.061507e+01
     vertex  1.525000e+02  9.007092e+01  1.064470e+01
   endloop
 endfacet
 facet normal  0.000000e+00 -8.637299e-01 -5.039550e-01
   outer loop
     vertex  1.475000e+02  9.008820e+01  1.061507e+01
     vertex  1.525000e+02  9.008820e+01  1.061507e+01
     vertex  1.475000e+02  9.007092e+01  1.064470e+01
   endloop
 endfacet
 facet normal  0.000000e+00 -8.772303e-01 -4.800697e-01
   outer loop
     vertex  1.475000e+02  9.010467e+01  1.058499e+01
     vertex  1.525000e+02  9.008820e+01  1.061507e+01
     vertex  1.475000e+02  9.008820e+01  1.061507e+01
   endloop
 endfacet
 facet normal  0.000000e+00 -8.772303e-01 -4.800697e-01
   outer loop
     vertex  1.475000e+02  9.010467e+01  1.058499e+01
     vertex  1.525000e+02  9.010467e+01  1.058499e+01
     vertex  1.525000e+02  9.008820e+01  1.061507e+01
   endloop
 endfacet
 facet normal  0.000000e+00 -8.900704e-01 -4.558231e-01
   outer loop
     vertex  1.475000e+02  9.012030e+01  1.055446e+01
     vertex  1.525000e+02  9.010467e+01  1.058499e+01
     vertex  1.475000e+02  9.010467e+01  1.058499e+01
   endloop
 endfacet
 facet normal  0.000000e+00 -8.900704e-01 -4.558231e-01
   outer loop
     vertex  1.475000e+02  9.012030e+01  1.055446e+01
     vertex  1.525000e+02  9.012030e+01  1.055446e+01
     vertex  1.525000e+02  9.010467e+01  1.058499e+01
   endloop
 endfacet
 facet normal  0.000000e+00 -9.022405e-01 -4.312333e-01
   outer loop
     vertex  1.475000e+02  9.012030e+01  1.055446e+01
     vertex  1.525000e+02  9.013509e+01  1.052352e+01
     vertex  1.525000e+02  9.012030e+01  1.055446e+01
   endloop
 endfacet
 facet normal  0.000000e+00 -9.022405e-01 -4.312333e-01
   outer loop
     vertex  1.475000e+02  9.013509e+01  1.052352e+01
     vertex  1.525000e+02  9.013509e+01  1.052352e+01
     vertex  1.475000e+02  9.012030e+01  1.055446e+01
   endloop
 endfacet
 facet normal  0.000000e+00 -9.137314e-01 -4.063188e-01
   outer loop
     vertex  1.475000e+02  9.014902e+01  1.049218e+01
     vertex  1.525000e+02  9.013509e+01  1.052352e+01
     vertex  1.475000e+02  9.013509e+01  1.052352e+01
   endloop
 endfacet
 facet normal  0.000000e+00 -9.137314e-01 -4.063188e-01
   outer loop
     vertex  1.475000e+02  9.014902e+01  1.049218e+01
     vertex  1.525000e+02  9.014902e+01  1.049218e+01
     vertex  1.525000e+02  9.013509e+01  1.052352e+01
   endloop
 endfacet
 facet normal  0.000000e+00 -9.245344e-01 -3.810986e-01
   outer loop
     vertex  1.475000e+02  9.016209e+01  1.046047e+01
     vertex  1.525000e+02  9.016209e+01  1.046047e+01
     vertex  1.525000e+02  9.014902e+01  1.049218e+01
   endloop
 endfacet
 facet normal  0.000000e+00 -9.245344e-01 -3.810986e-01
   outer loop
     vertex  1.475000e+02  9.016209e+01  1.046047e+01
     vertex  1.525000e+02  9.014902e+01  1.049218e+01
     vertex  1.475000e+02  9.014902e+01  1.049218e+01
   endloop
 endfacet
 facet normal  0.000000e+00 -9.346415e-01 -3.555914e-01
   outer loop
     vertex  1.475000e+02  9.017429e+01  1.042842e+01
     vertex  1.525000e+02  9.017429e+01  1.042842e+01
     vertex  1.525000e+02  9.016209e+01  1.046047e+01
   endloop
 endfacet
 facet normal  0.000000e+00 -9.346415e-01 -3.555914e-01
   outer loop
     vertex  1.475000e+02  9.017429e+01  1.042842e+01
     vertex  1.525000e+02  9.016209e+01  1.046047e+01
     vertex  1.475000e+02  9.016209e+01  1.046047e+01
   endloop
 endfacet
 facet normal  0.000000e+00 -9.440450e-01 -3.298166e-01
   outer loop
     vertex  1.475000e+02  9.018560e+01  1.039604e+01
     vertex  1.525000e+02  9.018560e+01  1.039604e+01
     vertex  1.525000e+02  9.017429e+01  1.042842e+01
   endloop
 endfacet
 facet normal  0.000000e+00 -9.440450e-01 -3.298166e-01
   outer loop
     vertex  1.475000e+02  9.018560e+01  1.039604e+01
     vertex  1.525000e+02  9.017429e+01  1.042842e+01
     vertex  1.475000e+02  9.017429e+01  1.042842e+01
   endloop
 endfacet
 facet normal  0.000000e+00 -9.527379e-01 -3.037934e-01
   outer loop
     vertex  1.475000e+02  9.019602e+01  1.036337e+01
     vertex  1.525000e+02  9.019602e+01  1.036337e+01
     vertex  1.525000e+02  9.018560e+01  1.039604e+01
   endloop
 endfacet
 facet normal  0.000000e+00 -9.527379e-01 -3.037934e-01
   outer loop
     vertex  1.475000e+02  9.019602e+01  1.036337e+01
     vertex  1.525000e+02  9.018560e+01  1.039604e+01
     vertex  1.475000e+02  9.018560e+01  1.039604e+01
   endloop
 endfacet
 facet normal  0.000000e+00 -9.607136e-01 -2.775416e-01
   outer loop
     vertex  1.475000e+02  9.020554e+01  1.033042e+01
     vertex  1.525000e+02  9.019602e+01  1.036337e+01
     vertex  1.475000e+02  9.019602e+01  1.036337e+01
   endloop
 endfacet
 facet normal  0.000000e+00 -9.607136e-01 -2.775416e-01
   outer loop
     vertex  1.475000e+02  9.020554e+01  1.033042e+01
     vertex  1.525000e+02  9.020554e+01  1.033042e+01
     vertex  1.525000e+02  9.019602e+01  1.036337e+01
   endloop
 endfacet
 facet normal  0.000000e+00 -9.679661e-01 -2.510809e-01
   outer loop
     vertex  1.475000e+02  9.021415e+01  1.029722e+01
     vertex  1.525000e+02  9.020554e+01  1.033042e+01
     vertex  1.475000e+02  9.020554e+01  1.033042e+01
   endloop
 endfacet
 facet normal  0.000000e+00 -9.679661e-01 -2.510809e-01
   outer loop
     vertex  1.475000e+02  9.021415e+01  1.029722e+01
     vertex  1.525000e+02  9.021415e+01  1.029722e+01
     vertex  1.525000e+02  9.020554e+01  1.033042e+01
   endloop
 endfacet
 facet normal  0.000000e+00 -9.744899e-01 -2.244312e-01
   outer loop
     vertex  1.475000e+02  9.022185e+01  1.026380e+01
     vertex  1.525000e+02  9.021415e+01  1.029722e+01
     vertex  1.475000e+02  9.021415e+01  1.029722e+01
   endloop
 endfacet
 facet normal  0.000000e+00 -9.744899e-01 -2.244312e-01
   outer loop
     vertex  1.475000e+02  9.022185e+01  1.026380e+01
     vertex  1.525000e+02  9.022185e+01  1.026380e+01
     vertex  1.525000e+02  9.021415e+01  1.029722e+01
   endloop
 endfacet
 facet normal  0.000000e+00 -9.802802e-01 -1.976125e-01
   outer loop
     vertex  1.475000e+02  9.022862e+01  1.023018e+01
     vertex  1.525000e+02  9.022185e+01  1.026380e+01
     vertex  1.475000e+02  9.022185e+01  1.026380e+01
   endloop
 endfacet
 facet normal  0.000000e+00 -9.802802e-01 -1.976125e-01
   outer loop
     vertex  1.475000e+02  9.022862e+01  1.023018e+01
     vertex  1.525000e+02  9.022862e+01  1.023018e+01
     vertex  1.525000e+02  9.022185e+01  1.026380e+01
   endloop
 endfacet
 facet normal  0.000000e+00 -9.853326e-01 -1.706451e-01
   outer loop
     vertex  1.475000e+02  9.023448e+01  1.019639e+01
     vertex  1.525000e+02  9.022862e+01  1.023018e+01
     vertex  1.475000e+02  9.022862e+01  1.023018e+01
   endloop
 endfacet
 facet normal  0.000000e+00 -9.853326e-01 -1.706451e-01
   outer loop
     vertex  1.475000e+02  9.023448e+01  1.019639e+01
     vertex  1.525000e+02  9.023448e+01  1.019639e+01
     vertex  1.525000e+02  9.022862e+01  1.023018e+01
   endloop
 endfacet
 facet normal  0.000000e+00 -9.896432e-01 -1.435492e-01
   outer loop
     vertex  1.475000e+02  9.023940e+01  1.016245e+01
     vertex  1.525000e+02  9.023448e+01  1.019639e+01
     vertex  1.475000e+02  9.023448e+01  1.019639e+01
   endloop
 endfacet
 facet normal  0.000000e+00 -9.896432e-01 -1.435492e-01
   outer loop
     vertex  1.475000e+02  9.023940e+01  1.016245e+01
     vertex  1.525000e+02  9.023940e+01  1.016245e+01
     vertex  1.525000e+02  9.023448e+01  1.019639e+01
   endloop
 endfacet
 facet normal  0.000000e+00 -9.932088e-01 -1.163452e-01
   outer loop
     vertex  1.475000e+02  9.024339e+01  1.012839e+01
     vertex  1.525000e+02  9.023940e+01  1.016245e+01
     vertex  1.475000e+02  9.023940e+01  1.016245e+01
   endloop
 endfacet
 facet normal  0.000000e+00 -9.932088e-01 -1.163452e-01
   outer loop
     vertex  1.475000e+02  9.024339e+01  1.012839e+01
     vertex  1.525000e+02  9.024339e+01  1.012839e+01
     vertex  1.525000e+02  9.023940e+01  1.016245e+01
   endloop
 endfacet
 facet normal  0.000000e+00 -9.960268e-01 -8.905371e-02
   outer loop
     vertex  1.475000e+02  9.024644e+01  1.009423e+01
     vertex  1.525000e+02  9.024339e+01  1.012839e+01
     vertex  1.475000e+02  9.024339e+01  1.012839e+01
   endloop
 endfacet
 facet normal  0.000000e+00 -9.960268e-01 -8.905371e-02
   outer loop
     vertex  1.475000e+02  9.024644e+01  1.009423e+01
     vertex  1.525000e+02  9.024644e+01  1.009423e+01
     vertex  1.525000e+02  9.024339e+01  1.012839e+01
   endloop
 endfacet
 facet normal  0.000000e+00 -9.980950e-01 -6.169515e-02
   outer loop
     vertex  1.475000e+02  9.024856e+01  1.006000e+01
     vertex  1.525000e+02  9.024644e+01  1.009423e+01
     vertex  1.475000e+02  9.024644e+01  1.009423e+01
   endloop
 endfacet
 facet normal  0.000000e+00 -9.980950e-01 -6.169515e-02
   outer loop
     vertex  1.475000e+02  9.024856e+01  1.006000e+01
     vertex  1.525000e+02  9.024856e+01  1.006000e+01
     vertex  1.525000e+02  9.024644e+01  1.009423e+01
   endloop
 endfacet
 facet normal  0.000000e+00 -9.994119e-01 -3.429014e-02
   outer loop
     vertex  1.475000e+02  9.024974e+01  1.002572e+01
     vertex  1.525000e+02  9.024856e+01  1.006000e+01
     vertex  1.475000e+02  9.024856e+01  1.006000e+01
   endloop
 endfacet
 facet normal  0.000000e+00 -9.994119e-01 -3.429014e-02
   outer loop
     vertex  1.475000e+02  9.024974e+01  1.002572e+01
     vertex  1.525000e+02  9.024974e+01  1.002572e+01
     vertex  1.525000e+02  9.024856e+01  1.006000e+01
   endloop
 endfacet
 facet normal  0.000000e+00 -9.999765e-01 -6.859319e-03
   outer loop
     vertex  1.475000e+02  9.024974e+01  1.002572e+01
     vertex  1.525000e+02  9.024997e+01  9.991426e+00
     vertex  1.525000e+02  9.024974e+01  1.002572e+01
   endloop
 endfacet
 facet normal  0.000000e+00 -9.999765e-01 -6.859319e-03
   outer loop
     vertex  1.475000e+02  9.024997e+01  9.991426e+00
     vertex  1.525000e+02  9.024997e+01  9.991426e+00
     vertex  1.475000e+02  9.024974e+01  1.002572e+01
   endloop
 endfacet
 facet normal  0.000000e+00 -9.997883e-01  2.057667e-02
   outer loop
     vertex  1.475000e+02  9.024997e+01  9.991426e+00
     vertex  1.525000e+02  9.024926e+01  9.957137e+00
     vertex  1.525000e+02  9.024997e+01  9.991426e+00
   endloop
 endfacet
 facet normal  0.000000e+00 -9.997883e-01  2.057667e-02
   outer loop
     vertex  1.475000e+02  9.024926e+01  9.957137e+00
     vertex  1.525000e+02  9.024926e+01  9.957137e+00
     vertex  1.475000e+02  9.024997e+01  9.991426e+00
   endloop
 endfacet
 facet normal  0.000000e+00 -9.988475e-01  4.799716e-02
   outer loop
     vertex  1.475000e+02  9.024762e+01  9.922881e+00
     vertex  1.525000e+02  9.024762e+01  9.922881e+00
     vertex  1.525000e+02  9.024926e+01  9.957137e+00
   endloop
 endfacet
 facet normal  0.000000e+00 -9.988475e-01  4.799716e-02
   outer loop
     vertex  1.475000e+02  9.024762e+01  9.922881e+00
     vertex  1.525000e+02  9.024926e+01  9.957137e+00
     vertex  1.475000e+02  9.024926e+01  9.957137e+00
   endloop
 endfacet
 facet normal  0.000000e+00 -9.971548e-01  7.538152e-02
   outer loop
     vertex  1.475000e+02  9.024503e+01  9.888683e+00
     vertex  1.525000e+02  9.024503e+01  9.888683e+00
     vertex  1.525000e+02  9.024762e+01  9.922881e+00
   endloop
 endfacet
 facet normal  0.000000e+00 -9.971548e-01  7.538152e-02
   outer loop
     vertex  1.475000e+02  9.024503e+01  9.888683e+00
     vertex  1.525000e+02  9.024762e+01  9.922881e+00
     vertex  1.475000e+02  9.024762e+01  9.922881e+00
   endloop
 endfacet
 facet normal  0.000000e+00 -9.947114e-01  1.027091e-01
   outer loop
     vertex  1.475000e+02  9.024151e+01  9.854568e+00
     vertex  1.525000e+02  9.024151e+01  9.854568e+00
     vertex  1.525000e+02  9.024503e+01  9.888683e+00
   endloop
 endfacet
 facet normal  0.000000e+00 -9.947114e-01  1.027091e-01
   outer loop
     vertex  1.475000e+02  9.024151e+01  9.854568e+00
     vertex  1.525000e+02  9.024503e+01  9.888683e+00
     vertex  1.475000e+02  9.024503e+01  9.888683e+00
   endloop
 endfacet
 facet normal  0.000000e+00 -9.915193e-01  1.299594e-01
   outer loop
     vertex  1.475000e+02  9.023705e+01  9.820564e+00
     vertex  1.525000e+02  9.023705e+01  9.820564e+00
     vertex  1.525000e+02  9.024151e+01  9.854568e+00
   endloop
 endfacet
 facet normal  0.000000e+00 -9.915193e-01  1.299594e-01
   outer loop
     vertex  1.475000e+02  9.023705e+01  9.820564e+00
     vertex  1.525000e+02  9.024151e+01  9.854568e+00
     vertex  1.475000e+02  9.024151e+01  9.854568e+00
   endloop
 endfacet
 facet normal  0.000000e+00 -9.875808e-01  1.571119e-01
   outer loop
     vertex  1.475000e+02  9.023167e+01  9.786694e+00
     vertex  1.525000e+02  9.023167e+01  9.786694e+00
     vertex  1.525000e+02  9.023705e+01  9.820564e+00
   endloop
 endfacet
 facet normal  0.000000e+00 -9.875808e-01  1.571119e-01
   outer loop
     vertex  1.475000e+02  9.023167e+01  9.786694e+00
     vertex  1.525000e+02  9.023705e+01  9.820564e+00
     vertex  1.475000e+02  9.023705e+01  9.820564e+00
   endloop
 endfacet
 facet normal  0.000000e+00 -9.828989e-01  1.841461e-01
   outer loop
     vertex  1.475000e+02  9.022535e+01  9.752984e+00
     vertex  1.525000e+02  9.022535e+01  9.752984e+00
     vertex  1.525000e+02  9.023167e+01  9.786694e+00
   endloop
 endfacet
 facet normal  0.000000e+00 -9.828989e-01  1.841461e-01
   outer loop
     vertex  1.475000e+02  9.022535e+01  9.752984e+00
     vertex  1.525000e+02  9.023167e+01  9.786694e+00
     vertex  1.475000e+02  9.023167e+01  9.786694e+00
   endloop
 endfacet
 facet normal  0.000000e+00 -9.774771e-01  2.110417e-01
   outer loop
     vertex  1.475000e+02  9.021811e+01  9.719461e+00
     vertex  1.525000e+02  9.021811e+01  9.719461e+00
     vertex  1.525000e+02  9.022535e+01  9.752984e+00
   endloop
 endfacet
 facet normal  0.000000e+00 -9.774771e-01  2.110417e-01
   outer loop
     vertex  1.475000e+02  9.021811e+01  9.719461e+00
     vertex  1.525000e+02  9.022535e+01  9.752984e+00
     vertex  1.475000e+02  9.022535e+01  9.752984e+00
   endloop
 endfacet
 facet normal  0.000000e+00 -9.713194e-01  2.377784e-01
   outer loop
     vertex  1.475000e+02  9.020996e+01  9.686149e+00
     vertex  1.525000e+02  9.020996e+01  9.686149e+00
     vertex  1.525000e+02  9.021811e+01  9.719461e+00
   endloop
 endfacet
 facet normal  0.000000e+00 -9.713194e-01  2.377784e-01
   outer loop
     vertex  1.475000e+02  9.020996e+01  9.686149e+00
     vertex  1.525000e+02  9.021811e+01  9.719461e+00
     vertex  1.475000e+02  9.021811e+01  9.719461e+00
   endloop
 endfacet
 facet normal  0.000000e+00 -9.644306e-01  2.643362e-01
   outer loop
     vertex  1.475000e+02  9.020089e+01  9.653073e+00
     vertex  1.525000e+02  9.020089e+01  9.653073e+00
     vertex  1.525000e+02  9.020996e+01  9.686149e+00
   endloop
 endfacet
 facet normal  0.000000e+00 -9.644306e-01  2.643362e-01
   outer loop
     vertex  1.475000e+02  9.020089e+01  9.653073e+00
     vertex  1.525000e+02  9.020996e+01  9.686149e+00
     vertex  1.475000e+02  9.020996e+01  9.686149e+00
   endloop
 endfacet
 facet normal  0.000000e+00 -9.568158e-01  2.906949e-01
   outer loop
     vertex  1.475000e+02  9.019092e+01  9.620258e+00
     vertex  1.525000e+02  9.019092e+01  9.620258e+00
     vertex  1.525000e+02  9.020089e+01  9.653073e+00
   endloop
 endfacet
 facet normal  0.000000e+00 -9.568158e-01  2.906949e-01
   outer loop
     vertex  1.475000e+02  9.019092e+01  9.620258e+00
     vertex  1.525000e+02  9.020089e+01  9.653073e+00
     vertex  1.475000e+02  9.020089e+01  9.653073e+00
   endloop
 endfacet
 facet normal  0.000000e+00 -9.484807e-01  3.168348e-01
   outer loop
     vertex  1.475000e+02  9.018006e+01  9.587729e+00
     vertex  1.525000e+02  9.018006e+01  9.587729e+00
     vertex  1.525000e+02  9.019092e+01  9.620258e+00
   endloop
 endfacet
 facet normal  0.000000e+00 -9.394317e-01  3.427362e-01
   outer loop
     vertex  1.475000e+02  9.018006e+01  9.587729e+00
     vertex  1.525000e+02  9.016830e+01  9.555511e+00
     vertex  1.525000e+02  9.018006e+01  9.587729e+00
   endloop
 endfacet
 facet normal  0.000000e+00 -9.484807e-01  3.168348e-01
   outer loop
     vertex  1.475000e+02  9.018006e+01  9.587729e+00
     vertex  1.525000e+02  9.019092e+01  9.620258e+00
     vertex  1.475000e+02  9.019092e+01  9.620258e+00
   endloop
 endfacet
 facet normal  0.000000e+00 -9.296754e-01  3.683796e-01
   outer loop
     vertex  1.475000e+02  9.016830e+01  9.555511e+00
     vertex  1.525000e+02  9.015567e+01  9.523627e+00
     vertex  1.525000e+02  9.016830e+01  9.555511e+00
   endloop
 endfacet
 facet normal  0.000000e+00 -9.394317e-01  3.427362e-01
   outer loop
     vertex  1.475000e+02  9.016830e+01  9.555511e+00
     vertex  1.525000e+02  9.016830e+01  9.555511e+00
     vertex  1.475000e+02  9.018006e+01  9.587729e+00
   endloop
 endfacet
 facet normal  0.000000e+00 -9.296754e-01  3.683796e-01
   outer loop
     vertex  1.475000e+02  9.015567e+01  9.523627e+00
     vertex  1.525000e+02  9.015567e+01  9.523627e+00
     vertex  1.475000e+02  9.016830e+01  9.555511e+00
   endloop
 endfacet
 facet normal  0.000000e+00 -9.192194e-01  3.937458e-01
   outer loop
     vertex  1.475000e+02  9.014216e+01  9.492101e+00
     vertex  1.525000e+02  9.015567e+01  9.523627e+00
     vertex  1.475000e+02  9.015567e+01  9.523627e+00
   endloop
 endfacet
 facet normal  0.000000e+00 -9.192194e-01  3.937458e-01
   outer loop
     vertex  1.475000e+02  9.014216e+01  9.492101e+00
     vertex  1.525000e+02  9.014216e+01  9.492101e+00
     vertex  1.525000e+02  9.015567e+01  9.523627e+00
   endloop
 endfacet
 facet normal  0.000000e+00 -9.080714e-01  4.188155e-01
   outer loop
     vertex  1.475000e+02  9.014216e+01  9.492101e+00
     vertex  1.525000e+02  9.012780e+01  9.460958e+00
     vertex  1.525000e+02  9.014216e+01  9.492101e+00
   endloop
 endfacet
 facet normal  0.000000e+00 -9.080714e-01  4.188155e-01
   outer loop
     vertex  1.475000e+02  9.012780e+01  9.460958e+00
     vertex  1.525000e+02  9.012780e+01  9.460958e+00
     vertex  1.475000e+02  9.014216e+01  9.492101e+00
   endloop
 endfacet
 facet normal  0.000000e+00 -8.962398e-01  4.435699e-01
   outer loop
     vertex  1.475000e+02  9.011259e+01  9.430221e+00
     vertex  1.525000e+02  9.011259e+01  9.430221e+00
     vertex  1.525000e+02  9.012780e+01  9.460958e+00
   endloop
 endfacet
 facet normal  0.000000e+00 -8.837335e-01  4.679904e-01
   outer loop
     vertex  1.475000e+02  9.011259e+01  9.430221e+00
     vertex  1.525000e+02  9.009654e+01  9.399913e+00
     vertex  1.525000e+02  9.011259e+01  9.430221e+00
   endloop
 endfacet
 facet normal  0.000000e+00 -8.962398e-01  4.435699e-01
   outer loop
     vertex  1.475000e+02  9.011259e+01  9.430221e+00
     vertex  1.525000e+02  9.012780e+01  9.460958e+00
     vertex  1.475000e+02  9.012780e+01  9.460958e+00
   endloop
 endfacet
 facet normal  0.000000e+00 -8.837335e-01  4.679904e-01
   outer loop
     vertex  1.475000e+02  9.009654e+01  9.399913e+00
     vertex  1.525000e+02  9.009654e+01  9.399913e+00
     vertex  1.475000e+02  9.011259e+01  9.430221e+00
   endloop
 endfacet
 facet normal  0.000000e+00 -8.705620e-01  4.920587e-01
   outer loop
     vertex  1.475000e+02  9.007966e+01  9.370056e+00
     vertex  1.525000e+02  9.007966e+01  9.370056e+00
     vertex  1.525000e+02  9.009654e+01  9.399913e+00
   endloop
 endfacet
 facet normal  0.000000e+00 -8.705620e-01  4.920587e-01
   outer loop
     vertex  1.475000e+02  9.007966e+01  9.370056e+00
     vertex  1.525000e+02  9.009654e+01  9.399913e+00
     vertex  1.475000e+02  9.009654e+01  9.399913e+00
   endloop
 endfacet
 facet normal  0.000000e+00 -8.567352e-01  5.157565e-01
   outer loop
     vertex  1.475000e+02  9.007966e+01  9.370056e+00
     vertex  1.525000e+02  9.006197e+01  9.340674e+00
     vertex  1.525000e+02  9.007966e+01  9.370056e+00
   endloop
 endfacet
 facet normal  0.000000e+00 -8.567352e-01  5.157565e-01
   outer loop
     vertex  1.475000e+02  9.006197e+01  9.340674e+00
     vertex  1.525000e+02  9.006197e+01  9.340674e+00
     vertex  1.475000e+02  9.007966e+01  9.370056e+00
   endloop
 endfacet
 facet normal  0.000000e+00 -8.422635e-01  5.390661e-01
   outer loop
     vertex  1.475000e+02  9.006197e+01  9.340674e+00
     vertex  1.525000e+02  9.004349e+01  9.311788e+00
     vertex  1.525000e+02  9.006197e+01  9.340674e+00
   endloop
 endfacet
 facet normal  0.000000e+00 -8.271577e-01  5.619699e-01
   outer loop
     vertex  1.475000e+02  9.004349e+01  9.311788e+00
     vertex  1.525000e+02  9.002421e+01  9.283420e+00
     vertex  1.525000e+02  9.004349e+01  9.311788e+00
   endloop
 endfacet
 facet normal  0.000000e+00 -8.422635e-01  5.390661e-01
   outer loop
     vertex  1.475000e+02  9.004349e+01  9.311788e+00
     vertex  1.525000e+02  9.004349e+01  9.311788e+00
     vertex  1.475000e+02  9.006197e+01  9.340674e+00
   endloop
 endfacet
 facet normal  0.000000e+00 -8.271577e-01  5.619699e-01
   outer loop
     vertex  1.475000e+02  9.002421e+01  9.283420e+00
     vertex  1.525000e+02  9.002421e+01  9.283420e+00
     vertex  1.475000e+02  9.004349e+01  9.311788e+00
   endloop
 endfacet
 facet normal  0.000000e+00 -8.114292e-01  5.844507e-01
   outer loop
     vertex  1.475000e+02  9.000417e+01  9.255591e+00
     vertex  1.525000e+02  9.000417e+01  9.255591e+00
     vertex  1.525000e+02  9.002421e+01  9.283420e+00
   endloop
 endfacet
 facet normal  0.000000e+00 -7.950900e-01  6.064915e-01
   outer loop
     vertex  1.475000e+02  9.000417e+01  9.255591e+00
     vertex  1.525000e+02  8.998337e+01  9.228323e+00
     vertex  1.525000e+02  9.000417e+01  9.255591e+00
   endloop
 endfacet
 facet normal  0.000000e+00 -8.114292e-01  5.844507e-01
   outer loop
     vertex  1.475000e+02  9.000417e+01  9.255591e+00
     vertex  1.525000e+02  9.002421e+01  9.283420e+00
     vertex  1.475000e+02  9.002421e+01  9.283420e+00
   endloop
 endfacet
 facet normal  0.000000e+00 -7.950900e-01  6.064915e-01
   outer loop
     vertex  1.475000e+02  8.998337e+01  9.228323e+00
     vertex  1.525000e+02  8.998337e+01  9.228323e+00
     vertex  1.475000e+02  9.000417e+01  9.255591e+00
   endloop
 endfacet
 facet normal  0.000000e+00 -7.781522e-01  6.280757e-01
   outer loop
     vertex  1.475000e+02  8.996183e+01  9.201636e+00
     vertex  1.525000e+02  8.996183e+01  9.201636e+00
     vertex  1.525000e+02  8.998337e+01  9.228323e+00
   endloop
 endfacet
 facet normal  0.000000e+00 -7.781522e-01  6.280757e-01
   outer loop
     vertex  1.475000e+02  8.996183e+01  9.201636e+00
     vertex  1.525000e+02  8.998337e+01  9.228323e+00
     vertex  1.475000e+02  8.998337e+01  9.228323e+00
   endloop
 endfacet
 facet normal  0.000000e+00 -7.606287e-01  6.491872e-01
   outer loop
     vertex  1.475000e+02  8.993956e+01  9.175549e+00
     vertex  1.525000e+02  8.993956e+01  9.175549e+00
     vertex  1.525000e+02  8.996183e+01  9.201636e+00
   endloop
 endfacet
 facet normal  0.000000e+00 -7.606287e-01  6.491872e-01
   outer loop
     vertex  1.475000e+02  8.993956e+01  9.175549e+00
     vertex  1.525000e+02  8.996183e+01  9.201636e+00
     vertex  1.475000e+02  8.996183e+01  9.201636e+00
   endloop
 endfacet
 facet normal  0.000000e+00 -7.425325e-01  6.698100e-01
   outer loop
     vertex  1.475000e+02  8.991659e+01  9.150083e+00
     vertex  1.525000e+02  8.991659e+01  9.150083e+00
     vertex  1.525000e+02  8.993956e+01  9.175549e+00
   endloop
 endfacet
 facet normal  0.000000e+00 -7.238775e-01  6.899286e-01
   outer loop
     vertex  1.475000e+02  8.991659e+01  9.150083e+00
     vertex  1.525000e+02  8.989293e+01  9.125257e+00
     vertex  1.525000e+02  8.991659e+01  9.150083e+00
   endloop
 endfacet
 facet normal  0.000000e+00 -7.425325e-01  6.698100e-01
   outer loop
     vertex  1.475000e+02  8.991659e+01  9.150083e+00
     vertex  1.525000e+02  8.993956e+01  9.175549e+00
     vertex  1.475000e+02  8.993956e+01  9.175549e+00
   endloop
 endfacet
 facet normal  0.000000e+00 -7.238775e-01  6.899286e-01
   outer loop
     vertex  1.475000e+02  8.989293e+01  9.125257e+00
     vertex  1.525000e+02  8.989293e+01  9.125257e+00
     vertex  1.475000e+02  8.991659e+01  9.150083e+00
   endloop
 endfacet
 facet normal  0.000000e+00 -7.046775e-01  7.095278e-01
   outer loop
     vertex  1.475000e+02  8.986860e+01  9.101090e+00
     vertex  1.525000e+02  8.986860e+01  9.101090e+00
     vertex  1.525000e+02  8.989293e+01  9.125257e+00
   endloop
 endfacet
 facet normal  0.000000e+00 -7.046775e-01  7.095278e-01
   outer loop
     vertex  1.475000e+02  8.986860e+01  9.101090e+00
     vertex  1.525000e+02  8.989293e+01  9.125257e+00
     vertex  1.475000e+02  8.989293e+01  9.125257e+00
   endloop
 endfacet
 facet normal  0.000000e+00 -6.849470e-01  7.285929e-01
   outer loop
     vertex  1.475000e+02  8.984361e+01  9.077599e+00
     vertex  1.525000e+02  8.984361e+01  9.077599e+00
     vertex  1.525000e+02  8.986860e+01  9.101090e+00
   endloop
 endfacet
 facet normal  0.000000e+00 -6.849470e-01  7.285929e-01
   outer loop
     vertex  1.475000e+02  8.984361e+01  9.077599e+00
     vertex  1.525000e+02  8.986860e+01  9.101090e+00
     vertex  1.475000e+02  8.986860e+01  9.101090e+00
   endloop
 endfacet
 facet normal  0.000000e+00 -6.647010e-01  7.471095e-01
   outer loop
     vertex  1.475000e+02  8.981799e+01  9.054803e+00
     vertex  1.525000e+02  8.981799e+01  9.054803e+00
     vertex  1.525000e+02  8.984361e+01  9.077599e+00
   endloop
 endfacet
 facet normal  0.000000e+00 -6.647010e-01  7.471095e-01
   outer loop
     vertex  1.475000e+02  8.981799e+01  9.054803e+00
     vertex  1.525000e+02  8.984361e+01  9.077599e+00
     vertex  1.475000e+02  8.984361e+01  9.077599e+00
   endloop
 endfacet
 facet normal  0.000000e+00 -6.439545e-01  7.650637e-01
   outer loop
     vertex  1.475000e+02  8.979175e+01  9.032718e+00
     vertex  1.525000e+02  8.979175e+01  9.032718e+00
     vertex  1.525000e+02  8.981799e+01  9.054803e+00
   endloop
 endfacet
 facet normal  0.000000e+00 -6.227234e-01  7.824421e-01
   outer loop
     vertex  1.475000e+02  8.979175e+01  9.032718e+00
     vertex  1.525000e+02  8.976491e+01  9.011361e+00
     vertex  1.525000e+02  8.979175e+01  9.032718e+00
   endloop
 endfacet
 facet normal  0.000000e+00 -6.439545e-01  7.650637e-01
   outer loop
     vertex  1.475000e+02  8.979175e+01  9.032718e+00
     vertex  1.525000e+02  8.981799e+01  9.054803e+00
     vertex  1.475000e+02  8.981799e+01  9.054803e+00
   endloop
 endfacet
 facet normal  0.000000e+00 -6.227234e-01  7.824421e-01
   outer loop
     vertex  1.475000e+02  8.976491e+01  9.011361e+00
     vertex  1.525000e+02  8.976491e+01  9.011361e+00
     vertex  1.475000e+02  8.979175e+01  9.032718e+00
   endloop
 endfacet
 facet normal  0.000000e+00 -6.010234e-01  7.992314e-01
   outer loop
     vertex  1.475000e+02  8.973750e+01  8.990748e+00
     vertex  1.525000e+02  8.973750e+01  8.990748e+00
     vertex  1.525000e+02  8.976491e+01  9.011361e+00
   endloop
 endfacet
 facet normal  0.000000e+00 -6.010234e-01  7.992314e-01
   outer loop
     vertex  1.475000e+02  8.973750e+01  8.990748e+00
     vertex  1.525000e+02  8.976491e+01  9.011361e+00
     vertex  1.475000e+02  8.976491e+01  9.011361e+00
   endloop
 endfacet
 facet normal  0.000000e+00 -5.788711e-01  8.154191e-01
   outer loop
     vertex  1.475000e+02  8.970954e+01  8.970896e+00
     vertex  1.525000e+02  8.970954e+01  8.970896e+00
     vertex  1.525000e+02  8.973750e+01  8.990748e+00
   endloop
 endfacet
 facet normal  0.000000e+00 -5.788711e-01  8.154191e-01
   outer loop
     vertex  1.475000e+02  8.970954e+01  8.970896e+00
     vertex  1.525000e+02  8.973750e+01  8.990748e+00
     vertex  1.475000e+02  8.973750e+01  8.990748e+00
   endloop
 endfacet
 facet normal  0.000000e+00 -5.562829e-01  8.309929e-01
   outer loop
     vertex  1.475000e+02  8.968104e+01  8.951817e+00
     vertex  1.525000e+02  8.968104e+01  8.951817e+00
     vertex  1.525000e+02  8.970954e+01  8.970896e+00
   endloop
 endfacet
 facet normal  0.000000e+00 -5.562829e-01  8.309929e-01
   outer loop
     vertex  1.475000e+02  8.968104e+01  8.951817e+00
     vertex  1.525000e+02  8.970954e+01  8.970896e+00
     vertex  1.475000e+02  8.970954e+01  8.970896e+00
   endloop
 endfacet
 facet normal  0.000000e+00 -5.332761e-01  8.459413e-01
   outer loop
     vertex  1.475000e+02  8.965203e+01  8.933528e+00
     vertex  1.525000e+02  8.965203e+01  8.933528e+00
     vertex  1.525000e+02  8.968104e+01  8.951817e+00
   endloop
 endfacet
 facet normal  0.000000e+00 -5.332761e-01  8.459413e-01
   outer loop
     vertex  1.475000e+02  8.965203e+01  8.933528e+00
     vertex  1.525000e+02  8.968104e+01  8.951817e+00
     vertex  1.475000e+02  8.968104e+01  8.951817e+00
   endloop
 endfacet
 facet normal  0.000000e+00 -5.098678e-01  8.602528e-01
   outer loop
     vertex  1.475000e+02  8.962252e+01  8.916042e+00
     vertex  1.525000e+02  8.962252e+01  8.916042e+00
     vertex  1.525000e+02  8.965203e+01  8.933528e+00
   endloop
 endfacet
 facet normal  0.000000e+00 -4.860756e-01  8.739167e-01
   outer loop
     vertex  1.475000e+02  8.962252e+01  8.916042e+00
     vertex  1.525000e+02  8.959255e+01  8.899372e+00
     vertex  1.525000e+02  8.962252e+01  8.916042e+00
   endloop
 endfacet
 facet normal  0.000000e+00 -5.098678e-01  8.602528e-01
   outer loop
     vertex  1.475000e+02  8.962252e+01  8.916042e+00
     vertex  1.525000e+02  8.965203e+01  8.933528e+00
     vertex  1.475000e+02  8.965203e+01  8.933528e+00
   endloop
 endfacet
 facet normal  0.000000e+00 -4.619176e-01  8.869228e-01
   outer loop
     vertex  1.475000e+02  8.959255e+01  8.899372e+00
     vertex  1.525000e+02  8.956213e+01  8.883530e+00
     vertex  1.525000e+02  8.959255e+01  8.899372e+00
   endloop
 endfacet
 facet normal  0.000000e+00 -4.860756e-01  8.739167e-01
   outer loop
     vertex  1.475000e+02  8.959255e+01  8.899372e+00
     vertex  1.525000e+02  8.959255e+01  8.899372e+00
     vertex  1.475000e+02  8.962252e+01  8.916042e+00
   endloop
 endfacet
 facet normal  0.000000e+00 -4.619176e-01  8.869228e-01
   outer loop
     vertex  1.475000e+02  8.956213e+01  8.883530e+00
     vertex  1.525000e+02  8.956213e+01  8.883530e+00
     vertex  1.475000e+02  8.959255e+01  8.899372e+00
   endloop
 endfacet
 facet normal  0.000000e+00 -4.374119e-01  8.992613e-01
   outer loop
     vertex  1.475000e+02  8.956213e+01  8.883530e+00
     vertex  1.525000e+02  8.953129e+01  8.868528e+00
     vertex  1.525000e+02  8.956213e+01  8.883530e+00
   endloop
 endfacet
 facet normal  0.000000e+00 -4.374119e-01  8.992613e-01
   outer loop
     vertex  1.475000e+02  8.953129e+01  8.868528e+00
     vertex  1.525000e+02  8.953129e+01  8.868528e+00
     vertex  1.475000e+02  8.956213e+01  8.883530e+00
   endloop
 endfacet
 facet normal  0.000000e+00 -4.125769e-01  9.109228e-01
   outer loop
     vertex  1.475000e+02  8.950005e+01  8.854379e+00
     vertex  1.525000e+02  8.953129e+01  8.868528e+00
     vertex  1.475000e+02  8.953129e+01  8.868528e+00
   endloop
 endfacet
 facet normal  0.000000e+00 -4.125769e-01  9.109228e-01
   outer loop
     vertex  1.475000e+02  8.950005e+01  8.854379e+00
     vertex  1.525000e+02  8.950005e+01  8.854379e+00
     vertex  1.525000e+02  8.953129e+01  8.868528e+00
   endloop
 endfacet
 facet normal  0.000000e+00 -3.874313e-01  9.218986e-01
   outer loop
     vertex  1.475000e+02  8.946843e+01  8.841092e+00
     vertex  1.525000e+02  8.950005e+01  8.854379e+00
     vertex  1.475000e+02  8.950005e+01  8.854379e+00
   endloop
 endfacet
 facet normal  0.000000e+00 -3.874313e-01  9.218986e-01
   outer loop
     vertex  1.475000e+02  8.946843e+01  8.841092e+00
     vertex  1.525000e+02  8.946843e+01  8.841092e+00
     vertex  1.525000e+02  8.950005e+01  8.854379e+00
   endloop
 endfacet
 facet normal  0.000000e+00 -3.619940e-01  9.321804e-01
   outer loop
     vertex  1.475000e+02  8.943647e+01  8.828677e+00
     vertex  1.525000e+02  8.946843e+01  8.841092e+00
     vertex  1.475000e+02  8.946843e+01  8.841092e+00
   endloop
 endfacet
 facet normal  0.000000e+00 -3.619940e-01  9.321804e-01
   outer loop
     vertex  1.475000e+02  8.943647e+01  8.828677e+00
     vertex  1.525000e+02  8.943647e+01  8.828677e+00
     vertex  1.525000e+02  8.946843e+01  8.841092e+00
   endloop
 endfacet
 facet normal  0.000000e+00 -3.362843e-01  9.417605e-01
   outer loop
     vertex  1.475000e+02  8.943647e+01  8.828677e+00
     vertex  1.525000e+02  8.940417e+01  8.817144e+00
     vertex  1.525000e+02  8.943647e+01  8.828677e+00
   endloop
 endfacet
 facet normal  0.000000e+00 -3.362843e-01  9.417605e-01
   outer loop
     vertex  1.475000e+02  8.940417e+01  8.817144e+00
     vertex  1.525000e+02  8.940417e+01  8.817144e+00
     vertex  1.475000e+02  8.943647e+01  8.828677e+00
   endloop
 endfacet
 facet normal  0.000000e+00 -3.103214e-01  9.506317e-01
   outer loop
     vertex  1.475000e+02  8.937156e+01  8.806501e+00
     vertex  1.525000e+02  8.940417e+01  8.817144e+00
     vertex  1.475000e+02  8.940417e+01  8.817144e+00
   endloop
 endfacet
 facet normal  0.000000e+00 -3.103214e-01  9.506317e-01
   outer loop
     vertex  1.475000e+02  8.937156e+01  8.806501e+00
     vertex  1.525000e+02  8.937156e+01  8.806501e+00
     vertex  1.525000e+02  8.940417e+01  8.817144e+00
   endloop
 endfacet
 facet normal  0.000000e+00 -2.841250e-01  9.587873e-01
   outer loop
     vertex  1.475000e+02  8.933868e+01  8.796757e+00
     vertex  1.525000e+02  8.937156e+01  8.806501e+00
     vertex  1.475000e+02  8.937156e+01  8.806501e+00
   endloop
 endfacet
 facet normal  0.000000e+00 -2.841250e-01  9.587873e-01
   outer loop
     vertex  1.475000e+02  8.933868e+01  8.796757e+00
     vertex  1.525000e+02  8.933868e+01  8.796757e+00
     vertex  1.525000e+02  8.937156e+01  8.806501e+00
   endloop
 endfacet
 facet normal  0.000000e+00 -2.577146e-01  9.662211e-01
   outer loop
     vertex  1.475000e+02  8.933868e+01  8.796757e+00
     vertex  1.525000e+02  8.930554e+01  8.787918e+00
     vertex  1.525000e+02  8.933868e+01  8.796757e+00
   endloop
 endfacet
 facet normal  0.000000e+00 -2.577146e-01  9.662211e-01
   outer loop
     vertex  1.475000e+02  8.930554e+01  8.787918e+00
     vertex  1.525000e+02  8.930554e+01  8.787918e+00
     vertex  1.475000e+02  8.933868e+01  8.796757e+00
   endloop
 endfacet
 facet normal  0.000000e+00 -2.311102e-01  9.729276e-01
   outer loop
     vertex  1.475000e+02  8.927218e+01  8.779992e+00
     vertex  1.525000e+02  8.930554e+01  8.787918e+00
     vertex  1.475000e+02  8.930554e+01  8.787918e+00
   endloop
 endfacet
 facet normal  0.000000e+00 -2.311102e-01  9.729276e-01
   outer loop
     vertex  1.475000e+02  8.927218e+01  8.779992e+00
     vertex  1.525000e+02  8.927218e+01  8.779992e+00
     vertex  1.525000e+02  8.930554e+01  8.787918e+00
   endloop
 endfacet
 facet normal  0.000000e+00 -2.043319e-01  9.789017e-01
   outer loop
     vertex  1.475000e+02  8.923860e+01  8.772984e+00
     vertex  1.525000e+02  8.927218e+01  8.779992e+00
     vertex  1.475000e+02  8.927218e+01  8.779992e+00
   endloop
 endfacet
 facet normal  0.000000e+00 -2.043319e-01  9.789017e-01
   outer loop
     vertex  1.475000e+02  8.923860e+01  8.772984e+00
     vertex  1.525000e+02  8.923860e+01  8.772984e+00
     vertex  1.525000e+02  8.927218e+01  8.779992e+00
   endloop
 endfacet
 facet normal  0.000000e+00 -1.773998e-01  9.841389e-01
   outer loop
     vertex  1.475000e+02  8.920485e+01  8.766900e+00
     vertex  1.525000e+02  8.923860e+01  8.772984e+00
     vertex  1.475000e+02  8.923860e+01  8.772984e+00
   endloop
 endfacet
 facet normal  0.000000e+00 -1.773998e-01  9.841389e-01
   outer loop
     vertex  1.475000e+02  8.920485e+01  8.766900e+00
     vertex  1.525000e+02  8.920485e+01  8.766900e+00
     vertex  1.525000e+02  8.923860e+01  8.772984e+00
   endloop
 endfacet
 facet normal  0.000000e+00 -1.503341e-01  9.886353e-01
   outer loop
     vertex  1.475000e+02  8.920485e+01  8.766900e+00
     vertex  1.525000e+02  8.917095e+01  8.761744e+00
     vertex  1.525000e+02  8.920485e+01  8.766900e+00
   endloop
 endfacet
 facet normal  0.000000e+00 -1.503341e-01  9.886353e-01
   outer loop
     vertex  1.475000e+02  8.917095e+01  8.761744e+00
     vertex  1.525000e+02  8.917095e+01  8.761744e+00
     vertex  1.475000e+02  8.920485e+01  8.766900e+00
   endloop
 endfacet
 facet normal  0.000000e+00 -1.231552e-01  9.923874e-01
   outer loop
     vertex  1.475000e+02  8.913691e+01  8.757521e+00
     vertex  1.525000e+02  8.913691e+01  8.757521e+00
     vertex  1.525000e+02  8.917095e+01  8.761744e+00
   endloop
 endfacet
 facet normal  0.000000e+00 -1.231552e-01  9.923874e-01
   outer loop
     vertex  1.475000e+02  8.913691e+01  8.757521e+00
     vertex  1.525000e+02  8.917095e+01  8.761744e+00
     vertex  1.475000e+02  8.917095e+01  8.761744e+00
   endloop
 endfacet
 facet normal  0.000000e+00 -9.588368e-02  9.953925e-01
   outer loop
     vertex  1.475000e+02  8.910277e+01  8.754232e+00
     vertex  1.525000e+02  8.910277e+01  8.754232e+00
     vertex  1.525000e+02  8.913691e+01  8.757521e+00
   endloop
 endfacet
 facet normal  0.000000e+00 -9.588368e-02  9.953925e-01
   outer loop
     vertex  1.475000e+02  8.910277e+01  8.754232e+00
     vertex  1.525000e+02  8.913691e+01  8.757521e+00
     vertex  1.475000e+02  8.913691e+01  8.757521e+00
   endloop
 endfacet
 facet normal  0.000000e+00 -6.853995e-02  9.976484e-01
   outer loop
     vertex  1.475000e+02  8.906856e+01  8.751882e+00
     vertex  1.525000e+02  8.906856e+01  8.751882e+00
     vertex  1.525000e+02  8.910277e+01  8.754232e+00
   endloop
 endfacet
 facet normal  0.000000e+00 -6.853995e-02  9.976484e-01
   outer loop
     vertex  1.475000e+02  8.906856e+01  8.751882e+00
     vertex  1.525000e+02  8.910277e+01  8.754232e+00
     vertex  1.475000e+02  8.910277e+01  8.754232e+00
   endloop
 endfacet
 facet normal  0.000000e+00 -4.114462e-02  9.991532e-01
   outer loop
     vertex  1.475000e+02  8.903429e+01  8.750470e+00
     vertex  1.525000e+02  8.903429e+01  8.750470e+00
     vertex  1.525000e+02  8.906856e+01  8.751882e+00
   endloop
 endfacet
 facet normal  0.000000e+00 -1.371831e-02  9.999059e-01
   outer loop
     vertex  1.475000e+02  8.903429e+01  8.750470e+00
     vertex  1.525000e+02  8.900000e+01  8.750000e+00
     vertex  1.525000e+02  8.903429e+01  8.750470e+00
   endloop
 endfacet
 facet normal  0.000000e+00 -4.114462e-02  9.991532e-01
   outer loop
     vertex  1.475000e+02  8.903429e+01  8.750470e+00
     vertex  1.525000e+02  8.906856e+01  8.751882e+00
     vertex  1.475000e+02  8.906856e+01  8.751882e+00
   endloop
 endfacet
 facet normal  0.000000e+00 -1.371831e-02  9.999059e-01
   outer loop
     vertex  1.475000e+02  8.900000e+01  8.750000e+00
     vertex  1.525000e+02  8.900000e+01  8.750000e+00
     vertex  1.475000e+02  8.903429e+01  8.750470e+00
   endloop
 endfacet
 facet normal -1.371831e-02  0.000000e+00  9.999059e-01
   outer loop
     vertex  9.006173e+01  1.307000e+02  1.775085e+01
     vertex  9.000000e+01  1.367000e+02  1.775000e+01
     vertex  9.000000e+01  1.307000e+02  1.775000e+01
   endloop
 endfacet
 facet normal -1.371831e-02  0.000000e+00  9.999059e-01
   outer loop
     vertex  9.006173e+01  1.307000e+02  1.775085e+01
     vertex  9.006173e+01  1.367000e+02  1.775085e+01
     vertex  9.000000e+01  1.367000e+02  1.775000e+01
   endloop
 endfacet
 facet normal -4.114462e-02  0.000000e+00  9.991532e-01
   outer loop
     vertex  9.012341e+01  1.307000e+02  1.775339e+01
     vertex  9.012341e+01  1.367000e+02  1.775339e+01
     vertex  9.006173e+01  1.367000e+02  1.775085e+01
   endloop
 endfacet
 facet normal -4.114462e-02  0.000000e+00  9.991532e-01
   outer loop
     vertex  9.012341e+01  1.307000e+02  1.775339e+01
     vertex  9.006173e+01  1.367000e+02  1.775085e+01
     vertex  9.006173e+01  1.307000e+02  1.775085e+01
   endloop
 endfacet
 facet normal -6.853995e-02  0.000000e+00  9.976484e-01
   outer loop
     vertex  9.018499e+01  1.307000e+02  1.775762e+01
     vertex  9.018499e+01  1.367000e+02  1.775762e+01
     vertex  9.012341e+01  1.367000e+02  1.775339e+01
   endloop
 endfacet
 facet normal -6.853995e-02  0.000000e+00  9.976484e-01
   outer loop
     vertex  9.018499e+01  1.307000e+02  1.775762e+01
     vertex  9.012341e+01  1.367000e+02  1.775339e+01
     vertex  9.012341e+01  1.307000e+02  1.775339e+01
   endloop
 endfacet
 facet normal -9.588368e-02  0.000000e+00  9.953925e-01
   outer loop
     vertex  9.024644e+01  1.307000e+02  1.776354e+01
     vertex  9.024644e+01  1.367000e+02  1.776354e+01
     vertex  9.018499e+01  1.367000e+02  1.775762e+01
   endloop
 endfacet
 facet normal -9.588368e-02  0.000000e+00  9.953925e-01
   outer loop
     vertex  9.024644e+01  1.307000e+02  1.776354e+01
     vertex  9.018499e+01  1.367000e+02  1.775762e+01
     vertex  9.018499e+01  1.307000e+02  1.775762e+01
   endloop
 endfacet
 facet normal -1.231552e-01  0.000000e+00  9.923874e-01
   outer loop
     vertex  9.030770e+01  1.307000e+02  1.777114e+01
     vertex  9.030770e+01  1.367000e+02  1.777114e+01
     vertex  9.024644e+01  1.367000e+02  1.776354e+01
   endloop
 endfacet
 facet normal -1.231552e-01  0.000000e+00  9.923874e-01
   outer loop
     vertex  9.030770e+01  1.307000e+02  1.777114e+01
     vertex  9.024644e+01  1.367000e+02  1.776354e+01
     vertex  9.024644e+01  1.307000e+02  1.776354e+01
   endloop
 endfacet
 facet normal -1.503341e-01  0.000000e+00  9.886353e-01
   outer loop
     vertex  9.036874e+01  1.307000e+02  1.778042e+01
     vertex  9.036874e+01  1.367000e+02  1.778042e+01
     vertex  9.030770e+01  1.367000e+02  1.777114e+01
   endloop
 endfacet
 facet normal -1.773998e-01  0.000000e+00  9.841389e-01
   outer loop
     vertex  9.036874e+01  1.307000e+02  1.778042e+01
     vertex  9.042949e+01  1.367000e+02  1.779137e+01
     vertex  9.036874e+01  1.367000e+02  1.778042e+01
   endloop
 endfacet
 facet normal -1.503341e-01  0.000000e+00  9.886353e-01
   outer loop
     vertex  9.036874e+01  1.307000e+02  1.778042e+01
     vertex  9.030770e+01  1.367000e+02  1.777114e+01
     vertex  9.030770e+01  1.307000e+02  1.777114e+01
   endloop
 endfacet
 facet normal -1.773998e-01  0.000000e+00  9.841389e-01
   outer loop
     vertex  9.042949e+01  1.307000e+02  1.779137e+01
     vertex  9.042949e+01  1.367000e+02  1.779137e+01
     vertex  9.036874e+01  1.307000e+02  1.778042e+01
   endloop
 endfacet
 facet normal -2.043319e-01  0.000000e+00  9.789017e-01
   outer loop
     vertex  9.048992e+01  1.307000e+02  1.780399e+01
     vertex  9.048992e+01  1.367000e+02  1.780399e+01
     vertex  9.042949e+01  1.367000e+02  1.779137e+01
   endloop
 endfacet
 facet normal -2.043319e-01  0.000000e+00  9.789017e-01
   outer loop
     vertex  9.048992e+01  1.307000e+02  1.780399e+01
     vertex  9.042949e+01  1.367000e+02  1.779137e+01
     vertex  9.042949e+01  1.307000e+02  1.779137e+01
   endloop
 endfacet
 facet normal -2.311102e-01  0.000000e+00  9.729276e-01
   outer loop
     vertex  9.054998e+01  1.307000e+02  1.781825e+01
     vertex  9.054998e+01  1.367000e+02  1.781825e+01
     vertex  9.048992e+01  1.367000e+02  1.780399e+01
   endloop
 endfacet
 facet normal -2.311102e-01  0.000000e+00  9.729276e-01
   outer loop
     vertex  9.054998e+01  1.307000e+02  1.781825e+01
     vertex  9.048992e+01  1.367000e+02  1.780399e+01
     vertex  9.048992e+01  1.307000e+02  1.780399e+01
   endloop
 endfacet
 facet normal -2.577146e-01  0.000000e+00  9.662211e-01
   outer loop
     vertex  9.060963e+01  1.307000e+02  1.783416e+01
     vertex  9.054998e+01  1.367000e+02  1.781825e+01
     vertex  9.054998e+01  1.307000e+02  1.781825e+01
   endloop
 endfacet
 facet normal -2.577146e-01  0.000000e+00  9.662211e-01
   outer loop
     vertex  9.060963e+01  1.307000e+02  1.783416e+01
     vertex  9.060963e+01  1.367000e+02  1.783416e+01
     vertex  9.054998e+01  1.367000e+02  1.781825e+01
   endloop
 endfacet
 facet normal -2.841250e-01  0.000000e+00  9.587873e-01
   outer loop
     vertex  9.060963e+01  1.307000e+02  1.783416e+01
     vertex  9.066882e+01  1.367000e+02  1.785170e+01
     vertex  9.060963e+01  1.367000e+02  1.783416e+01
   endloop
 endfacet
 facet normal -2.841250e-01  0.000000e+00  9.587873e-01
   outer loop
     vertex  9.066882e+01  1.307000e+02  1.785170e+01
     vertex  9.066882e+01  1.367000e+02  1.785170e+01
     vertex  9.060963e+01  1.307000e+02  1.783416e+01
   endloop
 endfacet
 facet normal -3.103214e-01  0.000000e+00  9.506317e-01
   outer loop
     vertex  9.066882e+01  1.307000e+02  1.785170e+01
     vertex  9.072750e+01  1.367000e+02  1.787086e+01
     vertex  9.066882e+01  1.367000e+02  1.785170e+01
   endloop
 endfacet
 facet normal -3.103214e-01  0.000000e+00  9.506317e-01
   outer loop
     vertex  9.072750e+01  1.307000e+02  1.787086e+01
     vertex  9.072750e+01  1.367000e+02  1.787086e+01
     vertex  9.066882e+01  1.307000e+02  1.785170e+01
   endloop
 endfacet
 facet normal -3.362843e-01  0.000000e+00  9.417605e-01
   outer loop
     vertex  9.072750e+01  1.307000e+02  1.787086e+01
     vertex  9.078564e+01  1.367000e+02  1.789162e+01
     vertex  9.072750e+01  1.367000e+02  1.787086e+01
   endloop
 endfacet
 facet normal -3.362843e-01  0.000000e+00  9.417605e-01
   outer loop
     vertex  9.078564e+01  1.307000e+02  1.789162e+01
     vertex  9.078564e+01  1.367000e+02  1.789162e+01
     vertex  9.072750e+01  1.307000e+02  1.787086e+01
   endloop
 endfacet
 facet normal -3.619940e-01  0.000000e+00  9.321804e-01
   outer loop
     vertex  9.084318e+01  1.307000e+02  1.791396e+01
     vertex  9.078564e+01  1.367000e+02  1.789162e+01
     vertex  9.078564e+01  1.307000e+02  1.789162e+01
   endloop
 endfacet
 facet normal -3.619940e-01  0.000000e+00  9.321804e-01
   outer loop
     vertex  9.084318e+01  1.307000e+02  1.791396e+01
     vertex  9.084318e+01  1.367000e+02  1.791396e+01
     vertex  9.078564e+01  1.367000e+02  1.789162e+01
   endloop
 endfacet
 facet normal -3.874313e-01  0.000000e+00  9.218986e-01
   outer loop
     vertex  9.090009e+01  1.307000e+02  1.793788e+01
     vertex  9.084318e+01  1.367000e+02  1.791396e+01
     vertex  9.084318e+01  1.307000e+02  1.791396e+01
   endloop
 endfacet
 facet normal -3.874313e-01  0.000000e+00  9.218986e-01
   outer loop
     vertex  9.090009e+01  1.307000e+02  1.793788e+01
     vertex  9.090009e+01  1.367000e+02  1.793788e+01
     vertex  9.084318e+01  1.367000e+02  1.791396e+01
   endloop
 endfacet
 facet normal -4.125769e-01  0.000000e+00  9.109228e-01
   outer loop
     vertex  9.095633e+01  1.307000e+02  1.796335e+01
     vertex  9.090009e+01  1.367000e+02  1.793788e+01
     vertex  9.090009e+01  1.307000e+02  1.793788e+01
   endloop
 endfacet
 facet normal -4.125769e-01  0.000000e+00  9.109228e-01
   outer loop
     vertex  9.095633e+01  1.307000e+02  1.796335e+01
     vertex  9.095633e+01  1.367000e+02  1.796335e+01
     vertex  9.090009e+01  1.367000e+02  1.793788e+01
   endloop
 endfacet
 facet normal -4.374119e-01  0.000000e+00  8.992613e-01
   outer loop
     vertex  9.101184e+01  1.307000e+02  1.799035e+01
     vertex  9.095633e+01  1.367000e+02  1.796335e+01
     vertex  9.095633e+01  1.307000e+02  1.796335e+01
   endloop
 endfacet
 facet normal -4.374119e-01  0.000000e+00  8.992613e-01
   outer loop
     vertex  9.101184e+01  1.307000e+02  1.799035e+01
     vertex  9.101184e+01  1.367000e+02  1.799035e+01
     vertex  9.095633e+01  1.367000e+02  1.796335e+01
   endloop
 endfacet
 facet normal -4.619176e-01  0.000000e+00  8.869228e-01
   outer loop
     vertex  9.106659e+01  1.307000e+02  1.801887e+01
     vertex  9.101184e+01  1.367000e+02  1.799035e+01
     vertex  9.101184e+01  1.307000e+02  1.799035e+01
   endloop
 endfacet
 facet normal -4.619176e-01  0.000000e+00  8.869228e-01
   outer loop
     vertex  9.106659e+01  1.307000e+02  1.801887e+01
     vertex  9.106659e+01  1.367000e+02  1.801887e+01
     vertex  9.101184e+01  1.367000e+02  1.799035e+01
   endloop
 endfacet
 facet normal -4.860756e-01  0.000000e+00  8.739167e-01
   outer loop
     vertex  9.112054e+01  1.307000e+02  1.804888e+01
     vertex  9.106659e+01  1.367000e+02  1.801887e+01
     vertex  9.106659e+01  1.307000e+02  1.801887e+01
   endloop
 endfacet
 facet normal -4.860756e-01  0.000000e+00  8.739167e-01
   outer loop
     vertex  9.112054e+01  1.307000e+02  1.804888e+01
     vertex  9.112054e+01  1.367000e+02  1.804888e+01
     vertex  9.106659e+01  1.367000e+02  1.801887e+01
   endloop
 endfacet
 facet normal -5.098678e-01  0.000000e+00  8.602528e-01
   outer loop
     vertex  9.117365e+01  1.307000e+02  1.808035e+01
     vertex  9.112054e+01  1.367000e+02  1.804888e+01
     vertex  9.112054e+01  1.307000e+02  1.804888e+01
   endloop
 endfacet
 facet normal -5.098678e-01  0.000000e+00  8.602528e-01
   outer loop
     vertex  9.117365e+01  1.307000e+02  1.808035e+01
     vertex  9.117365e+01  1.367000e+02  1.808035e+01
     vertex  9.112054e+01  1.367000e+02  1.804888e+01
   endloop
 endfacet
 facet normal -5.332761e-01  0.000000e+00  8.459413e-01
   outer loop
     vertex  9.122587e+01  1.307000e+02  1.811327e+01
     vertex  9.117365e+01  1.367000e+02  1.808035e+01
     vertex  9.117365e+01  1.307000e+02  1.808035e+01
   endloop
 endfacet
 facet normal -5.332761e-01  0.000000e+00  8.459413e-01
   outer loop
     vertex  9.122587e+01  1.307000e+02  1.811327e+01
     vertex  9.122587e+01  1.367000e+02  1.811327e+01
     vertex  9.117365e+01  1.367000e+02  1.808035e+01
   endloop
 endfacet
 facet normal -5.562829e-01  0.000000e+00  8.309929e-01
   outer loop
     vertex  9.127717e+01  1.307000e+02  1.814761e+01
     vertex  9.127717e+01  1.367000e+02  1.814761e+01
     vertex  9.122587e+01  1.367000e+02  1.811327e+01
   endloop
 endfacet
 facet normal -5.562829e-01  0.000000e+00  8.309929e-01
   outer loop
     vertex  9.127717e+01  1.307000e+02  1.814761e+01
     vertex  9.122587e+01  1.367000e+02  1.811327e+01
     vertex  9.122587e+01  1.307000e+02  1.811327e+01
   endloop
 endfacet
 facet normal -5.788711e-01  0.000000e+00  8.154191e-01
   outer loop
     vertex  9.132751e+01  1.307000e+02  1.818335e+01
     vertex  9.132751e+01  1.367000e+02  1.818335e+01
     vertex  9.127717e+01  1.367000e+02  1.814761e+01
   endloop
 endfacet
 facet normal -5.788711e-01  0.000000e+00  8.154191e-01
   outer loop
     vertex  9.132751e+01  1.307000e+02  1.818335e+01
     vertex  9.127717e+01  1.367000e+02  1.814761e+01
     vertex  9.127717e+01  1.307000e+02  1.814761e+01
   endloop
 endfacet
 facet normal -6.010234e-01  0.000000e+00  7.992314e-01
   outer loop
     vertex  9.137684e+01  1.307000e+02  1.822045e+01
     vertex  9.137684e+01  1.367000e+02  1.822045e+01
     vertex  9.132751e+01  1.367000e+02  1.818335e+01
   endloop
 endfacet
 facet normal -6.010234e-01  0.000000e+00  7.992314e-01
   outer loop
     vertex  9.137684e+01  1.307000e+02  1.822045e+01
     vertex  9.132751e+01  1.367000e+02  1.818335e+01
     vertex  9.132751e+01  1.307000e+02  1.818335e+01
   endloop
 endfacet
 facet normal -6.227234e-01  0.000000e+00  7.824421e-01
   outer loop
     vertex  9.142515e+01  1.307000e+02  1.825889e+01
     vertex  9.142515e+01  1.367000e+02  1.825889e+01
     vertex  9.137684e+01  1.367000e+02  1.822045e+01
   endloop
 endfacet
 facet normal -6.227234e-01  0.000000e+00  7.824421e-01
   outer loop
     vertex  9.142515e+01  1.307000e+02  1.825889e+01
     vertex  9.137684e+01  1.367000e+02  1.822045e+01
     vertex  9.137684e+01  1.307000e+02  1.822045e+01
   endloop
 endfacet
 facet normal -6.439545e-01  0.000000e+00  7.650637e-01
   outer loop
     vertex  9.147238e+01  1.307000e+02  1.829864e+01
     vertex  9.147238e+01  1.367000e+02  1.829864e+01
     vertex  9.142515e+01  1.367000e+02  1.825889e+01
   endloop
 endfacet
 facet normal -6.439545e-01  0.000000e+00  7.650637e-01
   outer loop
     vertex  9.147238e+01  1.307000e+02  1.829864e+01
     vertex  9.142515e+01  1.367000e+02  1.825889e+01
     vertex  9.142515e+01  1.307000e+02  1.825889e+01
   endloop
 endfacet
 facet normal -6.647010e-01  0.000000e+00  7.471095e-01
   outer loop
     vertex  9.151850e+01  1.307000e+02  1.833968e+01
     vertex  9.151850e+01  1.367000e+02  1.833968e+01
     vertex  9.147238e+01  1.367000e+02  1.829864e+01
   endloop
 endfacet
 facet normal -6.849470e-01  0.000000e+00  7.285929e-01
   outer loop
     vertex  9.151850e+01  1.307000e+02  1.833968e+01
     vertex  9.156347e+01  1.367000e+02  1.838196e+01
     vertex  9.151850e+01  1.367000e+02  1.833968e+01
   endloop
 endfacet
 facet normal -6.647010e-01  0.000000e+00  7.471095e-01
   outer loop
     vertex  9.151850e+01  1.307000e+02  1.833968e+01
     vertex  9.147238e+01  1.367000e+02  1.829864e+01
     vertex  9.147238e+01  1.307000e+02  1.829864e+01
   endloop
 endfacet
 facet normal -6.849470e-01  0.000000e+00  7.285929e-01
   outer loop
     vertex  9.156347e+01  1.307000e+02  1.838196e+01
     vertex  9.156347e+01  1.367000e+02  1.838196e+01
     vertex  9.151850e+01  1.307000e+02  1.833968e+01
   endloop
 endfacet
 facet normal -7.046775e-01  0.000000e+00  7.095278e-01
   outer loop
     vertex  9.160728e+01  1.307000e+02  1.842546e+01
     vertex  9.160728e+01  1.367000e+02  1.842546e+01
     vertex  9.156347e+01  1.367000e+02  1.838196e+01
   endloop
 endfacet
 facet normal -7.238775e-01  0.000000e+00  6.899286e-01
   outer loop
     vertex  9.160728e+01  1.307000e+02  1.842546e+01
     vertex  9.164987e+01  1.367000e+02  1.847015e+01
     vertex  9.160728e+01  1.367000e+02  1.842546e+01
   endloop
 endfacet
 facet normal -7.046775e-01  0.000000e+00  7.095278e-01
   outer loop
     vertex  9.160728e+01  1.307000e+02  1.842546e+01
     vertex  9.156347e+01  1.367000e+02  1.838196e+01
     vertex  9.156347e+01  1.307000e+02  1.838196e+01
   endloop
 endfacet
 facet normal -7.238775e-01  0.000000e+00  6.899286e-01
   outer loop
     vertex  9.164987e+01  1.307000e+02  1.847015e+01
     vertex  9.164987e+01  1.367000e+02  1.847015e+01
     vertex  9.160728e+01  1.307000e+02  1.842546e+01
   endloop
 endfacet
 facet normal -7.425325e-01  0.000000e+00  6.698100e-01
   outer loop
     vertex  9.169122e+01  1.307000e+02  1.851599e+01
     vertex  9.169122e+01  1.367000e+02  1.851599e+01
     vertex  9.164987e+01  1.367000e+02  1.847015e+01
   endloop
 endfacet
 facet normal -7.425325e-01  0.000000e+00  6.698100e-01
   outer loop
     vertex  9.169122e+01  1.307000e+02  1.851599e+01
     vertex  9.164987e+01  1.367000e+02  1.847015e+01
     vertex  9.164987e+01  1.307000e+02  1.847015e+01
   endloop
 endfacet
 facet normal -7.606287e-01  0.000000e+00  6.491872e-01
   outer loop
     vertex  9.173129e+01  1.307000e+02  1.856294e+01
     vertex  9.173129e+01  1.367000e+02  1.856294e+01
     vertex  9.169122e+01  1.367000e+02  1.851599e+01
   endloop
 endfacet
 facet normal -7.781522e-01  0.000000e+00  6.280757e-01
   outer loop
     vertex  9.173129e+01  1.307000e+02  1.856294e+01
     vertex  9.177006e+01  1.367000e+02  1.861098e+01
     vertex  9.173129e+01  1.367000e+02  1.856294e+01
   endloop
 endfacet
 facet normal -7.606287e-01  0.000000e+00  6.491872e-01
   outer loop
     vertex  9.173129e+01  1.307000e+02  1.856294e+01
     vertex  9.169122e+01  1.367000e+02  1.851599e+01
     vertex  9.169122e+01  1.307000e+02  1.851599e+01
   endloop
 endfacet
 facet normal -7.950900e-01  0.000000e+00  6.064915e-01
   outer loop
     vertex  9.177006e+01  1.307000e+02  1.861098e+01
     vertex  9.180750e+01  1.367000e+02  1.866006e+01
     vertex  9.177006e+01  1.367000e+02  1.861098e+01
   endloop
 endfacet
 facet normal -7.781522e-01  0.000000e+00  6.280757e-01
   outer loop
     vertex  9.177006e+01  1.307000e+02  1.861098e+01
     vertex  9.177006e+01  1.367000e+02  1.861098e+01
     vertex  9.173129e+01  1.307000e+02  1.856294e+01
   endloop
 endfacet
 facet normal -7.950900e-01  0.000000e+00  6.064915e-01
   outer loop
     vertex  9.180750e+01  1.307000e+02  1.866006e+01
     vertex  9.180750e+01  1.367000e+02  1.866006e+01
     vertex  9.177006e+01  1.307000e+02  1.861098e+01
   endloop
 endfacet
 facet normal -8.114292e-01  0.000000e+00  5.844507e-01
   outer loop
     vertex  9.184358e+01  1.307000e+02  1.871016e+01
     vertex  9.180750e+01  1.367000e+02  1.866006e+01
     vertex  9.180750e+01  1.307000e+02  1.866006e+01
   endloop
 endfacet
 facet normal -8.114292e-01  0.000000e+00  5.844507e-01
   outer loop
     vertex  9.184358e+01  1.307000e+02  1.871016e+01
     vertex  9.184358e+01  1.367000e+02  1.871016e+01
     vertex  9.180750e+01  1.367000e+02  1.866006e+01
   endloop
 endfacet
 facet normal -8.271577e-01  0.000000e+00  5.619699e-01
   outer loop
     vertex  9.187828e+01  1.307000e+02  1.876122e+01
     vertex  9.187828e+01  1.367000e+02  1.876122e+01
     vertex  9.184358e+01  1.367000e+02  1.871016e+01
   endloop
 endfacet
 facet normal -8.271577e-01  0.000000e+00  5.619699e-01
   outer loop
     vertex  9.187828e+01  1.307000e+02  1.876122e+01
     vertex  9.184358e+01  1.367000e+02  1.871016e+01
     vertex  9.184358e+01  1.307000e+02  1.871016e+01
   endloop
 endfacet
 facet normal -8.422635e-01  0.000000e+00  5.390661e-01
   outer loop
     vertex  9.191155e+01  1.307000e+02  1.881321e+01
     vertex  9.187828e+01  1.367000e+02  1.876122e+01
     vertex  9.187828e+01  1.307000e+02  1.876122e+01
   endloop
 endfacet
 facet normal -8.422635e-01  0.000000e+00  5.390661e-01
   outer loop
     vertex  9.191155e+01  1.307000e+02  1.881321e+01
     vertex  9.191155e+01  1.367000e+02  1.881321e+01
     vertex  9.187828e+01  1.367000e+02  1.876122e+01
   endloop
 endfacet
 facet normal -8.567352e-01  0.000000e+00  5.157565e-01
   outer loop
     vertex  9.194339e+01  1.307000e+02  1.886610e+01
     vertex  9.191155e+01  1.367000e+02  1.881321e+01
     vertex  9.191155e+01  1.307000e+02  1.881321e+01
   endloop
 endfacet
 facet normal -8.567352e-01  0.000000e+00  5.157565e-01
   outer loop
     vertex  9.194339e+01  1.307000e+02  1.886610e+01
     vertex  9.194339e+01  1.367000e+02  1.886610e+01
     vertex  9.191155e+01  1.367000e+02  1.881321e+01
   endloop
 endfacet
 facet normal -8.705620e-01  0.000000e+00  4.920587e-01
   outer loop
     vertex  9.197377e+01  1.307000e+02  1.891984e+01
     vertex  9.194339e+01  1.367000e+02  1.886610e+01
     vertex  9.194339e+01  1.307000e+02  1.886610e+01
   endloop
 endfacet
 facet normal -8.705620e-01  0.000000e+00  4.920587e-01
   outer loop
     vertex  9.197377e+01  1.307000e+02  1.891984e+01
     vertex  9.197377e+01  1.367000e+02  1.891984e+01
     vertex  9.194339e+01  1.367000e+02  1.886610e+01
   endloop
 endfacet
 facet normal -8.837335e-01  0.000000e+00  4.679904e-01
   outer loop
     vertex  9.200266e+01  1.307000e+02  1.897440e+01
     vertex  9.197377e+01  1.367000e+02  1.891984e+01
     vertex  9.197377e+01  1.307000e+02  1.891984e+01
   endloop
 endfacet
 facet normal -8.837335e-01  0.000000e+00  4.679904e-01
   outer loop
     vertex  9.200266e+01  1.307000e+02  1.897440e+01
     vertex  9.200266e+01  1.367000e+02  1.897440e+01
     vertex  9.197377e+01  1.367000e+02  1.891984e+01
   endloop
 endfacet
 facet normal -8.962398e-01  0.000000e+00  4.435699e-01
   outer loop
     vertex  9.203004e+01  1.307000e+02  1.902973e+01
     vertex  9.200266e+01  1.367000e+02  1.897440e+01
     vertex  9.200266e+01  1.307000e+02  1.897440e+01
   endloop
 endfacet
 facet normal -8.962398e-01  0.000000e+00  4.435699e-01
   outer loop
     vertex  9.203004e+01  1.307000e+02  1.902973e+01
     vertex  9.203004e+01  1.367000e+02  1.902973e+01
     vertex  9.200266e+01  1.367000e+02  1.897440e+01
   endloop
 endfacet
 facet normal -9.080714e-01  0.000000e+00  4.188155e-01
   outer loop
     vertex  9.205590e+01  1.307000e+02  1.908578e+01
     vertex  9.203004e+01  1.367000e+02  1.902973e+01
     vertex  9.203004e+01  1.307000e+02  1.902973e+01
   endloop
 endfacet
 facet normal -9.080714e-01  0.000000e+00  4.188155e-01
   outer loop
     vertex  9.205590e+01  1.307000e+02  1.908578e+01
     vertex  9.205590e+01  1.367000e+02  1.908578e+01
     vertex  9.203004e+01  1.367000e+02  1.902973e+01
   endloop
 endfacet
 facet normal -9.192194e-01  0.000000e+00  3.937458e-01
   outer loop
     vertex  9.208020e+01  1.307000e+02  1.914253e+01
     vertex  9.205590e+01  1.367000e+02  1.908578e+01
     vertex  9.205590e+01  1.307000e+02  1.908578e+01
   endloop
 endfacet
 facet normal -9.192194e-01  0.000000e+00  3.937458e-01
   outer loop
     vertex  9.208020e+01  1.307000e+02  1.914253e+01
     vertex  9.208020e+01  1.367000e+02  1.914253e+01
     vertex  9.205590e+01  1.367000e+02  1.908578e+01
   endloop
 endfacet
 facet normal -9.296754e-01  0.000000e+00  3.683796e-01
   outer loop
     vertex  9.210294e+01  1.307000e+02  1.919992e+01
     vertex  9.208020e+01  1.367000e+02  1.914253e+01
     vertex  9.208020e+01  1.307000e+02  1.914253e+01
   endloop
 endfacet
 facet normal -9.296754e-01  0.000000e+00  3.683796e-01
   outer loop
     vertex  9.210294e+01  1.307000e+02  1.919992e+01
     vertex  9.210294e+01  1.367000e+02  1.919992e+01
     vertex  9.208020e+01  1.367000e+02  1.914253e+01
   endloop
 endfacet
 facet normal -9.394317e-01  0.000000e+00  3.427362e-01
   outer loop
     vertex  9.210294e+01  1.307000e+02  1.919992e+01
     vertex  9.212410e+01  1.367000e+02  1.925791e+01
     vertex  9.210294e+01  1.367000e+02  1.919992e+01
   endloop
 endfacet
 facet normal -9.394317e-01  0.000000e+00  3.427362e-01
   outer loop
     vertex  9.212410e+01  1.307000e+02  1.925791e+01
     vertex  9.212410e+01  1.367000e+02  1.925791e+01
     vertex  9.210294e+01  1.307000e+02  1.919992e+01
   endloop
 endfacet
 facet normal -9.484807e-01  0.000000e+00  3.168348e-01
   outer loop
     vertex  9.214366e+01  1.307000e+02  1.931646e+01
     vertex  9.212410e+01  1.367000e+02  1.925791e+01
     vertex  9.212410e+01  1.307000e+02  1.925791e+01
   endloop
 endfacet
 facet normal -9.484807e-01  0.000000e+00  3.168348e-01
   outer loop
     vertex  9.214366e+01  1.307000e+02  1.931646e+01
     vertex  9.214366e+01  1.367000e+02  1.931646e+01
     vertex  9.212410e+01  1.367000e+02  1.925791e+01
   endloop
 endfacet
 facet normal -9.568158e-01  0.000000e+00  2.906949e-01
   outer loop
     vertex  9.216161e+01  1.307000e+02  1.937553e+01
     vertex  9.214366e+01  1.367000e+02  1.931646e+01
     vertex  9.214366e+01  1.307000e+02  1.931646e+01
   endloop
 endfacet
 facet normal -9.568158e-01  0.000000e+00  2.906949e-01
   outer loop
     vertex  9.216161e+01  1.307000e+02  1.937553e+01
     vertex  9.216161e+01  1.367000e+02  1.937553e+01
     vertex  9.214366e+01  1.367000e+02  1.931646e+01
   endloop
 endfacet
 facet normal -9.644306e-01  0.000000e+00  2.643362e-01
   outer loop
     vertex  9.217792e+01  1.307000e+02  1.943507e+01
     vertex  9.216161e+01  1.367000e+02  1.937553e+01
     vertex  9.216161e+01  1.307000e+02  1.937553e+01
   endloop
 endfacet
 facet normal -9.644306e-01  0.000000e+00  2.643362e-01
   outer loop
     vertex  9.217792e+01  1.307000e+02  1.943507e+01
     vertex  9.217792e+01  1.367000e+02  1.943507e+01
     vertex  9.216161e+01  1.367000e+02  1.937553e+01
   endloop
 endfacet
 facet normal -9.713194e-01  0.000000e+00  2.377784e-01
   outer loop
     vertex  9.219260e+01  1.307000e+02  1.949503e+01
     vertex  9.217792e+01  1.367000e+02  1.943507e+01
     vertex  9.217792e+01  1.307000e+02  1.943507e+01
   endloop
 endfacet
 facet normal -9.713194e-01  0.000000e+00  2.377784e-01
   outer loop
     vertex  9.219260e+01  1.307000e+02  1.949503e+01
     vertex  9.219260e+01  1.367000e+02  1.949503e+01
     vertex  9.217792e+01  1.367000e+02  1.943507e+01
   endloop
 endfacet
 facet normal -9.774771e-01  0.000000e+00  2.110417e-01
   outer loop
     vertex  9.220563e+01  1.307000e+02  1.955537e+01
     vertex  9.219260e+01  1.367000e+02  1.949503e+01
     vertex  9.219260e+01  1.307000e+02  1.949503e+01
   endloop
 endfacet
 facet normal -9.774771e-01  0.000000e+00  2.110417e-01
   outer loop
     vertex  9.220563e+01  1.307000e+02  1.955537e+01
     vertex  9.220563e+01  1.367000e+02  1.955537e+01
     vertex  9.219260e+01  1.367000e+02  1.949503e+01
   endloop
 endfacet
 facet normal -9.828989e-01  0.000000e+00  1.841461e-01
   outer loop
     vertex  9.221700e+01  1.307000e+02  1.961605e+01
     vertex  9.220563e+01  1.367000e+02  1.955537e+01
     vertex  9.220563e+01  1.307000e+02  1.955537e+01
   endloop
 endfacet
 facet normal -9.828989e-01  0.000000e+00  1.841461e-01
   outer loop
     vertex  9.221700e+01  1.307000e+02  1.961605e+01
     vertex  9.221700e+01  1.367000e+02  1.961605e+01
     vertex  9.220563e+01  1.367000e+02  1.955537e+01
   endloop
 endfacet
 facet normal -9.875808e-01  0.000000e+00  1.571119e-01
   outer loop
     vertex  9.221700e+01  1.307000e+02  1.961605e+01
     vertex  9.222670e+01  1.367000e+02  1.967701e+01
     vertex  9.221700e+01  1.367000e+02  1.961605e+01
   endloop
 endfacet
 facet normal -9.875808e-01  0.000000e+00  1.571119e-01
   outer loop
     vertex  9.222670e+01  1.307000e+02  1.967701e+01
     vertex  9.222670e+01  1.367000e+02  1.967701e+01
     vertex  9.221700e+01  1.307000e+02  1.961605e+01
   endloop
 endfacet
 facet normal -9.915193e-01  0.000000e+00  1.299594e-01
   outer loop
     vertex  9.222670e+01  1.307000e+02  1.967701e+01
     vertex  9.223472e+01  1.367000e+02  1.973822e+01
     vertex  9.222670e+01  1.367000e+02  1.967701e+01
   endloop
 endfacet
 facet normal -9.915193e-01  0.000000e+00  1.299594e-01
   outer loop
     vertex  9.223472e+01  1.307000e+02  1.973822e+01
     vertex  9.223472e+01  1.367000e+02  1.973822e+01
     vertex  9.222670e+01  1.307000e+02  1.967701e+01
   endloop
 endfacet
 facet normal -9.947114e-01  0.000000e+00  1.027091e-01
   outer loop
     vertex  9.224106e+01  1.307000e+02  1.979963e+01
     vertex  9.223472e+01  1.367000e+02  1.973822e+01
     vertex  9.223472e+01  1.307000e+02  1.973822e+01
   endloop
 endfacet
 facet normal -9.947114e-01  0.000000e+00  1.027091e-01
   outer loop
     vertex  9.224106e+01  1.307000e+02  1.979963e+01
     vertex  9.224106e+01  1.367000e+02  1.979963e+01
     vertex  9.223472e+01  1.367000e+02  1.973822e+01
   endloop
 endfacet
 facet normal -9.971548e-01  0.000000e+00  7.538152e-02
   outer loop
     vertex  9.224571e+01  1.307000e+02  1.986119e+01
     vertex  9.224106e+01  1.367000e+02  1.979963e+01
     vertex  9.224106e+01  1.307000e+02  1.979963e+01
   endloop
 endfacet
 facet normal -9.971548e-01  0.000000e+00  7.538152e-02
   outer loop
     vertex  9.224571e+01  1.307000e+02  1.986119e+01
     vertex  9.224571e+01  1.367000e+02  1.986119e+01
     vertex  9.224106e+01  1.367000e+02  1.979963e+01
   endloop
 endfacet
 facet normal -9.988475e-01  0.000000e+00  4.799716e-02
   outer loop
     vertex  9.224868e+01  1.307000e+02  1.992285e+01
     vertex  9.224571e+01  1.367000e+02  1.986119e+01
     vertex  9.224571e+01  1.307000e+02  1.986119e+01
   endloop
 endfacet
 facet normal -9.988475e-01  0.000000e+00  4.799716e-02
   outer loop
     vertex  9.224868e+01  1.307000e+02  1.992285e+01
     vertex  9.224868e+01  1.367000e+02  1.992285e+01
     vertex  9.224571e+01  1.367000e+02  1.986119e+01
   endloop
 endfacet
 facet normal -9.997883e-01  0.000000e+00  2.057667e-02
   outer loop
     vertex  9.224995e+01  1.307000e+02  1.998457e+01
     vertex  9.224995e+01  1.367000e+02  1.998457e+01
     vertex  9.224868e+01  1.367000e+02  1.992285e+01
   endloop
 endfacet
 facet normal -9.997883e-01  0.000000e+00  2.057667e-02
   outer loop
     vertex  9.224995e+01  1.307000e+02  1.998457e+01
     vertex  9.224868e+01  1.367000e+02  1.992285e+01
     vertex  9.224868e+01  1.307000e+02  1.992285e+01
   endloop
 endfacet
 facet normal -9.999765e-01  0.000000e+00 -6.859319e-03
   outer loop
     vertex  9.224995e+01  1.307000e+02  1.998457e+01
     vertex  9.224952e+01  1.367000e+02  2.004630e+01
     vertex  9.224995e+01  1.367000e+02  1.998457e+01
   endloop
 endfacet
 facet normal -9.999765e-01  0.000000e+00 -6.859319e-03
   outer loop
     vertex  9.224952e+01  1.307000e+02  2.004630e+01
     vertex  9.224952e+01  1.367000e+02  2.004630e+01
     vertex  9.224995e+01  1.307000e+02  1.998457e+01
   endloop
 endfacet
 facet normal -9.994119e-01  0.000000e+00 -3.429014e-02
   outer loop
     vertex  9.224741e+01  1.307000e+02  2.010799e+01
     vertex  9.224741e+01  1.367000e+02  2.010799e+01
     vertex  9.224952e+01  1.367000e+02  2.004630e+01
   endloop
 endfacet
 facet normal -9.994119e-01  0.000000e+00 -3.429014e-02
   outer loop
     vertex  9.224741e+01  1.307000e+02  2.010799e+01
     vertex  9.224952e+01  1.367000e+02  2.004630e+01
     vertex  9.224952e+01  1.307000e+02  2.004630e+01
   endloop
 endfacet
 facet normal -9.980950e-01  0.000000e+00 -6.169515e-02
   outer loop
     vertex  9.224360e+01  1.307000e+02  2.016961e+01
     vertex  9.224360e+01  1.367000e+02  2.016961e+01
     vertex  9.224741e+01  1.367000e+02  2.010799e+01
   endloop
 endfacet
 facet normal -9.960268e-01  0.000000e+00 -8.905371e-02
   outer loop
     vertex  9.224360e+01  1.307000e+02  2.016961e+01
     vertex  9.223810e+01  1.367000e+02  2.023110e+01
     vertex  9.224360e+01  1.367000e+02  2.016961e+01
   endloop
 endfacet
 facet normal -9.980950e-01  0.000000e+00 -6.169515e-02
   outer loop
     vertex  9.224360e+01  1.307000e+02  2.016961e+01
     vertex  9.224741e+01  1.367000e+02  2.010799e+01
     vertex  9.224741e+01  1.307000e+02  2.010799e+01
   endloop
 endfacet
 facet normal -9.960268e-01  0.000000e+00 -8.905371e-02
   outer loop
     vertex  9.223810e+01  1.307000e+02  2.023110e+01
     vertex  9.223810e+01  1.367000e+02  2.023110e+01
     vertex  9.224360e+01  1.307000e+02  2.016961e+01
   endloop
 endfacet
 facet normal -9.932088e-01  0.000000e+00 -1.163452e-01
   outer loop
     vertex  9.223092e+01  1.307000e+02  2.029241e+01
     vertex  9.223810e+01  1.367000e+02  2.023110e+01
     vertex  9.223810e+01  1.307000e+02  2.023110e+01
   endloop
 endfacet
 facet normal -9.932088e-01  0.000000e+00 -1.163452e-01
   outer loop
     vertex  9.223092e+01  1.307000e+02  2.029241e+01
     vertex  9.223092e+01  1.367000e+02  2.029241e+01
     vertex  9.223810e+01  1.367000e+02  2.023110e+01
   endloop
 endfacet
 facet normal -9.896432e-01  0.000000e+00 -1.435492e-01
   outer loop
     vertex  9.222206e+01  1.307000e+02  2.035350e+01
     vertex  9.223092e+01  1.367000e+02  2.029241e+01
     vertex  9.223092e+01  1.307000e+02  2.029241e+01
   endloop
 endfacet
 facet normal -9.896432e-01  0.000000e+00 -1.435492e-01
   outer loop
     vertex  9.222206e+01  1.307000e+02  2.035350e+01
     vertex  9.222206e+01  1.367000e+02  2.035350e+01
     vertex  9.223092e+01  1.367000e+02  2.029241e+01
   endloop
 endfacet
 facet normal -9.853326e-01  0.000000e+00 -1.706451e-01
   outer loop
     vertex  9.222206e+01  1.307000e+02  2.035350e+01
     vertex  9.221152e+01  1.367000e+02  2.041433e+01
     vertex  9.222206e+01  1.367000e+02  2.035350e+01
   endloop
 endfacet
 facet normal -9.853326e-01  0.000000e+00 -1.706451e-01
   outer loop
     vertex  9.221152e+01  1.307000e+02  2.041433e+01
     vertex  9.221152e+01  1.367000e+02  2.041433e+01
     vertex  9.222206e+01  1.307000e+02  2.035350e+01
   endloop
 endfacet
 facet normal -9.802802e-01  0.000000e+00 -1.976125e-01
   outer loop
     vertex  9.219932e+01  1.307000e+02  2.047484e+01
     vertex  9.221152e+01  1.367000e+02  2.041433e+01
     vertex  9.221152e+01  1.307000e+02  2.041433e+01
   endloop
 endfacet
 facet normal -9.802802e-01  0.000000e+00 -1.976125e-01
   outer loop
     vertex  9.219932e+01  1.307000e+02  2.047484e+01
     vertex  9.219932e+01  1.367000e+02  2.047484e+01
     vertex  9.221152e+01  1.367000e+02  2.041433e+01
   endloop
 endfacet
 facet normal -9.744899e-01  0.000000e+00 -2.244312e-01
   outer loop
     vertex  9.218547e+01  1.307000e+02  2.053500e+01
     vertex  9.219932e+01  1.367000e+02  2.047484e+01
     vertex  9.219932e+01  1.307000e+02  2.047484e+01
   endloop
 endfacet
 facet normal -9.744899e-01  0.000000e+00 -2.244312e-01
   outer loop
     vertex  9.218547e+01  1.307000e+02  2.053500e+01
     vertex  9.218547e+01  1.367000e+02  2.053500e+01
     vertex  9.219932e+01  1.367000e+02  2.047484e+01
   endloop
 endfacet
 facet normal -9.679661e-01  0.000000e+00 -2.510809e-01
   outer loop
     vertex  9.218547e+01  1.307000e+02  2.053500e+01
     vertex  9.216997e+01  1.367000e+02  2.059476e+01
     vertex  9.218547e+01  1.367000e+02  2.053500e+01
   endloop
 endfacet
 facet normal -9.679661e-01  0.000000e+00 -2.510809e-01
   outer loop
     vertex  9.216997e+01  1.307000e+02  2.059476e+01
     vertex  9.216997e+01  1.367000e+02  2.059476e+01
     vertex  9.218547e+01  1.307000e+02  2.053500e+01
   endloop
 endfacet
 facet normal -9.607136e-01  0.000000e+00 -2.775416e-01
   outer loop
     vertex  9.215284e+01  1.307000e+02  2.065406e+01
     vertex  9.216997e+01  1.367000e+02  2.059476e+01
     vertex  9.216997e+01  1.307000e+02  2.059476e+01
   endloop
 endfacet
 facet normal -9.607136e-01  0.000000e+00 -2.775416e-01
   outer loop
     vertex  9.215284e+01  1.307000e+02  2.065406e+01
     vertex  9.215284e+01  1.367000e+02  2.065406e+01
     vertex  9.216997e+01  1.367000e+02  2.059476e+01
   endloop
 endfacet
 facet normal -9.527379e-01  0.000000e+00 -3.037934e-01
   outer loop
     vertex  9.213408e+01  1.307000e+02  2.071288e+01
     vertex  9.215284e+01  1.367000e+02  2.065406e+01
     vertex  9.215284e+01  1.307000e+02  2.065406e+01
   endloop
 endfacet
 facet normal -9.527379e-01  0.000000e+00 -3.037934e-01
   outer loop
     vertex  9.213408e+01  1.307000e+02  2.071288e+01
     vertex  9.213408e+01  1.367000e+02  2.071288e+01
     vertex  9.215284e+01  1.367000e+02  2.065406e+01
   endloop
 endfacet
 facet normal -9.440450e-01  0.000000e+00 -3.298166e-01
   outer loop
     vertex  9.211372e+01  1.307000e+02  2.077116e+01
     vertex  9.213408e+01  1.367000e+02  2.071288e+01
     vertex  9.213408e+01  1.307000e+02  2.071288e+01
   endloop
 endfacet
 facet normal -9.440450e-01  0.000000e+00 -3.298166e-01
   outer loop
     vertex  9.211372e+01  1.307000e+02  2.077116e+01
     vertex  9.211372e+01  1.367000e+02  2.077116e+01
     vertex  9.213408e+01  1.367000e+02  2.071288e+01
   endloop
 endfacet
 facet normal -9.346415e-01  0.000000e+00 -3.555914e-01
   outer loop
     vertex  9.211372e+01  1.307000e+02  2.077116e+01
     vertex  9.209177e+01  1.367000e+02  2.082885e+01
     vertex  9.211372e+01  1.367000e+02  2.077116e+01
   endloop
 endfacet
 facet normal -9.346415e-01  0.000000e+00 -3.555914e-01
   outer loop
     vertex  9.209177e+01  1.307000e+02  2.082885e+01
     vertex  9.209177e+01  1.367000e+02  2.082885e+01
     vertex  9.211372e+01  1.307000e+02  2.077116e+01
   endloop
 endfacet
 facet normal -9.137314e-01  0.000000e+00 -4.063188e-01
   outer loop
     vertex  9.206824e+01  1.307000e+02  2.088593e+01
     vertex  9.204316e+01  1.367000e+02  2.094233e+01
     vertex  9.206824e+01  1.367000e+02  2.088593e+01
   endloop
 endfacet
 facet normal -9.245344e-01  0.000000e+00 -3.810986e-01
   outer loop
     vertex  9.206824e+01  1.307000e+02  2.088593e+01
     vertex  9.209177e+01  1.367000e+02  2.082885e+01
     vertex  9.209177e+01  1.307000e+02  2.082885e+01
   endloop
 endfacet
 facet normal -9.245344e-01  0.000000e+00 -3.810986e-01
   outer loop
     vertex  9.206824e+01  1.307000e+02  2.088593e+01
     vertex  9.206824e+01  1.367000e+02  2.088593e+01
     vertex  9.209177e+01  1.367000e+02  2.082885e+01
   endloop
 endfacet
 facet normal -9.137314e-01  0.000000e+00 -4.063188e-01
   outer loop
     vertex  9.204316e+01  1.307000e+02  2.094233e+01
     vertex  9.204316e+01  1.367000e+02  2.094233e+01
     vertex  9.206824e+01  1.307000e+02  2.088593e+01
   endloop
 endfacet
 facet normal -9.022405e-01  0.000000e+00 -4.312333e-01
   outer loop
     vertex  9.201654e+01  1.307000e+02  2.099803e+01
     vertex  9.201654e+01  1.367000e+02  2.099803e+01
     vertex  9.204316e+01  1.367000e+02  2.094233e+01
   endloop
 endfacet
 facet normal -9.022405e-01  0.000000e+00 -4.312333e-01
   outer loop
     vertex  9.201654e+01  1.307000e+02  2.099803e+01
     vertex  9.204316e+01  1.367000e+02  2.094233e+01
     vertex  9.204316e+01  1.307000e+02  2.094233e+01
   endloop
 endfacet
 facet normal -8.900704e-01  0.000000e+00 -4.558231e-01
   outer loop
     vertex  9.198840e+01  1.307000e+02  2.105298e+01
     vertex  9.198840e+01  1.367000e+02  2.105298e+01
     vertex  9.201654e+01  1.367000e+02  2.099803e+01
   endloop
 endfacet
 facet normal -8.772303e-01  0.000000e+00 -4.800697e-01
   outer loop
     vertex  9.198840e+01  1.307000e+02  2.105298e+01
     vertex  9.195876e+01  1.367000e+02  2.110713e+01
     vertex  9.198840e+01  1.367000e+02  2.105298e+01
   endloop
 endfacet
 facet normal -8.900704e-01  0.000000e+00 -4.558231e-01
   outer loop
     vertex  9.198840e+01  1.307000e+02  2.105298e+01
     vertex  9.201654e+01  1.367000e+02  2.099803e+01
     vertex  9.201654e+01  1.307000e+02  2.099803e+01
   endloop
 endfacet
 facet normal -8.772303e-01  0.000000e+00 -4.800697e-01
   outer loop
     vertex  9.195876e+01  1.307000e+02  2.110713e+01
     vertex  9.195876e+01  1.367000e+02  2.110713e+01
     vertex  9.198840e+01  1.307000e+02  2.105298e+01
   endloop
 endfacet
 facet normal -8.637299e-01  0.000000e+00 -5.039550e-01
   outer loop
     vertex  9.192765e+01  1.307000e+02  2.116045e+01
     vertex  9.192765e+01  1.367000e+02  2.116045e+01
     vertex  9.195876e+01  1.367000e+02  2.110713e+01
   endloop
 endfacet
 facet normal -8.637299e-01  0.000000e+00 -5.039550e-01
   outer loop
     vertex  9.192765e+01  1.307000e+02  2.116045e+01
     vertex  9.195876e+01  1.367000e+02  2.110713e+01
     vertex  9.195876e+01  1.307000e+02  2.110713e+01
   endloop
 endfacet
 facet normal -8.495793e-01  0.000000e+00 -5.274609e-01
   outer loop
     vertex  9.189509e+01  1.307000e+02  2.121290e+01
     vertex  9.189509e+01  1.367000e+02  2.121290e+01
     vertex  9.192765e+01  1.367000e+02  2.116045e+01
   endloop
 endfacet
 facet normal -8.347891e-01  0.000000e+00 -5.505698e-01
   outer loop
     vertex  9.189509e+01  1.307000e+02  2.121290e+01
     vertex  9.186110e+01  1.367000e+02  2.126443e+01
     vertex  9.189509e+01  1.367000e+02  2.121290e+01
   endloop
 endfacet
 facet normal -8.495793e-01  0.000000e+00 -5.274609e-01
   outer loop
     vertex  9.189509e+01  1.307000e+02  2.121290e+01
     vertex  9.192765e+01  1.367000e+02  2.116045e+01
     vertex  9.192765e+01  1.307000e+02  2.116045e+01
   endloop
 endfacet
 facet normal -8.347891e-01  0.000000e+00 -5.505698e-01
   outer loop
     vertex  9.186110e+01  1.307000e+02  2.126443e+01
     vertex  9.186110e+01  1.367000e+02  2.126443e+01
     vertex  9.189509e+01  1.307000e+02  2.121290e+01
   endloop
 endfacet
 facet normal -8.193706e-01  0.000000e+00 -5.732642e-01
   outer loop
     vertex  9.182572e+01  1.307000e+02  2.131501e+01
     vertex  9.182572e+01  1.367000e+02  2.131501e+01
     vertex  9.186110e+01  1.367000e+02  2.126443e+01
   endloop
 endfacet
 facet normal -8.193706e-01  0.000000e+00 -5.732642e-01
   outer loop
     vertex  9.182572e+01  1.307000e+02  2.131501e+01
     vertex  9.186110e+01  1.367000e+02  2.126443e+01
     vertex  9.186110e+01  1.307000e+02  2.126443e+01
   endloop
 endfacet
 facet normal -8.033352e-01  0.000000e+00 -5.955271e-01
   outer loop
     vertex  9.178895e+01  1.307000e+02  2.136461e+01
     vertex  9.178895e+01  1.367000e+02  2.136461e+01
     vertex  9.182572e+01  1.367000e+02  2.131501e+01
   endloop
 endfacet
 facet normal -7.866951e-01  0.000000e+00 -6.173417e-01
   outer loop
     vertex  9.178895e+01  1.307000e+02  2.136461e+01
     vertex  9.175084e+01  1.367000e+02  2.141317e+01
     vertex  9.178895e+01  1.367000e+02  2.136461e+01
   endloop
 endfacet
 facet normal -8.033352e-01  0.000000e+00 -5.955271e-01
   outer loop
     vertex  9.178895e+01  1.307000e+02  2.136461e+01
     vertex  9.182572e+01  1.367000e+02  2.131501e+01
     vertex  9.182572e+01  1.307000e+02  2.131501e+01
   endloop
 endfacet
 facet normal -7.866951e-01  0.000000e+00 -6.173417e-01
   outer loop
     vertex  9.175084e+01  1.307000e+02  2.141317e+01
     vertex  9.175084e+01  1.367000e+02  2.141317e+01
     vertex  9.178895e+01  1.307000e+02  2.136461e+01
   endloop
 endfacet
 facet normal -7.694628e-01  0.000000e+00 -6.386916e-01
   outer loop
     vertex  9.171141e+01  1.307000e+02  2.146067e+01
     vertex  9.171141e+01  1.367000e+02  2.146067e+01
     vertex  9.175084e+01  1.367000e+02  2.141317e+01
   endloop
 endfacet
 facet normal -7.694628e-01  0.000000e+00 -6.386916e-01
   outer loop
     vertex  9.171141e+01  1.307000e+02  2.146067e+01
     vertex  9.175084e+01  1.367000e+02  2.141317e+01
     vertex  9.175084e+01  1.307000e+02  2.141317e+01
   endloop
 endfacet
 facet normal -7.516513e-01  0.000000e+00 -6.595607e-01
   outer loop
     vertex  9.167070e+01  1.307000e+02  2.150707e+01
     vertex  9.167070e+01  1.367000e+02  2.150707e+01
     vertex  9.171141e+01  1.367000e+02  2.146067e+01
   endloop
 endfacet
 facet normal -7.516513e-01  0.000000e+00 -6.595607e-01
   outer loop
     vertex  9.167070e+01  1.307000e+02  2.150707e+01
     vertex  9.171141e+01  1.367000e+02  2.146067e+01
     vertex  9.171141e+01  1.307000e+02  2.146067e+01
   endloop
 endfacet
 facet normal -7.332740e-01  0.000000e+00 -6.799333e-01
   outer loop
     vertex  9.162872e+01  1.307000e+02  2.155234e+01
     vertex  9.162872e+01  1.367000e+02  2.155234e+01
     vertex  9.167070e+01  1.367000e+02  2.150707e+01
   endloop
 endfacet
 facet normal -7.143447e-01  0.000000e+00 -6.997940e-01
   outer loop
     vertex  9.162872e+01  1.307000e+02  2.155234e+01
     vertex  9.158552e+01  1.367000e+02  2.159644e+01
     vertex  9.162872e+01  1.367000e+02  2.155234e+01
   endloop
 endfacet
 facet normal -7.332740e-01  0.000000e+00 -6.799333e-01
   outer loop
     vertex  9.162872e+01  1.307000e+02  2.155234e+01
     vertex  9.167070e+01  1.367000e+02  2.150707e+01
     vertex  9.167070e+01  1.307000e+02  2.150707e+01
   endloop
 endfacet
 facet normal -7.143447e-01  0.000000e+00 -6.997940e-01
   outer loop
     vertex  9.158552e+01  1.307000e+02  2.159644e+01
     vertex  9.158552e+01  1.367000e+02  2.159644e+01
     vertex  9.162872e+01  1.307000e+02  2.155234e+01
   endloop
 endfacet
 facet normal -6.948776e-01  0.000000e+00 -7.191280e-01
   outer loop
     vertex  9.158552e+01  1.307000e+02  2.159644e+01
     vertex  9.154113e+01  1.367000e+02  2.163933e+01
     vertex  9.158552e+01  1.367000e+02  2.159644e+01
   endloop
 endfacet
 facet normal -6.948776e-01  0.000000e+00 -7.191280e-01
   outer loop
     vertex  9.154113e+01  1.307000e+02  2.163933e+01
     vertex  9.154113e+01  1.367000e+02  2.163933e+01
     vertex  9.158552e+01  1.307000e+02  2.159644e+01
   endloop
 endfacet
 facet normal -6.748875e-01  0.000000e+00 -7.379206e-01
   outer loop
     vertex  9.154113e+01  1.307000e+02  2.163933e+01
     vertex  9.149558e+01  1.367000e+02  2.168100e+01
     vertex  9.154113e+01  1.367000e+02  2.163933e+01
   endloop
 endfacet
 facet normal -6.748875e-01  0.000000e+00 -7.379206e-01
   outer loop
     vertex  9.149558e+01  1.307000e+02  2.168100e+01
     vertex  9.149558e+01  1.367000e+02  2.168100e+01
     vertex  9.154113e+01  1.307000e+02  2.163933e+01
   endloop
 endfacet
 facet normal -6.543893e-01  0.000000e+00 -7.561578e-01
   outer loop
     vertex  9.144890e+01  1.307000e+02  2.172139e+01
     vertex  9.149558e+01  1.367000e+02  2.168100e+01
     vertex  9.149558e+01  1.307000e+02  2.168100e+01
   endloop
 endfacet
 facet normal -6.543893e-01  0.000000e+00 -7.561578e-01
   outer loop
     vertex  9.144890e+01  1.307000e+02  2.172139e+01
     vertex  9.144890e+01  1.367000e+02  2.172139e+01
     vertex  9.149558e+01  1.367000e+02  2.168100e+01
   endloop
 endfacet
 facet normal -6.333986e-01  0.000000e+00 -7.738257e-01
   outer loop
     vertex  9.144890e+01  1.307000e+02  2.172139e+01
     vertex  9.140113e+01  1.367000e+02  2.176049e+01
     vertex  9.144890e+01  1.367000e+02  2.172139e+01
   endloop
 endfacet
 facet normal -6.333986e-01  0.000000e+00 -7.738257e-01
   outer loop
     vertex  9.140113e+01  1.307000e+02  2.176049e+01
     vertex  9.140113e+01  1.367000e+02  2.176049e+01
     vertex  9.144890e+01  1.307000e+02  2.172139e+01
   endloop
 endfacet
 facet normal -6.119310e-01  0.000000e+00 -7.909112e-01
   outer loop
     vertex  9.135230e+01  1.307000e+02  2.179827e+01
     vertex  9.135230e+01  1.367000e+02  2.179827e+01
     vertex  9.140113e+01  1.367000e+02  2.176049e+01
   endloop
 endfacet
 facet normal -6.119310e-01  0.000000e+00 -7.909112e-01
   outer loop
     vertex  9.135230e+01  1.307000e+02  2.179827e+01
     vertex  9.140113e+01  1.367000e+02  2.176049e+01
     vertex  9.140113e+01  1.307000e+02  2.176049e+01
   endloop
 endfacet
 facet normal -5.900028e-01  0.000000e+00 -8.074012e-01
   outer loop
     vertex  9.130246e+01  1.307000e+02  2.183469e+01
     vertex  9.135230e+01  1.367000e+02  2.179827e+01
     vertex  9.135230e+01  1.307000e+02  2.179827e+01
   endloop
 endfacet
 facet normal -5.900028e-01  0.000000e+00 -8.074012e-01
   outer loop
     vertex  9.130246e+01  1.307000e+02  2.183469e+01
     vertex  9.130246e+01  1.367000e+02  2.183469e+01
     vertex  9.135230e+01  1.367000e+02  2.179827e+01
   endloop
 endfacet
 facet normal -5.676304e-01  0.000000e+00 -8.232835e-01
   outer loop
     vertex  9.130246e+01  1.307000e+02  2.183469e+01
     vertex  9.125164e+01  1.367000e+02  2.186973e+01
     vertex  9.130246e+01  1.367000e+02  2.183469e+01
   endloop
 endfacet
 facet normal -5.448308e-01  0.000000e+00 -8.385460e-01
   outer loop
     vertex  9.125164e+01  1.307000e+02  2.186973e+01
     vertex  9.119987e+01  1.367000e+02  2.190337e+01
     vertex  9.125164e+01  1.367000e+02  2.186973e+01
   endloop
 endfacet
 facet normal -5.676304e-01  0.000000e+00 -8.232835e-01
   outer loop
     vertex  9.125164e+01  1.307000e+02  2.186973e+01
     vertex  9.125164e+01  1.367000e+02  2.186973e+01
     vertex  9.130246e+01  1.307000e+02  2.183469e+01
   endloop
 endfacet
 facet normal -5.448308e-01  0.000000e+00 -8.385460e-01
   outer loop
     vertex  9.119987e+01  1.307000e+02  2.190337e+01
     vertex  9.119987e+01  1.367000e+02  2.190337e+01
     vertex  9.125164e+01  1.307000e+02  2.186973e+01
   endloop
 endfacet
 facet normal -5.216210e-01  0.000000e+00 -8.531773e-01
   outer loop
     vertex  9.114720e+01  1.307000e+02  2.193557e+01
     vertex  9.114720e+01  1.367000e+02  2.193557e+01
     vertex  9.119987e+01  1.367000e+02  2.190337e+01
   endloop
 endfacet
 facet normal -4.980186e-01  0.000000e+00 -8.671664e-01
   outer loop
     vertex  9.114720e+01  1.307000e+02  2.193557e+01
     vertex  9.109367e+01  1.367000e+02  2.196631e+01
     vertex  9.114720e+01  1.367000e+02  2.193557e+01
   endloop
 endfacet
 facet normal -5.216210e-01  0.000000e+00 -8.531773e-01
   outer loop
     vertex  9.114720e+01  1.307000e+02  2.193557e+01
     vertex  9.119987e+01  1.367000e+02  2.190337e+01
     vertex  9.119987e+01  1.307000e+02  2.190337e+01
   endloop
 endfacet
 facet normal -4.980186e-01  0.000000e+00 -8.671664e-01
   outer loop
     vertex  9.109367e+01  1.307000e+02  2.196631e+01
     vertex  9.109367e+01  1.367000e+02  2.196631e+01
     vertex  9.114720e+01  1.307000e+02  2.193557e+01
   endloop
 endfacet
 facet normal -4.740412e-01  0.000000e+00 -8.805026e-01
   outer loop
     vertex  9.103931e+01  1.307000e+02  2.199558e+01
     vertex  9.103931e+01  1.367000e+02  2.199558e+01
     vertex  9.109367e+01  1.367000e+02  2.196631e+01
   endloop
 endfacet
 facet normal -4.740412e-01  0.000000e+00 -8.805026e-01
   outer loop
     vertex  9.103931e+01  1.307000e+02  2.199558e+01
     vertex  9.109367e+01  1.367000e+02  2.196631e+01
     vertex  9.109367e+01  1.307000e+02  2.196631e+01
   endloop
 endfacet
 facet normal -4.497071e-01  0.000000e+00 -8.931761e-01
   outer loop
     vertex  9.098418e+01  1.307000e+02  2.202334e+01
     vertex  9.098418e+01  1.367000e+02  2.202334e+01
     vertex  9.103931e+01  1.367000e+02  2.199558e+01
   endloop
 endfacet
 facet normal -4.250344e-01  0.000000e+00 -9.051772e-01
   outer loop
     vertex  9.098418e+01  1.307000e+02  2.202334e+01
     vertex  9.092830e+01  1.367000e+02  2.204958e+01
     vertex  9.098418e+01  1.367000e+02  2.202334e+01
   endloop
 endfacet
 facet normal -4.497071e-01  0.000000e+00 -8.931761e-01
   outer loop
     vertex  9.098418e+01  1.307000e+02  2.202334e+01
     vertex  9.103931e+01  1.367000e+02  2.199558e+01
     vertex  9.103931e+01  1.307000e+02  2.199558e+01
   endloop
 endfacet
 facet normal -4.250344e-01  0.000000e+00 -9.051772e-01
   outer loop
     vertex  9.092830e+01  1.307000e+02  2.204958e+01
     vertex  9.092830e+01  1.367000e+02  2.204958e+01
     vertex  9.098418e+01  1.307000e+02  2.202334e+01
   endloop
 endfacet
 facet normal -4.000417e-01  0.000000e+00 -9.164969e-01
   outer loop
     vertex  9.087172e+01  1.307000e+02  2.207427e+01
     vertex  9.087172e+01  1.367000e+02  2.207427e+01
     vertex  9.092830e+01  1.367000e+02  2.204958e+01
   endloop
 endfacet
 facet normal -4.000417e-01  0.000000e+00 -9.164969e-01
   outer loop
     vertex  9.087172e+01  1.307000e+02  2.207427e+01
     vertex  9.092830e+01  1.367000e+02  2.204958e+01
     vertex  9.092830e+01  1.307000e+02  2.204958e+01
   endloop
 endfacet
 facet normal -3.747479e-01  0.000000e+00 -9.271267e-01
   outer loop
     vertex  9.081449e+01  1.307000e+02  2.209741e+01
     vertex  9.081449e+01  1.367000e+02  2.209741e+01
     vertex  9.087172e+01  1.367000e+02  2.207427e+01
   endloop
 endfacet
 facet normal -3.491720e-01  0.000000e+00 -9.370586e-01
   outer loop
     vertex  9.081449e+01  1.307000e+02  2.209741e+01
     vertex  9.075664e+01  1.367000e+02  2.211896e+01
     vertex  9.081449e+01  1.367000e+02  2.209741e+01
   endloop
 endfacet
 facet normal -3.747479e-01  0.000000e+00 -9.271267e-01
   outer loop
     vertex  9.081449e+01  1.307000e+02  2.209741e+01
     vertex  9.087172e+01  1.367000e+02  2.207427e+01
     vertex  9.087172e+01  1.307000e+02  2.207427e+01
   endloop
 endfacet
 facet normal -3.491720e-01  0.000000e+00 -9.370586e-01
   outer loop
     vertex  9.075664e+01  1.307000e+02  2.211896e+01
     vertex  9.075664e+01  1.367000e+02  2.211896e+01
     vertex  9.081449e+01  1.307000e+02  2.209741e+01
   endloop
 endfacet
 facet normal -3.233333e-01  0.000000e+00 -9.462851e-01
   outer loop
     vertex  9.069822e+01  1.307000e+02  2.213892e+01
     vertex  9.069822e+01  1.367000e+02  2.213892e+01
     vertex  9.075664e+01  1.367000e+02  2.211896e+01
   endloop
 endfacet
 facet normal -3.233333e-01  0.000000e+00 -9.462851e-01
   outer loop
     vertex  9.069822e+01  1.307000e+02  2.213892e+01
     vertex  9.075664e+01  1.367000e+02  2.211896e+01
     vertex  9.075664e+01  1.307000e+02  2.211896e+01
   endloop
 endfacet
 facet normal -2.972512e-01  0.000000e+00 -9.547993e-01
   outer loop
     vertex  9.063928e+01  1.307000e+02  2.215727e+01
     vertex  9.063928e+01  1.367000e+02  2.215727e+01
     vertex  9.069822e+01  1.367000e+02  2.213892e+01
   endloop
 endfacet
 facet normal -2.709453e-01  0.000000e+00 -9.625948e-01
   outer loop
     vertex  9.063928e+01  1.307000e+02  2.215727e+01
     vertex  9.057986e+01  1.367000e+02  2.217400e+01
     vertex  9.063928e+01  1.367000e+02  2.215727e+01
   endloop
 endfacet
 facet normal -2.972512e-01  0.000000e+00 -9.547993e-01
   outer loop
     vertex  9.063928e+01  1.307000e+02  2.215727e+01
     vertex  9.069822e+01  1.367000e+02  2.213892e+01
     vertex  9.069822e+01  1.307000e+02  2.213892e+01
   endloop
 endfacet
 facet normal -2.709453e-01  0.000000e+00 -9.625948e-01
   outer loop
     vertex  9.057986e+01  1.307000e+02  2.217400e+01
     vertex  9.057986e+01  1.367000e+02  2.217400e+01
     vertex  9.063928e+01  1.307000e+02  2.215727e+01
   endloop
 endfacet
 facet normal -2.444354e-01  0.000000e+00 -9.696656e-01
   outer loop
     vertex  9.052000e+01  1.307000e+02  2.218909e+01
     vertex  9.052000e+01  1.367000e+02  2.218909e+01
     vertex  9.057986e+01  1.367000e+02  2.217400e+01
   endloop
 endfacet
 facet normal -2.444354e-01  0.000000e+00 -9.696656e-01
   outer loop
     vertex  9.052000e+01  1.307000e+02  2.218909e+01
     vertex  9.057986e+01  1.367000e+02  2.217400e+01
     vertex  9.057986e+01  1.307000e+02  2.217400e+01
   endloop
 endfacet
 facet normal -2.177416e-01  0.000000e+00 -9.760065e-01
   outer loop
     vertex  9.045975e+01  1.307000e+02  2.220253e+01
     vertex  9.045975e+01  1.367000e+02  2.220253e+01
     vertex  9.052000e+01  1.367000e+02  2.218909e+01
   endloop
 endfacet
 facet normal -1.908838e-01  0.000000e+00 -9.816126e-01
   outer loop
     vertex  9.045975e+01  1.307000e+02  2.220253e+01
     vertex  9.039915e+01  1.367000e+02  2.221431e+01
     vertex  9.045975e+01  1.367000e+02  2.220253e+01
   endloop
 endfacet
 facet normal -2.177416e-01  0.000000e+00 -9.760065e-01
   outer loop
     vertex  9.045975e+01  1.307000e+02  2.220253e+01
     vertex  9.052000e+01  1.367000e+02  2.218909e+01
     vertex  9.052000e+01  1.307000e+02  2.218909e+01
   endloop
 endfacet
 facet normal -1.908838e-01  0.000000e+00 -9.816126e-01
   outer loop
     vertex  9.039915e+01  1.307000e+02  2.221431e+01
     vertex  9.039915e+01  1.367000e+02  2.221431e+01
     vertex  9.045975e+01  1.307000e+02  2.220253e+01
   endloop
 endfacet
 facet normal -1.638824e-01  0.000000e+00 -9.864799e-01
   outer loop
     vertex  9.033825e+01  1.307000e+02  2.222443e+01
     vertex  9.033825e+01  1.367000e+02  2.222443e+01
     vertex  9.039915e+01  1.367000e+02  2.221431e+01
   endloop
 endfacet
 facet normal -1.638824e-01  0.000000e+00 -9.864799e-01
   outer loop
     vertex  9.033825e+01  1.307000e+02  2.222443e+01
     vertex  9.039915e+01  1.367000e+02  2.221431e+01
     vertex  9.039915e+01  1.307000e+02  2.221431e+01
   endloop
 endfacet
 facet normal -1.367575e-01  0.000000e+00 -9.906046e-01
   outer loop
     vertex  9.027710e+01  1.307000e+02  2.223287e+01
     vertex  9.027710e+01  1.367000e+02  2.223287e+01
     vertex  9.033825e+01  1.367000e+02  2.222443e+01
   endloop
 endfacet
 facet normal -1.095298e-01  0.000000e+00 -9.939835e-01
   outer loop
     vertex  9.027710e+01  1.307000e+02  2.223287e+01
     vertex  9.021574e+01  1.367000e+02  2.223963e+01
     vertex  9.027710e+01  1.367000e+02  2.223287e+01
   endloop
 endfacet
 facet normal -1.367575e-01  0.000000e+00 -9.906046e-01
   outer loop
     vertex  9.027710e+01  1.307000e+02  2.223287e+01
     vertex  9.033825e+01  1.367000e+02  2.222443e+01
     vertex  9.033825e+01  1.307000e+02  2.222443e+01
   endloop
 endfacet
 facet normal -1.095298e-01  0.000000e+00 -9.939835e-01
   outer loop
     vertex  9.021574e+01  1.307000e+02  2.223963e+01
     vertex  9.021574e+01  1.367000e+02  2.223963e+01
     vertex  9.027710e+01  1.307000e+02  2.223287e+01
   endloop
 endfacet
 facet normal -8.221955e-02  0.000000e+00 -9.966142e-01
   outer loop
     vertex  9.015421e+01  1.307000e+02  2.224471e+01
     vertex  9.021574e+01  1.367000e+02  2.223963e+01
     vertex  9.021574e+01  1.307000e+02  2.223963e+01
   endloop
 endfacet
 facet normal -8.221955e-02  0.000000e+00 -9.966142e-01
   outer loop
     vertex  9.015421e+01  1.307000e+02  2.224471e+01
     vertex  9.015421e+01  1.367000e+02  2.224471e+01
     vertex  9.021574e+01  1.367000e+02  2.223963e+01
   endloop
 endfacet
 facet normal -5.484744e-02  0.000000e+00 -9.984947e-01
   outer loop
     vertex  9.015421e+01  1.307000e+02  2.224471e+01
     vertex  9.009258e+01  1.367000e+02  2.224809e+01
     vertex  9.015421e+01  1.367000e+02  2.224471e+01
   endloop
 endfacet
 facet normal -5.484744e-02  0.000000e+00 -9.984947e-01
   outer loop
     vertex  9.009258e+01  1.307000e+02  2.224809e+01
     vertex  9.009258e+01  1.367000e+02  2.224809e+01
     vertex  9.015421e+01  1.307000e+02  2.224471e+01
   endloop
 endfacet
 facet normal -2.743405e-02  0.000000e+00 -9.996236e-01
   outer loop
     vertex  9.009258e+01  1.307000e+02  2.224809e+01
     vertex  9.003087e+01  1.367000e+02  2.224979e+01
     vertex  9.009258e+01  1.367000e+02  2.224809e+01
   endloop
 endfacet
 facet normal -2.743405e-02  0.000000e+00 -9.996236e-01
   outer loop
     vertex  9.003087e+01  1.307000e+02  2.224979e+01
     vertex  9.003087e+01  1.367000e+02  2.224979e+01
     vertex  9.009258e+01  1.307000e+02  2.224809e+01
   endloop
 endfacet
 facet normal  0.000000e+00  0.000000e+00 -1.000000e+00
   outer loop
     vertex  9.003087e+01  1.307000e+02  2.224979e+01
     vertex  8.996913e+01  1.367000e+02  2.224979e+01
     vertex  9.003087e+01  1.367000e+02  2.224979e+01
   endloop
 endfacet
 facet normal  0.000000e+00  0.000000e+00 -1.000000e+00
   outer loop
     vertex  8.996913e+01  1.307000e+02  2.224979e+01
     vertex  8.996913e+01  1.367000e+02  2.224979e+01
     vertex  9.003087e+01  1.307000e+02  2.224979e+01
   endloop
 endfacet
 facet normal  2.743405e-02  0.000000e+00 -9.996236e-01
   outer loop
     vertex  8.990742e+01  1.307000e+02  2.224809e+01
     vertex  8.996913e+01  1.367000e+02  2.224979e+01
     vertex  8.996913e+01  1.307000e+02  2.224979e+01
   endloop
 endfacet
 facet normal  2.743405e-02  0.000000e+00 -9.996236e-01
   outer loop
     vertex  8.990742e+01  1.307000e+02  2.224809e+01
     vertex  8.990742e+01  1.367000e+02  2.224809e+01
     vertex  8.996913e+01  1.367000e+02  2.224979e+01
   endloop
 endfacet
 facet normal  5.484744e-02  0.000000e+00 -9.984947e-01
   outer loop
     vertex  8.984579e+01  1.307000e+02  2.224471e+01
     vertex  8.990742e+01  1.367000e+02  2.224809e+01
     vertex  8.990742e+01  1.307000e+02  2.224809e+01
   endloop
 endfacet
 facet normal  5.484744e-02  0.000000e+00 -9.984947e-01
   outer loop
     vertex  8.984579e+01  1.307000e+02  2.224471e+01
     vertex  8.984579e+01  1.367000e+02  2.224471e+01
     vertex  8.990742e+01  1.367000e+02  2.224809e+01
   endloop
 endfacet
 facet normal  8.221955e-02  0.000000e+00 -9.966142e-01
   outer loop
     vertex  8.978426e+01  1.307000e+02  2.223963e+01
     vertex  8.984579e+01  1.367000e+02  2.224471e+01
     vertex  8.984579e+01  1.307000e+02  2.224471e+01
   endloop
 endfacet
 facet normal  8.221955e-02  0.000000e+00 -9.966142e-01
   outer loop
     vertex  8.978426e+01  1.307000e+02  2.223963e+01
     vertex  8.978426e+01  1.367000e+02  2.223963e+01
     vertex  8.984579e+01  1.367000e+02  2.224471e+01
   endloop
 endfacet
 facet normal  1.095298e-01  0.000000e+00 -9.939835e-01
   outer loop
     vertex  8.978426e+01  1.307000e+02  2.223963e+01
     vertex  8.972290e+01  1.367000e+02  2.223287e+01
     vertex  8.978426e+01  1.367000e+02  2.223963e+01
   endloop
 endfacet
 facet normal  1.095298e-01  0.000000e+00 -9.939835e-01
   outer loop
     vertex  8.972290e+01  1.307000e+02  2.223287e+01
     vertex  8.972290e+01  1.367000e+02  2.223287e+01
     vertex  8.978426e+01  1.307000e+02  2.223963e+01
   endloop
 endfacet
 facet normal  1.367575e-01  0.000000e+00 -9.906046e-01
   outer loop
     vertex  8.972290e+01  1.307000e+02  2.223287e+01
     vertex  8.966175e+01  1.367000e+02  2.222443e+01
     vertex  8.972290e+01  1.367000e+02  2.223287e+01
   endloop
 endfacet
 facet normal  1.367575e-01  0.000000e+00 -9.906046e-01
   outer loop
     vertex  8.966175e+01  1.307000e+02  2.222443e+01
     vertex  8.966175e+01  1.367000e+02  2.222443e+01
     vertex  8.972290e+01  1.307000e+02  2.223287e+01
   endloop
 endfacet
 facet normal  1.638824e-01  0.000000e+00 -9.864799e-01
   outer loop
     vertex  8.966175e+01  1.307000e+02  2.222443e+01
     vertex  8.960085e+01  1.367000e+02  2.221431e+01
     vertex  8.966175e+01  1.367000e+02  2.222443e+01
   endloop
 endfacet
 facet normal  1.638824e-01  0.000000e+00 -9.864799e-01
   outer loop
     vertex  8.960085e+01  1.307000e+02  2.221431e+01
     vertex  8.960085e+01  1.367000e+02  2.221431e+01
     vertex  8.966175e+01  1.307000e+02  2.222443e+01
   endloop
 endfacet
 facet normal  1.908838e-01  0.000000e+00 -9.816126e-01
   outer loop
     vertex  8.954025e+01  1.307000e+02  2.220253e+01
     vertex  8.960085e+01  1.367000e+02  2.221431e+01
     vertex  8.960085e+01  1.307000e+02  2.221431e+01
   endloop
 endfacet
 facet normal  1.908838e-01  0.000000e+00 -9.816126e-01
   outer loop
     vertex  8.954025e+01  1.307000e+02  2.220253e+01
     vertex  8.954025e+01  1.367000e+02  2.220253e+01
     vertex  8.960085e+01  1.367000e+02  2.221431e+01
   endloop
 endfacet
 facet normal  2.177416e-01  0.000000e+00 -9.760065e-01
   outer loop
     vertex  8.954025e+01  1.307000e+02  2.220253e+01
     vertex  8.948000e+01  1.367000e+02  2.218909e+01
     vertex  8.954025e+01  1.367000e+02  2.220253e+01
   endloop
 endfacet
 facet normal  2.177416e-01  0.000000e+00 -9.760065e-01
   outer loop
     vertex  8.948000e+01  1.307000e+02  2.218909e+01
     vertex  8.948000e+01  1.367000e+02  2.218909e+01
     vertex  8.954025e+01  1.307000e+02  2.220253e+01
   endloop
 endfacet
 facet normal  2.444354e-01  0.000000e+00 -9.696656e-01
   outer loop
     vertex  8.942014e+01  1.307000e+02  2.217400e+01
     vertex  8.942014e+01  1.367000e+02  2.217400e+01
     vertex  8.948000e+01  1.367000e+02  2.218909e+01
   endloop
 endfacet
 facet normal  2.709453e-01  0.000000e+00 -9.625948e-01
   outer loop
     vertex  8.942014e+01  1.307000e+02  2.217400e+01
     vertex  8.936072e+01  1.367000e+02  2.215727e+01
     vertex  8.942014e+01  1.367000e+02  2.217400e+01
   endloop
 endfacet
 facet normal  2.444354e-01  0.000000e+00 -9.696656e-01
   outer loop
     vertex  8.942014e+01  1.307000e+02  2.217400e+01
     vertex  8.948000e+01  1.367000e+02  2.218909e+01
     vertex  8.948000e+01  1.307000e+02  2.218909e+01
   endloop
 endfacet
 facet normal  2.709453e-01  0.000000e+00 -9.625948e-01
   outer loop
     vertex  8.936072e+01  1.307000e+02  2.215727e+01
     vertex  8.936072e+01  1.367000e+02  2.215727e+01
     vertex  8.942014e+01  1.307000e+02  2.217400e+01
   endloop
 endfacet
 facet normal  2.972512e-01  0.000000e+00 -9.547993e-01
   outer loop
     vertex  8.930178e+01  1.307000e+02  2.213892e+01
     vertex  8.930178e+01  1.367000e+02  2.213892e+01
     vertex  8.936072e+01  1.367000e+02  2.215727e+01
   endloop
 endfacet
 facet normal  2.972512e-01  0.000000e+00 -9.547993e-01
   outer loop
     vertex  8.930178e+01  1.307000e+02  2.213892e+01
     vertex  8.936072e+01  1.367000e+02  2.215727e+01
     vertex  8.936072e+01  1.307000e+02  2.215727e+01
   endloop
 endfacet
 facet normal  3.233333e-01  0.000000e+00 -9.462851e-01
   outer loop
     vertex  8.924336e+01  1.307000e+02  2.211896e+01
     vertex  8.924336e+01  1.367000e+02  2.211896e+01
     vertex  8.930178e+01  1.367000e+02  2.213892e+01
   endloop
 endfacet
 facet normal  3.491720e-01  0.000000e+00 -9.370586e-01
   outer loop
     vertex  8.924336e+01  1.307000e+02  2.211896e+01
     vertex  8.918551e+01  1.367000e+02  2.209741e+01
     vertex  8.924336e+01  1.367000e+02  2.211896e+01
   endloop
 endfacet
 facet normal  3.233333e-01  0.000000e+00 -9.462851e-01
   outer loop
     vertex  8.924336e+01  1.307000e+02  2.211896e+01
     vertex  8.930178e+01  1.367000e+02  2.213892e+01
     vertex  8.930178e+01  1.307000e+02  2.213892e+01
   endloop
 endfacet
 facet normal  3.491720e-01  0.000000e+00 -9.370586e-01
   outer loop
     vertex  8.918551e+01  1.307000e+02  2.209741e+01
     vertex  8.918551e+01  1.367000e+02  2.209741e+01
     vertex  8.924336e+01  1.307000e+02  2.211896e+01
   endloop
 endfacet
 facet normal  3.747479e-01  0.000000e+00 -9.271267e-01
   outer loop
     vertex  8.912828e+01  1.307000e+02  2.207427e+01
     vertex  8.912828e+01  1.367000e+02  2.207427e+01
     vertex  8.918551e+01  1.367000e+02  2.209741e+01
   endloop
 endfacet
 facet normal  3.747479e-01  0.000000e+00 -9.271267e-01
   outer loop
     vertex  8.912828e+01  1.307000e+02  2.207427e+01
     vertex  8.918551e+01  1.367000e+02  2.209741e+01
     vertex  8.918551e+01  1.307000e+02  2.209741e+01
   endloop
 endfacet
 facet normal  4.000417e-01  0.000000e+00 -9.164969e-01
   outer loop
     vertex  8.907170e+01  1.307000e+02  2.204958e+01
     vertex  8.907170e+01  1.367000e+02  2.204958e+01
     vertex  8.912828e+01  1.367000e+02  2.207427e+01
   endloop
 endfacet
 facet normal  4.250344e-01  0.000000e+00 -9.051772e-01
   outer loop
     vertex  8.907170e+01  1.307000e+02  2.204958e+01
     vertex  8.901582e+01  1.367000e+02  2.202334e+01
     vertex  8.907170e+01  1.367000e+02  2.204958e+01
   endloop
 endfacet
 facet normal  4.000417e-01  0.000000e+00 -9.164969e-01
   outer loop
     vertex  8.907170e+01  1.307000e+02  2.204958e+01
     vertex  8.912828e+01  1.367000e+02  2.207427e+01
     vertex  8.912828e+01  1.307000e+02  2.207427e+01
   endloop
 endfacet
 facet normal  4.497071e-01  0.000000e+00 -8.931761e-01
   outer loop
     vertex  8.901582e+01  1.307000e+02  2.202334e+01
     vertex  8.896069e+01  1.367000e+02  2.199558e+01
     vertex  8.901582e+01  1.367000e+02  2.202334e+01
   endloop
 endfacet
 facet normal  4.250344e-01  0.000000e+00 -9.051772e-01
   outer loop
     vertex  8.901582e+01  1.307000e+02  2.202334e+01
     vertex  8.901582e+01  1.367000e+02  2.202334e+01
     vertex  8.907170e+01  1.307000e+02  2.204958e+01
   endloop
 endfacet
 facet normal  4.497071e-01  0.000000e+00 -8.931761e-01
   outer loop
     vertex  8.896069e+01  1.307000e+02  2.199558e+01
     vertex  8.896069e+01  1.367000e+02  2.199558e+01
     vertex  8.901582e+01  1.307000e+02  2.202334e+01
   endloop
 endfacet
 facet normal  4.740412e-01  0.000000e+00 -8.805026e-01
   outer loop
     vertex  8.890633e+01  1.307000e+02  2.196631e+01
     vertex  8.890633e+01  1.367000e+02  2.196631e+01
     vertex  8.896069e+01  1.367000e+02  2.199558e+01
   endloop
 endfacet
 facet normal  4.740412e-01  0.000000e+00 -8.805026e-01
   outer loop
     vertex  8.890633e+01  1.307000e+02  2.196631e+01
     vertex  8.896069e+01  1.367000e+02  2.199558e+01
     vertex  8.896069e+01  1.307000e+02  2.199558e+01
   endloop
 endfacet
 facet normal  4.980186e-01  0.000000e+00 -8.671664e-01
   outer loop
     vertex  8.885280e+01  1.307000e+02  2.193557e+01
     vertex  8.885280e+01  1.367000e+02  2.193557e+01
     vertex  8.890633e+01  1.367000e+02  2.196631e+01
   endloop
 endfacet
 facet normal  5.216210e-01  0.000000e+00 -8.531773e-01
   outer loop
     vertex  8.885280e+01  1.307000e+02  2.193557e+01
     vertex  8.880013e+01  1.367000e+02  2.190337e+01
     vertex  8.885280e+01  1.367000e+02  2.193557e+01
   endloop
 endfacet
 facet normal  4.980186e-01  0.000000e+00 -8.671664e-01
   outer loop
     vertex  8.885280e+01  1.307000e+02  2.193557e+01
     vertex  8.890633e+01  1.367000e+02  2.196631e+01
     vertex  8.890633e+01  1.307000e+02  2.196631e+01
   endloop
 endfacet
 facet normal  5.216210e-01  0.000000e+00 -8.531773e-01
   outer loop
     vertex  8.880013e+01  1.307000e+02  2.190337e+01
     vertex  8.880013e+01  1.367000e+02  2.190337e+01
     vertex  8.885280e+01  1.307000e+02  2.193557e+01
   endloop
 endfacet
 facet normal  5.448308e-01  0.000000e+00 -8.385460e-01
   outer loop
     vertex  8.874836e+01  1.307000e+02  2.186973e+01
     vertex  8.880013e+01  1.367000e+02  2.190337e+01
     vertex  8.880013e+01  1.307000e+02  2.190337e+01
   endloop
 endfacet
 facet normal  5.448308e-01  0.000000e+00 -8.385460e-01
   outer loop
     vertex  8.874836e+01  1.307000e+02  2.186973e+01
     vertex  8.874836e+01  1.367000e+02  2.186973e+01
     vertex  8.880013e+01  1.367000e+02  2.190337e+01
   endloop
 endfacet
 facet normal  5.676304e-01  0.000000e+00 -8.232835e-01
   outer loop
     vertex  8.874836e+01  1.307000e+02  2.186973e+01
     vertex  8.869754e+01  1.367000e+02  2.183469e+01
     vertex  8.874836e+01  1.367000e+02  2.186973e+01
   endloop
 endfacet
 facet normal  5.676304e-01  0.000000e+00 -8.232835e-01
   outer loop
     vertex  8.869754e+01  1.307000e+02  2.183469e+01
     vertex  8.869754e+01  1.367000e+02  2.183469e+01
     vertex  8.874836e+01  1.307000e+02  2.186973e+01
   endloop
 endfacet
 facet normal  5.900028e-01  0.000000e+00 -8.074012e-01
   outer loop
     vertex  8.869754e+01  1.307000e+02  2.183469e+01
     vertex  8.864770e+01  1.367000e+02  2.179827e+01
     vertex  8.869754e+01  1.367000e+02  2.183469e+01
   endloop
 endfacet
 facet normal  5.900028e-01  0.000000e+00 -8.074012e-01
   outer loop
     vertex  8.864770e+01  1.307000e+02  2.179827e+01
     vertex  8.864770e+01  1.367000e+02  2.179827e+01
     vertex  8.869754e+01  1.307000e+02  2.183469e+01
   endloop
 endfacet
 facet normal  6.119310e-01  0.000000e+00 -7.909112e-01
   outer loop
     vertex  8.859887e+01  1.307000e+02  2.176049e+01
     vertex  8.864770e+01  1.367000e+02  2.179827e+01
     vertex  8.864770e+01  1.307000e+02  2.179827e+01
   endloop
 endfacet
 facet normal  6.119310e-01  0.000000e+00 -7.909112e-01
   outer loop
     vertex  8.859887e+01  1.307000e+02  2.176049e+01
     vertex  8.859887e+01  1.367000e+02  2.176049e+01
     vertex  8.864770e+01  1.367000e+02  2.179827e+01
   endloop
 endfacet
 facet normal  6.333986e-01  0.000000e+00 -7.738257e-01
   outer loop
     vertex  8.859887e+01  1.307000e+02  2.176049e+01
     vertex  8.855110e+01  1.367000e+02  2.172139e+01
     vertex  8.859887e+01  1.367000e+02  2.176049e+01
   endloop
 endfacet
 facet normal  6.333986e-01  0.000000e+00 -7.738257e-01
   outer loop
     vertex  8.855110e+01  1.307000e+02  2.172139e+01
     vertex  8.855110e+01  1.367000e+02  2.172139e+01
     vertex  8.859887e+01  1.307000e+02  2.176049e+01
   endloop
 endfacet
 facet normal  6.543893e-01  0.000000e+00 -7.561578e-01
   outer loop
     vertex  8.850442e+01  1.307000e+02  2.168100e+01
     vertex  8.855110e+01  1.367000e+02  2.172139e+01
     vertex  8.855110e+01  1.307000e+02  2.172139e+01
   endloop
 endfacet
 facet normal  6.543893e-01  0.000000e+00 -7.561578e-01
   outer loop
     vertex  8.850442e+01  1.307000e+02  2.168100e+01
     vertex  8.850442e+01  1.367000e+02  2.168100e+01
     vertex  8.855110e+01  1.367000e+02  2.172139e+01
   endloop
 endfacet
 facet normal  6.748875e-01  0.000000e+00 -7.379206e-01
   outer loop
     vertex  8.850442e+01  1.307000e+02  2.168100e+01
     vertex  8.845887e+01  1.367000e+02  2.163933e+01
     vertex  8.850442e+01  1.367000e+02  2.168100e+01
   endloop
 endfacet
 facet normal  6.748875e-01  0.000000e+00 -7.379206e-01
   outer loop
     vertex  8.845887e+01  1.307000e+02  2.163933e+01
     vertex  8.845887e+01  1.367000e+02  2.163933e+01
     vertex  8.850442e+01  1.307000e+02  2.168100e+01
   endloop
 endfacet
 facet normal  6.948776e-01  0.000000e+00 -7.191280e-01
   outer loop
     vertex  8.845887e+01  1.307000e+02  2.163933e+01
     vertex  8.841448e+01  1.367000e+02  2.159644e+01
     vertex  8.845887e+01  1.367000e+02  2.163933e+01
   endloop
 endfacet
 facet normal  6.948776e-01  0.000000e+00 -7.191280e-01
   outer loop
     vertex  8.841448e+01  1.307000e+02  2.159644e+01
     vertex  8.841448e+01  1.367000e+02  2.159644e+01
     vertex  8.845887e+01  1.307000e+02  2.163933e+01
   endloop
 endfacet
 facet normal  7.143447e-01  0.000000e+00 -6.997940e-01
   outer loop
     vertex  8.841448e+01  1.307000e+02  2.159644e+01
     vertex  8.837128e+01  1.367000e+02  2.155234e+01
     vertex  8.841448e+01  1.367000e+02  2.159644e+01
   endloop
 endfacet
 facet normal  7.143447e-01  0.000000e+00 -6.997940e-01
   outer loop
     vertex  8.837128e+01  1.307000e+02  2.155234e+01
     vertex  8.837128e+01  1.367000e+02  2.155234e+01
     vertex  8.841448e+01  1.307000e+02  2.159644e+01
   endloop
 endfacet
 facet normal  7.332740e-01  0.000000e+00 -6.799333e-01
   outer loop
     vertex  8.832930e+01  1.307000e+02  2.150707e+01
     vertex  8.837128e+01  1.367000e+02  2.155234e+01
     vertex  8.837128e+01  1.307000e+02  2.155234e+01
   endloop
 endfacet
 facet normal  7.332740e-01  0.000000e+00 -6.799333e-01
   outer loop
     vertex  8.832930e+01  1.307000e+02  2.150707e+01
     vertex  8.832930e+01  1.367000e+02  2.150707e+01
     vertex  8.837128e+01  1.367000e+02  2.155234e+01
   endloop
 endfacet
 facet normal  7.516513e-01  0.000000e+00 -6.595607e-01
   outer loop
     vertex  8.828859e+01  1.307000e+02  2.146067e+01
     vertex  8.832930e+01  1.367000e+02  2.150707e+01
     vertex  8.832930e+01  1.307000e+02  2.150707e+01
   endloop
 endfacet
 facet normal  7.516513e-01  0.000000e+00 -6.595607e-01
   outer loop
     vertex  8.828859e+01  1.307000e+02  2.146067e+01
     vertex  8.828859e+01  1.367000e+02  2.146067e+01
     vertex  8.832930e+01  1.367000e+02  2.150707e+01
   endloop
 endfacet
 facet normal  7.694628e-01  0.000000e+00 -6.386916e-01
   outer loop
     vertex  8.828859e+01  1.307000e+02  2.146067e+01
     vertex  8.824916e+01  1.367000e+02  2.141317e+01
     vertex  8.828859e+01  1.367000e+02  2.146067e+01
   endloop
 endfacet
 facet normal  7.694628e-01  0.000000e+00 -6.386916e-01
   outer loop
     vertex  8.824916e+01  1.307000e+02  2.141317e+01
     vertex  8.824916e+01  1.367000e+02  2.141317e+01
     vertex  8.828859e+01  1.307000e+02  2.146067e+01
   endloop
 endfacet
 facet normal  7.866951e-01  0.000000e+00 -6.173417e-01
   outer loop
     vertex  8.821105e+01  1.307000e+02  2.136461e+01
     vertex  8.824916e+01  1.367000e+02  2.141317e+01
     vertex  8.824916e+01  1.307000e+02  2.141317e+01
   endloop
 endfacet
 facet normal  7.866951e-01  0.000000e+00 -6.173417e-01
   outer loop
     vertex  8.821105e+01  1.307000e+02  2.136461e+01
     vertex  8.821105e+01  1.367000e+02  2.136461e+01
     vertex  8.824916e+01  1.367000e+02  2.141317e+01
   endloop
 endfacet
 facet normal  8.033352e-01  0.000000e+00 -5.955271e-01
   outer loop
     vertex  8.821105e+01  1.307000e+02  2.136461e+01
     vertex  8.817428e+01  1.367000e+02  2.131501e+01
     vertex  8.821105e+01  1.367000e+02  2.136461e+01
   endloop
 endfacet
 facet normal  8.033352e-01  0.000000e+00 -5.955271e-01
   outer loop
     vertex  8.817428e+01  1.307000e+02  2.131501e+01
     vertex  8.817428e+01  1.367000e+02  2.131501e+01
     vertex  8.821105e+01  1.307000e+02  2.136461e+01
   endloop
 endfacet
 facet normal  8.193706e-01  0.000000e+00 -5.732642e-01
   outer loop
     vertex  8.817428e+01  1.307000e+02  2.131501e+01
     vertex  8.813890e+01  1.367000e+02  2.126443e+01
     vertex  8.817428e+01  1.367000e+02  2.131501e+01
   endloop
 endfacet
 facet normal  8.193706e-01  0.000000e+00 -5.732642e-01
   outer loop
     vertex  8.813890e+01  1.307000e+02  2.126443e+01
     vertex  8.813890e+01  1.367000e+02  2.126443e+01
     vertex  8.817428e+01  1.307000e+02  2.131501e+01
   endloop
 endfacet
 facet normal  8.347891e-01  0.000000e+00 -5.505698e-01
   outer loop
     vertex  8.813890e+01  1.307000e+02  2.126443e+01
     vertex  8.810491e+01  1.367000e+02  2.121290e+01
     vertex  8.813890e+01  1.367000e+02  2.126443e+01
   endloop
 endfacet
 facet normal  8.347891e-01  0.000000e+00 -5.505698e-01
   outer loop
     vertex  8.810491e+01  1.307000e+02  2.121290e+01
     vertex  8.810491e+01  1.367000e+02  2.121290e+01
     vertex  8.813890e+01  1.307000e+02  2.126443e+01
   endloop
 endfacet
 facet normal  8.495793e-01  0.000000e+00 -5.274609e-01
   outer loop
     vertex  8.807235e+01  1.307000e+02  2.116045e+01
     vertex  8.810491e+01  1.367000e+02  2.121290e+01
     vertex  8.810491e+01  1.307000e+02  2.121290e+01
   endloop
 endfacet
 facet normal  8.495793e-01  0.000000e+00 -5.274609e-01
   outer loop
     vertex  8.807235e+01  1.307000e+02  2.116045e+01
     vertex  8.807235e+01  1.367000e+02  2.116045e+01
     vertex  8.810491e+01  1.367000e+02  2.121290e+01
   endloop
 endfacet
 facet normal  8.637299e-01  0.000000e+00 -5.039550e-01
   outer loop
     vertex  8.807235e+01  1.307000e+02  2.116045e+01
     vertex  8.804124e+01  1.367000e+02  2.110713e+01
     vertex  8.807235e+01  1.367000e+02  2.116045e+01
   endloop
 endfacet
 facet normal  8.637299e-01  0.000000e+00 -5.039550e-01
   outer loop
     vertex  8.804124e+01  1.307000e+02  2.110713e+01
     vertex  8.804124e+01  1.367000e+02  2.110713e+01
     vertex  8.807235e+01  1.307000e+02  2.116045e+01
   endloop
 endfacet
 facet normal  8.772303e-01  0.000000e+00 -4.800697e-01
   outer loop
     vertex  8.801160e+01  1.307000e+02  2.105298e+01
     vertex  8.804124e+01  1.367000e+02  2.110713e+01
     vertex  8.804124e+01  1.307000e+02  2.110713e+01
   endloop
 endfacet
 facet normal  8.772303e-01  0.000000e+00 -4.800697e-01
   outer loop
     vertex  8.801160e+01  1.307000e+02  2.105298e+01
     vertex  8.801160e+01  1.367000e+02  2.105298e+01
     vertex  8.804124e+01  1.367000e+02  2.110713e+01
   endloop
 endfacet
 facet normal  8.900704e-01  0.000000e+00 -4.558231e-01
   outer loop
     vertex  8.801160e+01  1.307000e+02  2.105298e+01
     vertex  8.798346e+01  1.367000e+02  2.099803e+01
     vertex  8.801160e+01  1.367000e+02  2.105298e+01
   endloop
 endfacet
 facet normal  8.900704e-01  0.000000e+00 -4.558231e-01
   outer loop
     vertex  8.798346e+01  1.307000e+02  2.099803e+01
     vertex  8.798346e+01  1.367000e+02  2.099803e+01
     vertex  8.801160e+01  1.307000e+02  2.105298e+01
   endloop
 endfacet
 facet normal  9.022405e-01  0.000000e+00 -4.312333e-01
   outer loop
     vertex  8.795684e+01  1.307000e+02  2.094233e+01
     vertex  8.798346e+01  1.367000e+02  2.099803e+01
     vertex  8.798346e+01  1.307000e+02  2.099803e+01
   endloop
 endfacet
 facet normal  9.022405e-01  0.000000e+00 -4.312333e-01
   outer loop
     vertex  8.795684e+01  1.307000e+02  2.094233e+01
     vertex  8.795684e+01  1.367000e+02  2.094233e+01
     vertex  8.798346e+01  1.367000e+02  2.099803e+01
   endloop
 endfacet
 facet normal  9.137314e-01  0.000000e+00 -4.063188e-01
   outer loop
     vertex  8.793176e+01  1.307000e+02  2.088593e+01
     vertex  8.795684e+01  1.367000e+02  2.094233e+01
     vertex  8.795684e+01  1.307000e+02  2.094233e+01
   endloop
 endfacet
 facet normal  9.137314e-01  0.000000e+00 -4.063188e-01
   outer loop
     vertex  8.793176e+01  1.307000e+02  2.088593e+01
     vertex  8.793176e+01  1.367000e+02  2.088593e+01
     vertex  8.795684e+01  1.367000e+02  2.094233e+01
   endloop
 endfacet
 facet normal  9.245344e-01  0.000000e+00 -3.810986e-01
   outer loop
     vertex  8.793176e+01  1.307000e+02  2.088593e+01
     vertex  8.790823e+01  1.367000e+02  2.082885e+01
     vertex  8.793176e+01  1.367000e+02  2.088593e+01
   endloop
 endfacet
 facet normal  9.245344e-01  0.000000e+00 -3.810986e-01
   outer loop
     vertex  8.790823e+01  1.307000e+02  2.082885e+01
     vertex  8.790823e+01  1.367000e+02  2.082885e+01
     vertex  8.793176e+01  1.307000e+02  2.088593e+01
   endloop
 endfacet
 facet normal  9.346415e-01  0.000000e+00 -3.555914e-01
   outer loop
     vertex  8.788628e+01  1.307000e+02  2.077116e+01
     vertex  8.788628e+01  1.367000e+02  2.077116e+01
     vertex  8.790823e+01  1.367000e+02  2.082885e+01
   endloop
 endfacet
 facet normal  9.346415e-01  0.000000e+00 -3.555914e-01
   outer loop
     vertex  8.788628e+01  1.307000e+02  2.077116e+01
     vertex  8.790823e+01  1.367000e+02  2.082885e+01
     vertex  8.790823e+01  1.307000e+02  2.082885e+01
   endloop
 endfacet
 facet normal  9.440450e-01  0.000000e+00 -3.298166e-01
   outer loop
     vertex  8.786592e+01  1.307000e+02  2.071288e+01
     vertex  8.786592e+01  1.367000e+02  2.071288e+01
     vertex  8.788628e+01  1.367000e+02  2.077116e+01
   endloop
 endfacet
 facet normal  9.527379e-01  0.000000e+00 -3.037934e-01
   outer loop
     vertex  8.786592e+01  1.307000e+02  2.071288e+01
     vertex  8.784716e+01  1.367000e+02  2.065406e+01
     vertex  8.786592e+01  1.367000e+02  2.071288e+01
   endloop
 endfacet
 facet normal  9.440450e-01  0.000000e+00 -3.298166e-01
   outer loop
     vertex  8.786592e+01  1.307000e+02  2.071288e+01
     vertex  8.788628e+01  1.367000e+02  2.077116e+01
     vertex  8.788628e+01  1.307000e+02  2.077116e+01
   endloop
 endfacet
 facet normal  9.607136e-01  0.000000e+00 -2.775416e-01
   outer loop
     vertex  8.784716e+01  1.307000e+02  2.065406e+01
     vertex  8.783003e+01  1.367000e+02  2.059476e+01
     vertex  8.784716e+01  1.367000e+02  2.065406e+01
   endloop
 endfacet
 facet normal  9.527379e-01  0.000000e+00 -3.037934e-01
   outer loop
     vertex  8.784716e+01  1.307000e+02  2.065406e+01
     vertex  8.784716e+01  1.367000e+02  2.065406e+01
     vertex  8.786592e+01  1.307000e+02  2.071288e+01
   endloop
 endfacet
 facet normal  9.607136e-01  0.000000e+00 -2.775416e-01
   outer loop
     vertex  8.783003e+01  1.307000e+02  2.059476e+01
     vertex  8.783003e+01  1.367000e+02  2.059476e+01
     vertex  8.784716e+01  1.307000e+02  2.065406e+01
   endloop
 endfacet
 facet normal  9.679661e-01  0.000000e+00 -2.510809e-01
   outer loop
     vertex  8.781453e+01  1.307000e+02  2.053500e+01
     vertex  8.783003e+01  1.367000e+02  2.059476e+01
     vertex  8.783003e+01  1.307000e+02  2.059476e+01
   endloop
 endfacet
 facet normal  9.679661e-01  0.000000e+00 -2.510809e-01
   outer loop
     vertex  8.781453e+01  1.307000e+02  2.053500e+01
     vertex  8.781453e+01  1.367000e+02  2.053500e+01
     vertex  8.783003e+01  1.367000e+02  2.059476e+01
   endloop
 endfacet
 facet normal  9.744899e-01  0.000000e+00 -2.244312e-01
   outer loop
     vertex  8.781453e+01  1.307000e+02  2.053500e+01
     vertex  8.780068e+01  1.367000e+02  2.047484e+01
     vertex  8.781453e+01  1.367000e+02  2.053500e+01
   endloop
 endfacet
 facet normal  9.744899e-01  0.000000e+00 -2.244312e-01
   outer loop
     vertex  8.780068e+01  1.307000e+02  2.047484e+01
     vertex  8.780068e+01  1.367000e+02  2.047484e+01
     vertex  8.781453e+01  1.307000e+02  2.053500e+01
   endloop
 endfacet
 facet normal  9.802802e-01  0.000000e+00 -1.976125e-01
   outer loop
     vertex  8.778848e+01  1.307000e+02  2.041433e+01
     vertex  8.780068e+01  1.367000e+02  2.047484e+01
     vertex  8.780068e+01  1.307000e+02  2.047484e+01
   endloop
 endfacet
 facet normal  9.802802e-01  0.000000e+00 -1.976125e-01
   outer loop
     vertex  8.778848e+01  1.307000e+02  2.041433e+01
     vertex  8.778848e+01  1.367000e+02  2.041433e+01
     vertex  8.780068e+01  1.367000e+02  2.047484e+01
   endloop
 endfacet
 facet normal  9.853326e-01  0.000000e+00 -1.706451e-01
   outer loop
     vertex  8.778848e+01  1.307000e+02  2.041433e+01
     vertex  8.777794e+01  1.367000e+02  2.035350e+01
     vertex  8.778848e+01  1.367000e+02  2.041433e+01
   endloop
 endfacet
 facet normal  9.853326e-01  0.000000e+00 -1.706451e-01
   outer loop
     vertex  8.777794e+01  1.307000e+02  2.035350e+01
     vertex  8.777794e+01  1.367000e+02  2.035350e+01
     vertex  8.778848e+01  1.307000e+02  2.041433e+01
   endloop
 endfacet
 facet normal  9.896432e-01  0.000000e+00 -1.435492e-01
   outer loop
     vertex  8.777794e+01  1.307000e+02  2.035350e+01
     vertex  8.776908e+01  1.367000e+02  2.029241e+01
     vertex  8.777794e+01  1.367000e+02  2.035350e+01
   endloop
 endfacet
 facet normal  9.896432e-01  0.000000e+00 -1.435492e-01
   outer loop
     vertex  8.776908e+01  1.307000e+02  2.029241e+01
     vertex  8.776908e+01  1.367000e+02  2.029241e+01
     vertex  8.777794e+01  1.307000e+02  2.035350e+01
   endloop
 endfacet
 facet normal  9.932088e-01  0.000000e+00 -1.163452e-01
   outer loop
     vertex  8.776908e+01  1.307000e+02  2.029241e+01
     vertex  8.776190e+01  1.367000e+02  2.023110e+01
     vertex  8.776908e+01  1.367000e+02  2.029241e+01
   endloop
 endfacet
 facet normal  9.932088e-01  0.000000e+00 -1.163452e-01
   outer loop
     vertex  8.776190e+01  1.307000e+02  2.023110e+01
     vertex  8.776190e+01  1.367000e+02  2.023110e+01
     vertex  8.776908e+01  1.307000e+02  2.029241e+01
   endloop
 endfacet
 facet normal  9.960268e-01  0.000000e+00 -8.905371e-02
   outer loop
     vertex  8.775640e+01  1.307000e+02  2.016961e+01
     vertex  8.776190e+01  1.367000e+02  2.023110e+01
     vertex  8.776190e+01  1.307000e+02  2.023110e+01
   endloop
 endfacet
 facet normal  9.960268e-01  0.000000e+00 -8.905371e-02
   outer loop
     vertex  8.775640e+01  1.307000e+02  2.016961e+01
     vertex  8.775640e+01  1.367000e+02  2.016961e+01
     vertex  8.776190e+01  1.367000e+02  2.023110e+01
   endloop
 endfacet
 facet normal  9.980950e-01  0.000000e+00 -6.169515e-02
   outer loop
     vertex  8.775640e+01  1.307000e+02  2.016961e+01
     vertex  8.775259e+01  1.367000e+02  2.010799e+01
     vertex  8.775640e+01  1.367000e+02  2.016961e+01
   endloop
 endfacet
 facet normal  9.980950e-01  0.000000e+00 -6.169515e-02
   outer loop
     vertex  8.775259e+01  1.307000e+02  2.010799e+01
     vertex  8.775259e+01  1.367000e+02  2.010799e+01
     vertex  8.775640e+01  1.307000e+02  2.016961e+01
   endloop
 endfacet
 facet normal  9.994119e-01  0.000000e+00 -3.429014e-02
   outer loop
     vertex  8.775048e+01  1.307000e+02  2.004630e+01
     vertex  8.775259e+01  1.367000e+02  2.010799e+01
     vertex  8.775259e+01  1.307000e+02  2.010799e+01
   endloop
 endfacet
 facet normal  9.994119e-01  0.000000e+00 -3.429014e-02
   outer loop
     vertex  8.775048e+01  1.307000e+02  2.004630e+01
     vertex  8.775048e+01  1.367000e+02  2.004630e+01
     vertex  8.775259e+01  1.367000e+02  2.010799e+01
   endloop
 endfacet
 facet normal  9.999765e-01  0.000000e+00 -6.859319e-03
   outer loop
     vertex  8.775048e+01  1.307000e+02  2.004630e+01
     vertex  8.775005e+01  1.367000e+02  1.998457e+01
     vertex  8.775048e+01  1.367000e+02  2.004630e+01
   endloop
 endfacet
 facet normal  9.999765e-01  0.000000e+00 -6.859319e-03
   outer loop
     vertex  8.775005e+01  1.307000e+02  1.998457e+01
     vertex  8.775005e+01  1.367000e+02  1.998457e+01
     vertex  8.775048e+01  1.307000e+02  2.004630e+01
   endloop
 endfacet
 facet normal  9.988475e-01 -0.000000e+00  4.799716e-02
   outer loop
     vertex  8.775132e+01  1.307000e+02  1.992285e+01
     vertex  8.775429e+01  1.367000e+02  1.986119e+01
     vertex  8.775132e+01  1.367000e+02  1.992285e+01
   endloop
 endfacet
 facet normal  9.997883e-01  0.000000e+00  2.057667e-02
   outer loop
     vertex  8.775132e+01  1.307000e+02  1.992285e+01
     vertex  8.775005e+01  1.367000e+02  1.998457e+01
     vertex  8.775005e+01  1.307000e+02  1.998457e+01
   endloop
 endfacet
 facet normal  9.997883e-01 -0.000000e+00  2.057667e-02
   outer loop
     vertex  8.775132e+01  1.307000e+02  1.992285e+01
     vertex  8.775132e+01  1.367000e+02  1.992285e+01
     vertex  8.775005e+01  1.367000e+02  1.998457e+01
   endloop
 endfacet
 facet normal  9.988475e-01 -0.000000e+00  4.799716e-02
   outer loop
     vertex  8.775429e+01  1.307000e+02  1.986119e+01
     vertex  8.775429e+01  1.367000e+02  1.986119e+01
     vertex  8.775132e+01  1.307000e+02  1.992285e+01
   endloop
 endfacet
 facet normal  9.971548e-01 -0.000000e+00  7.538152e-02
   outer loop
     vertex  8.775894e+01  1.307000e+02  1.979963e+01
     vertex  8.775894e+01  1.367000e+02  1.979963e+01
     vertex  8.775429e+01  1.367000e+02  1.986119e+01
   endloop
 endfacet
 facet normal  9.971548e-01  0.000000e+00  7.538152e-02
   outer loop
     vertex  8.775894e+01  1.307000e+02  1.979963e+01
     vertex  8.775429e+01  1.367000e+02  1.986119e+01
     vertex  8.775429e+01  1.307000e+02  1.986119e+01
   endloop
 endfacet
 facet normal  9.947114e-01 -0.000000e+00  1.027091e-01
   outer loop
     vertex  8.776528e+01  1.307000e+02  1.973822e+01
     vertex  8.776528e+01  1.367000e+02  1.973822e+01
     vertex  8.775894e+01  1.367000e+02  1.979963e+01
   endloop
 endfacet
 facet normal  9.947114e-01  0.000000e+00  1.027091e-01
   outer loop
     vertex  8.776528e+01  1.307000e+02  1.973822e+01
     vertex  8.775894e+01  1.367000e+02  1.979963e+01
     vertex  8.775894e+01  1.307000e+02  1.979963e+01
   endloop
 endfacet
 facet normal  9.915193e-01 -0.000000e+00  1.299594e-01
   outer loop
     vertex  8.777330e+01  1.307000e+02  1.967701e+01
     vertex  8.777330e+01  1.367000e+02  1.967701e+01
     vertex  8.776528e+01  1.367000e+02  1.973822e+01
   endloop
 endfacet
 facet normal  9.915193e-01  0.000000e+00  1.299594e-01
   outer loop
     vertex  8.777330e+01  1.307000e+02  1.967701e+01
     vertex  8.776528e+01  1.367000e+02  1.973822e+01
     vertex  8.776528e+01  1.307000e+02  1.973822e+01
   endloop
 endfacet
 facet normal  9.875808e-01 -0.000000e+00  1.571119e-01
   outer loop
     vertex  8.778300e+01  1.307000e+02  1.961605e+01
     vertex  8.778300e+01  1.367000e+02  1.961605e+01
     vertex  8.777330e+01  1.367000e+02  1.967701e+01
   endloop
 endfacet
 facet normal  9.828989e-01 -0.000000e+00  1.841461e-01
   outer loop
     vertex  8.778300e+01  1.307000e+02  1.961605e+01
     vertex  8.779437e+01  1.367000e+02  1.955537e+01
     vertex  8.778300e+01  1.367000e+02  1.961605e+01
   endloop
 endfacet
 facet normal  9.875808e-01  0.000000e+00  1.571119e-01
   outer loop
     vertex  8.778300e+01  1.307000e+02  1.961605e+01
     vertex  8.777330e+01  1.367000e+02  1.967701e+01
     vertex  8.777330e+01  1.307000e+02  1.967701e+01
   endloop
 endfacet
 facet normal  9.774771e-01 -0.000000e+00  2.110417e-01
   outer loop
     vertex  8.779437e+01  1.307000e+02  1.955537e+01
     vertex  8.780740e+01  1.367000e+02  1.949503e+01
     vertex  8.779437e+01  1.367000e+02  1.955537e+01
   endloop
 endfacet
 facet normal  9.828989e-01 -0.000000e+00  1.841461e-01
   outer loop
     vertex  8.779437e+01  1.307000e+02  1.955537e+01
     vertex  8.779437e+01  1.367000e+02  1.955537e+01
     vertex  8.778300e+01  1.307000e+02  1.961605e+01
   endloop
 endfacet
 facet normal  9.713194e-01 -0.000000e+00  2.377784e-01
   outer loop
     vertex  8.780740e+01  1.307000e+02  1.949503e+01
     vertex  8.782208e+01  1.367000e+02  1.943507e+01
     vertex  8.780740e+01  1.367000e+02  1.949503e+01
   endloop
 endfacet
 facet normal  9.774771e-01 -0.000000e+00  2.110417e-01
   outer loop
     vertex  8.780740e+01  1.307000e+02  1.949503e+01
     vertex  8.780740e+01  1.367000e+02  1.949503e+01
     vertex  8.779437e+01  1.307000e+02  1.955537e+01
   endloop
 endfacet
 facet normal  9.644306e-01 -0.000000e+00  2.643362e-01
   outer loop
     vertex  8.782208e+01  1.307000e+02  1.943507e+01
     vertex  8.783839e+01  1.367000e+02  1.937553e+01
     vertex  8.782208e+01  1.367000e+02  1.943507e+01
   endloop
 endfacet
 facet normal  9.713194e-01 -0.000000e+00  2.377784e-01
   outer loop
     vertex  8.782208e+01  1.307000e+02  1.943507e+01
     vertex  8.782208e+01  1.367000e+02  1.943507e+01
     vertex  8.780740e+01  1.307000e+02  1.949503e+01
   endloop
 endfacet
 facet normal  9.644306e-01 -0.000000e+00  2.643362e-01
   outer loop
     vertex  8.783839e+01  1.307000e+02  1.937553e+01
     vertex  8.783839e+01  1.367000e+02  1.937553e+01
     vertex  8.782208e+01  1.307000e+02  1.943507e+01
   endloop
 endfacet
 facet normal  9.568158e-01 -0.000000e+00  2.906949e-01
   outer loop
     vertex  8.785634e+01  1.307000e+02  1.931646e+01
     vertex  8.785634e+01  1.367000e+02  1.931646e+01
     vertex  8.783839e+01  1.367000e+02  1.937553e+01
   endloop
 endfacet
 facet normal  9.568158e-01  0.000000e+00  2.906949e-01
   outer loop
     vertex  8.785634e+01  1.307000e+02  1.931646e+01
     vertex  8.783839e+01  1.367000e+02  1.937553e+01
     vertex  8.783839e+01  1.307000e+02  1.937553e+01
   endloop
 endfacet
 facet normal  9.484807e-01 -0.000000e+00  3.168348e-01
   outer loop
     vertex  8.787590e+01  1.307000e+02  1.925791e+01
     vertex  8.787590e+01  1.367000e+02  1.925791e+01
     vertex  8.785634e+01  1.367000e+02  1.931646e+01
   endloop
 endfacet
 facet normal  9.394317e-01 -0.000000e+00  3.427362e-01
   outer loop
     vertex  8.787590e+01  1.307000e+02  1.925791e+01
     vertex  8.789706e+01  1.367000e+02  1.919992e+01
     vertex  8.787590e+01  1.367000e+02  1.925791e+01
   endloop
 endfacet
 facet normal  9.484807e-01  0.000000e+00  3.168348e-01
   outer loop
     vertex  8.787590e+01  1.307000e+02  1.925791e+01
     vertex  8.785634e+01  1.367000e+02  1.931646e+01
     vertex  8.785634e+01  1.307000e+02  1.931646e+01
   endloop
 endfacet
 facet normal  9.394317e-01 -0.000000e+00  3.427362e-01
   outer loop
     vertex  8.789706e+01  1.307000e+02  1.919992e+01
     vertex  8.789706e+01  1.367000e+02  1.919992e+01
     vertex  8.787590e+01  1.307000e+02  1.925791e+01
   endloop
 endfacet
 facet normal  9.296754e-01 -0.000000e+00  3.683796e-01
   outer loop
     vertex  8.791980e+01  1.307000e+02  1.914253e+01
     vertex  8.791980e+01  1.367000e+02  1.914253e+01
     vertex  8.789706e+01  1.367000e+02  1.919992e+01
   endloop
 endfacet
 facet normal  9.296754e-01  0.000000e+00  3.683796e-01
   outer loop
     vertex  8.791980e+01  1.307000e+02  1.914253e+01
     vertex  8.789706e+01  1.367000e+02  1.919992e+01
     vertex  8.789706e+01  1.307000e+02  1.919992e+01
   endloop
 endfacet
 facet normal  9.192194e-01  0.000000e+00  3.937458e-01
   outer loop
     vertex  8.794410e+01  1.307000e+02  1.908578e+01
     vertex  8.791980e+01  1.367000e+02  1.914253e+01
     vertex  8.791980e+01  1.307000e+02  1.914253e+01
   endloop
 endfacet
 facet normal  9.192194e-01 -0.000000e+00  3.937458e-01
   outer loop
     vertex  8.794410e+01  1.307000e+02  1.908578e+01
     vertex  8.794410e+01  1.367000e+02  1.908578e+01
     vertex  8.791980e+01  1.367000e+02  1.914253e+01
   endloop
 endfacet
 facet normal  9.080714e-01 -0.000000e+00  4.188155e-01
   outer loop
     vertex  8.794410e+01  1.307000e+02  1.908578e+01
     vertex  8.796996e+01  1.367000e+02  1.902973e+01
     vertex  8.794410e+01  1.367000e+02  1.908578e+01
   endloop
 endfacet
 facet normal  9.080714e-01 -0.000000e+00  4.188155e-01
   outer loop
     vertex  8.796996e+01  1.307000e+02  1.902973e+01
     vertex  8.796996e+01  1.367000e+02  1.902973e+01
     vertex  8.794410e+01  1.307000e+02  1.908578e+01
   endloop
 endfacet
 facet normal  8.962398e-01 -0.000000e+00  4.435699e-01
   outer loop
     vertex  8.799734e+01  1.307000e+02  1.897440e+01
     vertex  8.799734e+01  1.367000e+02  1.897440e+01
     vertex  8.796996e+01  1.367000e+02  1.902973e+01
   endloop
 endfacet
 facet normal  8.837335e-01 -0.000000e+00  4.679904e-01
   outer loop
     vertex  8.799734e+01  1.307000e+02  1.897440e+01
     vertex  8.802623e+01  1.367000e+02  1.891984e+01
     vertex  8.799734e+01  1.367000e+02  1.897440e+01
   endloop
 endfacet
 facet normal  8.962398e-01  0.000000e+00  4.435699e-01
   outer loop
     vertex  8.799734e+01  1.307000e+02  1.897440e+01
     vertex  8.796996e+01  1.367000e+02  1.902973e+01
     vertex  8.796996e+01  1.307000e+02  1.902973e+01
   endloop
 endfacet
 facet normal  8.837335e-01 -0.000000e+00  4.679904e-01
   outer loop
     vertex  8.802623e+01  1.307000e+02  1.891984e+01
     vertex  8.802623e+01  1.367000e+02  1.891984e+01
     vertex  8.799734e+01  1.307000e+02  1.897440e+01
   endloop
 endfacet
 facet normal  8.705620e-01 -0.000000e+00  4.920587e-01
   outer loop
     vertex  8.802623e+01  1.307000e+02  1.891984e+01
     vertex  8.805661e+01  1.367000e+02  1.886610e+01
     vertex  8.802623e+01  1.367000e+02  1.891984e+01
   endloop
 endfacet
 facet normal  8.705620e-01 -0.000000e+00  4.920587e-01
   outer loop
     vertex  8.805661e+01  1.307000e+02  1.886610e+01
     vertex  8.805661e+01  1.367000e+02  1.886610e+01
     vertex  8.802623e+01  1.307000e+02  1.891984e+01
   endloop
 endfacet
 facet normal  8.567352e-01 -0.000000e+00  5.157565e-01
   outer loop
     vertex  8.805661e+01  1.307000e+02  1.886610e+01
     vertex  8.808845e+01  1.367000e+02  1.881321e+01
     vertex  8.805661e+01  1.367000e+02  1.886610e+01
   endloop
 endfacet
 facet normal  8.567352e-01 -0.000000e+00  5.157565e-01
   outer loop
     vertex  8.808845e+01  1.307000e+02  1.881321e+01
     vertex  8.808845e+01  1.367000e+02  1.881321e+01
     vertex  8.805661e+01  1.307000e+02  1.886610e+01
   endloop
 endfacet
 facet normal  8.422635e-01 -0.000000e+00  5.390661e-01
   outer loop
     vertex  8.812172e+01  1.307000e+02  1.876122e+01
     vertex  8.812172e+01  1.367000e+02  1.876122e+01
     vertex  8.808845e+01  1.367000e+02  1.881321e+01
   endloop
 endfacet
 facet normal  8.422635e-01  0.000000e+00  5.390661e-01
   outer loop
     vertex  8.812172e+01  1.307000e+02  1.876122e+01
     vertex  8.808845e+01  1.367000e+02  1.881321e+01
     vertex  8.808845e+01  1.307000e+02  1.881321e+01
   endloop
 endfacet
 facet normal  8.271577e-01 -0.000000e+00  5.619699e-01
   outer loop
     vertex  8.815642e+01  1.307000e+02  1.871016e+01
     vertex  8.815642e+01  1.367000e+02  1.871016e+01
     vertex  8.812172e+01  1.367000e+02  1.876122e+01
   endloop
 endfacet
 facet normal  8.114292e-01 -0.000000e+00  5.844507e-01
   outer loop
     vertex  8.815642e+01  1.307000e+02  1.871016e+01
     vertex  8.819250e+01  1.367000e+02  1.866006e+01
     vertex  8.815642e+01  1.367000e+02  1.871016e+01
   endloop
 endfacet
 facet normal  8.271577e-01  0.000000e+00  5.619699e-01
   outer loop
     vertex  8.815642e+01  1.307000e+02  1.871016e+01
     vertex  8.812172e+01  1.367000e+02  1.876122e+01
     vertex  8.812172e+01  1.307000e+02  1.876122e+01
   endloop
 endfacet
 facet normal  8.114292e-01 -0.000000e+00  5.844507e-01
   outer loop
     vertex  8.819250e+01  1.307000e+02  1.866006e+01
     vertex  8.819250e+01  1.367000e+02  1.866006e+01
     vertex  8.815642e+01  1.307000e+02  1.871016e+01
   endloop
 endfacet
 facet normal  7.950900e-01 -0.000000e+00  6.064915e-01
   outer loop
     vertex  8.822994e+01  1.307000e+02  1.861098e+01
     vertex  8.822994e+01  1.367000e+02  1.861098e+01
     vertex  8.819250e+01  1.367000e+02  1.866006e+01
   endloop
 endfacet
 facet normal  7.781522e-01 -0.000000e+00  6.280757e-01
   outer loop
     vertex  8.822994e+01  1.307000e+02  1.861098e+01
     vertex  8.826871e+01  1.367000e+02  1.856294e+01
     vertex  8.822994e+01  1.367000e+02  1.861098e+01
   endloop
 endfacet
 facet normal  7.950900e-01  0.000000e+00  6.064915e-01
   outer loop
     vertex  8.822994e+01  1.307000e+02  1.861098e+01
     vertex  8.819250e+01  1.367000e+02  1.866006e+01
     vertex  8.819250e+01  1.307000e+02  1.866006e+01
   endloop
 endfacet
 facet normal  7.781522e-01 -0.000000e+00  6.280757e-01
   outer loop
     vertex  8.826871e+01  1.307000e+02  1.856294e+01
     vertex  8.826871e+01  1.367000e+02  1.856294e+01
     vertex  8.822994e+01  1.307000e+02  1.861098e+01
   endloop
 endfacet
 facet normal  7.606287e-01 -0.000000e+00  6.491872e-01
   outer loop
     vertex  8.826871e+01  1.307000e+02  1.856294e+01
     vertex  8.830878e+01  1.367000e+02  1.851599e+01
     vertex  8.826871e+01  1.367000e+02  1.856294e+01
   endloop
 endfacet
 facet normal  7.606287e-01 -0.000000e+00  6.491872e-01
   outer loop
     vertex  8.830878e+01  1.307000e+02  1.851599e+01
     vertex  8.830878e+01  1.367000e+02  1.851599e+01
     vertex  8.826871e+01  1.307000e+02  1.856294e+01
   endloop
 endfacet
 facet normal  7.425325e-01 -0.000000e+00  6.698100e-01
   outer loop
     vertex  8.835013e+01  1.307000e+02  1.847015e+01
     vertex  8.835013e+01  1.367000e+02  1.847015e+01
     vertex  8.830878e+01  1.367000e+02  1.851599e+01
   endloop
 endfacet
 facet normal  7.425325e-01  0.000000e+00  6.698100e-01
   outer loop
     vertex  8.835013e+01  1.307000e+02  1.847015e+01
     vertex  8.830878e+01  1.367000e+02  1.851599e+01
     vertex  8.830878e+01  1.307000e+02  1.851599e+01
   endloop
 endfacet
 facet normal  7.238775e-01 -0.000000e+00  6.899286e-01
   outer loop
     vertex  8.839272e+01  1.307000e+02  1.842546e+01
     vertex  8.839272e+01  1.367000e+02  1.842546e+01
     vertex  8.835013e+01  1.367000e+02  1.847015e+01
   endloop
 endfacet
 facet normal  7.238775e-01  0.000000e+00  6.899286e-01
   outer loop
     vertex  8.839272e+01  1.307000e+02  1.842546e+01
     vertex  8.835013e+01  1.367000e+02  1.847015e+01
     vertex  8.835013e+01  1.307000e+02  1.847015e+01
   endloop
 endfacet
 facet normal  7.046775e-01 -0.000000e+00  7.095278e-01
   outer loop
     vertex  8.843653e+01  1.307000e+02  1.838196e+01
     vertex  8.843653e+01  1.367000e+02  1.838196e+01
     vertex  8.839272e+01  1.367000e+02  1.842546e+01
   endloop
 endfacet
 facet normal  7.046775e-01  0.000000e+00  7.095278e-01
   outer loop
     vertex  8.843653e+01  1.307000e+02  1.838196e+01
     vertex  8.839272e+01  1.367000e+02  1.842546e+01
     vertex  8.839272e+01  1.307000e+02  1.842546e+01
   endloop
 endfacet
 facet normal  6.849470e-01 -0.000000e+00  7.285929e-01
   outer loop
     vertex  8.848150e+01  1.307000e+02  1.833968e+01
     vertex  8.848150e+01  1.367000e+02  1.833968e+01
     vertex  8.843653e+01  1.367000e+02  1.838196e+01
   endloop
 endfacet
 facet normal  6.849470e-01  0.000000e+00  7.285929e-01
   outer loop
     vertex  8.848150e+01  1.307000e+02  1.833968e+01
     vertex  8.843653e+01  1.367000e+02  1.838196e+01
     vertex  8.843653e+01  1.307000e+02  1.838196e+01
   endloop
 endfacet
 facet normal  6.647010e-01 -0.000000e+00  7.471095e-01
   outer loop
     vertex  8.852762e+01  1.307000e+02  1.829864e+01
     vertex  8.852762e+01  1.367000e+02  1.829864e+01
     vertex  8.848150e+01  1.367000e+02  1.833968e+01
   endloop
 endfacet
 facet normal  6.647010e-01  0.000000e+00  7.471095e-01
   outer loop
     vertex  8.852762e+01  1.307000e+02  1.829864e+01
     vertex  8.848150e+01  1.367000e+02  1.833968e+01
     vertex  8.848150e+01  1.307000e+02  1.833968e+01
   endloop
 endfacet
 facet normal  6.439545e-01 -0.000000e+00  7.650637e-01
   outer loop
     vertex  8.857485e+01  1.307000e+02  1.825889e+01
     vertex  8.857485e+01  1.367000e+02  1.825889e+01
     vertex  8.852762e+01  1.367000e+02  1.829864e+01
   endloop
 endfacet
 facet normal  6.439545e-01  0.000000e+00  7.650637e-01
   outer loop
     vertex  8.857485e+01  1.307000e+02  1.825889e+01
     vertex  8.852762e+01  1.367000e+02  1.829864e+01
     vertex  8.852762e+01  1.307000e+02  1.829864e+01
   endloop
 endfacet
 facet normal  6.227234e-01 -0.000000e+00  7.824421e-01
   outer loop
     vertex  8.862316e+01  1.307000e+02  1.822045e+01
     vertex  8.862316e+01  1.367000e+02  1.822045e+01
     vertex  8.857485e+01  1.367000e+02  1.825889e+01
   endloop
 endfacet
 facet normal  6.227234e-01  0.000000e+00  7.824421e-01
   outer loop
     vertex  8.862316e+01  1.307000e+02  1.822045e+01
     vertex  8.857485e+01  1.367000e+02  1.825889e+01
     vertex  8.857485e+01  1.307000e+02  1.825889e+01
   endloop
 endfacet
 facet normal  6.010234e-01 -0.000000e+00  7.992314e-01
   outer loop
     vertex  8.867249e+01  1.307000e+02  1.818335e+01
     vertex  8.867249e+01  1.367000e+02  1.818335e+01
     vertex  8.862316e+01  1.367000e+02  1.822045e+01
   endloop
 endfacet
 facet normal  6.010234e-01  0.000000e+00  7.992314e-01
   outer loop
     vertex  8.867249e+01  1.307000e+02  1.818335e+01
     vertex  8.862316e+01  1.367000e+02  1.822045e+01
     vertex  8.862316e+01  1.307000e+02  1.822045e+01
   endloop
 endfacet
 facet normal  5.788711e-01 -0.000000e+00  8.154191e-01
   outer loop
     vertex  8.872283e+01  1.307000e+02  1.814761e+01
     vertex  8.872283e+01  1.367000e+02  1.814761e+01
     vertex  8.867249e+01  1.367000e+02  1.818335e+01
   endloop
 endfacet
 facet normal  5.562829e-01 -0.000000e+00  8.309929e-01
   outer loop
     vertex  8.872283e+01  1.307000e+02  1.814761e+01
     vertex  8.877413e+01  1.367000e+02  1.811327e+01
     vertex  8.872283e+01  1.367000e+02  1.814761e+01
   endloop
 endfacet
 facet normal  5.788711e-01  0.000000e+00  8.154191e-01
   outer loop
     vertex  8.872283e+01  1.307000e+02  1.814761e+01
     vertex  8.867249e+01  1.367000e+02  1.818335e+01
     vertex  8.867249e+01  1.307000e+02  1.818335e+01
   endloop
 endfacet
 facet normal  5.562829e-01 -0.000000e+00  8.309929e-01
   outer loop
     vertex  8.877413e+01  1.307000e+02  1.811327e+01
     vertex  8.877413e+01  1.367000e+02  1.811327e+01
     vertex  8.872283e+01  1.307000e+02  1.814761e+01
   endloop
 endfacet
 facet normal  5.332761e-01 -0.000000e+00  8.459413e-01
   outer loop
     vertex  8.882635e+01  1.307000e+02  1.808035e+01
     vertex  8.882635e+01  1.367000e+02  1.808035e+01
     vertex  8.877413e+01  1.367000e+02  1.811327e+01
   endloop
 endfacet
 facet normal  5.098678e-01 -0.000000e+00  8.602528e-01
   outer loop
     vertex  8.882635e+01  1.307000e+02  1.808035e+01
     vertex  8.887946e+01  1.367000e+02  1.804888e+01
     vertex  8.882635e+01  1.367000e+02  1.808035e+01
   endloop
 endfacet
 facet normal  5.332761e-01  0.000000e+00  8.459413e-01
   outer loop
     vertex  8.882635e+01  1.307000e+02  1.808035e+01
     vertex  8.877413e+01  1.367000e+02  1.811327e+01
     vertex  8.877413e+01  1.307000e+02  1.811327e+01
   endloop
 endfacet
 facet normal  5.098678e-01 -0.000000e+00  8.602528e-01
   outer loop
     vertex  8.887946e+01  1.307000e+02  1.804888e+01
     vertex  8.887946e+01  1.367000e+02  1.804888e+01
     vertex  8.882635e+01  1.307000e+02  1.808035e+01
   endloop
 endfacet
 facet normal  4.860756e-01 -0.000000e+00  8.739167e-01
   outer loop
     vertex  8.893341e+01  1.307000e+02  1.801887e+01
     vertex  8.893341e+01  1.367000e+02  1.801887e+01
     vertex  8.887946e+01  1.367000e+02  1.804888e+01
   endloop
 endfacet
 facet normal  4.860756e-01  0.000000e+00  8.739167e-01
   outer loop
     vertex  8.893341e+01  1.307000e+02  1.801887e+01
     vertex  8.887946e+01  1.367000e+02  1.804888e+01
     vertex  8.887946e+01  1.307000e+02  1.804888e+01
   endloop
 endfacet
 facet normal  4.619176e-01  0.000000e+00  8.869228e-01
   outer loop
     vertex  8.898816e+01  1.307000e+02  1.799035e+01
     vertex  8.893341e+01  1.367000e+02  1.801887e+01
     vertex  8.893341e+01  1.307000e+02  1.801887e+01
   endloop
 endfacet
 facet normal  4.619176e-01 -0.000000e+00  8.869228e-01
   outer loop
     vertex  8.898816e+01  1.307000e+02  1.799035e+01
     vertex  8.898816e+01  1.367000e+02  1.799035e+01
     vertex  8.893341e+01  1.367000e+02  1.801887e+01
   endloop
 endfacet
 facet normal  4.374119e-01 -0.000000e+00  8.992613e-01
   outer loop
     vertex  8.898816e+01  1.307000e+02  1.799035e+01
     vertex  8.904367e+01  1.367000e+02  1.796335e+01
     vertex  8.898816e+01  1.367000e+02  1.799035e+01
   endloop
 endfacet
 facet normal  4.374119e-01 -0.000000e+00  8.992613e-01
   outer loop
     vertex  8.904367e+01  1.307000e+02  1.796335e+01
     vertex  8.904367e+01  1.367000e+02  1.796335e+01
     vertex  8.898816e+01  1.307000e+02  1.799035e+01
   endloop
 endfacet
 facet normal  4.125769e-01  0.000000e+00  9.109228e-01
   outer loop
     vertex  8.909991e+01  1.307000e+02  1.793788e+01
     vertex  8.904367e+01  1.367000e+02  1.796335e+01
     vertex  8.904367e+01  1.307000e+02  1.796335e+01
   endloop
 endfacet
 facet normal  4.125769e-01 -0.000000e+00  9.109228e-01
   outer loop
     vertex  8.909991e+01  1.307000e+02  1.793788e+01
     vertex  8.909991e+01  1.367000e+02  1.793788e+01
     vertex  8.904367e+01  1.367000e+02  1.796335e+01
   endloop
 endfacet
 facet normal  3.874313e-01  0.000000e+00  9.218986e-01
   outer loop
     vertex  8.915682e+01  1.307000e+02  1.791396e+01
     vertex  8.909991e+01  1.367000e+02  1.793788e+01
     vertex  8.909991e+01  1.307000e+02  1.793788e+01
   endloop
 endfacet
 facet normal  3.874313e-01 -0.000000e+00  9.218986e-01
   outer loop
     vertex  8.915682e+01  1.307000e+02  1.791396e+01
     vertex  8.915682e+01  1.367000e+02  1.791396e+01
     vertex  8.909991e+01  1.367000e+02  1.793788e+01
   endloop
 endfacet
 facet normal  3.619940e-01  0.000000e+00  9.321804e-01
   outer loop
     vertex  8.921436e+01  1.307000e+02  1.789162e+01
     vertex  8.915682e+01  1.367000e+02  1.791396e+01
     vertex  8.915682e+01  1.307000e+02  1.791396e+01
   endloop
 endfacet
 facet normal  3.619940e-01 -0.000000e+00  9.321804e-01
   outer loop
     vertex  8.921436e+01  1.307000e+02  1.789162e+01
     vertex  8.921436e+01  1.367000e+02  1.789162e+01
     vertex  8.915682e+01  1.367000e+02  1.791396e+01
   endloop
 endfacet
 facet normal  3.362843e-01  0.000000e+00  9.417605e-01
   outer loop
     vertex  8.927250e+01  1.307000e+02  1.787086e+01
     vertex  8.921436e+01  1.367000e+02  1.789162e+01
     vertex  8.921436e+01  1.307000e+02  1.789162e+01
   endloop
 endfacet
 facet normal  3.362843e-01 -0.000000e+00  9.417605e-01
   outer loop
     vertex  8.927250e+01  1.307000e+02  1.787086e+01
     vertex  8.927250e+01  1.367000e+02  1.787086e+01
     vertex  8.921436e+01  1.367000e+02  1.789162e+01
   endloop
 endfacet
 facet normal  3.103214e-01  0.000000e+00  9.506317e-01
   outer loop
     vertex  8.933118e+01  1.307000e+02  1.785170e+01
     vertex  8.927250e+01  1.367000e+02  1.787086e+01
     vertex  8.927250e+01  1.307000e+02  1.787086e+01
   endloop
 endfacet
 facet normal  3.103214e-01 -0.000000e+00  9.506317e-01
   outer loop
     vertex  8.933118e+01  1.307000e+02  1.785170e+01
     vertex  8.933118e+01  1.367000e+02  1.785170e+01
     vertex  8.927250e+01  1.367000e+02  1.787086e+01
   endloop
 endfacet
 facet normal  2.841250e-01 -0.000000e+00  9.587873e-01
   outer loop
     vertex  8.933118e+01  1.307000e+02  1.785170e+01
     vertex  8.939037e+01  1.367000e+02  1.783416e+01
     vertex  8.933118e+01  1.367000e+02  1.785170e+01
   endloop
 endfacet
 facet normal  2.841250e-01 -0.000000e+00  9.587873e-01
   outer loop
     vertex  8.939037e+01  1.307000e+02  1.783416e+01
     vertex  8.939037e+01  1.367000e+02  1.783416e+01
     vertex  8.933118e+01  1.307000e+02  1.785170e+01
   endloop
 endfacet
 facet normal  2.577146e-01  0.000000e+00  9.662211e-01
   outer loop
     vertex  8.945002e+01  1.307000e+02  1.781825e+01
     vertex  8.939037e+01  1.367000e+02  1.783416e+01
     vertex  8.939037e+01  1.307000e+02  1.783416e+01
   endloop
 endfacet
 facet normal  2.577146e-01 -0.000000e+00  9.662211e-01
   outer loop
     vertex  8.945002e+01  1.307000e+02  1.781825e+01
     vertex  8.945002e+01  1.367000e+02  1.781825e+01
     vertex  8.939037e+01  1.367000e+02  1.783416e+01
   endloop
 endfacet
 facet normal  2.311102e-01  0.000000e+00  9.729276e-01
   outer loop
     vertex  8.951008e+01  1.307000e+02  1.780399e+01
     vertex  8.945002e+01  1.367000e+02  1.781825e+01
     vertex  8.945002e+01  1.307000e+02  1.781825e+01
   endloop
 endfacet
 facet normal  2.311102e-01 -0.000000e+00  9.729276e-01
   outer loop
     vertex  8.951008e+01  1.307000e+02  1.780399e+01
     vertex  8.951008e+01  1.367000e+02  1.780399e+01
     vertex  8.945002e+01  1.367000e+02  1.781825e+01
   endloop
 endfacet
 facet normal  2.043319e-01  0.000000e+00  9.789017e-01
   outer loop
     vertex  8.957051e+01  1.307000e+02  1.779137e+01
     vertex  8.951008e+01  1.367000e+02  1.780399e+01
     vertex  8.951008e+01  1.307000e+02  1.780399e+01
   endloop
 endfacet
 facet normal  2.043319e-01 -0.000000e+00  9.789017e-01
   outer loop
     vertex  8.957051e+01  1.307000e+02  1.779137e+01
     vertex  8.957051e+01  1.367000e+02  1.779137e+01
     vertex  8.951008e+01  1.367000e+02  1.780399e+01
   endloop
 endfacet
 facet normal  1.773998e-01  0.000000e+00  9.841389e-01
   outer loop
     vertex  8.963126e+01  1.307000e+02  1.778042e+01
     vertex  8.957051e+01  1.367000e+02  1.779137e+01
     vertex  8.957051e+01  1.307000e+02  1.779137e+01
   endloop
 endfacet
 facet normal  1.773998e-01 -0.000000e+00  9.841389e-01
   outer loop
     vertex  8.963126e+01  1.307000e+02  1.778042e+01
     vertex  8.963126e+01  1.367000e+02  1.778042e+01
     vertex  8.957051e+01  1.367000e+02  1.779137e+01
   endloop
 endfacet
 facet normal  1.503341e-01  0.000000e+00  9.886353e-01
   outer loop
     vertex  8.969230e+01  1.307000e+02  1.777114e+01
     vertex  8.963126e+01  1.367000e+02  1.778042e+01
     vertex  8.963126e+01  1.307000e+02  1.778042e+01
   endloop
 endfacet
 facet normal  1.503341e-01 -0.000000e+00  9.886353e-01
   outer loop
     vertex  8.969230e+01  1.307000e+02  1.777114e+01
     vertex  8.969230e+01  1.367000e+02  1.777114e+01
     vertex  8.963126e+01  1.367000e+02  1.778042e+01
   endloop
 endfacet
 facet normal  1.231552e-01 -0.000000e+00  9.923874e-01
   outer loop
     vertex  8.969230e+01  1.307000e+02  1.777114e+01
     vertex  8.975356e+01  1.367000e+02  1.776354e+01
     vertex  8.969230e+01  1.367000e+02  1.777114e+01
   endloop
 endfacet
 facet normal  1.231552e-01 -0.000000e+00  9.923874e-01
   outer loop
     vertex  8.975356e+01  1.307000e+02  1.776354e+01
     vertex  8.975356e+01  1.367000e+02  1.776354e+01
     vertex  8.969230e+01  1.307000e+02  1.777114e+01
   endloop
 endfacet
 facet normal  9.588368e-02 -0.000000e+00  9.953925e-01
   outer loop
     vertex  8.981501e+01  1.307000e+02  1.775762e+01
     vertex  8.981501e+01  1.367000e+02  1.775762e+01
     vertex  8.975356e+01  1.367000e+02  1.776354e+01
   endloop
 endfacet
 facet normal  6.853995e-02 -0.000000e+00  9.976484e-01
   outer loop
     vertex  8.981501e+01  1.307000e+02  1.775762e+01
     vertex  8.987659e+01  1.367000e+02  1.775339e+01
     vertex  8.981501e+01  1.367000e+02  1.775762e+01
   endloop
 endfacet
 facet normal  9.588368e-02  0.000000e+00  9.953925e-01
   outer loop
     vertex  8.981501e+01  1.307000e+02  1.775762e+01
     vertex  8.975356e+01  1.367000e+02  1.776354e+01
     vertex  8.975356e+01  1.307000e+02  1.776354e+01
   endloop
 endfacet
 facet normal  6.853995e-02 -0.000000e+00  9.976484e-01
   outer loop
     vertex  8.987659e+01  1.307000e+02  1.775339e+01
     vertex  8.987659e+01  1.367000e+02  1.775339e+01
     vertex  8.981501e+01  1.307000e+02  1.775762e+01
   endloop
 endfacet
 facet normal  4.114462e-02 -0.000000e+00  9.991532e-01
   outer loop
     vertex  8.993827e+01  1.307000e+02  1.775085e+01
     vertex  8.993827e+01  1.367000e+02  1.775085e+01
     vertex  8.987659e+01  1.367000e+02  1.775339e+01
   endloop
 endfacet
 facet normal  4.114462e-02  0.000000e+00  9.991532e-01
   outer loop
     vertex  8.993827e+01  1.307000e+02  1.775085e+01
     vertex  8.987659e+01  1.367000e+02  1.775339e+01
     vertex  8.987659e+01  1.307000e+02  1.775339e+01
   endloop
 endfacet
 facet normal  1.371831e-02 -0.000000e+00  9.999059e-01
   outer loop
     vertex  9.000000e+01  1.307000e+02  1.775000e+01
     vertex  9.000000e+01  1.367000e+02  1.775000e+01
     vertex  8.993827e+01  1.367000e+02  1.775085e+01
   endloop
 endfacet
 facet normal  1.371831e-02  0.000000e+00  9.999059e-01
   outer loop
     vertex  9.000000e+01  1.307000e+02  1.775000e+01
     vertex  8.993827e+01  1.367000e+02  1.775085e+01
     vertex  8.993827e+01  1.307000e+02  1.775085e+01
   endloop
 endfacet
 facet normal  1.000000e+00  0.000000e+00  0.000000e+00
   outer loop
     vertex  1.475000e+02  9.007092e+01  1.064470e+01
     vertex  1.475000e+02  9.005283e+01  1.067383e+01
     vertex  1.475000e+02  9.003395e+01  1.070246e+01
   endloop
 endfacet
 facet normal  1.000000e+00  0.000000e+00  0.000000e+00
   outer loop
     vertex  1.475000e+02  8.960759e+01  1.109240e+01
     vertex  1.475000e+02  8.966660e+01  1.105743e+01
     vertex  1.475000e+02  8.963733e+01  1.107532e+01
   endloop
 endfacet
 facet normal  1.000000e+00  0.000000e+00  0.000000e+00
   outer loop
     vertex  1.475000e+02  9.013509e+01  1.052352e+01
     vertex  1.475000e+02  9.010467e+01  1.058499e+01
     vertex  1.475000e+02  9.008820e+01  1.061507e+01
   endloop
 endfacet
 facet normal  1.000000e+00  0.000000e+00  0.000000e+00
   outer loop
     vertex  1.475000e+02  9.013509e+01  1.052352e+01
     vertex  1.475000e+02  9.012030e+01  1.055446e+01
     vertex  1.475000e+02  9.010467e+01  1.058499e+01
   endloop
 endfacet
 facet normal  1.000000e+00  0.000000e+00  0.000000e+00
   outer loop
     vertex  1.475000e+02  9.017429e+01  1.042842e+01
     vertex  1.475000e+02  9.016209e+01  1.046047e+01
     vertex  1.475000e+02  9.014902e+01  1.049218e+01
   endloop
 endfacet
 facet normal  1.000000e+00  0.000000e+00  0.000000e+00
   outer loop
     vertex  1.475000e+02  9.018560e+01  1.039604e+01
     vertex  1.475000e+02  9.014902e+01  1.049218e+01
     vertex  1.475000e+02  9.013509e+01  1.052352e+01
   endloop
 endfacet
 facet normal  1.000000e+00  0.000000e+00  0.000000e+00
   outer loop
     vertex  1.475000e+02  9.018560e+01  1.039604e+01
     vertex  1.475000e+02  9.017429e+01  1.042842e+01
     vertex  1.475000e+02  9.014902e+01  1.049218e+01
   endloop
 endfacet
 facet normal  1.000000e+00  0.000000e+00  0.000000e+00
   outer loop
     vertex  1.475000e+02  8.935516e+01  1.119848e+01
     vertex  1.475000e+02  8.942036e+01  1.117720e+01
     vertex  1.475000e+02  8.938790e+01  1.118829e+01
   endloop
 endfacet
 facet normal  1.000000e+00  0.000000e+00  0.000000e+00
   outer loop
     vertex  1.475000e+02  8.935516e+01  1.119848e+01
     vertex  1.475000e+02  8.945249e+01  1.116523e+01
     vertex  1.475000e+02  8.942036e+01  1.117720e+01
   endloop
 endfacet
 facet normal  1.000000e+00  0.000000e+00  0.000000e+00
   outer loop
     vertex  1.475000e+02  9.020554e+01  1.033042e+01
     vertex  1.475000e+02  9.019602e+01  1.036337e+01
     vertex  1.475000e+02  9.018560e+01  1.039604e+01
   endloop
 endfacet
 facet normal  1.000000e+00  0.000000e+00  0.000000e+00
   outer loop
     vertex  1.475000e+02  9.021415e+01  1.029722e+01
     vertex  1.475000e+02  9.020554e+01  1.033042e+01
     vertex  1.475000e+02  9.018560e+01  1.039604e+01
   endloop
 endfacet
 facet normal  1.000000e+00  0.000000e+00  0.000000e+00
   outer loop
     vertex  1.475000e+02  8.928889e+01  1.121616e+01
     vertex  1.475000e+02  8.935516e+01  1.119848e+01
     vertex  1.475000e+02  8.932214e+01  1.120778e+01
   endloop
 endfacet
 facet normal  1.000000e+00  0.000000e+00  0.000000e+00
   outer loop
     vertex  1.475000e+02  9.022862e+01  1.023018e+01
     vertex  1.475000e+02  9.022185e+01  1.026380e+01
     vertex  1.475000e+02  9.021415e+01  1.029722e+01
   endloop
 endfacet
 facet normal  1.000000e+00  0.000000e+00  0.000000e+00
   outer loop
     vertex  1.475000e+02  8.918792e+01  1.123579e+01
     vertex  1.475000e+02  8.925541e+01  1.122363e+01
     vertex  1.475000e+02  8.922175e+01  1.123017e+01
   endloop
 endfacet
 facet normal  1.000000e+00  0.000000e+00  0.000000e+00
   outer loop
     vertex  1.475000e+02  8.911985e+01  1.124424e+01
     vertex  1.475000e+02  8.918792e+01  1.123579e+01
     vertex  1.475000e+02  8.915394e+01  1.124048e+01
   endloop
 endfacet
 facet normal  1.000000e+00  0.000000e+00  0.000000e+00
   outer loop
     vertex  1.475000e+02  9.024644e+01  1.009423e+01
     vertex  1.475000e+02  9.024339e+01  1.012839e+01
     vertex  1.475000e+02  9.023940e+01  1.016245e+01
   endloop
 endfacet
 facet normal  1.000000e+00  0.000000e+00  0.000000e+00
   outer loop
     vertex  1.475000e+02  8.905143e+01  1.124894e+01
     vertex  1.475000e+02  8.911985e+01  1.124424e+01
     vertex  1.475000e+02  8.908567e+01  1.124706e+01
   endloop
 endfacet
 facet normal  1.000000e+00  0.000000e+00  0.000000e+00
   outer loop
     vertex  1.475000e+02  9.024997e+01  9.991426e+00
     vertex  1.475000e+02  9.024974e+01  1.002572e+01
     vertex  1.475000e+02  9.024856e+01  1.006000e+01
   endloop
 endfacet
 facet normal  1.000000e+00  0.000000e+00  0.000000e+00
   outer loop
     vertex  1.475000e+02  9.024503e+01  9.888683e+00
     vertex  1.475000e+02  9.024926e+01  9.957137e+00
     vertex  1.475000e+02  9.024997e+01  9.991426e+00
   endloop
 endfacet
 facet normal  1.000000e+00  0.000000e+00  0.000000e+00
   outer loop
     vertex  1.475000e+02  9.024503e+01  9.888683e+00
     vertex  1.475000e+02  9.024762e+01  9.922881e+00
     vertex  1.475000e+02  9.024926e+01  9.957137e+00
   endloop
 endfacet
 facet normal  1.000000e+00  0.000000e+00  0.000000e+00
   outer loop
     vertex  1.475000e+02  8.884606e+01  1.124048e+01
     vertex  1.475000e+02  8.891433e+01  1.124706e+01
     vertex  1.475000e+02  8.888015e+01  1.124424e+01
   endloop
 endfacet
 facet normal  1.000000e+00  0.000000e+00  0.000000e+00
   outer loop
     vertex  1.475000e+02  8.884606e+01  1.124048e+01
     vertex  1.475000e+02  8.894857e+01  1.124894e+01
     vertex  1.475000e+02  8.891433e+01  1.124706e+01
   endloop
 endfacet
 facet normal  1.000000e+00  0.000000e+00  0.000000e+00
   outer loop
     vertex  1.475000e+02  9.022535e+01  9.752984e+00
     vertex  1.475000e+02  9.024151e+01  9.854568e+00
     vertex  1.475000e+02  9.024503e+01  9.888683e+00
   endloop
 endfacet
 facet normal  1.000000e+00  0.000000e+00  0.000000e+00
   outer loop
     vertex  1.475000e+02  9.022535e+01  9.752984e+00
     vertex  1.475000e+02  9.023705e+01  9.820564e+00
     vertex  1.475000e+02  9.024151e+01  9.854568e+00
   endloop
 endfacet
 facet normal  1.000000e+00  0.000000e+00  0.000000e+00
   outer loop
     vertex  1.475000e+02  9.022535e+01  9.752984e+00
     vertex  1.475000e+02  9.023167e+01  9.786694e+00
     vertex  1.475000e+02  9.023705e+01  9.820564e+00
   endloop
 endfacet
 facet normal  1.000000e+00  0.000000e+00  0.000000e+00
   outer loop
     vertex  1.475000e+02  8.871111e+01  1.121616e+01
     vertex  1.475000e+02  8.945249e+01  1.116523e+01
     vertex  1.475000e+02  8.935516e+01  1.119848e+01
   endloop
 endfacet
 facet normal  1.000000e+00  0.000000e+00  0.000000e+00
   outer loop
     vertex  1.475000e+02  8.871111e+01  1.121616e+01
     vertex  1.475000e+02  8.877825e+01  1.123017e+01
     vertex  1.475000e+02  8.874459e+01  1.122363e+01
   endloop
 endfacet
 facet normal  1.000000e+00  0.000000e+00  0.000000e+00
   outer loop
     vertex  1.475000e+02  8.871111e+01  1.121616e+01
     vertex  1.475000e+02  8.881208e+01  1.123579e+01
     vertex  1.475000e+02  8.877825e+01  1.123017e+01
   endloop
 endfacet
 facet normal  1.000000e+00  0.000000e+00  0.000000e+00
   outer loop
     vertex  1.475000e+02  8.871111e+01  1.121616e+01
     vertex  1.475000e+02  8.884606e+01  1.124048e+01
     vertex  1.475000e+02  8.881208e+01  1.123579e+01
   endloop
 endfacet
 facet normal  1.000000e+00  0.000000e+00  0.000000e+00
   outer loop
     vertex  1.475000e+02  8.871111e+01  1.121616e+01
     vertex  1.475000e+02  8.925541e+01  1.122363e+01
     vertex  1.475000e+02  8.918792e+01  1.123579e+01
   endloop
 endfacet
 facet normal  1.000000e+00  0.000000e+00  0.000000e+00
   outer loop
     vertex  1.475000e+02  8.871111e+01  1.121616e+01
     vertex  1.475000e+02  8.898285e+01  1.124988e+01
     vertex  1.475000e+02  8.894857e+01  1.124894e+01
   endloop
 endfacet
 facet normal  1.000000e+00  0.000000e+00  0.000000e+00
   outer loop
     vertex  1.475000e+02  8.871111e+01  1.121616e+01
     vertex  1.475000e+02  8.901715e+01  1.124988e+01
     vertex  1.475000e+02  8.898285e+01  1.124988e+01
   endloop
 endfacet
 facet normal  1.000000e+00  0.000000e+00  0.000000e+00
   outer loop
     vertex  1.475000e+02  8.871111e+01  1.121616e+01
     vertex  1.475000e+02  8.905143e+01  1.124894e+01
     vertex  1.475000e+02  8.901715e+01  1.124988e+01
   endloop
 endfacet
 facet normal  1.000000e+00 -0.000000e+00  0.000000e+00
   outer loop
     vertex  1.475000e+02  8.871111e+01  1.121616e+01
     vertex  1.475000e+02  8.928889e+01  1.121616e+01
     vertex  1.475000e+02  8.925541e+01  1.122363e+01
   endloop
 endfacet
 facet normal  1.000000e+00  0.000000e+00  0.000000e+00
   outer loop
     vertex  1.475000e+02  8.871111e+01  1.121616e+01
     vertex  1.475000e+02  8.948429e+01  1.115237e+01
     vertex  1.475000e+02  8.945249e+01  1.116523e+01
   endloop
 endfacet
 facet normal  1.000000e+00  0.000000e+00  0.000000e+00
   outer loop
     vertex  1.475000e+02  8.871111e+01  1.121616e+01
     vertex  1.475000e+02  8.951572e+01  1.113865e+01
     vertex  1.475000e+02  8.948429e+01  1.115237e+01
   endloop
 endfacet
 facet normal  1.000000e+00  0.000000e+00  0.000000e+00
   outer loop
     vertex  1.475000e+02  8.871111e+01  1.121616e+01
     vertex  1.475000e+02  8.954676e+01  1.112408e+01
     vertex  1.475000e+02  8.951572e+01  1.113865e+01
   endloop
 endfacet
 facet normal  1.000000e+00  0.000000e+00  0.000000e+00
   outer loop
     vertex  1.475000e+02  8.871111e+01  1.121616e+01
     vertex  1.475000e+02  8.957740e+01  1.110865e+01
     vertex  1.475000e+02  8.954676e+01  1.112408e+01
   endloop
 endfacet
 facet normal  1.000000e+00  0.000000e+00  0.000000e+00
   outer loop
     vertex  1.475000e+02  8.871111e+01  1.121616e+01
     vertex  1.475000e+02  8.960759e+01  1.109240e+01
     vertex  1.475000e+02  8.957740e+01  1.110865e+01
   endloop
 endfacet
 facet normal  1.000000e+00  0.000000e+00  0.000000e+00
   outer loop
     vertex  1.475000e+02  8.871111e+01  1.121616e+01
     vertex  1.475000e+02  8.918792e+01  1.123579e+01
     vertex  1.475000e+02  8.911985e+01  1.124424e+01
   endloop
 endfacet
 facet normal  1.000000e+00  0.000000e+00  0.000000e+00
   outer loop
     vertex  1.475000e+02  8.871111e+01  1.121616e+01
     vertex  1.475000e+02  8.911985e+01  1.124424e+01
     vertex  1.475000e+02  8.905143e+01  1.124894e+01
   endloop
 endfacet
 facet normal  1.000000e+00  0.000000e+00  0.000000e+00
   outer loop
     vertex  1.475000e+02  8.871111e+01  1.121616e+01
     vertex  1.475000e+02  8.969535e+01  1.103874e+01
     vertex  1.475000e+02  8.966660e+01  1.105743e+01
   endloop
 endfacet
 facet normal  1.000000e+00  0.000000e+00  0.000000e+00
   outer loop
     vertex  1.475000e+02  8.871111e+01  1.121616e+01
     vertex  1.475000e+02  8.972359e+01  1.101927e+01
     vertex  1.475000e+02  8.969535e+01  1.103874e+01
   endloop
 endfacet
 facet normal  1.000000e+00  0.000000e+00  0.000000e+00
   outer loop
     vertex  1.475000e+02  8.871111e+01  1.121616e+01
     vertex  1.475000e+02  8.975128e+01  1.099904e+01
     vertex  1.475000e+02  8.972359e+01  1.101927e+01
   endloop
 endfacet
 facet normal  1.000000e+00  0.000000e+00  0.000000e+00
   outer loop
     vertex  1.475000e+02  8.871111e+01  1.121616e+01
     vertex  1.475000e+02  8.977840e+01  1.097805e+01
     vertex  1.475000e+02  8.975128e+01  1.099904e+01
   endloop
 endfacet
 facet normal  1.000000e+00  0.000000e+00  0.000000e+00
   outer loop
     vertex  1.475000e+02  8.871111e+01  1.121616e+01
     vertex  1.475000e+02  8.980494e+01  1.095633e+01
     vertex  1.475000e+02  8.977840e+01  1.097805e+01
   endloop
 endfacet
 facet normal  1.000000e+00  0.000000e+00  0.000000e+00
   outer loop
     vertex  1.475000e+02  8.871111e+01  1.121616e+01
     vertex  1.475000e+02  8.983088e+01  1.093389e+01
     vertex  1.475000e+02  8.980494e+01  1.095633e+01
   endloop
 endfacet
 facet normal  1.000000e+00  0.000000e+00  0.000000e+00
   outer loop
     vertex  1.475000e+02  8.871111e+01  1.121616e+01
     vertex  1.475000e+02  8.985618e+01  1.091074e+01
     vertex  1.475000e+02  8.983088e+01  1.093389e+01
   endloop
 endfacet
 facet normal  1.000000e+00  0.000000e+00  0.000000e+00
   outer loop
     vertex  1.475000e+02  8.871111e+01  1.121616e+01
     vertex  1.475000e+02  8.988085e+01  1.088691e+01
     vertex  1.475000e+02  8.985618e+01  1.091074e+01
   endloop
 endfacet
 facet normal  1.000000e+00  0.000000e+00  0.000000e+00
   outer loop
     vertex  1.475000e+02  8.871111e+01  1.121616e+01
     vertex  1.475000e+02  8.990485e+01  1.086241e+01
     vertex  1.475000e+02  8.988085e+01  1.088691e+01
   endloop
 endfacet
 facet normal  1.000000e+00  0.000000e+00  0.000000e+00
   outer loop
     vertex  1.475000e+02  8.871111e+01  1.121616e+01
     vertex  1.475000e+02  8.992817e+01  1.083726e+01
     vertex  1.475000e+02  8.990485e+01  1.086241e+01
   endloop
 endfacet
 facet normal  1.000000e+00  0.000000e+00  0.000000e+00
   outer loop
     vertex  1.475000e+02  8.871111e+01  1.121616e+01
     vertex  1.475000e+02  8.995079e+01  1.081148e+01
     vertex  1.475000e+02  8.992817e+01  1.083726e+01
   endloop
 endfacet
 facet normal  1.000000e+00  0.000000e+00  0.000000e+00
   outer loop
     vertex  1.475000e+02  8.871111e+01  1.121616e+01
     vertex  1.475000e+02  8.997269e+01  1.078509e+01
     vertex  1.475000e+02  8.995079e+01  1.081148e+01
   endloop
 endfacet
 facet normal  1.000000e+00  0.000000e+00  0.000000e+00
   outer loop
     vertex  1.475000e+02  8.871111e+01  1.121616e+01
     vertex  1.475000e+02  8.999386e+01  1.075811e+01
     vertex  1.475000e+02  8.997269e+01  1.078509e+01
   endloop
 endfacet
 facet normal  1.000000e+00  0.000000e+00  0.000000e+00
   outer loop
     vertex  1.475000e+02  8.871111e+01  1.121616e+01
     vertex  1.475000e+02  9.001429e+01  1.073056e+01
     vertex  1.475000e+02  8.999386e+01  1.075811e+01
   endloop
 endfacet
 facet normal  1.000000e+00  0.000000e+00  0.000000e+00
   outer loop
     vertex  1.475000e+02  8.871111e+01  1.121616e+01
     vertex  1.475000e+02  9.003395e+01  1.070246e+01
     vertex  1.475000e+02  9.001429e+01  1.073056e+01
   endloop
 endfacet
 facet normal  1.000000e+00  0.000000e+00  0.000000e+00
   outer loop
     vertex  1.475000e+02  8.871111e+01  1.121616e+01
     vertex  1.475000e+02  8.966660e+01  1.105743e+01
     vertex  1.475000e+02  8.960759e+01  1.109240e+01
   endloop
 endfacet
 facet normal  1.000000e+00  0.000000e+00  0.000000e+00
   outer loop
     vertex  1.475000e+02  8.871111e+01  1.121616e+01
     vertex  1.475000e+02  8.894857e+01  1.124894e+01
     vertex  1.475000e+02  8.884606e+01  1.124048e+01
   endloop
 endfacet
 facet normal  1.000000e+00  0.000000e+00  0.000000e+00
   outer loop
     vertex  1.475000e+02  8.871111e+01  1.121616e+01
     vertex  1.475000e+02  8.935516e+01  1.119848e+01
     vertex  1.475000e+02  8.928889e+01  1.121616e+01
   endloop
 endfacet
 facet normal  1.000000e+00  0.000000e+00  0.000000e+00
   outer loop
     vertex  1.475000e+02  8.861210e+01  1.118829e+01
     vertex  1.475000e+02  8.867786e+01  1.120778e+01
     vertex  1.475000e+02  8.864484e+01  1.119848e+01
   endloop
 endfacet
 facet normal  1.000000e+00  0.000000e+00  0.000000e+00
   outer loop
     vertex  1.475000e+02  8.861210e+01  1.118829e+01
     vertex  1.475000e+02  8.871111e+01  1.121616e+01
     vertex  1.475000e+02  8.867786e+01  1.120778e+01
   endloop
 endfacet
 facet normal  1.000000e+00  0.000000e+00  0.000000e+00
   outer loop
     vertex  1.475000e+02  9.018006e+01  9.587729e+00
     vertex  1.475000e+02  9.020996e+01  9.686149e+00
     vertex  1.475000e+02  9.021811e+01  9.719461e+00
   endloop
 endfacet
 facet normal  1.000000e+00  0.000000e+00  0.000000e+00
   outer loop
     vertex  1.475000e+02  9.018006e+01  9.587729e+00
     vertex  1.475000e+02  9.020089e+01  9.653073e+00
     vertex  1.475000e+02  9.020996e+01  9.686149e+00
   endloop
 endfacet
 facet normal  1.000000e+00  0.000000e+00  0.000000e+00
   outer loop
     vertex  1.475000e+02  9.018006e+01  9.587729e+00
     vertex  1.475000e+02  9.019092e+01  9.620258e+00
     vertex  1.475000e+02  9.020089e+01  9.653073e+00
   endloop
 endfacet
 facet normal  1.000000e+00  0.000000e+00  0.000000e+00
   outer loop
     vertex  1.475000e+02  8.857964e+01  1.117720e+01
     vertex  1.475000e+02  8.871111e+01  1.121616e+01
     vertex  1.475000e+02  8.861210e+01  1.118829e+01
   endloop
 endfacet
 facet normal  1.000000e+00  0.000000e+00  0.000000e+00
   outer loop
     vertex  1.475000e+02  9.016830e+01  9.555511e+00
     vertex  1.475000e+02  9.018006e+01  9.587729e+00
     vertex  1.475000e+02  9.021811e+01  9.719461e+00
   endloop
 endfacet
 facet normal  1.000000e+00  0.000000e+00  0.000000e+00
   outer loop
     vertex  1.475000e+02  9.015567e+01  9.523627e+00
     vertex  1.475000e+02  9.016830e+01  9.555511e+00
     vertex  1.475000e+02  9.021811e+01  9.719461e+00
   endloop
 endfacet
 facet normal  1.000000e+00  0.000000e+00  0.000000e+00
   outer loop
     vertex  1.475000e+02  8.851571e+01  1.115237e+01
     vertex  1.475000e+02  8.857964e+01  1.117720e+01
     vertex  1.475000e+02  8.854751e+01  1.116523e+01
   endloop
 endfacet
 facet normal  1.000000e+00  0.000000e+00  0.000000e+00
   outer loop
     vertex  1.475000e+02  8.848428e+01  1.113865e+01
     vertex  1.475000e+02  8.857964e+01  1.117720e+01
     vertex  1.475000e+02  8.851571e+01  1.115237e+01
   endloop
 endfacet
 facet normal  1.000000e+00  0.000000e+00  0.000000e+00
   outer loop
     vertex  1.475000e+02  9.012780e+01  9.460958e+00
     vertex  1.475000e+02  9.015567e+01  9.523627e+00
     vertex  1.475000e+02  9.021811e+01  9.719461e+00
   endloop
 endfacet
 facet normal  1.000000e+00  0.000000e+00  0.000000e+00
   outer loop
     vertex  1.475000e+02  9.012780e+01  9.460958e+00
     vertex  1.475000e+02  9.021811e+01  9.719461e+00
     vertex  1.475000e+02  9.022535e+01  9.752984e+00
   endloop
 endfacet
 facet normal  1.000000e+00  0.000000e+00  0.000000e+00
   outer loop
     vertex  1.475000e+02  9.012780e+01  9.460958e+00
     vertex  1.475000e+02  9.014216e+01  9.492101e+00
     vertex  1.475000e+02  9.015567e+01  9.523627e+00
   endloop
 endfacet
 facet normal  1.000000e+00  0.000000e+00  0.000000e+00
   outer loop
     vertex  1.475000e+02  9.011259e+01  9.430221e+00
     vertex  1.475000e+02  9.012780e+01  9.460958e+00
     vertex  1.475000e+02  9.022535e+01  9.752984e+00
   endloop
 endfacet
 facet normal  1.000000e+00  0.000000e+00  0.000000e+00
   outer loop
     vertex  1.475000e+02  9.009654e+01  9.399913e+00
     vertex  1.475000e+02  9.024997e+01  9.991426e+00
     vertex  1.475000e+02  9.024856e+01  1.006000e+01
   endloop
 endfacet
 facet normal  1.000000e+00  0.000000e+00  0.000000e+00
   outer loop
     vertex  1.475000e+02  9.009654e+01  9.399913e+00
     vertex  1.475000e+02  9.011259e+01  9.430221e+00
     vertex  1.475000e+02  9.022535e+01  9.752984e+00
   endloop
 endfacet
 facet normal  1.000000e+00  0.000000e+00  0.000000e+00
   outer loop
     vertex  1.475000e+02  9.009654e+01  9.399913e+00
     vertex  1.475000e+02  9.024503e+01  9.888683e+00
     vertex  1.475000e+02  9.024997e+01  9.991426e+00
   endloop
 endfacet
 facet normal  1.000000e+00  0.000000e+00  0.000000e+00
   outer loop
     vertex  1.475000e+02  9.009654e+01  9.399913e+00
     vertex  1.475000e+02  9.022535e+01  9.752984e+00
     vertex  1.475000e+02  9.024503e+01  9.888683e+00
   endloop
 endfacet
 facet normal  1.000000e+00  0.000000e+00  0.000000e+00
   outer loop
     vertex  1.475000e+02  9.009654e+01  9.399913e+00
     vertex  1.475000e+02  9.024856e+01  1.006000e+01
     vertex  1.475000e+02  9.024644e+01  1.009423e+01
   endloop
 endfacet
 facet normal  1.000000e+00  0.000000e+00  0.000000e+00
   outer loop
     vertex  1.475000e+02  8.839241e+01  1.109240e+01
     vertex  1.475000e+02  8.845324e+01  1.112408e+01
     vertex  1.475000e+02  8.842260e+01  1.110865e+01
   endloop
 endfacet
 facet normal  1.000000e+00  0.000000e+00  0.000000e+00
   outer loop
     vertex  1.475000e+02  8.836267e+01  1.107532e+01
     vertex  1.475000e+02  8.845324e+01  1.112408e+01
     vertex  1.475000e+02  8.839241e+01  1.109240e+01
   endloop
 endfacet
 facet normal  1.000000e+00  0.000000e+00  0.000000e+00
   outer loop
     vertex  1.475000e+02  8.836267e+01  1.107532e+01
     vertex  1.475000e+02  8.848428e+01  1.113865e+01
     vertex  1.475000e+02  8.845324e+01  1.112408e+01
   endloop
 endfacet
 facet normal  1.000000e+00  0.000000e+00  0.000000e+00
   outer loop
     vertex  1.475000e+02  9.006197e+01  9.340674e+00
     vertex  1.475000e+02  9.007966e+01  9.370056e+00
     vertex  1.475000e+02  9.009654e+01  9.399913e+00
   endloop
 endfacet
 facet normal  1.000000e+00  0.000000e+00  0.000000e+00
   outer loop
     vertex  1.475000e+02  8.830465e+01  1.103874e+01
     vertex  1.475000e+02  8.836267e+01  1.107532e+01
     vertex  1.475000e+02  8.833340e+01  1.105743e+01
   endloop
 endfacet
 facet normal  1.000000e+00  0.000000e+00  0.000000e+00
   outer loop
     vertex  1.475000e+02  8.824872e+01  1.099904e+01
     vertex  1.475000e+02  8.830465e+01  1.103874e+01
     vertex  1.475000e+02  8.827641e+01  1.101927e+01
   endloop
 endfacet
 facet normal  1.000000e+00  0.000000e+00  0.000000e+00
   outer loop
     vertex  1.475000e+02  8.822160e+01  1.097805e+01
     vertex  1.475000e+02  8.830465e+01  1.103874e+01
     vertex  1.475000e+02  8.824872e+01  1.099904e+01
   endloop
 endfacet
 facet normal  1.000000e+00  0.000000e+00  0.000000e+00
   outer loop
     vertex  1.475000e+02  8.996183e+01  9.201636e+00
     vertex  1.475000e+02  9.006197e+01  9.340674e+00
     vertex  1.475000e+02  9.009654e+01  9.399913e+00
   endloop
 endfacet
 facet normal  1.000000e+00  0.000000e+00  0.000000e+00
   outer loop
     vertex  1.475000e+02  8.996183e+01  9.201636e+00
     vertex  1.475000e+02  9.004349e+01  9.311788e+00
     vertex  1.475000e+02  9.006197e+01  9.340674e+00
   endloop
 endfacet
 facet normal  1.000000e+00  0.000000e+00  0.000000e+00
   outer loop
     vertex  1.475000e+02  8.996183e+01  9.201636e+00
     vertex  1.475000e+02  9.002421e+01  9.283420e+00
     vertex  1.475000e+02  9.004349e+01  9.311788e+00
   endloop
 endfacet
 facet normal  1.000000e+00  0.000000e+00  0.000000e+00
   outer loop
     vertex  1.475000e+02  8.996183e+01  9.201636e+00
     vertex  1.475000e+02  9.000417e+01  9.255591e+00
     vertex  1.475000e+02  9.002421e+01  9.283420e+00
   endloop
 endfacet
 facet normal  1.000000e+00  0.000000e+00  0.000000e+00
   outer loop
     vertex  1.475000e+02  8.996183e+01  9.201636e+00
     vertex  1.475000e+02  8.998337e+01  9.228323e+00
     vertex  1.475000e+02  9.000417e+01  9.255591e+00
   endloop
 endfacet
 facet normal  1.000000e+00  0.000000e+00  0.000000e+00
   outer loop
     vertex  1.475000e+02  8.991659e+01  9.150083e+00
     vertex  1.475000e+02  8.993956e+01  9.175549e+00
     vertex  1.475000e+02  8.996183e+01  9.201636e+00
   endloop
 endfacet
 facet normal  1.000000e+00  0.000000e+00  0.000000e+00
   outer loop
     vertex  1.475000e+02  8.814382e+01  1.091074e+01
     vertex  1.475000e+02  8.819506e+01  1.095633e+01
     vertex  1.475000e+02  8.816912e+01  1.093389e+01
   endloop
 endfacet
 facet normal  1.000000e+00  0.000000e+00  0.000000e+00
   outer loop
     vertex  1.475000e+02  8.811915e+01  1.088691e+01
     vertex  1.475000e+02  8.836267e+01  1.107532e+01
     vertex  1.475000e+02  8.830465e+01  1.103874e+01
   endloop
 endfacet
 facet normal  1.000000e+00  0.000000e+00  0.000000e+00
   outer loop
     vertex  1.475000e+02  8.811915e+01  1.088691e+01
     vertex  1.475000e+02  8.830465e+01  1.103874e+01
     vertex  1.475000e+02  8.822160e+01  1.097805e+01
   endloop
 endfacet
 facet normal  1.000000e+00  0.000000e+00  0.000000e+00
   outer loop
     vertex  1.475000e+02  8.811915e+01  1.088691e+01
     vertex  1.475000e+02  8.819506e+01  1.095633e+01
     vertex  1.475000e+02  8.814382e+01  1.091074e+01
   endloop
 endfacet
 facet normal  1.000000e+00  0.000000e+00  0.000000e+00
   outer loop
     vertex  1.475000e+02  8.811915e+01  1.088691e+01
     vertex  1.475000e+02  8.822160e+01  1.097805e+01
     vertex  1.475000e+02  8.819506e+01  1.095633e+01
   endloop
 endfacet
 facet normal  1.000000e+00  0.000000e+00  0.000000e+00
   outer loop
     vertex  1.475000e+02  8.981799e+01  9.054803e+00
     vertex  1.475000e+02  8.984361e+01  9.077599e+00
     vertex  1.475000e+02  8.986860e+01  9.101090e+00
   endloop
 endfacet
 facet normal  1.000000e+00  0.000000e+00  0.000000e+00
   outer loop
     vertex  1.475000e+02  8.981799e+01  9.054803e+00
     vertex  1.475000e+02  8.989293e+01  9.125257e+00
     vertex  1.475000e+02  8.991659e+01  9.150083e+00
   endloop
 endfacet
 facet normal  1.000000e+00  0.000000e+00  0.000000e+00
   outer loop
     vertex  1.475000e+02  8.981799e+01  9.054803e+00
     vertex  1.475000e+02  8.986860e+01  9.101090e+00
     vertex  1.475000e+02  8.989293e+01  9.125257e+00
   endloop
 endfacet
 facet normal  1.000000e+00  0.000000e+00  0.000000e+00
   outer loop
     vertex  1.475000e+02  8.804921e+01  1.081148e+01
     vertex  1.475000e+02  8.857964e+01  1.117720e+01
     vertex  1.475000e+02  8.848428e+01  1.113865e+01
   endloop
 endfacet
 facet normal  1.000000e+00  0.000000e+00  0.000000e+00
   outer loop
     vertex  1.475000e+02  8.804921e+01  1.081148e+01
     vertex  1.475000e+02  8.836267e+01  1.107532e+01
     vertex  1.475000e+02  8.811915e+01  1.088691e+01
   endloop
 endfacet
 facet normal  1.000000e+00  0.000000e+00  0.000000e+00
   outer loop
     vertex  1.475000e+02  8.804921e+01  1.081148e+01
     vertex  1.475000e+02  8.809515e+01  1.086241e+01
     vertex  1.475000e+02  8.807183e+01  1.083726e+01
   endloop
 endfacet
 facet normal  1.000000e+00  0.000000e+00  0.000000e+00
   outer loop
     vertex  1.475000e+02  8.804921e+01  1.081148e+01
     vertex  1.475000e+02  8.811915e+01  1.088691e+01
     vertex  1.475000e+02  8.809515e+01  1.086241e+01
   endloop
 endfacet
 facet normal  1.000000e+00  0.000000e+00  0.000000e+00
   outer loop
     vertex  1.475000e+02  8.804921e+01  1.081148e+01
     vertex  1.475000e+02  8.848428e+01  1.113865e+01
     vertex  1.475000e+02  8.836267e+01  1.107532e+01
   endloop
 endfacet
 facet normal  1.000000e+00  0.000000e+00  0.000000e+00
   outer loop
     vertex  1.475000e+02  8.979175e+01  9.032718e+00
     vertex  1.475000e+02  8.991659e+01  9.150083e+00
     vertex  1.475000e+02  8.996183e+01  9.201636e+00
   endloop
 endfacet
 facet normal  1.000000e+00  0.000000e+00  0.000000e+00
   outer loop
     vertex  1.475000e+02  8.979175e+01  9.032718e+00
     vertex  1.475000e+02  8.981799e+01  9.054803e+00
     vertex  1.475000e+02  8.991659e+01  9.150083e+00
   endloop
 endfacet
 facet normal  1.000000e+00  0.000000e+00  0.000000e+00
   outer loop
     vertex  1.475000e+02  8.800614e+01  1.075811e+01
     vertex  1.475000e+02  8.804921e+01  1.081148e+01
     vertex  1.475000e+02  8.802731e+01  1.078509e+01
   endloop
 endfacet
 facet normal  1.000000e+00  0.000000e+00  0.000000e+00
   outer loop
     vertex  1.475000e+02  8.973750e+01  8.990748e+00
     vertex  1.475000e+02  8.976491e+01  9.011361e+00
     vertex  1.475000e+02  8.979175e+01  9.032718e+00
   endloop
 endfacet
 facet normal  1.000000e+00  0.000000e+00  0.000000e+00
   outer loop
     vertex  1.475000e+02  8.973750e+01  8.990748e+00
     vertex  1.475000e+02  8.979175e+01  9.032718e+00
     vertex  1.475000e+02  8.996183e+01  9.201636e+00
   endloop
 endfacet
 facet normal  1.000000e+00  0.000000e+00  0.000000e+00
   outer loop
     vertex  1.475000e+02  8.796605e+01  1.070246e+01
     vertex  1.475000e+02  8.800614e+01  1.075811e+01
     vertex  1.475000e+02  8.798571e+01  1.073056e+01
   endloop
 endfacet
 facet normal  1.000000e+00  0.000000e+00  0.000000e+00
   outer loop
     vertex  1.475000e+02  8.796605e+01  1.070246e+01
     vertex  1.475000e+02  8.804921e+01  1.081148e+01
     vertex  1.475000e+02  8.800614e+01  1.075811e+01
   endloop
 endfacet
 facet normal  1.000000e+00  0.000000e+00  0.000000e+00
   outer loop
     vertex  1.475000e+02  8.794717e+01  1.067383e+01
     vertex  1.475000e+02  8.804921e+01  1.081148e+01
     vertex  1.475000e+02  8.796605e+01  1.070246e+01
   endloop
 endfacet
 facet normal  1.000000e+00  0.000000e+00  0.000000e+00
   outer loop
     vertex  1.475000e+02  8.965203e+01  8.933528e+00
     vertex  1.475000e+02  8.970954e+01  8.970896e+00
     vertex  1.475000e+02  8.973750e+01  8.990748e+00
   endloop
 endfacet
 facet normal  1.000000e+00  0.000000e+00  0.000000e+00
   outer loop
     vertex  1.475000e+02  8.965203e+01  8.933528e+00
     vertex  1.475000e+02  8.968104e+01  8.951817e+00
     vertex  1.475000e+02  8.970954e+01  8.970896e+00
   endloop
 endfacet
 facet normal  1.000000e+00  0.000000e+00  0.000000e+00
   outer loop
     vertex  1.475000e+02  8.791180e+01  1.061507e+01
     vertex  1.475000e+02  8.794717e+01  1.067383e+01
     vertex  1.475000e+02  8.792908e+01  1.064470e+01
   endloop
 endfacet
 facet normal  1.000000e+00  0.000000e+00  0.000000e+00
   outer loop
     vertex  1.475000e+02  8.789533e+01  1.058499e+01
     vertex  1.475000e+02  8.794717e+01  1.067383e+01
     vertex  1.475000e+02  8.791180e+01  1.061507e+01
   endloop
 endfacet
 facet normal  1.000000e+00  0.000000e+00  0.000000e+00
   outer loop
     vertex  1.475000e+02  8.956213e+01  8.883530e+00
     vertex  1.475000e+02  8.962252e+01  8.916042e+00
     vertex  1.475000e+02  8.965203e+01  8.933528e+00
   endloop
 endfacet
 facet normal  1.000000e+00  0.000000e+00  0.000000e+00
   outer loop
     vertex  1.475000e+02  8.956213e+01  8.883530e+00
     vertex  1.475000e+02  8.959255e+01  8.899372e+00
     vertex  1.475000e+02  8.962252e+01  8.916042e+00
   endloop
 endfacet
 facet normal  1.000000e+00  0.000000e+00  0.000000e+00
   outer loop
     vertex  1.475000e+02  8.956213e+01  8.883530e+00
     vertex  1.475000e+02  8.965203e+01  8.933528e+00
     vertex  1.475000e+02  8.973750e+01  8.990748e+00
   endloop
 endfacet
 facet normal  1.000000e+00  0.000000e+00  0.000000e+00
   outer loop
     vertex  1.475000e+02  8.953129e+01  8.868528e+00
     vertex  1.475000e+02  8.956213e+01  8.883530e+00
     vertex  1.475000e+02  8.973750e+01  8.990748e+00
   endloop
 endfacet
 facet normal  1.000000e+00  0.000000e+00  0.000000e+00
   outer loop
     vertex  1.475000e+02  8.786491e+01  1.052352e+01
     vertex  1.475000e+02  9.022862e+01  1.023018e+01
     vertex  1.475000e+02  9.021415e+01  1.029722e+01
   endloop
 endfacet
 facet normal  1.000000e+00  0.000000e+00  0.000000e+00
   outer loop
     vertex  1.475000e+02  8.786491e+01  1.052352e+01
     vertex  1.475000e+02  9.008820e+01  1.061507e+01
     vertex  1.475000e+02  9.007092e+01  1.064470e+01
   endloop
 endfacet
 facet normal  1.000000e+00  0.000000e+00  0.000000e+00
   outer loop
     vertex  1.475000e+02  8.786491e+01  1.052352e+01
     vertex  1.475000e+02  9.003395e+01  1.070246e+01
     vertex  1.475000e+02  8.871111e+01  1.121616e+01
   endloop
 endfacet
 facet normal  1.000000e+00  0.000000e+00  0.000000e+00
   outer loop
     vertex  1.475000e+02  8.786491e+01  1.052352e+01
     vertex  1.475000e+02  8.804921e+01  1.081148e+01
     vertex  1.475000e+02  8.794717e+01  1.067383e+01
   endloop
 endfacet
 facet normal  1.000000e+00  0.000000e+00  0.000000e+00
   outer loop
     vertex  1.475000e+02  8.786491e+01  1.052352e+01
     vertex  1.475000e+02  8.857964e+01  1.117720e+01
     vertex  1.475000e+02  8.804921e+01  1.081148e+01
   endloop
 endfacet
 facet normal  1.000000e+00  0.000000e+00  0.000000e+00
   outer loop
     vertex  1.475000e+02  8.786491e+01  1.052352e+01
     vertex  1.475000e+02  9.023448e+01  1.019639e+01
     vertex  1.475000e+02  9.022862e+01  1.023018e+01
   endloop
 endfacet
 facet normal  1.000000e+00  0.000000e+00  0.000000e+00
   outer loop
     vertex  1.475000e+02  8.786491e+01  1.052352e+01
     vertex  1.475000e+02  9.023940e+01  1.016245e+01
     vertex  1.475000e+02  9.023448e+01  1.019639e+01
   endloop
 endfacet
 facet normal  1.000000e+00  0.000000e+00  0.000000e+00
   outer loop
     vertex  1.475000e+02  8.786491e+01  1.052352e+01
     vertex  1.475000e+02  9.007092e+01  1.064470e+01
     vertex  1.475000e+02  9.003395e+01  1.070246e+01
   endloop
 endfacet
 facet normal  1.000000e+00  0.000000e+00  0.000000e+00
   outer loop
     vertex  1.475000e+02  8.786491e+01  1.052352e+01
     vertex  1.475000e+02  8.789533e+01  1.058499e+01
     vertex  1.475000e+02  8.787970e+01  1.055446e+01
   endloop
 endfacet
 facet normal  1.000000e+00 -0.000000e+00  0.000000e+00
   outer loop
     vertex  1.475000e+02  8.786491e+01  1.052352e+01
     vertex  1.475000e+02  9.013509e+01  1.052352e+01
     vertex  1.475000e+02  9.008820e+01  1.061507e+01
   endloop
 endfacet
 facet normal  1.000000e+00  0.000000e+00  0.000000e+00
   outer loop
     vertex  1.475000e+02  8.786491e+01  1.052352e+01
     vertex  1.475000e+02  8.871111e+01  1.121616e+01
     vertex  1.475000e+02  8.857964e+01  1.117720e+01
   endloop
 endfacet
 facet normal  1.000000e+00  0.000000e+00  0.000000e+00
   outer loop
     vertex  1.475000e+02  8.786491e+01  1.052352e+01
     vertex  1.475000e+02  9.018560e+01  1.039604e+01
     vertex  1.475000e+02  9.013509e+01  1.052352e+01
   endloop
 endfacet
 facet normal  1.000000e+00  0.000000e+00  0.000000e+00
   outer loop
     vertex  1.475000e+02  8.786491e+01  1.052352e+01
     vertex  1.475000e+02  8.794717e+01  1.067383e+01
     vertex  1.475000e+02  8.789533e+01  1.058499e+01
   endloop
 endfacet
 facet normal  1.000000e+00  0.000000e+00  0.000000e+00
   outer loop
     vertex  1.475000e+02  8.786491e+01  1.052352e+01
     vertex  1.475000e+02  9.021415e+01  1.029722e+01
     vertex  1.475000e+02  9.018560e+01  1.039604e+01
   endloop
 endfacet
 facet normal  1.000000e+00  0.000000e+00  0.000000e+00
   outer loop
     vertex  1.475000e+02  8.946843e+01  8.841092e+00
     vertex  1.475000e+02  8.950005e+01  8.854379e+00
     vertex  1.475000e+02  8.953129e+01  8.868528e+00
   endloop
 endfacet
 facet normal  1.000000e+00  0.000000e+00  0.000000e+00
   outer loop
     vertex  1.475000e+02  8.940417e+01  8.817144e+00
     vertex  1.475000e+02  8.943647e+01  8.828677e+00
     vertex  1.475000e+02  8.946843e+01  8.841092e+00
   endloop
 endfacet
 facet normal  1.000000e+00  0.000000e+00  0.000000e+00
   outer loop
     vertex  1.475000e+02  8.940417e+01  8.817144e+00
     vertex  1.475000e+02  8.946843e+01  8.841092e+00
     vertex  1.475000e+02  8.953129e+01  8.868528e+00
   endloop
 endfacet
 facet normal  1.000000e+00  0.000000e+00  0.000000e+00
   outer loop
     vertex  1.475000e+02  8.781440e+01  1.039604e+01
     vertex  1.475000e+02  8.783791e+01  1.046047e+01
     vertex  1.475000e+02  8.782571e+01  1.042842e+01
   endloop
 endfacet
 facet normal  1.000000e+00  0.000000e+00  0.000000e+00
   outer loop
     vertex  1.475000e+02  8.781440e+01  1.039604e+01
     vertex  1.475000e+02  8.785098e+01  1.049218e+01
     vertex  1.475000e+02  8.783791e+01  1.046047e+01
   endloop
 endfacet
 facet normal  1.000000e+00  0.000000e+00  0.000000e+00
   outer loop
     vertex  1.475000e+02  8.781440e+01  1.039604e+01
     vertex  1.475000e+02  8.786491e+01  1.052352e+01
     vertex  1.475000e+02  8.785098e+01  1.049218e+01
   endloop
 endfacet
 facet normal  1.000000e+00  0.000000e+00  0.000000e+00
   outer loop
     vertex  1.475000e+02  8.937156e+01  8.806501e+00
     vertex  1.475000e+02  8.940417e+01  8.817144e+00
     vertex  1.475000e+02  8.953129e+01  8.868528e+00
   endloop
 endfacet
 facet normal  1.000000e+00  0.000000e+00  0.000000e+00
   outer loop
     vertex  1.475000e+02  8.933868e+01  8.796757e+00
     vertex  1.475000e+02  8.937156e+01  8.806501e+00
     vertex  1.475000e+02  8.953129e+01  8.868528e+00
   endloop
 endfacet
 facet normal  1.000000e+00  0.000000e+00  0.000000e+00
   outer loop
     vertex  1.475000e+02  8.933868e+01  8.796757e+00
     vertex  1.475000e+02  8.953129e+01  8.868528e+00
     vertex  1.475000e+02  8.973750e+01  8.990748e+00
   endloop
 endfacet
 facet normal  1.000000e+00  0.000000e+00  0.000000e+00
   outer loop
     vertex  1.475000e+02  8.777815e+01  1.026380e+01
     vertex  1.475000e+02  8.779446e+01  1.033042e+01
     vertex  1.475000e+02  8.778585e+01  1.029722e+01
   endloop
 endfacet
 facet normal  1.000000e+00  0.000000e+00  0.000000e+00
   outer loop
     vertex  1.475000e+02  8.777815e+01  1.026380e+01
     vertex  1.475000e+02  8.780398e+01  1.036337e+01
     vertex  1.475000e+02  8.779446e+01  1.033042e+01
   endloop
 endfacet
 facet normal  1.000000e+00  0.000000e+00  0.000000e+00
   outer loop
     vertex  1.475000e+02  8.923860e+01  8.772984e+00
     vertex  1.475000e+02  8.930554e+01  8.787918e+00
     vertex  1.475000e+02  8.933868e+01  8.796757e+00
   endloop
 endfacet
 facet normal  1.000000e+00  0.000000e+00  0.000000e+00
   outer loop
     vertex  1.475000e+02  8.923860e+01  8.772984e+00
     vertex  1.475000e+02  8.927218e+01  8.779992e+00
     vertex  1.475000e+02  8.930554e+01  8.787918e+00
   endloop
 endfacet
 facet normal  1.000000e+00  0.000000e+00  0.000000e+00
   outer loop
     vertex  1.475000e+02  8.923860e+01  8.772984e+00
     vertex  1.475000e+02  8.933868e+01  8.796757e+00
     vertex  1.475000e+02  8.973750e+01  8.990748e+00
   endloop
 endfacet
 facet normal  1.000000e+00  0.000000e+00  0.000000e+00
   outer loop
     vertex  1.475000e+02  8.777138e+01  1.023018e+01
     vertex  1.475000e+02  8.780398e+01  1.036337e+01
     vertex  1.475000e+02  8.777815e+01  1.026380e+01
   endloop
 endfacet
 facet normal  1.000000e+00  0.000000e+00  0.000000e+00
   outer loop
     vertex  1.475000e+02  8.777138e+01  1.023018e+01
     vertex  1.475000e+02  8.781440e+01  1.039604e+01
     vertex  1.475000e+02  8.780398e+01  1.036337e+01
   endloop
 endfacet
 facet normal  1.000000e+00  0.000000e+00  0.000000e+00
   outer loop
     vertex  1.475000e+02  8.917095e+01  8.761744e+00
     vertex  1.475000e+02  8.920485e+01  8.766900e+00
     vertex  1.475000e+02  8.923860e+01  8.772984e+00
   endloop
 endfacet
 facet normal  1.000000e+00  0.000000e+00  0.000000e+00
   outer loop
     vertex  1.475000e+02  8.913691e+01  8.757521e+00
     vertex  1.475000e+02  8.917095e+01  8.761744e+00
     vertex  1.475000e+02  8.923860e+01  8.772984e+00
   endloop
 endfacet
 facet normal  1.000000e+00  0.000000e+00  0.000000e+00
   outer loop
     vertex  1.475000e+02  8.775356e+01  1.009423e+01
     vertex  1.475000e+02  8.776060e+01  1.016245e+01
     vertex  1.475000e+02  8.775661e+01  1.012839e+01
   endloop
 endfacet
 facet normal  1.000000e+00  0.000000e+00  0.000000e+00
   outer loop
     vertex  1.475000e+02  8.775356e+01  1.009423e+01
     vertex  1.475000e+02  8.776552e+01  1.019639e+01
     vertex  1.475000e+02  8.776060e+01  1.016245e+01
   endloop
 endfacet
 facet normal  1.000000e+00  0.000000e+00  0.000000e+00
   outer loop
     vertex  1.475000e+02  8.775356e+01  1.009423e+01
     vertex  1.475000e+02  8.777138e+01  1.023018e+01
     vertex  1.475000e+02  8.776552e+01  1.019639e+01
   endloop
 endfacet
 facet normal  1.000000e+00  0.000000e+00  0.000000e+00
   outer loop
     vertex  1.475000e+02  8.903429e+01  8.750470e+00
     vertex  1.475000e+02  8.906856e+01  8.751882e+00
     vertex  1.475000e+02  8.910277e+01  8.754232e+00
   endloop
 endfacet
 facet normal  1.000000e+00  0.000000e+00  0.000000e+00
   outer loop
     vertex  1.475000e+02  8.900000e+01  8.750000e+00
     vertex  1.475000e+02  8.903429e+01  8.750470e+00
     vertex  1.475000e+02  8.910277e+01  8.754232e+00
   endloop
 endfacet
 facet normal  1.000000e+00  0.000000e+00  0.000000e+00
   outer loop
     vertex  1.475000e+02  8.775003e+01  9.991426e+00
     vertex  1.475000e+02  8.777138e+01  1.023018e+01
     vertex  1.475000e+02  8.775356e+01  1.009423e+01
   endloop
 endfacet
 facet normal  1.000000e+00  0.000000e+00  0.000000e+00
   outer loop
     vertex  1.475000e+02  8.775003e+01  9.991426e+00
     vertex  1.475000e+02  8.775144e+01  1.006000e+01
     vertex  1.475000e+02  8.775026e+01  1.002572e+01
   endloop
 endfacet
 facet normal  1.000000e+00  0.000000e+00  0.000000e+00
   outer loop
     vertex  1.475000e+02  8.775003e+01  9.991426e+00
     vertex  1.475000e+02  8.775356e+01  1.009423e+01
     vertex  1.475000e+02  8.775144e+01  1.006000e+01
   endloop
 endfacet
 facet normal  1.000000e+00 -0.000000e+00  0.000000e+00
   outer loop
     vertex  1.475000e+02  8.896571e+01  8.750470e+00
     vertex  1.475000e+02  8.900000e+01  8.750000e+00
     vertex  1.475000e+02  8.910277e+01  8.754232e+00
   endloop
 endfacet
 facet normal  1.000000e+00  0.000000e+00  0.000000e+00
   outer loop
     vertex  1.475000e+02  8.893144e+01  8.751882e+00
     vertex  1.475000e+02  8.910277e+01  8.754232e+00
     vertex  1.475000e+02  8.913691e+01  8.757521e+00
   endloop
 endfacet
 facet normal  1.000000e+00 -0.000000e+00  0.000000e+00
   outer loop
     vertex  1.475000e+02  8.893144e+01  8.751882e+00
     vertex  1.475000e+02  8.896571e+01  8.750470e+00
     vertex  1.475000e+02  8.910277e+01  8.754232e+00
   endloop
 endfacet
 facet normal  1.000000e+00  0.000000e+00  0.000000e+00
   outer loop
     vertex  1.475000e+02  8.775238e+01  9.922881e+00
     vertex  1.475000e+02  8.775003e+01  9.991426e+00
     vertex  1.475000e+02  8.775074e+01  9.957137e+00
   endloop
 endfacet
 facet normal  1.000000e+00 -0.000000e+00  0.000000e+00
   outer loop
     vertex  1.475000e+02  8.889723e+01  8.754232e+00
     vertex  1.475000e+02  8.893144e+01  8.751882e+00
     vertex  1.475000e+02  8.913691e+01  8.757521e+00
   endloop
 endfacet
 facet normal  1.000000e+00  0.000000e+00  0.000000e+00
   outer loop
     vertex  1.475000e+02  8.775849e+01  9.854568e+00
     vertex  1.475000e+02  8.786491e+01  1.052352e+01
     vertex  1.475000e+02  8.781440e+01  1.039604e+01
   endloop
 endfacet
 facet normal  1.000000e+00  0.000000e+00  0.000000e+00
   outer loop
     vertex  1.475000e+02  8.775849e+01  9.854568e+00
     vertex  1.475000e+02  8.781440e+01  1.039604e+01
     vertex  1.475000e+02  8.777138e+01  1.023018e+01
   endloop
 endfacet
 facet normal  1.000000e+00  0.000000e+00  0.000000e+00
   outer loop
     vertex  1.475000e+02  8.775849e+01  9.854568e+00
     vertex  1.475000e+02  8.775003e+01  9.991426e+00
     vertex  1.475000e+02  8.775238e+01  9.922881e+00
   endloop
 endfacet
 facet normal  1.000000e+00  0.000000e+00  0.000000e+00
   outer loop
     vertex  1.475000e+02  8.775849e+01  9.854568e+00
     vertex  1.475000e+02  8.775238e+01  9.922881e+00
     vertex  1.475000e+02  8.775497e+01  9.888683e+00
   endloop
 endfacet
 facet normal  1.000000e+00  0.000000e+00 -0.000000e+00
   outer loop
     vertex  1.475000e+02  8.775849e+01  9.854568e+00
     vertex  1.475000e+02  8.777138e+01  1.023018e+01
     vertex  1.475000e+02  8.775003e+01  9.991426e+00
   endloop
 endfacet
 facet normal  1.000000e+00  0.000000e+00  0.000000e+00
   outer loop
     vertex  1.475000e+02  8.879515e+01  8.766900e+00
     vertex  1.475000e+02  8.886309e+01  8.757521e+00
     vertex  1.475000e+02  8.889723e+01  8.754232e+00
   endloop
 endfacet
 facet normal  1.000000e+00  0.000000e+00  0.000000e+00
   outer loop
     vertex  1.475000e+02  8.879515e+01  8.766900e+00
     vertex  1.475000e+02  8.882905e+01  8.761744e+00
     vertex  1.475000e+02  8.886309e+01  8.757521e+00
   endloop
 endfacet
 facet normal  1.000000e+00  0.000000e+00  0.000000e+00
   outer loop
     vertex  1.475000e+02  8.777465e+01  9.752984e+00
     vertex  1.475000e+02  9.023940e+01  1.016245e+01
     vertex  1.475000e+02  8.786491e+01  1.052352e+01
   endloop
 endfacet
 facet normal  1.000000e+00  0.000000e+00  0.000000e+00
   outer loop
     vertex  1.475000e+02  8.777465e+01  9.752984e+00
     vertex  1.475000e+02  9.024644e+01  1.009423e+01
     vertex  1.475000e+02  9.023940e+01  1.016245e+01
   endloop
 endfacet
 facet normal  1.000000e+00  0.000000e+00  0.000000e+00
   outer loop
     vertex  1.475000e+02  8.777465e+01  9.752984e+00
     vertex  1.475000e+02  8.776295e+01  9.820564e+00
     vertex  1.475000e+02  8.776833e+01  9.786694e+00
   endloop
 endfacet
 facet normal  1.000000e+00  0.000000e+00  0.000000e+00
   outer loop
     vertex  1.475000e+02  8.777465e+01  9.752984e+00
     vertex  1.475000e+02  8.775849e+01  9.854568e+00
     vertex  1.475000e+02  8.776295e+01  9.820564e+00
   endloop
 endfacet
 facet normal  1.000000e+00  0.000000e+00 -0.000000e+00
   outer loop
     vertex  1.475000e+02  8.777465e+01  9.752984e+00
     vertex  1.475000e+02  8.786491e+01  1.052352e+01
     vertex  1.475000e+02  8.775849e+01  9.854568e+00
   endloop
 endfacet
 facet normal  1.000000e+00  0.000000e+00  0.000000e+00
   outer loop
     vertex  1.475000e+02  8.872782e+01  8.779992e+00
     vertex  1.475000e+02  8.876140e+01  8.772984e+00
     vertex  1.475000e+02  8.879515e+01  8.766900e+00
   endloop
 endfacet
 facet normal  1.000000e+00  0.000000e+00  0.000000e+00
   outer loop
     vertex  1.475000e+02  8.872782e+01  8.779992e+00
     vertex  1.475000e+02  8.879515e+01  8.766900e+00
     vertex  1.475000e+02  8.889723e+01  8.754232e+00
   endloop
 endfacet
 facet normal  1.000000e+00  0.000000e+00  0.000000e+00
   outer loop
     vertex  1.475000e+02  8.872782e+01  8.779992e+00
     vertex  1.475000e+02  8.889723e+01  8.754232e+00
     vertex  1.475000e+02  8.913691e+01  8.757521e+00
   endloop
 endfacet
 facet normal  1.000000e+00  0.000000e+00  0.000000e+00
   outer loop
     vertex  1.475000e+02  8.779911e+01  9.653073e+00
     vertex  1.475000e+02  8.778189e+01  9.719461e+00
     vertex  1.475000e+02  8.779004e+01  9.686149e+00
   endloop
 endfacet
 facet normal  1.000000e+00  0.000000e+00  0.000000e+00
   outer loop
     vertex  1.475000e+02  8.862844e+01  8.806501e+00
     vertex  1.475000e+02  8.866132e+01  8.796757e+00
     vertex  1.475000e+02  8.869446e+01  8.787918e+00
   endloop
 endfacet
 facet normal  1.000000e+00  0.000000e+00  0.000000e+00
   outer loop
     vertex  1.475000e+02  8.780908e+01  9.620258e+00
     vertex  1.475000e+02  8.778189e+01  9.719461e+00
     vertex  1.475000e+02  8.779911e+01  9.653073e+00
   endloop
 endfacet
 facet normal  1.000000e+00  0.000000e+00  0.000000e+00
   outer loop
     vertex  1.475000e+02  8.859583e+01  8.817144e+00
     vertex  1.475000e+02  8.862844e+01  8.806501e+00
     vertex  1.475000e+02  8.869446e+01  8.787918e+00
   endloop
 endfacet
 facet normal  1.000000e+00  0.000000e+00  0.000000e+00
   outer loop
     vertex  1.475000e+02  8.859583e+01  8.817144e+00
     vertex  1.475000e+02  8.869446e+01  8.787918e+00
     vertex  1.475000e+02  8.872782e+01  8.779992e+00
   endloop
 endfacet
 facet normal  1.000000e+00  0.000000e+00  0.000000e+00
   outer loop
     vertex  1.475000e+02  8.781994e+01  9.587729e+00
     vertex  1.475000e+02  8.778189e+01  9.719461e+00
     vertex  1.475000e+02  8.780908e+01  9.620258e+00
   endloop
 endfacet
 facet normal  1.000000e+00  0.000000e+00  0.000000e+00
   outer loop
     vertex  1.475000e+02  8.783170e+01  9.555511e+00
     vertex  1.475000e+02  8.778189e+01  9.719461e+00
     vertex  1.475000e+02  8.781994e+01  9.587729e+00
   endloop
 endfacet
 facet normal  1.000000e+00  0.000000e+00  0.000000e+00
   outer loop
     vertex  1.475000e+02  8.853157e+01  8.841092e+00
     vertex  1.475000e+02  8.859583e+01  8.817144e+00
     vertex  1.475000e+02  8.872782e+01  8.779992e+00
   endloop
 endfacet
 facet normal  1.000000e+00  0.000000e+00  0.000000e+00
   outer loop
     vertex  1.475000e+02  8.853157e+01  8.841092e+00
     vertex  1.475000e+02  8.856353e+01  8.828677e+00
     vertex  1.475000e+02  8.859583e+01  8.817144e+00
   endloop
 endfacet
 facet normal  1.000000e+00  0.000000e+00  0.000000e+00
   outer loop
     vertex  1.475000e+02  8.784433e+01  9.523627e+00
     vertex  1.475000e+02  8.777465e+01  9.752984e+00
     vertex  1.475000e+02  8.778189e+01  9.719461e+00
   endloop
 endfacet
 facet normal  1.000000e+00  0.000000e+00  0.000000e+00
   outer loop
     vertex  1.475000e+02  8.784433e+01  9.523627e+00
     vertex  1.475000e+02  8.778189e+01  9.719461e+00
     vertex  1.475000e+02  8.783170e+01  9.555511e+00
   endloop
 endfacet
 facet normal  1.000000e+00  0.000000e+00  0.000000e+00
   outer loop
     vertex  1.475000e+02  8.849995e+01  8.854379e+00
     vertex  1.475000e+02  8.853157e+01  8.841092e+00
     vertex  1.475000e+02  8.872782e+01  8.779992e+00
   endloop
 endfacet
 facet normal  1.000000e+00  0.000000e+00  0.000000e+00
   outer loop
     vertex  1.475000e+02  8.785784e+01  9.492101e+00
     vertex  1.475000e+02  8.777465e+01  9.752984e+00
     vertex  1.475000e+02  8.784433e+01  9.523627e+00
   endloop
 endfacet
 facet normal  1.000000e+00  0.000000e+00  0.000000e+00
   outer loop
     vertex  1.475000e+02  8.843787e+01  8.883530e+00
     vertex  1.475000e+02  8.846871e+01  8.868528e+00
     vertex  1.475000e+02  8.849995e+01  8.854379e+00
   endloop
 endfacet
 facet normal  1.000000e+00  0.000000e+00  0.000000e+00
   outer loop
     vertex  1.475000e+02  8.840745e+01  8.899372e+00
     vertex  1.475000e+02  8.843787e+01  8.883530e+00
     vertex  1.475000e+02  8.849995e+01  8.854379e+00
   endloop
 endfacet
 facet normal  1.000000e+00  0.000000e+00  0.000000e+00
   outer loop
     vertex  1.475000e+02  8.790346e+01  9.399913e+00
     vertex  1.475000e+02  8.787220e+01  9.460958e+00
     vertex  1.475000e+02  8.788741e+01  9.430221e+00
   endloop
 endfacet
 facet normal  1.000000e+00  0.000000e+00  0.000000e+00
   outer loop
     vertex  1.475000e+02  8.790346e+01  9.399913e+00
     vertex  1.475000e+02  8.785784e+01  9.492101e+00
     vertex  1.475000e+02  8.787220e+01  9.460958e+00
   endloop
 endfacet
 facet normal  1.000000e+00  0.000000e+00  0.000000e+00
   outer loop
     vertex  1.475000e+02  8.834797e+01  8.933528e+00
     vertex  1.475000e+02  8.837748e+01  8.916042e+00
     vertex  1.475000e+02  8.840745e+01  8.899372e+00
   endloop
 endfacet
 facet normal  1.000000e+00  0.000000e+00  0.000000e+00
   outer loop
     vertex  1.475000e+02  8.834797e+01  8.933528e+00
     vertex  1.475000e+02  8.840745e+01  8.899372e+00
     vertex  1.475000e+02  8.849995e+01  8.854379e+00
   endloop
 endfacet
 facet normal  1.000000e+00  0.000000e+00  0.000000e+00
   outer loop
     vertex  1.475000e+02  8.793803e+01  9.340674e+00
     vertex  1.475000e+02  8.790346e+01  9.399913e+00
     vertex  1.475000e+02  8.792034e+01  9.370056e+00
   endloop
 endfacet
 facet normal  1.000000e+00  0.000000e+00  0.000000e+00
   outer loop
     vertex  1.475000e+02  8.793803e+01  9.340674e+00
     vertex  1.475000e+02  8.785784e+01  9.492101e+00
     vertex  1.475000e+02  8.790346e+01  9.399913e+00
   endloop
 endfacet
 facet normal  1.000000e+00  0.000000e+00  0.000000e+00
   outer loop
     vertex  1.475000e+02  8.826250e+01  8.990748e+00
     vertex  1.475000e+02  8.831896e+01  8.951817e+00
     vertex  1.475000e+02  8.834797e+01  8.933528e+00
   endloop
 endfacet
 facet normal  1.000000e+00  0.000000e+00  0.000000e+00
   outer loop
     vertex  1.475000e+02  8.826250e+01  8.990748e+00
     vertex  1.475000e+02  8.829046e+01  8.970896e+00
     vertex  1.475000e+02  8.831896e+01  8.951817e+00
   endloop
 endfacet
 facet normal  1.000000e+00  0.000000e+00  0.000000e+00
   outer loop
     vertex  1.475000e+02  8.799583e+01  9.255591e+00
     vertex  1.475000e+02  8.795651e+01  9.311788e+00
     vertex  1.475000e+02  8.797579e+01  9.283420e+00
   endloop
 endfacet
 facet normal  1.000000e+00  0.000000e+00  0.000000e+00
   outer loop
     vertex  1.475000e+02  8.823509e+01  9.011361e+00
     vertex  1.475000e+02  8.849995e+01  8.854379e+00
     vertex  1.475000e+02  8.872782e+01  8.779992e+00
   endloop
 endfacet
 facet normal  1.000000e+00  0.000000e+00  0.000000e+00
   outer loop
     vertex  1.475000e+02  8.823509e+01  9.011361e+00
     vertex  1.475000e+02  8.834797e+01  8.933528e+00
     vertex  1.475000e+02  8.849995e+01  8.854379e+00
   endloop
 endfacet
 facet normal  1.000000e+00  0.000000e+00  0.000000e+00
   outer loop
     vertex  1.475000e+02  8.823509e+01  9.011361e+00
     vertex  1.475000e+02  8.826250e+01  8.990748e+00
     vertex  1.475000e+02  8.834797e+01  8.933528e+00
   endloop
 endfacet
 facet normal  1.000000e+00  0.000000e+00  0.000000e+00
   outer loop
     vertex  1.475000e+02  8.801663e+01  9.228323e+00
     vertex  1.475000e+02  8.793803e+01  9.340674e+00
     vertex  1.475000e+02  8.795651e+01  9.311788e+00
   endloop
 endfacet
 facet normal  1.000000e+00  0.000000e+00  0.000000e+00
   outer loop
     vertex  1.475000e+02  8.801663e+01  9.228323e+00
     vertex  1.475000e+02  8.795651e+01  9.311788e+00
     vertex  1.475000e+02  8.799583e+01  9.255591e+00
   endloop
 endfacet
 facet normal  1.000000e+00  0.000000e+00  0.000000e+00
   outer loop
     vertex  1.475000e+02  8.820825e+01  9.032718e+00
     vertex  1.475000e+02  8.823509e+01  9.011361e+00
     vertex  1.475000e+02  8.872782e+01  8.779992e+00
   endloop
 endfacet
 facet normal  1.000000e+00  0.000000e+00  0.000000e+00
   outer loop
     vertex  1.475000e+02  8.806044e+01  9.175549e+00
     vertex  1.475000e+02  8.801663e+01  9.228323e+00
     vertex  1.475000e+02  8.803817e+01  9.201636e+00
   endloop
 endfacet
 facet normal  1.000000e+00  0.000000e+00  0.000000e+00
   outer loop
     vertex  1.475000e+02  8.806044e+01  9.175549e+00
     vertex  1.475000e+02  8.793803e+01  9.340674e+00
     vertex  1.475000e+02  8.801663e+01  9.228323e+00
   endloop
 endfacet
 facet normal  1.000000e+00  0.000000e+00  0.000000e+00
   outer loop
     vertex  1.475000e+02  8.815639e+01  9.077599e+00
     vertex  1.475000e+02  8.818201e+01  9.054803e+00
     vertex  1.475000e+02  8.820825e+01  9.032718e+00
   endloop
 endfacet
 facet normal  1.000000e+00  0.000000e+00  0.000000e+00
   outer loop
     vertex  1.475000e+02  8.810707e+01  9.125257e+00
     vertex  1.475000e+02  8.872782e+01  8.779992e+00
     vertex  1.475000e+02  8.913691e+01  8.757521e+00
   endloop
 endfacet
 facet normal  1.000000e+00  0.000000e+00  0.000000e+00
   outer loop
     vertex  1.475000e+02  8.810707e+01  9.125257e+00
     vertex  1.475000e+02  9.009654e+01  9.399913e+00
     vertex  1.475000e+02  9.024644e+01  1.009423e+01
   endloop
 endfacet
 facet normal  1.000000e+00  0.000000e+00  0.000000e+00
   outer loop
     vertex  1.475000e+02  8.810707e+01  9.125257e+00
     vertex  1.475000e+02  8.777465e+01  9.752984e+00
     vertex  1.475000e+02  8.785784e+01  9.492101e+00
   endloop
 endfacet
 facet normal  1.000000e+00  0.000000e+00  0.000000e+00
   outer loop
     vertex  1.475000e+02  8.810707e+01  9.125257e+00
     vertex  1.475000e+02  8.813140e+01  9.101090e+00
     vertex  1.475000e+02  8.815639e+01  9.077599e+00
   endloop
 endfacet
 facet normal  1.000000e+00  0.000000e+00  0.000000e+00
   outer loop
     vertex  1.475000e+02  8.810707e+01  9.125257e+00
     vertex  1.475000e+02  8.996183e+01  9.201636e+00
     vertex  1.475000e+02  9.009654e+01  9.399913e+00
   endloop
 endfacet
 facet normal  1.000000e+00  0.000000e+00  0.000000e+00
   outer loop
     vertex  1.475000e+02  8.810707e+01  9.125257e+00
     vertex  1.475000e+02  8.806044e+01  9.175549e+00
     vertex  1.475000e+02  8.808341e+01  9.150083e+00
   endloop
 endfacet
 facet normal  1.000000e+00  0.000000e+00  0.000000e+00
   outer loop
     vertex  1.475000e+02  8.810707e+01  9.125257e+00
     vertex  1.475000e+02  8.785784e+01  9.492101e+00
     vertex  1.475000e+02  8.793803e+01  9.340674e+00
   endloop
 endfacet
 facet normal  1.000000e+00  0.000000e+00  0.000000e+00
   outer loop
     vertex  1.475000e+02  8.810707e+01  9.125257e+00
     vertex  1.475000e+02  8.923860e+01  8.772984e+00
     vertex  1.475000e+02  8.973750e+01  8.990748e+00
   endloop
 endfacet
 facet normal  1.000000e+00  0.000000e+00  0.000000e+00
   outer loop
     vertex  1.475000e+02  8.810707e+01  9.125257e+00
     vertex  1.475000e+02  8.913691e+01  8.757521e+00
     vertex  1.475000e+02  8.923860e+01  8.772984e+00
   endloop
 endfacet
 facet normal  1.000000e+00 -0.000000e+00  0.000000e+00
   outer loop
     vertex  1.475000e+02  8.810707e+01  9.125257e+00
     vertex  1.475000e+02  8.973750e+01  8.990748e+00
     vertex  1.475000e+02  8.996183e+01  9.201636e+00
   endloop
 endfacet
 facet normal  1.000000e+00  0.000000e+00  0.000000e+00
   outer loop
     vertex  1.475000e+02  8.810707e+01  9.125257e+00
     vertex  1.475000e+02  8.820825e+01  9.032718e+00
     vertex  1.475000e+02  8.872782e+01  8.779992e+00
   endloop
 endfacet
 facet normal  1.000000e+00  0.000000e+00 -0.000000e+00
   outer loop
     vertex  1.475000e+02  8.810707e+01  9.125257e+00
     vertex  1.475000e+02  9.024644e+01  1.009423e+01
     vertex  1.475000e+02  8.777465e+01  9.752984e+00
   endloop
 endfacet
 facet normal  1.000000e+00  0.000000e+00  0.000000e+00
   outer loop
     vertex  1.475000e+02  8.810707e+01  9.125257e+00
     vertex  1.475000e+02  8.815639e+01  9.077599e+00
     vertex  1.475000e+02  8.820825e+01  9.032718e+00
   endloop
 endfacet
 facet normal  1.000000e+00  0.000000e+00  0.000000e+00
   outer loop
     vertex  1.475000e+02  8.810707e+01  9.125257e+00
     vertex  1.475000e+02  8.793803e+01  9.340674e+00
     vertex  1.475000e+02  8.806044e+01  9.175549e+00
   endloop
 endfacet
 facet normal  0.000000e+00  1.000000e+00  0.000000e+00
   outer loop
     vertex  8.864770e+01  1.307000e+02  2.179827e+01
     vertex  8.855110e+01  1.307000e+02  2.172139e+01
     vertex  8.859887e+01  1.307000e+02  2.176049e+01
   endloop
 endfacet
 facet normal  0.000000e+00  1.000000e+00  0.000000e+00
   outer loop
     vertex  8.864770e+01  1.307000e+02  2.179827e+01
     vertex  8.850442e+01  1.307000e+02  2.168100e+01
     vertex  8.855110e+01  1.307000e+02  2.172139e+01
   endloop
 endfacet
 facet normal  0.000000e+00  1.000000e+00  0.000000e+00
   outer loop
     vertex  8.864770e+01  1.307000e+02  2.179827e+01
     vertex  8.845887e+01  1.307000e+02  2.163933e+01
     vertex  8.850442e+01  1.307000e+02  2.168100e+01
   endloop
 endfacet
 facet normal  0.000000e+00  1.000000e+00  0.000000e+00
   outer loop
     vertex  8.864770e+01  1.307000e+02  2.179827e+01
     vertex  8.841448e+01  1.307000e+02  2.159644e+01
     vertex  8.845887e+01  1.307000e+02  2.163933e+01
   endloop
 endfacet
 facet normal  0.000000e+00  1.000000e+00  0.000000e+00
   outer loop
     vertex  8.864770e+01  1.307000e+02  2.179827e+01
     vertex  8.837128e+01  1.307000e+02  2.155234e+01
     vertex  8.841448e+01  1.307000e+02  2.159644e+01
   endloop
 endfacet
 facet normal  0.000000e+00  1.000000e+00  0.000000e+00
   outer loop
     vertex  8.864770e+01  1.307000e+02  2.179827e+01
     vertex  8.832930e+01  1.307000e+02  2.150707e+01
     vertex  8.837128e+01  1.307000e+02  2.155234e+01
   endloop
 endfacet
 facet normal  0.000000e+00  1.000000e+00  0.000000e+00
   outer loop
     vertex  8.817428e+01  1.307000e+02  2.131501e+01
     vertex  8.821105e+01  1.307000e+02  2.136461e+01
     vertex  8.824916e+01  1.307000e+02  2.141317e+01
   endloop
 endfacet
 facet normal  0.000000e+00  1.000000e+00  0.000000e+00
   outer loop
     vertex  8.810491e+01  1.307000e+02  2.121290e+01
     vertex  8.813890e+01  1.307000e+02  2.126443e+01
     vertex  8.817428e+01  1.307000e+02  2.131501e+01
   endloop
 endfacet
 facet normal  0.000000e+00  1.000000e+00  0.000000e+00
   outer loop
     vertex  8.807235e+01  1.307000e+02  2.116045e+01
     vertex  8.828859e+01  1.307000e+02  2.146067e+01
     vertex  8.832930e+01  1.307000e+02  2.150707e+01
   endloop
 endfacet
 facet normal  0.000000e+00  1.000000e+00  0.000000e+00
   outer loop
     vertex  8.807235e+01  1.307000e+02  2.116045e+01
     vertex  8.824916e+01  1.307000e+02  2.141317e+01
     vertex  8.828859e+01  1.307000e+02  2.146067e+01
   endloop
 endfacet
 facet normal  0.000000e+00  1.000000e+00  0.000000e+00
   outer loop
     vertex  8.807235e+01  1.307000e+02  2.116045e+01
     vertex  8.817428e+01  1.307000e+02  2.131501e+01
     vertex  8.824916e+01  1.307000e+02  2.141317e+01
   endloop
 endfacet
 facet normal  0.000000e+00  1.000000e+00  0.000000e+00
   outer loop
     vertex  8.807235e+01  1.307000e+02  2.116045e+01
     vertex  8.810491e+01  1.307000e+02  2.121290e+01
     vertex  8.817428e+01  1.307000e+02  2.131501e+01
   endloop
 endfacet
 facet normal  0.000000e+00  1.000000e+00  0.000000e+00
   outer loop
     vertex  8.890633e+01  1.307000e+02  2.196631e+01
     vertex  8.880013e+01  1.307000e+02  2.190337e+01
     vertex  8.885280e+01  1.307000e+02  2.193557e+01
   endloop
 endfacet
 facet normal  0.000000e+00  1.000000e+00  0.000000e+00
   outer loop
     vertex  8.907170e+01  1.307000e+02  2.204958e+01
     vertex  8.896069e+01  1.307000e+02  2.199558e+01
     vertex  8.901582e+01  1.307000e+02  2.202334e+01
   endloop
 endfacet
 facet normal  0.000000e+00  1.000000e+00  0.000000e+00
   outer loop
     vertex  8.907170e+01  1.307000e+02  2.204958e+01
     vertex  8.890633e+01  1.307000e+02  2.196631e+01
     vertex  8.896069e+01  1.307000e+02  2.199558e+01
   endloop
 endfacet
 facet normal  0.000000e+00  1.000000e+00  0.000000e+00
   outer loop
     vertex  8.907170e+01  1.307000e+02  2.204958e+01
     vertex  8.874836e+01  1.307000e+02  2.186973e+01
     vertex  8.880013e+01  1.307000e+02  2.190337e+01
   endloop
 endfacet
 facet normal  0.000000e+00  1.000000e+00  0.000000e+00
   outer loop
     vertex  8.907170e+01  1.307000e+02  2.204958e+01
     vertex  8.869754e+01  1.307000e+02  2.183469e+01
     vertex  8.874836e+01  1.307000e+02  2.186973e+01
   endloop
 endfacet
 facet normal  0.000000e+00  1.000000e+00  0.000000e+00
   outer loop
     vertex  8.907170e+01  1.307000e+02  2.204958e+01
     vertex  8.864770e+01  1.307000e+02  2.179827e+01
     vertex  8.869754e+01  1.307000e+02  2.183469e+01
   endloop
 endfacet
 facet normal  0.000000e+00  1.000000e+00  0.000000e+00
   outer loop
     vertex  8.907170e+01  1.307000e+02  2.204958e+01
     vertex  8.880013e+01  1.307000e+02  2.190337e+01
     vertex  8.890633e+01  1.307000e+02  2.196631e+01
   endloop
 endfacet
 facet normal  0.000000e+00  1.000000e+00  0.000000e+00
   outer loop
     vertex  8.790823e+01  1.307000e+02  2.082885e+01
     vertex  8.798346e+01  1.307000e+02  2.099803e+01
     vertex  8.801160e+01  1.307000e+02  2.105298e+01
   endloop
 endfacet
 facet normal  0.000000e+00  1.000000e+00  0.000000e+00
   outer loop
     vertex  8.790823e+01  1.307000e+02  2.082885e+01
     vertex  8.795684e+01  1.307000e+02  2.094233e+01
     vertex  8.798346e+01  1.307000e+02  2.099803e+01
   endloop
 endfacet
 facet normal  0.000000e+00  1.000000e+00  0.000000e+00
   outer loop
     vertex  8.790823e+01  1.307000e+02  2.082885e+01
     vertex  8.793176e+01  1.307000e+02  2.088593e+01
     vertex  8.795684e+01  1.307000e+02  2.094233e+01
   endloop
 endfacet
 facet normal  0.000000e+00  1.000000e+00  0.000000e+00
   outer loop
     vertex  8.936072e+01  1.307000e+02  2.215727e+01
     vertex  8.924336e+01  1.307000e+02  2.211896e+01
     vertex  8.930178e+01  1.307000e+02  2.213892e+01
   endloop
 endfacet
 facet normal  0.000000e+00  1.000000e+00  0.000000e+00
   outer loop
     vertex  8.948000e+01  1.307000e+02  2.218909e+01
     vertex  8.936072e+01  1.307000e+02  2.215727e+01
     vertex  8.942014e+01  1.307000e+02  2.217400e+01
   endloop
 endfacet
 facet normal  0.000000e+00  1.000000e+00  0.000000e+00
   outer loop
     vertex  8.948000e+01  1.307000e+02  2.218909e+01
     vertex  8.918551e+01  1.307000e+02  2.209741e+01
     vertex  8.924336e+01  1.307000e+02  2.211896e+01
   endloop
 endfacet
 facet normal  0.000000e+00  1.000000e+00  0.000000e+00
   outer loop
     vertex  8.948000e+01  1.307000e+02  2.218909e+01
     vertex  8.924336e+01  1.307000e+02  2.211896e+01
     vertex  8.936072e+01  1.307000e+02  2.215727e+01
   endloop
 endfacet
 facet normal  0.000000e+00  1.000000e+00  0.000000e+00
   outer loop
     vertex  8.780068e+01  1.307000e+02  2.047484e+01
     vertex  8.804124e+01  1.307000e+02  2.110713e+01
     vertex  8.807235e+01  1.307000e+02  2.116045e+01
   endloop
 endfacet
 facet normal  0.000000e+00  1.000000e+00  0.000000e+00
   outer loop
     vertex  8.780068e+01  1.307000e+02  2.047484e+01
     vertex  8.801160e+01  1.307000e+02  2.105298e+01
     vertex  8.804124e+01  1.307000e+02  2.110713e+01
   endloop
 endfacet
 facet normal  0.000000e+00  1.000000e+00  0.000000e+00
   outer loop
     vertex  8.780068e+01  1.307000e+02  2.047484e+01
     vertex  8.788628e+01  1.307000e+02  2.077116e+01
     vertex  8.790823e+01  1.307000e+02  2.082885e+01
   endloop
 endfacet
 facet normal  0.000000e+00  1.000000e+00  0.000000e+00
   outer loop
     vertex  8.780068e+01  1.307000e+02  2.047484e+01
     vertex  8.786592e+01  1.307000e+02  2.071288e+01
     vertex  8.788628e+01  1.307000e+02  2.077116e+01
   endloop
 endfacet
 facet normal  0.000000e+00  1.000000e+00  0.000000e+00
   outer loop
     vertex  8.780068e+01  1.307000e+02  2.047484e+01
     vertex  8.784716e+01  1.307000e+02  2.065406e+01
     vertex  8.786592e+01  1.307000e+02  2.071288e+01
   endloop
 endfacet
 facet normal  0.000000e+00  1.000000e+00  0.000000e+00
   outer loop
     vertex  8.780068e+01  1.307000e+02  2.047484e+01
     vertex  8.783003e+01  1.307000e+02  2.059476e+01
     vertex  8.784716e+01  1.307000e+02  2.065406e+01
   endloop
 endfacet
 facet normal  0.000000e+00  1.000000e+00  0.000000e+00
   outer loop
     vertex  8.780068e+01  1.307000e+02  2.047484e+01
     vertex  8.781453e+01  1.307000e+02  2.053500e+01
     vertex  8.783003e+01  1.307000e+02  2.059476e+01
   endloop
 endfacet
 facet normal  0.000000e+00  1.000000e+00  0.000000e+00
   outer loop
     vertex  8.780068e+01  1.307000e+02  2.047484e+01
     vertex  8.790823e+01  1.307000e+02  2.082885e+01
     vertex  8.801160e+01  1.307000e+02  2.105298e+01
   endloop
 endfacet
 facet normal  0.000000e+00  1.000000e+00  0.000000e+00
   outer loop
     vertex  8.960085e+01  1.307000e+02  2.221431e+01
     vertex  8.948000e+01  1.307000e+02  2.218909e+01
     vertex  8.954025e+01  1.307000e+02  2.220253e+01
   endloop
 endfacet
 facet normal  0.000000e+00  1.000000e+00  0.000000e+00
   outer loop
     vertex  8.966175e+01  1.307000e+02  2.222443e+01
     vertex  8.948000e+01  1.307000e+02  2.218909e+01
     vertex  8.960085e+01  1.307000e+02  2.221431e+01
   endloop
 endfacet
 facet normal  0.000000e+00  1.000000e+00  0.000000e+00
   outer loop
     vertex  8.776908e+01  1.307000e+02  2.029241e+01
     vertex  8.777794e+01  1.307000e+02  2.035350e+01
     vertex  8.778848e+01  1.307000e+02  2.041433e+01
   endloop
 endfacet
 facet normal  0.000000e+00  1.000000e+00  0.000000e+00
   outer loop
     vertex  8.775640e+01  1.307000e+02  2.016961e+01
     vertex  8.780068e+01  1.307000e+02  2.047484e+01
     vertex  8.807235e+01  1.307000e+02  2.116045e+01
   endloop
 endfacet
 facet normal  0.000000e+00  1.000000e+00  0.000000e+00
   outer loop
     vertex  8.775640e+01  1.307000e+02  2.016961e+01
     vertex  8.776908e+01  1.307000e+02  2.029241e+01
     vertex  8.778848e+01  1.307000e+02  2.041433e+01
   endloop
 endfacet
 facet normal  0.000000e+00  1.000000e+00  0.000000e+00
   outer loop
     vertex  8.775640e+01  1.307000e+02  2.016961e+01
     vertex  8.778848e+01  1.307000e+02  2.041433e+01
     vertex  8.780068e+01  1.307000e+02  2.047484e+01
   endloop
 endfacet
 facet normal  0.000000e+00  1.000000e+00  0.000000e+00
   outer loop
     vertex  8.775640e+01  1.307000e+02  2.016961e+01
     vertex  8.776190e+01  1.307000e+02  2.023110e+01
     vertex  8.776908e+01  1.307000e+02  2.029241e+01
   endloop
 endfacet
 facet normal  0.000000e+00  1.000000e+00  0.000000e+00
   outer loop
     vertex  8.990742e+01  1.307000e+02  2.224809e+01
     vertex  8.978426e+01  1.307000e+02  2.223963e+01
     vertex  8.984579e+01  1.307000e+02  2.224471e+01
   endloop
 endfacet
 facet normal  0.000000e+00  1.000000e+00  0.000000e+00
   outer loop
     vertex  8.990742e+01  1.307000e+02  2.224809e+01
     vertex  8.972290e+01  1.307000e+02  2.223287e+01
     vertex  8.978426e+01  1.307000e+02  2.223963e+01
   endloop
 endfacet
 facet normal  0.000000e+00  1.000000e+00  0.000000e+00
   outer loop
     vertex  8.990742e+01  1.307000e+02  2.224809e+01
     vertex  8.966175e+01  1.307000e+02  2.222443e+01
     vertex  8.972290e+01  1.307000e+02  2.223287e+01
   endloop
 endfacet
 facet normal  0.000000e+00  1.000000e+00  0.000000e+00
   outer loop
     vertex  8.775005e+01  1.307000e+02  1.998457e+01
     vertex  8.775259e+01  1.307000e+02  2.010799e+01
     vertex  8.775640e+01  1.307000e+02  2.016961e+01
   endloop
 endfacet
 facet normal  0.000000e+00  1.000000e+00  0.000000e+00
   outer loop
     vertex  8.775005e+01  1.307000e+02  1.998457e+01
     vertex  8.775048e+01  1.307000e+02  2.004630e+01
     vertex  8.775259e+01  1.307000e+02  2.010799e+01
   endloop
 endfacet
 facet normal  0.000000e+00  1.000000e+00  0.000000e+00
   outer loop
     vertex  9.021574e+01  1.307000e+02  2.223963e+01
     vertex  9.009258e+01  1.307000e+02  2.224809e+01
     vertex  9.015421e+01  1.307000e+02  2.224471e+01
   endloop
 endfacet
 facet normal  0.000000e+00  1.000000e+00  0.000000e+00
   outer loop
     vertex  9.021574e+01  1.307000e+02  2.223963e+01
     vertex  9.003087e+01  1.307000e+02  2.224979e+01
     vertex  9.009258e+01  1.307000e+02  2.224809e+01
   endloop
 endfacet
 facet normal  0.000000e+00  1.000000e+00  0.000000e+00
   outer loop
     vertex  9.021574e+01  1.307000e+02  2.223963e+01
     vertex  8.996913e+01  1.307000e+02  2.224979e+01
     vertex  9.003087e+01  1.307000e+02  2.224979e+01
   endloop
 endfacet
 facet normal  0.000000e+00  1.000000e+00  0.000000e+00
   outer loop
     vertex  9.021574e+01  1.307000e+02  2.223963e+01
     vertex  8.990742e+01  1.307000e+02  2.224809e+01
     vertex  8.996913e+01  1.307000e+02  2.224979e+01
   endloop
 endfacet
 facet normal  0.000000e+00  1.000000e+00  0.000000e+00
   outer loop
     vertex  8.776528e+01  1.307000e+02  1.973822e+01
     vertex  8.775429e+01  1.307000e+02  1.986119e+01
     vertex  8.775132e+01  1.307000e+02  1.992285e+01
   endloop
 endfacet
 facet normal  0.000000e+00  1.000000e+00  0.000000e+00
   outer loop
     vertex  8.776528e+01  1.307000e+02  1.973822e+01
     vertex  8.775894e+01  1.307000e+02  1.979963e+01
     vertex  8.775429e+01  1.307000e+02  1.986119e+01
   endloop
 endfacet
 facet normal  0.000000e+00  1.000000e+00  0.000000e+00
   outer loop
     vertex  8.777330e+01  1.307000e+02  1.967701e+01
     vertex  8.776528e+01  1.307000e+02  1.973822e+01
     vertex  8.775132e+01  1.307000e+02  1.992285e+01
   endloop
 endfacet
 facet normal  0.000000e+00  1.000000e+00  0.000000e+00
   outer loop
     vertex  9.045975e+01  1.307000e+02  2.220253e+01
     vertex  9.033825e+01  1.307000e+02  2.222443e+01
     vertex  9.039915e+01  1.307000e+02  2.221431e+01
   endloop
 endfacet
 facet normal  0.000000e+00  1.000000e+00  0.000000e+00
   outer loop
     vertex  9.045975e+01  1.307000e+02  2.220253e+01
     vertex  9.027710e+01  1.307000e+02  2.223287e+01
     vertex  9.033825e+01  1.307000e+02  2.222443e+01
   endloop
 endfacet
 facet normal  0.000000e+00  1.000000e+00  0.000000e+00
   outer loop
     vertex  8.780740e+01  1.307000e+02  1.949503e+01
     vertex  8.777330e+01  1.307000e+02  1.967701e+01
     vertex  8.775132e+01  1.307000e+02  1.992285e+01
   endloop
 endfacet
 facet normal  0.000000e+00  1.000000e+00  0.000000e+00
   outer loop
     vertex  8.780740e+01  1.307000e+02  1.949503e+01
     vertex  8.775132e+01  1.307000e+02  1.992285e+01
     vertex  8.775005e+01  1.307000e+02  1.998457e+01
   endloop
 endfacet
 facet normal  0.000000e+00  1.000000e+00  0.000000e+00
   outer loop
     vertex  8.780740e+01  1.307000e+02  1.949503e+01
     vertex  8.778300e+01  1.307000e+02  1.961605e+01
     vertex  8.777330e+01  1.307000e+02  1.967701e+01
   endloop
 endfacet
 facet normal  0.000000e+00  1.000000e+00  0.000000e+00
   outer loop
     vertex  8.780740e+01  1.307000e+02  1.949503e+01
     vertex  8.779437e+01  1.307000e+02  1.955537e+01
     vertex  8.778300e+01  1.307000e+02  1.961605e+01
   endloop
 endfacet
 facet normal  0.000000e+00  1.000000e+00  0.000000e+00
   outer loop
     vertex  9.063928e+01  1.307000e+02  2.215727e+01
     vertex  9.052000e+01  1.307000e+02  2.218909e+01
     vertex  9.057986e+01  1.307000e+02  2.217400e+01
   endloop
 endfacet
 facet normal  0.000000e+00  1.000000e+00  0.000000e+00
   outer loop
     vertex  9.063928e+01  1.307000e+02  2.215727e+01
     vertex  9.045975e+01  1.307000e+02  2.220253e+01
     vertex  9.052000e+01  1.307000e+02  2.218909e+01
   endloop
 endfacet
 facet normal  0.000000e+00  1.000000e+00  0.000000e+00
   outer loop
     vertex  9.063928e+01  1.307000e+02  2.215727e+01
     vertex  9.021574e+01  1.307000e+02  2.223963e+01
     vertex  9.027710e+01  1.307000e+02  2.223287e+01
   endloop
 endfacet
 facet normal  0.000000e+00  1.000000e+00  0.000000e+00
   outer loop
     vertex  9.063928e+01  1.307000e+02  2.215727e+01
     vertex  9.027710e+01  1.307000e+02  2.223287e+01
     vertex  9.045975e+01  1.307000e+02  2.220253e+01
   endloop
 endfacet
 facet normal  0.000000e+00  1.000000e+00  0.000000e+00
   outer loop
     vertex  8.785634e+01  1.307000e+02  1.931646e+01
     vertex  8.782208e+01  1.307000e+02  1.943507e+01
     vertex  8.780740e+01  1.307000e+02  1.949503e+01
   endloop
 endfacet
 facet normal  0.000000e+00  1.000000e+00  0.000000e+00
   outer loop
     vertex  8.785634e+01  1.307000e+02  1.931646e+01
     vertex  8.783839e+01  1.307000e+02  1.937553e+01
     vertex  8.782208e+01  1.307000e+02  1.943507e+01
   endloop
 endfacet
 facet normal  0.000000e+00  1.000000e+00  0.000000e+00
   outer loop
     vertex  9.075664e+01  1.307000e+02  2.211896e+01
     vertex  9.063928e+01  1.307000e+02  2.215727e+01
     vertex  9.069822e+01  1.307000e+02  2.213892e+01
   endloop
 endfacet
 facet normal  0.000000e+00  1.000000e+00  0.000000e+00
   outer loop
     vertex  8.791980e+01  1.307000e+02  1.914253e+01
     vertex  8.787590e+01  1.307000e+02  1.925791e+01
     vertex  8.785634e+01  1.307000e+02  1.931646e+01
   endloop
 endfacet
 facet normal  0.000000e+00  1.000000e+00  0.000000e+00
   outer loop
     vertex  8.791980e+01  1.307000e+02  1.914253e+01
     vertex  8.789706e+01  1.307000e+02  1.919992e+01
     vertex  8.787590e+01  1.307000e+02  1.925791e+01
   endloop
 endfacet
 facet normal  0.000000e+00  1.000000e+00  0.000000e+00
   outer loop
     vertex  9.087172e+01  1.307000e+02  2.207427e+01
     vertex  9.075664e+01  1.307000e+02  2.211896e+01
     vertex  9.081449e+01  1.307000e+02  2.209741e+01
   endloop
 endfacet
 facet normal  0.000000e+00  1.000000e+00  0.000000e+00
   outer loop
     vertex  8.794410e+01  1.307000e+02  1.908578e+01
     vertex  8.791980e+01  1.307000e+02  1.914253e+01
     vertex  8.785634e+01  1.307000e+02  1.931646e+01
   endloop
 endfacet
 facet normal  0.000000e+00  1.000000e+00  0.000000e+00
   outer loop
     vertex  8.796996e+01  1.307000e+02  1.902973e+01
     vertex  8.785634e+01  1.307000e+02  1.931646e+01
     vertex  8.780740e+01  1.307000e+02  1.949503e+01
   endloop
 endfacet
 facet normal  0.000000e+00  1.000000e+00  0.000000e+00
   outer loop
     vertex  8.796996e+01  1.307000e+02  1.902973e+01
     vertex  8.794410e+01  1.307000e+02  1.908578e+01
     vertex  8.785634e+01  1.307000e+02  1.931646e+01
   endloop
 endfacet
 facet normal  0.000000e+00  1.000000e+00  0.000000e+00
   outer loop
     vertex  9.103931e+01  1.307000e+02  2.199558e+01
     vertex  9.092830e+01  1.307000e+02  2.204958e+01
     vertex  9.098418e+01  1.307000e+02  2.202334e+01
   endloop
 endfacet
 facet normal  0.000000e+00  1.000000e+00  0.000000e+00
   outer loop
     vertex  8.805661e+01  1.307000e+02  1.886610e+01
     vertex  8.802623e+01  1.307000e+02  1.891984e+01
     vertex  8.799734e+01  1.307000e+02  1.897440e+01
   endloop
 endfacet
 facet normal  0.000000e+00  1.000000e+00  0.000000e+00
   outer loop
     vertex  9.114720e+01  1.307000e+02  2.193557e+01
     vertex  9.092830e+01  1.307000e+02  2.204958e+01
     vertex  9.103931e+01  1.307000e+02  2.199558e+01
   endloop
 endfacet
 facet normal  0.000000e+00  1.000000e+00  0.000000e+00
   outer loop
     vertex  9.114720e+01  1.307000e+02  2.193557e+01
     vertex  9.063928e+01  1.307000e+02  2.215727e+01
     vertex  9.075664e+01  1.307000e+02  2.211896e+01
   endloop
 endfacet
 facet normal  0.000000e+00  1.000000e+00  0.000000e+00
   outer loop
     vertex  9.114720e+01  1.307000e+02  2.193557e+01
     vertex  9.075664e+01  1.307000e+02  2.211896e+01
     vertex  9.087172e+01  1.307000e+02  2.207427e+01
   endloop
 endfacet
 facet normal  0.000000e+00  1.000000e+00  0.000000e+00
   outer loop
     vertex  9.114720e+01  1.307000e+02  2.193557e+01
     vertex  9.103931e+01  1.307000e+02  2.199558e+01
     vertex  9.109367e+01  1.307000e+02  2.196631e+01
   endloop
 endfacet
 facet normal  0.000000e+00  1.000000e+00  0.000000e+00
   outer loop
     vertex  9.114720e+01  1.307000e+02  2.193557e+01
     vertex  9.087172e+01  1.307000e+02  2.207427e+01
     vertex  9.092830e+01  1.307000e+02  2.204958e+01
   endloop
 endfacet
 facet normal  0.000000e+00  1.000000e+00  0.000000e+00
   outer loop
     vertex  8.812172e+01  1.307000e+02  1.876122e+01
     vertex  8.805661e+01  1.307000e+02  1.886610e+01
     vertex  8.799734e+01  1.307000e+02  1.897440e+01
   endloop
 endfacet
 facet normal  0.000000e+00  1.000000e+00  0.000000e+00
   outer loop
     vertex  8.812172e+01  1.307000e+02  1.876122e+01
     vertex  8.808845e+01  1.307000e+02  1.881321e+01
     vertex  8.805661e+01  1.307000e+02  1.886610e+01
   endloop
 endfacet
 facet normal  0.000000e+00  1.000000e+00  0.000000e+00
   outer loop
     vertex  8.815642e+01  1.307000e+02  1.871016e+01
     vertex  8.812172e+01  1.307000e+02  1.876122e+01
     vertex  8.799734e+01  1.307000e+02  1.897440e+01
   endloop
 endfacet
 facet normal  0.000000e+00  1.000000e+00  0.000000e+00
   outer loop
     vertex  8.815642e+01  1.307000e+02  1.871016e+01
     vertex  8.799734e+01  1.307000e+02  1.897440e+01
     vertex  8.796996e+01  1.307000e+02  1.902973e+01
   endloop
 endfacet
 facet normal  0.000000e+00  1.000000e+00  0.000000e+00
   outer loop
     vertex  9.130246e+01  1.307000e+02  2.183469e+01
     vertex  9.119987e+01  1.307000e+02  2.190337e+01
     vertex  9.125164e+01  1.307000e+02  2.186973e+01
   endloop
 endfacet
 facet normal  0.000000e+00  1.000000e+00  0.000000e+00
   outer loop
     vertex  9.130246e+01  1.307000e+02  2.183469e+01
     vertex  9.114720e+01  1.307000e+02  2.193557e+01
     vertex  9.119987e+01  1.307000e+02  2.190337e+01
   endloop
 endfacet
 facet normal  0.000000e+00  1.000000e+00  0.000000e+00
   outer loop
     vertex  8.822994e+01  1.307000e+02  1.861098e+01
     vertex  8.819250e+01  1.307000e+02  1.866006e+01
     vertex  8.815642e+01  1.307000e+02  1.871016e+01
   endloop
 endfacet
 facet normal  0.000000e+00  1.000000e+00  0.000000e+00
   outer loop
     vertex  9.144890e+01  1.307000e+02  2.172139e+01
     vertex  9.063928e+01  1.307000e+02  2.215727e+01
     vertex  9.114720e+01  1.307000e+02  2.193557e+01
   endloop
 endfacet
 facet normal  0.000000e+00  1.000000e+00  0.000000e+00
   outer loop
     vertex  9.144890e+01  1.307000e+02  2.172139e+01
     vertex  9.114720e+01  1.307000e+02  2.193557e+01
     vertex  9.130246e+01  1.307000e+02  2.183469e+01
   endloop
 endfacet
 facet normal  0.000000e+00  1.000000e+00  0.000000e+00
   outer loop
     vertex  9.144890e+01  1.307000e+02  2.172139e+01
     vertex  8.990742e+01  1.307000e+02  2.224809e+01
     vertex  9.021574e+01  1.307000e+02  2.223963e+01
   endloop
 endfacet
 facet normal  0.000000e+00  1.000000e+00  0.000000e+00
   outer loop
     vertex  9.144890e+01  1.307000e+02  2.172139e+01
     vertex  9.021574e+01  1.307000e+02  2.223963e+01
     vertex  9.063928e+01  1.307000e+02  2.215727e+01
   endloop
 endfacet
 facet normal  0.000000e+00  1.000000e+00  0.000000e+00
   outer loop
     vertex  9.144890e+01  1.307000e+02  2.172139e+01
     vertex  9.135230e+01  1.307000e+02  2.179827e+01
     vertex  9.140113e+01  1.307000e+02  2.176049e+01
   endloop
 endfacet
 facet normal  0.000000e+00  1.000000e+00  0.000000e+00
   outer loop
     vertex  9.144890e+01  1.307000e+02  2.172139e+01
     vertex  9.130246e+01  1.307000e+02  2.183469e+01
     vertex  9.135230e+01  1.307000e+02  2.179827e+01
   endloop
 endfacet
 facet normal  0.000000e+00  1.000000e+00  0.000000e+00
   outer loop
     vertex  8.830878e+01  1.307000e+02  1.851599e+01
     vertex  8.826871e+01  1.307000e+02  1.856294e+01
     vertex  8.822994e+01  1.307000e+02  1.861098e+01
   endloop
 endfacet
 facet normal  0.000000e+00  1.000000e+00  0.000000e+00
   outer loop
     vertex  8.835013e+01  1.307000e+02  1.847015e+01
     vertex  8.830878e+01  1.307000e+02  1.851599e+01
     vertex  8.822994e+01  1.307000e+02  1.861098e+01
   endloop
 endfacet
 facet normal  0.000000e+00  1.000000e+00  0.000000e+00
   outer loop
     vertex  8.839272e+01  1.307000e+02  1.842546e+01
     vertex  8.835013e+01  1.307000e+02  1.847015e+01
     vertex  8.822994e+01  1.307000e+02  1.861098e+01
   endloop
 endfacet
 facet normal  0.000000e+00  1.000000e+00  0.000000e+00
   outer loop
     vertex  8.839272e+01  1.307000e+02  1.842546e+01
     vertex  8.822994e+01  1.307000e+02  1.861098e+01
     vertex  8.815642e+01  1.307000e+02  1.871016e+01
   endloop
 endfacet
 facet normal  0.000000e+00  1.000000e+00  0.000000e+00
   outer loop
     vertex  9.158552e+01  1.307000e+02  2.159644e+01
     vertex  9.149558e+01  1.307000e+02  2.168100e+01
     vertex  9.154113e+01  1.307000e+02  2.163933e+01
   endloop
 endfacet
 facet normal  0.000000e+00  1.000000e+00  0.000000e+00
   outer loop
     vertex  9.158552e+01  1.307000e+02  2.159644e+01
     vertex  9.144890e+01  1.307000e+02  2.172139e+01
     vertex  9.149558e+01  1.307000e+02  2.168100e+01
   endloop
 endfacet
 facet normal  0.000000e+00  1.000000e+00  0.000000e+00
   outer loop
     vertex  9.162872e+01  1.307000e+02  2.155234e+01
     vertex  9.144890e+01  1.307000e+02  2.172139e+01
     vertex  9.158552e+01  1.307000e+02  2.159644e+01
   endloop
 endfacet
 facet normal  0.000000e+00  1.000000e+00  0.000000e+00
   outer loop
     vertex  9.167070e+01  1.307000e+02  2.150707e+01
     vertex  9.144890e+01  1.307000e+02  2.172139e+01
     vertex  9.162872e+01  1.307000e+02  2.155234e+01
   endloop
 endfacet
 facet normal  0.000000e+00  1.000000e+00  0.000000e+00
   outer loop
     vertex  8.852762e+01  1.307000e+02  1.829864e+01
     vertex  8.848150e+01  1.307000e+02  1.833968e+01
     vertex  8.843653e+01  1.307000e+02  1.838196e+01
   endloop
 endfacet
 facet normal  0.000000e+00  1.000000e+00  0.000000e+00
   outer loop
     vertex  8.852762e+01  1.307000e+02  1.829864e+01
     vertex  8.843653e+01  1.307000e+02  1.838196e+01
     vertex  8.839272e+01  1.307000e+02  1.842546e+01
   endloop
 endfacet
 facet normal  0.000000e+00  1.000000e+00  0.000000e+00
   outer loop
     vertex  9.171141e+01  1.307000e+02  2.146067e+01
     vertex  9.144890e+01  1.307000e+02  2.172139e+01
     vertex  9.167070e+01  1.307000e+02  2.150707e+01
   endloop
 endfacet
 facet normal  0.000000e+00  1.000000e+00  0.000000e+00
   outer loop
     vertex  8.862316e+01  1.307000e+02  1.822045e+01
     vertex  8.857485e+01  1.307000e+02  1.825889e+01
     vertex  8.852762e+01  1.307000e+02  1.829864e+01
   endloop
 endfacet
 facet normal  0.000000e+00  1.000000e+00  0.000000e+00
   outer loop
     vertex  9.178895e+01  1.307000e+02  2.136461e+01
     vertex  9.144890e+01  1.307000e+02  2.172139e+01
     vertex  9.171141e+01  1.307000e+02  2.146067e+01
   endloop
 endfacet
 facet normal  0.000000e+00  1.000000e+00  0.000000e+00
   outer loop
     vertex  9.178895e+01  1.307000e+02  2.136461e+01
     vertex  9.171141e+01  1.307000e+02  2.146067e+01
     vertex  9.175084e+01  1.307000e+02  2.141317e+01
   endloop
 endfacet
 facet normal  0.000000e+00  1.000000e+00  0.000000e+00
   outer loop
     vertex  8.867249e+01  1.307000e+02  1.818335e+01
     vertex  8.862316e+01  1.307000e+02  1.822045e+01
     vertex  8.852762e+01  1.307000e+02  1.829864e+01
   endloop
 endfacet
 facet normal  0.000000e+00  1.000000e+00  0.000000e+00
   outer loop
     vertex  9.186110e+01  1.307000e+02  2.126443e+01
     vertex  9.178895e+01  1.307000e+02  2.136461e+01
     vertex  9.182572e+01  1.307000e+02  2.131501e+01
   endloop
 endfacet
 facet normal  0.000000e+00  1.000000e+00  0.000000e+00
   outer loop
     vertex  9.189509e+01  1.307000e+02  2.121290e+01
     vertex  9.144890e+01  1.307000e+02  2.172139e+01
     vertex  9.178895e+01  1.307000e+02  2.136461e+01
   endloop
 endfacet
 facet normal  0.000000e+00  1.000000e+00  0.000000e+00
   outer loop
     vertex  9.189509e+01  1.307000e+02  2.121290e+01
     vertex  9.178895e+01  1.307000e+02  2.136461e+01
     vertex  9.186110e+01  1.307000e+02  2.126443e+01
   endloop
 endfacet
 facet normal  0.000000e+00  1.000000e+00  0.000000e+00
   outer loop
     vertex  8.882635e+01  1.307000e+02  1.808035e+01
     vertex  8.877413e+01  1.307000e+02  1.811327e+01
     vertex  8.872283e+01  1.307000e+02  1.814761e+01
   endloop
 endfacet
 facet normal  0.000000e+00  1.000000e+00  0.000000e+00
   outer loop
     vertex  8.887946e+01  1.307000e+02  1.804888e+01
     vertex  8.872283e+01  1.307000e+02  1.814761e+01
     vertex  8.867249e+01  1.307000e+02  1.818335e+01
   endloop
 endfacet
 facet normal  0.000000e+00  1.000000e+00  0.000000e+00
   outer loop
     vertex  8.887946e+01  1.307000e+02  1.804888e+01
     vertex  8.867249e+01  1.307000e+02  1.818335e+01
     vertex  8.852762e+01  1.307000e+02  1.829864e+01
   endloop
 endfacet
 facet normal  0.000000e+00  1.000000e+00  0.000000e+00
   outer loop
     vertex  8.887946e+01  1.307000e+02  1.804888e+01
     vertex  8.882635e+01  1.307000e+02  1.808035e+01
     vertex  8.872283e+01  1.307000e+02  1.814761e+01
   endloop
 endfacet
 facet normal  0.000000e+00  1.000000e+00  0.000000e+00
   outer loop
     vertex  8.893341e+01  1.307000e+02  1.801887e+01
     vertex  8.815642e+01  1.307000e+02  1.871016e+01
     vertex  8.796996e+01  1.307000e+02  1.902973e+01
   endloop
 endfacet
 facet normal  0.000000e+00  1.000000e+00  0.000000e+00
   outer loop
     vertex  8.893341e+01  1.307000e+02  1.801887e+01
     vertex  8.852762e+01  1.307000e+02  1.829864e+01
     vertex  8.839272e+01  1.307000e+02  1.842546e+01
   endloop
 endfacet
 facet normal  0.000000e+00  1.000000e+00  0.000000e+00
   outer loop
     vertex  8.893341e+01  1.307000e+02  1.801887e+01
     vertex  8.839272e+01  1.307000e+02  1.842546e+01
     vertex  8.815642e+01  1.307000e+02  1.871016e+01
   endloop
 endfacet
 facet normal  0.000000e+00  1.000000e+00  0.000000e+00
   outer loop
     vertex  8.893341e+01  1.307000e+02  1.801887e+01
     vertex  8.887946e+01  1.307000e+02  1.804888e+01
     vertex  8.852762e+01  1.307000e+02  1.829864e+01
   endloop
 endfacet
 facet normal  0.000000e+00  1.000000e+00  0.000000e+00
   outer loop
     vertex  9.198840e+01  1.307000e+02  2.105298e+01
     vertex  9.192765e+01  1.307000e+02  2.116045e+01
     vertex  9.195876e+01  1.307000e+02  2.110713e+01
   endloop
 endfacet
 facet normal  0.000000e+00  1.000000e+00  0.000000e+00
   outer loop
     vertex  9.201654e+01  1.307000e+02  2.099803e+01
     vertex  9.192765e+01  1.307000e+02  2.116045e+01
     vertex  9.198840e+01  1.307000e+02  2.105298e+01
   endloop
 endfacet
 facet normal  0.000000e+00  1.000000e+00  0.000000e+00
   outer loop
     vertex  9.201654e+01  1.307000e+02  2.099803e+01
     vertex  9.189509e+01  1.307000e+02  2.121290e+01
     vertex  9.192765e+01  1.307000e+02  2.116045e+01
   endloop
 endfacet
 facet normal  0.000000e+00  1.000000e+00  0.000000e+00
   outer loop
     vertex  8.904367e+01  1.307000e+02  1.796335e+01
     vertex  8.898816e+01  1.307000e+02  1.799035e+01
     vertex  8.893341e+01  1.307000e+02  1.801887e+01
   endloop
 endfacet
 facet normal  0.000000e+00  1.000000e+00  0.000000e+00
   outer loop
     vertex  8.909991e+01  1.307000e+02  1.793788e+01
     vertex  8.904367e+01  1.307000e+02  1.796335e+01
     vertex  8.893341e+01  1.307000e+02  1.801887e+01
   endloop
 endfacet
 facet normal  0.000000e+00  1.000000e+00  0.000000e+00
   outer loop
     vertex  8.915682e+01  1.307000e+02  1.791396e+01
     vertex  8.909991e+01  1.307000e+02  1.793788e+01
     vertex  8.893341e+01  1.307000e+02  1.801887e+01
   endloop
 endfacet
 facet normal  0.000000e+00  1.000000e+00  0.000000e+00
   outer loop
     vertex  9.209177e+01  1.307000e+02  2.082885e+01
     vertex  9.204316e+01  1.307000e+02  2.094233e+01
     vertex  9.206824e+01  1.307000e+02  2.088593e+01
   endloop
 endfacet
 facet normal  0.000000e+00  1.000000e+00  0.000000e+00
   outer loop
     vertex  9.209177e+01  1.307000e+02  2.082885e+01
     vertex  9.201654e+01  1.307000e+02  2.099803e+01
     vertex  9.204316e+01  1.307000e+02  2.094233e+01
   endloop
 endfacet
 facet normal  0.000000e+00  1.000000e+00  0.000000e+00
   outer loop
     vertex  9.211372e+01  1.307000e+02  2.077116e+01
     vertex  9.189509e+01  1.307000e+02  2.121290e+01
     vertex  9.201654e+01  1.307000e+02  2.099803e+01
   endloop
 endfacet
 facet normal  0.000000e+00  1.000000e+00  0.000000e+00
   outer loop
     vertex  9.211372e+01  1.307000e+02  2.077116e+01
     vertex  9.201654e+01  1.307000e+02  2.099803e+01
     vertex  9.209177e+01  1.307000e+02  2.082885e+01
   endloop
 endfacet
 facet normal  0.000000e+00  1.000000e+00  0.000000e+00
   outer loop
     vertex  8.939037e+01  1.307000e+02  1.783416e+01
     vertex  8.927250e+01  1.307000e+02  1.787086e+01
     vertex  8.921436e+01  1.307000e+02  1.789162e+01
   endloop
 endfacet
 facet normal  0.000000e+00  1.000000e+00  0.000000e+00
   outer loop
     vertex  8.939037e+01  1.307000e+02  1.783416e+01
     vertex  8.933118e+01  1.307000e+02  1.785170e+01
     vertex  8.927250e+01  1.307000e+02  1.787086e+01
   endloop
 endfacet
 facet normal  0.000000e+00  1.000000e+00  0.000000e+00
   outer loop
     vertex  9.216997e+01  1.307000e+02  2.059476e+01
     vertex  9.213408e+01  1.307000e+02  2.071288e+01
     vertex  9.215284e+01  1.307000e+02  2.065406e+01
   endloop
 endfacet
 facet normal  0.000000e+00  1.000000e+00  0.000000e+00
   outer loop
     vertex  8.945002e+01  1.307000e+02  1.781825e+01
     vertex  8.921436e+01  1.307000e+02  1.789162e+01
     vertex  8.915682e+01  1.307000e+02  1.791396e+01
   endloop
 endfacet
 facet normal  0.000000e+00  1.000000e+00  0.000000e+00
   outer loop
     vertex  8.945002e+01  1.307000e+02  1.781825e+01
     vertex  8.915682e+01  1.307000e+02  1.791396e+01
     vertex  8.893341e+01  1.307000e+02  1.801887e+01
   endloop
 endfacet
 facet normal  0.000000e+00  1.000000e+00  0.000000e+00
   outer loop
     vertex  8.945002e+01  1.307000e+02  1.781825e+01
     vertex  8.939037e+01  1.307000e+02  1.783416e+01
     vertex  8.921436e+01  1.307000e+02  1.789162e+01
   endloop
 endfacet
 facet normal  0.000000e+00  1.000000e+00  0.000000e+00
   outer loop
     vertex  9.218547e+01  1.307000e+02  2.053500e+01
     vertex  9.213408e+01  1.307000e+02  2.071288e+01
     vertex  9.216997e+01  1.307000e+02  2.059476e+01
   endloop
 endfacet
 facet normal  0.000000e+00  1.000000e+00  0.000000e+00
   outer loop
     vertex  9.218547e+01  1.307000e+02  2.053500e+01
     vertex  9.211372e+01  1.307000e+02  2.077116e+01
     vertex  9.213408e+01  1.307000e+02  2.071288e+01
   endloop
 endfacet
 facet normal  0.000000e+00  1.000000e+00  0.000000e+00
   outer loop
     vertex  9.219932e+01  1.307000e+02  2.047484e+01
     vertex  8.948000e+01  1.307000e+02  2.218909e+01
     vertex  8.966175e+01  1.307000e+02  2.222443e+01
   endloop
 endfacet
 facet normal  0.000000e+00  1.000000e+00  0.000000e+00
   outer loop
     vertex  9.219932e+01  1.307000e+02  2.047484e+01
     vertex  8.990742e+01  1.307000e+02  2.224809e+01
     vertex  9.144890e+01  1.307000e+02  2.172139e+01
   endloop
 endfacet
 facet normal  0.000000e+00  1.000000e+00  0.000000e+00
   outer loop
     vertex  9.219932e+01  1.307000e+02  2.047484e+01
     vertex  8.966175e+01  1.307000e+02  2.222443e+01
     vertex  8.990742e+01  1.307000e+02  2.224809e+01
   endloop
 endfacet
 facet normal  0.000000e+00  1.000000e+00  0.000000e+00
   outer loop
     vertex  9.219932e+01  1.307000e+02  2.047484e+01
     vertex  9.211372e+01  1.307000e+02  2.077116e+01
     vertex  9.218547e+01  1.307000e+02  2.053500e+01
   endloop
 endfacet
 facet normal  0.000000e+00  1.000000e+00  0.000000e+00
   outer loop
     vertex  9.219932e+01  1.307000e+02  2.047484e+01
     vertex  9.144890e+01  1.307000e+02  2.172139e+01
     vertex  9.189509e+01  1.307000e+02  2.121290e+01
   endloop
 endfacet
 facet normal  0.000000e+00  1.000000e+00  0.000000e+00
   outer loop
     vertex  9.219932e+01  1.307000e+02  2.047484e+01
     vertex  9.189509e+01  1.307000e+02  2.121290e+01
     vertex  9.211372e+01  1.307000e+02  2.077116e+01
   endloop
 endfacet
 facet normal  0.000000e+00  1.000000e+00  0.000000e+00
   outer loop
     vertex  8.963126e+01  1.307000e+02  1.778042e+01
     vertex  8.957051e+01  1.307000e+02  1.779137e+01
     vertex  8.951008e+01  1.307000e+02  1.780399e+01
   endloop
 endfacet
 facet normal  0.000000e+00  1.000000e+00  0.000000e+00
   outer loop
     vertex  9.222206e+01  1.307000e+02  2.035350e+01
     vertex  8.948000e+01  1.307000e+02  2.218909e+01
     vertex  9.219932e+01  1.307000e+02  2.047484e+01
   endloop
 endfacet
 facet normal  0.000000e+00  1.000000e+00  0.000000e+00
   outer loop
     vertex  9.222206e+01  1.307000e+02  2.035350e+01
     vertex  9.219932e+01  1.307000e+02  2.047484e+01
     vertex  9.221152e+01  1.307000e+02  2.041433e+01
   endloop
 endfacet
 facet normal  0.000000e+00  1.000000e+00  0.000000e+00
   outer loop
     vertex  8.969230e+01  1.307000e+02  1.777114e+01
     vertex  8.945002e+01  1.307000e+02  1.781825e+01
     vertex  8.893341e+01  1.307000e+02  1.801887e+01
   endloop
 endfacet
 facet normal  0.000000e+00  1.000000e+00  0.000000e+00
   outer loop
     vertex  8.969230e+01  1.307000e+02  1.777114e+01
     vertex  8.951008e+01  1.307000e+02  1.780399e+01
     vertex  8.945002e+01  1.307000e+02  1.781825e+01
   endloop
 endfacet
 facet normal  0.000000e+00  1.000000e+00  0.000000e+00
   outer loop
     vertex  8.969230e+01  1.307000e+02  1.777114e+01
     vertex  8.963126e+01  1.307000e+02  1.778042e+01
     vertex  8.951008e+01  1.307000e+02  1.780399e+01
   endloop
 endfacet
 facet normal  0.000000e+00  1.000000e+00  0.000000e+00
   outer loop
     vertex  9.223810e+01  1.307000e+02  2.023110e+01
     vertex  9.222206e+01  1.307000e+02  2.035350e+01
     vertex  9.223092e+01  1.307000e+02  2.029241e+01
   endloop
 endfacet
 facet normal  0.000000e+00  1.000000e+00  0.000000e+00
   outer loop
     vertex  8.981501e+01  1.307000e+02  1.775762e+01
     vertex  8.975356e+01  1.307000e+02  1.776354e+01
     vertex  8.969230e+01  1.307000e+02  1.777114e+01
   endloop
 endfacet
 facet normal  0.000000e+00  1.000000e+00  0.000000e+00
   outer loop
     vertex  9.224360e+01  1.307000e+02  2.016961e+01
     vertex  9.222206e+01  1.307000e+02  2.035350e+01
     vertex  9.223810e+01  1.307000e+02  2.023110e+01
   endloop
 endfacet
 facet normal  0.000000e+00  1.000000e+00  0.000000e+00
   outer loop
     vertex  8.987659e+01  1.307000e+02  1.775339e+01
     vertex  8.981501e+01  1.307000e+02  1.775762e+01
     vertex  8.969230e+01  1.307000e+02  1.777114e+01
   endloop
 endfacet
 facet normal  0.000000e+00  1.000000e+00  0.000000e+00
   outer loop
     vertex  9.000000e+01  1.307000e+02  1.775000e+01
     vertex  8.993827e+01  1.307000e+02  1.775085e+01
     vertex  8.987659e+01  1.307000e+02  1.775339e+01
   endloop
 endfacet
 facet normal  0.000000e+00  1.000000e+00  0.000000e+00
   outer loop
     vertex  9.224868e+01  1.307000e+02  1.992285e+01
     vertex  8.912828e+01  1.307000e+02  2.207427e+01
     vertex  8.918551e+01  1.307000e+02  2.209741e+01
   endloop
 endfacet
 facet normal  0.000000e+00  1.000000e+00  0.000000e+00
   outer loop
     vertex  9.224868e+01  1.307000e+02  1.992285e+01
     vertex  8.907170e+01  1.307000e+02  2.204958e+01
     vertex  8.912828e+01  1.307000e+02  2.207427e+01
   endloop
 endfacet
 facet normal  0.000000e+00  1.000000e+00  0.000000e+00
   outer loop
     vertex  9.224868e+01  1.307000e+02  1.992285e+01
     vertex  8.918551e+01  1.307000e+02  2.209741e+01
     vertex  8.948000e+01  1.307000e+02  2.218909e+01
   endloop
 endfacet
 facet normal  0.000000e+00  1.000000e+00  0.000000e+00
   outer loop
     vertex  9.224868e+01  1.307000e+02  1.992285e+01
     vertex  8.948000e+01  1.307000e+02  2.218909e+01
     vertex  9.222206e+01  1.307000e+02  2.035350e+01
   endloop
 endfacet
 facet normal  0.000000e+00  1.000000e+00  0.000000e+00
   outer loop
     vertex  9.224868e+01  1.307000e+02  1.992285e+01
     vertex  8.832930e+01  1.307000e+02  2.150707e+01
     vertex  8.864770e+01  1.307000e+02  2.179827e+01
   endloop
 endfacet
 facet normal  0.000000e+00  1.000000e+00  0.000000e+00
   outer loop
     vertex  9.224868e+01  1.307000e+02  1.992285e+01
     vertex  9.222206e+01  1.307000e+02  2.035350e+01
     vertex  9.224360e+01  1.307000e+02  2.016961e+01
   endloop
 endfacet
 facet normal  0.000000e+00  1.000000e+00  0.000000e+00
   outer loop
     vertex  9.224868e+01  1.307000e+02  1.992285e+01
     vertex  9.224952e+01  1.307000e+02  2.004630e+01
     vertex  9.224995e+01  1.307000e+02  1.998457e+01
   endloop
 endfacet
 facet normal  0.000000e+00  1.000000e+00  0.000000e+00
   outer loop
     vertex  9.224868e+01  1.307000e+02  1.992285e+01
     vertex  8.807235e+01  1.307000e+02  2.116045e+01
     vertex  8.832930e+01  1.307000e+02  2.150707e+01
   endloop
 endfacet
 facet normal  0.000000e+00  1.000000e+00 -0.000000e+00
   outer loop
     vertex  9.224868e+01  1.307000e+02  1.992285e+01
     vertex  9.224741e+01  1.307000e+02  2.010799e+01
     vertex  9.224952e+01  1.307000e+02  2.004630e+01
   endloop
 endfacet
 facet normal  0.000000e+00  1.000000e+00  0.000000e+00
   outer loop
     vertex  9.224868e+01  1.307000e+02  1.992285e+01
     vertex  8.864770e+01  1.307000e+02  2.179827e+01
     vertex  8.907170e+01  1.307000e+02  2.204958e+01
   endloop
 endfacet
 facet normal  0.000000e+00  1.000000e+00  0.000000e+00
   outer loop
     vertex  9.224868e+01  1.307000e+02  1.992285e+01
     vertex  9.224360e+01  1.307000e+02  2.016961e+01
     vertex  9.224741e+01  1.307000e+02  2.010799e+01
   endloop
 endfacet
 facet normal  0.000000e+00  1.000000e+00  0.000000e+00
   outer loop
     vertex  9.012341e+01  1.307000e+02  1.775339e+01
     vertex  9.006173e+01  1.307000e+02  1.775085e+01
     vertex  9.000000e+01  1.307000e+02  1.775000e+01
   endloop
 endfacet
 facet normal  0.000000e+00  1.000000e+00  0.000000e+00
   outer loop
     vertex  9.018499e+01  1.307000e+02  1.775762e+01
     vertex  9.012341e+01  1.307000e+02  1.775339e+01
     vertex  9.000000e+01  1.307000e+02  1.775000e+01
   endloop
 endfacet
 facet normal  0.000000e+00  1.000000e+00  0.000000e+00
   outer loop
     vertex  9.224106e+01  1.307000e+02  1.979963e+01
     vertex  9.224868e+01  1.307000e+02  1.992285e+01
     vertex  9.224571e+01  1.307000e+02  1.986119e+01
   endloop
 endfacet
 facet normal  0.000000e+00  1.000000e+00  0.000000e+00
   outer loop
     vertex  9.222670e+01  1.307000e+02  1.967701e+01
     vertex  9.224106e+01  1.307000e+02  1.979963e+01
     vertex  9.223472e+01  1.307000e+02  1.973822e+01
   endloop
 endfacet
 facet normal  0.000000e+00  1.000000e+00  0.000000e+00
   outer loop
     vertex  9.222670e+01  1.307000e+02  1.967701e+01
     vertex  9.224868e+01  1.307000e+02  1.992285e+01
     vertex  9.224106e+01  1.307000e+02  1.979963e+01
   endloop
 endfacet
 facet normal  0.000000e+00  1.000000e+00  0.000000e+00
   outer loop
     vertex  9.036874e+01  1.307000e+02  1.778042e+01
     vertex  9.024644e+01  1.307000e+02  1.776354e+01
     vertex  9.018499e+01  1.307000e+02  1.775762e+01
   endloop
 endfacet
 facet normal  0.000000e+00  1.000000e+00  0.000000e+00
   outer loop
     vertex  9.036874e+01  1.307000e+02  1.778042e+01
     vertex  9.030770e+01  1.307000e+02  1.777114e+01
     vertex  9.024644e+01  1.307000e+02  1.776354e+01
   endloop
 endfacet
 facet normal  0.000000e+00  1.000000e+00  0.000000e+00
   outer loop
     vertex  9.036874e+01  1.307000e+02  1.778042e+01
     vertex  9.000000e+01  1.307000e+02  1.775000e+01
     vertex  8.987659e+01  1.307000e+02  1.775339e+01
   endloop
 endfacet
 facet normal  0.000000e+00  1.000000e+00  0.000000e+00
   outer loop
     vertex  9.036874e+01  1.307000e+02  1.778042e+01
     vertex  9.018499e+01  1.307000e+02  1.775762e+01
     vertex  9.000000e+01  1.307000e+02  1.775000e+01
   endloop
 endfacet
 facet normal  0.000000e+00  1.000000e+00  0.000000e+00
   outer loop
     vertex  9.221700e+01  1.307000e+02  1.961605e+01
     vertex  9.224868e+01  1.307000e+02  1.992285e+01
     vertex  9.222670e+01  1.307000e+02  1.967701e+01
   endloop
 endfacet
 facet normal  0.000000e+00  1.000000e+00  0.000000e+00
   outer loop
     vertex  9.220563e+01  1.307000e+02  1.955537e+01
     vertex  9.224868e+01  1.307000e+02  1.992285e+01
     vertex  9.221700e+01  1.307000e+02  1.961605e+01
   endloop
 endfacet
 facet normal  0.000000e+00  1.000000e+00  0.000000e+00
   outer loop
     vertex  9.219260e+01  1.307000e+02  1.949503e+01
     vertex  9.224868e+01  1.307000e+02  1.992285e+01
     vertex  9.220563e+01  1.307000e+02  1.955537e+01
   endloop
 endfacet
 facet normal  0.000000e+00  1.000000e+00  0.000000e+00
   outer loop
     vertex  9.054998e+01  1.307000e+02  1.781825e+01
     vertex  9.048992e+01  1.307000e+02  1.780399e+01
     vertex  9.042949e+01  1.307000e+02  1.779137e+01
   endloop
 endfacet
 facet normal  0.000000e+00  1.000000e+00  0.000000e+00
   outer loop
     vertex  9.217792e+01  1.307000e+02  1.943507e+01
     vertex  9.224868e+01  1.307000e+02  1.992285e+01
     vertex  9.219260e+01  1.307000e+02  1.949503e+01
   endloop
 endfacet
 facet normal  0.000000e+00  1.000000e+00  0.000000e+00
   outer loop
     vertex  9.060963e+01  1.307000e+02  1.783416e+01
     vertex  9.054998e+01  1.307000e+02  1.781825e+01
     vertex  9.042949e+01  1.307000e+02  1.779137e+01
   endloop
 endfacet
 facet normal  0.000000e+00  1.000000e+00  0.000000e+00
   outer loop
     vertex  9.060963e+01  1.307000e+02  1.783416e+01
     vertex  9.042949e+01  1.307000e+02  1.779137e+01
     vertex  9.036874e+01  1.307000e+02  1.778042e+01
   endloop
 endfacet
 facet normal  0.000000e+00  1.000000e+00  0.000000e+00
   outer loop
     vertex  9.066882e+01  1.307000e+02  1.785170e+01
     vertex  9.060963e+01  1.307000e+02  1.783416e+01
     vertex  9.036874e+01  1.307000e+02  1.778042e+01
   endloop
 endfacet
 facet normal  0.000000e+00  1.000000e+00  0.000000e+00
   outer loop
     vertex  9.214366e+01  1.307000e+02  1.931646e+01
     vertex  9.217792e+01  1.307000e+02  1.943507e+01
     vertex  9.216161e+01  1.307000e+02  1.937553e+01
   endloop
 endfacet
 facet normal  0.000000e+00  1.000000e+00  0.000000e+00
   outer loop
     vertex  9.078564e+01  1.307000e+02  1.789162e+01
     vertex  9.072750e+01  1.307000e+02  1.787086e+01
     vertex  9.066882e+01  1.307000e+02  1.785170e+01
   endloop
 endfacet
 facet normal  0.000000e+00  1.000000e+00  0.000000e+00
   outer loop
     vertex  9.084318e+01  1.307000e+02  1.791396e+01
     vertex  9.078564e+01  1.307000e+02  1.789162e+01
     vertex  9.066882e+01  1.307000e+02  1.785170e+01
   endloop
 endfacet
 facet normal  0.000000e+00  1.000000e+00  0.000000e+00
   outer loop
     vertex  9.090009e+01  1.307000e+02  1.793788e+01
     vertex  9.066882e+01  1.307000e+02  1.785170e+01
     vertex  9.036874e+01  1.307000e+02  1.778042e+01
   endloop
 endfacet
 facet normal  0.000000e+00  1.000000e+00  0.000000e+00
   outer loop
     vertex  9.090009e+01  1.307000e+02  1.793788e+01
     vertex  9.084318e+01  1.307000e+02  1.791396e+01
     vertex  9.066882e+01  1.307000e+02  1.785170e+01
   endloop
 endfacet
 facet normal  0.000000e+00  1.000000e+00  0.000000e+00
   outer loop
     vertex  9.205590e+01  1.307000e+02  1.908578e+01
     vertex  9.224868e+01  1.307000e+02  1.992285e+01
     vertex  9.217792e+01  1.307000e+02  1.943507e+01
   endloop
 endfacet
 facet normal  0.000000e+00  1.000000e+00  0.000000e+00
   outer loop
     vertex  9.205590e+01  1.307000e+02  1.908578e+01
     vertex  9.217792e+01  1.307000e+02  1.943507e+01
     vertex  9.214366e+01  1.307000e+02  1.931646e+01
   endloop
 endfacet
 facet normal  0.000000e+00  1.000000e+00  0.000000e+00
   outer loop
     vertex  9.205590e+01  1.307000e+02  1.908578e+01
     vertex  9.210294e+01  1.307000e+02  1.919992e+01
     vertex  9.208020e+01  1.307000e+02  1.914253e+01
   endloop
 endfacet
 facet normal  0.000000e+00  1.000000e+00  0.000000e+00
   outer loop
     vertex  9.205590e+01  1.307000e+02  1.908578e+01
     vertex  9.212410e+01  1.307000e+02  1.925791e+01
     vertex  9.210294e+01  1.307000e+02  1.919992e+01
   endloop
 endfacet
 facet normal  0.000000e+00  1.000000e+00  0.000000e+00
   outer loop
     vertex  9.205590e+01  1.307000e+02  1.908578e+01
     vertex  9.214366e+01  1.307000e+02  1.931646e+01
     vertex  9.212410e+01  1.307000e+02  1.925791e+01
   endloop
 endfacet
 facet normal  0.000000e+00  1.000000e+00  0.000000e+00
   outer loop
     vertex  9.095633e+01  1.307000e+02  1.796335e+01
     vertex  9.036874e+01  1.307000e+02  1.778042e+01
     vertex  8.987659e+01  1.307000e+02  1.775339e+01
   endloop
 endfacet
 facet normal  0.000000e+00  1.000000e+00  0.000000e+00
   outer loop
     vertex  9.095633e+01  1.307000e+02  1.796335e+01
     vertex  8.987659e+01  1.307000e+02  1.775339e+01
     vertex  8.969230e+01  1.307000e+02  1.777114e+01
   endloop
 endfacet
 facet normal  0.000000e+00  1.000000e+00  0.000000e+00
   outer loop
     vertex  9.095633e+01  1.307000e+02  1.796335e+01
     vertex  9.090009e+01  1.307000e+02  1.793788e+01
     vertex  9.036874e+01  1.307000e+02  1.778042e+01
   endloop
 endfacet
 facet normal  0.000000e+00  1.000000e+00  0.000000e+00
   outer loop
     vertex  9.203004e+01  1.307000e+02  1.902973e+01
     vertex  9.224868e+01  1.307000e+02  1.992285e+01
     vertex  9.205590e+01  1.307000e+02  1.908578e+01
   endloop
 endfacet
 facet normal  0.000000e+00  1.000000e+00  0.000000e+00
   outer loop
     vertex  9.200266e+01  1.307000e+02  1.897440e+01
     vertex  8.775640e+01  1.307000e+02  2.016961e+01
     vertex  8.807235e+01  1.307000e+02  2.116045e+01
   endloop
 endfacet
 facet normal  0.000000e+00  1.000000e+00 -0.000000e+00
   outer loop
     vertex  9.200266e+01  1.307000e+02  1.897440e+01
     vertex  8.807235e+01  1.307000e+02  2.116045e+01
     vertex  9.224868e+01  1.307000e+02  1.992285e+01
   endloop
 endfacet
 facet normal  0.000000e+00  1.000000e+00  0.000000e+00
   outer loop
     vertex  9.200266e+01  1.307000e+02  1.897440e+01
     vertex  9.224868e+01  1.307000e+02  1.992285e+01
     vertex  9.203004e+01  1.307000e+02  1.902973e+01
   endloop
 endfacet
 facet normal  0.000000e+00  1.000000e+00  0.000000e+00
   outer loop
     vertex  9.194339e+01  1.307000e+02  1.886610e+01
     vertex  9.200266e+01  1.307000e+02  1.897440e+01
     vertex  9.197377e+01  1.307000e+02  1.891984e+01
   endloop
 endfacet
 facet normal  0.000000e+00  1.000000e+00  0.000000e+00
   outer loop
     vertex  9.117365e+01  1.307000e+02  1.808035e+01
     vertex  9.101184e+01  1.307000e+02  1.799035e+01
     vertex  9.095633e+01  1.307000e+02  1.796335e+01
   endloop
 endfacet
 facet normal  0.000000e+00  1.000000e+00  0.000000e+00
   outer loop
     vertex  9.117365e+01  1.307000e+02  1.808035e+01
     vertex  9.106659e+01  1.307000e+02  1.801887e+01
     vertex  9.101184e+01  1.307000e+02  1.799035e+01
   endloop
 endfacet
 facet normal  0.000000e+00  1.000000e+00  0.000000e+00
   outer loop
     vertex  9.117365e+01  1.307000e+02  1.808035e+01
     vertex  9.112054e+01  1.307000e+02  1.804888e+01
     vertex  9.106659e+01  1.307000e+02  1.801887e+01
   endloop
 endfacet
 facet normal  0.000000e+00  1.000000e+00  0.000000e+00
   outer loop
     vertex  9.117365e+01  1.307000e+02  1.808035e+01
     vertex  9.095633e+01  1.307000e+02  1.796335e+01
     vertex  8.969230e+01  1.307000e+02  1.777114e+01
   endloop
 endfacet
 facet normal  0.000000e+00  1.000000e+00  0.000000e+00
   outer loop
     vertex  9.184358e+01  1.307000e+02  1.871016e+01
     vertex  9.191155e+01  1.307000e+02  1.881321e+01
     vertex  9.187828e+01  1.307000e+02  1.876122e+01
   endloop
 endfacet
 facet normal  0.000000e+00  1.000000e+00  0.000000e+00
   outer loop
     vertex  9.132751e+01  1.307000e+02  1.818335e+01
     vertex  9.127717e+01  1.307000e+02  1.814761e+01
     vertex  9.122587e+01  1.307000e+02  1.811327e+01
   endloop
 endfacet
 facet normal  0.000000e+00  1.000000e+00  0.000000e+00
   outer loop
     vertex  9.180750e+01  1.307000e+02  1.866006e+01
     vertex  9.194339e+01  1.307000e+02  1.886610e+01
     vertex  9.191155e+01  1.307000e+02  1.881321e+01
   endloop
 endfacet
 facet normal  0.000000e+00  1.000000e+00  0.000000e+00
   outer loop
     vertex  9.180750e+01  1.307000e+02  1.866006e+01
     vertex  9.200266e+01  1.307000e+02  1.897440e+01
     vertex  9.194339e+01  1.307000e+02  1.886610e+01
   endloop
 endfacet
 facet normal  0.000000e+00  1.000000e+00  0.000000e+00
   outer loop
     vertex  9.180750e+01  1.307000e+02  1.866006e+01
     vertex  9.191155e+01  1.307000e+02  1.881321e+01
     vertex  9.184358e+01  1.307000e+02  1.871016e+01
   endloop
 endfacet
 facet normal  0.000000e+00  1.000000e+00  0.000000e+00
   outer loop
     vertex  9.137684e+01  1.307000e+02  1.822045e+01
     vertex  9.122587e+01  1.307000e+02  1.811327e+01
     vertex  9.117365e+01  1.307000e+02  1.808035e+01
   endloop
 endfacet
 facet normal  0.000000e+00  1.000000e+00  0.000000e+00
   outer loop
     vertex  9.137684e+01  1.307000e+02  1.822045e+01
     vertex  9.132751e+01  1.307000e+02  1.818335e+01
     vertex  9.122587e+01  1.307000e+02  1.811327e+01
   endloop
 endfacet
 facet normal  0.000000e+00  1.000000e+00  0.000000e+00
   outer loop
     vertex  9.137684e+01  1.307000e+02  1.822045e+01
     vertex  9.117365e+01  1.307000e+02  1.808035e+01
     vertex  8.969230e+01  1.307000e+02  1.777114e+01
   endloop
 endfacet
 facet normal  0.000000e+00  1.000000e+00  0.000000e+00
   outer loop
     vertex  9.173129e+01  1.307000e+02  1.856294e+01
     vertex  9.180750e+01  1.307000e+02  1.866006e+01
     vertex  9.177006e+01  1.307000e+02  1.861098e+01
   endloop
 endfacet
 facet normal  0.000000e+00  1.000000e+00  0.000000e+00
   outer loop
     vertex  9.173129e+01  1.307000e+02  1.856294e+01
     vertex  9.200266e+01  1.307000e+02  1.897440e+01
     vertex  9.180750e+01  1.307000e+02  1.866006e+01
   endloop
 endfacet
 facet normal  0.000000e+00  1.000000e+00  0.000000e+00
   outer loop
     vertex  9.151850e+01  1.307000e+02  1.833968e+01
     vertex  9.142515e+01  1.307000e+02  1.825889e+01
     vertex  9.137684e+01  1.307000e+02  1.822045e+01
   endloop
 endfacet
 facet normal  0.000000e+00  1.000000e+00  0.000000e+00
   outer loop
     vertex  9.151850e+01  1.307000e+02  1.833968e+01
     vertex  9.147238e+01  1.307000e+02  1.829864e+01
     vertex  9.142515e+01  1.307000e+02  1.825889e+01
   endloop
 endfacet
 facet normal  0.000000e+00  1.000000e+00  0.000000e+00
   outer loop
     vertex  9.160728e+01  1.307000e+02  1.842546e+01
     vertex  8.796996e+01  1.307000e+02  1.902973e+01
     vertex  8.780740e+01  1.307000e+02  1.949503e+01
   endloop
 endfacet
 facet normal  0.000000e+00  1.000000e+00  0.000000e+00
   outer loop
     vertex  9.160728e+01  1.307000e+02  1.842546e+01
     vertex  9.156347e+01  1.307000e+02  1.838196e+01
     vertex  9.151850e+01  1.307000e+02  1.833968e+01
   endloop
 endfacet
 facet normal  0.000000e+00  1.000000e+00 -0.000000e+00
   outer loop
     vertex  9.160728e+01  1.307000e+02  1.842546e+01
     vertex  8.775640e+01  1.307000e+02  2.016961e+01
     vertex  9.200266e+01  1.307000e+02  1.897440e+01
   endloop
 endfacet
 facet normal  0.000000e+00  1.000000e+00  0.000000e+00
   outer loop
     vertex  9.160728e+01  1.307000e+02  1.842546e+01
     vertex  9.169122e+01  1.307000e+02  1.851599e+01
     vertex  9.164987e+01  1.307000e+02  1.847015e+01
   endloop
 endfacet
 facet normal  0.000000e+00  1.000000e+00  0.000000e+00
   outer loop
     vertex  9.160728e+01  1.307000e+02  1.842546e+01
     vertex  9.173129e+01  1.307000e+02  1.856294e+01
     vertex  9.169122e+01  1.307000e+02  1.851599e+01
   endloop
 endfacet
 facet normal  0.000000e+00  1.000000e+00  0.000000e+00
   outer loop
     vertex  9.160728e+01  1.307000e+02  1.842546e+01
     vertex  8.969230e+01  1.307000e+02  1.777114e+01
     vertex  8.893341e+01  1.307000e+02  1.801887e+01
   endloop
 endfacet
 facet normal  0.000000e+00  1.000000e+00  0.000000e+00
   outer loop
     vertex  9.160728e+01  1.307000e+02  1.842546e+01
     vertex  8.775005e+01  1.307000e+02  1.998457e+01
     vertex  8.775640e+01  1.307000e+02  2.016961e+01
   endloop
 endfacet
 facet normal  0.000000e+00  1.000000e+00  0.000000e+00
   outer loop
     vertex  9.160728e+01  1.307000e+02  1.842546e+01
     vertex  9.200266e+01  1.307000e+02  1.897440e+01
     vertex  9.173129e+01  1.307000e+02  1.856294e+01
   endloop
 endfacet
 facet normal  0.000000e+00  1.000000e+00  0.000000e+00
   outer loop
     vertex  9.160728e+01  1.307000e+02  1.842546e+01
     vertex  9.151850e+01  1.307000e+02  1.833968e+01
     vertex  9.137684e+01  1.307000e+02  1.822045e+01
   endloop
 endfacet
 facet normal  0.000000e+00  1.000000e+00  0.000000e+00
   outer loop
     vertex  9.160728e+01  1.307000e+02  1.842546e+01
     vertex  8.780740e+01  1.307000e+02  1.949503e+01
     vertex  8.775005e+01  1.307000e+02  1.998457e+01
   endloop
 endfacet
 facet normal  0.000000e+00  1.000000e+00  0.000000e+00
   outer loop
     vertex  9.160728e+01  1.307000e+02  1.842546e+01
     vertex  9.137684e+01  1.307000e+02  1.822045e+01
     vertex  8.969230e+01  1.307000e+02  1.777114e+01
   endloop
 endfacet
 facet normal  0.000000e+00  1.000000e+00  0.000000e+00
   outer loop
     vertex  9.160728e+01  1.307000e+02  1.842546e+01
     vertex  8.893341e+01  1.307000e+02  1.801887e+01
     vertex  8.796996e+01  1.307000e+02  1.902973e+01
   endloop
 endfacet
endsolid
