solid 
 facet normal -1.000000e+00  0.000000e+00  0.000000e+00
   outer loop
     vertex  0.000000e+00  5.250000e+01  1.100000e+01
     vertex  0.000000e+00  9.100000e+01  3.600000e+01
     vertex  0.000000e+00  9.100000e+01  0.000000e+00
   endloop
 endfacet
 facet normal -1.000000e+00  0.000000e+00  0.000000e+00
   outer loop
     vertex  0.000000e+00  5.250000e+01  1.100000e+01
     vertex  0.000000e+00  9.100000e+01  0.000000e+00
     vertex  0.000000e+00  5.250000e+01  3.000000e+00
   endloop
 endfacet
 facet normal -1.000000e+00  0.000000e+00  0.000000e+00
   outer loop
     vertex  0.000000e+00  3.850000e+01  1.100000e+01
     vertex  0.000000e+00  9.100000e+01  3.600000e+01
     vertex  0.000000e+00  5.250000e+01  1.100000e+01
   endloop
 endfacet
 facet normal -1.000000e+00  0.000000e+00  0.000000e+00
   outer loop
     vertex  0.000000e+00  0.000000e+00  0.000000e+00
     vertex  0.000000e+00  3.850000e+01  1.100000e+01
     vertex  0.000000e+00  3.850000e+01  3.000000e+00
   endloop
 endfacet
 facet normal -1.000000e+00  0.000000e+00  0.000000e+00
   outer loop
     vertex  0.000000e+00  0.000000e+00  3.600000e+01
     vertex  0.000000e+00  9.100000e+01  3.600000e+01
     vertex  0.000000e+00  3.850000e+01  1.100000e+01
   endloop
 endfacet
 facet normal -1.000000e+00  0.000000e+00  0.000000e+00
   outer loop
     vertex  0.000000e+00  0.000000e+00  3.600000e+01
     vertex  0.000000e+00  3.850000e+01  1.100000e+01
     vertex  0.000000e+00  0.000000e+00  0.000000e+00
   endloop
 endfacet
 facet normal -1.000000e+00  0.000000e+00  0.000000e+00
   outer loop
     vertex  0.000000e+00  0.000000e+00  0.000000e+00
     vertex  0.000000e+00  5.250000e+01  3.000000e+00
     vertex  0.000000e+00  9.100000e+01  0.000000e+00
   endloop
 endfacet
 facet normal -1.000000e+00  0.000000e+00  0.000000e+00
   outer loop
     vertex  0.000000e+00  0.000000e+00  0.000000e+00
     vertex  0.000000e+00  3.850000e+01  3.000000e+00
     vertex  0.000000e+00  5.250000e+01  3.000000e+00
   endloop
 endfacet
 facet normal  0.000000e+00 -1.000000e+00 -0.000000e+00
   outer loop
     vertex  2.337128e+01  0.000000e+00  1.644766e+01
     vertex  0.000000e+00  0.000000e+00  0.000000e+00
     vertex  2.341448e+01  0.000000e+00  1.640356e+01
   endloop
 endfacet
 facet normal -0.000000e+00 -1.000000e+00  0.000000e+00
   outer loop
     vertex  2.345887e+01  0.000000e+00  1.636067e+01
     vertex  2.341448e+01  0.000000e+00  1.640356e+01
     vertex  0.000000e+00  0.000000e+00  0.000000e+00
   endloop
 endfacet
 facet normal  0.000000e+00 -1.000000e+00 -0.000000e+00
   outer loop
     vertex  2.332930e+01  0.000000e+00  1.649293e+01
     vertex  0.000000e+00  0.000000e+00  0.000000e+00
     vertex  2.337128e+01  0.000000e+00  1.644766e+01
   endloop
 endfacet
 facet normal -0.000000e+00 -1.000000e+00  0.000000e+00
   outer loop
     vertex  2.350442e+01  0.000000e+00  1.631900e+01
     vertex  2.345887e+01  0.000000e+00  1.636067e+01
     vertex  0.000000e+00  0.000000e+00  0.000000e+00
   endloop
 endfacet
 facet normal  0.000000e+00 -1.000000e+00 -0.000000e+00
   outer loop
     vertex  2.328859e+01  0.000000e+00  1.653933e+01
     vertex  0.000000e+00  0.000000e+00  0.000000e+00
     vertex  2.332930e+01  0.000000e+00  1.649293e+01
   endloop
 endfacet
 facet normal -0.000000e+00 -1.000000e+00  0.000000e+00
   outer loop
     vertex  2.355110e+01  0.000000e+00  1.627861e+01
     vertex  2.350442e+01  0.000000e+00  1.631900e+01
     vertex  0.000000e+00  0.000000e+00  0.000000e+00
   endloop
 endfacet
 facet normal  0.000000e+00 -1.000000e+00 -0.000000e+00
   outer loop
     vertex  2.324916e+01  0.000000e+00  1.658683e+01
     vertex  0.000000e+00  0.000000e+00  0.000000e+00
     vertex  2.328859e+01  0.000000e+00  1.653933e+01
   endloop
 endfacet
 facet normal -0.000000e+00 -1.000000e+00  0.000000e+00
   outer loop
     vertex  2.359887e+01  0.000000e+00  1.623951e+01
     vertex  2.355110e+01  0.000000e+00  1.627861e+01
     vertex  0.000000e+00  0.000000e+00  0.000000e+00
   endloop
 endfacet
 facet normal  0.000000e+00 -1.000000e+00 -0.000000e+00
   outer loop
     vertex  2.321105e+01  0.000000e+00  1.663539e+01
     vertex  0.000000e+00  0.000000e+00  0.000000e+00
     vertex  2.324916e+01  0.000000e+00  1.658683e+01
   endloop
 endfacet
 facet normal -0.000000e+00 -1.000000e+00  0.000000e+00
   outer loop
     vertex  2.364770e+01  0.000000e+00  1.620173e+01
     vertex  2.359887e+01  0.000000e+00  1.623951e+01
     vertex  0.000000e+00  0.000000e+00  0.000000e+00
   endloop
 endfacet
 facet normal  0.000000e+00 -1.000000e+00 -0.000000e+00
   outer loop
     vertex  2.317428e+01  0.000000e+00  1.668499e+01
     vertex  0.000000e+00  0.000000e+00  0.000000e+00
     vertex  2.321105e+01  0.000000e+00  1.663539e+01
   endloop
 endfacet
 facet normal -0.000000e+00 -1.000000e+00  0.000000e+00
   outer loop
     vertex  2.369754e+01  0.000000e+00  1.616531e+01
     vertex  2.364770e+01  0.000000e+00  1.620173e+01
     vertex  0.000000e+00  0.000000e+00  0.000000e+00
   endloop
 endfacet
 facet normal  0.000000e+00 -1.000000e+00 -0.000000e+00
   outer loop
     vertex  2.313890e+01  0.000000e+00  1.673557e+01
     vertex  0.000000e+00  0.000000e+00  0.000000e+00
     vertex  2.317428e+01  0.000000e+00  1.668499e+01
   endloop
 endfacet
 facet normal -0.000000e+00 -1.000000e+00  0.000000e+00
   outer loop
     vertex  2.374836e+01  0.000000e+00  1.613027e+01
     vertex  2.369754e+01  0.000000e+00  1.616531e+01
     vertex  0.000000e+00  0.000000e+00  0.000000e+00
   endloop
 endfacet
 facet normal  0.000000e+00 -1.000000e+00 -0.000000e+00
   outer loop
     vertex  2.310491e+01  0.000000e+00  1.678710e+01
     vertex  0.000000e+00  0.000000e+00  0.000000e+00
     vertex  2.313890e+01  0.000000e+00  1.673557e+01
   endloop
 endfacet
 facet normal -0.000000e+00 -1.000000e+00  0.000000e+00
   outer loop
     vertex  2.380013e+01  0.000000e+00  1.609663e+01
     vertex  2.374836e+01  0.000000e+00  1.613027e+01
     vertex  0.000000e+00  0.000000e+00  0.000000e+00
   endloop
 endfacet
 facet normal  0.000000e+00 -1.000000e+00 -0.000000e+00
   outer loop
     vertex  2.307235e+01  0.000000e+00  1.683955e+01
     vertex  0.000000e+00  0.000000e+00  0.000000e+00
     vertex  2.310491e+01  0.000000e+00  1.678710e+01
   endloop
 endfacet
 facet normal -0.000000e+00 -1.000000e+00  0.000000e+00
   outer loop
     vertex  2.385280e+01  0.000000e+00  1.606443e+01
     vertex  2.380013e+01  0.000000e+00  1.609663e+01
     vertex  0.000000e+00  0.000000e+00  0.000000e+00
   endloop
 endfacet
 facet normal  0.000000e+00 -1.000000e+00 -0.000000e+00
   outer loop
     vertex  2.304124e+01  0.000000e+00  1.689287e+01
     vertex  0.000000e+00  0.000000e+00  0.000000e+00
     vertex  2.307235e+01  0.000000e+00  1.683955e+01
   endloop
 endfacet
 facet normal -0.000000e+00 -1.000000e+00  0.000000e+00
   outer loop
     vertex  2.390633e+01  0.000000e+00  1.603369e+01
     vertex  2.385280e+01  0.000000e+00  1.606443e+01
     vertex  0.000000e+00  0.000000e+00  0.000000e+00
   endloop
 endfacet
 facet normal  0.000000e+00 -1.000000e+00 -0.000000e+00
   outer loop
     vertex  2.301160e+01  0.000000e+00  1.694702e+01
     vertex  0.000000e+00  0.000000e+00  0.000000e+00
     vertex  2.304124e+01  0.000000e+00  1.689287e+01
   endloop
 endfacet
 facet normal -0.000000e+00 -1.000000e+00  0.000000e+00
   outer loop
     vertex  2.396069e+01  0.000000e+00  1.600442e+01
     vertex  2.390633e+01  0.000000e+00  1.603369e+01
     vertex  0.000000e+00  0.000000e+00  0.000000e+00
   endloop
 endfacet
 facet normal  0.000000e+00 -1.000000e+00 -0.000000e+00
   outer loop
     vertex  2.298346e+01  0.000000e+00  1.700197e+01
     vertex  0.000000e+00  0.000000e+00  0.000000e+00
     vertex  2.301160e+01  0.000000e+00  1.694702e+01
   endloop
 endfacet
 facet normal -0.000000e+00 -1.000000e+00  0.000000e+00
   outer loop
     vertex  2.401582e+01  0.000000e+00  1.597666e+01
     vertex  2.396069e+01  0.000000e+00  1.600442e+01
     vertex  0.000000e+00  0.000000e+00  0.000000e+00
   endloop
 endfacet
 facet normal  0.000000e+00 -1.000000e+00 -0.000000e+00
   outer loop
     vertex  2.295684e+01  0.000000e+00  1.705767e+01
     vertex  0.000000e+00  0.000000e+00  0.000000e+00
     vertex  2.298346e+01  0.000000e+00  1.700197e+01
   endloop
 endfacet
 facet normal -0.000000e+00 -1.000000e+00  0.000000e+00
   outer loop
     vertex  2.407170e+01  0.000000e+00  1.595042e+01
     vertex  2.401582e+01  0.000000e+00  1.597666e+01
     vertex  0.000000e+00  0.000000e+00  0.000000e+00
   endloop
 endfacet
 facet normal  0.000000e+00 -1.000000e+00 -0.000000e+00
   outer loop
     vertex  2.293176e+01  0.000000e+00  1.711407e+01
     vertex  0.000000e+00  0.000000e+00  0.000000e+00
     vertex  2.295684e+01  0.000000e+00  1.705767e+01
   endloop
 endfacet
 facet normal -0.000000e+00 -1.000000e+00  0.000000e+00
   outer loop
     vertex  2.412828e+01  0.000000e+00  1.592573e+01
     vertex  2.407170e+01  0.000000e+00  1.595042e+01
     vertex  0.000000e+00  0.000000e+00  0.000000e+00
   endloop
 endfacet
 facet normal  0.000000e+00 -1.000000e+00 -0.000000e+00
   outer loop
     vertex  2.290823e+01  0.000000e+00  1.717115e+01
     vertex  0.000000e+00  0.000000e+00  0.000000e+00
     vertex  2.293176e+01  0.000000e+00  1.711407e+01
   endloop
 endfacet
 facet normal -0.000000e+00 -1.000000e+00  0.000000e+00
   outer loop
     vertex  2.418551e+01  0.000000e+00  1.590259e+01
     vertex  2.412828e+01  0.000000e+00  1.592573e+01
     vertex  0.000000e+00  0.000000e+00  0.000000e+00
   endloop
 endfacet
 facet normal  0.000000e+00 -1.000000e+00 -0.000000e+00
   outer loop
     vertex  2.288628e+01  0.000000e+00  1.722884e+01
     vertex  0.000000e+00  0.000000e+00  0.000000e+00
     vertex  2.290823e+01  0.000000e+00  1.717115e+01
   endloop
 endfacet
 facet normal -0.000000e+00 -1.000000e+00  0.000000e+00
   outer loop
     vertex  2.424336e+01  0.000000e+00  1.588104e+01
     vertex  2.418551e+01  0.000000e+00  1.590259e+01
     vertex  0.000000e+00  0.000000e+00  0.000000e+00
   endloop
 endfacet
 facet normal  0.000000e+00 -1.000000e+00 -0.000000e+00
   outer loop
     vertex  2.286592e+01  0.000000e+00  1.728712e+01
     vertex  0.000000e+00  0.000000e+00  0.000000e+00
     vertex  2.288628e+01  0.000000e+00  1.722884e+01
   endloop
 endfacet
 facet normal -0.000000e+00 -1.000000e+00  0.000000e+00
   outer loop
     vertex  2.430178e+01  0.000000e+00  1.586108e+01
     vertex  2.424336e+01  0.000000e+00  1.588104e+01
     vertex  0.000000e+00  0.000000e+00  0.000000e+00
   endloop
 endfacet
 facet normal  0.000000e+00 -1.000000e+00 -0.000000e+00
   outer loop
     vertex  2.284716e+01  0.000000e+00  1.734594e+01
     vertex  0.000000e+00  0.000000e+00  0.000000e+00
     vertex  2.286592e+01  0.000000e+00  1.728712e+01
   endloop
 endfacet
 facet normal -0.000000e+00 -1.000000e+00  0.000000e+00
   outer loop
     vertex  2.436072e+01  0.000000e+00  1.584273e+01
     vertex  2.430178e+01  0.000000e+00  1.586108e+01
     vertex  0.000000e+00  0.000000e+00  0.000000e+00
   endloop
 endfacet
 facet normal  0.000000e+00 -1.000000e+00 -0.000000e+00
   outer loop
     vertex  2.283003e+01  0.000000e+00  1.740524e+01
     vertex  0.000000e+00  0.000000e+00  0.000000e+00
     vertex  2.284716e+01  0.000000e+00  1.734594e+01
   endloop
 endfacet
 facet normal -0.000000e+00 -1.000000e+00  0.000000e+00
   outer loop
     vertex  2.442014e+01  0.000000e+00  1.582600e+01
     vertex  2.436072e+01  0.000000e+00  1.584273e+01
     vertex  0.000000e+00  0.000000e+00  0.000000e+00
   endloop
 endfacet
 facet normal  0.000000e+00 -1.000000e+00 -0.000000e+00
   outer loop
     vertex  2.281453e+01  0.000000e+00  1.746500e+01
     vertex  0.000000e+00  0.000000e+00  0.000000e+00
     vertex  2.283003e+01  0.000000e+00  1.740524e+01
   endloop
 endfacet
 facet normal -0.000000e+00 -1.000000e+00  0.000000e+00
   outer loop
     vertex  2.448000e+01  0.000000e+00  1.581091e+01
     vertex  2.442014e+01  0.000000e+00  1.582600e+01
     vertex  0.000000e+00  0.000000e+00  0.000000e+00
   endloop
 endfacet
 facet normal  0.000000e+00 -1.000000e+00 -0.000000e+00
   outer loop
     vertex  2.280068e+01  0.000000e+00  1.752516e+01
     vertex  0.000000e+00  0.000000e+00  0.000000e+00
     vertex  2.281453e+01  0.000000e+00  1.746500e+01
   endloop
 endfacet
 facet normal -0.000000e+00 -1.000000e+00  0.000000e+00
   outer loop
     vertex  2.454025e+01  0.000000e+00  1.579747e+01
     vertex  2.448000e+01  0.000000e+00  1.581091e+01
     vertex  0.000000e+00  0.000000e+00  0.000000e+00
   endloop
 endfacet
 facet normal  0.000000e+00 -1.000000e+00 -0.000000e+00
   outer loop
     vertex  2.278848e+01  0.000000e+00  1.758567e+01
     vertex  0.000000e+00  0.000000e+00  0.000000e+00
     vertex  2.280068e+01  0.000000e+00  1.752516e+01
   endloop
 endfacet
 facet normal -0.000000e+00 -1.000000e+00  0.000000e+00
   outer loop
     vertex  2.460085e+01  0.000000e+00  1.578569e+01
     vertex  2.454025e+01  0.000000e+00  1.579747e+01
     vertex  0.000000e+00  0.000000e+00  0.000000e+00
   endloop
 endfacet
 facet normal  0.000000e+00 -1.000000e+00 -0.000000e+00
   outer loop
     vertex  2.277794e+01  0.000000e+00  1.764650e+01
     vertex  0.000000e+00  0.000000e+00  0.000000e+00
     vertex  2.278848e+01  0.000000e+00  1.758567e+01
   endloop
 endfacet
 facet normal -0.000000e+00 -1.000000e+00  0.000000e+00
   outer loop
     vertex  2.466175e+01  0.000000e+00  1.577557e+01
     vertex  2.460085e+01  0.000000e+00  1.578569e+01
     vertex  0.000000e+00  0.000000e+00  0.000000e+00
   endloop
 endfacet
 facet normal  0.000000e+00 -1.000000e+00 -0.000000e+00
   outer loop
     vertex  2.276908e+01  0.000000e+00  1.770759e+01
     vertex  0.000000e+00  0.000000e+00  0.000000e+00
     vertex  2.277794e+01  0.000000e+00  1.764650e+01
   endloop
 endfacet
 facet normal -0.000000e+00 -1.000000e+00  0.000000e+00
   outer loop
     vertex  2.472290e+01  0.000000e+00  1.576713e+01
     vertex  2.466175e+01  0.000000e+00  1.577557e+01
     vertex  0.000000e+00  0.000000e+00  0.000000e+00
   endloop
 endfacet
 facet normal  0.000000e+00 -1.000000e+00 -0.000000e+00
   outer loop
     vertex  2.276190e+01  0.000000e+00  1.776890e+01
     vertex  0.000000e+00  0.000000e+00  0.000000e+00
     vertex  2.276908e+01  0.000000e+00  1.770759e+01
   endloop
 endfacet
 facet normal -0.000000e+00 -1.000000e+00  0.000000e+00
   outer loop
     vertex  2.478426e+01  0.000000e+00  1.576037e+01
     vertex  2.472290e+01  0.000000e+00  1.576713e+01
     vertex  0.000000e+00  0.000000e+00  0.000000e+00
   endloop
 endfacet
 facet normal  0.000000e+00 -1.000000e+00 -0.000000e+00
   outer loop
     vertex  2.275640e+01  0.000000e+00  1.783039e+01
     vertex  0.000000e+00  0.000000e+00  0.000000e+00
     vertex  2.276190e+01  0.000000e+00  1.776890e+01
   endloop
 endfacet
 facet normal -0.000000e+00 -1.000000e+00  0.000000e+00
   outer loop
     vertex  2.484579e+01  0.000000e+00  1.575529e+01
     vertex  2.478426e+01  0.000000e+00  1.576037e+01
     vertex  0.000000e+00  0.000000e+00  0.000000e+00
   endloop
 endfacet
 facet normal  0.000000e+00 -1.000000e+00 -0.000000e+00
   outer loop
     vertex  2.275259e+01  0.000000e+00  1.789201e+01
     vertex  0.000000e+00  0.000000e+00  0.000000e+00
     vertex  2.275640e+01  0.000000e+00  1.783039e+01
   endloop
 endfacet
 facet normal -0.000000e+00 -1.000000e+00  0.000000e+00
   outer loop
     vertex  2.490742e+01  0.000000e+00  1.575191e+01
     vertex  2.484579e+01  0.000000e+00  1.575529e+01
     vertex  0.000000e+00  0.000000e+00  0.000000e+00
   endloop
 endfacet
 facet normal  0.000000e+00 -1.000000e+00 -0.000000e+00
   outer loop
     vertex  2.275048e+01  0.000000e+00  1.795370e+01
     vertex  0.000000e+00  0.000000e+00  0.000000e+00
     vertex  2.275259e+01  0.000000e+00  1.789201e+01
   endloop
 endfacet
 facet normal -0.000000e+00 -1.000000e+00  0.000000e+00
   outer loop
     vertex  2.496913e+01  0.000000e+00  1.575021e+01
     vertex  2.490742e+01  0.000000e+00  1.575191e+01
     vertex  0.000000e+00  0.000000e+00  0.000000e+00
   endloop
 endfacet
 facet normal -0.000000e+00 -1.000000e+00  0.000000e+00
   outer loop
     vertex  2.275005e+01  0.000000e+00  1.801543e+01
     vertex  0.000000e+00  0.000000e+00  3.600000e+01
     vertex  0.000000e+00  0.000000e+00  0.000000e+00
   endloop
 endfacet
 facet normal  0.000000e+00 -1.000000e+00 -0.000000e+00
   outer loop
     vertex  2.275005e+01  0.000000e+00  1.801543e+01
     vertex  0.000000e+00  0.000000e+00  0.000000e+00
     vertex  2.275048e+01  0.000000e+00  1.795370e+01
   endloop
 endfacet
 facet normal -0.000000e+00 -1.000000e+00  0.000000e+00
   outer loop
     vertex  2.503087e+01  0.000000e+00  1.575021e+01
     vertex  2.496913e+01  0.000000e+00  1.575021e+01
     vertex  0.000000e+00  0.000000e+00  0.000000e+00
   endloop
 endfacet
 facet normal -0.000000e+00 -1.000000e+00  0.000000e+00
   outer loop
     vertex  2.275132e+01  0.000000e+00  1.807715e+01
     vertex  0.000000e+00  0.000000e+00  3.600000e+01
     vertex  2.275005e+01  0.000000e+00  1.801543e+01
   endloop
 endfacet
 facet normal  0.000000e+00 -1.000000e+00  0.000000e+00
   outer loop
     vertex  2.509258e+01  0.000000e+00  1.575191e+01
     vertex  2.503087e+01  0.000000e+00  1.575021e+01
     vertex  0.000000e+00  0.000000e+00  0.000000e+00
   endloop
 endfacet
 facet normal -0.000000e+00 -1.000000e+00  0.000000e+00
   outer loop
     vertex  2.275429e+01  0.000000e+00  1.813881e+01
     vertex  0.000000e+00  0.000000e+00  3.600000e+01
     vertex  2.275132e+01  0.000000e+00  1.807715e+01
   endloop
 endfacet
 facet normal  0.000000e+00 -1.000000e+00  0.000000e+00
   outer loop
     vertex  2.515421e+01  0.000000e+00  1.575529e+01
     vertex  2.509258e+01  0.000000e+00  1.575191e+01
     vertex  0.000000e+00  0.000000e+00  0.000000e+00
   endloop
 endfacet
 facet normal -0.000000e+00 -1.000000e+00  0.000000e+00
   outer loop
     vertex  2.275894e+01  0.000000e+00  1.820037e+01
     vertex  0.000000e+00  0.000000e+00  3.600000e+01
     vertex  2.275429e+01  0.000000e+00  1.813881e+01
   endloop
 endfacet
 facet normal  0.000000e+00 -1.000000e+00  0.000000e+00
   outer loop
     vertex  2.521574e+01  0.000000e+00  1.576037e+01
     vertex  2.515421e+01  0.000000e+00  1.575529e+01
     vertex  0.000000e+00  0.000000e+00  0.000000e+00
   endloop
 endfacet
 facet normal -0.000000e+00 -1.000000e+00  0.000000e+00
   outer loop
     vertex  2.276528e+01  0.000000e+00  1.826178e+01
     vertex  0.000000e+00  0.000000e+00  3.600000e+01
     vertex  2.275894e+01  0.000000e+00  1.820037e+01
   endloop
 endfacet
 facet normal  0.000000e+00 -1.000000e+00  0.000000e+00
   outer loop
     vertex  2.527710e+01  0.000000e+00  1.576713e+01
     vertex  2.521574e+01  0.000000e+00  1.576037e+01
     vertex  0.000000e+00  0.000000e+00  0.000000e+00
   endloop
 endfacet
 facet normal -0.000000e+00 -1.000000e+00  0.000000e+00
   outer loop
     vertex  2.277330e+01  0.000000e+00  1.832299e+01
     vertex  0.000000e+00  0.000000e+00  3.600000e+01
     vertex  2.276528e+01  0.000000e+00  1.826178e+01
   endloop
 endfacet
 facet normal  0.000000e+00 -1.000000e+00  0.000000e+00
   outer loop
     vertex  2.533825e+01  0.000000e+00  1.577557e+01
     vertex  2.527710e+01  0.000000e+00  1.576713e+01
     vertex  0.000000e+00  0.000000e+00  0.000000e+00
   endloop
 endfacet
 facet normal -0.000000e+00 -1.000000e+00  0.000000e+00
   outer loop
     vertex  2.278300e+01  0.000000e+00  1.838395e+01
     vertex  0.000000e+00  0.000000e+00  3.600000e+01
     vertex  2.277330e+01  0.000000e+00  1.832299e+01
   endloop
 endfacet
 facet normal  0.000000e+00 -1.000000e+00  0.000000e+00
   outer loop
     vertex  2.539915e+01  0.000000e+00  1.578569e+01
     vertex  2.533825e+01  0.000000e+00  1.577557e+01
     vertex  0.000000e+00  0.000000e+00  0.000000e+00
   endloop
 endfacet
 facet normal -0.000000e+00 -1.000000e+00  0.000000e+00
   outer loop
     vertex  2.279437e+01  0.000000e+00  1.844463e+01
     vertex  0.000000e+00  0.000000e+00  3.600000e+01
     vertex  2.278300e+01  0.000000e+00  1.838395e+01
   endloop
 endfacet
 facet normal  0.000000e+00 -1.000000e+00  0.000000e+00
   outer loop
     vertex  2.545975e+01  0.000000e+00  1.579747e+01
     vertex  2.539915e+01  0.000000e+00  1.578569e+01
     vertex  0.000000e+00  0.000000e+00  0.000000e+00
   endloop
 endfacet
 facet normal -0.000000e+00 -1.000000e+00  0.000000e+00
   outer loop
     vertex  2.280740e+01  0.000000e+00  1.850497e+01
     vertex  0.000000e+00  0.000000e+00  3.600000e+01
     vertex  2.279437e+01  0.000000e+00  1.844463e+01
   endloop
 endfacet
 facet normal  0.000000e+00 -1.000000e+00  0.000000e+00
   outer loop
     vertex  2.552000e+01  0.000000e+00  1.581091e+01
     vertex  2.545975e+01  0.000000e+00  1.579747e+01
     vertex  0.000000e+00  0.000000e+00  0.000000e+00
   endloop
 endfacet
 facet normal -0.000000e+00 -1.000000e+00  0.000000e+00
   outer loop
     vertex  2.282208e+01  0.000000e+00  1.856493e+01
     vertex  0.000000e+00  0.000000e+00  3.600000e+01
     vertex  2.280740e+01  0.000000e+00  1.850497e+01
   endloop
 endfacet
 facet normal  0.000000e+00 -1.000000e+00  0.000000e+00
   outer loop
     vertex  2.557986e+01  0.000000e+00  1.582600e+01
     vertex  2.552000e+01  0.000000e+00  1.581091e+01
     vertex  0.000000e+00  0.000000e+00  0.000000e+00
   endloop
 endfacet
 facet normal -0.000000e+00 -1.000000e+00  0.000000e+00
   outer loop
     vertex  2.283839e+01  0.000000e+00  1.862447e+01
     vertex  0.000000e+00  0.000000e+00  3.600000e+01
     vertex  2.282208e+01  0.000000e+00  1.856493e+01
   endloop
 endfacet
 facet normal  0.000000e+00 -1.000000e+00  0.000000e+00
   outer loop
     vertex  2.563928e+01  0.000000e+00  1.584273e+01
     vertex  2.557986e+01  0.000000e+00  1.582600e+01
     vertex  0.000000e+00  0.000000e+00  0.000000e+00
   endloop
 endfacet
 facet normal -0.000000e+00 -1.000000e+00  0.000000e+00
   outer loop
     vertex  2.285634e+01  0.000000e+00  1.868354e+01
     vertex  0.000000e+00  0.000000e+00  3.600000e+01
     vertex  2.283839e+01  0.000000e+00  1.862447e+01
   endloop
 endfacet
 facet normal  0.000000e+00 -1.000000e+00  0.000000e+00
   outer loop
     vertex  2.569822e+01  0.000000e+00  1.586108e+01
     vertex  2.563928e+01  0.000000e+00  1.584273e+01
     vertex  0.000000e+00  0.000000e+00  0.000000e+00
   endloop
 endfacet
 facet normal -0.000000e+00 -1.000000e+00  0.000000e+00
   outer loop
     vertex  2.287590e+01  0.000000e+00  1.874209e+01
     vertex  0.000000e+00  0.000000e+00  3.600000e+01
     vertex  2.285634e+01  0.000000e+00  1.868354e+01
   endloop
 endfacet
 facet normal  0.000000e+00 -1.000000e+00  0.000000e+00
   outer loop
     vertex  2.575664e+01  0.000000e+00  1.588104e+01
     vertex  2.569822e+01  0.000000e+00  1.586108e+01
     vertex  0.000000e+00  0.000000e+00  0.000000e+00
   endloop
 endfacet
 facet normal -0.000000e+00 -1.000000e+00  0.000000e+00
   outer loop
     vertex  2.289706e+01  0.000000e+00  1.880008e+01
     vertex  0.000000e+00  0.000000e+00  3.600000e+01
     vertex  2.287590e+01  0.000000e+00  1.874209e+01
   endloop
 endfacet
 facet normal  0.000000e+00 -1.000000e+00  0.000000e+00
   outer loop
     vertex  2.581449e+01  0.000000e+00  1.590259e+01
     vertex  2.575664e+01  0.000000e+00  1.588104e+01
     vertex  0.000000e+00  0.000000e+00  0.000000e+00
   endloop
 endfacet
 facet normal -0.000000e+00 -1.000000e+00  0.000000e+00
   outer loop
     vertex  2.291980e+01  0.000000e+00  1.885747e+01
     vertex  0.000000e+00  0.000000e+00  3.600000e+01
     vertex  2.289706e+01  0.000000e+00  1.880008e+01
   endloop
 endfacet
 facet normal  0.000000e+00 -1.000000e+00  0.000000e+00
   outer loop
     vertex  2.587172e+01  0.000000e+00  1.592573e+01
     vertex  2.581449e+01  0.000000e+00  1.590259e+01
     vertex  0.000000e+00  0.000000e+00  0.000000e+00
   endloop
 endfacet
 facet normal -0.000000e+00 -1.000000e+00  0.000000e+00
   outer loop
     vertex  2.294410e+01  0.000000e+00  1.891422e+01
     vertex  0.000000e+00  0.000000e+00  3.600000e+01
     vertex  2.291980e+01  0.000000e+00  1.885747e+01
   endloop
 endfacet
 facet normal  0.000000e+00 -1.000000e+00  0.000000e+00
   outer loop
     vertex  2.592830e+01  0.000000e+00  1.595042e+01
     vertex  2.587172e+01  0.000000e+00  1.592573e+01
     vertex  0.000000e+00  0.000000e+00  0.000000e+00
   endloop
 endfacet
 facet normal -0.000000e+00 -1.000000e+00  0.000000e+00
   outer loop
     vertex  2.296996e+01  0.000000e+00  1.897027e+01
     vertex  0.000000e+00  0.000000e+00  3.600000e+01
     vertex  2.294410e+01  0.000000e+00  1.891422e+01
   endloop
 endfacet
 facet normal -0.000000e+00 -1.000000e+00  0.000000e+00
   outer loop
     vertex  2.299734e+01  0.000000e+00  1.902560e+01
     vertex  0.000000e+00  0.000000e+00  3.600000e+01
     vertex  2.296996e+01  0.000000e+00  1.897027e+01
   endloop
 endfacet
 facet normal -0.000000e+00 -1.000000e+00  0.000000e+00
   outer loop
     vertex  2.302623e+01  0.000000e+00  1.908016e+01
     vertex  0.000000e+00  0.000000e+00  3.600000e+01
     vertex  2.299734e+01  0.000000e+00  1.902560e+01
   endloop
 endfacet
 facet normal -0.000000e+00 -1.000000e+00  0.000000e+00
   outer loop
     vertex  2.305661e+01  0.000000e+00  1.913390e+01
     vertex  0.000000e+00  0.000000e+00  3.600000e+01
     vertex  2.302623e+01  0.000000e+00  1.908016e+01
   endloop
 endfacet
 facet normal -0.000000e+00 -1.000000e+00  0.000000e+00
   outer loop
     vertex  2.308845e+01  0.000000e+00  1.918679e+01
     vertex  0.000000e+00  0.000000e+00  3.600000e+01
     vertex  2.305661e+01  0.000000e+00  1.913390e+01
   endloop
 endfacet
 facet normal -0.000000e+00 -1.000000e+00  0.000000e+00
   outer loop
     vertex  2.312172e+01  0.000000e+00  1.923878e+01
     vertex  0.000000e+00  0.000000e+00  3.600000e+01
     vertex  2.308845e+01  0.000000e+00  1.918679e+01
   endloop
 endfacet
 facet normal -0.000000e+00 -1.000000e+00  0.000000e+00
   outer loop
     vertex  2.315642e+01  0.000000e+00  1.928984e+01
     vertex  0.000000e+00  0.000000e+00  3.600000e+01
     vertex  2.312172e+01  0.000000e+00  1.923878e+01
   endloop
 endfacet
 facet normal -0.000000e+00 -1.000000e+00  0.000000e+00
   outer loop
     vertex  2.319250e+01  0.000000e+00  1.933994e+01
     vertex  0.000000e+00  0.000000e+00  3.600000e+01
     vertex  2.315642e+01  0.000000e+00  1.928984e+01
   endloop
 endfacet
 facet normal -0.000000e+00 -1.000000e+00  0.000000e+00
   outer loop
     vertex  2.322994e+01  0.000000e+00  1.938902e+01
     vertex  0.000000e+00  0.000000e+00  3.600000e+01
     vertex  2.319250e+01  0.000000e+00  1.933994e+01
   endloop
 endfacet
 facet normal -0.000000e+00 -1.000000e+00  0.000000e+00
   outer loop
     vertex  2.326871e+01  0.000000e+00  1.943706e+01
     vertex  0.000000e+00  0.000000e+00  3.600000e+01
     vertex  2.322994e+01  0.000000e+00  1.938902e+01
   endloop
 endfacet
 facet normal -0.000000e+00 -1.000000e+00  0.000000e+00
   outer loop
     vertex  2.330878e+01  0.000000e+00  1.948401e+01
     vertex  0.000000e+00  0.000000e+00  3.600000e+01
     vertex  2.326871e+01  0.000000e+00  1.943706e+01
   endloop
 endfacet
 facet normal -0.000000e+00 -1.000000e+00  0.000000e+00
   outer loop
     vertex  2.335013e+01  0.000000e+00  1.952985e+01
     vertex  0.000000e+00  0.000000e+00  3.600000e+01
     vertex  2.330878e+01  0.000000e+00  1.948401e+01
   endloop
 endfacet
 facet normal -0.000000e+00 -1.000000e+00  0.000000e+00
   outer loop
     vertex  2.339272e+01  0.000000e+00  1.957454e+01
     vertex  0.000000e+00  0.000000e+00  3.600000e+01
     vertex  2.335013e+01  0.000000e+00  1.952985e+01
   endloop
 endfacet
 facet normal -0.000000e+00 -1.000000e+00  0.000000e+00
   outer loop
     vertex  2.343653e+01  0.000000e+00  1.961804e+01
     vertex  0.000000e+00  0.000000e+00  3.600000e+01
     vertex  2.339272e+01  0.000000e+00  1.957454e+01
   endloop
 endfacet
 facet normal -0.000000e+00 -1.000000e+00  0.000000e+00
   outer loop
     vertex  2.348150e+01  0.000000e+00  1.966032e+01
     vertex  0.000000e+00  0.000000e+00  3.600000e+01
     vertex  2.343653e+01  0.000000e+00  1.961804e+01
   endloop
 endfacet
 facet normal -0.000000e+00 -1.000000e+00  0.000000e+00
   outer loop
     vertex  2.352762e+01  0.000000e+00  1.970136e+01
     vertex  0.000000e+00  0.000000e+00  3.600000e+01
     vertex  2.348150e+01  0.000000e+00  1.966032e+01
   endloop
 endfacet
 facet normal -0.000000e+00 -1.000000e+00  0.000000e+00
   outer loop
     vertex  2.357485e+01  0.000000e+00  1.974111e+01
     vertex  0.000000e+00  0.000000e+00  3.600000e+01
     vertex  2.352762e+01  0.000000e+00  1.970136e+01
   endloop
 endfacet
 facet normal -0.000000e+00 -1.000000e+00  0.000000e+00
   outer loop
     vertex  2.362316e+01  0.000000e+00  1.977955e+01
     vertex  0.000000e+00  0.000000e+00  3.600000e+01
     vertex  2.357485e+01  0.000000e+00  1.974111e+01
   endloop
 endfacet
 facet normal -0.000000e+00 -1.000000e+00  0.000000e+00
   outer loop
     vertex  2.367249e+01  0.000000e+00  1.981665e+01
     vertex  0.000000e+00  0.000000e+00  3.600000e+01
     vertex  2.362316e+01  0.000000e+00  1.977955e+01
   endloop
 endfacet
 facet normal -0.000000e+00 -1.000000e+00  0.000000e+00
   outer loop
     vertex  2.372283e+01  0.000000e+00  1.985239e+01
     vertex  0.000000e+00  0.000000e+00  3.600000e+01
     vertex  2.367249e+01  0.000000e+00  1.981665e+01
   endloop
 endfacet
 facet normal -0.000000e+00 -1.000000e+00  0.000000e+00
   outer loop
     vertex  2.377413e+01  0.000000e+00  1.988673e+01
     vertex  0.000000e+00  0.000000e+00  3.600000e+01
     vertex  2.372283e+01  0.000000e+00  1.985239e+01
   endloop
 endfacet
 facet normal -0.000000e+00 -1.000000e+00  0.000000e+00
   outer loop
     vertex  2.382635e+01  0.000000e+00  1.991965e+01
     vertex  0.000000e+00  0.000000e+00  3.600000e+01
     vertex  2.377413e+01  0.000000e+00  1.988673e+01
   endloop
 endfacet
 facet normal -0.000000e+00 -1.000000e+00  0.000000e+00
   outer loop
     vertex  2.387946e+01  0.000000e+00  1.995112e+01
     vertex  0.000000e+00  0.000000e+00  3.600000e+01
     vertex  2.382635e+01  0.000000e+00  1.991965e+01
   endloop
 endfacet
 facet normal -0.000000e+00 -1.000000e+00  0.000000e+00
   outer loop
     vertex  2.393341e+01  0.000000e+00  1.998113e+01
     vertex  0.000000e+00  0.000000e+00  3.600000e+01
     vertex  2.387946e+01  0.000000e+00  1.995112e+01
   endloop
 endfacet
 facet normal -0.000000e+00 -1.000000e+00  0.000000e+00
   outer loop
     vertex  2.398816e+01  0.000000e+00  2.000965e+01
     vertex  0.000000e+00  0.000000e+00  3.600000e+01
     vertex  2.393341e+01  0.000000e+00  1.998113e+01
   endloop
 endfacet
 facet normal -0.000000e+00 -1.000000e+00  0.000000e+00
   outer loop
     vertex  2.404367e+01  0.000000e+00  2.003665e+01
     vertex  0.000000e+00  0.000000e+00  3.600000e+01
     vertex  2.398816e+01  0.000000e+00  2.000965e+01
   endloop
 endfacet
 facet normal -0.000000e+00 -1.000000e+00  0.000000e+00
   outer loop
     vertex  2.409991e+01  0.000000e+00  2.006212e+01
     vertex  0.000000e+00  0.000000e+00  3.600000e+01
     vertex  2.404367e+01  0.000000e+00  2.003665e+01
   endloop
 endfacet
 facet normal -0.000000e+00 -1.000000e+00  0.000000e+00
   outer loop
     vertex  2.415682e+01  0.000000e+00  2.008604e+01
     vertex  0.000000e+00  0.000000e+00  3.600000e+01
     vertex  2.409991e+01  0.000000e+00  2.006212e+01
   endloop
 endfacet
 facet normal -0.000000e+00 -1.000000e+00  0.000000e+00
   outer loop
     vertex  2.421436e+01  0.000000e+00  2.010838e+01
     vertex  0.000000e+00  0.000000e+00  3.600000e+01
     vertex  2.415682e+01  0.000000e+00  2.008604e+01
   endloop
 endfacet
 facet normal -0.000000e+00 -1.000000e+00  0.000000e+00
   outer loop
     vertex  2.427250e+01  0.000000e+00  2.012914e+01
     vertex  0.000000e+00  0.000000e+00  3.600000e+01
     vertex  2.421436e+01  0.000000e+00  2.010838e+01
   endloop
 endfacet
 facet normal -0.000000e+00 -1.000000e+00  0.000000e+00
   outer loop
     vertex  2.433118e+01  0.000000e+00  2.014830e+01
     vertex  0.000000e+00  0.000000e+00  3.600000e+01
     vertex  2.427250e+01  0.000000e+00  2.012914e+01
   endloop
 endfacet
 facet normal -0.000000e+00 -1.000000e+00  0.000000e+00
   outer loop
     vertex  2.439037e+01  0.000000e+00  2.016584e+01
     vertex  0.000000e+00  0.000000e+00  3.600000e+01
     vertex  2.433118e+01  0.000000e+00  2.014830e+01
   endloop
 endfacet
 facet normal -0.000000e+00 -1.000000e+00  0.000000e+00
   outer loop
     vertex  2.445002e+01  0.000000e+00  2.018175e+01
     vertex  0.000000e+00  0.000000e+00  3.600000e+01
     vertex  2.439037e+01  0.000000e+00  2.016584e+01
   endloop
 endfacet
 facet normal -0.000000e+00 -1.000000e+00  0.000000e+00
   outer loop
     vertex  2.451008e+01  0.000000e+00  2.019601e+01
     vertex  0.000000e+00  0.000000e+00  3.600000e+01
     vertex  2.445002e+01  0.000000e+00  2.018175e+01
   endloop
 endfacet
 facet normal -0.000000e+00 -1.000000e+00  0.000000e+00
   outer loop
     vertex  2.457051e+01  0.000000e+00  2.020863e+01
     vertex  0.000000e+00  0.000000e+00  3.600000e+01
     vertex  2.451008e+01  0.000000e+00  2.019601e+01
   endloop
 endfacet
 facet normal -0.000000e+00 -1.000000e+00  0.000000e+00
   outer loop
     vertex  2.463126e+01  0.000000e+00  2.021958e+01
     vertex  0.000000e+00  0.000000e+00  3.600000e+01
     vertex  2.457051e+01  0.000000e+00  2.020863e+01
   endloop
 endfacet
 facet normal -0.000000e+00 -1.000000e+00  0.000000e+00
   outer loop
     vertex  2.469230e+01  0.000000e+00  2.022886e+01
     vertex  0.000000e+00  0.000000e+00  3.600000e+01
     vertex  2.463126e+01  0.000000e+00  2.021958e+01
   endloop
 endfacet
 facet normal -0.000000e+00 -1.000000e+00  0.000000e+00
   outer loop
     vertex  2.475356e+01  0.000000e+00  2.023646e+01
     vertex  0.000000e+00  0.000000e+00  3.600000e+01
     vertex  2.469230e+01  0.000000e+00  2.022886e+01
   endloop
 endfacet
 facet normal -0.000000e+00 -1.000000e+00  0.000000e+00
   outer loop
     vertex  2.481501e+01  0.000000e+00  2.024238e+01
     vertex  0.000000e+00  0.000000e+00  3.600000e+01
     vertex  2.475356e+01  0.000000e+00  2.023646e+01
   endloop
 endfacet
 facet normal -0.000000e+00 -1.000000e+00  0.000000e+00
   outer loop
     vertex  2.487659e+01  0.000000e+00  2.024661e+01
     vertex  0.000000e+00  0.000000e+00  3.600000e+01
     vertex  2.481501e+01  0.000000e+00  2.024238e+01
   endloop
 endfacet
 facet normal -0.000000e+00 -1.000000e+00  0.000000e+00
   outer loop
     vertex  2.493827e+01  0.000000e+00  2.024915e+01
     vertex  0.000000e+00  0.000000e+00  3.600000e+01
     vertex  2.487659e+01  0.000000e+00  2.024661e+01
   endloop
 endfacet
 facet normal -0.000000e+00 -1.000000e+00  0.000000e+00
   outer loop
     vertex  2.500000e+01  0.000000e+00  2.025000e+01
     vertex  0.000000e+00  0.000000e+00  3.600000e+01
     vertex  2.493827e+01  0.000000e+00  2.024915e+01
   endloop
 endfacet
 facet normal  0.000000e+00 -1.000000e+00  0.000000e+00
   outer loop
     vertex  2.506173e+01  0.000000e+00  2.024915e+01
     vertex  0.000000e+00  0.000000e+00  3.600000e+01
     vertex  2.500000e+01  0.000000e+00  2.025000e+01
   endloop
 endfacet
 facet normal  0.000000e+00 -1.000000e+00  0.000000e+00
   outer loop
     vertex  2.512341e+01  0.000000e+00  2.024661e+01
     vertex  0.000000e+00  0.000000e+00  3.600000e+01
     vertex  2.506173e+01  0.000000e+00  2.024915e+01
   endloop
 endfacet
 facet normal  0.000000e+00 -1.000000e+00  0.000000e+00
   outer loop
     vertex  2.518499e+01  0.000000e+00  2.024238e+01
     vertex  0.000000e+00  0.000000e+00  3.600000e+01
     vertex  2.512341e+01  0.000000e+00  2.024661e+01
   endloop
 endfacet
 facet normal  0.000000e+00 -1.000000e+00  0.000000e+00
   outer loop
     vertex  2.524644e+01  0.000000e+00  2.023646e+01
     vertex  0.000000e+00  0.000000e+00  3.600000e+01
     vertex  2.518499e+01  0.000000e+00  2.024238e+01
   endloop
 endfacet
 facet normal  0.000000e+00 -1.000000e+00  0.000000e+00
   outer loop
     vertex  2.530770e+01  0.000000e+00  2.022886e+01
     vertex  0.000000e+00  0.000000e+00  3.600000e+01
     vertex  2.524644e+01  0.000000e+00  2.023646e+01
   endloop
 endfacet
 facet normal  0.000000e+00 -1.000000e+00  0.000000e+00
   outer loop
     vertex  2.536874e+01  0.000000e+00  2.021958e+01
     vertex  0.000000e+00  0.000000e+00  3.600000e+01
     vertex  2.530770e+01  0.000000e+00  2.022886e+01
   endloop
 endfacet
 facet normal  0.000000e+00 -1.000000e+00  0.000000e+00
   outer loop
     vertex  2.542949e+01  0.000000e+00  2.020863e+01
     vertex  0.000000e+00  0.000000e+00  3.600000e+01
     vertex  2.536874e+01  0.000000e+00  2.021958e+01
   endloop
 endfacet
 facet normal  0.000000e+00 -1.000000e+00  0.000000e+00
   outer loop
     vertex  2.548992e+01  0.000000e+00  2.019601e+01
     vertex  0.000000e+00  0.000000e+00  3.600000e+01
     vertex  2.542949e+01  0.000000e+00  2.020863e+01
   endloop
 endfacet
 facet normal  0.000000e+00 -1.000000e+00  0.000000e+00
   outer loop
     vertex  2.554998e+01  0.000000e+00  2.018175e+01
     vertex  0.000000e+00  0.000000e+00  3.600000e+01
     vertex  2.548992e+01  0.000000e+00  2.019601e+01
   endloop
 endfacet
 facet normal  0.000000e+00 -1.000000e+00  0.000000e+00
   outer loop
     vertex  2.560963e+01  0.000000e+00  2.016584e+01
     vertex  0.000000e+00  0.000000e+00  3.600000e+01
     vertex  2.554998e+01  0.000000e+00  2.018175e+01
   endloop
 endfacet
 facet normal  0.000000e+00 -1.000000e+00  0.000000e+00
   outer loop
     vertex  2.566882e+01  0.000000e+00  2.014830e+01
     vertex  0.000000e+00  0.000000e+00  3.600000e+01
     vertex  2.560963e+01  0.000000e+00  2.016584e+01
   endloop
 endfacet
 facet normal  0.000000e+00 -1.000000e+00  0.000000e+00
   outer loop
     vertex  2.572750e+01  0.000000e+00  2.012914e+01
     vertex  0.000000e+00  0.000000e+00  3.600000e+01
     vertex  2.566882e+01  0.000000e+00  2.014830e+01
   endloop
 endfacet
 facet normal  0.000000e+00 -1.000000e+00  0.000000e+00
   outer loop
     vertex  2.578564e+01  0.000000e+00  2.010838e+01
     vertex  0.000000e+00  0.000000e+00  3.600000e+01
     vertex  2.572750e+01  0.000000e+00  2.012914e+01
   endloop
 endfacet
 facet normal  0.000000e+00 -1.000000e+00  0.000000e+00
   outer loop
     vertex  2.584318e+01  0.000000e+00  2.008604e+01
     vertex  0.000000e+00  0.000000e+00  3.600000e+01
     vertex  2.578564e+01  0.000000e+00  2.010838e+01
   endloop
 endfacet
 facet normal  0.000000e+00 -1.000000e+00  0.000000e+00
   outer loop
     vertex  2.590009e+01  0.000000e+00  2.006212e+01
     vertex  0.000000e+00  0.000000e+00  3.600000e+01
     vertex  2.584318e+01  0.000000e+00  2.008604e+01
   endloop
 endfacet
 facet normal  0.000000e+00 -1.000000e+00  0.000000e+00
   outer loop
     vertex  2.595633e+01  0.000000e+00  2.003665e+01
     vertex  0.000000e+00  0.000000e+00  3.600000e+01
     vertex  2.590009e+01  0.000000e+00  2.006212e+01
   endloop
 endfacet
 facet normal  0.000000e+00 -1.000000e+00  0.000000e+00
   outer loop
     vertex  1.525000e+02  0.000000e+00  0.000000e+00
     vertex  2.609367e+01  0.000000e+00  1.603369e+01
     vertex  2.603931e+01  0.000000e+00  1.600442e+01
   endloop
 endfacet
 facet normal  0.000000e+00 -1.000000e+00  0.000000e+00
   outer loop
     vertex  1.525000e+02  0.000000e+00  0.000000e+00
     vertex  2.603931e+01  0.000000e+00  1.600442e+01
     vertex  2.598418e+01  0.000000e+00  1.597666e+01
   endloop
 endfacet
 facet normal  0.000000e+00 -1.000000e+00  0.000000e+00
   outer loop
     vertex  1.525000e+02  0.000000e+00  0.000000e+00
     vertex  2.598418e+01  0.000000e+00  1.597666e+01
     vertex  2.592830e+01  0.000000e+00  1.595042e+01
   endloop
 endfacet
 facet normal  0.000000e+00 -1.000000e+00  0.000000e+00
   outer loop
     vertex  1.525000e+02  0.000000e+00  0.000000e+00
     vertex  2.592830e+01  0.000000e+00  1.595042e+01
     vertex  0.000000e+00  0.000000e+00  0.000000e+00
   endloop
 endfacet
 facet normal  0.000000e+00 -1.000000e+00  0.000000e+00
   outer loop
     vertex  1.525000e+02  0.000000e+00  0.000000e+00
     vertex  2.724995e+01  0.000000e+00  1.801543e+01
     vertex  2.724952e+01  0.000000e+00  1.795370e+01
   endloop
 endfacet
 facet normal  0.000000e+00 -1.000000e+00  0.000000e+00
   outer loop
     vertex  1.525000e+02  0.000000e+00  0.000000e+00
     vertex  2.724952e+01  0.000000e+00  1.795370e+01
     vertex  2.724741e+01  0.000000e+00  1.789201e+01
   endloop
 endfacet
 facet normal  0.000000e+00 -1.000000e+00  0.000000e+00
   outer loop
     vertex  1.525000e+02  0.000000e+00  0.000000e+00
     vertex  2.724741e+01  0.000000e+00  1.789201e+01
     vertex  2.724360e+01  0.000000e+00  1.783039e+01
   endloop
 endfacet
 facet normal  0.000000e+00 -1.000000e+00  0.000000e+00
   outer loop
     vertex  1.525000e+02  0.000000e+00  0.000000e+00
     vertex  2.724360e+01  0.000000e+00  1.783039e+01
     vertex  2.723810e+01  0.000000e+00  1.776890e+01
   endloop
 endfacet
 facet normal  0.000000e+00 -1.000000e+00  0.000000e+00
   outer loop
     vertex  1.525000e+02  0.000000e+00  0.000000e+00
     vertex  2.723810e+01  0.000000e+00  1.776890e+01
     vertex  2.723092e+01  0.000000e+00  1.770759e+01
   endloop
 endfacet
 facet normal  0.000000e+00 -1.000000e+00  0.000000e+00
   outer loop
     vertex  1.525000e+02  0.000000e+00  0.000000e+00
     vertex  2.723092e+01  0.000000e+00  1.770759e+01
     vertex  2.722206e+01  0.000000e+00  1.764650e+01
   endloop
 endfacet
 facet normal  0.000000e+00 -1.000000e+00  0.000000e+00
   outer loop
     vertex  1.525000e+02  0.000000e+00  0.000000e+00
     vertex  2.722206e+01  0.000000e+00  1.764650e+01
     vertex  2.721152e+01  0.000000e+00  1.758567e+01
   endloop
 endfacet
 facet normal  0.000000e+00 -1.000000e+00  0.000000e+00
   outer loop
     vertex  1.525000e+02  0.000000e+00  0.000000e+00
     vertex  2.721152e+01  0.000000e+00  1.758567e+01
     vertex  2.719932e+01  0.000000e+00  1.752516e+01
   endloop
 endfacet
 facet normal  0.000000e+00 -1.000000e+00  0.000000e+00
   outer loop
     vertex  1.525000e+02  0.000000e+00  0.000000e+00
     vertex  2.719932e+01  0.000000e+00  1.752516e+01
     vertex  2.718547e+01  0.000000e+00  1.746500e+01
   endloop
 endfacet
 facet normal  0.000000e+00 -1.000000e+00  0.000000e+00
   outer loop
     vertex  1.525000e+02  0.000000e+00  0.000000e+00
     vertex  2.718547e+01  0.000000e+00  1.746500e+01
     vertex  2.716997e+01  0.000000e+00  1.740524e+01
   endloop
 endfacet
 facet normal  0.000000e+00 -1.000000e+00  0.000000e+00
   outer loop
     vertex  1.525000e+02  0.000000e+00  0.000000e+00
     vertex  2.716997e+01  0.000000e+00  1.740524e+01
     vertex  2.715284e+01  0.000000e+00  1.734594e+01
   endloop
 endfacet
 facet normal  0.000000e+00 -1.000000e+00  0.000000e+00
   outer loop
     vertex  1.525000e+02  0.000000e+00  0.000000e+00
     vertex  2.715284e+01  0.000000e+00  1.734594e+01
     vertex  2.713408e+01  0.000000e+00  1.728712e+01
   endloop
 endfacet
 facet normal  0.000000e+00 -1.000000e+00  0.000000e+00
   outer loop
     vertex  1.525000e+02  0.000000e+00  0.000000e+00
     vertex  2.713408e+01  0.000000e+00  1.728712e+01
     vertex  2.711372e+01  0.000000e+00  1.722884e+01
   endloop
 endfacet
 facet normal  0.000000e+00 -1.000000e+00  0.000000e+00
   outer loop
     vertex  1.525000e+02  0.000000e+00  0.000000e+00
     vertex  2.711372e+01  0.000000e+00  1.722884e+01
     vertex  2.709177e+01  0.000000e+00  1.717115e+01
   endloop
 endfacet
 facet normal  0.000000e+00 -1.000000e+00  0.000000e+00
   outer loop
     vertex  1.525000e+02  0.000000e+00  0.000000e+00
     vertex  2.709177e+01  0.000000e+00  1.717115e+01
     vertex  2.706824e+01  0.000000e+00  1.711407e+01
   endloop
 endfacet
 facet normal  0.000000e+00 -1.000000e+00  0.000000e+00
   outer loop
     vertex  1.525000e+02  0.000000e+00  0.000000e+00
     vertex  2.706824e+01  0.000000e+00  1.711407e+01
     vertex  2.704316e+01  0.000000e+00  1.705767e+01
   endloop
 endfacet
 facet normal  0.000000e+00 -1.000000e+00  0.000000e+00
   outer loop
     vertex  1.525000e+02  0.000000e+00  0.000000e+00
     vertex  2.704316e+01  0.000000e+00  1.705767e+01
     vertex  2.701654e+01  0.000000e+00  1.700197e+01
   endloop
 endfacet
 facet normal  0.000000e+00 -1.000000e+00  0.000000e+00
   outer loop
     vertex  1.525000e+02  0.000000e+00  0.000000e+00
     vertex  2.701654e+01  0.000000e+00  1.700197e+01
     vertex  2.698840e+01  0.000000e+00  1.694702e+01
   endloop
 endfacet
 facet normal  0.000000e+00 -1.000000e+00  0.000000e+00
   outer loop
     vertex  1.525000e+02  0.000000e+00  0.000000e+00
     vertex  2.698840e+01  0.000000e+00  1.694702e+01
     vertex  2.695876e+01  0.000000e+00  1.689287e+01
   endloop
 endfacet
 facet normal  0.000000e+00 -1.000000e+00  0.000000e+00
   outer loop
     vertex  1.525000e+02  0.000000e+00  0.000000e+00
     vertex  2.695876e+01  0.000000e+00  1.689287e+01
     vertex  2.692765e+01  0.000000e+00  1.683955e+01
   endloop
 endfacet
 facet normal  0.000000e+00 -1.000000e+00  0.000000e+00
   outer loop
     vertex  1.525000e+02  0.000000e+00  0.000000e+00
     vertex  2.692765e+01  0.000000e+00  1.683955e+01
     vertex  2.689509e+01  0.000000e+00  1.678710e+01
   endloop
 endfacet
 facet normal  0.000000e+00 -1.000000e+00  0.000000e+00
   outer loop
     vertex  1.525000e+02  0.000000e+00  0.000000e+00
     vertex  2.689509e+01  0.000000e+00  1.678710e+01
     vertex  2.686110e+01  0.000000e+00  1.673557e+01
   endloop
 endfacet
 facet normal  0.000000e+00 -1.000000e+00  0.000000e+00
   outer loop
     vertex  1.525000e+02  0.000000e+00  0.000000e+00
     vertex  2.686110e+01  0.000000e+00  1.673557e+01
     vertex  2.682572e+01  0.000000e+00  1.668499e+01
   endloop
 endfacet
 facet normal  0.000000e+00 -1.000000e+00  0.000000e+00
   outer loop
     vertex  1.525000e+02  0.000000e+00  0.000000e+00
     vertex  2.682572e+01  0.000000e+00  1.668499e+01
     vertex  2.678895e+01  0.000000e+00  1.663539e+01
   endloop
 endfacet
 facet normal  0.000000e+00 -1.000000e+00  0.000000e+00
   outer loop
     vertex  1.525000e+02  0.000000e+00  0.000000e+00
     vertex  2.678895e+01  0.000000e+00  1.663539e+01
     vertex  2.675084e+01  0.000000e+00  1.658683e+01
   endloop
 endfacet
 facet normal  0.000000e+00 -1.000000e+00  0.000000e+00
   outer loop
     vertex  1.525000e+02  0.000000e+00  0.000000e+00
     vertex  2.675084e+01  0.000000e+00  1.658683e+01
     vertex  2.671141e+01  0.000000e+00  1.653933e+01
   endloop
 endfacet
 facet normal  0.000000e+00 -1.000000e+00  0.000000e+00
   outer loop
     vertex  1.525000e+02  0.000000e+00  0.000000e+00
     vertex  2.671141e+01  0.000000e+00  1.653933e+01
     vertex  2.667070e+01  0.000000e+00  1.649293e+01
   endloop
 endfacet
 facet normal  0.000000e+00 -1.000000e+00  0.000000e+00
   outer loop
     vertex  1.525000e+02  0.000000e+00  0.000000e+00
     vertex  2.667070e+01  0.000000e+00  1.649293e+01
     vertex  2.662872e+01  0.000000e+00  1.644766e+01
   endloop
 endfacet
 facet normal  0.000000e+00 -1.000000e+00  0.000000e+00
   outer loop
     vertex  1.525000e+02  0.000000e+00  0.000000e+00
     vertex  2.662872e+01  0.000000e+00  1.644766e+01
     vertex  2.658552e+01  0.000000e+00  1.640356e+01
   endloop
 endfacet
 facet normal  0.000000e+00 -1.000000e+00  0.000000e+00
   outer loop
     vertex  1.525000e+02  0.000000e+00  0.000000e+00
     vertex  2.658552e+01  0.000000e+00  1.640356e+01
     vertex  2.654113e+01  0.000000e+00  1.636067e+01
   endloop
 endfacet
 facet normal  0.000000e+00 -1.000000e+00  0.000000e+00
   outer loop
     vertex  1.525000e+02  0.000000e+00  0.000000e+00
     vertex  2.654113e+01  0.000000e+00  1.636067e+01
     vertex  2.649558e+01  0.000000e+00  1.631900e+01
   endloop
 endfacet
 facet normal  0.000000e+00 -1.000000e+00  0.000000e+00
   outer loop
     vertex  1.525000e+02  0.000000e+00  0.000000e+00
     vertex  2.649558e+01  0.000000e+00  1.631900e+01
     vertex  2.644890e+01  0.000000e+00  1.627861e+01
   endloop
 endfacet
 facet normal  0.000000e+00 -1.000000e+00  0.000000e+00
   outer loop
     vertex  1.525000e+02  0.000000e+00  0.000000e+00
     vertex  2.644890e+01  0.000000e+00  1.627861e+01
     vertex  2.640113e+01  0.000000e+00  1.623951e+01
   endloop
 endfacet
 facet normal  0.000000e+00 -1.000000e+00  0.000000e+00
   outer loop
     vertex  1.525000e+02  0.000000e+00  0.000000e+00
     vertex  2.640113e+01  0.000000e+00  1.623951e+01
     vertex  2.635230e+01  0.000000e+00  1.620173e+01
   endloop
 endfacet
 facet normal  0.000000e+00 -1.000000e+00  0.000000e+00
   outer loop
     vertex  1.525000e+02  0.000000e+00  0.000000e+00
     vertex  2.635230e+01  0.000000e+00  1.620173e+01
     vertex  2.630246e+01  0.000000e+00  1.616531e+01
   endloop
 endfacet
 facet normal  0.000000e+00 -1.000000e+00  0.000000e+00
   outer loop
     vertex  1.525000e+02  0.000000e+00  0.000000e+00
     vertex  2.630246e+01  0.000000e+00  1.616531e+01
     vertex  2.625164e+01  0.000000e+00  1.613027e+01
   endloop
 endfacet
 facet normal  0.000000e+00 -1.000000e+00  0.000000e+00
   outer loop
     vertex  1.525000e+02  0.000000e+00  0.000000e+00
     vertex  2.625164e+01  0.000000e+00  1.613027e+01
     vertex  2.619987e+01  0.000000e+00  1.609663e+01
   endloop
 endfacet
 facet normal  0.000000e+00 -1.000000e+00  0.000000e+00
   outer loop
     vertex  1.525000e+02  0.000000e+00  0.000000e+00
     vertex  2.619987e+01  0.000000e+00  1.609663e+01
     vertex  2.614720e+01  0.000000e+00  1.606443e+01
   endloop
 endfacet
 facet normal  0.000000e+00 -1.000000e+00  0.000000e+00
   outer loop
     vertex  1.525000e+02  0.000000e+00  0.000000e+00
     vertex  2.614720e+01  0.000000e+00  1.606443e+01
     vertex  2.609367e+01  0.000000e+00  1.603369e+01
   endloop
 endfacet
 facet normal  0.000000e+00 -1.000000e+00  0.000000e+00
   outer loop
     vertex  1.525000e+02  0.000000e+00  3.600000e+01
     vertex  2.595633e+01  0.000000e+00  2.003665e+01
     vertex  2.601184e+01  0.000000e+00  2.000965e+01
   endloop
 endfacet
 facet normal  0.000000e+00 -1.000000e+00  0.000000e+00
   outer loop
     vertex  1.525000e+02  0.000000e+00  3.600000e+01
     vertex  2.601184e+01  0.000000e+00  2.000965e+01
     vertex  2.606659e+01  0.000000e+00  1.998113e+01
   endloop
 endfacet
 facet normal  0.000000e+00 -1.000000e+00  0.000000e+00
   outer loop
     vertex  1.525000e+02  0.000000e+00  3.600000e+01
     vertex  2.606659e+01  0.000000e+00  1.998113e+01
     vertex  2.612054e+01  0.000000e+00  1.995112e+01
   endloop
 endfacet
 facet normal  0.000000e+00 -1.000000e+00  0.000000e+00
   outer loop
     vertex  1.525000e+02  0.000000e+00  3.600000e+01
     vertex  2.612054e+01  0.000000e+00  1.995112e+01
     vertex  2.617365e+01  0.000000e+00  1.991965e+01
   endloop
 endfacet
 facet normal  0.000000e+00 -1.000000e+00  0.000000e+00
   outer loop
     vertex  1.525000e+02  0.000000e+00  3.600000e+01
     vertex  2.617365e+01  0.000000e+00  1.991965e+01
     vertex  2.622587e+01  0.000000e+00  1.988673e+01
   endloop
 endfacet
 facet normal  0.000000e+00 -1.000000e+00  0.000000e+00
   outer loop
     vertex  1.525000e+02  0.000000e+00  3.600000e+01
     vertex  2.622587e+01  0.000000e+00  1.988673e+01
     vertex  2.627717e+01  0.000000e+00  1.985239e+01
   endloop
 endfacet
 facet normal  0.000000e+00 -1.000000e+00  0.000000e+00
   outer loop
     vertex  1.525000e+02  0.000000e+00  3.600000e+01
     vertex  2.627717e+01  0.000000e+00  1.985239e+01
     vertex  2.632751e+01  0.000000e+00  1.981665e+01
   endloop
 endfacet
 facet normal  0.000000e+00 -1.000000e+00  0.000000e+00
   outer loop
     vertex  1.525000e+02  0.000000e+00  3.600000e+01
     vertex  2.632751e+01  0.000000e+00  1.981665e+01
     vertex  2.637684e+01  0.000000e+00  1.977955e+01
   endloop
 endfacet
 facet normal  0.000000e+00 -1.000000e+00  0.000000e+00
   outer loop
     vertex  1.525000e+02  0.000000e+00  3.600000e+01
     vertex  2.637684e+01  0.000000e+00  1.977955e+01
     vertex  2.642515e+01  0.000000e+00  1.974111e+01
   endloop
 endfacet
 facet normal  0.000000e+00 -1.000000e+00  0.000000e+00
   outer loop
     vertex  1.525000e+02  0.000000e+00  3.600000e+01
     vertex  2.642515e+01  0.000000e+00  1.974111e+01
     vertex  2.647238e+01  0.000000e+00  1.970136e+01
   endloop
 endfacet
 facet normal  0.000000e+00 -1.000000e+00  0.000000e+00
   outer loop
     vertex  1.525000e+02  0.000000e+00  3.600000e+01
     vertex  2.647238e+01  0.000000e+00  1.970136e+01
     vertex  2.651850e+01  0.000000e+00  1.966032e+01
   endloop
 endfacet
 facet normal  0.000000e+00 -1.000000e+00  0.000000e+00
   outer loop
     vertex  1.525000e+02  0.000000e+00  3.600000e+01
     vertex  2.651850e+01  0.000000e+00  1.966032e+01
     vertex  2.656347e+01  0.000000e+00  1.961804e+01
   endloop
 endfacet
 facet normal  0.000000e+00 -1.000000e+00  0.000000e+00
   outer loop
     vertex  1.525000e+02  0.000000e+00  3.600000e+01
     vertex  2.656347e+01  0.000000e+00  1.961804e+01
     vertex  2.660728e+01  0.000000e+00  1.957454e+01
   endloop
 endfacet
 facet normal  0.000000e+00 -1.000000e+00 -0.000000e+00
   outer loop
     vertex  1.525000e+02  0.000000e+00  3.600000e+01
     vertex  2.724995e+01  0.000000e+00  1.801543e+01
     vertex  1.525000e+02  0.000000e+00  0.000000e+00
   endloop
 endfacet
 facet normal  0.000000e+00 -1.000000e+00  0.000000e+00
   outer loop
     vertex  1.525000e+02  0.000000e+00  3.600000e+01
     vertex  2.660728e+01  0.000000e+00  1.957454e+01
     vertex  2.664987e+01  0.000000e+00  1.952985e+01
   endloop
 endfacet
 facet normal  0.000000e+00 -1.000000e+00  0.000000e+00
   outer loop
     vertex  1.525000e+02  0.000000e+00  3.600000e+01
     vertex  2.664987e+01  0.000000e+00  1.952985e+01
     vertex  2.669122e+01  0.000000e+00  1.948401e+01
   endloop
 endfacet
 facet normal  0.000000e+00 -1.000000e+00  0.000000e+00
   outer loop
     vertex  1.525000e+02  0.000000e+00  3.600000e+01
     vertex  2.669122e+01  0.000000e+00  1.948401e+01
     vertex  2.673129e+01  0.000000e+00  1.943706e+01
   endloop
 endfacet
 facet normal  0.000000e+00 -1.000000e+00  0.000000e+00
   outer loop
     vertex  1.525000e+02  0.000000e+00  3.600000e+01
     vertex  2.673129e+01  0.000000e+00  1.943706e+01
     vertex  2.677006e+01  0.000000e+00  1.938902e+01
   endloop
 endfacet
 facet normal  0.000000e+00 -1.000000e+00  0.000000e+00
   outer loop
     vertex  1.525000e+02  0.000000e+00  3.600000e+01
     vertex  2.677006e+01  0.000000e+00  1.938902e+01
     vertex  2.680750e+01  0.000000e+00  1.933994e+01
   endloop
 endfacet
 facet normal  0.000000e+00 -1.000000e+00  0.000000e+00
   outer loop
     vertex  1.525000e+02  0.000000e+00  3.600000e+01
     vertex  2.680750e+01  0.000000e+00  1.933994e+01
     vertex  2.684358e+01  0.000000e+00  1.928984e+01
   endloop
 endfacet
 facet normal  0.000000e+00 -1.000000e+00  0.000000e+00
   outer loop
     vertex  1.525000e+02  0.000000e+00  3.600000e+01
     vertex  2.684358e+01  0.000000e+00  1.928984e+01
     vertex  2.687828e+01  0.000000e+00  1.923878e+01
   endloop
 endfacet
 facet normal  0.000000e+00 -1.000000e+00  0.000000e+00
   outer loop
     vertex  1.525000e+02  0.000000e+00  3.600000e+01
     vertex  2.687828e+01  0.000000e+00  1.923878e+01
     vertex  2.691155e+01  0.000000e+00  1.918679e+01
   endloop
 endfacet
 facet normal  0.000000e+00 -1.000000e+00  0.000000e+00
   outer loop
     vertex  1.525000e+02  0.000000e+00  3.600000e+01
     vertex  2.691155e+01  0.000000e+00  1.918679e+01
     vertex  2.694339e+01  0.000000e+00  1.913390e+01
   endloop
 endfacet
 facet normal  0.000000e+00 -1.000000e+00  0.000000e+00
   outer loop
     vertex  1.525000e+02  0.000000e+00  3.600000e+01
     vertex  2.694339e+01  0.000000e+00  1.913390e+01
     vertex  2.697377e+01  0.000000e+00  1.908016e+01
   endloop
 endfacet
 facet normal -0.000000e+00 -1.000000e+00  0.000000e+00
   outer loop
     vertex  1.525000e+02  0.000000e+00  3.600000e+01
     vertex  0.000000e+00  0.000000e+00  3.600000e+01
     vertex  2.595633e+01  0.000000e+00  2.003665e+01
   endloop
 endfacet
 facet normal  0.000000e+00 -1.000000e+00  0.000000e+00
   outer loop
     vertex  1.525000e+02  0.000000e+00  3.600000e+01
     vertex  2.697377e+01  0.000000e+00  1.908016e+01
     vertex  2.700266e+01  0.000000e+00  1.902560e+01
   endloop
 endfacet
 facet normal  0.000000e+00 -1.000000e+00  0.000000e+00
   outer loop
     vertex  1.525000e+02  0.000000e+00  3.600000e+01
     vertex  2.700266e+01  0.000000e+00  1.902560e+01
     vertex  2.703004e+01  0.000000e+00  1.897027e+01
   endloop
 endfacet
 facet normal  0.000000e+00 -1.000000e+00  0.000000e+00
   outer loop
     vertex  1.525000e+02  0.000000e+00  3.600000e+01
     vertex  2.703004e+01  0.000000e+00  1.897027e+01
     vertex  2.705590e+01  0.000000e+00  1.891422e+01
   endloop
 endfacet
 facet normal  0.000000e+00 -1.000000e+00  0.000000e+00
   outer loop
     vertex  1.525000e+02  0.000000e+00  3.600000e+01
     vertex  2.705590e+01  0.000000e+00  1.891422e+01
     vertex  2.708020e+01  0.000000e+00  1.885747e+01
   endloop
 endfacet
 facet normal  0.000000e+00 -1.000000e+00  0.000000e+00
   outer loop
     vertex  1.525000e+02  0.000000e+00  3.600000e+01
     vertex  2.708020e+01  0.000000e+00  1.885747e+01
     vertex  2.710294e+01  0.000000e+00  1.880008e+01
   endloop
 endfacet
 facet normal  0.000000e+00 -1.000000e+00  0.000000e+00
   outer loop
     vertex  1.525000e+02  0.000000e+00  3.600000e+01
     vertex  2.710294e+01  0.000000e+00  1.880008e+01
     vertex  2.712410e+01  0.000000e+00  1.874209e+01
   endloop
 endfacet
 facet normal  0.000000e+00 -1.000000e+00  0.000000e+00
   outer loop
     vertex  1.525000e+02  0.000000e+00  3.600000e+01
     vertex  2.712410e+01  0.000000e+00  1.874209e+01
     vertex  2.714366e+01  0.000000e+00  1.868354e+01
   endloop
 endfacet
 facet normal  0.000000e+00 -1.000000e+00  0.000000e+00
   outer loop
     vertex  1.525000e+02  0.000000e+00  3.600000e+01
     vertex  2.714366e+01  0.000000e+00  1.868354e+01
     vertex  2.716161e+01  0.000000e+00  1.862447e+01
   endloop
 endfacet
 facet normal  0.000000e+00 -1.000000e+00  0.000000e+00
   outer loop
     vertex  1.525000e+02  0.000000e+00  3.600000e+01
     vertex  2.716161e+01  0.000000e+00  1.862447e+01
     vertex  2.717792e+01  0.000000e+00  1.856493e+01
   endloop
 endfacet
 facet normal  0.000000e+00 -1.000000e+00  0.000000e+00
   outer loop
     vertex  1.525000e+02  0.000000e+00  3.600000e+01
     vertex  2.717792e+01  0.000000e+00  1.856493e+01
     vertex  2.719260e+01  0.000000e+00  1.850497e+01
   endloop
 endfacet
 facet normal  0.000000e+00 -1.000000e+00  0.000000e+00
   outer loop
     vertex  1.525000e+02  0.000000e+00  3.600000e+01
     vertex  2.719260e+01  0.000000e+00  1.850497e+01
     vertex  2.720563e+01  0.000000e+00  1.844463e+01
   endloop
 endfacet
 facet normal  0.000000e+00 -1.000000e+00  0.000000e+00
   outer loop
     vertex  1.525000e+02  0.000000e+00  3.600000e+01
     vertex  2.720563e+01  0.000000e+00  1.844463e+01
     vertex  2.721700e+01  0.000000e+00  1.838395e+01
   endloop
 endfacet
 facet normal  0.000000e+00 -1.000000e+00  0.000000e+00
   outer loop
     vertex  1.525000e+02  0.000000e+00  3.600000e+01
     vertex  2.721700e+01  0.000000e+00  1.838395e+01
     vertex  2.722670e+01  0.000000e+00  1.832299e+01
   endloop
 endfacet
 facet normal  0.000000e+00 -1.000000e+00  0.000000e+00
   outer loop
     vertex  1.525000e+02  0.000000e+00  3.600000e+01
     vertex  2.722670e+01  0.000000e+00  1.832299e+01
     vertex  2.723472e+01  0.000000e+00  1.826178e+01
   endloop
 endfacet
 facet normal  0.000000e+00 -1.000000e+00  0.000000e+00
   outer loop
     vertex  1.525000e+02  0.000000e+00  3.600000e+01
     vertex  2.723472e+01  0.000000e+00  1.826178e+01
     vertex  2.724106e+01  0.000000e+00  1.820037e+01
   endloop
 endfacet
 facet normal  0.000000e+00 -1.000000e+00  0.000000e+00
   outer loop
     vertex  1.525000e+02  0.000000e+00  3.600000e+01
     vertex  2.724106e+01  0.000000e+00  1.820037e+01
     vertex  2.724571e+01  0.000000e+00  1.813881e+01
   endloop
 endfacet
 facet normal  0.000000e+00 -1.000000e+00  0.000000e+00
   outer loop
     vertex  1.525000e+02  0.000000e+00  3.600000e+01
     vertex  2.724571e+01  0.000000e+00  1.813881e+01
     vertex  2.724868e+01  0.000000e+00  1.807715e+01
   endloop
 endfacet
 facet normal  0.000000e+00 -1.000000e+00  0.000000e+00
   outer loop
     vertex  1.525000e+02  0.000000e+00  3.600000e+01
     vertex  2.724868e+01  0.000000e+00  1.807715e+01
     vertex  2.724995e+01  0.000000e+00  1.801543e+01
   endloop
 endfacet
 facet normal  0.000000e+00  0.000000e+00  1.000000e+00
   outer loop
     vertex  3.450000e+01  8.700000e+01  3.600000e+01
     vertex  0.000000e+00  9.100000e+01  3.600000e+01
     vertex  0.000000e+00  0.000000e+00  3.600000e+01
   endloop
 endfacet
 facet normal  0.000000e+00  0.000000e+00  1.000000e+00
   outer loop
     vertex  3.450000e+01  8.700000e+01  3.600000e+01
     vertex  0.000000e+00  0.000000e+00  3.600000e+01
     vertex  3.450000e+01  4.000000e+00  3.600000e+01
   endloop
 endfacet
 facet normal  0.000000e+00  0.000000e+00  1.000000e+00
   outer loop
     vertex  1.525000e+02  0.000000e+00  3.600000e+01
     vertex  3.450000e+01  4.000000e+00  3.600000e+01
     vertex  0.000000e+00  0.000000e+00  3.600000e+01
   endloop
 endfacet
 facet normal  0.000000e+00  0.000000e+00  1.000000e+00
   outer loop
     vertex  1.525000e+02  4.000000e+00  3.600000e+01
     vertex  3.450000e+01  4.000000e+00  3.600000e+01
     vertex  1.525000e+02  0.000000e+00  3.600000e+01
   endloop
 endfacet
 facet normal  0.000000e+00  0.000000e+00  1.000000e+00
   outer loop
     vertex  1.525000e+02  9.100000e+01  3.600000e+01
     vertex  3.450000e+01  8.700000e+01  3.600000e+01
     vertex  1.525000e+02  8.700000e+01  3.600000e+01
   endloop
 endfacet
 facet normal  0.000000e+00  0.000000e+00  1.000000e+00
   outer loop
     vertex  1.525000e+02  9.100000e+01  3.600000e+01
     vertex  0.000000e+00  9.100000e+01  3.600000e+01
     vertex  3.450000e+01  8.700000e+01  3.600000e+01
   endloop
 endfacet
 facet normal  0.000000e+00  0.000000e+00 -1.000000e+00
   outer loop
     vertex  1.525000e+02  0.000000e+00  0.000000e+00
     vertex  0.000000e+00  0.000000e+00  0.000000e+00
     vertex  0.000000e+00  9.100000e+01  0.000000e+00
   endloop
 endfacet
 facet normal -0.000000e+00 -0.000000e+00 -1.000000e+00
   outer loop
     vertex  1.525000e+02  9.100000e+01  0.000000e+00
     vertex  1.525000e+02  0.000000e+00  0.000000e+00
     vertex  0.000000e+00  9.100000e+01  0.000000e+00
   endloop
 endfacet
 facet normal  0.000000e+00  1.000000e+00  0.000000e+00
   outer loop
     vertex  1.543653e+01  9.100000e+01  1.638196e+01
     vertex  0.000000e+00  9.100000e+01  0.000000e+00
     vertex  1.539272e+01  9.100000e+01  1.642546e+01
   endloop
 endfacet
 facet normal  0.000000e+00  1.000000e+00  0.000000e+00
   outer loop
     vertex  1.535013e+01  9.100000e+01  1.647015e+01
     vertex  1.539272e+01  9.100000e+01  1.642546e+01
     vertex  0.000000e+00  9.100000e+01  0.000000e+00
   endloop
 endfacet
 facet normal  0.000000e+00  1.000000e+00  0.000000e+00
   outer loop
     vertex  1.548150e+01  9.100000e+01  1.633968e+01
     vertex  0.000000e+00  9.100000e+01  0.000000e+00
     vertex  1.543653e+01  9.100000e+01  1.638196e+01
   endloop
 endfacet
 facet normal  0.000000e+00  1.000000e+00  0.000000e+00
   outer loop
     vertex  1.530878e+01  9.100000e+01  1.651599e+01
     vertex  1.535013e+01  9.100000e+01  1.647015e+01
     vertex  0.000000e+00  9.100000e+01  0.000000e+00
   endloop
 endfacet
 facet normal  0.000000e+00  1.000000e+00  0.000000e+00
   outer loop
     vertex  1.552762e+01  9.100000e+01  1.629864e+01
     vertex  0.000000e+00  9.100000e+01  0.000000e+00
     vertex  1.548150e+01  9.100000e+01  1.633968e+01
   endloop
 endfacet
 facet normal  0.000000e+00  1.000000e+00  0.000000e+00
   outer loop
     vertex  1.526871e+01  9.100000e+01  1.656294e+01
     vertex  1.530878e+01  9.100000e+01  1.651599e+01
     vertex  0.000000e+00  9.100000e+01  0.000000e+00
   endloop
 endfacet
 facet normal  0.000000e+00  1.000000e+00  0.000000e+00
   outer loop
     vertex  1.557485e+01  9.100000e+01  1.625889e+01
     vertex  0.000000e+00  9.100000e+01  0.000000e+00
     vertex  1.552762e+01  9.100000e+01  1.629864e+01
   endloop
 endfacet
 facet normal  0.000000e+00  1.000000e+00  0.000000e+00
   outer loop
     vertex  1.522994e+01  9.100000e+01  1.661098e+01
     vertex  1.526871e+01  9.100000e+01  1.656294e+01
     vertex  0.000000e+00  9.100000e+01  0.000000e+00
   endloop
 endfacet
 facet normal  0.000000e+00  1.000000e+00  0.000000e+00
   outer loop
     vertex  1.562316e+01  9.100000e+01  1.622045e+01
     vertex  0.000000e+00  9.100000e+01  0.000000e+00
     vertex  1.557485e+01  9.100000e+01  1.625889e+01
   endloop
 endfacet
 facet normal  0.000000e+00  1.000000e+00  0.000000e+00
   outer loop
     vertex  1.519250e+01  9.100000e+01  1.666006e+01
     vertex  1.522994e+01  9.100000e+01  1.661098e+01
     vertex  0.000000e+00  9.100000e+01  0.000000e+00
   endloop
 endfacet
 facet normal  0.000000e+00  1.000000e+00  0.000000e+00
   outer loop
     vertex  1.567249e+01  9.100000e+01  1.618335e+01
     vertex  0.000000e+00  9.100000e+01  0.000000e+00
     vertex  1.562316e+01  9.100000e+01  1.622045e+01
   endloop
 endfacet
 facet normal  0.000000e+00  1.000000e+00  0.000000e+00
   outer loop
     vertex  1.515642e+01  9.100000e+01  1.671016e+01
     vertex  1.519250e+01  9.100000e+01  1.666006e+01
     vertex  0.000000e+00  9.100000e+01  0.000000e+00
   endloop
 endfacet
 facet normal  0.000000e+00  1.000000e+00  0.000000e+00
   outer loop
     vertex  1.572283e+01  9.100000e+01  1.614761e+01
     vertex  0.000000e+00  9.100000e+01  0.000000e+00
     vertex  1.567249e+01  9.100000e+01  1.618335e+01
   endloop
 endfacet
 facet normal  0.000000e+00  1.000000e+00  0.000000e+00
   outer loop
     vertex  1.512172e+01  9.100000e+01  1.676122e+01
     vertex  1.515642e+01  9.100000e+01  1.671016e+01
     vertex  0.000000e+00  9.100000e+01  0.000000e+00
   endloop
 endfacet
 facet normal  0.000000e+00  1.000000e+00  0.000000e+00
   outer loop
     vertex  1.577413e+01  9.100000e+01  1.611327e+01
     vertex  0.000000e+00  9.100000e+01  0.000000e+00
     vertex  1.572283e+01  9.100000e+01  1.614761e+01
   endloop
 endfacet
 facet normal  0.000000e+00  1.000000e+00  0.000000e+00
   outer loop
     vertex  1.508845e+01  9.100000e+01  1.681321e+01
     vertex  1.512172e+01  9.100000e+01  1.676122e+01
     vertex  0.000000e+00  9.100000e+01  0.000000e+00
   endloop
 endfacet
 facet normal  0.000000e+00  1.000000e+00  0.000000e+00
   outer loop
     vertex  1.582635e+01  9.100000e+01  1.608035e+01
     vertex  0.000000e+00  9.100000e+01  0.000000e+00
     vertex  1.577413e+01  9.100000e+01  1.611327e+01
   endloop
 endfacet
 facet normal  0.000000e+00  1.000000e+00  0.000000e+00
   outer loop
     vertex  1.505661e+01  9.100000e+01  1.686610e+01
     vertex  1.508845e+01  9.100000e+01  1.681321e+01
     vertex  0.000000e+00  9.100000e+01  0.000000e+00
   endloop
 endfacet
 facet normal  0.000000e+00  1.000000e+00  0.000000e+00
   outer loop
     vertex  1.587946e+01  9.100000e+01  1.604888e+01
     vertex  0.000000e+00  9.100000e+01  0.000000e+00
     vertex  1.582635e+01  9.100000e+01  1.608035e+01
   endloop
 endfacet
 facet normal  0.000000e+00  1.000000e+00  0.000000e+00
   outer loop
     vertex  1.502623e+01  9.100000e+01  1.691984e+01
     vertex  1.505661e+01  9.100000e+01  1.686610e+01
     vertex  0.000000e+00  9.100000e+01  0.000000e+00
   endloop
 endfacet
 facet normal  0.000000e+00  1.000000e+00  0.000000e+00
   outer loop
     vertex  1.593341e+01  9.100000e+01  1.601887e+01
     vertex  0.000000e+00  9.100000e+01  0.000000e+00
     vertex  1.587946e+01  9.100000e+01  1.604888e+01
   endloop
 endfacet
 facet normal  0.000000e+00  1.000000e+00  0.000000e+00
   outer loop
     vertex  1.499734e+01  9.100000e+01  1.697440e+01
     vertex  1.502623e+01  9.100000e+01  1.691984e+01
     vertex  0.000000e+00  9.100000e+01  0.000000e+00
   endloop
 endfacet
 facet normal  0.000000e+00  1.000000e+00  0.000000e+00
   outer loop
     vertex  1.598816e+01  9.100000e+01  1.599035e+01
     vertex  0.000000e+00  9.100000e+01  0.000000e+00
     vertex  1.593341e+01  9.100000e+01  1.601887e+01
   endloop
 endfacet
 facet normal  0.000000e+00  1.000000e+00  0.000000e+00
   outer loop
     vertex  1.496996e+01  9.100000e+01  1.702973e+01
     vertex  1.499734e+01  9.100000e+01  1.697440e+01
     vertex  0.000000e+00  9.100000e+01  0.000000e+00
   endloop
 endfacet
 facet normal  0.000000e+00  1.000000e+00  0.000000e+00
   outer loop
     vertex  1.604367e+01  9.100000e+01  1.596335e+01
     vertex  0.000000e+00  9.100000e+01  0.000000e+00
     vertex  1.598816e+01  9.100000e+01  1.599035e+01
   endloop
 endfacet
 facet normal  0.000000e+00  1.000000e+00  0.000000e+00
   outer loop
     vertex  1.494410e+01  9.100000e+01  1.708578e+01
     vertex  1.496996e+01  9.100000e+01  1.702973e+01
     vertex  0.000000e+00  9.100000e+01  0.000000e+00
   endloop
 endfacet
 facet normal  0.000000e+00  1.000000e+00  0.000000e+00
   outer loop
     vertex  1.609991e+01  9.100000e+01  1.593788e+01
     vertex  0.000000e+00  9.100000e+01  0.000000e+00
     vertex  1.604367e+01  9.100000e+01  1.596335e+01
   endloop
 endfacet
 facet normal  0.000000e+00  1.000000e+00  0.000000e+00
   outer loop
     vertex  1.491980e+01  9.100000e+01  1.714253e+01
     vertex  1.494410e+01  9.100000e+01  1.708578e+01
     vertex  0.000000e+00  9.100000e+01  0.000000e+00
   endloop
 endfacet
 facet normal  0.000000e+00  1.000000e+00  0.000000e+00
   outer loop
     vertex  1.615682e+01  9.100000e+01  1.591396e+01
     vertex  0.000000e+00  9.100000e+01  0.000000e+00
     vertex  1.609991e+01  9.100000e+01  1.593788e+01
   endloop
 endfacet
 facet normal  0.000000e+00  1.000000e+00  0.000000e+00
   outer loop
     vertex  1.489706e+01  9.100000e+01  1.719992e+01
     vertex  1.491980e+01  9.100000e+01  1.714253e+01
     vertex  0.000000e+00  9.100000e+01  0.000000e+00
   endloop
 endfacet
 facet normal  0.000000e+00  1.000000e+00  0.000000e+00
   outer loop
     vertex  1.621436e+01  9.100000e+01  1.589162e+01
     vertex  0.000000e+00  9.100000e+01  0.000000e+00
     vertex  1.615682e+01  9.100000e+01  1.591396e+01
   endloop
 endfacet
 facet normal  0.000000e+00  1.000000e+00  0.000000e+00
   outer loop
     vertex  1.487590e+01  9.100000e+01  1.725791e+01
     vertex  1.489706e+01  9.100000e+01  1.719992e+01
     vertex  0.000000e+00  9.100000e+01  0.000000e+00
   endloop
 endfacet
 facet normal  0.000000e+00  1.000000e+00  0.000000e+00
   outer loop
     vertex  1.627250e+01  9.100000e+01  1.587086e+01
     vertex  0.000000e+00  9.100000e+01  0.000000e+00
     vertex  1.621436e+01  9.100000e+01  1.589162e+01
   endloop
 endfacet
 facet normal  0.000000e+00  1.000000e+00  0.000000e+00
   outer loop
     vertex  1.485634e+01  9.100000e+01  1.731646e+01
     vertex  1.487590e+01  9.100000e+01  1.725791e+01
     vertex  0.000000e+00  9.100000e+01  0.000000e+00
   endloop
 endfacet
 facet normal  0.000000e+00  1.000000e+00  0.000000e+00
   outer loop
     vertex  1.633118e+01  9.100000e+01  1.585170e+01
     vertex  0.000000e+00  9.100000e+01  0.000000e+00
     vertex  1.627250e+01  9.100000e+01  1.587086e+01
   endloop
 endfacet
 facet normal  0.000000e+00  1.000000e+00  0.000000e+00
   outer loop
     vertex  1.483839e+01  9.100000e+01  1.737553e+01
     vertex  1.485634e+01  9.100000e+01  1.731646e+01
     vertex  0.000000e+00  9.100000e+01  0.000000e+00
   endloop
 endfacet
 facet normal  0.000000e+00  1.000000e+00  0.000000e+00
   outer loop
     vertex  1.639037e+01  9.100000e+01  1.583416e+01
     vertex  0.000000e+00  9.100000e+01  0.000000e+00
     vertex  1.633118e+01  9.100000e+01  1.585170e+01
   endloop
 endfacet
 facet normal  0.000000e+00  1.000000e+00  0.000000e+00
   outer loop
     vertex  1.482208e+01  9.100000e+01  1.743507e+01
     vertex  1.483839e+01  9.100000e+01  1.737553e+01
     vertex  0.000000e+00  9.100000e+01  0.000000e+00
   endloop
 endfacet
 facet normal  0.000000e+00  1.000000e+00  0.000000e+00
   outer loop
     vertex  1.645002e+01  9.100000e+01  1.581825e+01
     vertex  0.000000e+00  9.100000e+01  0.000000e+00
     vertex  1.639037e+01  9.100000e+01  1.583416e+01
   endloop
 endfacet
 facet normal  0.000000e+00  1.000000e+00  0.000000e+00
   outer loop
     vertex  1.480740e+01  9.100000e+01  1.749503e+01
     vertex  1.482208e+01  9.100000e+01  1.743507e+01
     vertex  0.000000e+00  9.100000e+01  0.000000e+00
   endloop
 endfacet
 facet normal  0.000000e+00  1.000000e+00  0.000000e+00
   outer loop
     vertex  1.651008e+01  9.100000e+01  1.580399e+01
     vertex  0.000000e+00  9.100000e+01  0.000000e+00
     vertex  1.645002e+01  9.100000e+01  1.581825e+01
   endloop
 endfacet
 facet normal  0.000000e+00  1.000000e+00  0.000000e+00
   outer loop
     vertex  1.479437e+01  9.100000e+01  1.755537e+01
     vertex  1.480740e+01  9.100000e+01  1.749503e+01
     vertex  0.000000e+00  9.100000e+01  0.000000e+00
   endloop
 endfacet
 facet normal  0.000000e+00  1.000000e+00  0.000000e+00
   outer loop
     vertex  1.657051e+01  9.100000e+01  1.579137e+01
     vertex  0.000000e+00  9.100000e+01  0.000000e+00
     vertex  1.651008e+01  9.100000e+01  1.580399e+01
   endloop
 endfacet
 facet normal  0.000000e+00  1.000000e+00  0.000000e+00
   outer loop
     vertex  1.478300e+01  9.100000e+01  1.761605e+01
     vertex  1.479437e+01  9.100000e+01  1.755537e+01
     vertex  0.000000e+00  9.100000e+01  0.000000e+00
   endloop
 endfacet
 facet normal  0.000000e+00  1.000000e+00  0.000000e+00
   outer loop
     vertex  1.663126e+01  9.100000e+01  1.578042e+01
     vertex  0.000000e+00  9.100000e+01  0.000000e+00
     vertex  1.657051e+01  9.100000e+01  1.579137e+01
   endloop
 endfacet
 facet normal  0.000000e+00  1.000000e+00  0.000000e+00
   outer loop
     vertex  1.477330e+01  9.100000e+01  1.767701e+01
     vertex  1.478300e+01  9.100000e+01  1.761605e+01
     vertex  0.000000e+00  9.100000e+01  0.000000e+00
   endloop
 endfacet
 facet normal  0.000000e+00  1.000000e+00  0.000000e+00
   outer loop
     vertex  1.669230e+01  9.100000e+01  1.577114e+01
     vertex  0.000000e+00  9.100000e+01  0.000000e+00
     vertex  1.663126e+01  9.100000e+01  1.578042e+01
   endloop
 endfacet
 facet normal  0.000000e+00  1.000000e+00  0.000000e+00
   outer loop
     vertex  1.476528e+01  9.100000e+01  1.773822e+01
     vertex  1.477330e+01  9.100000e+01  1.767701e+01
     vertex  0.000000e+00  9.100000e+01  0.000000e+00
   endloop
 endfacet
 facet normal  0.000000e+00  1.000000e+00  0.000000e+00
   outer loop
     vertex  1.675356e+01  9.100000e+01  1.576354e+01
     vertex  0.000000e+00  9.100000e+01  0.000000e+00
     vertex  1.669230e+01  9.100000e+01  1.577114e+01
   endloop
 endfacet
 facet normal  0.000000e+00  1.000000e+00  0.000000e+00
   outer loop
     vertex  1.475894e+01  9.100000e+01  1.779963e+01
     vertex  1.476528e+01  9.100000e+01  1.773822e+01
     vertex  0.000000e+00  9.100000e+01  0.000000e+00
   endloop
 endfacet
 facet normal  0.000000e+00  1.000000e+00  0.000000e+00
   outer loop
     vertex  1.681501e+01  9.100000e+01  1.575762e+01
     vertex  0.000000e+00  9.100000e+01  0.000000e+00
     vertex  1.675356e+01  9.100000e+01  1.576354e+01
   endloop
 endfacet
 facet normal  0.000000e+00  1.000000e+00  0.000000e+00
   outer loop
     vertex  1.475429e+01  9.100000e+01  1.786119e+01
     vertex  1.475894e+01  9.100000e+01  1.779963e+01
     vertex  0.000000e+00  9.100000e+01  0.000000e+00
   endloop
 endfacet
 facet normal  0.000000e+00  1.000000e+00  0.000000e+00
   outer loop
     vertex  1.687659e+01  9.100000e+01  1.575339e+01
     vertex  0.000000e+00  9.100000e+01  0.000000e+00
     vertex  1.681501e+01  9.100000e+01  1.575762e+01
   endloop
 endfacet
 facet normal  0.000000e+00  1.000000e+00  0.000000e+00
   outer loop
     vertex  1.475132e+01  9.100000e+01  1.792285e+01
     vertex  1.475429e+01  9.100000e+01  1.786119e+01
     vertex  0.000000e+00  9.100000e+01  0.000000e+00
   endloop
 endfacet
 facet normal  0.000000e+00  1.000000e+00  0.000000e+00
   outer loop
     vertex  1.693827e+01  9.100000e+01  1.575085e+01
     vertex  0.000000e+00  9.100000e+01  0.000000e+00
     vertex  1.687659e+01  9.100000e+01  1.575339e+01
   endloop
 endfacet
 facet normal  0.000000e+00  1.000000e+00  0.000000e+00
   outer loop
     vertex  1.475005e+01  9.100000e+01  1.798457e+01
     vertex  1.475132e+01  9.100000e+01  1.792285e+01
     vertex  0.000000e+00  9.100000e+01  0.000000e+00
   endloop
 endfacet
 facet normal  0.000000e+00  1.000000e+00  0.000000e+00
   outer loop
     vertex  1.700000e+01  9.100000e+01  1.575000e+01
     vertex  0.000000e+00  9.100000e+01  0.000000e+00
     vertex  1.693827e+01  9.100000e+01  1.575085e+01
   endloop
 endfacet
 facet normal  0.000000e+00  1.000000e+00  0.000000e+00
   outer loop
     vertex  1.706173e+01  9.100000e+01  1.575085e+01
     vertex  0.000000e+00  9.100000e+01  0.000000e+00
     vertex  1.700000e+01  9.100000e+01  1.575000e+01
   endloop
 endfacet
 facet normal  0.000000e+00  1.000000e+00  0.000000e+00
   outer loop
     vertex  1.712341e+01  9.100000e+01  1.575339e+01
     vertex  0.000000e+00  9.100000e+01  0.000000e+00
     vertex  1.706173e+01  9.100000e+01  1.575085e+01
   endloop
 endfacet
 facet normal  0.000000e+00  1.000000e+00  0.000000e+00
   outer loop
     vertex  1.718499e+01  9.100000e+01  1.575762e+01
     vertex  0.000000e+00  9.100000e+01  0.000000e+00
     vertex  1.712341e+01  9.100000e+01  1.575339e+01
   endloop
 endfacet
 facet normal  0.000000e+00  1.000000e+00  0.000000e+00
   outer loop
     vertex  1.724644e+01  9.100000e+01  1.576354e+01
     vertex  0.000000e+00  9.100000e+01  0.000000e+00
     vertex  1.718499e+01  9.100000e+01  1.575762e+01
   endloop
 endfacet
 facet normal  0.000000e+00  1.000000e+00  0.000000e+00
   outer loop
     vertex  1.730770e+01  9.100000e+01  1.577114e+01
     vertex  0.000000e+00  9.100000e+01  0.000000e+00
     vertex  1.724644e+01  9.100000e+01  1.576354e+01
   endloop
 endfacet
 facet normal  0.000000e+00  1.000000e+00  0.000000e+00
   outer loop
     vertex  1.736874e+01  9.100000e+01  1.578042e+01
     vertex  0.000000e+00  9.100000e+01  0.000000e+00
     vertex  1.730770e+01  9.100000e+01  1.577114e+01
   endloop
 endfacet
 facet normal  0.000000e+00  1.000000e+00  0.000000e+00
   outer loop
     vertex  1.742949e+01  9.100000e+01  1.579137e+01
     vertex  0.000000e+00  9.100000e+01  0.000000e+00
     vertex  1.736874e+01  9.100000e+01  1.578042e+01
   endloop
 endfacet
 facet normal  0.000000e+00  1.000000e+00  0.000000e+00
   outer loop
     vertex  1.748992e+01  9.100000e+01  1.580399e+01
     vertex  0.000000e+00  9.100000e+01  0.000000e+00
     vertex  1.742949e+01  9.100000e+01  1.579137e+01
   endloop
 endfacet
 facet normal  0.000000e+00  1.000000e+00  0.000000e+00
   outer loop
     vertex  1.754998e+01  9.100000e+01  1.581825e+01
     vertex  0.000000e+00  9.100000e+01  0.000000e+00
     vertex  1.748992e+01  9.100000e+01  1.580399e+01
   endloop
 endfacet
 facet normal  0.000000e+00  1.000000e+00  0.000000e+00
   outer loop
     vertex  1.760963e+01  9.100000e+01  1.583416e+01
     vertex  0.000000e+00  9.100000e+01  0.000000e+00
     vertex  1.754998e+01  9.100000e+01  1.581825e+01
   endloop
 endfacet
 facet normal  0.000000e+00  1.000000e+00  0.000000e+00
   outer loop
     vertex  1.766882e+01  9.100000e+01  1.585170e+01
     vertex  0.000000e+00  9.100000e+01  0.000000e+00
     vertex  1.760963e+01  9.100000e+01  1.583416e+01
   endloop
 endfacet
 facet normal  0.000000e+00  1.000000e+00  0.000000e+00
   outer loop
     vertex  1.772750e+01  9.100000e+01  1.587086e+01
     vertex  0.000000e+00  9.100000e+01  0.000000e+00
     vertex  1.766882e+01  9.100000e+01  1.585170e+01
   endloop
 endfacet
 facet normal  0.000000e+00  1.000000e+00  0.000000e+00
   outer loop
     vertex  1.778564e+01  9.100000e+01  1.589162e+01
     vertex  0.000000e+00  9.100000e+01  0.000000e+00
     vertex  1.772750e+01  9.100000e+01  1.587086e+01
   endloop
 endfacet
 facet normal  0.000000e+00  1.000000e+00  0.000000e+00
   outer loop
     vertex  1.784318e+01  9.100000e+01  1.591396e+01
     vertex  0.000000e+00  9.100000e+01  0.000000e+00
     vertex  1.778564e+01  9.100000e+01  1.589162e+01
   endloop
 endfacet
 facet normal  0.000000e+00  1.000000e+00  0.000000e+00
   outer loop
     vertex  1.790009e+01  9.100000e+01  1.593788e+01
     vertex  0.000000e+00  9.100000e+01  0.000000e+00
     vertex  1.784318e+01  9.100000e+01  1.591396e+01
   endloop
 endfacet
 facet normal  0.000000e+00  1.000000e+00  0.000000e+00
   outer loop
     vertex  1.795633e+01  9.100000e+01  1.596335e+01
     vertex  0.000000e+00  9.100000e+01  0.000000e+00
     vertex  1.790009e+01  9.100000e+01  1.593788e+01
   endloop
 endfacet
 facet normal  0.000000e+00  1.000000e+00  0.000000e+00
   outer loop
     vertex  1.801184e+01  9.100000e+01  1.599035e+01
     vertex  0.000000e+00  9.100000e+01  0.000000e+00
     vertex  1.795633e+01  9.100000e+01  1.596335e+01
   endloop
 endfacet
 facet normal  0.000000e+00  1.000000e+00  0.000000e+00
   outer loop
     vertex  1.806659e+01  9.100000e+01  1.601887e+01
     vertex  0.000000e+00  9.100000e+01  0.000000e+00
     vertex  1.801184e+01  9.100000e+01  1.599035e+01
   endloop
 endfacet
 facet normal  0.000000e+00  1.000000e+00  0.000000e+00
   outer loop
     vertex  1.812054e+01  9.100000e+01  1.604888e+01
     vertex  0.000000e+00  9.100000e+01  0.000000e+00
     vertex  1.806659e+01  9.100000e+01  1.601887e+01
   endloop
 endfacet
 facet normal  0.000000e+00  1.000000e+00  0.000000e+00
   outer loop
     vertex  1.817365e+01  9.100000e+01  1.608035e+01
     vertex  0.000000e+00  9.100000e+01  0.000000e+00
     vertex  1.812054e+01  9.100000e+01  1.604888e+01
   endloop
 endfacet
 facet normal  0.000000e+00  1.000000e+00  0.000000e+00
   outer loop
     vertex  0.000000e+00  9.100000e+01  3.600000e+01
     vertex  1.596069e+01  9.100000e+01  1.999558e+01
     vertex  1.590633e+01  9.100000e+01  1.996631e+01
   endloop
 endfacet
 facet normal  0.000000e+00  1.000000e+00  0.000000e+00
   outer loop
     vertex  0.000000e+00  9.100000e+01  3.600000e+01
     vertex  1.590633e+01  9.100000e+01  1.996631e+01
     vertex  1.585280e+01  9.100000e+01  1.993557e+01
   endloop
 endfacet
 facet normal  0.000000e+00  1.000000e+00  0.000000e+00
   outer loop
     vertex  0.000000e+00  9.100000e+01  3.600000e+01
     vertex  1.585280e+01  9.100000e+01  1.993557e+01
     vertex  1.580013e+01  9.100000e+01  1.990337e+01
   endloop
 endfacet
 facet normal  0.000000e+00  1.000000e+00  0.000000e+00
   outer loop
     vertex  0.000000e+00  9.100000e+01  3.600000e+01
     vertex  1.580013e+01  9.100000e+01  1.990337e+01
     vertex  1.574836e+01  9.100000e+01  1.986973e+01
   endloop
 endfacet
 facet normal  0.000000e+00  1.000000e+00  0.000000e+00
   outer loop
     vertex  0.000000e+00  9.100000e+01  3.600000e+01
     vertex  1.574836e+01  9.100000e+01  1.986973e+01
     vertex  1.569754e+01  9.100000e+01  1.983469e+01
   endloop
 endfacet
 facet normal  0.000000e+00  1.000000e+00  0.000000e+00
   outer loop
     vertex  0.000000e+00  9.100000e+01  3.600000e+01
     vertex  1.569754e+01  9.100000e+01  1.983469e+01
     vertex  1.564770e+01  9.100000e+01  1.979827e+01
   endloop
 endfacet
 facet normal  0.000000e+00  1.000000e+00  0.000000e+00
   outer loop
     vertex  0.000000e+00  9.100000e+01  3.600000e+01
     vertex  1.564770e+01  9.100000e+01  1.979827e+01
     vertex  1.559887e+01  9.100000e+01  1.976049e+01
   endloop
 endfacet
 facet normal  0.000000e+00  1.000000e+00  0.000000e+00
   outer loop
     vertex  0.000000e+00  9.100000e+01  3.600000e+01
     vertex  1.559887e+01  9.100000e+01  1.976049e+01
     vertex  1.555110e+01  9.100000e+01  1.972139e+01
   endloop
 endfacet
 facet normal  0.000000e+00  1.000000e+00  0.000000e+00
   outer loop
     vertex  0.000000e+00  9.100000e+01  3.600000e+01
     vertex  1.555110e+01  9.100000e+01  1.972139e+01
     vertex  1.550442e+01  9.100000e+01  1.968100e+01
   endloop
 endfacet
 facet normal  0.000000e+00  1.000000e+00  0.000000e+00
   outer loop
     vertex  0.000000e+00  9.100000e+01  3.600000e+01
     vertex  1.550442e+01  9.100000e+01  1.968100e+01
     vertex  1.545887e+01  9.100000e+01  1.963933e+01
   endloop
 endfacet
 facet normal  0.000000e+00  1.000000e+00  0.000000e+00
   outer loop
     vertex  0.000000e+00  9.100000e+01  3.600000e+01
     vertex  1.545887e+01  9.100000e+01  1.963933e+01
     vertex  1.541448e+01  9.100000e+01  1.959644e+01
   endloop
 endfacet
 facet normal  0.000000e+00  1.000000e+00  0.000000e+00
   outer loop
     vertex  0.000000e+00  9.100000e+01  3.600000e+01
     vertex  1.541448e+01  9.100000e+01  1.959644e+01
     vertex  1.537128e+01  9.100000e+01  1.955234e+01
   endloop
 endfacet
 facet normal  0.000000e+00  1.000000e+00  0.000000e+00
   outer loop
     vertex  0.000000e+00  9.100000e+01  3.600000e+01
     vertex  1.537128e+01  9.100000e+01  1.955234e+01
     vertex  1.532930e+01  9.100000e+01  1.950707e+01
   endloop
 endfacet
 facet normal  0.000000e+00  1.000000e+00  0.000000e+00
   outer loop
     vertex  0.000000e+00  9.100000e+01  3.600000e+01
     vertex  1.532930e+01  9.100000e+01  1.950707e+01
     vertex  1.528859e+01  9.100000e+01  1.946067e+01
   endloop
 endfacet
 facet normal  0.000000e+00  1.000000e+00  0.000000e+00
   outer loop
     vertex  0.000000e+00  9.100000e+01  3.600000e+01
     vertex  1.528859e+01  9.100000e+01  1.946067e+01
     vertex  1.524916e+01  9.100000e+01  1.941317e+01
   endloop
 endfacet
 facet normal  0.000000e+00  1.000000e+00  0.000000e+00
   outer loop
     vertex  0.000000e+00  9.100000e+01  3.600000e+01
     vertex  1.524916e+01  9.100000e+01  1.941317e+01
     vertex  1.521105e+01  9.100000e+01  1.936461e+01
   endloop
 endfacet
 facet normal  0.000000e+00  1.000000e+00  0.000000e+00
   outer loop
     vertex  0.000000e+00  9.100000e+01  3.600000e+01
     vertex  1.521105e+01  9.100000e+01  1.936461e+01
     vertex  1.517428e+01  9.100000e+01  1.931501e+01
   endloop
 endfacet
 facet normal  0.000000e+00  1.000000e+00  0.000000e+00
   outer loop
     vertex  0.000000e+00  9.100000e+01  3.600000e+01
     vertex  1.517428e+01  9.100000e+01  1.931501e+01
     vertex  1.513890e+01  9.100000e+01  1.926443e+01
   endloop
 endfacet
 facet normal  0.000000e+00  1.000000e+00  0.000000e+00
   outer loop
     vertex  0.000000e+00  9.100000e+01  3.600000e+01
     vertex  1.513890e+01  9.100000e+01  1.926443e+01
     vertex  1.510491e+01  9.100000e+01  1.921290e+01
   endloop
 endfacet
 facet normal  0.000000e+00  1.000000e+00  0.000000e+00
   outer loop
     vertex  0.000000e+00  9.100000e+01  3.600000e+01
     vertex  1.510491e+01  9.100000e+01  1.921290e+01
     vertex  1.507235e+01  9.100000e+01  1.916045e+01
   endloop
 endfacet
 facet normal  0.000000e+00  1.000000e+00  0.000000e+00
   outer loop
     vertex  0.000000e+00  9.100000e+01  3.600000e+01
     vertex  1.507235e+01  9.100000e+01  1.916045e+01
     vertex  1.504124e+01  9.100000e+01  1.910713e+01
   endloop
 endfacet
 facet normal  0.000000e+00  1.000000e+00  0.000000e+00
   outer loop
     vertex  0.000000e+00  9.100000e+01  3.600000e+01
     vertex  1.504124e+01  9.100000e+01  1.910713e+01
     vertex  1.501160e+01  9.100000e+01  1.905298e+01
   endloop
 endfacet
 facet normal  0.000000e+00  1.000000e+00  0.000000e+00
   outer loop
     vertex  0.000000e+00  9.100000e+01  3.600000e+01
     vertex  1.501160e+01  9.100000e+01  1.905298e+01
     vertex  1.498346e+01  9.100000e+01  1.899803e+01
   endloop
 endfacet
 facet normal  0.000000e+00  1.000000e+00  0.000000e+00
   outer loop
     vertex  0.000000e+00  9.100000e+01  3.600000e+01
     vertex  1.498346e+01  9.100000e+01  1.899803e+01
     vertex  1.495684e+01  9.100000e+01  1.894233e+01
   endloop
 endfacet
 facet normal  0.000000e+00  1.000000e+00  0.000000e+00
   outer loop
     vertex  0.000000e+00  9.100000e+01  3.600000e+01
     vertex  1.495684e+01  9.100000e+01  1.894233e+01
     vertex  1.493176e+01  9.100000e+01  1.888593e+01
   endloop
 endfacet
 facet normal  0.000000e+00  1.000000e+00  0.000000e+00
   outer loop
     vertex  0.000000e+00  9.100000e+01  3.600000e+01
     vertex  1.493176e+01  9.100000e+01  1.888593e+01
     vertex  1.490823e+01  9.100000e+01  1.882885e+01
   endloop
 endfacet
 facet normal  0.000000e+00  1.000000e+00  0.000000e+00
   outer loop
     vertex  0.000000e+00  9.100000e+01  3.600000e+01
     vertex  1.490823e+01  9.100000e+01  1.882885e+01
     vertex  1.488628e+01  9.100000e+01  1.877116e+01
   endloop
 endfacet
 facet normal  0.000000e+00  1.000000e+00  0.000000e+00
   outer loop
     vertex  0.000000e+00  9.100000e+01  3.600000e+01
     vertex  1.488628e+01  9.100000e+01  1.877116e+01
     vertex  1.486592e+01  9.100000e+01  1.871288e+01
   endloop
 endfacet
 facet normal  0.000000e+00  1.000000e+00  0.000000e+00
   outer loop
     vertex  0.000000e+00  9.100000e+01  3.600000e+01
     vertex  1.486592e+01  9.100000e+01  1.871288e+01
     vertex  1.484716e+01  9.100000e+01  1.865406e+01
   endloop
 endfacet
 facet normal  0.000000e+00  1.000000e+00  0.000000e+00
   outer loop
     vertex  0.000000e+00  9.100000e+01  3.600000e+01
     vertex  1.484716e+01  9.100000e+01  1.865406e+01
     vertex  1.483003e+01  9.100000e+01  1.859476e+01
   endloop
 endfacet
 facet normal  0.000000e+00  1.000000e+00  0.000000e+00
   outer loop
     vertex  0.000000e+00  9.100000e+01  3.600000e+01
     vertex  1.483003e+01  9.100000e+01  1.859476e+01
     vertex  1.481453e+01  9.100000e+01  1.853500e+01
   endloop
 endfacet
 facet normal  0.000000e+00  1.000000e+00  0.000000e+00
   outer loop
     vertex  0.000000e+00  9.100000e+01  3.600000e+01
     vertex  1.481453e+01  9.100000e+01  1.853500e+01
     vertex  1.480068e+01  9.100000e+01  1.847484e+01
   endloop
 endfacet
 facet normal  0.000000e+00  1.000000e+00  0.000000e+00
   outer loop
     vertex  0.000000e+00  9.100000e+01  3.600000e+01
     vertex  1.480068e+01  9.100000e+01  1.847484e+01
     vertex  1.478848e+01  9.100000e+01  1.841433e+01
   endloop
 endfacet
 facet normal  0.000000e+00  1.000000e+00  0.000000e+00
   outer loop
     vertex  0.000000e+00  9.100000e+01  3.600000e+01
     vertex  1.478848e+01  9.100000e+01  1.841433e+01
     vertex  1.477794e+01  9.100000e+01  1.835350e+01
   endloop
 endfacet
 facet normal  0.000000e+00  1.000000e+00  0.000000e+00
   outer loop
     vertex  0.000000e+00  9.100000e+01  3.600000e+01
     vertex  1.477794e+01  9.100000e+01  1.835350e+01
     vertex  1.476908e+01  9.100000e+01  1.829241e+01
   endloop
 endfacet
 facet normal  0.000000e+00  1.000000e+00  0.000000e+00
   outer loop
     vertex  0.000000e+00  9.100000e+01  3.600000e+01
     vertex  1.476908e+01  9.100000e+01  1.829241e+01
     vertex  1.476190e+01  9.100000e+01  1.823110e+01
   endloop
 endfacet
 facet normal  0.000000e+00  1.000000e+00  0.000000e+00
   outer loop
     vertex  0.000000e+00  9.100000e+01  3.600000e+01
     vertex  1.476190e+01  9.100000e+01  1.823110e+01
     vertex  1.475640e+01  9.100000e+01  1.816961e+01
   endloop
 endfacet
 facet normal  0.000000e+00  1.000000e+00  0.000000e+00
   outer loop
     vertex  0.000000e+00  9.100000e+01  3.600000e+01
     vertex  1.475640e+01  9.100000e+01  1.816961e+01
     vertex  1.475259e+01  9.100000e+01  1.810799e+01
   endloop
 endfacet
 facet normal  0.000000e+00  1.000000e+00  0.000000e+00
   outer loop
     vertex  0.000000e+00  9.100000e+01  3.600000e+01
     vertex  1.475259e+01  9.100000e+01  1.810799e+01
     vertex  1.475048e+01  9.100000e+01  1.804630e+01
   endloop
 endfacet
 facet normal  0.000000e+00  1.000000e+00  0.000000e+00
   outer loop
     vertex  0.000000e+00  9.100000e+01  3.600000e+01
     vertex  1.475048e+01  9.100000e+01  1.804630e+01
     vertex  1.475005e+01  9.100000e+01  1.798457e+01
   endloop
 endfacet
 facet normal  0.000000e+00  1.000000e+00  0.000000e+00
   outer loop
     vertex  0.000000e+00  9.100000e+01  3.600000e+01
     vertex  1.475005e+01  9.100000e+01  1.798457e+01
     vertex  0.000000e+00  9.100000e+01  0.000000e+00
   endloop
 endfacet
 facet normal  0.000000e+00  1.000000e+00  0.000000e+00
   outer loop
     vertex  1.601582e+01  9.100000e+01  2.002334e+01
     vertex  1.596069e+01  9.100000e+01  1.999558e+01
     vertex  0.000000e+00  9.100000e+01  3.600000e+01
   endloop
 endfacet
 facet normal  0.000000e+00  1.000000e+00  0.000000e+00
   outer loop
     vertex  1.607170e+01  9.100000e+01  2.004958e+01
     vertex  1.601582e+01  9.100000e+01  2.002334e+01
     vertex  0.000000e+00  9.100000e+01  3.600000e+01
   endloop
 endfacet
 facet normal  0.000000e+00  1.000000e+00  0.000000e+00
   outer loop
     vertex  1.612828e+01  9.100000e+01  2.007427e+01
     vertex  1.607170e+01  9.100000e+01  2.004958e+01
     vertex  0.000000e+00  9.100000e+01  3.600000e+01
   endloop
 endfacet
 facet normal  0.000000e+00  1.000000e+00  0.000000e+00
   outer loop
     vertex  1.618551e+01  9.100000e+01  2.009741e+01
     vertex  1.612828e+01  9.100000e+01  2.007427e+01
     vertex  0.000000e+00  9.100000e+01  3.600000e+01
   endloop
 endfacet
 facet normal  0.000000e+00  1.000000e+00  0.000000e+00
   outer loop
     vertex  1.624336e+01  9.100000e+01  2.011896e+01
     vertex  1.618551e+01  9.100000e+01  2.009741e+01
     vertex  0.000000e+00  9.100000e+01  3.600000e+01
   endloop
 endfacet
 facet normal  0.000000e+00  1.000000e+00  0.000000e+00
   outer loop
     vertex  1.630178e+01  9.100000e+01  2.013892e+01
     vertex  1.624336e+01  9.100000e+01  2.011896e+01
     vertex  0.000000e+00  9.100000e+01  3.600000e+01
   endloop
 endfacet
 facet normal  0.000000e+00  1.000000e+00  0.000000e+00
   outer loop
     vertex  1.636072e+01  9.100000e+01  2.015727e+01
     vertex  1.630178e+01  9.100000e+01  2.013892e+01
     vertex  0.000000e+00  9.100000e+01  3.600000e+01
   endloop
 endfacet
 facet normal  0.000000e+00  1.000000e+00  0.000000e+00
   outer loop
     vertex  1.642014e+01  9.100000e+01  2.017400e+01
     vertex  1.636072e+01  9.100000e+01  2.015727e+01
     vertex  0.000000e+00  9.100000e+01  3.600000e+01
   endloop
 endfacet
 facet normal  0.000000e+00  1.000000e+00  0.000000e+00
   outer loop
     vertex  1.648000e+01  9.100000e+01  2.018909e+01
     vertex  1.642014e+01  9.100000e+01  2.017400e+01
     vertex  0.000000e+00  9.100000e+01  3.600000e+01
   endloop
 endfacet
 facet normal  0.000000e+00  1.000000e+00  0.000000e+00
   outer loop
     vertex  1.654025e+01  9.100000e+01  2.020253e+01
     vertex  1.648000e+01  9.100000e+01  2.018909e+01
     vertex  0.000000e+00  9.100000e+01  3.600000e+01
   endloop
 endfacet
 facet normal  0.000000e+00  1.000000e+00  0.000000e+00
   outer loop
     vertex  1.660085e+01  9.100000e+01  2.021431e+01
     vertex  1.654025e+01  9.100000e+01  2.020253e+01
     vertex  0.000000e+00  9.100000e+01  3.600000e+01
   endloop
 endfacet
 facet normal  0.000000e+00  1.000000e+00  0.000000e+00
   outer loop
     vertex  1.666175e+01  9.100000e+01  2.022443e+01
     vertex  1.660085e+01  9.100000e+01  2.021431e+01
     vertex  0.000000e+00  9.100000e+01  3.600000e+01
   endloop
 endfacet
 facet normal  0.000000e+00  1.000000e+00  0.000000e+00
   outer loop
     vertex  1.672290e+01  9.100000e+01  2.023287e+01
     vertex  1.666175e+01  9.100000e+01  2.022443e+01
     vertex  0.000000e+00  9.100000e+01  3.600000e+01
   endloop
 endfacet
 facet normal  0.000000e+00  1.000000e+00  0.000000e+00
   outer loop
     vertex  1.678426e+01  9.100000e+01  2.023963e+01
     vertex  1.672290e+01  9.100000e+01  2.023287e+01
     vertex  0.000000e+00  9.100000e+01  3.600000e+01
   endloop
 endfacet
 facet normal  0.000000e+00  1.000000e+00  0.000000e+00
   outer loop
     vertex  1.684579e+01  9.100000e+01  2.024471e+01
     vertex  1.678426e+01  9.100000e+01  2.023963e+01
     vertex  0.000000e+00  9.100000e+01  3.600000e+01
   endloop
 endfacet
 facet normal  0.000000e+00  1.000000e+00  0.000000e+00
   outer loop
     vertex  1.690742e+01  9.100000e+01  2.024809e+01
     vertex  1.684579e+01  9.100000e+01  2.024471e+01
     vertex  0.000000e+00  9.100000e+01  3.600000e+01
   endloop
 endfacet
 facet normal  0.000000e+00  1.000000e+00  0.000000e+00
   outer loop
     vertex  1.696913e+01  9.100000e+01  2.024979e+01
     vertex  1.690742e+01  9.100000e+01  2.024809e+01
     vertex  0.000000e+00  9.100000e+01  3.600000e+01
   endloop
 endfacet
 facet normal  0.000000e+00  1.000000e+00  0.000000e+00
   outer loop
     vertex  1.703087e+01  9.100000e+01  2.024979e+01
     vertex  1.696913e+01  9.100000e+01  2.024979e+01
     vertex  0.000000e+00  9.100000e+01  3.600000e+01
   endloop
 endfacet
 facet normal  0.000000e+00  1.000000e+00  0.000000e+00
   outer loop
     vertex  1.709258e+01  9.100000e+01  2.024809e+01
     vertex  1.703087e+01  9.100000e+01  2.024979e+01
     vertex  0.000000e+00  9.100000e+01  3.600000e+01
   endloop
 endfacet
 facet normal  0.000000e+00  1.000000e+00  0.000000e+00
   outer loop
     vertex  1.715421e+01  9.100000e+01  2.024471e+01
     vertex  1.709258e+01  9.100000e+01  2.024809e+01
     vertex  0.000000e+00  9.100000e+01  3.600000e+01
   endloop
 endfacet
 facet normal  0.000000e+00  1.000000e+00  0.000000e+00
   outer loop
     vertex  1.721574e+01  9.100000e+01  2.023963e+01
     vertex  1.715421e+01  9.100000e+01  2.024471e+01
     vertex  0.000000e+00  9.100000e+01  3.600000e+01
   endloop
 endfacet
 facet normal  0.000000e+00  1.000000e+00  0.000000e+00
   outer loop
     vertex  1.727710e+01  9.100000e+01  2.023287e+01
     vertex  1.721574e+01  9.100000e+01  2.023963e+01
     vertex  0.000000e+00  9.100000e+01  3.600000e+01
   endloop
 endfacet
 facet normal  0.000000e+00  1.000000e+00  0.000000e+00
   outer loop
     vertex  1.733825e+01  9.100000e+01  2.022443e+01
     vertex  1.727710e+01  9.100000e+01  2.023287e+01
     vertex  0.000000e+00  9.100000e+01  3.600000e+01
   endloop
 endfacet
 facet normal  0.000000e+00  1.000000e+00  0.000000e+00
   outer loop
     vertex  1.739915e+01  9.100000e+01  2.021431e+01
     vertex  1.733825e+01  9.100000e+01  2.022443e+01
     vertex  0.000000e+00  9.100000e+01  3.600000e+01
   endloop
 endfacet
 facet normal  0.000000e+00  1.000000e+00  0.000000e+00
   outer loop
     vertex  1.745975e+01  9.100000e+01  2.020253e+01
     vertex  1.739915e+01  9.100000e+01  2.021431e+01
     vertex  0.000000e+00  9.100000e+01  3.600000e+01
   endloop
 endfacet
 facet normal  0.000000e+00  1.000000e+00  0.000000e+00
   outer loop
     vertex  1.752000e+01  9.100000e+01  2.018909e+01
     vertex  1.745975e+01  9.100000e+01  2.020253e+01
     vertex  0.000000e+00  9.100000e+01  3.600000e+01
   endloop
 endfacet
 facet normal  0.000000e+00  1.000000e+00  0.000000e+00
   outer loop
     vertex  1.757986e+01  9.100000e+01  2.017400e+01
     vertex  1.752000e+01  9.100000e+01  2.018909e+01
     vertex  0.000000e+00  9.100000e+01  3.600000e+01
   endloop
 endfacet
 facet normal  0.000000e+00  1.000000e+00  0.000000e+00
   outer loop
     vertex  1.763928e+01  9.100000e+01  2.015727e+01
     vertex  1.757986e+01  9.100000e+01  2.017400e+01
     vertex  0.000000e+00  9.100000e+01  3.600000e+01
   endloop
 endfacet
 facet normal  0.000000e+00  1.000000e+00  0.000000e+00
   outer loop
     vertex  1.769822e+01  9.100000e+01  2.013892e+01
     vertex  1.763928e+01  9.100000e+01  2.015727e+01
     vertex  0.000000e+00  9.100000e+01  3.600000e+01
   endloop
 endfacet
 facet normal  0.000000e+00  1.000000e+00  0.000000e+00
   outer loop
     vertex  1.775664e+01  9.100000e+01  2.011896e+01
     vertex  1.769822e+01  9.100000e+01  2.013892e+01
     vertex  0.000000e+00  9.100000e+01  3.600000e+01
   endloop
 endfacet
 facet normal  0.000000e+00  1.000000e+00  0.000000e+00
   outer loop
     vertex  1.781449e+01  9.100000e+01  2.009741e+01
     vertex  1.775664e+01  9.100000e+01  2.011896e+01
     vertex  0.000000e+00  9.100000e+01  3.600000e+01
   endloop
 endfacet
 facet normal  0.000000e+00  1.000000e+00  0.000000e+00
   outer loop
     vertex  1.787172e+01  9.100000e+01  2.007427e+01
     vertex  1.781449e+01  9.100000e+01  2.009741e+01
     vertex  0.000000e+00  9.100000e+01  3.600000e+01
   endloop
 endfacet
 facet normal  0.000000e+00  1.000000e+00  0.000000e+00
   outer loop
     vertex  1.792830e+01  9.100000e+01  2.004958e+01
     vertex  1.787172e+01  9.100000e+01  2.007427e+01
     vertex  0.000000e+00  9.100000e+01  3.600000e+01
   endloop
 endfacet
 facet normal  0.000000e+00  1.000000e+00  0.000000e+00
   outer loop
     vertex  1.798418e+01  9.100000e+01  2.002334e+01
     vertex  1.792830e+01  9.100000e+01  2.004958e+01
     vertex  0.000000e+00  9.100000e+01  3.600000e+01
   endloop
 endfacet
 facet normal  0.000000e+00  1.000000e+00  0.000000e+00
   outer loop
     vertex  1.803931e+01  9.100000e+01  1.999558e+01
     vertex  1.798418e+01  9.100000e+01  2.002334e+01
     vertex  0.000000e+00  9.100000e+01  3.600000e+01
   endloop
 endfacet
 facet normal  0.000000e+00  1.000000e+00  0.000000e+00
   outer loop
     vertex  1.809367e+01  9.100000e+01  1.996631e+01
     vertex  1.803931e+01  9.100000e+01  1.999558e+01
     vertex  0.000000e+00  9.100000e+01  3.600000e+01
   endloop
 endfacet
 facet normal  0.000000e+00  1.000000e+00  0.000000e+00
   outer loop
     vertex  1.814720e+01  9.100000e+01  1.993557e+01
     vertex  1.809367e+01  9.100000e+01  1.996631e+01
     vertex  0.000000e+00  9.100000e+01  3.600000e+01
   endloop
 endfacet
 facet normal  0.000000e+00  1.000000e+00  0.000000e+00
   outer loop
     vertex  8.839272e+01  9.100000e+01  1.642546e+01
     vertex  1.860728e+01  9.100000e+01  1.642546e+01
     vertex  1.864987e+01  9.100000e+01  1.647015e+01
   endloop
 endfacet
 facet normal  0.000000e+00  1.000000e+00  0.000000e+00
   outer loop
     vertex  8.843653e+01  9.100000e+01  1.638196e+01
     vertex  1.860728e+01  9.100000e+01  1.642546e+01
     vertex  8.839272e+01  9.100000e+01  1.642546e+01
   endloop
 endfacet
 facet normal  0.000000e+00  1.000000e+00  0.000000e+00
   outer loop
     vertex  8.843653e+01  9.100000e+01  1.638196e+01
     vertex  1.856347e+01  9.100000e+01  1.638196e+01
     vertex  1.860728e+01  9.100000e+01  1.642546e+01
   endloop
 endfacet
 facet normal  0.000000e+00  1.000000e+00  0.000000e+00
   outer loop
     vertex  8.835013e+01  9.100000e+01  1.647015e+01
     vertex  8.839272e+01  9.100000e+01  1.642546e+01
     vertex  1.864987e+01  9.100000e+01  1.647015e+01
   endloop
 endfacet
 facet normal  0.000000e+00  1.000000e+00  0.000000e+00
   outer loop
     vertex  8.835013e+01  9.100000e+01  1.647015e+01
     vertex  1.864987e+01  9.100000e+01  1.647015e+01
     vertex  1.869122e+01  9.100000e+01  1.651599e+01
   endloop
 endfacet
 facet normal  0.000000e+00  1.000000e+00  0.000000e+00
   outer loop
     vertex  8.848150e+01  9.100000e+01  1.633968e+01
     vertex  1.856347e+01  9.100000e+01  1.638196e+01
     vertex  8.843653e+01  9.100000e+01  1.638196e+01
   endloop
 endfacet
 facet normal  0.000000e+00  1.000000e+00  0.000000e+00
   outer loop
     vertex  8.848150e+01  9.100000e+01  1.633968e+01
     vertex  1.851850e+01  9.100000e+01  1.633968e+01
     vertex  1.856347e+01  9.100000e+01  1.638196e+01
   endloop
 endfacet
 facet normal  0.000000e+00  1.000000e+00  0.000000e+00
   outer loop
     vertex  8.830878e+01  9.100000e+01  1.651599e+01
     vertex  8.835013e+01  9.100000e+01  1.647015e+01
     vertex  1.869122e+01  9.100000e+01  1.651599e+01
   endloop
 endfacet
 facet normal  0.000000e+00  1.000000e+00  0.000000e+00
   outer loop
     vertex  8.852762e+01  9.100000e+01  1.629864e+01
     vertex  1.847238e+01  9.100000e+01  1.629864e+01
     vertex  1.851850e+01  9.100000e+01  1.633968e+01
   endloop
 endfacet
 facet normal  0.000000e+00  1.000000e+00  0.000000e+00
   outer loop
     vertex  8.852762e+01  9.100000e+01  1.629864e+01
     vertex  1.851850e+01  9.100000e+01  1.633968e+01
     vertex  8.848150e+01  9.100000e+01  1.633968e+01
   endloop
 endfacet
 facet normal  0.000000e+00  1.000000e+00  0.000000e+00
   outer loop
     vertex  8.826871e+01  9.100000e+01  1.656294e+01
     vertex  8.830878e+01  9.100000e+01  1.651599e+01
     vertex  1.869122e+01  9.100000e+01  1.651599e+01
   endloop
 endfacet
 facet normal  0.000000e+00  1.000000e+00  0.000000e+00
   outer loop
     vertex  8.826871e+01  9.100000e+01  1.656294e+01
     vertex  1.869122e+01  9.100000e+01  1.651599e+01
     vertex  1.873129e+01  9.100000e+01  1.656294e+01
   endloop
 endfacet
 facet normal  0.000000e+00  1.000000e+00  0.000000e+00
   outer loop
     vertex  8.857485e+01  9.100000e+01  1.625889e+01
     vertex  1.837684e+01  9.100000e+01  1.622045e+01
     vertex  1.842515e+01  9.100000e+01  1.625889e+01
   endloop
 endfacet
 facet normal  0.000000e+00  1.000000e+00  0.000000e+00
   outer loop
     vertex  8.857485e+01  9.100000e+01  1.625889e+01
     vertex  1.842515e+01  9.100000e+01  1.625889e+01
     vertex  1.847238e+01  9.100000e+01  1.629864e+01
   endloop
 endfacet
 facet normal  0.000000e+00  1.000000e+00  0.000000e+00
   outer loop
     vertex  8.857485e+01  9.100000e+01  1.625889e+01
     vertex  1.847238e+01  9.100000e+01  1.629864e+01
     vertex  8.852762e+01  9.100000e+01  1.629864e+01
   endloop
 endfacet
 facet normal  0.000000e+00  1.000000e+00  0.000000e+00
   outer loop
     vertex  8.822994e+01  9.100000e+01  1.661098e+01
     vertex  8.826871e+01  9.100000e+01  1.656294e+01
     vertex  1.873129e+01  9.100000e+01  1.656294e+01
   endloop
 endfacet
 facet normal  0.000000e+00  1.000000e+00  0.000000e+00
   outer loop
     vertex  8.822994e+01  9.100000e+01  1.661098e+01
     vertex  1.873129e+01  9.100000e+01  1.656294e+01
     vertex  1.877006e+01  9.100000e+01  1.661098e+01
   endloop
 endfacet
 facet normal  0.000000e+00  1.000000e+00  0.000000e+00
   outer loop
     vertex  8.862316e+01  9.100000e+01  1.622045e+01
     vertex  1.837684e+01  9.100000e+01  1.622045e+01
     vertex  8.857485e+01  9.100000e+01  1.625889e+01
   endloop
 endfacet
 facet normal  0.000000e+00  1.000000e+00  0.000000e+00
   outer loop
     vertex  8.819250e+01  9.100000e+01  1.666006e+01
     vertex  8.822994e+01  9.100000e+01  1.661098e+01
     vertex  1.877006e+01  9.100000e+01  1.661098e+01
   endloop
 endfacet
 facet normal  0.000000e+00  1.000000e+00  0.000000e+00
   outer loop
     vertex  8.819250e+01  9.100000e+01  1.666006e+01
     vertex  1.877006e+01  9.100000e+01  1.661098e+01
     vertex  1.880750e+01  9.100000e+01  1.666006e+01
   endloop
 endfacet
 facet normal  0.000000e+00  1.000000e+00  0.000000e+00
   outer loop
     vertex  8.867249e+01  9.100000e+01  1.618335e+01
     vertex  1.837684e+01  9.100000e+01  1.622045e+01
     vertex  8.862316e+01  9.100000e+01  1.622045e+01
   endloop
 endfacet
 facet normal  0.000000e+00  1.000000e+00  0.000000e+00
   outer loop
     vertex  8.867249e+01  9.100000e+01  1.618335e+01
     vertex  1.832751e+01  9.100000e+01  1.618335e+01
     vertex  1.837684e+01  9.100000e+01  1.622045e+01
   endloop
 endfacet
 facet normal  0.000000e+00  1.000000e+00  0.000000e+00
   outer loop
     vertex  8.815642e+01  9.100000e+01  1.671016e+01
     vertex  8.819250e+01  9.100000e+01  1.666006e+01
     vertex  1.880750e+01  9.100000e+01  1.666006e+01
   endloop
 endfacet
 facet normal  0.000000e+00  1.000000e+00  0.000000e+00
   outer loop
     vertex  8.815642e+01  9.100000e+01  1.671016e+01
     vertex  1.880750e+01  9.100000e+01  1.666006e+01
     vertex  1.884358e+01  9.100000e+01  1.671016e+01
   endloop
 endfacet
 facet normal  0.000000e+00  1.000000e+00  0.000000e+00
   outer loop
     vertex  8.872283e+01  9.100000e+01  1.614761e+01
     vertex  1.827717e+01  9.100000e+01  1.614761e+01
     vertex  1.832751e+01  9.100000e+01  1.618335e+01
   endloop
 endfacet
 facet normal  0.000000e+00  1.000000e+00  0.000000e+00
   outer loop
     vertex  8.872283e+01  9.100000e+01  1.614761e+01
     vertex  1.832751e+01  9.100000e+01  1.618335e+01
     vertex  8.867249e+01  9.100000e+01  1.618335e+01
   endloop
 endfacet
 facet normal  0.000000e+00  1.000000e+00  0.000000e+00
   outer loop
     vertex  8.812172e+01  9.100000e+01  1.676122e+01
     vertex  1.884358e+01  9.100000e+01  1.671016e+01
     vertex  1.887828e+01  9.100000e+01  1.676122e+01
   endloop
 endfacet
 facet normal  0.000000e+00  1.000000e+00  0.000000e+00
   outer loop
     vertex  8.812172e+01  9.100000e+01  1.676122e+01
     vertex  8.815642e+01  9.100000e+01  1.671016e+01
     vertex  1.884358e+01  9.100000e+01  1.671016e+01
   endloop
 endfacet
 facet normal  0.000000e+00  1.000000e+00  0.000000e+00
   outer loop
     vertex  8.812172e+01  9.100000e+01  1.676122e+01
     vertex  1.887828e+01  9.100000e+01  1.676122e+01
     vertex  1.891155e+01  9.100000e+01  1.681321e+01
   endloop
 endfacet
 facet normal  0.000000e+00  1.000000e+00  0.000000e+00
   outer loop
     vertex  8.877413e+01  9.100000e+01  1.611327e+01
     vertex  1.827717e+01  9.100000e+01  1.614761e+01
     vertex  8.872283e+01  9.100000e+01  1.614761e+01
   endloop
 endfacet
 facet normal  0.000000e+00  1.000000e+00  0.000000e+00
   outer loop
     vertex  8.877413e+01  9.100000e+01  1.611327e+01
     vertex  1.822587e+01  9.100000e+01  1.611327e+01
     vertex  1.827717e+01  9.100000e+01  1.614761e+01
   endloop
 endfacet
 facet normal  0.000000e+00  1.000000e+00  0.000000e+00
   outer loop
     vertex  8.808845e+01  9.100000e+01  1.681321e+01
     vertex  8.812172e+01  9.100000e+01  1.676122e+01
     vertex  1.891155e+01  9.100000e+01  1.681321e+01
   endloop
 endfacet
 facet normal  0.000000e+00  1.000000e+00  0.000000e+00
   outer loop
     vertex  8.882635e+01  9.100000e+01  1.608035e+01
     vertex  1.817365e+01  9.100000e+01  1.608035e+01
     vertex  1.822587e+01  9.100000e+01  1.611327e+01
   endloop
 endfacet
 facet normal  0.000000e+00  1.000000e+00  0.000000e+00
   outer loop
     vertex  8.882635e+01  9.100000e+01  1.608035e+01
     vertex  1.822587e+01  9.100000e+01  1.611327e+01
     vertex  8.877413e+01  9.100000e+01  1.611327e+01
   endloop
 endfacet
 facet normal  0.000000e+00  1.000000e+00  0.000000e+00
   outer loop
     vertex  8.882635e+01  9.100000e+01  1.608035e+01
     vertex  0.000000e+00  9.100000e+01  0.000000e+00
     vertex  1.817365e+01  9.100000e+01  1.608035e+01
   endloop
 endfacet
 facet normal  0.000000e+00  1.000000e+00  0.000000e+00
   outer loop
     vertex  8.805661e+01  9.100000e+01  1.686610e+01
     vertex  8.808845e+01  9.100000e+01  1.681321e+01
     vertex  1.891155e+01  9.100000e+01  1.681321e+01
   endloop
 endfacet
 facet normal  0.000000e+00  1.000000e+00  0.000000e+00
   outer loop
     vertex  8.805661e+01  9.100000e+01  1.686610e+01
     vertex  1.891155e+01  9.100000e+01  1.681321e+01
     vertex  1.894339e+01  9.100000e+01  1.686610e+01
   endloop
 endfacet
 facet normal  0.000000e+00  1.000000e+00  0.000000e+00
   outer loop
     vertex  8.887946e+01  9.100000e+01  1.604888e+01
     vertex  0.000000e+00  9.100000e+01  0.000000e+00
     vertex  8.882635e+01  9.100000e+01  1.608035e+01
   endloop
 endfacet
 facet normal  0.000000e+00  1.000000e+00  0.000000e+00
   outer loop
     vertex  8.802623e+01  9.100000e+01  1.691984e+01
     vertex  1.894339e+01  9.100000e+01  1.686610e+01
     vertex  1.897377e+01  9.100000e+01  1.691984e+01
   endloop
 endfacet
 facet normal  0.000000e+00  1.000000e+00  0.000000e+00
   outer loop
     vertex  8.802623e+01  9.100000e+01  1.691984e+01
     vertex  8.805661e+01  9.100000e+01  1.686610e+01
     vertex  1.894339e+01  9.100000e+01  1.686610e+01
   endloop
 endfacet
 facet normal  0.000000e+00  1.000000e+00  0.000000e+00
   outer loop
     vertex  8.893341e+01  9.100000e+01  1.601887e+01
     vertex  0.000000e+00  9.100000e+01  0.000000e+00
     vertex  8.887946e+01  9.100000e+01  1.604888e+01
   endloop
 endfacet
 facet normal  0.000000e+00  1.000000e+00  0.000000e+00
   outer loop
     vertex  8.799734e+01  9.100000e+01  1.697440e+01
     vertex  8.802623e+01  9.100000e+01  1.691984e+01
     vertex  1.897377e+01  9.100000e+01  1.691984e+01
   endloop
 endfacet
 facet normal  0.000000e+00  1.000000e+00  0.000000e+00
   outer loop
     vertex  8.799734e+01  9.100000e+01  1.697440e+01
     vertex  1.897377e+01  9.100000e+01  1.691984e+01
     vertex  1.900266e+01  9.100000e+01  1.697440e+01
   endloop
 endfacet
 facet normal  0.000000e+00  1.000000e+00  0.000000e+00
   outer loop
     vertex  8.898816e+01  9.100000e+01  1.599035e+01
     vertex  0.000000e+00  9.100000e+01  0.000000e+00
     vertex  8.893341e+01  9.100000e+01  1.601887e+01
   endloop
 endfacet
 facet normal  0.000000e+00  1.000000e+00  0.000000e+00
   outer loop
     vertex  8.796996e+01  9.100000e+01  1.702973e+01
     vertex  8.799734e+01  9.100000e+01  1.697440e+01
     vertex  1.900266e+01  9.100000e+01  1.697440e+01
   endloop
 endfacet
 facet normal  0.000000e+00  1.000000e+00  0.000000e+00
   outer loop
     vertex  8.796996e+01  9.100000e+01  1.702973e+01
     vertex  1.900266e+01  9.100000e+01  1.697440e+01
     vertex  1.903004e+01  9.100000e+01  1.702973e+01
   endloop
 endfacet
 facet normal  0.000000e+00  1.000000e+00  0.000000e+00
   outer loop
     vertex  8.904367e+01  9.100000e+01  1.596335e+01
     vertex  0.000000e+00  9.100000e+01  0.000000e+00
     vertex  8.898816e+01  9.100000e+01  1.599035e+01
   endloop
 endfacet
 facet normal  0.000000e+00  1.000000e+00  0.000000e+00
   outer loop
     vertex  8.794410e+01  9.100000e+01  1.708578e+01
     vertex  1.903004e+01  9.100000e+01  1.702973e+01
     vertex  1.905590e+01  9.100000e+01  1.708578e+01
   endloop
 endfacet
 facet normal  0.000000e+00  1.000000e+00  0.000000e+00
   outer loop
     vertex  8.794410e+01  9.100000e+01  1.708578e+01
     vertex  8.796996e+01  9.100000e+01  1.702973e+01
     vertex  1.903004e+01  9.100000e+01  1.702973e+01
   endloop
 endfacet
 facet normal  0.000000e+00  1.000000e+00  0.000000e+00
   outer loop
     vertex  8.909991e+01  9.100000e+01  1.593788e+01
     vertex  0.000000e+00  9.100000e+01  0.000000e+00
     vertex  8.904367e+01  9.100000e+01  1.596335e+01
   endloop
 endfacet
 facet normal  0.000000e+00  1.000000e+00  0.000000e+00
   outer loop
     vertex  8.791980e+01  9.100000e+01  1.714253e+01
     vertex  1.905590e+01  9.100000e+01  1.708578e+01
     vertex  1.908020e+01  9.100000e+01  1.714253e+01
   endloop
 endfacet
 facet normal  0.000000e+00  1.000000e+00  0.000000e+00
   outer loop
     vertex  8.791980e+01  9.100000e+01  1.714253e+01
     vertex  8.794410e+01  9.100000e+01  1.708578e+01
     vertex  1.905590e+01  9.100000e+01  1.708578e+01
   endloop
 endfacet
 facet normal  0.000000e+00  1.000000e+00  0.000000e+00
   outer loop
     vertex  8.915682e+01  9.100000e+01  1.591396e+01
     vertex  0.000000e+00  9.100000e+01  0.000000e+00
     vertex  8.909991e+01  9.100000e+01  1.593788e+01
   endloop
 endfacet
 facet normal  0.000000e+00  1.000000e+00  0.000000e+00
   outer loop
     vertex  8.789706e+01  9.100000e+01  1.719992e+01
     vertex  8.791980e+01  9.100000e+01  1.714253e+01
     vertex  1.908020e+01  9.100000e+01  1.714253e+01
   endloop
 endfacet
 facet normal  0.000000e+00  1.000000e+00  0.000000e+00
   outer loop
     vertex  8.789706e+01  9.100000e+01  1.719992e+01
     vertex  1.908020e+01  9.100000e+01  1.714253e+01
     vertex  1.910294e+01  9.100000e+01  1.719992e+01
   endloop
 endfacet
 facet normal  0.000000e+00  1.000000e+00  0.000000e+00
   outer loop
     vertex  8.921436e+01  9.100000e+01  1.589162e+01
     vertex  0.000000e+00  9.100000e+01  0.000000e+00
     vertex  8.915682e+01  9.100000e+01  1.591396e+01
   endloop
 endfacet
 facet normal  0.000000e+00  1.000000e+00  0.000000e+00
   outer loop
     vertex  8.787590e+01  9.100000e+01  1.725791e+01
     vertex  1.910294e+01  9.100000e+01  1.719992e+01
     vertex  1.912410e+01  9.100000e+01  1.725791e+01
   endloop
 endfacet
 facet normal  0.000000e+00  1.000000e+00  0.000000e+00
   outer loop
     vertex  8.787590e+01  9.100000e+01  1.725791e+01
     vertex  8.789706e+01  9.100000e+01  1.719992e+01
     vertex  1.910294e+01  9.100000e+01  1.719992e+01
   endloop
 endfacet
 facet normal  0.000000e+00  1.000000e+00  0.000000e+00
   outer loop
     vertex  8.927250e+01  9.100000e+01  1.587086e+01
     vertex  0.000000e+00  9.100000e+01  0.000000e+00
     vertex  8.921436e+01  9.100000e+01  1.589162e+01
   endloop
 endfacet
 facet normal  0.000000e+00  1.000000e+00  0.000000e+00
   outer loop
     vertex  8.785634e+01  9.100000e+01  1.731646e+01
     vertex  1.912410e+01  9.100000e+01  1.725791e+01
     vertex  1.914366e+01  9.100000e+01  1.731646e+01
   endloop
 endfacet
 facet normal  0.000000e+00  1.000000e+00  0.000000e+00
   outer loop
     vertex  8.785634e+01  9.100000e+01  1.731646e+01
     vertex  8.787590e+01  9.100000e+01  1.725791e+01
     vertex  1.912410e+01  9.100000e+01  1.725791e+01
   endloop
 endfacet
 facet normal  0.000000e+00  1.000000e+00  0.000000e+00
   outer loop
     vertex  8.933118e+01  9.100000e+01  1.585170e+01
     vertex  0.000000e+00  9.100000e+01  0.000000e+00
     vertex  8.927250e+01  9.100000e+01  1.587086e+01
   endloop
 endfacet
 facet normal  0.000000e+00  1.000000e+00  0.000000e+00
   outer loop
     vertex  8.783839e+01  9.100000e+01  1.737553e+01
     vertex  1.914366e+01  9.100000e+01  1.731646e+01
     vertex  1.916161e+01  9.100000e+01  1.737553e+01
   endloop
 endfacet
 facet normal  0.000000e+00  1.000000e+00  0.000000e+00
   outer loop
     vertex  8.783839e+01  9.100000e+01  1.737553e+01
     vertex  8.785634e+01  9.100000e+01  1.731646e+01
     vertex  1.914366e+01  9.100000e+01  1.731646e+01
   endloop
 endfacet
 facet normal  0.000000e+00  1.000000e+00  0.000000e+00
   outer loop
     vertex  8.939037e+01  9.100000e+01  1.583416e+01
     vertex  0.000000e+00  9.100000e+01  0.000000e+00
     vertex  8.933118e+01  9.100000e+01  1.585170e+01
   endloop
 endfacet
 facet normal  0.000000e+00  1.000000e+00  0.000000e+00
   outer loop
     vertex  8.782208e+01  9.100000e+01  1.743507e+01
     vertex  1.916161e+01  9.100000e+01  1.737553e+01
     vertex  1.917792e+01  9.100000e+01  1.743507e+01
   endloop
 endfacet
 facet normal  0.000000e+00  1.000000e+00  0.000000e+00
   outer loop
     vertex  8.782208e+01  9.100000e+01  1.743507e+01
     vertex  1.917792e+01  9.100000e+01  1.743507e+01
     vertex  1.919260e+01  9.100000e+01  1.749503e+01
   endloop
 endfacet
 facet normal  0.000000e+00  1.000000e+00  0.000000e+00
   outer loop
     vertex  8.782208e+01  9.100000e+01  1.743507e+01
     vertex  8.783839e+01  9.100000e+01  1.737553e+01
     vertex  1.916161e+01  9.100000e+01  1.737553e+01
   endloop
 endfacet
 facet normal  0.000000e+00  1.000000e+00  0.000000e+00
   outer loop
     vertex  8.945002e+01  9.100000e+01  1.581825e+01
     vertex  0.000000e+00  9.100000e+01  0.000000e+00
     vertex  8.939037e+01  9.100000e+01  1.583416e+01
   endloop
 endfacet
 facet normal  0.000000e+00  1.000000e+00  0.000000e+00
   outer loop
     vertex  8.780740e+01  9.100000e+01  1.749503e+01
     vertex  1.919260e+01  9.100000e+01  1.749503e+01
     vertex  1.920563e+01  9.100000e+01  1.755537e+01
   endloop
 endfacet
 facet normal  0.000000e+00  1.000000e+00  0.000000e+00
   outer loop
     vertex  8.780740e+01  9.100000e+01  1.749503e+01
     vertex  8.782208e+01  9.100000e+01  1.743507e+01
     vertex  1.919260e+01  9.100000e+01  1.749503e+01
   endloop
 endfacet
 facet normal  0.000000e+00  1.000000e+00  0.000000e+00
   outer loop
     vertex  8.951008e+01  9.100000e+01  1.580399e+01
     vertex  0.000000e+00  9.100000e+01  0.000000e+00
     vertex  8.945002e+01  9.100000e+01  1.581825e+01
   endloop
 endfacet
 facet normal  0.000000e+00  1.000000e+00  0.000000e+00
   outer loop
     vertex  8.779437e+01  9.100000e+01  1.755537e+01
     vertex  8.780740e+01  9.100000e+01  1.749503e+01
     vertex  1.920563e+01  9.100000e+01  1.755537e+01
   endloop
 endfacet
 facet normal  0.000000e+00  1.000000e+00  0.000000e+00
   outer loop
     vertex  8.957051e+01  9.100000e+01  1.579137e+01
     vertex  0.000000e+00  9.100000e+01  0.000000e+00
     vertex  8.951008e+01  9.100000e+01  1.580399e+01
   endloop
 endfacet
 facet normal  0.000000e+00  1.000000e+00  0.000000e+00
   outer loop
     vertex  8.778300e+01  9.100000e+01  1.761605e+01
     vertex  1.920563e+01  9.100000e+01  1.755537e+01
     vertex  1.921700e+01  9.100000e+01  1.761605e+01
   endloop
 endfacet
 facet normal  0.000000e+00  1.000000e+00  0.000000e+00
   outer loop
     vertex  8.778300e+01  9.100000e+01  1.761605e+01
     vertex  8.779437e+01  9.100000e+01  1.755537e+01
     vertex  1.920563e+01  9.100000e+01  1.755537e+01
   endloop
 endfacet
 facet normal  0.000000e+00  1.000000e+00  0.000000e+00
   outer loop
     vertex  8.777330e+01  9.100000e+01  1.767701e+01
     vertex  8.778300e+01  9.100000e+01  1.761605e+01
     vertex  1.921700e+01  9.100000e+01  1.761605e+01
   endloop
 endfacet
 facet normal  0.000000e+00  1.000000e+00  0.000000e+00
   outer loop
     vertex  8.777330e+01  9.100000e+01  1.767701e+01
     vertex  1.921700e+01  9.100000e+01  1.761605e+01
     vertex  1.922670e+01  9.100000e+01  1.767701e+01
   endloop
 endfacet
 facet normal  0.000000e+00  1.000000e+00  0.000000e+00
   outer loop
     vertex  8.776528e+01  9.100000e+01  1.773822e+01
     vertex  1.922670e+01  9.100000e+01  1.767701e+01
     vertex  1.923472e+01  9.100000e+01  1.773822e+01
   endloop
 endfacet
 facet normal  0.000000e+00  1.000000e+00  0.000000e+00
   outer loop
     vertex  8.776528e+01  9.100000e+01  1.773822e+01
     vertex  1.923472e+01  9.100000e+01  1.773822e+01
     vertex  1.924106e+01  9.100000e+01  1.779963e+01
   endloop
 endfacet
 facet normal  0.000000e+00  1.000000e+00  0.000000e+00
   outer loop
     vertex  8.776528e+01  9.100000e+01  1.773822e+01
     vertex  8.777330e+01  9.100000e+01  1.767701e+01
     vertex  1.922670e+01  9.100000e+01  1.767701e+01
   endloop
 endfacet
 facet normal  0.000000e+00  1.000000e+00  0.000000e+00
   outer loop
     vertex  8.775894e+01  9.100000e+01  1.779963e+01
     vertex  8.776528e+01  9.100000e+01  1.773822e+01
     vertex  1.924106e+01  9.100000e+01  1.779963e+01
   endloop
 endfacet
 facet normal  0.000000e+00  1.000000e+00  0.000000e+00
   outer loop
     vertex  8.775429e+01  9.100000e+01  1.786119e+01
     vertex  1.924106e+01  9.100000e+01  1.779963e+01
     vertex  1.924571e+01  9.100000e+01  1.786119e+01
   endloop
 endfacet
 facet normal  0.000000e+00  1.000000e+00  0.000000e+00
   outer loop
     vertex  8.775429e+01  9.100000e+01  1.786119e+01
     vertex  8.775894e+01  9.100000e+01  1.779963e+01
     vertex  1.924106e+01  9.100000e+01  1.779963e+01
   endloop
 endfacet
 facet normal  0.000000e+00  1.000000e+00  0.000000e+00
   outer loop
     vertex  8.775132e+01  9.100000e+01  1.792285e+01
     vertex  8.775429e+01  9.100000e+01  1.786119e+01
     vertex  1.924571e+01  9.100000e+01  1.786119e+01
   endloop
 endfacet
 facet normal  0.000000e+00  1.000000e+00  0.000000e+00
   outer loop
     vertex  8.775132e+01  9.100000e+01  1.792285e+01
     vertex  1.924571e+01  9.100000e+01  1.786119e+01
     vertex  1.924868e+01  9.100000e+01  1.792285e+01
   endloop
 endfacet
 facet normal  0.000000e+00  1.000000e+00  0.000000e+00
   outer loop
     vertex  8.775005e+01  9.100000e+01  1.798457e+01
     vertex  8.775132e+01  9.100000e+01  1.792285e+01
     vertex  1.924868e+01  9.100000e+01  1.792285e+01
   endloop
 endfacet
 facet normal  0.000000e+00  1.000000e+00  0.000000e+00
   outer loop
     vertex  8.775005e+01  9.100000e+01  1.798457e+01
     vertex  1.924868e+01  9.100000e+01  1.792285e+01
     vertex  1.924995e+01  9.100000e+01  1.798457e+01
   endloop
 endfacet
 facet normal  0.000000e+00  1.000000e+00  0.000000e+00
   outer loop
     vertex  8.775048e+01  9.100000e+01  1.804630e+01
     vertex  1.924995e+01  9.100000e+01  1.798457e+01
     vertex  1.924952e+01  9.100000e+01  1.804630e+01
   endloop
 endfacet
 facet normal  0.000000e+00  1.000000e+00  0.000000e+00
   outer loop
     vertex  8.775048e+01  9.100000e+01  1.804630e+01
     vertex  8.775005e+01  9.100000e+01  1.798457e+01
     vertex  1.924995e+01  9.100000e+01  1.798457e+01
   endloop
 endfacet
 facet normal  0.000000e+00  1.000000e+00  0.000000e+00
   outer loop
     vertex  8.775259e+01  9.100000e+01  1.810799e+01
     vertex  8.775048e+01  9.100000e+01  1.804630e+01
     vertex  1.924952e+01  9.100000e+01  1.804630e+01
   endloop
 endfacet
 facet normal  0.000000e+00  1.000000e+00  0.000000e+00
   outer loop
     vertex  8.775259e+01  9.100000e+01  1.810799e+01
     vertex  1.924952e+01  9.100000e+01  1.804630e+01
     vertex  1.924741e+01  9.100000e+01  1.810799e+01
   endloop
 endfacet
 facet normal  0.000000e+00  1.000000e+00  0.000000e+00
   outer loop
     vertex  8.775640e+01  9.100000e+01  1.816961e+01
     vertex  8.775259e+01  9.100000e+01  1.810799e+01
     vertex  1.924741e+01  9.100000e+01  1.810799e+01
   endloop
 endfacet
 facet normal  0.000000e+00  1.000000e+00  0.000000e+00
   outer loop
     vertex  8.775640e+01  9.100000e+01  1.816961e+01
     vertex  1.924741e+01  9.100000e+01  1.810799e+01
     vertex  1.924360e+01  9.100000e+01  1.816961e+01
   endloop
 endfacet
 facet normal  0.000000e+00  1.000000e+00  0.000000e+00
   outer loop
     vertex  8.776190e+01  9.100000e+01  1.823110e+01
     vertex  8.775640e+01  9.100000e+01  1.816961e+01
     vertex  1.924360e+01  9.100000e+01  1.816961e+01
   endloop
 endfacet
 facet normal  0.000000e+00  1.000000e+00  0.000000e+00
   outer loop
     vertex  8.776190e+01  9.100000e+01  1.823110e+01
     vertex  1.924360e+01  9.100000e+01  1.816961e+01
     vertex  1.923810e+01  9.100000e+01  1.823110e+01
   endloop
 endfacet
 facet normal  0.000000e+00  1.000000e+00  0.000000e+00
   outer loop
     vertex  8.776908e+01  9.100000e+01  1.829241e+01
     vertex  8.776190e+01  9.100000e+01  1.823110e+01
     vertex  1.923810e+01  9.100000e+01  1.823110e+01
   endloop
 endfacet
 facet normal  0.000000e+00  1.000000e+00  0.000000e+00
   outer loop
     vertex  8.776908e+01  9.100000e+01  1.829241e+01
     vertex  1.923810e+01  9.100000e+01  1.823110e+01
     vertex  1.923092e+01  9.100000e+01  1.829241e+01
   endloop
 endfacet
 facet normal  0.000000e+00  1.000000e+00  0.000000e+00
   outer loop
     vertex  8.777794e+01  9.100000e+01  1.835350e+01
     vertex  8.776908e+01  9.100000e+01  1.829241e+01
     vertex  1.923092e+01  9.100000e+01  1.829241e+01
   endloop
 endfacet
 facet normal  0.000000e+00  1.000000e+00  0.000000e+00
   outer loop
     vertex  8.777794e+01  9.100000e+01  1.835350e+01
     vertex  1.923092e+01  9.100000e+01  1.829241e+01
     vertex  1.922206e+01  9.100000e+01  1.835350e+01
   endloop
 endfacet
 facet normal  0.000000e+00  1.000000e+00  0.000000e+00
   outer loop
     vertex  8.778848e+01  9.100000e+01  1.841433e+01
     vertex  1.922206e+01  9.100000e+01  1.835350e+01
     vertex  1.921152e+01  9.100000e+01  1.841433e+01
   endloop
 endfacet
 facet normal  0.000000e+00  1.000000e+00  0.000000e+00
   outer loop
     vertex  8.778848e+01  9.100000e+01  1.841433e+01
     vertex  8.777794e+01  9.100000e+01  1.835350e+01
     vertex  1.922206e+01  9.100000e+01  1.835350e+01
   endloop
 endfacet
 facet normal  0.000000e+00  1.000000e+00  0.000000e+00
   outer loop
     vertex  8.780068e+01  9.100000e+01  1.847484e+01
     vertex  8.778848e+01  9.100000e+01  1.841433e+01
     vertex  1.921152e+01  9.100000e+01  1.841433e+01
   endloop
 endfacet
 facet normal  0.000000e+00  1.000000e+00  0.000000e+00
   outer loop
     vertex  8.780068e+01  9.100000e+01  1.847484e+01
     vertex  1.921152e+01  9.100000e+01  1.841433e+01
     vertex  1.919932e+01  9.100000e+01  1.847484e+01
   endloop
 endfacet
 facet normal  0.000000e+00  1.000000e+00  0.000000e+00
   outer loop
     vertex  8.781453e+01  9.100000e+01  1.853500e+01
     vertex  1.919932e+01  9.100000e+01  1.847484e+01
     vertex  1.918547e+01  9.100000e+01  1.853500e+01
   endloop
 endfacet
 facet normal  0.000000e+00  1.000000e+00  0.000000e+00
   outer loop
     vertex  8.781453e+01  9.100000e+01  1.853500e+01
     vertex  1.918547e+01  9.100000e+01  1.853500e+01
     vertex  1.916997e+01  9.100000e+01  1.859476e+01
   endloop
 endfacet
 facet normal  0.000000e+00  1.000000e+00  0.000000e+00
   outer loop
     vertex  8.781453e+01  9.100000e+01  1.853500e+01
     vertex  8.780068e+01  9.100000e+01  1.847484e+01
     vertex  1.919932e+01  9.100000e+01  1.847484e+01
   endloop
 endfacet
 facet normal  0.000000e+00  1.000000e+00  0.000000e+00
   outer loop
     vertex  8.783003e+01  9.100000e+01  1.859476e+01
     vertex  8.781453e+01  9.100000e+01  1.853500e+01
     vertex  1.916997e+01  9.100000e+01  1.859476e+01
   endloop
 endfacet
 facet normal  0.000000e+00  1.000000e+00  0.000000e+00
   outer loop
     vertex  8.784716e+01  9.100000e+01  1.865406e+01
     vertex  8.783003e+01  9.100000e+01  1.859476e+01
     vertex  1.916997e+01  9.100000e+01  1.859476e+01
   endloop
 endfacet
 facet normal  0.000000e+00  1.000000e+00  0.000000e+00
   outer loop
     vertex  8.784716e+01  9.100000e+01  1.865406e+01
     vertex  1.916997e+01  9.100000e+01  1.859476e+01
     vertex  1.915284e+01  9.100000e+01  1.865406e+01
   endloop
 endfacet
 facet normal  0.000000e+00  1.000000e+00  0.000000e+00
   outer loop
     vertex  8.786592e+01  9.100000e+01  1.871288e+01
     vertex  8.784716e+01  9.100000e+01  1.865406e+01
     vertex  1.915284e+01  9.100000e+01  1.865406e+01
   endloop
 endfacet
 facet normal  0.000000e+00  1.000000e+00  0.000000e+00
   outer loop
     vertex  8.786592e+01  9.100000e+01  1.871288e+01
     vertex  1.915284e+01  9.100000e+01  1.865406e+01
     vertex  1.913408e+01  9.100000e+01  1.871288e+01
   endloop
 endfacet
 facet normal  0.000000e+00  1.000000e+00  0.000000e+00
   outer loop
     vertex  8.788628e+01  9.100000e+01  1.877116e+01
     vertex  8.786592e+01  9.100000e+01  1.871288e+01
     vertex  1.913408e+01  9.100000e+01  1.871288e+01
   endloop
 endfacet
 facet normal  0.000000e+00  1.000000e+00  0.000000e+00
   outer loop
     vertex  8.788628e+01  9.100000e+01  1.877116e+01
     vertex  1.913408e+01  9.100000e+01  1.871288e+01
     vertex  1.911372e+01  9.100000e+01  1.877116e+01
   endloop
 endfacet
 facet normal  0.000000e+00  1.000000e+00  0.000000e+00
   outer loop
     vertex  8.788628e+01  9.100000e+01  1.877116e+01
     vertex  1.911372e+01  9.100000e+01  1.877116e+01
     vertex  1.909177e+01  9.100000e+01  1.882885e+01
   endloop
 endfacet
 facet normal  0.000000e+00  1.000000e+00  0.000000e+00
   outer loop
     vertex  8.790823e+01  9.100000e+01  1.882885e+01
     vertex  8.788628e+01  9.100000e+01  1.877116e+01
     vertex  1.909177e+01  9.100000e+01  1.882885e+01
   endloop
 endfacet
 facet normal  0.000000e+00  1.000000e+00  0.000000e+00
   outer loop
     vertex  8.793176e+01  9.100000e+01  1.888593e+01
     vertex  8.790823e+01  9.100000e+01  1.882885e+01
     vertex  1.909177e+01  9.100000e+01  1.882885e+01
   endloop
 endfacet
 facet normal  0.000000e+00  1.000000e+00  0.000000e+00
   outer loop
     vertex  8.793176e+01  9.100000e+01  1.888593e+01
     vertex  1.909177e+01  9.100000e+01  1.882885e+01
     vertex  1.906824e+01  9.100000e+01  1.888593e+01
   endloop
 endfacet
 facet normal  0.000000e+00  1.000000e+00  0.000000e+00
   outer loop
     vertex  8.795684e+01  9.100000e+01  1.894233e+01
     vertex  8.793176e+01  9.100000e+01  1.888593e+01
     vertex  1.906824e+01  9.100000e+01  1.888593e+01
   endloop
 endfacet
 facet normal  0.000000e+00  1.000000e+00  0.000000e+00
   outer loop
     vertex  8.795684e+01  9.100000e+01  1.894233e+01
     vertex  1.906824e+01  9.100000e+01  1.888593e+01
     vertex  1.904316e+01  9.100000e+01  1.894233e+01
   endloop
 endfacet
 facet normal  0.000000e+00  1.000000e+00  0.000000e+00
   outer loop
     vertex  8.798346e+01  9.100000e+01  1.899803e+01
     vertex  8.795684e+01  9.100000e+01  1.894233e+01
     vertex  1.904316e+01  9.100000e+01  1.894233e+01
   endloop
 endfacet
 facet normal  0.000000e+00  1.000000e+00  0.000000e+00
   outer loop
     vertex  8.798346e+01  9.100000e+01  1.899803e+01
     vertex  1.904316e+01  9.100000e+01  1.894233e+01
     vertex  1.901654e+01  9.100000e+01  1.899803e+01
   endloop
 endfacet
 facet normal  0.000000e+00  1.000000e+00  0.000000e+00
   outer loop
     vertex  8.798346e+01  9.100000e+01  1.899803e+01
     vertex  1.901654e+01  9.100000e+01  1.899803e+01
     vertex  1.898840e+01  9.100000e+01  1.905298e+01
   endloop
 endfacet
 facet normal  0.000000e+00  1.000000e+00  0.000000e+00
   outer loop
     vertex  8.801160e+01  9.100000e+01  1.905298e+01
     vertex  8.798346e+01  9.100000e+01  1.899803e+01
     vertex  1.898840e+01  9.100000e+01  1.905298e+01
   endloop
 endfacet
 facet normal  0.000000e+00  1.000000e+00  0.000000e+00
   outer loop
     vertex  8.804124e+01  9.100000e+01  1.910713e+01
     vertex  1.898840e+01  9.100000e+01  1.905298e+01
     vertex  1.895876e+01  9.100000e+01  1.910713e+01
   endloop
 endfacet
 facet normal  0.000000e+00  1.000000e+00  0.000000e+00
   outer loop
     vertex  8.804124e+01  9.100000e+01  1.910713e+01
     vertex  8.801160e+01  9.100000e+01  1.905298e+01
     vertex  1.898840e+01  9.100000e+01  1.905298e+01
   endloop
 endfacet
 facet normal  0.000000e+00  1.000000e+00  0.000000e+00
   outer loop
     vertex  8.807235e+01  9.100000e+01  1.916045e+01
     vertex  8.804124e+01  9.100000e+01  1.910713e+01
     vertex  1.895876e+01  9.100000e+01  1.910713e+01
   endloop
 endfacet
 facet normal  0.000000e+00  1.000000e+00  0.000000e+00
   outer loop
     vertex  8.807235e+01  9.100000e+01  1.916045e+01
     vertex  1.895876e+01  9.100000e+01  1.910713e+01
     vertex  1.892765e+01  9.100000e+01  1.916045e+01
   endloop
 endfacet
 facet normal  0.000000e+00  1.000000e+00  0.000000e+00
   outer loop
     vertex  8.810491e+01  9.100000e+01  1.921290e+01
     vertex  8.807235e+01  9.100000e+01  1.916045e+01
     vertex  1.892765e+01  9.100000e+01  1.916045e+01
   endloop
 endfacet
 facet normal  0.000000e+00  1.000000e+00  0.000000e+00
   outer loop
     vertex  8.810491e+01  9.100000e+01  1.921290e+01
     vertex  1.892765e+01  9.100000e+01  1.916045e+01
     vertex  1.889509e+01  9.100000e+01  1.921290e+01
   endloop
 endfacet
 facet normal  0.000000e+00  1.000000e+00  0.000000e+00
   outer loop
     vertex  8.810491e+01  9.100000e+01  1.921290e+01
     vertex  1.889509e+01  9.100000e+01  1.921290e+01
     vertex  1.886110e+01  9.100000e+01  1.926443e+01
   endloop
 endfacet
 facet normal  0.000000e+00  1.000000e+00  0.000000e+00
   outer loop
     vertex  8.813890e+01  9.100000e+01  1.926443e+01
     vertex  8.810491e+01  9.100000e+01  1.921290e+01
     vertex  1.886110e+01  9.100000e+01  1.926443e+01
   endloop
 endfacet
 facet normal  0.000000e+00  1.000000e+00  0.000000e+00
   outer loop
     vertex  8.817428e+01  9.100000e+01  1.931501e+01
     vertex  8.813890e+01  9.100000e+01  1.926443e+01
     vertex  1.886110e+01  9.100000e+01  1.926443e+01
   endloop
 endfacet
 facet normal  0.000000e+00  1.000000e+00  0.000000e+00
   outer loop
     vertex  8.817428e+01  9.100000e+01  1.931501e+01
     vertex  1.886110e+01  9.100000e+01  1.926443e+01
     vertex  1.882572e+01  9.100000e+01  1.931501e+01
   endloop
 endfacet
 facet normal  0.000000e+00  1.000000e+00  0.000000e+00
   outer loop
     vertex  8.817428e+01  9.100000e+01  1.931501e+01
     vertex  1.882572e+01  9.100000e+01  1.931501e+01
     vertex  1.878895e+01  9.100000e+01  1.936461e+01
   endloop
 endfacet
 facet normal  0.000000e+00  1.000000e+00  0.000000e+00
   outer loop
     vertex  8.821105e+01  9.100000e+01  1.936461e+01
     vertex  8.817428e+01  9.100000e+01  1.931501e+01
     vertex  1.878895e+01  9.100000e+01  1.936461e+01
   endloop
 endfacet
 facet normal  0.000000e+00  1.000000e+00  0.000000e+00
   outer loop
     vertex  8.821105e+01  9.100000e+01  1.936461e+01
     vertex  1.878895e+01  9.100000e+01  1.936461e+01
     vertex  1.875084e+01  9.100000e+01  1.941317e+01
   endloop
 endfacet
 facet normal  0.000000e+00  1.000000e+00  0.000000e+00
   outer loop
     vertex  8.824916e+01  9.100000e+01  1.941317e+01
     vertex  8.821105e+01  9.100000e+01  1.936461e+01
     vertex  1.875084e+01  9.100000e+01  1.941317e+01
   endloop
 endfacet
 facet normal  0.000000e+00  1.000000e+00  0.000000e+00
   outer loop
     vertex  8.828859e+01  9.100000e+01  1.946067e+01
     vertex  8.824916e+01  9.100000e+01  1.941317e+01
     vertex  1.875084e+01  9.100000e+01  1.941317e+01
   endloop
 endfacet
 facet normal  0.000000e+00  1.000000e+00  0.000000e+00
   outer loop
     vertex  8.828859e+01  9.100000e+01  1.946067e+01
     vertex  1.875084e+01  9.100000e+01  1.941317e+01
     vertex  1.871141e+01  9.100000e+01  1.946067e+01
   endloop
 endfacet
 facet normal  0.000000e+00  1.000000e+00  0.000000e+00
   outer loop
     vertex  8.832930e+01  9.100000e+01  1.950707e+01
     vertex  8.828859e+01  9.100000e+01  1.946067e+01
     vertex  1.871141e+01  9.100000e+01  1.946067e+01
   endloop
 endfacet
 facet normal  0.000000e+00  1.000000e+00  0.000000e+00
   outer loop
     vertex  8.832930e+01  9.100000e+01  1.950707e+01
     vertex  1.871141e+01  9.100000e+01  1.946067e+01
     vertex  1.867070e+01  9.100000e+01  1.950707e+01
   endloop
 endfacet
 facet normal  0.000000e+00  1.000000e+00  0.000000e+00
   outer loop
     vertex  8.837128e+01  9.100000e+01  1.955234e+01
     vertex  8.832930e+01  9.100000e+01  1.950707e+01
     vertex  1.867070e+01  9.100000e+01  1.950707e+01
   endloop
 endfacet
 facet normal  0.000000e+00  1.000000e+00  0.000000e+00
   outer loop
     vertex  8.837128e+01  9.100000e+01  1.955234e+01
     vertex  1.867070e+01  9.100000e+01  1.950707e+01
     vertex  1.862872e+01  9.100000e+01  1.955234e+01
   endloop
 endfacet
 facet normal  0.000000e+00  1.000000e+00  0.000000e+00
   outer loop
     vertex  8.841448e+01  9.100000e+01  1.959644e+01
     vertex  8.837128e+01  9.100000e+01  1.955234e+01
     vertex  1.862872e+01  9.100000e+01  1.955234e+01
   endloop
 endfacet
 facet normal  0.000000e+00  1.000000e+00  0.000000e+00
   outer loop
     vertex  8.841448e+01  9.100000e+01  1.959644e+01
     vertex  1.862872e+01  9.100000e+01  1.955234e+01
     vertex  1.858552e+01  9.100000e+01  1.959644e+01
   endloop
 endfacet
 facet normal  0.000000e+00  1.000000e+00  0.000000e+00
   outer loop
     vertex  8.845887e+01  9.100000e+01  1.963933e+01
     vertex  8.841448e+01  9.100000e+01  1.959644e+01
     vertex  1.858552e+01  9.100000e+01  1.959644e+01
   endloop
 endfacet
 facet normal  0.000000e+00  1.000000e+00  0.000000e+00
   outer loop
     vertex  8.845887e+01  9.100000e+01  1.963933e+01
     vertex  1.858552e+01  9.100000e+01  1.959644e+01
     vertex  1.854113e+01  9.100000e+01  1.963933e+01
   endloop
 endfacet
 facet normal  0.000000e+00  1.000000e+00  0.000000e+00
   outer loop
     vertex  8.850442e+01  9.100000e+01  1.968100e+01
     vertex  8.845887e+01  9.100000e+01  1.963933e+01
     vertex  1.854113e+01  9.100000e+01  1.963933e+01
   endloop
 endfacet
 facet normal  0.000000e+00  1.000000e+00  0.000000e+00
   outer loop
     vertex  8.850442e+01  9.100000e+01  1.968100e+01
     vertex  1.854113e+01  9.100000e+01  1.963933e+01
     vertex  1.849558e+01  9.100000e+01  1.968100e+01
   endloop
 endfacet
 facet normal  0.000000e+00  1.000000e+00  0.000000e+00
   outer loop
     vertex  8.855110e+01  9.100000e+01  1.972139e+01
     vertex  8.850442e+01  9.100000e+01  1.968100e+01
     vertex  1.849558e+01  9.100000e+01  1.968100e+01
   endloop
 endfacet
 facet normal  0.000000e+00  1.000000e+00  0.000000e+00
   outer loop
     vertex  8.855110e+01  9.100000e+01  1.972139e+01
     vertex  1.849558e+01  9.100000e+01  1.968100e+01
     vertex  1.844890e+01  9.100000e+01  1.972139e+01
   endloop
 endfacet
 facet normal  0.000000e+00  1.000000e+00  0.000000e+00
   outer loop
     vertex  8.859887e+01  9.100000e+01  1.976049e+01
     vertex  8.855110e+01  9.100000e+01  1.972139e+01
     vertex  1.844890e+01  9.100000e+01  1.972139e+01
   endloop
 endfacet
 facet normal  0.000000e+00  1.000000e+00  0.000000e+00
   outer loop
     vertex  8.859887e+01  9.100000e+01  1.976049e+01
     vertex  1.844890e+01  9.100000e+01  1.972139e+01
     vertex  1.840113e+01  9.100000e+01  1.976049e+01
   endloop
 endfacet
 facet normal  0.000000e+00  1.000000e+00  0.000000e+00
   outer loop
     vertex  8.859887e+01  9.100000e+01  1.976049e+01
     vertex  1.840113e+01  9.100000e+01  1.976049e+01
     vertex  1.835230e+01  9.100000e+01  1.979827e+01
   endloop
 endfacet
 facet normal  0.000000e+00  1.000000e+00  0.000000e+00
   outer loop
     vertex  8.864770e+01  9.100000e+01  1.979827e+01
     vertex  8.859887e+01  9.100000e+01  1.976049e+01
     vertex  1.835230e+01  9.100000e+01  1.979827e+01
   endloop
 endfacet
 facet normal  0.000000e+00  1.000000e+00  0.000000e+00
   outer loop
     vertex  8.869754e+01  9.100000e+01  1.983469e+01
     vertex  8.864770e+01  9.100000e+01  1.979827e+01
     vertex  1.835230e+01  9.100000e+01  1.979827e+01
   endloop
 endfacet
 facet normal  0.000000e+00  1.000000e+00  0.000000e+00
   outer loop
     vertex  8.869754e+01  9.100000e+01  1.983469e+01
     vertex  1.835230e+01  9.100000e+01  1.979827e+01
     vertex  1.830246e+01  9.100000e+01  1.983469e+01
   endloop
 endfacet
 facet normal  0.000000e+00  1.000000e+00  0.000000e+00
   outer loop
     vertex  8.869754e+01  9.100000e+01  1.983469e+01
     vertex  1.830246e+01  9.100000e+01  1.983469e+01
     vertex  1.825164e+01  9.100000e+01  1.986973e+01
   endloop
 endfacet
 facet normal  0.000000e+00  1.000000e+00  0.000000e+00
   outer loop
     vertex  8.874836e+01  9.100000e+01  1.986973e+01
     vertex  8.869754e+01  9.100000e+01  1.983469e+01
     vertex  1.825164e+01  9.100000e+01  1.986973e+01
   endloop
 endfacet
 facet normal  0.000000e+00  1.000000e+00  0.000000e+00
   outer loop
     vertex  8.880013e+01  9.100000e+01  1.990337e+01
     vertex  8.874836e+01  9.100000e+01  1.986973e+01
     vertex  1.825164e+01  9.100000e+01  1.986973e+01
   endloop
 endfacet
 facet normal  0.000000e+00  1.000000e+00  0.000000e+00
   outer loop
     vertex  8.880013e+01  9.100000e+01  1.990337e+01
     vertex  1.825164e+01  9.100000e+01  1.986973e+01
     vertex  1.819987e+01  9.100000e+01  1.990337e+01
   endloop
 endfacet
 facet normal  0.000000e+00  1.000000e+00  0.000000e+00
   outer loop
     vertex  8.885280e+01  9.100000e+01  1.993557e+01
     vertex  1.814720e+01  9.100000e+01  1.993557e+01
     vertex  0.000000e+00  9.100000e+01  3.600000e+01
   endloop
 endfacet
 facet normal  0.000000e+00  1.000000e+00  0.000000e+00
   outer loop
     vertex  8.885280e+01  9.100000e+01  1.993557e+01
     vertex  8.880013e+01  9.100000e+01  1.990337e+01
     vertex  1.819987e+01  9.100000e+01  1.990337e+01
   endloop
 endfacet
 facet normal  0.000000e+00  1.000000e+00  0.000000e+00
   outer loop
     vertex  8.885280e+01  9.100000e+01  1.993557e+01
     vertex  1.819987e+01  9.100000e+01  1.990337e+01
     vertex  1.814720e+01  9.100000e+01  1.993557e+01
   endloop
 endfacet
 facet normal  0.000000e+00  1.000000e+00  0.000000e+00
   outer loop
     vertex  8.890633e+01  9.100000e+01  1.996631e+01
     vertex  8.885280e+01  9.100000e+01  1.993557e+01
     vertex  0.000000e+00  9.100000e+01  3.600000e+01
   endloop
 endfacet
 facet normal  0.000000e+00  1.000000e+00  0.000000e+00
   outer loop
     vertex  8.896069e+01  9.100000e+01  1.999558e+01
     vertex  8.890633e+01  9.100000e+01  1.996631e+01
     vertex  0.000000e+00  9.100000e+01  3.600000e+01
   endloop
 endfacet
 facet normal  0.000000e+00  1.000000e+00  0.000000e+00
   outer loop
     vertex  8.901582e+01  9.100000e+01  2.002334e+01
     vertex  8.896069e+01  9.100000e+01  1.999558e+01
     vertex  0.000000e+00  9.100000e+01  3.600000e+01
   endloop
 endfacet
 facet normal  0.000000e+00  1.000000e+00  0.000000e+00
   outer loop
     vertex  8.907170e+01  9.100000e+01  2.004958e+01
     vertex  8.901582e+01  9.100000e+01  2.002334e+01
     vertex  0.000000e+00  9.100000e+01  3.600000e+01
   endloop
 endfacet
 facet normal  0.000000e+00  1.000000e+00  0.000000e+00
   outer loop
     vertex  8.912828e+01  9.100000e+01  2.007427e+01
     vertex  8.907170e+01  9.100000e+01  2.004958e+01
     vertex  0.000000e+00  9.100000e+01  3.600000e+01
   endloop
 endfacet
 facet normal  0.000000e+00  1.000000e+00  0.000000e+00
   outer loop
     vertex  8.918551e+01  9.100000e+01  2.009741e+01
     vertex  8.912828e+01  9.100000e+01  2.007427e+01
     vertex  0.000000e+00  9.100000e+01  3.600000e+01
   endloop
 endfacet
 facet normal  0.000000e+00  1.000000e+00  0.000000e+00
   outer loop
     vertex  8.924336e+01  9.100000e+01  2.011896e+01
     vertex  8.918551e+01  9.100000e+01  2.009741e+01
     vertex  0.000000e+00  9.100000e+01  3.600000e+01
   endloop
 endfacet
 facet normal  0.000000e+00  1.000000e+00  0.000000e+00
   outer loop
     vertex  8.930178e+01  9.100000e+01  2.013892e+01
     vertex  8.924336e+01  9.100000e+01  2.011896e+01
     vertex  0.000000e+00  9.100000e+01  3.600000e+01
   endloop
 endfacet
 facet normal  0.000000e+00  1.000000e+00  0.000000e+00
   outer loop
     vertex  8.936072e+01  9.100000e+01  2.015727e+01
     vertex  8.930178e+01  9.100000e+01  2.013892e+01
     vertex  0.000000e+00  9.100000e+01  3.600000e+01
   endloop
 endfacet
 facet normal  0.000000e+00  1.000000e+00  0.000000e+00
   outer loop
     vertex  8.942014e+01  9.100000e+01  2.017400e+01
     vertex  8.936072e+01  9.100000e+01  2.015727e+01
     vertex  0.000000e+00  9.100000e+01  3.600000e+01
   endloop
 endfacet
 facet normal  0.000000e+00  1.000000e+00  0.000000e+00
   outer loop
     vertex  8.948000e+01  9.100000e+01  2.018909e+01
     vertex  8.942014e+01  9.100000e+01  2.017400e+01
     vertex  0.000000e+00  9.100000e+01  3.600000e+01
   endloop
 endfacet
 facet normal  0.000000e+00  1.000000e+00  0.000000e+00
   outer loop
     vertex  8.954025e+01  9.100000e+01  2.020253e+01
     vertex  8.948000e+01  9.100000e+01  2.018909e+01
     vertex  0.000000e+00  9.100000e+01  3.600000e+01
   endloop
 endfacet
 facet normal  0.000000e+00  1.000000e+00  0.000000e+00
   outer loop
     vertex  8.960085e+01  9.100000e+01  2.021431e+01
     vertex  8.954025e+01  9.100000e+01  2.020253e+01
     vertex  0.000000e+00  9.100000e+01  3.600000e+01
   endloop
 endfacet
 facet normal  0.000000e+00  1.000000e+00  0.000000e+00
   outer loop
     vertex  1.525000e+02  9.100000e+01  0.000000e+00
     vertex  9.000000e+01  9.100000e+01  1.575000e+01
     vertex  9.006173e+01  9.100000e+01  1.575085e+01
   endloop
 endfacet
 facet normal  0.000000e+00  1.000000e+00  0.000000e+00
   outer loop
     vertex  1.525000e+02  9.100000e+01  0.000000e+00
     vertex  9.006173e+01  9.100000e+01  1.575085e+01
     vertex  9.012341e+01  9.100000e+01  1.575339e+01
   endloop
 endfacet
 facet normal  0.000000e+00  1.000000e+00  0.000000e+00
   outer loop
     vertex  1.525000e+02  9.100000e+01  0.000000e+00
     vertex  9.012341e+01  9.100000e+01  1.575339e+01
     vertex  9.018499e+01  9.100000e+01  1.575762e+01
   endloop
 endfacet
 facet normal  0.000000e+00  1.000000e+00  0.000000e+00
   outer loop
     vertex  1.525000e+02  9.100000e+01  0.000000e+00
     vertex  9.018499e+01  9.100000e+01  1.575762e+01
     vertex  9.024644e+01  9.100000e+01  1.576354e+01
   endloop
 endfacet
 facet normal  0.000000e+00  1.000000e+00  0.000000e+00
   outer loop
     vertex  1.525000e+02  9.100000e+01  0.000000e+00
     vertex  9.024644e+01  9.100000e+01  1.576354e+01
     vertex  9.030770e+01  9.100000e+01  1.577114e+01
   endloop
 endfacet
 facet normal  0.000000e+00  1.000000e+00  0.000000e+00
   outer loop
     vertex  1.525000e+02  9.100000e+01  0.000000e+00
     vertex  9.030770e+01  9.100000e+01  1.577114e+01
     vertex  9.036874e+01  9.100000e+01  1.578042e+01
   endloop
 endfacet
 facet normal  0.000000e+00  1.000000e+00  0.000000e+00
   outer loop
     vertex  1.525000e+02  9.100000e+01  0.000000e+00
     vertex  9.036874e+01  9.100000e+01  1.578042e+01
     vertex  9.042949e+01  9.100000e+01  1.579137e+01
   endloop
 endfacet
 facet normal  0.000000e+00  1.000000e+00  0.000000e+00
   outer loop
     vertex  1.525000e+02  9.100000e+01  0.000000e+00
     vertex  9.042949e+01  9.100000e+01  1.579137e+01
     vertex  9.048992e+01  9.100000e+01  1.580399e+01
   endloop
 endfacet
 facet normal  0.000000e+00  1.000000e+00  0.000000e+00
   outer loop
     vertex  1.525000e+02  9.100000e+01  0.000000e+00
     vertex  9.048992e+01  9.100000e+01  1.580399e+01
     vertex  9.054998e+01  9.100000e+01  1.581825e+01
   endloop
 endfacet
 facet normal  0.000000e+00  1.000000e+00  0.000000e+00
   outer loop
     vertex  1.525000e+02  9.100000e+01  0.000000e+00
     vertex  9.054998e+01  9.100000e+01  1.581825e+01
     vertex  9.060963e+01  9.100000e+01  1.583416e+01
   endloop
 endfacet
 facet normal  0.000000e+00  1.000000e+00  0.000000e+00
   outer loop
     vertex  1.525000e+02  9.100000e+01  0.000000e+00
     vertex  9.060963e+01  9.100000e+01  1.583416e+01
     vertex  9.066882e+01  9.100000e+01  1.585170e+01
   endloop
 endfacet
 facet normal  0.000000e+00  1.000000e+00  0.000000e+00
   outer loop
     vertex  1.525000e+02  9.100000e+01  0.000000e+00
     vertex  9.066882e+01  9.100000e+01  1.585170e+01
     vertex  9.072750e+01  9.100000e+01  1.587086e+01
   endloop
 endfacet
 facet normal  0.000000e+00  1.000000e+00  0.000000e+00
   outer loop
     vertex  1.525000e+02  9.100000e+01  0.000000e+00
     vertex  9.072750e+01  9.100000e+01  1.587086e+01
     vertex  9.078564e+01  9.100000e+01  1.589162e+01
   endloop
 endfacet
 facet normal  0.000000e+00  1.000000e+00  0.000000e+00
   outer loop
     vertex  1.525000e+02  9.100000e+01  0.000000e+00
     vertex  9.078564e+01  9.100000e+01  1.589162e+01
     vertex  9.084318e+01  9.100000e+01  1.591396e+01
   endloop
 endfacet
 facet normal  0.000000e+00  1.000000e+00  0.000000e+00
   outer loop
     vertex  1.525000e+02  9.100000e+01  0.000000e+00
     vertex  9.084318e+01  9.100000e+01  1.591396e+01
     vertex  9.090009e+01  9.100000e+01  1.593788e+01
   endloop
 endfacet
 facet normal  0.000000e+00  1.000000e+00  0.000000e+00
   outer loop
     vertex  1.525000e+02  9.100000e+01  0.000000e+00
     vertex  9.090009e+01  9.100000e+01  1.593788e+01
     vertex  9.095633e+01  9.100000e+01  1.596335e+01
   endloop
 endfacet
 facet normal  0.000000e+00  1.000000e+00  0.000000e+00
   outer loop
     vertex  1.525000e+02  9.100000e+01  0.000000e+00
     vertex  9.095633e+01  9.100000e+01  1.596335e+01
     vertex  9.101184e+01  9.100000e+01  1.599035e+01
   endloop
 endfacet
 facet normal  0.000000e+00  1.000000e+00  0.000000e+00
   outer loop
     vertex  1.525000e+02  9.100000e+01  0.000000e+00
     vertex  9.101184e+01  9.100000e+01  1.599035e+01
     vertex  9.106659e+01  9.100000e+01  1.601887e+01
   endloop
 endfacet
 facet normal  0.000000e+00  1.000000e+00  0.000000e+00
   outer loop
     vertex  1.525000e+02  9.100000e+01  0.000000e+00
     vertex  9.106659e+01  9.100000e+01  1.601887e+01
     vertex  9.112054e+01  9.100000e+01  1.604888e+01
   endloop
 endfacet
 facet normal  0.000000e+00  1.000000e+00  0.000000e+00
   outer loop
     vertex  1.525000e+02  9.100000e+01  0.000000e+00
     vertex  9.112054e+01  9.100000e+01  1.604888e+01
     vertex  9.117365e+01  9.100000e+01  1.608035e+01
   endloop
 endfacet
 facet normal  0.000000e+00  1.000000e+00  0.000000e+00
   outer loop
     vertex  1.525000e+02  9.100000e+01  0.000000e+00
     vertex  9.117365e+01  9.100000e+01  1.608035e+01
     vertex  9.122587e+01  9.100000e+01  1.611327e+01
   endloop
 endfacet
 facet normal  0.000000e+00  1.000000e+00  0.000000e+00
   outer loop
     vertex  1.525000e+02  9.100000e+01  0.000000e+00
     vertex  9.122587e+01  9.100000e+01  1.611327e+01
     vertex  9.127717e+01  9.100000e+01  1.614761e+01
   endloop
 endfacet
 facet normal  0.000000e+00  1.000000e+00  0.000000e+00
   outer loop
     vertex  1.525000e+02  9.100000e+01  0.000000e+00
     vertex  9.127717e+01  9.100000e+01  1.614761e+01
     vertex  9.132751e+01  9.100000e+01  1.618335e+01
   endloop
 endfacet
 facet normal  0.000000e+00  1.000000e+00  0.000000e+00
   outer loop
     vertex  1.525000e+02  9.100000e+01  0.000000e+00
     vertex  9.132751e+01  9.100000e+01  1.618335e+01
     vertex  9.137684e+01  9.100000e+01  1.622045e+01
   endloop
 endfacet
 facet normal  0.000000e+00  1.000000e+00  0.000000e+00
   outer loop
     vertex  1.525000e+02  9.100000e+01  0.000000e+00
     vertex  9.137684e+01  9.100000e+01  1.622045e+01
     vertex  9.142515e+01  9.100000e+01  1.625889e+01
   endloop
 endfacet
 facet normal  0.000000e+00  1.000000e+00  0.000000e+00
   outer loop
     vertex  1.525000e+02  9.100000e+01  0.000000e+00
     vertex  9.142515e+01  9.100000e+01  1.625889e+01
     vertex  9.147238e+01  9.100000e+01  1.629864e+01
   endloop
 endfacet
 facet normal  0.000000e+00  1.000000e+00  0.000000e+00
   outer loop
     vertex  1.525000e+02  9.100000e+01  0.000000e+00
     vertex  9.147238e+01  9.100000e+01  1.629864e+01
     vertex  9.151850e+01  9.100000e+01  1.633968e+01
   endloop
 endfacet
 facet normal  0.000000e+00  1.000000e+00  0.000000e+00
   outer loop
     vertex  1.525000e+02  9.100000e+01  0.000000e+00
     vertex  9.151850e+01  9.100000e+01  1.633968e+01
     vertex  9.156347e+01  9.100000e+01  1.638196e+01
   endloop
 endfacet
 facet normal  0.000000e+00  1.000000e+00  0.000000e+00
   outer loop
     vertex  1.525000e+02  9.100000e+01  0.000000e+00
     vertex  9.156347e+01  9.100000e+01  1.638196e+01
     vertex  9.160728e+01  9.100000e+01  1.642546e+01
   endloop
 endfacet
 facet normal  0.000000e+00  1.000000e+00  0.000000e+00
   outer loop
     vertex  1.525000e+02  9.100000e+01  0.000000e+00
     vertex  9.160728e+01  9.100000e+01  1.642546e+01
     vertex  9.164987e+01  9.100000e+01  1.647015e+01
   endloop
 endfacet
 facet normal  0.000000e+00  1.000000e+00  0.000000e+00
   outer loop
     vertex  1.525000e+02  9.100000e+01  0.000000e+00
     vertex  9.164987e+01  9.100000e+01  1.647015e+01
     vertex  9.169122e+01  9.100000e+01  1.651599e+01
   endloop
 endfacet
 facet normal  0.000000e+00  1.000000e+00  0.000000e+00
   outer loop
     vertex  1.525000e+02  9.100000e+01  0.000000e+00
     vertex  9.169122e+01  9.100000e+01  1.651599e+01
     vertex  9.173129e+01  9.100000e+01  1.656294e+01
   endloop
 endfacet
 facet normal  0.000000e+00  1.000000e+00  0.000000e+00
   outer loop
     vertex  1.525000e+02  9.100000e+01  0.000000e+00
     vertex  9.173129e+01  9.100000e+01  1.656294e+01
     vertex  9.177006e+01  9.100000e+01  1.661098e+01
   endloop
 endfacet
 facet normal  0.000000e+00  1.000000e+00  0.000000e+00
   outer loop
     vertex  1.525000e+02  9.100000e+01  0.000000e+00
     vertex  9.177006e+01  9.100000e+01  1.661098e+01
     vertex  9.180750e+01  9.100000e+01  1.666006e+01
   endloop
 endfacet
 facet normal  0.000000e+00  1.000000e+00  0.000000e+00
   outer loop
     vertex  1.525000e+02  9.100000e+01  0.000000e+00
     vertex  9.180750e+01  9.100000e+01  1.666006e+01
     vertex  9.184358e+01  9.100000e+01  1.671016e+01
   endloop
 endfacet
 facet normal  0.000000e+00  1.000000e+00  0.000000e+00
   outer loop
     vertex  1.525000e+02  9.100000e+01  0.000000e+00
     vertex  9.184358e+01  9.100000e+01  1.671016e+01
     vertex  9.187828e+01  9.100000e+01  1.676122e+01
   endloop
 endfacet
 facet normal  0.000000e+00  1.000000e+00  0.000000e+00
   outer loop
     vertex  1.525000e+02  9.100000e+01  0.000000e+00
     vertex  9.187828e+01  9.100000e+01  1.676122e+01
     vertex  9.191155e+01  9.100000e+01  1.681321e+01
   endloop
 endfacet
 facet normal  0.000000e+00  1.000000e+00  0.000000e+00
   outer loop
     vertex  1.525000e+02  9.100000e+01  0.000000e+00
     vertex  9.191155e+01  9.100000e+01  1.681321e+01
     vertex  9.194339e+01  9.100000e+01  1.686610e+01
   endloop
 endfacet
 facet normal  0.000000e+00  1.000000e+00  0.000000e+00
   outer loop
     vertex  1.525000e+02  9.100000e+01  0.000000e+00
     vertex  9.194339e+01  9.100000e+01  1.686610e+01
     vertex  9.197377e+01  9.100000e+01  1.691984e+01
   endloop
 endfacet
 facet normal  0.000000e+00  1.000000e+00  0.000000e+00
   outer loop
     vertex  1.525000e+02  9.100000e+01  0.000000e+00
     vertex  9.197377e+01  9.100000e+01  1.691984e+01
     vertex  9.200266e+01  9.100000e+01  1.697440e+01
   endloop
 endfacet
 facet normal  0.000000e+00  1.000000e+00  0.000000e+00
   outer loop
     vertex  1.525000e+02  9.100000e+01  0.000000e+00
     vertex  9.200266e+01  9.100000e+01  1.697440e+01
     vertex  9.203004e+01  9.100000e+01  1.702973e+01
   endloop
 endfacet
 facet normal  0.000000e+00  1.000000e+00  0.000000e+00
   outer loop
     vertex  1.525000e+02  9.100000e+01  0.000000e+00
     vertex  9.203004e+01  9.100000e+01  1.702973e+01
     vertex  9.205590e+01  9.100000e+01  1.708578e+01
   endloop
 endfacet
 facet normal  0.000000e+00  1.000000e+00  0.000000e+00
   outer loop
     vertex  1.525000e+02  9.100000e+01  0.000000e+00
     vertex  9.205590e+01  9.100000e+01  1.708578e+01
     vertex  9.208020e+01  9.100000e+01  1.714253e+01
   endloop
 endfacet
 facet normal  0.000000e+00  1.000000e+00  0.000000e+00
   outer loop
     vertex  1.525000e+02  9.100000e+01  0.000000e+00
     vertex  9.208020e+01  9.100000e+01  1.714253e+01
     vertex  9.210294e+01  9.100000e+01  1.719992e+01
   endloop
 endfacet
 facet normal  0.000000e+00  1.000000e+00  0.000000e+00
   outer loop
     vertex  1.525000e+02  9.100000e+01  0.000000e+00
     vertex  9.210294e+01  9.100000e+01  1.719992e+01
     vertex  9.212410e+01  9.100000e+01  1.725791e+01
   endloop
 endfacet
 facet normal  0.000000e+00  1.000000e+00  0.000000e+00
   outer loop
     vertex  1.525000e+02  9.100000e+01  0.000000e+00
     vertex  9.212410e+01  9.100000e+01  1.725791e+01
     vertex  9.214366e+01  9.100000e+01  1.731646e+01
   endloop
 endfacet
 facet normal  0.000000e+00  1.000000e+00  0.000000e+00
   outer loop
     vertex  1.525000e+02  9.100000e+01  0.000000e+00
     vertex  9.214366e+01  9.100000e+01  1.731646e+01
     vertex  9.216161e+01  9.100000e+01  1.737553e+01
   endloop
 endfacet
 facet normal  0.000000e+00  1.000000e+00  0.000000e+00
   outer loop
     vertex  1.525000e+02  9.100000e+01  0.000000e+00
     vertex  9.216161e+01  9.100000e+01  1.737553e+01
     vertex  9.217792e+01  9.100000e+01  1.743507e+01
   endloop
 endfacet
 facet normal  0.000000e+00  1.000000e+00  0.000000e+00
   outer loop
     vertex  1.525000e+02  9.100000e+01  0.000000e+00
     vertex  9.217792e+01  9.100000e+01  1.743507e+01
     vertex  9.219260e+01  9.100000e+01  1.749503e+01
   endloop
 endfacet
 facet normal  0.000000e+00  1.000000e+00  0.000000e+00
   outer loop
     vertex  1.525000e+02  9.100000e+01  0.000000e+00
     vertex  9.219260e+01  9.100000e+01  1.749503e+01
     vertex  9.220563e+01  9.100000e+01  1.755537e+01
   endloop
 endfacet
 facet normal  0.000000e+00  1.000000e+00  0.000000e+00
   outer loop
     vertex  1.525000e+02  9.100000e+01  0.000000e+00
     vertex  9.220563e+01  9.100000e+01  1.755537e+01
     vertex  9.221700e+01  9.100000e+01  1.761605e+01
   endloop
 endfacet
 facet normal  0.000000e+00  1.000000e+00  0.000000e+00
   outer loop
     vertex  1.525000e+02  9.100000e+01  0.000000e+00
     vertex  9.221700e+01  9.100000e+01  1.761605e+01
     vertex  9.222670e+01  9.100000e+01  1.767701e+01
   endloop
 endfacet
 facet normal  0.000000e+00  1.000000e+00  0.000000e+00
   outer loop
     vertex  1.525000e+02  9.100000e+01  0.000000e+00
     vertex  9.222670e+01  9.100000e+01  1.767701e+01
     vertex  9.223472e+01  9.100000e+01  1.773822e+01
   endloop
 endfacet
 facet normal  0.000000e+00  1.000000e+00  0.000000e+00
   outer loop
     vertex  1.525000e+02  9.100000e+01  0.000000e+00
     vertex  9.223472e+01  9.100000e+01  1.773822e+01
     vertex  9.224106e+01  9.100000e+01  1.779963e+01
   endloop
 endfacet
 facet normal  0.000000e+00  1.000000e+00  0.000000e+00
   outer loop
     vertex  1.525000e+02  9.100000e+01  0.000000e+00
     vertex  9.224106e+01  9.100000e+01  1.779963e+01
     vertex  9.224571e+01  9.100000e+01  1.786119e+01
   endloop
 endfacet
 facet normal  0.000000e+00  1.000000e+00  0.000000e+00
   outer loop
     vertex  1.525000e+02  9.100000e+01  0.000000e+00
     vertex  9.224571e+01  9.100000e+01  1.786119e+01
     vertex  9.224868e+01  9.100000e+01  1.792285e+01
   endloop
 endfacet
 facet normal  0.000000e+00  1.000000e+00  0.000000e+00
   outer loop
     vertex  1.525000e+02  9.100000e+01  0.000000e+00
     vertex  9.224868e+01  9.100000e+01  1.792285e+01
     vertex  9.224995e+01  9.100000e+01  1.798457e+01
   endloop
 endfacet
 facet normal  0.000000e+00  1.000000e+00  0.000000e+00
   outer loop
     vertex  1.525000e+02  9.100000e+01  0.000000e+00
     vertex  8.993827e+01  9.100000e+01  1.575085e+01
     vertex  9.000000e+01  9.100000e+01  1.575000e+01
   endloop
 endfacet
 facet normal  0.000000e+00  1.000000e+00  0.000000e+00
   outer loop
     vertex  1.525000e+02  9.100000e+01  3.600000e+01
     vertex  9.213408e+01  9.100000e+01  1.871288e+01
     vertex  9.211372e+01  9.100000e+01  1.877116e+01
   endloop
 endfacet
 facet normal  0.000000e+00  1.000000e+00  0.000000e+00
   outer loop
     vertex  1.525000e+02  9.100000e+01  3.600000e+01
     vertex  9.211372e+01  9.100000e+01  1.877116e+01
     vertex  9.209177e+01  9.100000e+01  1.882885e+01
   endloop
 endfacet
 facet normal  0.000000e+00  1.000000e+00  0.000000e+00
   outer loop
     vertex  1.525000e+02  9.100000e+01  3.600000e+01
     vertex  9.209177e+01  9.100000e+01  1.882885e+01
     vertex  9.206824e+01  9.100000e+01  1.888593e+01
   endloop
 endfacet
 facet normal  0.000000e+00  1.000000e+00  0.000000e+00
   outer loop
     vertex  1.525000e+02  9.100000e+01  3.600000e+01
     vertex  9.206824e+01  9.100000e+01  1.888593e+01
     vertex  9.204316e+01  9.100000e+01  1.894233e+01
   endloop
 endfacet
 facet normal  0.000000e+00  1.000000e+00  0.000000e+00
   outer loop
     vertex  1.525000e+02  9.100000e+01  3.600000e+01
     vertex  9.204316e+01  9.100000e+01  1.894233e+01
     vertex  9.201654e+01  9.100000e+01  1.899803e+01
   endloop
 endfacet
 facet normal  0.000000e+00  1.000000e+00  0.000000e+00
   outer loop
     vertex  1.525000e+02  9.100000e+01  3.600000e+01
     vertex  9.201654e+01  9.100000e+01  1.899803e+01
     vertex  9.198840e+01  9.100000e+01  1.905298e+01
   endloop
 endfacet
 facet normal  0.000000e+00  1.000000e+00  0.000000e+00
   outer loop
     vertex  1.525000e+02  9.100000e+01  3.600000e+01
     vertex  9.198840e+01  9.100000e+01  1.905298e+01
     vertex  9.195876e+01  9.100000e+01  1.910713e+01
   endloop
 endfacet
 facet normal  0.000000e+00  1.000000e+00  0.000000e+00
   outer loop
     vertex  1.525000e+02  9.100000e+01  3.600000e+01
     vertex  9.195876e+01  9.100000e+01  1.910713e+01
     vertex  9.192765e+01  9.100000e+01  1.916045e+01
   endloop
 endfacet
 facet normal  0.000000e+00  1.000000e+00  0.000000e+00
   outer loop
     vertex  1.525000e+02  9.100000e+01  3.600000e+01
     vertex  9.192765e+01  9.100000e+01  1.916045e+01
     vertex  9.189509e+01  9.100000e+01  1.921290e+01
   endloop
 endfacet
 facet normal  0.000000e+00  1.000000e+00  0.000000e+00
   outer loop
     vertex  1.525000e+02  9.100000e+01  3.600000e+01
     vertex  9.189509e+01  9.100000e+01  1.921290e+01
     vertex  9.186110e+01  9.100000e+01  1.926443e+01
   endloop
 endfacet
 facet normal  0.000000e+00  1.000000e+00  0.000000e+00
   outer loop
     vertex  1.525000e+02  9.100000e+01  3.600000e+01
     vertex  9.186110e+01  9.100000e+01  1.926443e+01
     vertex  9.182572e+01  9.100000e+01  1.931501e+01
   endloop
 endfacet
 facet normal  0.000000e+00  1.000000e+00  0.000000e+00
   outer loop
     vertex  1.525000e+02  9.100000e+01  3.600000e+01
     vertex  9.182572e+01  9.100000e+01  1.931501e+01
     vertex  9.178895e+01  9.100000e+01  1.936461e+01
   endloop
 endfacet
 facet normal  0.000000e+00  1.000000e+00  0.000000e+00
   outer loop
     vertex  1.525000e+02  9.100000e+01  3.600000e+01
     vertex  9.178895e+01  9.100000e+01  1.936461e+01
     vertex  9.175084e+01  9.100000e+01  1.941317e+01
   endloop
 endfacet
 facet normal  0.000000e+00  1.000000e+00  0.000000e+00
   outer loop
     vertex  1.525000e+02  9.100000e+01  3.600000e+01
     vertex  9.175084e+01  9.100000e+01  1.941317e+01
     vertex  9.171141e+01  9.100000e+01  1.946067e+01
   endloop
 endfacet
 facet normal  0.000000e+00  1.000000e+00  0.000000e+00
   outer loop
     vertex  1.525000e+02  9.100000e+01  3.600000e+01
     vertex  9.171141e+01  9.100000e+01  1.946067e+01
     vertex  9.167070e+01  9.100000e+01  1.950707e+01
   endloop
 endfacet
 facet normal  0.000000e+00  1.000000e+00  0.000000e+00
   outer loop
     vertex  1.525000e+02  9.100000e+01  3.600000e+01
     vertex  9.167070e+01  9.100000e+01  1.950707e+01
     vertex  9.162872e+01  9.100000e+01  1.955234e+01
   endloop
 endfacet
 facet normal  0.000000e+00  1.000000e+00  0.000000e+00
   outer loop
     vertex  1.525000e+02  9.100000e+01  3.600000e+01
     vertex  9.162872e+01  9.100000e+01  1.955234e+01
     vertex  9.158552e+01  9.100000e+01  1.959644e+01
   endloop
 endfacet
 facet normal  0.000000e+00  1.000000e+00  0.000000e+00
   outer loop
     vertex  1.525000e+02  9.100000e+01  3.600000e+01
     vertex  9.158552e+01  9.100000e+01  1.959644e+01
     vertex  9.154113e+01  9.100000e+01  1.963933e+01
   endloop
 endfacet
 facet normal  0.000000e+00  1.000000e+00  0.000000e+00
   outer loop
     vertex  1.525000e+02  9.100000e+01  3.600000e+01
     vertex  9.154113e+01  9.100000e+01  1.963933e+01
     vertex  9.149558e+01  9.100000e+01  1.968100e+01
   endloop
 endfacet
 facet normal  0.000000e+00  1.000000e+00  0.000000e+00
   outer loop
     vertex  1.525000e+02  9.100000e+01  3.600000e+01
     vertex  9.149558e+01  9.100000e+01  1.968100e+01
     vertex  9.144890e+01  9.100000e+01  1.972139e+01
   endloop
 endfacet
 facet normal  0.000000e+00  1.000000e+00  0.000000e+00
   outer loop
     vertex  1.525000e+02  9.100000e+01  3.600000e+01
     vertex  9.144890e+01  9.100000e+01  1.972139e+01
     vertex  9.140113e+01  9.100000e+01  1.976049e+01
   endloop
 endfacet
 facet normal  0.000000e+00  1.000000e+00  0.000000e+00
   outer loop
     vertex  1.525000e+02  9.100000e+01  3.600000e+01
     vertex  9.140113e+01  9.100000e+01  1.976049e+01
     vertex  9.135230e+01  9.100000e+01  1.979827e+01
   endloop
 endfacet
 facet normal  0.000000e+00  1.000000e+00  0.000000e+00
   outer loop
     vertex  1.525000e+02  9.100000e+01  3.600000e+01
     vertex  9.135230e+01  9.100000e+01  1.979827e+01
     vertex  9.130246e+01  9.100000e+01  1.983469e+01
   endloop
 endfacet
 facet normal  0.000000e+00  1.000000e+00  0.000000e+00
   outer loop
     vertex  1.525000e+02  9.100000e+01  3.600000e+01
     vertex  9.130246e+01  9.100000e+01  1.983469e+01
     vertex  9.125164e+01  9.100000e+01  1.986973e+01
   endloop
 endfacet
 facet normal  0.000000e+00  1.000000e+00  0.000000e+00
   outer loop
     vertex  1.525000e+02  9.100000e+01  3.600000e+01
     vertex  9.125164e+01  9.100000e+01  1.986973e+01
     vertex  9.119987e+01  9.100000e+01  1.990337e+01
   endloop
 endfacet
 facet normal  0.000000e+00  1.000000e+00  0.000000e+00
   outer loop
     vertex  1.525000e+02  9.100000e+01  3.600000e+01
     vertex  9.119987e+01  9.100000e+01  1.990337e+01
     vertex  9.114720e+01  9.100000e+01  1.993557e+01
   endloop
 endfacet
 facet normal  0.000000e+00  1.000000e+00  0.000000e+00
   outer loop
     vertex  1.525000e+02  9.100000e+01  3.600000e+01
     vertex  9.114720e+01  9.100000e+01  1.993557e+01
     vertex  9.109367e+01  9.100000e+01  1.996631e+01
   endloop
 endfacet
 facet normal  0.000000e+00  1.000000e+00  0.000000e+00
   outer loop
     vertex  1.525000e+02  9.100000e+01  3.600000e+01
     vertex  1.525000e+02  9.100000e+01  0.000000e+00
     vertex  9.224995e+01  9.100000e+01  1.798457e+01
   endloop
 endfacet
 facet normal  0.000000e+00  1.000000e+00  0.000000e+00
   outer loop
     vertex  1.525000e+02  9.100000e+01  3.600000e+01
     vertex  9.109367e+01  9.100000e+01  1.996631e+01
     vertex  9.103931e+01  9.100000e+01  1.999558e+01
   endloop
 endfacet
 facet normal  0.000000e+00  1.000000e+00  0.000000e+00
   outer loop
     vertex  1.525000e+02  9.100000e+01  3.600000e+01
     vertex  9.103931e+01  9.100000e+01  1.999558e+01
     vertex  9.098418e+01  9.100000e+01  2.002334e+01
   endloop
 endfacet
 facet normal  0.000000e+00  1.000000e+00  0.000000e+00
   outer loop
     vertex  1.525000e+02  9.100000e+01  3.600000e+01
     vertex  9.098418e+01  9.100000e+01  2.002334e+01
     vertex  9.092830e+01  9.100000e+01  2.004958e+01
   endloop
 endfacet
 facet normal  0.000000e+00  1.000000e+00  0.000000e+00
   outer loop
     vertex  1.525000e+02  9.100000e+01  3.600000e+01
     vertex  9.092830e+01  9.100000e+01  2.004958e+01
     vertex  9.087172e+01  9.100000e+01  2.007427e+01
   endloop
 endfacet
 facet normal  0.000000e+00  1.000000e+00  0.000000e+00
   outer loop
     vertex  1.525000e+02  9.100000e+01  3.600000e+01
     vertex  9.087172e+01  9.100000e+01  2.007427e+01
     vertex  9.081449e+01  9.100000e+01  2.009741e+01
   endloop
 endfacet
 facet normal  0.000000e+00  1.000000e+00  0.000000e+00
   outer loop
     vertex  1.525000e+02  9.100000e+01  3.600000e+01
     vertex  9.081449e+01  9.100000e+01  2.009741e+01
     vertex  9.075664e+01  9.100000e+01  2.011896e+01
   endloop
 endfacet
 facet normal  0.000000e+00  1.000000e+00  0.000000e+00
   outer loop
     vertex  1.525000e+02  9.100000e+01  3.600000e+01
     vertex  9.075664e+01  9.100000e+01  2.011896e+01
     vertex  9.069822e+01  9.100000e+01  2.013892e+01
   endloop
 endfacet
 facet normal  0.000000e+00  1.000000e+00  0.000000e+00
   outer loop
     vertex  1.525000e+02  9.100000e+01  3.600000e+01
     vertex  9.069822e+01  9.100000e+01  2.013892e+01
     vertex  9.063928e+01  9.100000e+01  2.015727e+01
   endloop
 endfacet
 facet normal  0.000000e+00  1.000000e+00  0.000000e+00
   outer loop
     vertex  1.525000e+02  9.100000e+01  3.600000e+01
     vertex  9.063928e+01  9.100000e+01  2.015727e+01
     vertex  9.057986e+01  9.100000e+01  2.017400e+01
   endloop
 endfacet
 facet normal  0.000000e+00  1.000000e+00  0.000000e+00
   outer loop
     vertex  1.525000e+02  9.100000e+01  3.600000e+01
     vertex  9.057986e+01  9.100000e+01  2.017400e+01
     vertex  9.052000e+01  9.100000e+01  2.018909e+01
   endloop
 endfacet
 facet normal  0.000000e+00  1.000000e+00  0.000000e+00
   outer loop
     vertex  1.525000e+02  9.100000e+01  3.600000e+01
     vertex  9.052000e+01  9.100000e+01  2.018909e+01
     vertex  9.045975e+01  9.100000e+01  2.020253e+01
   endloop
 endfacet
 facet normal  0.000000e+00  1.000000e+00  0.000000e+00
   outer loop
     vertex  1.525000e+02  9.100000e+01  3.600000e+01
     vertex  9.045975e+01  9.100000e+01  2.020253e+01
     vertex  9.039915e+01  9.100000e+01  2.021431e+01
   endloop
 endfacet
 facet normal  0.000000e+00  1.000000e+00  0.000000e+00
   outer loop
     vertex  1.525000e+02  9.100000e+01  3.600000e+01
     vertex  9.039915e+01  9.100000e+01  2.021431e+01
     vertex  9.033825e+01  9.100000e+01  2.022443e+01
   endloop
 endfacet
 facet normal  0.000000e+00  1.000000e+00  0.000000e+00
   outer loop
     vertex  1.525000e+02  9.100000e+01  3.600000e+01
     vertex  9.033825e+01  9.100000e+01  2.022443e+01
     vertex  9.027710e+01  9.100000e+01  2.023287e+01
   endloop
 endfacet
 facet normal  0.000000e+00  1.000000e+00  0.000000e+00
   outer loop
     vertex  1.525000e+02  9.100000e+01  3.600000e+01
     vertex  9.027710e+01  9.100000e+01  2.023287e+01
     vertex  9.021574e+01  9.100000e+01  2.023963e+01
   endloop
 endfacet
 facet normal  0.000000e+00  1.000000e+00  0.000000e+00
   outer loop
     vertex  1.525000e+02  9.100000e+01  3.600000e+01
     vertex  9.021574e+01  9.100000e+01  2.023963e+01
     vertex  9.015421e+01  9.100000e+01  2.024471e+01
   endloop
 endfacet
 facet normal  0.000000e+00  1.000000e+00  0.000000e+00
   outer loop
     vertex  1.525000e+02  9.100000e+01  3.600000e+01
     vertex  9.015421e+01  9.100000e+01  2.024471e+01
     vertex  9.009258e+01  9.100000e+01  2.024809e+01
   endloop
 endfacet
 facet normal  0.000000e+00  1.000000e+00  0.000000e+00
   outer loop
     vertex  1.525000e+02  9.100000e+01  3.600000e+01
     vertex  9.009258e+01  9.100000e+01  2.024809e+01
     vertex  9.003087e+01  9.100000e+01  2.024979e+01
   endloop
 endfacet
 facet normal  0.000000e+00  1.000000e+00  0.000000e+00
   outer loop
     vertex  1.525000e+02  9.100000e+01  3.600000e+01
     vertex  9.003087e+01  9.100000e+01  2.024979e+01
     vertex  8.996913e+01  9.100000e+01  2.024979e+01
   endloop
 endfacet
 facet normal  0.000000e+00  1.000000e+00  0.000000e+00
   outer loop
     vertex  1.525000e+02  9.100000e+01  3.600000e+01
     vertex  9.224995e+01  9.100000e+01  1.798457e+01
     vertex  9.224952e+01  9.100000e+01  1.804630e+01
   endloop
 endfacet
 facet normal  0.000000e+00  1.000000e+00  0.000000e+00
   outer loop
     vertex  1.525000e+02  9.100000e+01  3.600000e+01
     vertex  9.224952e+01  9.100000e+01  1.804630e+01
     vertex  9.224741e+01  9.100000e+01  1.810799e+01
   endloop
 endfacet
 facet normal  0.000000e+00  1.000000e+00  0.000000e+00
   outer loop
     vertex  1.525000e+02  9.100000e+01  3.600000e+01
     vertex  9.224741e+01  9.100000e+01  1.810799e+01
     vertex  9.224360e+01  9.100000e+01  1.816961e+01
   endloop
 endfacet
 facet normal  0.000000e+00  1.000000e+00  0.000000e+00
   outer loop
     vertex  1.525000e+02  9.100000e+01  3.600000e+01
     vertex  9.224360e+01  9.100000e+01  1.816961e+01
     vertex  9.223810e+01  9.100000e+01  1.823110e+01
   endloop
 endfacet
 facet normal  0.000000e+00  1.000000e+00  0.000000e+00
   outer loop
     vertex  1.525000e+02  9.100000e+01  3.600000e+01
     vertex  9.223810e+01  9.100000e+01  1.823110e+01
     vertex  9.223092e+01  9.100000e+01  1.829241e+01
   endloop
 endfacet
 facet normal  0.000000e+00  1.000000e+00  0.000000e+00
   outer loop
     vertex  1.525000e+02  9.100000e+01  3.600000e+01
     vertex  9.223092e+01  9.100000e+01  1.829241e+01
     vertex  9.222206e+01  9.100000e+01  1.835350e+01
   endloop
 endfacet
 facet normal  0.000000e+00  1.000000e+00  0.000000e+00
   outer loop
     vertex  1.525000e+02  9.100000e+01  3.600000e+01
     vertex  9.222206e+01  9.100000e+01  1.835350e+01
     vertex  9.221152e+01  9.100000e+01  1.841433e+01
   endloop
 endfacet
 facet normal  0.000000e+00  1.000000e+00  0.000000e+00
   outer loop
     vertex  1.525000e+02  9.100000e+01  3.600000e+01
     vertex  9.221152e+01  9.100000e+01  1.841433e+01
     vertex  9.219932e+01  9.100000e+01  1.847484e+01
   endloop
 endfacet
 facet normal  0.000000e+00  1.000000e+00  0.000000e+00
   outer loop
     vertex  1.525000e+02  9.100000e+01  3.600000e+01
     vertex  9.219932e+01  9.100000e+01  1.847484e+01
     vertex  9.218547e+01  9.100000e+01  1.853500e+01
   endloop
 endfacet
 facet normal  0.000000e+00  1.000000e+00  0.000000e+00
   outer loop
     vertex  1.525000e+02  9.100000e+01  3.600000e+01
     vertex  9.218547e+01  9.100000e+01  1.853500e+01
     vertex  9.216997e+01  9.100000e+01  1.859476e+01
   endloop
 endfacet
 facet normal  0.000000e+00  1.000000e+00  0.000000e+00
   outer loop
     vertex  1.525000e+02  9.100000e+01  3.600000e+01
     vertex  9.216997e+01  9.100000e+01  1.859476e+01
     vertex  9.215284e+01  9.100000e+01  1.865406e+01
   endloop
 endfacet
 facet normal  0.000000e+00  1.000000e+00  0.000000e+00
   outer loop
     vertex  1.525000e+02  9.100000e+01  3.600000e+01
     vertex  9.215284e+01  9.100000e+01  1.865406e+01
     vertex  9.213408e+01  9.100000e+01  1.871288e+01
   endloop
 endfacet
 facet normal  0.000000e+00  1.000000e+00  0.000000e+00
   outer loop
     vertex  1.525000e+02  9.100000e+01  0.000000e+00
     vertex  0.000000e+00  9.100000e+01  0.000000e+00
     vertex  8.993827e+01  9.100000e+01  1.575085e+01
   endloop
 endfacet
 facet normal  0.000000e+00  1.000000e+00  0.000000e+00
   outer loop
     vertex  8.993827e+01  9.100000e+01  1.575085e+01
     vertex  0.000000e+00  9.100000e+01  0.000000e+00
     vertex  8.987659e+01  9.100000e+01  1.575339e+01
   endloop
 endfacet
 facet normal  0.000000e+00  1.000000e+00  0.000000e+00
   outer loop
     vertex  8.987659e+01  9.100000e+01  1.575339e+01
     vertex  0.000000e+00  9.100000e+01  0.000000e+00
     vertex  8.981501e+01  9.100000e+01  1.575762e+01
   endloop
 endfacet
 facet normal  0.000000e+00  1.000000e+00  0.000000e+00
   outer loop
     vertex  8.981501e+01  9.100000e+01  1.575762e+01
     vertex  0.000000e+00  9.100000e+01  0.000000e+00
     vertex  8.975356e+01  9.100000e+01  1.576354e+01
   endloop
 endfacet
 facet normal  0.000000e+00  1.000000e+00  0.000000e+00
   outer loop
     vertex  8.975356e+01  9.100000e+01  1.576354e+01
     vertex  0.000000e+00  9.100000e+01  0.000000e+00
     vertex  8.969230e+01  9.100000e+01  1.577114e+01
   endloop
 endfacet
 facet normal  0.000000e+00  1.000000e+00  0.000000e+00
   outer loop
     vertex  8.969230e+01  9.100000e+01  1.577114e+01
     vertex  0.000000e+00  9.100000e+01  0.000000e+00
     vertex  8.963126e+01  9.100000e+01  1.578042e+01
   endloop
 endfacet
 facet normal  0.000000e+00  1.000000e+00  0.000000e+00
   outer loop
     vertex  8.963126e+01  9.100000e+01  1.578042e+01
     vertex  0.000000e+00  9.100000e+01  0.000000e+00
     vertex  8.957051e+01  9.100000e+01  1.579137e+01
   endloop
 endfacet
 facet normal -0.000000e+00  1.000000e+00  0.000000e+00
   outer loop
     vertex  0.000000e+00  9.100000e+01  3.600000e+01
     vertex  1.525000e+02  9.100000e+01  3.600000e+01
     vertex  8.996913e+01  9.100000e+01  2.024979e+01
   endloop
 endfacet
 facet normal  0.000000e+00  1.000000e+00  0.000000e+00
   outer loop
     vertex  0.000000e+00  9.100000e+01  3.600000e+01
     vertex  8.996913e+01  9.100000e+01  2.024979e+01
     vertex  8.990742e+01  9.100000e+01  2.024809e+01
   endloop
 endfacet
 facet normal  0.000000e+00  1.000000e+00  0.000000e+00
   outer loop
     vertex  0.000000e+00  9.100000e+01  3.600000e+01
     vertex  8.990742e+01  9.100000e+01  2.024809e+01
     vertex  8.984579e+01  9.100000e+01  2.024471e+01
   endloop
 endfacet
 facet normal  0.000000e+00  1.000000e+00  0.000000e+00
   outer loop
     vertex  0.000000e+00  9.100000e+01  3.600000e+01
     vertex  8.984579e+01  9.100000e+01  2.024471e+01
     vertex  8.978426e+01  9.100000e+01  2.023963e+01
   endloop
 endfacet
 facet normal  0.000000e+00  1.000000e+00  0.000000e+00
   outer loop
     vertex  0.000000e+00  9.100000e+01  3.600000e+01
     vertex  8.978426e+01  9.100000e+01  2.023963e+01
     vertex  8.972290e+01  9.100000e+01  2.023287e+01
   endloop
 endfacet
 facet normal  0.000000e+00  1.000000e+00  0.000000e+00
   outer loop
     vertex  0.000000e+00  9.100000e+01  3.600000e+01
     vertex  8.972290e+01  9.100000e+01  2.023287e+01
     vertex  8.966175e+01  9.100000e+01  2.022443e+01
   endloop
 endfacet
 facet normal  0.000000e+00  1.000000e+00  0.000000e+00
   outer loop
     vertex  0.000000e+00  9.100000e+01  3.600000e+01
     vertex  8.966175e+01  9.100000e+01  2.022443e+01
     vertex  8.960085e+01  9.100000e+01  2.021431e+01
   endloop
 endfacet
 facet normal  0.000000e+00  0.000000e+00  1.000000e+00
   outer loop
     vertex  3.450000e+01  5.250000e+01  3.000000e+00
     vertex  0.000000e+00  5.250000e+01  3.000000e+00
     vertex  0.000000e+00  3.850000e+01  3.000000e+00
   endloop
 endfacet
 facet normal  0.000000e+00  0.000000e+00  1.000000e+00
   outer loop
     vertex  3.450000e+01  5.250000e+01  3.000000e+00
     vertex  0.000000e+00  3.850000e+01  3.000000e+00
     vertex  3.450000e+01  3.850000e+01  3.000000e+00
   endloop
 endfacet
 facet normal  0.000000e+00 -1.000000e+00 -0.000000e+00
   outer loop
     vertex  3.450000e+01  5.250000e+01  1.100000e+01
     vertex  0.000000e+00  5.250000e+01  3.000000e+00
     vertex  3.450000e+01  5.250000e+01  3.000000e+00
   endloop
 endfacet
 facet normal -0.000000e+00 -1.000000e+00  0.000000e+00
   outer loop
     vertex  3.450000e+01  5.250000e+01  1.100000e+01
     vertex  0.000000e+00  5.250000e+01  1.100000e+01
     vertex  0.000000e+00  5.250000e+01  3.000000e+00
   endloop
 endfacet
 facet normal -0.000000e+00  0.000000e+00 -1.000000e+00
   outer loop
     vertex  3.450000e+01  5.250000e+01  1.100000e+01
     vertex  0.000000e+00  3.850000e+01  1.100000e+01
     vertex  0.000000e+00  5.250000e+01  1.100000e+01
   endloop
 endfacet
 facet normal  0.000000e+00 -0.000000e+00 -1.000000e+00
   outer loop
     vertex  3.450000e+01  5.250000e+01  1.100000e+01
     vertex  3.450000e+01  3.850000e+01  1.100000e+01
     vertex  0.000000e+00  3.850000e+01  1.100000e+01
   endloop
 endfacet
 facet normal  0.000000e+00  1.000000e+00  0.000000e+00
   outer loop
     vertex  3.450000e+01  3.850000e+01  1.100000e+01
     vertex  3.450000e+01  3.850000e+01  3.000000e+00
     vertex  0.000000e+00  3.850000e+01  3.000000e+00
   endloop
 endfacet
 facet normal  0.000000e+00  1.000000e+00  0.000000e+00
   outer loop
     vertex  3.450000e+01  3.850000e+01  1.100000e+01
     vertex  0.000000e+00  3.850000e+01  3.000000e+00
     vertex  0.000000e+00  3.850000e+01  1.100000e+01
   endloop
 endfacet
 facet normal  1.000000e+00 -0.000000e+00  0.000000e+00
   outer loop
     vertex  1.525000e+02  8.986860e+01  1.710109e+01
     vertex  1.525000e+02  9.100000e+01  0.000000e+00
     vertex  1.525000e+02  8.989293e+01  1.712526e+01
   endloop
 endfacet
 facet normal  1.000000e+00  0.000000e+00  0.000000e+00
   outer loop
     vertex  1.525000e+02  8.991659e+01  1.715008e+01
     vertex  1.525000e+02  8.989293e+01  1.712526e+01
     vertex  1.525000e+02  9.100000e+01  0.000000e+00
   endloop
 endfacet
 facet normal  1.000000e+00 -0.000000e+00  0.000000e+00
   outer loop
     vertex  1.525000e+02  8.984361e+01  1.707760e+01
     vertex  1.525000e+02  9.100000e+01  0.000000e+00
     vertex  1.525000e+02  8.986860e+01  1.710109e+01
   endloop
 endfacet
 facet normal  1.000000e+00  0.000000e+00  0.000000e+00
   outer loop
     vertex  1.525000e+02  8.993956e+01  1.717555e+01
     vertex  1.525000e+02  8.991659e+01  1.715008e+01
     vertex  1.525000e+02  9.100000e+01  0.000000e+00
   endloop
 endfacet
 facet normal  1.000000e+00 -0.000000e+00  0.000000e+00
   outer loop
     vertex  1.525000e+02  8.981799e+01  1.705480e+01
     vertex  1.525000e+02  9.100000e+01  0.000000e+00
     vertex  1.525000e+02  8.984361e+01  1.707760e+01
   endloop
 endfacet
 facet normal  1.000000e+00  0.000000e+00  0.000000e+00
   outer loop
     vertex  1.525000e+02  8.996183e+01  1.720164e+01
     vertex  1.525000e+02  8.993956e+01  1.717555e+01
     vertex  1.525000e+02  9.100000e+01  0.000000e+00
   endloop
 endfacet
 facet normal  1.000000e+00 -0.000000e+00  0.000000e+00
   outer loop
     vertex  1.525000e+02  8.979175e+01  1.703272e+01
     vertex  1.525000e+02  9.100000e+01  0.000000e+00
     vertex  1.525000e+02  8.981799e+01  1.705480e+01
   endloop
 endfacet
 facet normal  1.000000e+00  0.000000e+00  0.000000e+00
   outer loop
     vertex  1.525000e+02  8.998337e+01  1.722832e+01
     vertex  1.525000e+02  8.996183e+01  1.720164e+01
     vertex  1.525000e+02  9.100000e+01  0.000000e+00
   endloop
 endfacet
 facet normal  1.000000e+00 -0.000000e+00  0.000000e+00
   outer loop
     vertex  1.525000e+02  8.976491e+01  1.701136e+01
     vertex  1.525000e+02  9.100000e+01  0.000000e+00
     vertex  1.525000e+02  8.979175e+01  1.703272e+01
   endloop
 endfacet
 facet normal  1.000000e+00  0.000000e+00  0.000000e+00
   outer loop
     vertex  1.525000e+02  9.000417e+01  1.725559e+01
     vertex  1.525000e+02  8.998337e+01  1.722832e+01
     vertex  1.525000e+02  9.100000e+01  0.000000e+00
   endloop
 endfacet
 facet normal  1.000000e+00 -0.000000e+00  0.000000e+00
   outer loop
     vertex  1.525000e+02  8.973750e+01  1.699075e+01
     vertex  1.525000e+02  9.100000e+01  0.000000e+00
     vertex  1.525000e+02  8.976491e+01  1.701136e+01
   endloop
 endfacet
 facet normal  1.000000e+00  0.000000e+00  0.000000e+00
   outer loop
     vertex  1.525000e+02  9.002421e+01  1.728342e+01
     vertex  1.525000e+02  9.000417e+01  1.725559e+01
     vertex  1.525000e+02  9.100000e+01  0.000000e+00
   endloop
 endfacet
 facet normal  1.000000e+00 -0.000000e+00  0.000000e+00
   outer loop
     vertex  1.525000e+02  8.970954e+01  1.697090e+01
     vertex  1.525000e+02  9.100000e+01  0.000000e+00
     vertex  1.525000e+02  8.973750e+01  1.699075e+01
   endloop
 endfacet
 facet normal  1.000000e+00  0.000000e+00  0.000000e+00
   outer loop
     vertex  1.525000e+02  9.004349e+01  1.731179e+01
     vertex  1.525000e+02  9.002421e+01  1.728342e+01
     vertex  1.525000e+02  9.100000e+01  0.000000e+00
   endloop
 endfacet
 facet normal  1.000000e+00 -0.000000e+00  0.000000e+00
   outer loop
     vertex  1.525000e+02  8.968104e+01  1.695182e+01
     vertex  1.525000e+02  9.100000e+01  0.000000e+00
     vertex  1.525000e+02  8.970954e+01  1.697090e+01
   endloop
 endfacet
 facet normal  1.000000e+00  0.000000e+00  0.000000e+00
   outer loop
     vertex  1.525000e+02  9.006197e+01  1.734067e+01
     vertex  1.525000e+02  9.004349e+01  1.731179e+01
     vertex  1.525000e+02  9.100000e+01  0.000000e+00
   endloop
 endfacet
 facet normal  1.000000e+00  0.000000e+00  0.000000e+00
   outer loop
     vertex  1.525000e+02  8.965203e+01  1.693353e+01
     vertex  1.525000e+02  8.700000e+01  3.000000e+00
     vertex  1.525000e+02  9.100000e+01  0.000000e+00
   endloop
 endfacet
 facet normal  1.000000e+00 -0.000000e+00  0.000000e+00
   outer loop
     vertex  1.525000e+02  8.965203e+01  1.693353e+01
     vertex  1.525000e+02  9.100000e+01  0.000000e+00
     vertex  1.525000e+02  8.968104e+01  1.695182e+01
   endloop
 endfacet
 facet normal  1.000000e+00  0.000000e+00  0.000000e+00
   outer loop
     vertex  1.525000e+02  9.007966e+01  1.737006e+01
     vertex  1.525000e+02  9.006197e+01  1.734067e+01
     vertex  1.525000e+02  9.100000e+01  0.000000e+00
   endloop
 endfacet
 facet normal  1.000000e+00 -0.000000e+00  0.000000e+00
   outer loop
     vertex  1.525000e+02  8.962252e+01  1.691604e+01
     vertex  1.525000e+02  8.700000e+01  3.000000e+00
     vertex  1.525000e+02  8.965203e+01  1.693353e+01
   endloop
 endfacet
 facet normal  1.000000e+00  0.000000e+00  0.000000e+00
   outer loop
     vertex  1.525000e+02  9.009654e+01  1.739991e+01
     vertex  1.525000e+02  9.007966e+01  1.737006e+01
     vertex  1.525000e+02  9.100000e+01  0.000000e+00
   endloop
 endfacet
 facet normal  1.000000e+00 -0.000000e+00  0.000000e+00
   outer loop
     vertex  1.525000e+02  8.959255e+01  1.689937e+01
     vertex  1.525000e+02  8.700000e+01  3.000000e+00
     vertex  1.525000e+02  8.962252e+01  1.691604e+01
   endloop
 endfacet
 facet normal  1.000000e+00  0.000000e+00  0.000000e+00
   outer loop
     vertex  1.525000e+02  9.011259e+01  1.743022e+01
     vertex  1.525000e+02  9.009654e+01  1.739991e+01
     vertex  1.525000e+02  9.100000e+01  0.000000e+00
   endloop
 endfacet
 facet normal  1.000000e+00 -0.000000e+00  0.000000e+00
   outer loop
     vertex  1.525000e+02  8.956213e+01  1.688353e+01
     vertex  1.525000e+02  8.700000e+01  3.000000e+00
     vertex  1.525000e+02  8.959255e+01  1.689937e+01
   endloop
 endfacet
 facet normal  1.000000e+00  0.000000e+00  0.000000e+00
   outer loop
     vertex  1.525000e+02  9.012780e+01  1.746096e+01
     vertex  1.525000e+02  9.011259e+01  1.743022e+01
     vertex  1.525000e+02  9.100000e+01  0.000000e+00
   endloop
 endfacet
 facet normal  1.000000e+00 -0.000000e+00  0.000000e+00
   outer loop
     vertex  1.525000e+02  8.953129e+01  1.686853e+01
     vertex  1.525000e+02  8.700000e+01  3.000000e+00
     vertex  1.525000e+02  8.956213e+01  1.688353e+01
   endloop
 endfacet
 facet normal  1.000000e+00  0.000000e+00  0.000000e+00
   outer loop
     vertex  1.525000e+02  9.014216e+01  1.749210e+01
     vertex  1.525000e+02  9.012780e+01  1.746096e+01
     vertex  1.525000e+02  9.100000e+01  0.000000e+00
   endloop
 endfacet
 facet normal  1.000000e+00 -0.000000e+00  0.000000e+00
   outer loop
     vertex  1.525000e+02  8.950005e+01  1.685438e+01
     vertex  1.525000e+02  8.700000e+01  3.000000e+00
     vertex  1.525000e+02  8.953129e+01  1.686853e+01
   endloop
 endfacet
 facet normal  1.000000e+00  0.000000e+00  0.000000e+00
   outer loop
     vertex  1.525000e+02  9.015567e+01  1.752363e+01
     vertex  1.525000e+02  9.014216e+01  1.749210e+01
     vertex  1.525000e+02  9.100000e+01  0.000000e+00
   endloop
 endfacet
 facet normal  1.000000e+00 -0.000000e+00  0.000000e+00
   outer loop
     vertex  1.525000e+02  8.946843e+01  1.684109e+01
     vertex  1.525000e+02  8.700000e+01  3.000000e+00
     vertex  1.525000e+02  8.950005e+01  1.685438e+01
   endloop
 endfacet
 facet normal  1.000000e+00  0.000000e+00  0.000000e+00
   outer loop
     vertex  1.525000e+02  9.016830e+01  1.755551e+01
     vertex  1.525000e+02  9.015567e+01  1.752363e+01
     vertex  1.525000e+02  9.100000e+01  0.000000e+00
   endloop
 endfacet
 facet normal  1.000000e+00 -0.000000e+00  0.000000e+00
   outer loop
     vertex  1.525000e+02  8.943647e+01  1.682868e+01
     vertex  1.525000e+02  8.700000e+01  3.000000e+00
     vertex  1.525000e+02  8.946843e+01  1.684109e+01
   endloop
 endfacet
 facet normal  1.000000e+00  0.000000e+00  0.000000e+00
   outer loop
     vertex  1.525000e+02  9.018006e+01  1.758773e+01
     vertex  1.525000e+02  9.016830e+01  1.755551e+01
     vertex  1.525000e+02  9.100000e+01  0.000000e+00
   endloop
 endfacet
 facet normal  1.000000e+00 -0.000000e+00  0.000000e+00
   outer loop
     vertex  1.525000e+02  8.940417e+01  1.681714e+01
     vertex  1.525000e+02  8.700000e+01  3.000000e+00
     vertex  1.525000e+02  8.943647e+01  1.682868e+01
   endloop
 endfacet
 facet normal  1.000000e+00  0.000000e+00  0.000000e+00
   outer loop
     vertex  1.525000e+02  9.019092e+01  1.762026e+01
     vertex  1.525000e+02  9.018006e+01  1.758773e+01
     vertex  1.525000e+02  9.100000e+01  0.000000e+00
   endloop
 endfacet
 facet normal  1.000000e+00 -0.000000e+00  0.000000e+00
   outer loop
     vertex  1.525000e+02  8.937156e+01  1.680650e+01
     vertex  1.525000e+02  8.700000e+01  3.000000e+00
     vertex  1.525000e+02  8.940417e+01  1.681714e+01
   endloop
 endfacet
 facet normal  1.000000e+00  0.000000e+00  0.000000e+00
   outer loop
     vertex  1.525000e+02  9.020089e+01  1.765307e+01
     vertex  1.525000e+02  9.019092e+01  1.762026e+01
     vertex  1.525000e+02  9.100000e+01  0.000000e+00
   endloop
 endfacet
 facet normal  1.000000e+00 -0.000000e+00  0.000000e+00
   outer loop
     vertex  1.525000e+02  8.933868e+01  1.679676e+01
     vertex  1.525000e+02  8.700000e+01  3.000000e+00
     vertex  1.525000e+02  8.937156e+01  1.680650e+01
   endloop
 endfacet
 facet normal  1.000000e+00  0.000000e+00  0.000000e+00
   outer loop
     vertex  1.525000e+02  9.020996e+01  1.768615e+01
     vertex  1.525000e+02  9.020089e+01  1.765307e+01
     vertex  1.525000e+02  9.100000e+01  0.000000e+00
   endloop
 endfacet
 facet normal  1.000000e+00 -0.000000e+00  0.000000e+00
   outer loop
     vertex  1.525000e+02  8.930554e+01  1.678792e+01
     vertex  1.525000e+02  8.700000e+01  3.000000e+00
     vertex  1.525000e+02  8.933868e+01  1.679676e+01
   endloop
 endfacet
 facet normal  1.000000e+00  0.000000e+00  0.000000e+00
   outer loop
     vertex  1.525000e+02  9.021811e+01  1.771946e+01
     vertex  1.525000e+02  9.020996e+01  1.768615e+01
     vertex  1.525000e+02  9.100000e+01  0.000000e+00
   endloop
 endfacet
 facet normal  1.000000e+00 -0.000000e+00  0.000000e+00
   outer loop
     vertex  1.525000e+02  8.927218e+01  1.677999e+01
     vertex  1.525000e+02  8.700000e+01  3.000000e+00
     vertex  1.525000e+02  8.930554e+01  1.678792e+01
   endloop
 endfacet
 facet normal  1.000000e+00  0.000000e+00  0.000000e+00
   outer loop
     vertex  1.525000e+02  9.022535e+01  1.775298e+01
     vertex  1.525000e+02  9.021811e+01  1.771946e+01
     vertex  1.525000e+02  9.100000e+01  0.000000e+00
   endloop
 endfacet
 facet normal  1.000000e+00 -0.000000e+00  0.000000e+00
   outer loop
     vertex  1.525000e+02  8.923860e+01  1.677298e+01
     vertex  1.525000e+02  8.700000e+01  3.000000e+00
     vertex  1.525000e+02  8.927218e+01  1.677999e+01
   endloop
 endfacet
 facet normal  1.000000e+00  0.000000e+00  0.000000e+00
   outer loop
     vertex  1.525000e+02  9.023167e+01  1.778669e+01
     vertex  1.525000e+02  9.022535e+01  1.775298e+01
     vertex  1.525000e+02  9.100000e+01  0.000000e+00
   endloop
 endfacet
 facet normal  1.000000e+00 -0.000000e+00  0.000000e+00
   outer loop
     vertex  1.525000e+02  8.920485e+01  1.676690e+01
     vertex  1.525000e+02  8.700000e+01  3.000000e+00
     vertex  1.525000e+02  8.923860e+01  1.677298e+01
   endloop
 endfacet
 facet normal  1.000000e+00  0.000000e+00  0.000000e+00
   outer loop
     vertex  1.525000e+02  9.023705e+01  1.782056e+01
     vertex  1.525000e+02  9.023167e+01  1.778669e+01
     vertex  1.525000e+02  9.100000e+01  0.000000e+00
   endloop
 endfacet
 facet normal  1.000000e+00 -0.000000e+00  0.000000e+00
   outer loop
     vertex  1.525000e+02  8.917095e+01  1.676174e+01
     vertex  1.525000e+02  8.700000e+01  3.000000e+00
     vertex  1.525000e+02  8.920485e+01  1.676690e+01
   endloop
 endfacet
 facet normal  1.000000e+00  0.000000e+00  0.000000e+00
   outer loop
     vertex  1.525000e+02  9.024151e+01  1.785457e+01
     vertex  1.525000e+02  9.023705e+01  1.782056e+01
     vertex  1.525000e+02  9.100000e+01  0.000000e+00
   endloop
 endfacet
 facet normal  1.000000e+00 -0.000000e+00  0.000000e+00
   outer loop
     vertex  1.525000e+02  8.913691e+01  1.675752e+01
     vertex  1.525000e+02  8.700000e+01  3.000000e+00
     vertex  1.525000e+02  8.917095e+01  1.676174e+01
   endloop
 endfacet
 facet normal  1.000000e+00  0.000000e+00  0.000000e+00
   outer loop
     vertex  1.525000e+02  9.024503e+01  1.788868e+01
     vertex  1.525000e+02  9.024151e+01  1.785457e+01
     vertex  1.525000e+02  9.100000e+01  0.000000e+00
   endloop
 endfacet
 facet normal  1.000000e+00 -0.000000e+00  0.000000e+00
   outer loop
     vertex  1.525000e+02  8.910277e+01  1.675423e+01
     vertex  1.525000e+02  8.700000e+01  3.000000e+00
     vertex  1.525000e+02  8.913691e+01  1.675752e+01
   endloop
 endfacet
 facet normal  1.000000e+00  0.000000e+00  0.000000e+00
   outer loop
     vertex  1.525000e+02  9.024762e+01  1.792288e+01
     vertex  1.525000e+02  9.024503e+01  1.788868e+01
     vertex  1.525000e+02  9.100000e+01  0.000000e+00
   endloop
 endfacet
 facet normal  1.000000e+00 -0.000000e+00  0.000000e+00
   outer loop
     vertex  1.525000e+02  8.906856e+01  1.675188e+01
     vertex  1.525000e+02  8.700000e+01  3.000000e+00
     vertex  1.525000e+02  8.910277e+01  1.675423e+01
   endloop
 endfacet
 facet normal  1.000000e+00  0.000000e+00  0.000000e+00
   outer loop
     vertex  1.525000e+02  9.024926e+01  1.795714e+01
     vertex  1.525000e+02  9.024762e+01  1.792288e+01
     vertex  1.525000e+02  9.100000e+01  0.000000e+00
   endloop
 endfacet
 facet normal  1.000000e+00 -0.000000e+00  0.000000e+00
   outer loop
     vertex  1.525000e+02  8.903429e+01  1.675047e+01
     vertex  1.525000e+02  8.700000e+01  3.000000e+00
     vertex  1.525000e+02  8.906856e+01  1.675188e+01
   endloop
 endfacet
 facet normal  1.000000e+00  0.000000e+00  0.000000e+00
   outer loop
     vertex  1.525000e+02  9.024997e+01  1.799143e+01
     vertex  1.525000e+02  9.024926e+01  1.795714e+01
     vertex  1.525000e+02  9.100000e+01  0.000000e+00
   endloop
 endfacet
 facet normal  1.000000e+00 -0.000000e+00  0.000000e+00
   outer loop
     vertex  1.525000e+02  8.900000e+01  1.675000e+01
     vertex  1.525000e+02  8.700000e+01  3.000000e+00
     vertex  1.525000e+02  8.903429e+01  1.675047e+01
   endloop
 endfacet
 facet normal  1.000000e+00  0.000000e+00  0.000000e+00
   outer loop
     vertex  1.525000e+02  8.896571e+01  1.675047e+01
     vertex  1.525000e+02  8.700000e+01  3.000000e+00
     vertex  1.525000e+02  8.900000e+01  1.675000e+01
   endloop
 endfacet
 facet normal  1.000000e+00  0.000000e+00  0.000000e+00
   outer loop
     vertex  1.525000e+02  8.893144e+01  1.675188e+01
     vertex  1.525000e+02  8.700000e+01  3.000000e+00
     vertex  1.525000e+02  8.896571e+01  1.675047e+01
   endloop
 endfacet
 facet normal  1.000000e+00  0.000000e+00  0.000000e+00
   outer loop
     vertex  1.525000e+02  8.889723e+01  1.675423e+01
     vertex  1.525000e+02  8.700000e+01  3.000000e+00
     vertex  1.525000e+02  8.893144e+01  1.675188e+01
   endloop
 endfacet
 facet normal  1.000000e+00  0.000000e+00  0.000000e+00
   outer loop
     vertex  1.525000e+02  8.886309e+01  1.675752e+01
     vertex  1.525000e+02  8.700000e+01  3.000000e+00
     vertex  1.525000e+02  8.889723e+01  1.675423e+01
   endloop
 endfacet
 facet normal  1.000000e+00  0.000000e+00  0.000000e+00
   outer loop
     vertex  1.525000e+02  8.882905e+01  1.676174e+01
     vertex  1.525000e+02  8.700000e+01  3.000000e+00
     vertex  1.525000e+02  8.886309e+01  1.675752e+01
   endloop
 endfacet
 facet normal  1.000000e+00  0.000000e+00  0.000000e+00
   outer loop
     vertex  1.525000e+02  8.879515e+01  1.676690e+01
     vertex  1.525000e+02  8.700000e+01  3.000000e+00
     vertex  1.525000e+02  8.882905e+01  1.676174e+01
   endloop
 endfacet
 facet normal  1.000000e+00  0.000000e+00  0.000000e+00
   outer loop
     vertex  1.525000e+02  8.876140e+01  1.677298e+01
     vertex  1.525000e+02  8.700000e+01  3.000000e+00
     vertex  1.525000e+02  8.879515e+01  1.676690e+01
   endloop
 endfacet
 facet normal  1.000000e+00  0.000000e+00  0.000000e+00
   outer loop
     vertex  1.525000e+02  8.872782e+01  1.677999e+01
     vertex  1.525000e+02  8.700000e+01  3.000000e+00
     vertex  1.525000e+02  8.876140e+01  1.677298e+01
   endloop
 endfacet
 facet normal  1.000000e+00  0.000000e+00  0.000000e+00
   outer loop
     vertex  1.525000e+02  8.869446e+01  1.678792e+01
     vertex  1.525000e+02  8.700000e+01  3.000000e+00
     vertex  1.525000e+02  8.872782e+01  1.677999e+01
   endloop
 endfacet
 facet normal  1.000000e+00  0.000000e+00  0.000000e+00
   outer loop
     vertex  1.525000e+02  8.866132e+01  1.679676e+01
     vertex  1.525000e+02  8.700000e+01  3.000000e+00
     vertex  1.525000e+02  8.869446e+01  1.678792e+01
   endloop
 endfacet
 facet normal  1.000000e+00  0.000000e+00  0.000000e+00
   outer loop
     vertex  1.525000e+02  8.862844e+01  1.680650e+01
     vertex  1.525000e+02  8.700000e+01  3.000000e+00
     vertex  1.525000e+02  8.866132e+01  1.679676e+01
   endloop
 endfacet
 facet normal  1.000000e+00  0.000000e+00  0.000000e+00
   outer loop
     vertex  1.525000e+02  8.859583e+01  1.681714e+01
     vertex  1.525000e+02  8.700000e+01  3.000000e+00
     vertex  1.525000e+02  8.862844e+01  1.680650e+01
   endloop
 endfacet
 facet normal  1.000000e+00  0.000000e+00  0.000000e+00
   outer loop
     vertex  1.525000e+02  8.856353e+01  1.682868e+01
     vertex  1.525000e+02  8.700000e+01  3.000000e+00
     vertex  1.525000e+02  8.859583e+01  1.681714e+01
   endloop
 endfacet
 facet normal  1.000000e+00  0.000000e+00  0.000000e+00
   outer loop
     vertex  1.525000e+02  8.853157e+01  1.684109e+01
     vertex  1.525000e+02  8.700000e+01  3.000000e+00
     vertex  1.525000e+02  8.856353e+01  1.682868e+01
   endloop
 endfacet
 facet normal  1.000000e+00  0.000000e+00  0.000000e+00
   outer loop
     vertex  1.525000e+02  8.849995e+01  1.685438e+01
     vertex  1.525000e+02  8.700000e+01  3.000000e+00
     vertex  1.525000e+02  8.853157e+01  1.684109e+01
   endloop
 endfacet
 facet normal  1.000000e+00  0.000000e+00  0.000000e+00
   outer loop
     vertex  1.525000e+02  8.846871e+01  1.686853e+01
     vertex  1.525000e+02  8.700000e+01  3.000000e+00
     vertex  1.525000e+02  8.849995e+01  1.685438e+01
   endloop
 endfacet
 facet normal  1.000000e+00  0.000000e+00  0.000000e+00
   outer loop
     vertex  1.525000e+02  8.843787e+01  1.688353e+01
     vertex  1.525000e+02  8.700000e+01  3.000000e+00
     vertex  1.525000e+02  8.846871e+01  1.686853e+01
   endloop
 endfacet
 facet normal  1.000000e+00  0.000000e+00  0.000000e+00
   outer loop
     vertex  1.525000e+02  8.840745e+01  1.689937e+01
     vertex  1.525000e+02  8.700000e+01  3.000000e+00
     vertex  1.525000e+02  8.843787e+01  1.688353e+01
   endloop
 endfacet
 facet normal  1.000000e+00  0.000000e+00  0.000000e+00
   outer loop
     vertex  1.525000e+02  8.837748e+01  1.691604e+01
     vertex  1.525000e+02  8.700000e+01  3.000000e+00
     vertex  1.525000e+02  8.840745e+01  1.689937e+01
   endloop
 endfacet
 facet normal  1.000000e+00  0.000000e+00  0.000000e+00
   outer loop
     vertex  1.525000e+02  8.834797e+01  1.693353e+01
     vertex  1.525000e+02  8.700000e+01  3.000000e+00
     vertex  1.525000e+02  8.837748e+01  1.691604e+01
   endloop
 endfacet
 facet normal  1.000000e+00  0.000000e+00  0.000000e+00
   outer loop
     vertex  1.525000e+02  8.831896e+01  1.695182e+01
     vertex  1.525000e+02  8.700000e+01  3.000000e+00
     vertex  1.525000e+02  8.834797e+01  1.693353e+01
   endloop
 endfacet
 facet normal  1.000000e+00  0.000000e+00  0.000000e+00
   outer loop
     vertex  1.525000e+02  8.829046e+01  1.697090e+01
     vertex  1.525000e+02  8.700000e+01  3.000000e+00
     vertex  1.525000e+02  8.831896e+01  1.695182e+01
   endloop
 endfacet
 facet normal  1.000000e+00  0.000000e+00  0.000000e+00
   outer loop
     vertex  1.525000e+02  8.826250e+01  1.699075e+01
     vertex  1.525000e+02  8.700000e+01  3.000000e+00
     vertex  1.525000e+02  8.829046e+01  1.697090e+01
   endloop
 endfacet
 facet normal  1.000000e+00  0.000000e+00  0.000000e+00
   outer loop
     vertex  1.525000e+02  8.823509e+01  1.701136e+01
     vertex  1.525000e+02  8.700000e+01  3.000000e+00
     vertex  1.525000e+02  8.826250e+01  1.699075e+01
   endloop
 endfacet
 facet normal  1.000000e+00  0.000000e+00  0.000000e+00
   outer loop
     vertex  1.525000e+02  8.820825e+01  1.703272e+01
     vertex  1.525000e+02  8.700000e+01  3.000000e+00
     vertex  1.525000e+02  8.823509e+01  1.701136e+01
   endloop
 endfacet
 facet normal  1.000000e+00  0.000000e+00  0.000000e+00
   outer loop
     vertex  1.525000e+02  8.818201e+01  1.705480e+01
     vertex  1.525000e+02  8.700000e+01  3.000000e+00
     vertex  1.525000e+02  8.820825e+01  1.703272e+01
   endloop
 endfacet
 facet normal  1.000000e+00  0.000000e+00  0.000000e+00
   outer loop
     vertex  1.525000e+02  8.815639e+01  1.707760e+01
     vertex  1.525000e+02  8.700000e+01  3.000000e+00
     vertex  1.525000e+02  8.818201e+01  1.705480e+01
   endloop
 endfacet
 facet normal  1.000000e+00  0.000000e+00  0.000000e+00
   outer loop
     vertex  1.525000e+02  8.813140e+01  1.710109e+01
     vertex  1.525000e+02  8.700000e+01  3.000000e+00
     vertex  1.525000e+02  8.815639e+01  1.707760e+01
   endloop
 endfacet
 facet normal  1.000000e+00  0.000000e+00  0.000000e+00
   outer loop
     vertex  1.525000e+02  8.810707e+01  1.712526e+01
     vertex  1.525000e+02  8.700000e+01  3.000000e+00
     vertex  1.525000e+02  8.813140e+01  1.710109e+01
   endloop
 endfacet
 facet normal  1.000000e+00  0.000000e+00  0.000000e+00
   outer loop
     vertex  1.525000e+02  8.808341e+01  1.715008e+01
     vertex  1.525000e+02  8.700000e+01  3.000000e+00
     vertex  1.525000e+02  8.810707e+01  1.712526e+01
   endloop
 endfacet
 facet normal  1.000000e+00  0.000000e+00  0.000000e+00
   outer loop
     vertex  1.525000e+02  8.806044e+01  1.717555e+01
     vertex  1.525000e+02  8.700000e+01  3.000000e+00
     vertex  1.525000e+02  8.808341e+01  1.715008e+01
   endloop
 endfacet
 facet normal  1.000000e+00  0.000000e+00  0.000000e+00
   outer loop
     vertex  1.525000e+02  8.803817e+01  1.720164e+01
     vertex  1.525000e+02  8.700000e+01  3.000000e+00
     vertex  1.525000e+02  8.806044e+01  1.717555e+01
   endloop
 endfacet
 facet normal  1.000000e+00  0.000000e+00  0.000000e+00
   outer loop
     vertex  1.525000e+02  8.801663e+01  1.722832e+01
     vertex  1.525000e+02  8.700000e+01  3.000000e+00
     vertex  1.525000e+02  8.803817e+01  1.720164e+01
   endloop
 endfacet
 facet normal  1.000000e+00  0.000000e+00  0.000000e+00
   outer loop
     vertex  1.525000e+02  8.799583e+01  1.725559e+01
     vertex  1.525000e+02  8.700000e+01  3.000000e+00
     vertex  1.525000e+02  8.801663e+01  1.722832e+01
   endloop
 endfacet
 facet normal  1.000000e+00  0.000000e+00  0.000000e+00
   outer loop
     vertex  1.525000e+02  8.797579e+01  1.728342e+01
     vertex  1.525000e+02  8.700000e+01  3.000000e+00
     vertex  1.525000e+02  8.799583e+01  1.725559e+01
   endloop
 endfacet
 facet normal  1.000000e+00  0.000000e+00  0.000000e+00
   outer loop
     vertex  1.525000e+02  8.795651e+01  1.731179e+01
     vertex  1.525000e+02  8.700000e+01  3.000000e+00
     vertex  1.525000e+02  8.797579e+01  1.728342e+01
   endloop
 endfacet
 facet normal  1.000000e+00  0.000000e+00  0.000000e+00
   outer loop
     vertex  1.525000e+02  8.793803e+01  1.734067e+01
     vertex  1.525000e+02  8.700000e+01  3.000000e+00
     vertex  1.525000e+02  8.795651e+01  1.731179e+01
   endloop
 endfacet
 facet normal  1.000000e+00  0.000000e+00  0.000000e+00
   outer loop
     vertex  1.525000e+02  8.792034e+01  1.737006e+01
     vertex  1.525000e+02  8.700000e+01  3.000000e+00
     vertex  1.525000e+02  8.793803e+01  1.734067e+01
   endloop
 endfacet
 facet normal  1.000000e+00  0.000000e+00  0.000000e+00
   outer loop
     vertex  1.525000e+02  8.790346e+01  1.739991e+01
     vertex  1.525000e+02  8.700000e+01  3.000000e+00
     vertex  1.525000e+02  8.792034e+01  1.737006e+01
   endloop
 endfacet
 facet normal  1.000000e+00  0.000000e+00  0.000000e+00
   outer loop
     vertex  1.525000e+02  8.788741e+01  1.743022e+01
     vertex  1.525000e+02  8.700000e+01  3.000000e+00
     vertex  1.525000e+02  8.790346e+01  1.739991e+01
   endloop
 endfacet
 facet normal  1.000000e+00  0.000000e+00  0.000000e+00
   outer loop
     vertex  1.525000e+02  8.787220e+01  1.746096e+01
     vertex  1.525000e+02  8.700000e+01  3.000000e+00
     vertex  1.525000e+02  8.788741e+01  1.743022e+01
   endloop
 endfacet
 facet normal  1.000000e+00  0.000000e+00  0.000000e+00
   outer loop
     vertex  1.525000e+02  8.785784e+01  1.749210e+01
     vertex  1.525000e+02  8.700000e+01  3.000000e+00
     vertex  1.525000e+02  8.787220e+01  1.746096e+01
   endloop
 endfacet
 facet normal  1.000000e+00  0.000000e+00  0.000000e+00
   outer loop
     vertex  1.525000e+02  8.784433e+01  1.752363e+01
     vertex  1.525000e+02  8.700000e+01  3.000000e+00
     vertex  1.525000e+02  8.785784e+01  1.749210e+01
   endloop
 endfacet
 facet normal  1.000000e+00  0.000000e+00  0.000000e+00
   outer loop
     vertex  1.525000e+02  8.783170e+01  1.755551e+01
     vertex  1.525000e+02  8.700000e+01  3.000000e+00
     vertex  1.525000e+02  8.784433e+01  1.752363e+01
   endloop
 endfacet
 facet normal  1.000000e+00  0.000000e+00  0.000000e+00
   outer loop
     vertex  1.525000e+02  8.781994e+01  1.758773e+01
     vertex  1.525000e+02  8.700000e+01  3.000000e+00
     vertex  1.525000e+02  8.783170e+01  1.755551e+01
   endloop
 endfacet
 facet normal  1.000000e+00  0.000000e+00  0.000000e+00
   outer loop
     vertex  1.525000e+02  8.780908e+01  1.762026e+01
     vertex  1.525000e+02  8.700000e+01  3.000000e+00
     vertex  1.525000e+02  8.781994e+01  1.758773e+01
   endloop
 endfacet
 facet normal  1.000000e+00  0.000000e+00  0.000000e+00
   outer loop
     vertex  1.525000e+02  8.779911e+01  1.765307e+01
     vertex  1.525000e+02  8.700000e+01  3.000000e+00
     vertex  1.525000e+02  8.780908e+01  1.762026e+01
   endloop
 endfacet
 facet normal  1.000000e+00  0.000000e+00  0.000000e+00
   outer loop
     vertex  1.525000e+02  8.779004e+01  1.768615e+01
     vertex  1.525000e+02  8.700000e+01  3.000000e+00
     vertex  1.525000e+02  8.779911e+01  1.765307e+01
   endloop
 endfacet
 facet normal  1.000000e+00  0.000000e+00  0.000000e+00
   outer loop
     vertex  1.525000e+02  8.778189e+01  1.771946e+01
     vertex  1.525000e+02  8.700000e+01  3.000000e+00
     vertex  1.525000e+02  8.779004e+01  1.768615e+01
   endloop
 endfacet
 facet normal  1.000000e+00  0.000000e+00  0.000000e+00
   outer loop
     vertex  1.525000e+02  8.777465e+01  1.775298e+01
     vertex  1.525000e+02  8.700000e+01  3.000000e+00
     vertex  1.525000e+02  8.778189e+01  1.771946e+01
   endloop
 endfacet
 facet normal  1.000000e+00  0.000000e+00  0.000000e+00
   outer loop
     vertex  1.525000e+02  8.776833e+01  1.778669e+01
     vertex  1.525000e+02  8.700000e+01  3.000000e+00
     vertex  1.525000e+02  8.777465e+01  1.775298e+01
   endloop
 endfacet
 facet normal  1.000000e+00  0.000000e+00  0.000000e+00
   outer loop
     vertex  1.525000e+02  8.776295e+01  1.782056e+01
     vertex  1.525000e+02  8.700000e+01  3.000000e+00
     vertex  1.525000e+02  8.776833e+01  1.778669e+01
   endloop
 endfacet
 facet normal  1.000000e+00  0.000000e+00  0.000000e+00
   outer loop
     vertex  1.525000e+02  8.775849e+01  1.785457e+01
     vertex  1.525000e+02  8.700000e+01  3.000000e+00
     vertex  1.525000e+02  8.776295e+01  1.782056e+01
   endloop
 endfacet
 facet normal  1.000000e+00  0.000000e+00  0.000000e+00
   outer loop
     vertex  1.525000e+02  9.100000e+01  3.600000e+01
     vertex  1.525000e+02  8.901715e+01  1.924988e+01
     vertex  1.525000e+02  8.905143e+01  1.924894e+01
   endloop
 endfacet
 facet normal  1.000000e+00  0.000000e+00  0.000000e+00
   outer loop
     vertex  1.525000e+02  9.100000e+01  3.600000e+01
     vertex  1.525000e+02  8.905143e+01  1.924894e+01
     vertex  1.525000e+02  8.908567e+01  1.924706e+01
   endloop
 endfacet
 facet normal  1.000000e+00  0.000000e+00  0.000000e+00
   outer loop
     vertex  1.525000e+02  9.100000e+01  3.600000e+01
     vertex  1.525000e+02  8.908567e+01  1.924706e+01
     vertex  1.525000e+02  8.911985e+01  1.924424e+01
   endloop
 endfacet
 facet normal  1.000000e+00  0.000000e+00  0.000000e+00
   outer loop
     vertex  1.525000e+02  9.100000e+01  3.600000e+01
     vertex  1.525000e+02  8.911985e+01  1.924424e+01
     vertex  1.525000e+02  8.915394e+01  1.924048e+01
   endloop
 endfacet
 facet normal  1.000000e+00  0.000000e+00  0.000000e+00
   outer loop
     vertex  1.525000e+02  9.100000e+01  3.600000e+01
     vertex  1.525000e+02  8.915394e+01  1.924048e+01
     vertex  1.525000e+02  8.918792e+01  1.923579e+01
   endloop
 endfacet
 facet normal  1.000000e+00  0.000000e+00  0.000000e+00
   outer loop
     vertex  1.525000e+02  9.100000e+01  3.600000e+01
     vertex  1.525000e+02  8.918792e+01  1.923579e+01
     vertex  1.525000e+02  8.922175e+01  1.923017e+01
   endloop
 endfacet
 facet normal  1.000000e+00  0.000000e+00  0.000000e+00
   outer loop
     vertex  1.525000e+02  9.100000e+01  3.600000e+01
     vertex  1.525000e+02  8.922175e+01  1.923017e+01
     vertex  1.525000e+02  8.925541e+01  1.922363e+01
   endloop
 endfacet
 facet normal  1.000000e+00  0.000000e+00  0.000000e+00
   outer loop
     vertex  1.525000e+02  9.100000e+01  3.600000e+01
     vertex  1.525000e+02  8.925541e+01  1.922363e+01
     vertex  1.525000e+02  8.928889e+01  1.921616e+01
   endloop
 endfacet
 facet normal  1.000000e+00  0.000000e+00  0.000000e+00
   outer loop
     vertex  1.525000e+02  9.100000e+01  3.600000e+01
     vertex  1.525000e+02  8.928889e+01  1.921616e+01
     vertex  1.525000e+02  8.932214e+01  1.920778e+01
   endloop
 endfacet
 facet normal  1.000000e+00  0.000000e+00  0.000000e+00
   outer loop
     vertex  1.525000e+02  9.100000e+01  3.600000e+01
     vertex  1.525000e+02  8.932214e+01  1.920778e+01
     vertex  1.525000e+02  8.935516e+01  1.919848e+01
   endloop
 endfacet
 facet normal  1.000000e+00  0.000000e+00  0.000000e+00
   outer loop
     vertex  1.525000e+02  9.100000e+01  3.600000e+01
     vertex  1.525000e+02  8.935516e+01  1.919848e+01
     vertex  1.525000e+02  8.938790e+01  1.918829e+01
   endloop
 endfacet
 facet normal  1.000000e+00  0.000000e+00  0.000000e+00
   outer loop
     vertex  1.525000e+02  9.100000e+01  3.600000e+01
     vertex  1.525000e+02  8.938790e+01  1.918829e+01
     vertex  1.525000e+02  8.942036e+01  1.917720e+01
   endloop
 endfacet
 facet normal  1.000000e+00  0.000000e+00  0.000000e+00
   outer loop
     vertex  1.525000e+02  9.100000e+01  3.600000e+01
     vertex  1.525000e+02  8.942036e+01  1.917720e+01
     vertex  1.525000e+02  8.945249e+01  1.916523e+01
   endloop
 endfacet
 facet normal  1.000000e+00  0.000000e+00  0.000000e+00
   outer loop
     vertex  1.525000e+02  9.100000e+01  3.600000e+01
     vertex  1.525000e+02  8.945249e+01  1.916523e+01
     vertex  1.525000e+02  8.948429e+01  1.915237e+01
   endloop
 endfacet
 facet normal  1.000000e+00  0.000000e+00  0.000000e+00
   outer loop
     vertex  1.525000e+02  9.100000e+01  3.600000e+01
     vertex  1.525000e+02  8.948429e+01  1.915237e+01
     vertex  1.525000e+02  8.951572e+01  1.913865e+01
   endloop
 endfacet
 facet normal  1.000000e+00  0.000000e+00  0.000000e+00
   outer loop
     vertex  1.525000e+02  9.100000e+01  3.600000e+01
     vertex  1.525000e+02  8.951572e+01  1.913865e+01
     vertex  1.525000e+02  8.954676e+01  1.912408e+01
   endloop
 endfacet
 facet normal  1.000000e+00  0.000000e+00  0.000000e+00
   outer loop
     vertex  1.525000e+02  9.100000e+01  3.600000e+01
     vertex  1.525000e+02  8.954676e+01  1.912408e+01
     vertex  1.525000e+02  8.957740e+01  1.910865e+01
   endloop
 endfacet
 facet normal  1.000000e+00  0.000000e+00  0.000000e+00
   outer loop
     vertex  1.525000e+02  9.100000e+01  3.600000e+01
     vertex  1.525000e+02  8.957740e+01  1.910865e+01
     vertex  1.525000e+02  8.960759e+01  1.909240e+01
   endloop
 endfacet
 facet normal  1.000000e+00  0.000000e+00  0.000000e+00
   outer loop
     vertex  1.525000e+02  9.100000e+01  3.600000e+01
     vertex  1.525000e+02  8.960759e+01  1.909240e+01
     vertex  1.525000e+02  8.963733e+01  1.907532e+01
   endloop
 endfacet
 facet normal  1.000000e+00  0.000000e+00  0.000000e+00
   outer loop
     vertex  1.525000e+02  9.100000e+01  3.600000e+01
     vertex  1.525000e+02  8.963733e+01  1.907532e+01
     vertex  1.525000e+02  8.966660e+01  1.905743e+01
   endloop
 endfacet
 facet normal  1.000000e+00  0.000000e+00  0.000000e+00
   outer loop
     vertex  1.525000e+02  9.100000e+01  3.600000e+01
     vertex  1.525000e+02  8.966660e+01  1.905743e+01
     vertex  1.525000e+02  8.969535e+01  1.903874e+01
   endloop
 endfacet
 facet normal  1.000000e+00  0.000000e+00  0.000000e+00
   outer loop
     vertex  1.525000e+02  9.100000e+01  3.600000e+01
     vertex  1.525000e+02  8.969535e+01  1.903874e+01
     vertex  1.525000e+02  8.972359e+01  1.901927e+01
   endloop
 endfacet
 facet normal  1.000000e+00  0.000000e+00  0.000000e+00
   outer loop
     vertex  1.525000e+02  9.100000e+01  3.600000e+01
     vertex  1.525000e+02  8.972359e+01  1.901927e+01
     vertex  1.525000e+02  8.975128e+01  1.899904e+01
   endloop
 endfacet
 facet normal  1.000000e+00  0.000000e+00  0.000000e+00
   outer loop
     vertex  1.525000e+02  9.100000e+01  3.600000e+01
     vertex  1.525000e+02  8.975128e+01  1.899904e+01
     vertex  1.525000e+02  8.977840e+01  1.897805e+01
   endloop
 endfacet
 facet normal  1.000000e+00  0.000000e+00  0.000000e+00
   outer loop
     vertex  1.525000e+02  9.100000e+01  3.600000e+01
     vertex  1.525000e+02  8.977840e+01  1.897805e+01
     vertex  1.525000e+02  8.980494e+01  1.895633e+01
   endloop
 endfacet
 facet normal  1.000000e+00  0.000000e+00  0.000000e+00
   outer loop
     vertex  1.525000e+02  9.100000e+01  3.600000e+01
     vertex  1.525000e+02  8.980494e+01  1.895633e+01
     vertex  1.525000e+02  8.983088e+01  1.893389e+01
   endloop
 endfacet
 facet normal  1.000000e+00  0.000000e+00  0.000000e+00
   outer loop
     vertex  1.525000e+02  9.100000e+01  3.600000e+01
     vertex  1.525000e+02  8.983088e+01  1.893389e+01
     vertex  1.525000e+02  8.985618e+01  1.891074e+01
   endloop
 endfacet
 facet normal  1.000000e+00  0.000000e+00  0.000000e+00
   outer loop
     vertex  1.525000e+02  9.100000e+01  3.600000e+01
     vertex  1.525000e+02  8.985618e+01  1.891074e+01
     vertex  1.525000e+02  8.988085e+01  1.888691e+01
   endloop
 endfacet
 facet normal  1.000000e+00  0.000000e+00  0.000000e+00
   outer loop
     vertex  1.525000e+02  9.100000e+01  3.600000e+01
     vertex  1.525000e+02  8.988085e+01  1.888691e+01
     vertex  1.525000e+02  8.990485e+01  1.886241e+01
   endloop
 endfacet
 facet normal  1.000000e+00  0.000000e+00  0.000000e+00
   outer loop
     vertex  1.525000e+02  9.100000e+01  3.600000e+01
     vertex  1.525000e+02  8.990485e+01  1.886241e+01
     vertex  1.525000e+02  8.992817e+01  1.883726e+01
   endloop
 endfacet
 facet normal  1.000000e+00  0.000000e+00  0.000000e+00
   outer loop
     vertex  1.525000e+02  9.100000e+01  3.600000e+01
     vertex  1.525000e+02  8.992817e+01  1.883726e+01
     vertex  1.525000e+02  8.995079e+01  1.881148e+01
   endloop
 endfacet
 facet normal  1.000000e+00  0.000000e+00  0.000000e+00
   outer loop
     vertex  1.525000e+02  9.100000e+01  3.600000e+01
     vertex  1.525000e+02  8.995079e+01  1.881148e+01
     vertex  1.525000e+02  8.997269e+01  1.878509e+01
   endloop
 endfacet
 facet normal  1.000000e+00  0.000000e+00  0.000000e+00
   outer loop
     vertex  1.525000e+02  9.100000e+01  3.600000e+01
     vertex  1.525000e+02  8.997269e+01  1.878509e+01
     vertex  1.525000e+02  8.999386e+01  1.875811e+01
   endloop
 endfacet
 facet normal  1.000000e+00  0.000000e+00  0.000000e+00
   outer loop
     vertex  1.525000e+02  9.100000e+01  3.600000e+01
     vertex  1.525000e+02  8.999386e+01  1.875811e+01
     vertex  1.525000e+02  9.001429e+01  1.873056e+01
   endloop
 endfacet
 facet normal  1.000000e+00  0.000000e+00  0.000000e+00
   outer loop
     vertex  1.525000e+02  9.100000e+01  3.600000e+01
     vertex  1.525000e+02  9.001429e+01  1.873056e+01
     vertex  1.525000e+02  9.003395e+01  1.870246e+01
   endloop
 endfacet
 facet normal  1.000000e+00  0.000000e+00  0.000000e+00
   outer loop
     vertex  1.525000e+02  9.100000e+01  3.600000e+01
     vertex  1.525000e+02  9.003395e+01  1.870246e+01
     vertex  1.525000e+02  9.005283e+01  1.867383e+01
   endloop
 endfacet
 facet normal  1.000000e+00  0.000000e+00  0.000000e+00
   outer loop
     vertex  1.525000e+02  9.100000e+01  3.600000e+01
     vertex  1.525000e+02  9.005283e+01  1.867383e+01
     vertex  1.525000e+02  9.007092e+01  1.864470e+01
   endloop
 endfacet
 facet normal  1.000000e+00  0.000000e+00  0.000000e+00
   outer loop
     vertex  1.525000e+02  9.100000e+01  3.600000e+01
     vertex  1.525000e+02  9.007092e+01  1.864470e+01
     vertex  1.525000e+02  9.008820e+01  1.861507e+01
   endloop
 endfacet
 facet normal  1.000000e+00  0.000000e+00  0.000000e+00
   outer loop
     vertex  1.525000e+02  9.100000e+01  3.600000e+01
     vertex  1.525000e+02  9.008820e+01  1.861507e+01
     vertex  1.525000e+02  9.010467e+01  1.858499e+01
   endloop
 endfacet
 facet normal  1.000000e+00  0.000000e+00  0.000000e+00
   outer loop
     vertex  1.525000e+02  9.100000e+01  3.600000e+01
     vertex  1.525000e+02  9.010467e+01  1.858499e+01
     vertex  1.525000e+02  9.012030e+01  1.855446e+01
   endloop
 endfacet
 facet normal  1.000000e+00  0.000000e+00  0.000000e+00
   outer loop
     vertex  1.525000e+02  9.100000e+01  3.600000e+01
     vertex  1.525000e+02  9.012030e+01  1.855446e+01
     vertex  1.525000e+02  9.013509e+01  1.852352e+01
   endloop
 endfacet
 facet normal  1.000000e+00  0.000000e+00  0.000000e+00
   outer loop
     vertex  1.525000e+02  9.100000e+01  3.600000e+01
     vertex  1.525000e+02  9.013509e+01  1.852352e+01
     vertex  1.525000e+02  9.014902e+01  1.849218e+01
   endloop
 endfacet
 facet normal  1.000000e+00  0.000000e+00  0.000000e+00
   outer loop
     vertex  1.525000e+02  9.100000e+01  3.600000e+01
     vertex  1.525000e+02  9.014902e+01  1.849218e+01
     vertex  1.525000e+02  9.016209e+01  1.846047e+01
   endloop
 endfacet
 facet normal  1.000000e+00  0.000000e+00  0.000000e+00
   outer loop
     vertex  1.525000e+02  9.100000e+01  3.600000e+01
     vertex  1.525000e+02  9.016209e+01  1.846047e+01
     vertex  1.525000e+02  9.017429e+01  1.842842e+01
   endloop
 endfacet
 facet normal  1.000000e+00  0.000000e+00  0.000000e+00
   outer loop
     vertex  1.525000e+02  9.100000e+01  3.600000e+01
     vertex  1.525000e+02  9.017429e+01  1.842842e+01
     vertex  1.525000e+02  9.018560e+01  1.839604e+01
   endloop
 endfacet
 facet normal  1.000000e+00  0.000000e+00  0.000000e+00
   outer loop
     vertex  1.525000e+02  9.100000e+01  3.600000e+01
     vertex  1.525000e+02  9.018560e+01  1.839604e+01
     vertex  1.525000e+02  9.019602e+01  1.836337e+01
   endloop
 endfacet
 facet normal  1.000000e+00  0.000000e+00  0.000000e+00
   outer loop
     vertex  1.525000e+02  9.100000e+01  3.600000e+01
     vertex  1.525000e+02  9.019602e+01  1.836337e+01
     vertex  1.525000e+02  9.020554e+01  1.833042e+01
   endloop
 endfacet
 facet normal  1.000000e+00  0.000000e+00  0.000000e+00
   outer loop
     vertex  1.525000e+02  9.100000e+01  3.600000e+01
     vertex  1.525000e+02  9.020554e+01  1.833042e+01
     vertex  1.525000e+02  9.021415e+01  1.829722e+01
   endloop
 endfacet
 facet normal  1.000000e+00  0.000000e+00  0.000000e+00
   outer loop
     vertex  1.525000e+02  9.100000e+01  3.600000e+01
     vertex  1.525000e+02  9.021415e+01  1.829722e+01
     vertex  1.525000e+02  9.022185e+01  1.826380e+01
   endloop
 endfacet
 facet normal  1.000000e+00  0.000000e+00  0.000000e+00
   outer loop
     vertex  1.525000e+02  9.100000e+01  3.600000e+01
     vertex  1.525000e+02  9.022185e+01  1.826380e+01
     vertex  1.525000e+02  9.022862e+01  1.823018e+01
   endloop
 endfacet
 facet normal  1.000000e+00  0.000000e+00  0.000000e+00
   outer loop
     vertex  1.525000e+02  9.100000e+01  3.600000e+01
     vertex  1.525000e+02  9.022862e+01  1.823018e+01
     vertex  1.525000e+02  9.023448e+01  1.819639e+01
   endloop
 endfacet
 facet normal  1.000000e+00  0.000000e+00  0.000000e+00
   outer loop
     vertex  1.525000e+02  9.100000e+01  3.600000e+01
     vertex  1.525000e+02  9.023448e+01  1.819639e+01
     vertex  1.525000e+02  9.023940e+01  1.816245e+01
   endloop
 endfacet
 facet normal  1.000000e+00  0.000000e+00  0.000000e+00
   outer loop
     vertex  1.525000e+02  9.100000e+01  3.600000e+01
     vertex  1.525000e+02  9.023940e+01  1.816245e+01
     vertex  1.525000e+02  9.024339e+01  1.812839e+01
   endloop
 endfacet
 facet normal  1.000000e+00  0.000000e+00  0.000000e+00
   outer loop
     vertex  1.525000e+02  9.100000e+01  3.600000e+01
     vertex  1.525000e+02  9.024339e+01  1.812839e+01
     vertex  1.525000e+02  9.024644e+01  1.809423e+01
   endloop
 endfacet
 facet normal  1.000000e+00  0.000000e+00  0.000000e+00
   outer loop
     vertex  1.525000e+02  9.100000e+01  3.600000e+01
     vertex  1.525000e+02  9.024644e+01  1.809423e+01
     vertex  1.525000e+02  9.024856e+01  1.806000e+01
   endloop
 endfacet
 facet normal  1.000000e+00  0.000000e+00  0.000000e+00
   outer loop
     vertex  1.525000e+02  9.100000e+01  3.600000e+01
     vertex  1.525000e+02  9.024856e+01  1.806000e+01
     vertex  1.525000e+02  9.024974e+01  1.802572e+01
   endloop
 endfacet
 facet normal  1.000000e+00  0.000000e+00  0.000000e+00
   outer loop
     vertex  1.525000e+02  9.100000e+01  3.600000e+01
     vertex  1.525000e+02  9.024974e+01  1.802572e+01
     vertex  1.525000e+02  9.024997e+01  1.799143e+01
   endloop
 endfacet
 facet normal  1.000000e+00  0.000000e+00  0.000000e+00
   outer loop
     vertex  1.525000e+02  9.100000e+01  3.600000e+01
     vertex  1.525000e+02  9.024997e+01  1.799143e+01
     vertex  1.525000e+02  9.100000e+01  0.000000e+00
   endloop
 endfacet
 facet normal  1.000000e+00  0.000000e+00  0.000000e+00
   outer loop
     vertex  1.525000e+02  8.700000e+01  3.600000e+01
     vertex  1.525000e+02  8.827641e+01  1.901927e+01
     vertex  1.525000e+02  8.830465e+01  1.903874e+01
   endloop
 endfacet
 facet normal  1.000000e+00  0.000000e+00  0.000000e+00
   outer loop
     vertex  1.525000e+02  8.700000e+01  3.600000e+01
     vertex  1.525000e+02  8.830465e+01  1.903874e+01
     vertex  1.525000e+02  8.833340e+01  1.905743e+01
   endloop
 endfacet
 facet normal  1.000000e+00  0.000000e+00  0.000000e+00
   outer loop
     vertex  1.525000e+02  8.700000e+01  3.600000e+01
     vertex  1.525000e+02  8.833340e+01  1.905743e+01
     vertex  1.525000e+02  8.836267e+01  1.907532e+01
   endloop
 endfacet
 facet normal  1.000000e+00  0.000000e+00  0.000000e+00
   outer loop
     vertex  1.525000e+02  8.700000e+01  3.600000e+01
     vertex  1.525000e+02  8.836267e+01  1.907532e+01
     vertex  1.525000e+02  8.839241e+01  1.909240e+01
   endloop
 endfacet
 facet normal  1.000000e+00  0.000000e+00  0.000000e+00
   outer loop
     vertex  1.525000e+02  8.700000e+01  3.600000e+01
     vertex  1.525000e+02  8.839241e+01  1.909240e+01
     vertex  1.525000e+02  8.842260e+01  1.910865e+01
   endloop
 endfacet
 facet normal  1.000000e+00  0.000000e+00  0.000000e+00
   outer loop
     vertex  1.525000e+02  8.700000e+01  3.600000e+01
     vertex  1.525000e+02  8.842260e+01  1.910865e+01
     vertex  1.525000e+02  8.845324e+01  1.912408e+01
   endloop
 endfacet
 facet normal  1.000000e+00  0.000000e+00  0.000000e+00
   outer loop
     vertex  1.525000e+02  8.700000e+01  3.600000e+01
     vertex  1.525000e+02  8.845324e+01  1.912408e+01
     vertex  1.525000e+02  8.848428e+01  1.913865e+01
   endloop
 endfacet
 facet normal  1.000000e+00  0.000000e+00  0.000000e+00
   outer loop
     vertex  1.525000e+02  8.700000e+01  3.600000e+01
     vertex  1.525000e+02  8.848428e+01  1.913865e+01
     vertex  1.525000e+02  8.851571e+01  1.915237e+01
   endloop
 endfacet
 facet normal  1.000000e+00  0.000000e+00  0.000000e+00
   outer loop
     vertex  1.525000e+02  8.700000e+01  3.600000e+01
     vertex  1.525000e+02  8.851571e+01  1.915237e+01
     vertex  1.525000e+02  8.854751e+01  1.916523e+01
   endloop
 endfacet
 facet normal  1.000000e+00  0.000000e+00  0.000000e+00
   outer loop
     vertex  1.525000e+02  8.700000e+01  3.600000e+01
     vertex  1.525000e+02  8.854751e+01  1.916523e+01
     vertex  1.525000e+02  8.857964e+01  1.917720e+01
   endloop
 endfacet
 facet normal  1.000000e+00  0.000000e+00  0.000000e+00
   outer loop
     vertex  1.525000e+02  8.700000e+01  3.600000e+01
     vertex  1.525000e+02  8.857964e+01  1.917720e+01
     vertex  1.525000e+02  8.861210e+01  1.918829e+01
   endloop
 endfacet
 facet normal  1.000000e+00  0.000000e+00  0.000000e+00
   outer loop
     vertex  1.525000e+02  8.700000e+01  3.600000e+01
     vertex  1.525000e+02  8.861210e+01  1.918829e+01
     vertex  1.525000e+02  8.864484e+01  1.919848e+01
   endloop
 endfacet
 facet normal  1.000000e+00  0.000000e+00  0.000000e+00
   outer loop
     vertex  1.525000e+02  8.700000e+01  3.600000e+01
     vertex  1.525000e+02  8.864484e+01  1.919848e+01
     vertex  1.525000e+02  8.867786e+01  1.920778e+01
   endloop
 endfacet
 facet normal  1.000000e+00  0.000000e+00  0.000000e+00
   outer loop
     vertex  1.525000e+02  8.700000e+01  3.600000e+01
     vertex  1.525000e+02  8.867786e+01  1.920778e+01
     vertex  1.525000e+02  8.871111e+01  1.921616e+01
   endloop
 endfacet
 facet normal  1.000000e+00  0.000000e+00  0.000000e+00
   outer loop
     vertex  1.525000e+02  8.700000e+01  3.600000e+01
     vertex  1.525000e+02  8.871111e+01  1.921616e+01
     vertex  1.525000e+02  8.874459e+01  1.922363e+01
   endloop
 endfacet
 facet normal  1.000000e+00  0.000000e+00  0.000000e+00
   outer loop
     vertex  1.525000e+02  8.700000e+01  3.600000e+01
     vertex  1.525000e+02  8.874459e+01  1.922363e+01
     vertex  1.525000e+02  8.877825e+01  1.923017e+01
   endloop
 endfacet
 facet normal  1.000000e+00  0.000000e+00  0.000000e+00
   outer loop
     vertex  1.525000e+02  8.700000e+01  3.600000e+01
     vertex  1.525000e+02  8.877825e+01  1.923017e+01
     vertex  1.525000e+02  8.881208e+01  1.923579e+01
   endloop
 endfacet
 facet normal  1.000000e+00  0.000000e+00  0.000000e+00
   outer loop
     vertex  1.525000e+02  8.700000e+01  3.600000e+01
     vertex  1.525000e+02  8.881208e+01  1.923579e+01
     vertex  1.525000e+02  8.884606e+01  1.924048e+01
   endloop
 endfacet
 facet normal  1.000000e+00  0.000000e+00  0.000000e+00
   outer loop
     vertex  1.525000e+02  8.700000e+01  3.600000e+01
     vertex  1.525000e+02  8.884606e+01  1.924048e+01
     vertex  1.525000e+02  8.888015e+01  1.924424e+01
   endloop
 endfacet
 facet normal  1.000000e+00  0.000000e+00  0.000000e+00
   outer loop
     vertex  1.525000e+02  8.700000e+01  3.600000e+01
     vertex  1.525000e+02  8.888015e+01  1.924424e+01
     vertex  1.525000e+02  8.891433e+01  1.924706e+01
   endloop
 endfacet
 facet normal  1.000000e+00  0.000000e+00  0.000000e+00
   outer loop
     vertex  1.525000e+02  8.700000e+01  3.600000e+01
     vertex  1.525000e+02  8.891433e+01  1.924706e+01
     vertex  1.525000e+02  8.894857e+01  1.924894e+01
   endloop
 endfacet
 facet normal  1.000000e+00  0.000000e+00  0.000000e+00
   outer loop
     vertex  1.525000e+02  8.700000e+01  3.600000e+01
     vertex  1.525000e+02  8.894857e+01  1.924894e+01
     vertex  1.525000e+02  8.898285e+01  1.924988e+01
   endloop
 endfacet
 facet normal  1.000000e+00  0.000000e+00  0.000000e+00
   outer loop
     vertex  1.525000e+02  8.700000e+01  3.600000e+01
     vertex  1.525000e+02  8.898285e+01  1.924988e+01
     vertex  1.525000e+02  8.901715e+01  1.924988e+01
   endloop
 endfacet
 facet normal  1.000000e+00  0.000000e+00  0.000000e+00
   outer loop
     vertex  1.525000e+02  8.700000e+01  3.600000e+01
     vertex  1.525000e+02  8.776552e+01  1.819639e+01
     vertex  1.525000e+02  8.777138e+01  1.823018e+01
   endloop
 endfacet
 facet normal  1.000000e+00  0.000000e+00  0.000000e+00
   outer loop
     vertex  1.525000e+02  8.700000e+01  3.600000e+01
     vertex  1.525000e+02  8.777138e+01  1.823018e+01
     vertex  1.525000e+02  8.777815e+01  1.826380e+01
   endloop
 endfacet
 facet normal  1.000000e+00  0.000000e+00  0.000000e+00
   outer loop
     vertex  1.525000e+02  8.700000e+01  3.600000e+01
     vertex  1.525000e+02  8.777815e+01  1.826380e+01
     vertex  1.525000e+02  8.778585e+01  1.829722e+01
   endloop
 endfacet
 facet normal  1.000000e+00  0.000000e+00  0.000000e+00
   outer loop
     vertex  1.525000e+02  8.700000e+01  3.600000e+01
     vertex  1.525000e+02  8.778585e+01  1.829722e+01
     vertex  1.525000e+02  8.779446e+01  1.833042e+01
   endloop
 endfacet
 facet normal  1.000000e+00  0.000000e+00  0.000000e+00
   outer loop
     vertex  1.525000e+02  8.700000e+01  3.600000e+01
     vertex  1.525000e+02  8.779446e+01  1.833042e+01
     vertex  1.525000e+02  8.780398e+01  1.836337e+01
   endloop
 endfacet
 facet normal  1.000000e+00  0.000000e+00  0.000000e+00
   outer loop
     vertex  1.525000e+02  8.700000e+01  3.600000e+01
     vertex  1.525000e+02  8.780398e+01  1.836337e+01
     vertex  1.525000e+02  8.781440e+01  1.839604e+01
   endloop
 endfacet
 facet normal  1.000000e+00 -0.000000e+00  0.000000e+00
   outer loop
     vertex  1.525000e+02  8.700000e+01  3.600000e+01
     vertex  1.525000e+02  8.901715e+01  1.924988e+01
     vertex  1.525000e+02  9.100000e+01  3.600000e+01
   endloop
 endfacet
 facet normal  1.000000e+00  0.000000e+00  0.000000e+00
   outer loop
     vertex  1.525000e+02  8.700000e+01  3.600000e+01
     vertex  1.525000e+02  8.781440e+01  1.839604e+01
     vertex  1.525000e+02  8.782571e+01  1.842842e+01
   endloop
 endfacet
 facet normal  1.000000e+00  0.000000e+00  0.000000e+00
   outer loop
     vertex  1.525000e+02  8.700000e+01  3.600000e+01
     vertex  1.525000e+02  8.782571e+01  1.842842e+01
     vertex  1.525000e+02  8.783791e+01  1.846047e+01
   endloop
 endfacet
 facet normal  1.000000e+00  0.000000e+00  0.000000e+00
   outer loop
     vertex  1.525000e+02  8.700000e+01  3.600000e+01
     vertex  1.525000e+02  8.783791e+01  1.846047e+01
     vertex  1.525000e+02  8.785098e+01  1.849218e+01
   endloop
 endfacet
 facet normal  1.000000e+00  0.000000e+00  0.000000e+00
   outer loop
     vertex  1.525000e+02  8.700000e+01  3.600000e+01
     vertex  1.525000e+02  8.785098e+01  1.849218e+01
     vertex  1.525000e+02  8.786491e+01  1.852352e+01
   endloop
 endfacet
 facet normal  1.000000e+00  0.000000e+00  0.000000e+00
   outer loop
     vertex  1.525000e+02  8.700000e+01  3.600000e+01
     vertex  1.525000e+02  8.786491e+01  1.852352e+01
     vertex  1.525000e+02  8.787970e+01  1.855446e+01
   endloop
 endfacet
 facet normal  1.000000e+00  0.000000e+00  0.000000e+00
   outer loop
     vertex  1.525000e+02  8.700000e+01  3.600000e+01
     vertex  1.525000e+02  8.787970e+01  1.855446e+01
     vertex  1.525000e+02  8.789533e+01  1.858499e+01
   endloop
 endfacet
 facet normal  1.000000e+00  0.000000e+00  0.000000e+00
   outer loop
     vertex  1.525000e+02  8.700000e+01  3.600000e+01
     vertex  1.525000e+02  8.789533e+01  1.858499e+01
     vertex  1.525000e+02  8.791180e+01  1.861507e+01
   endloop
 endfacet
 facet normal  1.000000e+00  0.000000e+00  0.000000e+00
   outer loop
     vertex  1.525000e+02  8.700000e+01  3.600000e+01
     vertex  1.525000e+02  8.791180e+01  1.861507e+01
     vertex  1.525000e+02  8.792908e+01  1.864470e+01
   endloop
 endfacet
 facet normal  1.000000e+00  0.000000e+00  0.000000e+00
   outer loop
     vertex  1.525000e+02  8.700000e+01  3.600000e+01
     vertex  1.525000e+02  8.792908e+01  1.864470e+01
     vertex  1.525000e+02  8.794717e+01  1.867383e+01
   endloop
 endfacet
 facet normal  1.000000e+00  0.000000e+00  0.000000e+00
   outer loop
     vertex  1.525000e+02  8.700000e+01  3.600000e+01
     vertex  1.525000e+02  8.794717e+01  1.867383e+01
     vertex  1.525000e+02  8.796605e+01  1.870246e+01
   endloop
 endfacet
 facet normal  1.000000e+00  0.000000e+00  0.000000e+00
   outer loop
     vertex  1.525000e+02  8.700000e+01  3.600000e+01
     vertex  1.525000e+02  8.796605e+01  1.870246e+01
     vertex  1.525000e+02  8.798571e+01  1.873056e+01
   endloop
 endfacet
 facet normal  1.000000e+00  0.000000e+00  0.000000e+00
   outer loop
     vertex  1.525000e+02  8.700000e+01  3.600000e+01
     vertex  1.525000e+02  8.798571e+01  1.873056e+01
     vertex  1.525000e+02  8.800614e+01  1.875811e+01
   endloop
 endfacet
 facet normal  1.000000e+00  0.000000e+00  0.000000e+00
   outer loop
     vertex  1.525000e+02  8.700000e+01  3.600000e+01
     vertex  1.525000e+02  8.800614e+01  1.875811e+01
     vertex  1.525000e+02  8.802731e+01  1.878509e+01
   endloop
 endfacet
 facet normal  1.000000e+00  0.000000e+00  0.000000e+00
   outer loop
     vertex  1.525000e+02  8.700000e+01  3.600000e+01
     vertex  1.525000e+02  8.802731e+01  1.878509e+01
     vertex  1.525000e+02  8.804921e+01  1.881148e+01
   endloop
 endfacet
 facet normal  1.000000e+00  0.000000e+00  0.000000e+00
   outer loop
     vertex  1.525000e+02  8.700000e+01  3.600000e+01
     vertex  1.525000e+02  8.804921e+01  1.881148e+01
     vertex  1.525000e+02  8.807183e+01  1.883726e+01
   endloop
 endfacet
 facet normal  1.000000e+00  0.000000e+00  0.000000e+00
   outer loop
     vertex  1.525000e+02  8.700000e+01  3.600000e+01
     vertex  1.525000e+02  8.807183e+01  1.883726e+01
     vertex  1.525000e+02  8.809515e+01  1.886241e+01
   endloop
 endfacet
 facet normal  1.000000e+00  0.000000e+00  0.000000e+00
   outer loop
     vertex  1.525000e+02  8.700000e+01  3.600000e+01
     vertex  1.525000e+02  8.809515e+01  1.886241e+01
     vertex  1.525000e+02  8.811915e+01  1.888691e+01
   endloop
 endfacet
 facet normal  1.000000e+00  0.000000e+00  0.000000e+00
   outer loop
     vertex  1.525000e+02  8.700000e+01  3.600000e+01
     vertex  1.525000e+02  8.811915e+01  1.888691e+01
     vertex  1.525000e+02  8.814382e+01  1.891074e+01
   endloop
 endfacet
 facet normal  1.000000e+00  0.000000e+00  0.000000e+00
   outer loop
     vertex  1.525000e+02  8.700000e+01  3.600000e+01
     vertex  1.525000e+02  8.814382e+01  1.891074e+01
     vertex  1.525000e+02  8.816912e+01  1.893389e+01
   endloop
 endfacet
 facet normal  1.000000e+00  0.000000e+00  0.000000e+00
   outer loop
     vertex  1.525000e+02  8.700000e+01  3.600000e+01
     vertex  1.525000e+02  8.816912e+01  1.893389e+01
     vertex  1.525000e+02  8.819506e+01  1.895633e+01
   endloop
 endfacet
 facet normal  1.000000e+00  0.000000e+00  0.000000e+00
   outer loop
     vertex  1.525000e+02  8.700000e+01  3.600000e+01
     vertex  1.525000e+02  8.819506e+01  1.895633e+01
     vertex  1.525000e+02  8.822160e+01  1.897805e+01
   endloop
 endfacet
 facet normal  1.000000e+00  0.000000e+00  0.000000e+00
   outer loop
     vertex  1.525000e+02  8.700000e+01  3.600000e+01
     vertex  1.525000e+02  8.822160e+01  1.897805e+01
     vertex  1.525000e+02  8.824872e+01  1.899904e+01
   endloop
 endfacet
 facet normal  1.000000e+00  0.000000e+00  0.000000e+00
   outer loop
     vertex  1.525000e+02  8.700000e+01  3.600000e+01
     vertex  1.525000e+02  8.824872e+01  1.899904e+01
     vertex  1.525000e+02  8.827641e+01  1.901927e+01
   endloop
 endfacet
 facet normal  1.000000e+00 -0.000000e+00  0.000000e+00
   outer loop
     vertex  1.525000e+02  4.000000e+00  3.000000e+00
     vertex  1.525000e+02  9.100000e+01  0.000000e+00
     vertex  1.525000e+02  8.700000e+01  3.000000e+00
   endloop
 endfacet
 facet normal  1.000000e+00  0.000000e+00  0.000000e+00
   outer loop
     vertex  1.525000e+02  0.000000e+00  0.000000e+00
     vertex  1.525000e+02  9.100000e+01  0.000000e+00
     vertex  1.525000e+02  4.000000e+00  3.000000e+00
   endloop
 endfacet
 facet normal  1.000000e+00  0.000000e+00  0.000000e+00
   outer loop
     vertex  1.525000e+02  0.000000e+00  3.600000e+01
     vertex  1.525000e+02  0.000000e+00  0.000000e+00
     vertex  1.525000e+02  4.000000e+00  3.000000e+00
   endloop
 endfacet
 facet normal  1.000000e+00 -0.000000e+00  0.000000e+00
   outer loop
     vertex  1.525000e+02  0.000000e+00  3.600000e+01
     vertex  1.525000e+02  4.000000e+00  3.000000e+00
     vertex  1.525000e+02  4.000000e+00  3.600000e+01
   endloop
 endfacet
 facet normal  1.000000e+00  0.000000e+00  0.000000e+00
   outer loop
     vertex  1.525000e+02  8.700000e+01  3.600000e+01
     vertex  1.525000e+02  8.700000e+01  3.000000e+00
     vertex  1.525000e+02  8.775003e+01  1.799143e+01
   endloop
 endfacet
 facet normal  1.000000e+00  0.000000e+00  0.000000e+00
   outer loop
     vertex  1.525000e+02  8.775003e+01  1.799143e+01
     vertex  1.525000e+02  8.700000e+01  3.000000e+00
     vertex  1.525000e+02  8.775074e+01  1.795714e+01
   endloop
 endfacet
 facet normal  1.000000e+00  0.000000e+00  0.000000e+00
   outer loop
     vertex  1.525000e+02  8.775074e+01  1.795714e+01
     vertex  1.525000e+02  8.700000e+01  3.000000e+00
     vertex  1.525000e+02  8.775238e+01  1.792288e+01
   endloop
 endfacet
 facet normal  1.000000e+00  0.000000e+00  0.000000e+00
   outer loop
     vertex  1.525000e+02  8.775238e+01  1.792288e+01
     vertex  1.525000e+02  8.700000e+01  3.000000e+00
     vertex  1.525000e+02  8.775497e+01  1.788868e+01
   endloop
 endfacet
 facet normal  1.000000e+00  0.000000e+00  0.000000e+00
   outer loop
     vertex  1.525000e+02  8.775497e+01  1.788868e+01
     vertex  1.525000e+02  8.700000e+01  3.000000e+00
     vertex  1.525000e+02  8.775849e+01  1.785457e+01
   endloop
 endfacet
 facet normal  1.000000e+00  0.000000e+00  0.000000e+00
   outer loop
     vertex  1.525000e+02  8.700000e+01  3.600000e+01
     vertex  1.525000e+02  8.775003e+01  1.799143e+01
     vertex  1.525000e+02  8.775026e+01  1.802572e+01
   endloop
 endfacet
 facet normal  1.000000e+00  0.000000e+00  0.000000e+00
   outer loop
     vertex  1.525000e+02  8.700000e+01  3.600000e+01
     vertex  1.525000e+02  8.775026e+01  1.802572e+01
     vertex  1.525000e+02  8.775144e+01  1.806000e+01
   endloop
 endfacet
 facet normal  1.000000e+00  0.000000e+00  0.000000e+00
   outer loop
     vertex  1.525000e+02  8.700000e+01  3.600000e+01
     vertex  1.525000e+02  8.775144e+01  1.806000e+01
     vertex  1.525000e+02  8.775356e+01  1.809423e+01
   endloop
 endfacet
 facet normal  1.000000e+00  0.000000e+00  0.000000e+00
   outer loop
     vertex  1.525000e+02  8.700000e+01  3.600000e+01
     vertex  1.525000e+02  8.775356e+01  1.809423e+01
     vertex  1.525000e+02  8.775661e+01  1.812839e+01
   endloop
 endfacet
 facet normal  1.000000e+00  0.000000e+00  0.000000e+00
   outer loop
     vertex  1.525000e+02  8.700000e+01  3.600000e+01
     vertex  1.525000e+02  8.775661e+01  1.812839e+01
     vertex  1.525000e+02  8.776060e+01  1.816245e+01
   endloop
 endfacet
 facet normal  1.000000e+00  0.000000e+00  0.000000e+00
   outer loop
     vertex  1.525000e+02  8.700000e+01  3.600000e+01
     vertex  1.525000e+02  8.776060e+01  1.816245e+01
     vertex  1.525000e+02  8.776552e+01  1.819639e+01
   endloop
 endfacet
 facet normal -1.371831e-02  0.000000e+00 -9.999059e-01
   outer loop
     vertex  2.506173e+01  6.000000e+00  2.024915e+01
     vertex  2.500000e+01  0.000000e+00  2.025000e+01
     vertex  2.500000e+01  6.000000e+00  2.025000e+01
   endloop
 endfacet
 facet normal -1.371831e-02 -0.000000e+00 -9.999059e-01
   outer loop
     vertex  2.506173e+01  6.000000e+00  2.024915e+01
     vertex  2.506173e+01  0.000000e+00  2.024915e+01
     vertex  2.500000e+01  0.000000e+00  2.025000e+01
   endloop
 endfacet
 facet normal -4.114462e-02 -0.000000e+00 -9.991532e-01
   outer loop
     vertex  2.512341e+01  6.000000e+00  2.024661e+01
     vertex  2.512341e+01  0.000000e+00  2.024661e+01
     vertex  2.506173e+01  0.000000e+00  2.024915e+01
   endloop
 endfacet
 facet normal -4.114462e-02  0.000000e+00 -9.991532e-01
   outer loop
     vertex  2.512341e+01  6.000000e+00  2.024661e+01
     vertex  2.506173e+01  0.000000e+00  2.024915e+01
     vertex  2.506173e+01  6.000000e+00  2.024915e+01
   endloop
 endfacet
 facet normal -6.853995e-02 -0.000000e+00 -9.976484e-01
   outer loop
     vertex  2.518499e+01  6.000000e+00  2.024238e+01
     vertex  2.518499e+01  0.000000e+00  2.024238e+01
     vertex  2.512341e+01  0.000000e+00  2.024661e+01
   endloop
 endfacet
 facet normal -6.853995e-02  0.000000e+00 -9.976484e-01
   outer loop
     vertex  2.518499e+01  6.000000e+00  2.024238e+01
     vertex  2.512341e+01  0.000000e+00  2.024661e+01
     vertex  2.512341e+01  6.000000e+00  2.024661e+01
   endloop
 endfacet
 facet normal -9.588368e-02 -0.000000e+00 -9.953925e-01
   outer loop
     vertex  2.524644e+01  6.000000e+00  2.023646e+01
     vertex  2.524644e+01  0.000000e+00  2.023646e+01
     vertex  2.518499e+01  0.000000e+00  2.024238e+01
   endloop
 endfacet
 facet normal -9.588368e-02  0.000000e+00 -9.953925e-01
   outer loop
     vertex  2.524644e+01  6.000000e+00  2.023646e+01
     vertex  2.518499e+01  0.000000e+00  2.024238e+01
     vertex  2.518499e+01  6.000000e+00  2.024238e+01
   endloop
 endfacet
 facet normal -1.231552e-01 -0.000000e+00 -9.923874e-01
   outer loop
     vertex  2.530770e+01  6.000000e+00  2.022886e+01
     vertex  2.530770e+01  0.000000e+00  2.022886e+01
     vertex  2.524644e+01  0.000000e+00  2.023646e+01
   endloop
 endfacet
 facet normal -1.231552e-01  0.000000e+00 -9.923874e-01
   outer loop
     vertex  2.530770e+01  6.000000e+00  2.022886e+01
     vertex  2.524644e+01  0.000000e+00  2.023646e+01
     vertex  2.524644e+01  6.000000e+00  2.023646e+01
   endloop
 endfacet
 facet normal -1.503341e-01 -0.000000e+00 -9.886353e-01
   outer loop
     vertex  2.536874e+01  6.000000e+00  2.021958e+01
     vertex  2.536874e+01  0.000000e+00  2.021958e+01
     vertex  2.530770e+01  0.000000e+00  2.022886e+01
   endloop
 endfacet
 facet normal -1.773998e-01 -0.000000e+00 -9.841389e-01
   outer loop
     vertex  2.536874e+01  6.000000e+00  2.021958e+01
     vertex  2.542949e+01  0.000000e+00  2.020863e+01
     vertex  2.536874e+01  0.000000e+00  2.021958e+01
   endloop
 endfacet
 facet normal -1.503341e-01  0.000000e+00 -9.886353e-01
   outer loop
     vertex  2.536874e+01  6.000000e+00  2.021958e+01
     vertex  2.530770e+01  0.000000e+00  2.022886e+01
     vertex  2.530770e+01  6.000000e+00  2.022886e+01
   endloop
 endfacet
 facet normal -1.773998e-01 -0.000000e+00 -9.841389e-01
   outer loop
     vertex  2.542949e+01  6.000000e+00  2.020863e+01
     vertex  2.542949e+01  0.000000e+00  2.020863e+01
     vertex  2.536874e+01  6.000000e+00  2.021958e+01
   endloop
 endfacet
 facet normal -2.043319e-01 -0.000000e+00 -9.789017e-01
   outer loop
     vertex  2.548992e+01  6.000000e+00  2.019601e+01
     vertex  2.548992e+01  0.000000e+00  2.019601e+01
     vertex  2.542949e+01  0.000000e+00  2.020863e+01
   endloop
 endfacet
 facet normal -2.043319e-01  0.000000e+00 -9.789017e-01
   outer loop
     vertex  2.548992e+01  6.000000e+00  2.019601e+01
     vertex  2.542949e+01  0.000000e+00  2.020863e+01
     vertex  2.542949e+01  6.000000e+00  2.020863e+01
   endloop
 endfacet
 facet normal -2.311102e-01 -0.000000e+00 -9.729276e-01
   outer loop
     vertex  2.554998e+01  6.000000e+00  2.018175e+01
     vertex  2.554998e+01  0.000000e+00  2.018175e+01
     vertex  2.548992e+01  0.000000e+00  2.019601e+01
   endloop
 endfacet
 facet normal -2.311102e-01  0.000000e+00 -9.729276e-01
   outer loop
     vertex  2.554998e+01  6.000000e+00  2.018175e+01
     vertex  2.548992e+01  0.000000e+00  2.019601e+01
     vertex  2.548992e+01  6.000000e+00  2.019601e+01
   endloop
 endfacet
 facet normal -2.577146e-01  0.000000e+00 -9.662211e-01
   outer loop
     vertex  2.560963e+01  6.000000e+00  2.016584e+01
     vertex  2.554998e+01  0.000000e+00  2.018175e+01
     vertex  2.554998e+01  6.000000e+00  2.018175e+01
   endloop
 endfacet
 facet normal -2.577146e-01 -0.000000e+00 -9.662211e-01
   outer loop
     vertex  2.560963e+01  6.000000e+00  2.016584e+01
     vertex  2.560963e+01  0.000000e+00  2.016584e+01
     vertex  2.554998e+01  0.000000e+00  2.018175e+01
   endloop
 endfacet
 facet normal -2.841250e-01 -0.000000e+00 -9.587873e-01
   outer loop
     vertex  2.560963e+01  6.000000e+00  2.016584e+01
     vertex  2.566882e+01  0.000000e+00  2.014830e+01
     vertex  2.560963e+01  0.000000e+00  2.016584e+01
   endloop
 endfacet
 facet normal -2.841250e-01 -0.000000e+00 -9.587873e-01
   outer loop
     vertex  2.566882e+01  6.000000e+00  2.014830e+01
     vertex  2.566882e+01  0.000000e+00  2.014830e+01
     vertex  2.560963e+01  6.000000e+00  2.016584e+01
   endloop
 endfacet
 facet normal -3.103214e-01 -0.000000e+00 -9.506317e-01
   outer loop
     vertex  2.566882e+01  6.000000e+00  2.014830e+01
     vertex  2.572750e+01  0.000000e+00  2.012914e+01
     vertex  2.566882e+01  0.000000e+00  2.014830e+01
   endloop
 endfacet
 facet normal -3.103214e-01 -0.000000e+00 -9.506317e-01
   outer loop
     vertex  2.572750e+01  6.000000e+00  2.012914e+01
     vertex  2.572750e+01  0.000000e+00  2.012914e+01
     vertex  2.566882e+01  6.000000e+00  2.014830e+01
   endloop
 endfacet
 facet normal -3.362843e-01 -0.000000e+00 -9.417605e-01
   outer loop
     vertex  2.572750e+01  6.000000e+00  2.012914e+01
     vertex  2.578564e+01  0.000000e+00  2.010838e+01
     vertex  2.572750e+01  0.000000e+00  2.012914e+01
   endloop
 endfacet
 facet normal -3.362843e-01 -0.000000e+00 -9.417605e-01
   outer loop
     vertex  2.578564e+01  6.000000e+00  2.010838e+01
     vertex  2.578564e+01  0.000000e+00  2.010838e+01
     vertex  2.572750e+01  6.000000e+00  2.012914e+01
   endloop
 endfacet
 facet normal -3.619940e-01  0.000000e+00 -9.321804e-01
   outer loop
     vertex  2.584318e+01  6.000000e+00  2.008604e+01
     vertex  2.578564e+01  0.000000e+00  2.010838e+01
     vertex  2.578564e+01  6.000000e+00  2.010838e+01
   endloop
 endfacet
 facet normal -3.619940e-01 -0.000000e+00 -9.321804e-01
   outer loop
     vertex  2.584318e+01  6.000000e+00  2.008604e+01
     vertex  2.584318e+01  0.000000e+00  2.008604e+01
     vertex  2.578564e+01  0.000000e+00  2.010838e+01
   endloop
 endfacet
 facet normal -3.874313e-01  0.000000e+00 -9.218986e-01
   outer loop
     vertex  2.590009e+01  6.000000e+00  2.006212e+01
     vertex  2.584318e+01  0.000000e+00  2.008604e+01
     vertex  2.584318e+01  6.000000e+00  2.008604e+01
   endloop
 endfacet
 facet normal -3.874313e-01 -0.000000e+00 -9.218986e-01
   outer loop
     vertex  2.590009e+01  6.000000e+00  2.006212e+01
     vertex  2.590009e+01  0.000000e+00  2.006212e+01
     vertex  2.584318e+01  0.000000e+00  2.008604e+01
   endloop
 endfacet
 facet normal -4.125769e-01  0.000000e+00 -9.109228e-01
   outer loop
     vertex  2.595633e+01  6.000000e+00  2.003665e+01
     vertex  2.590009e+01  0.000000e+00  2.006212e+01
     vertex  2.590009e+01  6.000000e+00  2.006212e+01
   endloop
 endfacet
 facet normal -4.125769e-01 -0.000000e+00 -9.109228e-01
   outer loop
     vertex  2.595633e+01  6.000000e+00  2.003665e+01
     vertex  2.595633e+01  0.000000e+00  2.003665e+01
     vertex  2.590009e+01  0.000000e+00  2.006212e+01
   endloop
 endfacet
 facet normal -4.374119e-01  0.000000e+00 -8.992613e-01
   outer loop
     vertex  2.601184e+01  6.000000e+00  2.000965e+01
     vertex  2.595633e+01  0.000000e+00  2.003665e+01
     vertex  2.595633e+01  6.000000e+00  2.003665e+01
   endloop
 endfacet
 facet normal -4.374119e-01 -0.000000e+00 -8.992613e-01
   outer loop
     vertex  2.601184e+01  6.000000e+00  2.000965e+01
     vertex  2.601184e+01  0.000000e+00  2.000965e+01
     vertex  2.595633e+01  0.000000e+00  2.003665e+01
   endloop
 endfacet
 facet normal -4.619176e-01  0.000000e+00 -8.869228e-01
   outer loop
     vertex  2.606659e+01  6.000000e+00  1.998113e+01
     vertex  2.601184e+01  0.000000e+00  2.000965e+01
     vertex  2.601184e+01  6.000000e+00  2.000965e+01
   endloop
 endfacet
 facet normal -4.619176e-01 -0.000000e+00 -8.869228e-01
   outer loop
     vertex  2.606659e+01  6.000000e+00  1.998113e+01
     vertex  2.606659e+01  0.000000e+00  1.998113e+01
     vertex  2.601184e+01  0.000000e+00  2.000965e+01
   endloop
 endfacet
 facet normal -4.860756e-01  0.000000e+00 -8.739167e-01
   outer loop
     vertex  2.612054e+01  6.000000e+00  1.995112e+01
     vertex  2.606659e+01  0.000000e+00  1.998113e+01
     vertex  2.606659e+01  6.000000e+00  1.998113e+01
   endloop
 endfacet
 facet normal -4.860756e-01 -0.000000e+00 -8.739167e-01
   outer loop
     vertex  2.612054e+01  6.000000e+00  1.995112e+01
     vertex  2.612054e+01  0.000000e+00  1.995112e+01
     vertex  2.606659e+01  0.000000e+00  1.998113e+01
   endloop
 endfacet
 facet normal -5.098678e-01  0.000000e+00 -8.602528e-01
   outer loop
     vertex  2.617365e+01  6.000000e+00  1.991965e+01
     vertex  2.612054e+01  0.000000e+00  1.995112e+01
     vertex  2.612054e+01  6.000000e+00  1.995112e+01
   endloop
 endfacet
 facet normal -5.098678e-01 -0.000000e+00 -8.602528e-01
   outer loop
     vertex  2.617365e+01  6.000000e+00  1.991965e+01
     vertex  2.617365e+01  0.000000e+00  1.991965e+01
     vertex  2.612054e+01  0.000000e+00  1.995112e+01
   endloop
 endfacet
 facet normal -5.332761e-01  0.000000e+00 -8.459413e-01
   outer loop
     vertex  2.622587e+01  6.000000e+00  1.988673e+01
     vertex  2.617365e+01  0.000000e+00  1.991965e+01
     vertex  2.617365e+01  6.000000e+00  1.991965e+01
   endloop
 endfacet
 facet normal -5.332761e-01 -0.000000e+00 -8.459413e-01
   outer loop
     vertex  2.622587e+01  6.000000e+00  1.988673e+01
     vertex  2.622587e+01  0.000000e+00  1.988673e+01
     vertex  2.617365e+01  0.000000e+00  1.991965e+01
   endloop
 endfacet
 facet normal -5.562829e-01 -0.000000e+00 -8.309929e-01
   outer loop
     vertex  2.627717e+01  6.000000e+00  1.985239e+01
     vertex  2.627717e+01  0.000000e+00  1.985239e+01
     vertex  2.622587e+01  0.000000e+00  1.988673e+01
   endloop
 endfacet
 facet normal -5.562829e-01  0.000000e+00 -8.309929e-01
   outer loop
     vertex  2.627717e+01  6.000000e+00  1.985239e+01
     vertex  2.622587e+01  0.000000e+00  1.988673e+01
     vertex  2.622587e+01  6.000000e+00  1.988673e+01
   endloop
 endfacet
 facet normal -5.788711e-01 -0.000000e+00 -8.154191e-01
   outer loop
     vertex  2.632751e+01  6.000000e+00  1.981665e+01
     vertex  2.632751e+01  0.000000e+00  1.981665e+01
     vertex  2.627717e+01  0.000000e+00  1.985239e+01
   endloop
 endfacet
 facet normal -5.788711e-01  0.000000e+00 -8.154191e-01
   outer loop
     vertex  2.632751e+01  6.000000e+00  1.981665e+01
     vertex  2.627717e+01  0.000000e+00  1.985239e+01
     vertex  2.627717e+01  6.000000e+00  1.985239e+01
   endloop
 endfacet
 facet normal -6.010234e-01 -0.000000e+00 -7.992314e-01
   outer loop
     vertex  2.637684e+01  6.000000e+00  1.977955e+01
     vertex  2.637684e+01  0.000000e+00  1.977955e+01
     vertex  2.632751e+01  0.000000e+00  1.981665e+01
   endloop
 endfacet
 facet normal -6.010234e-01  0.000000e+00 -7.992314e-01
   outer loop
     vertex  2.637684e+01  6.000000e+00  1.977955e+01
     vertex  2.632751e+01  0.000000e+00  1.981665e+01
     vertex  2.632751e+01  6.000000e+00  1.981665e+01
   endloop
 endfacet
 facet normal -6.227234e-01 -0.000000e+00 -7.824421e-01
   outer loop
     vertex  2.642515e+01  6.000000e+00  1.974111e+01
     vertex  2.642515e+01  0.000000e+00  1.974111e+01
     vertex  2.637684e+01  0.000000e+00  1.977955e+01
   endloop
 endfacet
 facet normal -6.227234e-01  0.000000e+00 -7.824421e-01
   outer loop
     vertex  2.642515e+01  6.000000e+00  1.974111e+01
     vertex  2.637684e+01  0.000000e+00  1.977955e+01
     vertex  2.637684e+01  6.000000e+00  1.977955e+01
   endloop
 endfacet
 facet normal -6.439545e-01 -0.000000e+00 -7.650637e-01
   outer loop
     vertex  2.647238e+01  6.000000e+00  1.970136e+01
     vertex  2.647238e+01  0.000000e+00  1.970136e+01
     vertex  2.642515e+01  0.000000e+00  1.974111e+01
   endloop
 endfacet
 facet normal -6.439545e-01  0.000000e+00 -7.650637e-01
   outer loop
     vertex  2.647238e+01  6.000000e+00  1.970136e+01
     vertex  2.642515e+01  0.000000e+00  1.974111e+01
     vertex  2.642515e+01  6.000000e+00  1.974111e+01
   endloop
 endfacet
 facet normal -6.647010e-01 -0.000000e+00 -7.471095e-01
   outer loop
     vertex  2.651850e+01  6.000000e+00  1.966032e+01
     vertex  2.651850e+01  0.000000e+00  1.966032e+01
     vertex  2.647238e+01  0.000000e+00  1.970136e+01
   endloop
 endfacet
 facet normal -6.849470e-01 -0.000000e+00 -7.285929e-01
   outer loop
     vertex  2.651850e+01  6.000000e+00  1.966032e+01
     vertex  2.656347e+01  0.000000e+00  1.961804e+01
     vertex  2.651850e+01  0.000000e+00  1.966032e+01
   endloop
 endfacet
 facet normal -6.647010e-01  0.000000e+00 -7.471095e-01
   outer loop
     vertex  2.651850e+01  6.000000e+00  1.966032e+01
     vertex  2.647238e+01  0.000000e+00  1.970136e+01
     vertex  2.647238e+01  6.000000e+00  1.970136e+01
   endloop
 endfacet
 facet normal -6.849470e-01 -0.000000e+00 -7.285929e-01
   outer loop
     vertex  2.656347e+01  6.000000e+00  1.961804e+01
     vertex  2.656347e+01  0.000000e+00  1.961804e+01
     vertex  2.651850e+01  6.000000e+00  1.966032e+01
   endloop
 endfacet
 facet normal -7.046775e-01 -0.000000e+00 -7.095278e-01
   outer loop
     vertex  2.660728e+01  6.000000e+00  1.957454e+01
     vertex  2.660728e+01  0.000000e+00  1.957454e+01
     vertex  2.656347e+01  0.000000e+00  1.961804e+01
   endloop
 endfacet
 facet normal -7.238775e-01 -0.000000e+00 -6.899286e-01
   outer loop
     vertex  2.660728e+01  6.000000e+00  1.957454e+01
     vertex  2.664987e+01  0.000000e+00  1.952985e+01
     vertex  2.660728e+01  0.000000e+00  1.957454e+01
   endloop
 endfacet
 facet normal -7.046775e-01  0.000000e+00 -7.095278e-01
   outer loop
     vertex  2.660728e+01  6.000000e+00  1.957454e+01
     vertex  2.656347e+01  0.000000e+00  1.961804e+01
     vertex  2.656347e+01  6.000000e+00  1.961804e+01
   endloop
 endfacet
 facet normal -7.238775e-01 -0.000000e+00 -6.899286e-01
   outer loop
     vertex  2.664987e+01  6.000000e+00  1.952985e+01
     vertex  2.664987e+01  0.000000e+00  1.952985e+01
     vertex  2.660728e+01  6.000000e+00  1.957454e+01
   endloop
 endfacet
 facet normal -7.425325e-01 -0.000000e+00 -6.698100e-01
   outer loop
     vertex  2.669122e+01  6.000000e+00  1.948401e+01
     vertex  2.669122e+01  0.000000e+00  1.948401e+01
     vertex  2.664987e+01  0.000000e+00  1.952985e+01
   endloop
 endfacet
 facet normal -7.425325e-01  0.000000e+00 -6.698100e-01
   outer loop
     vertex  2.669122e+01  6.000000e+00  1.948401e+01
     vertex  2.664987e+01  0.000000e+00  1.952985e+01
     vertex  2.664987e+01  6.000000e+00  1.952985e+01
   endloop
 endfacet
 facet normal -7.606287e-01 -0.000000e+00 -6.491872e-01
   outer loop
     vertex  2.673129e+01  6.000000e+00  1.943706e+01
     vertex  2.673129e+01  0.000000e+00  1.943706e+01
     vertex  2.669122e+01  0.000000e+00  1.948401e+01
   endloop
 endfacet
 facet normal -7.781522e-01 -0.000000e+00 -6.280757e-01
   outer loop
     vertex  2.673129e+01  6.000000e+00  1.943706e+01
     vertex  2.677006e+01  0.000000e+00  1.938902e+01
     vertex  2.673129e+01  0.000000e+00  1.943706e+01
   endloop
 endfacet
 facet normal -7.606287e-01  0.000000e+00 -6.491872e-01
   outer loop
     vertex  2.673129e+01  6.000000e+00  1.943706e+01
     vertex  2.669122e+01  0.000000e+00  1.948401e+01
     vertex  2.669122e+01  6.000000e+00  1.948401e+01
   endloop
 endfacet
 facet normal -7.950900e-01 -0.000000e+00 -6.064915e-01
   outer loop
     vertex  2.677006e+01  6.000000e+00  1.938902e+01
     vertex  2.680750e+01  0.000000e+00  1.933994e+01
     vertex  2.677006e+01  0.000000e+00  1.938902e+01
   endloop
 endfacet
 facet normal -7.781522e-01 -0.000000e+00 -6.280757e-01
   outer loop
     vertex  2.677006e+01  6.000000e+00  1.938902e+01
     vertex  2.677006e+01  0.000000e+00  1.938902e+01
     vertex  2.673129e+01  6.000000e+00  1.943706e+01
   endloop
 endfacet
 facet normal -7.950900e-01 -0.000000e+00 -6.064915e-01
   outer loop
     vertex  2.680750e+01  6.000000e+00  1.933994e+01
     vertex  2.680750e+01  0.000000e+00  1.933994e+01
     vertex  2.677006e+01  6.000000e+00  1.938902e+01
   endloop
 endfacet
 facet normal -8.114292e-01  0.000000e+00 -5.844507e-01
   outer loop
     vertex  2.684358e+01  6.000000e+00  1.928984e+01
     vertex  2.680750e+01  0.000000e+00  1.933994e+01
     vertex  2.680750e+01  6.000000e+00  1.933994e+01
   endloop
 endfacet
 facet normal -8.114292e-01 -0.000000e+00 -5.844507e-01
   outer loop
     vertex  2.684358e+01  6.000000e+00  1.928984e+01
     vertex  2.684358e+01  0.000000e+00  1.928984e+01
     vertex  2.680750e+01  0.000000e+00  1.933994e+01
   endloop
 endfacet
 facet normal -8.271577e-01 -0.000000e+00 -5.619699e-01
   outer loop
     vertex  2.687828e+01  6.000000e+00  1.923878e+01
     vertex  2.687828e+01  0.000000e+00  1.923878e+01
     vertex  2.684358e+01  0.000000e+00  1.928984e+01
   endloop
 endfacet
 facet normal -8.271577e-01  0.000000e+00 -5.619699e-01
   outer loop
     vertex  2.687828e+01  6.000000e+00  1.923878e+01
     vertex  2.684358e+01  0.000000e+00  1.928984e+01
     vertex  2.684358e+01  6.000000e+00  1.928984e+01
   endloop
 endfacet
 facet normal -8.422635e-01  0.000000e+00 -5.390661e-01
   outer loop
     vertex  2.691155e+01  6.000000e+00  1.918679e+01
     vertex  2.687828e+01  0.000000e+00  1.923878e+01
     vertex  2.687828e+01  6.000000e+00  1.923878e+01
   endloop
 endfacet
 facet normal -8.422635e-01 -0.000000e+00 -5.390661e-01
   outer loop
     vertex  2.691155e+01  6.000000e+00  1.918679e+01
     vertex  2.691155e+01  0.000000e+00  1.918679e+01
     vertex  2.687828e+01  0.000000e+00  1.923878e+01
   endloop
 endfacet
 facet normal -8.567352e-01  0.000000e+00 -5.157565e-01
   outer loop
     vertex  2.694339e+01  6.000000e+00  1.913390e+01
     vertex  2.691155e+01  0.000000e+00  1.918679e+01
     vertex  2.691155e+01  6.000000e+00  1.918679e+01
   endloop
 endfacet
 facet normal -8.567352e-01 -0.000000e+00 -5.157565e-01
   outer loop
     vertex  2.694339e+01  6.000000e+00  1.913390e+01
     vertex  2.694339e+01  0.000000e+00  1.913390e+01
     vertex  2.691155e+01  0.000000e+00  1.918679e+01
   endloop
 endfacet
 facet normal -8.705620e-01  0.000000e+00 -4.920587e-01
   outer loop
     vertex  2.697377e+01  6.000000e+00  1.908016e+01
     vertex  2.694339e+01  0.000000e+00  1.913390e+01
     vertex  2.694339e+01  6.000000e+00  1.913390e+01
   endloop
 endfacet
 facet normal -8.705620e-01 -0.000000e+00 -4.920587e-01
   outer loop
     vertex  2.697377e+01  6.000000e+00  1.908016e+01
     vertex  2.697377e+01  0.000000e+00  1.908016e+01
     vertex  2.694339e+01  0.000000e+00  1.913390e+01
   endloop
 endfacet
 facet normal -8.837335e-01  0.000000e+00 -4.679904e-01
   outer loop
     vertex  2.700266e+01  6.000000e+00  1.902560e+01
     vertex  2.697377e+01  0.000000e+00  1.908016e+01
     vertex  2.697377e+01  6.000000e+00  1.908016e+01
   endloop
 endfacet
 facet normal -8.837335e-01 -0.000000e+00 -4.679904e-01
   outer loop
     vertex  2.700266e+01  6.000000e+00  1.902560e+01
     vertex  2.700266e+01  0.000000e+00  1.902560e+01
     vertex  2.697377e+01  0.000000e+00  1.908016e+01
   endloop
 endfacet
 facet normal -8.962398e-01  0.000000e+00 -4.435699e-01
   outer loop
     vertex  2.703004e+01  6.000000e+00  1.897027e+01
     vertex  2.700266e+01  0.000000e+00  1.902560e+01
     vertex  2.700266e+01  6.000000e+00  1.902560e+01
   endloop
 endfacet
 facet normal -8.962398e-01 -0.000000e+00 -4.435699e-01
   outer loop
     vertex  2.703004e+01  6.000000e+00  1.897027e+01
     vertex  2.703004e+01  0.000000e+00  1.897027e+01
     vertex  2.700266e+01  0.000000e+00  1.902560e+01
   endloop
 endfacet
 facet normal -9.080714e-01  0.000000e+00 -4.188155e-01
   outer loop
     vertex  2.705590e+01  6.000000e+00  1.891422e+01
     vertex  2.703004e+01  0.000000e+00  1.897027e+01
     vertex  2.703004e+01  6.000000e+00  1.897027e+01
   endloop
 endfacet
 facet normal -9.080714e-01 -0.000000e+00 -4.188155e-01
   outer loop
     vertex  2.705590e+01  6.000000e+00  1.891422e+01
     vertex  2.705590e+01  0.000000e+00  1.891422e+01
     vertex  2.703004e+01  0.000000e+00  1.897027e+01
   endloop
 endfacet
 facet normal -9.192194e-01  0.000000e+00 -3.937458e-01
   outer loop
     vertex  2.708020e+01  6.000000e+00  1.885747e+01
     vertex  2.705590e+01  0.000000e+00  1.891422e+01
     vertex  2.705590e+01  6.000000e+00  1.891422e+01
   endloop
 endfacet
 facet normal -9.192194e-01 -0.000000e+00 -3.937458e-01
   outer loop
     vertex  2.708020e+01  6.000000e+00  1.885747e+01
     vertex  2.708020e+01  0.000000e+00  1.885747e+01
     vertex  2.705590e+01  0.000000e+00  1.891422e+01
   endloop
 endfacet
 facet normal -9.296754e-01  0.000000e+00 -3.683796e-01
   outer loop
     vertex  2.710294e+01  6.000000e+00  1.880008e+01
     vertex  2.708020e+01  0.000000e+00  1.885747e+01
     vertex  2.708020e+01  6.000000e+00  1.885747e+01
   endloop
 endfacet
 facet normal -9.296754e-01 -0.000000e+00 -3.683796e-01
   outer loop
     vertex  2.710294e+01  6.000000e+00  1.880008e+01
     vertex  2.710294e+01  0.000000e+00  1.880008e+01
     vertex  2.708020e+01  0.000000e+00  1.885747e+01
   endloop
 endfacet
 facet normal -9.394317e-01 -0.000000e+00 -3.427362e-01
   outer loop
     vertex  2.710294e+01  6.000000e+00  1.880008e+01
     vertex  2.712410e+01  0.000000e+00  1.874209e+01
     vertex  2.710294e+01  0.000000e+00  1.880008e+01
   endloop
 endfacet
 facet normal -9.394317e-01 -0.000000e+00 -3.427362e-01
   outer loop
     vertex  2.712410e+01  6.000000e+00  1.874209e+01
     vertex  2.712410e+01  0.000000e+00  1.874209e+01
     vertex  2.710294e+01  6.000000e+00  1.880008e+01
   endloop
 endfacet
 facet normal -9.484807e-01  0.000000e+00 -3.168348e-01
   outer loop
     vertex  2.714366e+01  6.000000e+00  1.868354e+01
     vertex  2.712410e+01  0.000000e+00  1.874209e+01
     vertex  2.712410e+01  6.000000e+00  1.874209e+01
   endloop
 endfacet
 facet normal -9.484807e-01 -0.000000e+00 -3.168348e-01
   outer loop
     vertex  2.714366e+01  6.000000e+00  1.868354e+01
     vertex  2.714366e+01  0.000000e+00  1.868354e+01
     vertex  2.712410e+01  0.000000e+00  1.874209e+01
   endloop
 endfacet
 facet normal -9.568158e-01  0.000000e+00 -2.906949e-01
   outer loop
     vertex  2.716161e+01  6.000000e+00  1.862447e+01
     vertex  2.714366e+01  0.000000e+00  1.868354e+01
     vertex  2.714366e+01  6.000000e+00  1.868354e+01
   endloop
 endfacet
 facet normal -9.568158e-01 -0.000000e+00 -2.906949e-01
   outer loop
     vertex  2.716161e+01  6.000000e+00  1.862447e+01
     vertex  2.716161e+01  0.000000e+00  1.862447e+01
     vertex  2.714366e+01  0.000000e+00  1.868354e+01
   endloop
 endfacet
 facet normal -9.644306e-01  0.000000e+00 -2.643362e-01
   outer loop
     vertex  2.717792e+01  6.000000e+00  1.856493e+01
     vertex  2.716161e+01  0.000000e+00  1.862447e+01
     vertex  2.716161e+01  6.000000e+00  1.862447e+01
   endloop
 endfacet
 facet normal -9.644306e-01 -0.000000e+00 -2.643362e-01
   outer loop
     vertex  2.717792e+01  6.000000e+00  1.856493e+01
     vertex  2.717792e+01  0.000000e+00  1.856493e+01
     vertex  2.716161e+01  0.000000e+00  1.862447e+01
   endloop
 endfacet
 facet normal -9.713194e-01  0.000000e+00 -2.377784e-01
   outer loop
     vertex  2.719260e+01  6.000000e+00  1.850497e+01
     vertex  2.717792e+01  0.000000e+00  1.856493e+01
     vertex  2.717792e+01  6.000000e+00  1.856493e+01
   endloop
 endfacet
 facet normal -9.713194e-01 -0.000000e+00 -2.377784e-01
   outer loop
     vertex  2.719260e+01  6.000000e+00  1.850497e+01
     vertex  2.719260e+01  0.000000e+00  1.850497e+01
     vertex  2.717792e+01  0.000000e+00  1.856493e+01
   endloop
 endfacet
 facet normal -9.774771e-01  0.000000e+00 -2.110417e-01
   outer loop
     vertex  2.720563e+01  6.000000e+00  1.844463e+01
     vertex  2.719260e+01  0.000000e+00  1.850497e+01
     vertex  2.719260e+01  6.000000e+00  1.850497e+01
   endloop
 endfacet
 facet normal -9.774771e-01 -0.000000e+00 -2.110417e-01
   outer loop
     vertex  2.720563e+01  6.000000e+00  1.844463e+01
     vertex  2.720563e+01  0.000000e+00  1.844463e+01
     vertex  2.719260e+01  0.000000e+00  1.850497e+01
   endloop
 endfacet
 facet normal -9.828989e-01  0.000000e+00 -1.841461e-01
   outer loop
     vertex  2.721700e+01  6.000000e+00  1.838395e+01
     vertex  2.720563e+01  0.000000e+00  1.844463e+01
     vertex  2.720563e+01  6.000000e+00  1.844463e+01
   endloop
 endfacet
 facet normal -9.828989e-01 -0.000000e+00 -1.841461e-01
   outer loop
     vertex  2.721700e+01  6.000000e+00  1.838395e+01
     vertex  2.721700e+01  0.000000e+00  1.838395e+01
     vertex  2.720563e+01  0.000000e+00  1.844463e+01
   endloop
 endfacet
 facet normal -9.875808e-01 -0.000000e+00 -1.571119e-01
   outer loop
     vertex  2.721700e+01  6.000000e+00  1.838395e+01
     vertex  2.722670e+01  0.000000e+00  1.832299e+01
     vertex  2.721700e+01  0.000000e+00  1.838395e+01
   endloop
 endfacet
 facet normal -9.875808e-01 -0.000000e+00 -1.571119e-01
   outer loop
     vertex  2.722670e+01  6.000000e+00  1.832299e+01
     vertex  2.722670e+01  0.000000e+00  1.832299e+01
     vertex  2.721700e+01  6.000000e+00  1.838395e+01
   endloop
 endfacet
 facet normal -9.915193e-01 -0.000000e+00 -1.299594e-01
   outer loop
     vertex  2.722670e+01  6.000000e+00  1.832299e+01
     vertex  2.723472e+01  0.000000e+00  1.826178e+01
     vertex  2.722670e+01  0.000000e+00  1.832299e+01
   endloop
 endfacet
 facet normal -9.915193e-01 -0.000000e+00 -1.299594e-01
   outer loop
     vertex  2.723472e+01  6.000000e+00  1.826178e+01
     vertex  2.723472e+01  0.000000e+00  1.826178e+01
     vertex  2.722670e+01  6.000000e+00  1.832299e+01
   endloop
 endfacet
 facet normal -9.947114e-01  0.000000e+00 -1.027091e-01
   outer loop
     vertex  2.724106e+01  6.000000e+00  1.820037e+01
     vertex  2.723472e+01  0.000000e+00  1.826178e+01
     vertex  2.723472e+01  6.000000e+00  1.826178e+01
   endloop
 endfacet
 facet normal -9.947114e-01 -0.000000e+00 -1.027091e-01
   outer loop
     vertex  2.724106e+01  6.000000e+00  1.820037e+01
     vertex  2.724106e+01  0.000000e+00  1.820037e+01
     vertex  2.723472e+01  0.000000e+00  1.826178e+01
   endloop
 endfacet
 facet normal -9.971548e-01  0.000000e+00 -7.538152e-02
   outer loop
     vertex  2.724571e+01  6.000000e+00  1.813881e+01
     vertex  2.724106e+01  0.000000e+00  1.820037e+01
     vertex  2.724106e+01  6.000000e+00  1.820037e+01
   endloop
 endfacet
 facet normal -9.971548e-01 -0.000000e+00 -7.538152e-02
   outer loop
     vertex  2.724571e+01  6.000000e+00  1.813881e+01
     vertex  2.724571e+01  0.000000e+00  1.813881e+01
     vertex  2.724106e+01  0.000000e+00  1.820037e+01
   endloop
 endfacet
 facet normal -9.988475e-01  0.000000e+00 -4.799716e-02
   outer loop
     vertex  2.724868e+01  6.000000e+00  1.807715e+01
     vertex  2.724571e+01  0.000000e+00  1.813881e+01
     vertex  2.724571e+01  6.000000e+00  1.813881e+01
   endloop
 endfacet
 facet normal -9.988475e-01 -0.000000e+00 -4.799716e-02
   outer loop
     vertex  2.724868e+01  6.000000e+00  1.807715e+01
     vertex  2.724868e+01  0.000000e+00  1.807715e+01
     vertex  2.724571e+01  0.000000e+00  1.813881e+01
   endloop
 endfacet
 facet normal -9.997883e-01 -0.000000e+00 -2.057667e-02
   outer loop
     vertex  2.724995e+01  6.000000e+00  1.801543e+01
     vertex  2.724995e+01  0.000000e+00  1.801543e+01
     vertex  2.724868e+01  0.000000e+00  1.807715e+01
   endloop
 endfacet
 facet normal -9.997883e-01  0.000000e+00 -2.057667e-02
   outer loop
     vertex  2.724995e+01  6.000000e+00  1.801543e+01
     vertex  2.724868e+01  0.000000e+00  1.807715e+01
     vertex  2.724868e+01  6.000000e+00  1.807715e+01
   endloop
 endfacet
 facet normal -9.999765e-01  0.000000e+00  6.859319e-03
   outer loop
     vertex  2.724995e+01  6.000000e+00  1.801543e+01
     vertex  2.724952e+01  0.000000e+00  1.795370e+01
     vertex  2.724995e+01  0.000000e+00  1.801543e+01
   endloop
 endfacet
 facet normal -9.999765e-01  0.000000e+00  6.859319e-03
   outer loop
     vertex  2.724952e+01  6.000000e+00  1.795370e+01
     vertex  2.724952e+01  0.000000e+00  1.795370e+01
     vertex  2.724995e+01  6.000000e+00  1.801543e+01
   endloop
 endfacet
 facet normal -9.994119e-01  0.000000e+00  3.429014e-02
   outer loop
     vertex  2.724741e+01  6.000000e+00  1.789201e+01
     vertex  2.724741e+01  0.000000e+00  1.789201e+01
     vertex  2.724952e+01  0.000000e+00  1.795370e+01
   endloop
 endfacet
 facet normal -9.994119e-01  0.000000e+00  3.429014e-02
   outer loop
     vertex  2.724741e+01  6.000000e+00  1.789201e+01
     vertex  2.724952e+01  0.000000e+00  1.795370e+01
     vertex  2.724952e+01  6.000000e+00  1.795370e+01
   endloop
 endfacet
 facet normal -9.980950e-01  0.000000e+00  6.169515e-02
   outer loop
     vertex  2.724360e+01  6.000000e+00  1.783039e+01
     vertex  2.724360e+01  0.000000e+00  1.783039e+01
     vertex  2.724741e+01  0.000000e+00  1.789201e+01
   endloop
 endfacet
 facet normal -9.960268e-01  0.000000e+00  8.905371e-02
   outer loop
     vertex  2.724360e+01  6.000000e+00  1.783039e+01
     vertex  2.723810e+01  0.000000e+00  1.776890e+01
     vertex  2.724360e+01  0.000000e+00  1.783039e+01
   endloop
 endfacet
 facet normal -9.980950e-01  0.000000e+00  6.169515e-02
   outer loop
     vertex  2.724360e+01  6.000000e+00  1.783039e+01
     vertex  2.724741e+01  0.000000e+00  1.789201e+01
     vertex  2.724741e+01  6.000000e+00  1.789201e+01
   endloop
 endfacet
 facet normal -9.960268e-01  0.000000e+00  8.905371e-02
   outer loop
     vertex  2.723810e+01  6.000000e+00  1.776890e+01
     vertex  2.723810e+01  0.000000e+00  1.776890e+01
     vertex  2.724360e+01  6.000000e+00  1.783039e+01
   endloop
 endfacet
 facet normal -9.932088e-01  0.000000e+00  1.163452e-01
   outer loop
     vertex  2.723092e+01  6.000000e+00  1.770759e+01
     vertex  2.723810e+01  0.000000e+00  1.776890e+01
     vertex  2.723810e+01  6.000000e+00  1.776890e+01
   endloop
 endfacet
 facet normal -9.932088e-01  0.000000e+00  1.163452e-01
   outer loop
     vertex  2.723092e+01  6.000000e+00  1.770759e+01
     vertex  2.723092e+01  0.000000e+00  1.770759e+01
     vertex  2.723810e+01  0.000000e+00  1.776890e+01
   endloop
 endfacet
 facet normal -9.896432e-01  0.000000e+00  1.435492e-01
   outer loop
     vertex  2.722206e+01  6.000000e+00  1.764650e+01
     vertex  2.723092e+01  0.000000e+00  1.770759e+01
     vertex  2.723092e+01  6.000000e+00  1.770759e+01
   endloop
 endfacet
 facet normal -9.896432e-01  0.000000e+00  1.435492e-01
   outer loop
     vertex  2.722206e+01  6.000000e+00  1.764650e+01
     vertex  2.722206e+01  0.000000e+00  1.764650e+01
     vertex  2.723092e+01  0.000000e+00  1.770759e+01
   endloop
 endfacet
 facet normal -9.853326e-01  0.000000e+00  1.706451e-01
   outer loop
     vertex  2.722206e+01  6.000000e+00  1.764650e+01
     vertex  2.721152e+01  0.000000e+00  1.758567e+01
     vertex  2.722206e+01  0.000000e+00  1.764650e+01
   endloop
 endfacet
 facet normal -9.853326e-01  0.000000e+00  1.706451e-01
   outer loop
     vertex  2.721152e+01  6.000000e+00  1.758567e+01
     vertex  2.721152e+01  0.000000e+00  1.758567e+01
     vertex  2.722206e+01  6.000000e+00  1.764650e+01
   endloop
 endfacet
 facet normal -9.802802e-01  0.000000e+00  1.976125e-01
   outer loop
     vertex  2.719932e+01  6.000000e+00  1.752516e+01
     vertex  2.721152e+01  0.000000e+00  1.758567e+01
     vertex  2.721152e+01  6.000000e+00  1.758567e+01
   endloop
 endfacet
 facet normal -9.802802e-01  0.000000e+00  1.976125e-01
   outer loop
     vertex  2.719932e+01  6.000000e+00  1.752516e+01
     vertex  2.719932e+01  0.000000e+00  1.752516e+01
     vertex  2.721152e+01  0.000000e+00  1.758567e+01
   endloop
 endfacet
 facet normal -9.744899e-01  0.000000e+00  2.244312e-01
   outer loop
     vertex  2.718547e+01  6.000000e+00  1.746500e+01
     vertex  2.719932e+01  0.000000e+00  1.752516e+01
     vertex  2.719932e+01  6.000000e+00  1.752516e+01
   endloop
 endfacet
 facet normal -9.744899e-01  0.000000e+00  2.244312e-01
   outer loop
     vertex  2.718547e+01  6.000000e+00  1.746500e+01
     vertex  2.718547e+01  0.000000e+00  1.746500e+01
     vertex  2.719932e+01  0.000000e+00  1.752516e+01
   endloop
 endfacet
 facet normal -9.679661e-01  0.000000e+00  2.510809e-01
   outer loop
     vertex  2.718547e+01  6.000000e+00  1.746500e+01
     vertex  2.716997e+01  0.000000e+00  1.740524e+01
     vertex  2.718547e+01  0.000000e+00  1.746500e+01
   endloop
 endfacet
 facet normal -9.679661e-01  0.000000e+00  2.510809e-01
   outer loop
     vertex  2.716997e+01  6.000000e+00  1.740524e+01
     vertex  2.716997e+01  0.000000e+00  1.740524e+01
     vertex  2.718547e+01  6.000000e+00  1.746500e+01
   endloop
 endfacet
 facet normal -9.607136e-01  0.000000e+00  2.775416e-01
   outer loop
     vertex  2.715284e+01  6.000000e+00  1.734594e+01
     vertex  2.716997e+01  0.000000e+00  1.740524e+01
     vertex  2.716997e+01  6.000000e+00  1.740524e+01
   endloop
 endfacet
 facet normal -9.607136e-01  0.000000e+00  2.775416e-01
   outer loop
     vertex  2.715284e+01  6.000000e+00  1.734594e+01
     vertex  2.715284e+01  0.000000e+00  1.734594e+01
     vertex  2.716997e+01  0.000000e+00  1.740524e+01
   endloop
 endfacet
 facet normal -9.527379e-01  0.000000e+00  3.037934e-01
   outer loop
     vertex  2.713408e+01  6.000000e+00  1.728712e+01
     vertex  2.715284e+01  0.000000e+00  1.734594e+01
     vertex  2.715284e+01  6.000000e+00  1.734594e+01
   endloop
 endfacet
 facet normal -9.527379e-01  0.000000e+00  3.037934e-01
   outer loop
     vertex  2.713408e+01  6.000000e+00  1.728712e+01
     vertex  2.713408e+01  0.000000e+00  1.728712e+01
     vertex  2.715284e+01  0.000000e+00  1.734594e+01
   endloop
 endfacet
 facet normal -9.440450e-01  0.000000e+00  3.298166e-01
   outer loop
     vertex  2.711372e+01  6.000000e+00  1.722884e+01
     vertex  2.713408e+01  0.000000e+00  1.728712e+01
     vertex  2.713408e+01  6.000000e+00  1.728712e+01
   endloop
 endfacet
 facet normal -9.440450e-01  0.000000e+00  3.298166e-01
   outer loop
     vertex  2.711372e+01  6.000000e+00  1.722884e+01
     vertex  2.711372e+01  0.000000e+00  1.722884e+01
     vertex  2.713408e+01  0.000000e+00  1.728712e+01
   endloop
 endfacet
 facet normal -9.346415e-01  0.000000e+00  3.555914e-01
   outer loop
     vertex  2.711372e+01  6.000000e+00  1.722884e+01
     vertex  2.709177e+01  0.000000e+00  1.717115e+01
     vertex  2.711372e+01  0.000000e+00  1.722884e+01
   endloop
 endfacet
 facet normal -9.346415e-01  0.000000e+00  3.555914e-01
   outer loop
     vertex  2.709177e+01  6.000000e+00  1.717115e+01
     vertex  2.709177e+01  0.000000e+00  1.717115e+01
     vertex  2.711372e+01  6.000000e+00  1.722884e+01
   endloop
 endfacet
 facet normal -9.137314e-01  0.000000e+00  4.063188e-01
   outer loop
     vertex  2.706824e+01  6.000000e+00  1.711407e+01
     vertex  2.704316e+01  0.000000e+00  1.705767e+01
     vertex  2.706824e+01  0.000000e+00  1.711407e+01
   endloop
 endfacet
 facet normal -9.245344e-01  0.000000e+00  3.810986e-01
   outer loop
     vertex  2.706824e+01  6.000000e+00  1.711407e+01
     vertex  2.709177e+01  0.000000e+00  1.717115e+01
     vertex  2.709177e+01  6.000000e+00  1.717115e+01
   endloop
 endfacet
 facet normal -9.245344e-01  0.000000e+00  3.810986e-01
   outer loop
     vertex  2.706824e+01  6.000000e+00  1.711407e+01
     vertex  2.706824e+01  0.000000e+00  1.711407e+01
     vertex  2.709177e+01  0.000000e+00  1.717115e+01
   endloop
 endfacet
 facet normal -9.137314e-01  0.000000e+00  4.063188e-01
   outer loop
     vertex  2.704316e+01  6.000000e+00  1.705767e+01
     vertex  2.704316e+01  0.000000e+00  1.705767e+01
     vertex  2.706824e+01  6.000000e+00  1.711407e+01
   endloop
 endfacet
 facet normal -9.022405e-01  0.000000e+00  4.312333e-01
   outer loop
     vertex  2.701654e+01  6.000000e+00  1.700197e+01
     vertex  2.701654e+01  0.000000e+00  1.700197e+01
     vertex  2.704316e+01  0.000000e+00  1.705767e+01
   endloop
 endfacet
 facet normal -9.022405e-01  0.000000e+00  4.312333e-01
   outer loop
     vertex  2.701654e+01  6.000000e+00  1.700197e+01
     vertex  2.704316e+01  0.000000e+00  1.705767e+01
     vertex  2.704316e+01  6.000000e+00  1.705767e+01
   endloop
 endfacet
 facet normal -8.900704e-01  0.000000e+00  4.558231e-01
   outer loop
     vertex  2.698840e+01  6.000000e+00  1.694702e+01
     vertex  2.698840e+01  0.000000e+00  1.694702e+01
     vertex  2.701654e+01  0.000000e+00  1.700197e+01
   endloop
 endfacet
 facet normal -8.772303e-01  0.000000e+00  4.800697e-01
   outer loop
     vertex  2.698840e+01  6.000000e+00  1.694702e+01
     vertex  2.695876e+01  0.000000e+00  1.689287e+01
     vertex  2.698840e+01  0.000000e+00  1.694702e+01
   endloop
 endfacet
 facet normal -8.900704e-01  0.000000e+00  4.558231e-01
   outer loop
     vertex  2.698840e+01  6.000000e+00  1.694702e+01
     vertex  2.701654e+01  0.000000e+00  1.700197e+01
     vertex  2.701654e+01  6.000000e+00  1.700197e+01
   endloop
 endfacet
 facet normal -8.772303e-01  0.000000e+00  4.800697e-01
   outer loop
     vertex  2.695876e+01  6.000000e+00  1.689287e+01
     vertex  2.695876e+01  0.000000e+00  1.689287e+01
     vertex  2.698840e+01  6.000000e+00  1.694702e+01
   endloop
 endfacet
 facet normal -8.637299e-01  0.000000e+00  5.039550e-01
   outer loop
     vertex  2.692765e+01  6.000000e+00  1.683955e+01
     vertex  2.692765e+01  0.000000e+00  1.683955e+01
     vertex  2.695876e+01  0.000000e+00  1.689287e+01
   endloop
 endfacet
 facet normal -8.637299e-01  0.000000e+00  5.039550e-01
   outer loop
     vertex  2.692765e+01  6.000000e+00  1.683955e+01
     vertex  2.695876e+01  0.000000e+00  1.689287e+01
     vertex  2.695876e+01  6.000000e+00  1.689287e+01
   endloop
 endfacet
 facet normal -8.495793e-01  0.000000e+00  5.274609e-01
   outer loop
     vertex  2.689509e+01  6.000000e+00  1.678710e+01
     vertex  2.689509e+01  0.000000e+00  1.678710e+01
     vertex  2.692765e+01  0.000000e+00  1.683955e+01
   endloop
 endfacet
 facet normal -8.347891e-01  0.000000e+00  5.505698e-01
   outer loop
     vertex  2.689509e+01  6.000000e+00  1.678710e+01
     vertex  2.686110e+01  0.000000e+00  1.673557e+01
     vertex  2.689509e+01  0.000000e+00  1.678710e+01
   endloop
 endfacet
 facet normal -8.495793e-01  0.000000e+00  5.274609e-01
   outer loop
     vertex  2.689509e+01  6.000000e+00  1.678710e+01
     vertex  2.692765e+01  0.000000e+00  1.683955e+01
     vertex  2.692765e+01  6.000000e+00  1.683955e+01
   endloop
 endfacet
 facet normal -8.347891e-01  0.000000e+00  5.505698e-01
   outer loop
     vertex  2.686110e+01  6.000000e+00  1.673557e+01
     vertex  2.686110e+01  0.000000e+00  1.673557e+01
     vertex  2.689509e+01  6.000000e+00  1.678710e+01
   endloop
 endfacet
 facet normal -8.193706e-01  0.000000e+00  5.732642e-01
   outer loop
     vertex  2.682572e+01  6.000000e+00  1.668499e+01
     vertex  2.682572e+01  0.000000e+00  1.668499e+01
     vertex  2.686110e+01  0.000000e+00  1.673557e+01
   endloop
 endfacet
 facet normal -8.193706e-01  0.000000e+00  5.732642e-01
   outer loop
     vertex  2.682572e+01  6.000000e+00  1.668499e+01
     vertex  2.686110e+01  0.000000e+00  1.673557e+01
     vertex  2.686110e+01  6.000000e+00  1.673557e+01
   endloop
 endfacet
 facet normal -8.033352e-01  0.000000e+00  5.955271e-01
   outer loop
     vertex  2.678895e+01  6.000000e+00  1.663539e+01
     vertex  2.678895e+01  0.000000e+00  1.663539e+01
     vertex  2.682572e+01  0.000000e+00  1.668499e+01
   endloop
 endfacet
 facet normal -7.866951e-01  0.000000e+00  6.173417e-01
   outer loop
     vertex  2.678895e+01  6.000000e+00  1.663539e+01
     vertex  2.675084e+01  0.000000e+00  1.658683e+01
     vertex  2.678895e+01  0.000000e+00  1.663539e+01
   endloop
 endfacet
 facet normal -8.033352e-01  0.000000e+00  5.955271e-01
   outer loop
     vertex  2.678895e+01  6.000000e+00  1.663539e+01
     vertex  2.682572e+01  0.000000e+00  1.668499e+01
     vertex  2.682572e+01  6.000000e+00  1.668499e+01
   endloop
 endfacet
 facet normal -7.866951e-01  0.000000e+00  6.173417e-01
   outer loop
     vertex  2.675084e+01  6.000000e+00  1.658683e+01
     vertex  2.675084e+01  0.000000e+00  1.658683e+01
     vertex  2.678895e+01  6.000000e+00  1.663539e+01
   endloop
 endfacet
 facet normal -7.694628e-01  0.000000e+00  6.386916e-01
   outer loop
     vertex  2.671141e+01  6.000000e+00  1.653933e+01
     vertex  2.671141e+01  0.000000e+00  1.653933e+01
     vertex  2.675084e+01  0.000000e+00  1.658683e+01
   endloop
 endfacet
 facet normal -7.694628e-01  0.000000e+00  6.386916e-01
   outer loop
     vertex  2.671141e+01  6.000000e+00  1.653933e+01
     vertex  2.675084e+01  0.000000e+00  1.658683e+01
     vertex  2.675084e+01  6.000000e+00  1.658683e+01
   endloop
 endfacet
 facet normal -7.516513e-01  0.000000e+00  6.595607e-01
   outer loop
     vertex  2.667070e+01  6.000000e+00  1.649293e+01
     vertex  2.667070e+01  0.000000e+00  1.649293e+01
     vertex  2.671141e+01  0.000000e+00  1.653933e+01
   endloop
 endfacet
 facet normal -7.516513e-01  0.000000e+00  6.595607e-01
   outer loop
     vertex  2.667070e+01  6.000000e+00  1.649293e+01
     vertex  2.671141e+01  0.000000e+00  1.653933e+01
     vertex  2.671141e+01  6.000000e+00  1.653933e+01
   endloop
 endfacet
 facet normal -7.332740e-01  0.000000e+00  6.799333e-01
   outer loop
     vertex  2.662872e+01  6.000000e+00  1.644766e+01
     vertex  2.662872e+01  0.000000e+00  1.644766e+01
     vertex  2.667070e+01  0.000000e+00  1.649293e+01
   endloop
 endfacet
 facet normal -7.143447e-01  0.000000e+00  6.997940e-01
   outer loop
     vertex  2.662872e+01  6.000000e+00  1.644766e+01
     vertex  2.658552e+01  0.000000e+00  1.640356e+01
     vertex  2.662872e+01  0.000000e+00  1.644766e+01
   endloop
 endfacet
 facet normal -7.332740e-01  0.000000e+00  6.799333e-01
   outer loop
     vertex  2.662872e+01  6.000000e+00  1.644766e+01
     vertex  2.667070e+01  0.000000e+00  1.649293e+01
     vertex  2.667070e+01  6.000000e+00  1.649293e+01
   endloop
 endfacet
 facet normal -7.143447e-01  0.000000e+00  6.997940e-01
   outer loop
     vertex  2.658552e+01  6.000000e+00  1.640356e+01
     vertex  2.658552e+01  0.000000e+00  1.640356e+01
     vertex  2.662872e+01  6.000000e+00  1.644766e+01
   endloop
 endfacet
 facet normal -6.948776e-01  0.000000e+00  7.191280e-01
   outer loop
     vertex  2.658552e+01  6.000000e+00  1.640356e+01
     vertex  2.654113e+01  0.000000e+00  1.636067e+01
     vertex  2.658552e+01  0.000000e+00  1.640356e+01
   endloop
 endfacet
 facet normal -6.948776e-01  0.000000e+00  7.191280e-01
   outer loop
     vertex  2.654113e+01  6.000000e+00  1.636067e+01
     vertex  2.654113e+01  0.000000e+00  1.636067e+01
     vertex  2.658552e+01  6.000000e+00  1.640356e+01
   endloop
 endfacet
 facet normal -6.748875e-01  0.000000e+00  7.379206e-01
   outer loop
     vertex  2.654113e+01  6.000000e+00  1.636067e+01
     vertex  2.649558e+01  0.000000e+00  1.631900e+01
     vertex  2.654113e+01  0.000000e+00  1.636067e+01
   endloop
 endfacet
 facet normal -6.748875e-01  0.000000e+00  7.379206e-01
   outer loop
     vertex  2.649558e+01  6.000000e+00  1.631900e+01
     vertex  2.649558e+01  0.000000e+00  1.631900e+01
     vertex  2.654113e+01  6.000000e+00  1.636067e+01
   endloop
 endfacet
 facet normal -6.543893e-01  0.000000e+00  7.561578e-01
   outer loop
     vertex  2.644890e+01  6.000000e+00  1.627861e+01
     vertex  2.649558e+01  0.000000e+00  1.631900e+01
     vertex  2.649558e+01  6.000000e+00  1.631900e+01
   endloop
 endfacet
 facet normal -6.543893e-01  0.000000e+00  7.561578e-01
   outer loop
     vertex  2.644890e+01  6.000000e+00  1.627861e+01
     vertex  2.644890e+01  0.000000e+00  1.627861e+01
     vertex  2.649558e+01  0.000000e+00  1.631900e+01
   endloop
 endfacet
 facet normal -6.333986e-01  0.000000e+00  7.738257e-01
   outer loop
     vertex  2.644890e+01  6.000000e+00  1.627861e+01
     vertex  2.640113e+01  0.000000e+00  1.623951e+01
     vertex  2.644890e+01  0.000000e+00  1.627861e+01
   endloop
 endfacet
 facet normal -6.333986e-01  0.000000e+00  7.738257e-01
   outer loop
     vertex  2.640113e+01  6.000000e+00  1.623951e+01
     vertex  2.640113e+01  0.000000e+00  1.623951e+01
     vertex  2.644890e+01  6.000000e+00  1.627861e+01
   endloop
 endfacet
 facet normal -6.119310e-01  0.000000e+00  7.909112e-01
   outer loop
     vertex  2.635230e+01  6.000000e+00  1.620173e+01
     vertex  2.635230e+01  0.000000e+00  1.620173e+01
     vertex  2.640113e+01  0.000000e+00  1.623951e+01
   endloop
 endfacet
 facet normal -6.119310e-01  0.000000e+00  7.909112e-01
   outer loop
     vertex  2.635230e+01  6.000000e+00  1.620173e+01
     vertex  2.640113e+01  0.000000e+00  1.623951e+01
     vertex  2.640113e+01  6.000000e+00  1.623951e+01
   endloop
 endfacet
 facet normal -5.900028e-01  0.000000e+00  8.074012e-01
   outer loop
     vertex  2.630246e+01  6.000000e+00  1.616531e+01
     vertex  2.635230e+01  0.000000e+00  1.620173e+01
     vertex  2.635230e+01  6.000000e+00  1.620173e+01
   endloop
 endfacet
 facet normal -5.900028e-01  0.000000e+00  8.074012e-01
   outer loop
     vertex  2.630246e+01  6.000000e+00  1.616531e+01
     vertex  2.630246e+01  0.000000e+00  1.616531e+01
     vertex  2.635230e+01  0.000000e+00  1.620173e+01
   endloop
 endfacet
 facet normal -5.676304e-01  0.000000e+00  8.232835e-01
   outer loop
     vertex  2.630246e+01  6.000000e+00  1.616531e+01
     vertex  2.625164e+01  0.000000e+00  1.613027e+01
     vertex  2.630246e+01  0.000000e+00  1.616531e+01
   endloop
 endfacet
 facet normal -5.448308e-01  0.000000e+00  8.385460e-01
   outer loop
     vertex  2.625164e+01  6.000000e+00  1.613027e+01
     vertex  2.619987e+01  0.000000e+00  1.609663e+01
     vertex  2.625164e+01  0.000000e+00  1.613027e+01
   endloop
 endfacet
 facet normal -5.676304e-01  0.000000e+00  8.232835e-01
   outer loop
     vertex  2.625164e+01  6.000000e+00  1.613027e+01
     vertex  2.625164e+01  0.000000e+00  1.613027e+01
     vertex  2.630246e+01  6.000000e+00  1.616531e+01
   endloop
 endfacet
 facet normal -5.448308e-01  0.000000e+00  8.385460e-01
   outer loop
     vertex  2.619987e+01  6.000000e+00  1.609663e+01
     vertex  2.619987e+01  0.000000e+00  1.609663e+01
     vertex  2.625164e+01  6.000000e+00  1.613027e+01
   endloop
 endfacet
 facet normal -5.216210e-01  0.000000e+00  8.531773e-01
   outer loop
     vertex  2.614720e+01  6.000000e+00  1.606443e+01
     vertex  2.614720e+01  0.000000e+00  1.606443e+01
     vertex  2.619987e+01  0.000000e+00  1.609663e+01
   endloop
 endfacet
 facet normal -4.980186e-01  0.000000e+00  8.671664e-01
   outer loop
     vertex  2.614720e+01  6.000000e+00  1.606443e+01
     vertex  2.609367e+01  0.000000e+00  1.603369e+01
     vertex  2.614720e+01  0.000000e+00  1.606443e+01
   endloop
 endfacet
 facet normal -5.216210e-01  0.000000e+00  8.531773e-01
   outer loop
     vertex  2.614720e+01  6.000000e+00  1.606443e+01
     vertex  2.619987e+01  0.000000e+00  1.609663e+01
     vertex  2.619987e+01  6.000000e+00  1.609663e+01
   endloop
 endfacet
 facet normal -4.980186e-01  0.000000e+00  8.671664e-01
   outer loop
     vertex  2.609367e+01  6.000000e+00  1.603369e+01
     vertex  2.609367e+01  0.000000e+00  1.603369e+01
     vertex  2.614720e+01  6.000000e+00  1.606443e+01
   endloop
 endfacet
 facet normal -4.740412e-01  0.000000e+00  8.805026e-01
   outer loop
     vertex  2.603931e+01  6.000000e+00  1.600442e+01
     vertex  2.603931e+01  0.000000e+00  1.600442e+01
     vertex  2.609367e+01  0.000000e+00  1.603369e+01
   endloop
 endfacet
 facet normal -4.740412e-01  0.000000e+00  8.805026e-01
   outer loop
     vertex  2.603931e+01  6.000000e+00  1.600442e+01
     vertex  2.609367e+01  0.000000e+00  1.603369e+01
     vertex  2.609367e+01  6.000000e+00  1.603369e+01
   endloop
 endfacet
 facet normal -4.497071e-01  0.000000e+00  8.931761e-01
   outer loop
     vertex  2.598418e+01  6.000000e+00  1.597666e+01
     vertex  2.598418e+01  0.000000e+00  1.597666e+01
     vertex  2.603931e+01  0.000000e+00  1.600442e+01
   endloop
 endfacet
 facet normal -4.250344e-01  0.000000e+00  9.051772e-01
   outer loop
     vertex  2.598418e+01  6.000000e+00  1.597666e+01
     vertex  2.592830e+01  0.000000e+00  1.595042e+01
     vertex  2.598418e+01  0.000000e+00  1.597666e+01
   endloop
 endfacet
 facet normal -4.497071e-01  0.000000e+00  8.931761e-01
   outer loop
     vertex  2.598418e+01  6.000000e+00  1.597666e+01
     vertex  2.603931e+01  0.000000e+00  1.600442e+01
     vertex  2.603931e+01  6.000000e+00  1.600442e+01
   endloop
 endfacet
 facet normal -4.250344e-01  0.000000e+00  9.051772e-01
   outer loop
     vertex  2.592830e+01  6.000000e+00  1.595042e+01
     vertex  2.592830e+01  0.000000e+00  1.595042e+01
     vertex  2.598418e+01  6.000000e+00  1.597666e+01
   endloop
 endfacet
 facet normal -4.000417e-01  0.000000e+00  9.164969e-01
   outer loop
     vertex  2.587172e+01  6.000000e+00  1.592573e+01
     vertex  2.587172e+01  0.000000e+00  1.592573e+01
     vertex  2.592830e+01  0.000000e+00  1.595042e+01
   endloop
 endfacet
 facet normal -4.000417e-01  0.000000e+00  9.164969e-01
   outer loop
     vertex  2.587172e+01  6.000000e+00  1.592573e+01
     vertex  2.592830e+01  0.000000e+00  1.595042e+01
     vertex  2.592830e+01  6.000000e+00  1.595042e+01
   endloop
 endfacet
 facet normal -3.747479e-01  0.000000e+00  9.271267e-01
   outer loop
     vertex  2.581449e+01  6.000000e+00  1.590259e+01
     vertex  2.581449e+01  0.000000e+00  1.590259e+01
     vertex  2.587172e+01  0.000000e+00  1.592573e+01
   endloop
 endfacet
 facet normal -3.491720e-01  0.000000e+00  9.370586e-01
   outer loop
     vertex  2.581449e+01  6.000000e+00  1.590259e+01
     vertex  2.575664e+01  0.000000e+00  1.588104e+01
     vertex  2.581449e+01  0.000000e+00  1.590259e+01
   endloop
 endfacet
 facet normal -3.747479e-01  0.000000e+00  9.271267e-01
   outer loop
     vertex  2.581449e+01  6.000000e+00  1.590259e+01
     vertex  2.587172e+01  0.000000e+00  1.592573e+01
     vertex  2.587172e+01  6.000000e+00  1.592573e+01
   endloop
 endfacet
 facet normal -3.491720e-01  0.000000e+00  9.370586e-01
   outer loop
     vertex  2.575664e+01  6.000000e+00  1.588104e+01
     vertex  2.575664e+01  0.000000e+00  1.588104e+01
     vertex  2.581449e+01  6.000000e+00  1.590259e+01
   endloop
 endfacet
 facet normal -3.233333e-01  0.000000e+00  9.462851e-01
   outer loop
     vertex  2.569822e+01  6.000000e+00  1.586108e+01
     vertex  2.569822e+01  0.000000e+00  1.586108e+01
     vertex  2.575664e+01  0.000000e+00  1.588104e+01
   endloop
 endfacet
 facet normal -3.233333e-01  0.000000e+00  9.462851e-01
   outer loop
     vertex  2.569822e+01  6.000000e+00  1.586108e+01
     vertex  2.575664e+01  0.000000e+00  1.588104e+01
     vertex  2.575664e+01  6.000000e+00  1.588104e+01
   endloop
 endfacet
 facet normal -2.972512e-01  0.000000e+00  9.547993e-01
   outer loop
     vertex  2.563928e+01  6.000000e+00  1.584273e+01
     vertex  2.563928e+01  0.000000e+00  1.584273e+01
     vertex  2.569822e+01  0.000000e+00  1.586108e+01
   endloop
 endfacet
 facet normal -2.709453e-01  0.000000e+00  9.625948e-01
   outer loop
     vertex  2.563928e+01  6.000000e+00  1.584273e+01
     vertex  2.557986e+01  0.000000e+00  1.582600e+01
     vertex  2.563928e+01  0.000000e+00  1.584273e+01
   endloop
 endfacet
 facet normal -2.972512e-01  0.000000e+00  9.547993e-01
   outer loop
     vertex  2.563928e+01  6.000000e+00  1.584273e+01
     vertex  2.569822e+01  0.000000e+00  1.586108e+01
     vertex  2.569822e+01  6.000000e+00  1.586108e+01
   endloop
 endfacet
 facet normal -2.709453e-01  0.000000e+00  9.625948e-01
   outer loop
     vertex  2.557986e+01  6.000000e+00  1.582600e+01
     vertex  2.557986e+01  0.000000e+00  1.582600e+01
     vertex  2.563928e+01  6.000000e+00  1.584273e+01
   endloop
 endfacet
 facet normal -2.444354e-01  0.000000e+00  9.696656e-01
   outer loop
     vertex  2.552000e+01  6.000000e+00  1.581091e+01
     vertex  2.552000e+01  0.000000e+00  1.581091e+01
     vertex  2.557986e+01  0.000000e+00  1.582600e+01
   endloop
 endfacet
 facet normal -2.444354e-01  0.000000e+00  9.696656e-01
   outer loop
     vertex  2.552000e+01  6.000000e+00  1.581091e+01
     vertex  2.557986e+01  0.000000e+00  1.582600e+01
     vertex  2.557986e+01  6.000000e+00  1.582600e+01
   endloop
 endfacet
 facet normal -2.177416e-01  0.000000e+00  9.760065e-01
   outer loop
     vertex  2.545975e+01  6.000000e+00  1.579747e+01
     vertex  2.545975e+01  0.000000e+00  1.579747e+01
     vertex  2.552000e+01  0.000000e+00  1.581091e+01
   endloop
 endfacet
 facet normal -1.908838e-01  0.000000e+00  9.816126e-01
   outer loop
     vertex  2.545975e+01  6.000000e+00  1.579747e+01
     vertex  2.539915e+01  0.000000e+00  1.578569e+01
     vertex  2.545975e+01  0.000000e+00  1.579747e+01
   endloop
 endfacet
 facet normal -2.177416e-01  0.000000e+00  9.760065e-01
   outer loop
     vertex  2.545975e+01  6.000000e+00  1.579747e+01
     vertex  2.552000e+01  0.000000e+00  1.581091e+01
     vertex  2.552000e+01  6.000000e+00  1.581091e+01
   endloop
 endfacet
 facet normal -1.908838e-01  0.000000e+00  9.816126e-01
   outer loop
     vertex  2.539915e+01  6.000000e+00  1.578569e+01
     vertex  2.539915e+01  0.000000e+00  1.578569e+01
     vertex  2.545975e+01  6.000000e+00  1.579747e+01
   endloop
 endfacet
 facet normal -1.638824e-01  0.000000e+00  9.864799e-01
   outer loop
     vertex  2.533825e+01  6.000000e+00  1.577557e+01
     vertex  2.533825e+01  0.000000e+00  1.577557e+01
     vertex  2.539915e+01  0.000000e+00  1.578569e+01
   endloop
 endfacet
 facet normal -1.638824e-01  0.000000e+00  9.864799e-01
   outer loop
     vertex  2.533825e+01  6.000000e+00  1.577557e+01
     vertex  2.539915e+01  0.000000e+00  1.578569e+01
     vertex  2.539915e+01  6.000000e+00  1.578569e+01
   endloop
 endfacet
 facet normal -1.367575e-01  0.000000e+00  9.906046e-01
   outer loop
     vertex  2.527710e+01  6.000000e+00  1.576713e+01
     vertex  2.527710e+01  0.000000e+00  1.576713e+01
     vertex  2.533825e+01  0.000000e+00  1.577557e+01
   endloop
 endfacet
 facet normal -1.095298e-01  0.000000e+00  9.939835e-01
   outer loop
     vertex  2.527710e+01  6.000000e+00  1.576713e+01
     vertex  2.521574e+01  0.000000e+00  1.576037e+01
     vertex  2.527710e+01  0.000000e+00  1.576713e+01
   endloop
 endfacet
 facet normal -1.367575e-01  0.000000e+00  9.906046e-01
   outer loop
     vertex  2.527710e+01  6.000000e+00  1.576713e+01
     vertex  2.533825e+01  0.000000e+00  1.577557e+01
     vertex  2.533825e+01  6.000000e+00  1.577557e+01
   endloop
 endfacet
 facet normal -1.095298e-01  0.000000e+00  9.939835e-01
   outer loop
     vertex  2.521574e+01  6.000000e+00  1.576037e+01
     vertex  2.521574e+01  0.000000e+00  1.576037e+01
     vertex  2.527710e+01  6.000000e+00  1.576713e+01
   endloop
 endfacet
 facet normal -8.221955e-02  0.000000e+00  9.966142e-01
   outer loop
     vertex  2.515421e+01  6.000000e+00  1.575529e+01
     vertex  2.521574e+01  0.000000e+00  1.576037e+01
     vertex  2.521574e+01  6.000000e+00  1.576037e+01
   endloop
 endfacet
 facet normal -8.221955e-02  0.000000e+00  9.966142e-01
   outer loop
     vertex  2.515421e+01  6.000000e+00  1.575529e+01
     vertex  2.515421e+01  0.000000e+00  1.575529e+01
     vertex  2.521574e+01  0.000000e+00  1.576037e+01
   endloop
 endfacet
 facet normal -5.484744e-02  0.000000e+00  9.984947e-01
   outer loop
     vertex  2.515421e+01  6.000000e+00  1.575529e+01
     vertex  2.509258e+01  0.000000e+00  1.575191e+01
     vertex  2.515421e+01  0.000000e+00  1.575529e+01
   endloop
 endfacet
 facet normal -5.484744e-02  0.000000e+00  9.984947e-01
   outer loop
     vertex  2.509258e+01  6.000000e+00  1.575191e+01
     vertex  2.509258e+01  0.000000e+00  1.575191e+01
     vertex  2.515421e+01  6.000000e+00  1.575529e+01
   endloop
 endfacet
 facet normal -2.743405e-02  0.000000e+00  9.996236e-01
   outer loop
     vertex  2.509258e+01  6.000000e+00  1.575191e+01
     vertex  2.503087e+01  0.000000e+00  1.575021e+01
     vertex  2.509258e+01  0.000000e+00  1.575191e+01
   endloop
 endfacet
 facet normal -2.743405e-02  0.000000e+00  9.996236e-01
   outer loop
     vertex  2.503087e+01  6.000000e+00  1.575021e+01
     vertex  2.503087e+01  0.000000e+00  1.575021e+01
     vertex  2.509258e+01  6.000000e+00  1.575191e+01
   endloop
 endfacet
 facet normal  0.000000e+00  0.000000e+00  1.000000e+00
   outer loop
     vertex  2.503087e+01  6.000000e+00  1.575021e+01
     vertex  2.496913e+01  0.000000e+00  1.575021e+01
     vertex  2.503087e+01  0.000000e+00  1.575021e+01
   endloop
 endfacet
 facet normal -0.000000e+00  0.000000e+00  1.000000e+00
   outer loop
     vertex  2.496913e+01  6.000000e+00  1.575021e+01
     vertex  2.496913e+01  0.000000e+00  1.575021e+01
     vertex  2.503087e+01  6.000000e+00  1.575021e+01
   endloop
 endfacet
 facet normal  2.743405e-02  0.000000e+00  9.996236e-01
   outer loop
     vertex  2.490742e+01  6.000000e+00  1.575191e+01
     vertex  2.496913e+01  0.000000e+00  1.575021e+01
     vertex  2.496913e+01  6.000000e+00  1.575021e+01
   endloop
 endfacet
 facet normal  2.743405e-02  0.000000e+00  9.996236e-01
   outer loop
     vertex  2.490742e+01  6.000000e+00  1.575191e+01
     vertex  2.490742e+01  0.000000e+00  1.575191e+01
     vertex  2.496913e+01  0.000000e+00  1.575021e+01
   endloop
 endfacet
 facet normal  5.484744e-02  0.000000e+00  9.984947e-01
   outer loop
     vertex  2.484579e+01  6.000000e+00  1.575529e+01
     vertex  2.490742e+01  0.000000e+00  1.575191e+01
     vertex  2.490742e+01  6.000000e+00  1.575191e+01
   endloop
 endfacet
 facet normal  5.484744e-02  0.000000e+00  9.984947e-01
   outer loop
     vertex  2.484579e+01  6.000000e+00  1.575529e+01
     vertex  2.484579e+01  0.000000e+00  1.575529e+01
     vertex  2.490742e+01  0.000000e+00  1.575191e+01
   endloop
 endfacet
 facet normal  8.221955e-02  0.000000e+00  9.966142e-01
   outer loop
     vertex  2.478426e+01  6.000000e+00  1.576037e+01
     vertex  2.484579e+01  0.000000e+00  1.575529e+01
     vertex  2.484579e+01  6.000000e+00  1.575529e+01
   endloop
 endfacet
 facet normal  8.221955e-02  0.000000e+00  9.966142e-01
   outer loop
     vertex  2.478426e+01  6.000000e+00  1.576037e+01
     vertex  2.478426e+01  0.000000e+00  1.576037e+01
     vertex  2.484579e+01  0.000000e+00  1.575529e+01
   endloop
 endfacet
 facet normal  1.095298e-01  0.000000e+00  9.939835e-01
   outer loop
     vertex  2.478426e+01  6.000000e+00  1.576037e+01
     vertex  2.472290e+01  0.000000e+00  1.576713e+01
     vertex  2.478426e+01  0.000000e+00  1.576037e+01
   endloop
 endfacet
 facet normal  1.095298e-01  0.000000e+00  9.939835e-01
   outer loop
     vertex  2.472290e+01  6.000000e+00  1.576713e+01
     vertex  2.472290e+01  0.000000e+00  1.576713e+01
     vertex  2.478426e+01  6.000000e+00  1.576037e+01
   endloop
 endfacet
 facet normal  1.367575e-01  0.000000e+00  9.906046e-01
   outer loop
     vertex  2.472290e+01  6.000000e+00  1.576713e+01
     vertex  2.466175e+01  0.000000e+00  1.577557e+01
     vertex  2.472290e+01  0.000000e+00  1.576713e+01
   endloop
 endfacet
 facet normal  1.367575e-01  0.000000e+00  9.906046e-01
   outer loop
     vertex  2.466175e+01  6.000000e+00  1.577557e+01
     vertex  2.466175e+01  0.000000e+00  1.577557e+01
     vertex  2.472290e+01  6.000000e+00  1.576713e+01
   endloop
 endfacet
 facet normal  1.638824e-01  0.000000e+00  9.864799e-01
   outer loop
     vertex  2.466175e+01  6.000000e+00  1.577557e+01
     vertex  2.460085e+01  0.000000e+00  1.578569e+01
     vertex  2.466175e+01  0.000000e+00  1.577557e+01
   endloop
 endfacet
 facet normal  1.638824e-01  0.000000e+00  9.864799e-01
   outer loop
     vertex  2.460085e+01  6.000000e+00  1.578569e+01
     vertex  2.460085e+01  0.000000e+00  1.578569e+01
     vertex  2.466175e+01  6.000000e+00  1.577557e+01
   endloop
 endfacet
 facet normal  1.908838e-01  0.000000e+00  9.816126e-01
   outer loop
     vertex  2.454025e+01  6.000000e+00  1.579747e+01
     vertex  2.460085e+01  0.000000e+00  1.578569e+01
     vertex  2.460085e+01  6.000000e+00  1.578569e+01
   endloop
 endfacet
 facet normal  1.908838e-01  0.000000e+00  9.816126e-01
   outer loop
     vertex  2.454025e+01  6.000000e+00  1.579747e+01
     vertex  2.454025e+01  0.000000e+00  1.579747e+01
     vertex  2.460085e+01  0.000000e+00  1.578569e+01
   endloop
 endfacet
 facet normal  2.177416e-01  0.000000e+00  9.760065e-01
   outer loop
     vertex  2.454025e+01  6.000000e+00  1.579747e+01
     vertex  2.448000e+01  0.000000e+00  1.581091e+01
     vertex  2.454025e+01  0.000000e+00  1.579747e+01
   endloop
 endfacet
 facet normal  2.177416e-01  0.000000e+00  9.760065e-01
   outer loop
     vertex  2.448000e+01  6.000000e+00  1.581091e+01
     vertex  2.448000e+01  0.000000e+00  1.581091e+01
     vertex  2.454025e+01  6.000000e+00  1.579747e+01
   endloop
 endfacet
 facet normal  2.444354e-01  0.000000e+00  9.696656e-01
   outer loop
     vertex  2.442014e+01  6.000000e+00  1.582600e+01
     vertex  2.442014e+01  0.000000e+00  1.582600e+01
     vertex  2.448000e+01  0.000000e+00  1.581091e+01
   endloop
 endfacet
 facet normal  2.709453e-01  0.000000e+00  9.625948e-01
   outer loop
     vertex  2.442014e+01  6.000000e+00  1.582600e+01
     vertex  2.436072e+01  0.000000e+00  1.584273e+01
     vertex  2.442014e+01  0.000000e+00  1.582600e+01
   endloop
 endfacet
 facet normal  2.444354e-01  0.000000e+00  9.696656e-01
   outer loop
     vertex  2.442014e+01  6.000000e+00  1.582600e+01
     vertex  2.448000e+01  0.000000e+00  1.581091e+01
     vertex  2.448000e+01  6.000000e+00  1.581091e+01
   endloop
 endfacet
 facet normal  2.709453e-01  0.000000e+00  9.625948e-01
   outer loop
     vertex  2.436072e+01  6.000000e+00  1.584273e+01
     vertex  2.436072e+01  0.000000e+00  1.584273e+01
     vertex  2.442014e+01  6.000000e+00  1.582600e+01
   endloop
 endfacet
 facet normal  2.972512e-01  0.000000e+00  9.547993e-01
   outer loop
     vertex  2.430178e+01  6.000000e+00  1.586108e+01
     vertex  2.430178e+01  0.000000e+00  1.586108e+01
     vertex  2.436072e+01  0.000000e+00  1.584273e+01
   endloop
 endfacet
 facet normal  2.972512e-01  0.000000e+00  9.547993e-01
   outer loop
     vertex  2.430178e+01  6.000000e+00  1.586108e+01
     vertex  2.436072e+01  0.000000e+00  1.584273e+01
     vertex  2.436072e+01  6.000000e+00  1.584273e+01
   endloop
 endfacet
 facet normal  3.233333e-01  0.000000e+00  9.462851e-01
   outer loop
     vertex  2.424336e+01  6.000000e+00  1.588104e+01
     vertex  2.424336e+01  0.000000e+00  1.588104e+01
     vertex  2.430178e+01  0.000000e+00  1.586108e+01
   endloop
 endfacet
 facet normal  3.491720e-01  0.000000e+00  9.370586e-01
   outer loop
     vertex  2.424336e+01  6.000000e+00  1.588104e+01
     vertex  2.418551e+01  0.000000e+00  1.590259e+01
     vertex  2.424336e+01  0.000000e+00  1.588104e+01
   endloop
 endfacet
 facet normal  3.233333e-01  0.000000e+00  9.462851e-01
   outer loop
     vertex  2.424336e+01  6.000000e+00  1.588104e+01
     vertex  2.430178e+01  0.000000e+00  1.586108e+01
     vertex  2.430178e+01  6.000000e+00  1.586108e+01
   endloop
 endfacet
 facet normal  3.491720e-01  0.000000e+00  9.370586e-01
   outer loop
     vertex  2.418551e+01  6.000000e+00  1.590259e+01
     vertex  2.418551e+01  0.000000e+00  1.590259e+01
     vertex  2.424336e+01  6.000000e+00  1.588104e+01
   endloop
 endfacet
 facet normal  3.747479e-01  0.000000e+00  9.271267e-01
   outer loop
     vertex  2.412828e+01  6.000000e+00  1.592573e+01
     vertex  2.412828e+01  0.000000e+00  1.592573e+01
     vertex  2.418551e+01  0.000000e+00  1.590259e+01
   endloop
 endfacet
 facet normal  3.747479e-01  0.000000e+00  9.271267e-01
   outer loop
     vertex  2.412828e+01  6.000000e+00  1.592573e+01
     vertex  2.418551e+01  0.000000e+00  1.590259e+01
     vertex  2.418551e+01  6.000000e+00  1.590259e+01
   endloop
 endfacet
 facet normal  4.000417e-01  0.000000e+00  9.164969e-01
   outer loop
     vertex  2.407170e+01  6.000000e+00  1.595042e+01
     vertex  2.407170e+01  0.000000e+00  1.595042e+01
     vertex  2.412828e+01  0.000000e+00  1.592573e+01
   endloop
 endfacet
 facet normal  4.250344e-01  0.000000e+00  9.051772e-01
   outer loop
     vertex  2.407170e+01  6.000000e+00  1.595042e+01
     vertex  2.401582e+01  0.000000e+00  1.597666e+01
     vertex  2.407170e+01  0.000000e+00  1.595042e+01
   endloop
 endfacet
 facet normal  4.000417e-01  0.000000e+00  9.164969e-01
   outer loop
     vertex  2.407170e+01  6.000000e+00  1.595042e+01
     vertex  2.412828e+01  0.000000e+00  1.592573e+01
     vertex  2.412828e+01  6.000000e+00  1.592573e+01
   endloop
 endfacet
 facet normal  4.497071e-01  0.000000e+00  8.931761e-01
   outer loop
     vertex  2.401582e+01  6.000000e+00  1.597666e+01
     vertex  2.396069e+01  0.000000e+00  1.600442e+01
     vertex  2.401582e+01  0.000000e+00  1.597666e+01
   endloop
 endfacet
 facet normal  4.250344e-01  0.000000e+00  9.051772e-01
   outer loop
     vertex  2.401582e+01  6.000000e+00  1.597666e+01
     vertex  2.401582e+01  0.000000e+00  1.597666e+01
     vertex  2.407170e+01  6.000000e+00  1.595042e+01
   endloop
 endfacet
 facet normal  4.497071e-01  0.000000e+00  8.931761e-01
   outer loop
     vertex  2.396069e+01  6.000000e+00  1.600442e+01
     vertex  2.396069e+01  0.000000e+00  1.600442e+01
     vertex  2.401582e+01  6.000000e+00  1.597666e+01
   endloop
 endfacet
 facet normal  4.740412e-01  0.000000e+00  8.805026e-01
   outer loop
     vertex  2.390633e+01  6.000000e+00  1.603369e+01
     vertex  2.390633e+01  0.000000e+00  1.603369e+01
     vertex  2.396069e+01  0.000000e+00  1.600442e+01
   endloop
 endfacet
 facet normal  4.740412e-01  0.000000e+00  8.805026e-01
   outer loop
     vertex  2.390633e+01  6.000000e+00  1.603369e+01
     vertex  2.396069e+01  0.000000e+00  1.600442e+01
     vertex  2.396069e+01  6.000000e+00  1.600442e+01
   endloop
 endfacet
 facet normal  4.980186e-01  0.000000e+00  8.671664e-01
   outer loop
     vertex  2.385280e+01  6.000000e+00  1.606443e+01
     vertex  2.385280e+01  0.000000e+00  1.606443e+01
     vertex  2.390633e+01  0.000000e+00  1.603369e+01
   endloop
 endfacet
 facet normal  5.216210e-01  0.000000e+00  8.531773e-01
   outer loop
     vertex  2.385280e+01  6.000000e+00  1.606443e+01
     vertex  2.380013e+01  0.000000e+00  1.609663e+01
     vertex  2.385280e+01  0.000000e+00  1.606443e+01
   endloop
 endfacet
 facet normal  4.980186e-01  0.000000e+00  8.671664e-01
   outer loop
     vertex  2.385280e+01  6.000000e+00  1.606443e+01
     vertex  2.390633e+01  0.000000e+00  1.603369e+01
     vertex  2.390633e+01  6.000000e+00  1.603369e+01
   endloop
 endfacet
 facet normal  5.216210e-01  0.000000e+00  8.531773e-01
   outer loop
     vertex  2.380013e+01  6.000000e+00  1.609663e+01
     vertex  2.380013e+01  0.000000e+00  1.609663e+01
     vertex  2.385280e+01  6.000000e+00  1.606443e+01
   endloop
 endfacet
 facet normal  5.448308e-01  0.000000e+00  8.385460e-01
   outer loop
     vertex  2.374836e+01  6.000000e+00  1.613027e+01
     vertex  2.380013e+01  0.000000e+00  1.609663e+01
     vertex  2.380013e+01  6.000000e+00  1.609663e+01
   endloop
 endfacet
 facet normal  5.448308e-01  0.000000e+00  8.385460e-01
   outer loop
     vertex  2.374836e+01  6.000000e+00  1.613027e+01
     vertex  2.374836e+01  0.000000e+00  1.613027e+01
     vertex  2.380013e+01  0.000000e+00  1.609663e+01
   endloop
 endfacet
 facet normal  5.676304e-01  0.000000e+00  8.232835e-01
   outer loop
     vertex  2.374836e+01  6.000000e+00  1.613027e+01
     vertex  2.369754e+01  0.000000e+00  1.616531e+01
     vertex  2.374836e+01  0.000000e+00  1.613027e+01
   endloop
 endfacet
 facet normal  5.676304e-01  0.000000e+00  8.232835e-01
   outer loop
     vertex  2.369754e+01  6.000000e+00  1.616531e+01
     vertex  2.369754e+01  0.000000e+00  1.616531e+01
     vertex  2.374836e+01  6.000000e+00  1.613027e+01
   endloop
 endfacet
 facet normal  5.900028e-01  0.000000e+00  8.074012e-01
   outer loop
     vertex  2.369754e+01  6.000000e+00  1.616531e+01
     vertex  2.364770e+01  0.000000e+00  1.620173e+01
     vertex  2.369754e+01  0.000000e+00  1.616531e+01
   endloop
 endfacet
 facet normal  5.900028e-01  0.000000e+00  8.074012e-01
   outer loop
     vertex  2.364770e+01  6.000000e+00  1.620173e+01
     vertex  2.364770e+01  0.000000e+00  1.620173e+01
     vertex  2.369754e+01  6.000000e+00  1.616531e+01
   endloop
 endfacet
 facet normal  6.119310e-01  0.000000e+00  7.909112e-01
   outer loop
     vertex  2.359887e+01  6.000000e+00  1.623951e+01
     vertex  2.364770e+01  0.000000e+00  1.620173e+01
     vertex  2.364770e+01  6.000000e+00  1.620173e+01
   endloop
 endfacet
 facet normal  6.119310e-01  0.000000e+00  7.909112e-01
   outer loop
     vertex  2.359887e+01  6.000000e+00  1.623951e+01
     vertex  2.359887e+01  0.000000e+00  1.623951e+01
     vertex  2.364770e+01  0.000000e+00  1.620173e+01
   endloop
 endfacet
 facet normal  6.333986e-01  0.000000e+00  7.738257e-01
   outer loop
     vertex  2.359887e+01  6.000000e+00  1.623951e+01
     vertex  2.355110e+01  0.000000e+00  1.627861e+01
     vertex  2.359887e+01  0.000000e+00  1.623951e+01
   endloop
 endfacet
 facet normal  6.333986e-01  0.000000e+00  7.738257e-01
   outer loop
     vertex  2.355110e+01  6.000000e+00  1.627861e+01
     vertex  2.355110e+01  0.000000e+00  1.627861e+01
     vertex  2.359887e+01  6.000000e+00  1.623951e+01
   endloop
 endfacet
 facet normal  6.543893e-01  0.000000e+00  7.561578e-01
   outer loop
     vertex  2.350442e+01  6.000000e+00  1.631900e+01
     vertex  2.355110e+01  0.000000e+00  1.627861e+01
     vertex  2.355110e+01  6.000000e+00  1.627861e+01
   endloop
 endfacet
 facet normal  6.543893e-01  0.000000e+00  7.561578e-01
   outer loop
     vertex  2.350442e+01  6.000000e+00  1.631900e+01
     vertex  2.350442e+01  0.000000e+00  1.631900e+01
     vertex  2.355110e+01  0.000000e+00  1.627861e+01
   endloop
 endfacet
 facet normal  6.748875e-01  0.000000e+00  7.379206e-01
   outer loop
     vertex  2.350442e+01  6.000000e+00  1.631900e+01
     vertex  2.345887e+01  0.000000e+00  1.636067e+01
     vertex  2.350442e+01  0.000000e+00  1.631900e+01
   endloop
 endfacet
 facet normal  6.748875e-01  0.000000e+00  7.379206e-01
   outer loop
     vertex  2.345887e+01  6.000000e+00  1.636067e+01
     vertex  2.345887e+01  0.000000e+00  1.636067e+01
     vertex  2.350442e+01  6.000000e+00  1.631900e+01
   endloop
 endfacet
 facet normal  6.948776e-01  0.000000e+00  7.191280e-01
   outer loop
     vertex  2.345887e+01  6.000000e+00  1.636067e+01
     vertex  2.341448e+01  0.000000e+00  1.640356e+01
     vertex  2.345887e+01  0.000000e+00  1.636067e+01
   endloop
 endfacet
 facet normal  6.948776e-01  0.000000e+00  7.191280e-01
   outer loop
     vertex  2.341448e+01  6.000000e+00  1.640356e+01
     vertex  2.341448e+01  0.000000e+00  1.640356e+01
     vertex  2.345887e+01  6.000000e+00  1.636067e+01
   endloop
 endfacet
 facet normal  7.143447e-01  0.000000e+00  6.997940e-01
   outer loop
     vertex  2.341448e+01  6.000000e+00  1.640356e+01
     vertex  2.337128e+01  0.000000e+00  1.644766e+01
     vertex  2.341448e+01  0.000000e+00  1.640356e+01
   endloop
 endfacet
 facet normal  7.143447e-01  0.000000e+00  6.997940e-01
   outer loop
     vertex  2.337128e+01  6.000000e+00  1.644766e+01
     vertex  2.337128e+01  0.000000e+00  1.644766e+01
     vertex  2.341448e+01  6.000000e+00  1.640356e+01
   endloop
 endfacet
 facet normal  7.332740e-01  0.000000e+00  6.799333e-01
   outer loop
     vertex  2.332930e+01  6.000000e+00  1.649293e+01
     vertex  2.337128e+01  0.000000e+00  1.644766e+01
     vertex  2.337128e+01  6.000000e+00  1.644766e+01
   endloop
 endfacet
 facet normal  7.332740e-01  0.000000e+00  6.799333e-01
   outer loop
     vertex  2.332930e+01  6.000000e+00  1.649293e+01
     vertex  2.332930e+01  0.000000e+00  1.649293e+01
     vertex  2.337128e+01  0.000000e+00  1.644766e+01
   endloop
 endfacet
 facet normal  7.516513e-01  0.000000e+00  6.595607e-01
   outer loop
     vertex  2.328859e+01  6.000000e+00  1.653933e+01
     vertex  2.332930e+01  0.000000e+00  1.649293e+01
     vertex  2.332930e+01  6.000000e+00  1.649293e+01
   endloop
 endfacet
 facet normal  7.516513e-01  0.000000e+00  6.595607e-01
   outer loop
     vertex  2.328859e+01  6.000000e+00  1.653933e+01
     vertex  2.328859e+01  0.000000e+00  1.653933e+01
     vertex  2.332930e+01  0.000000e+00  1.649293e+01
   endloop
 endfacet
 facet normal  7.694628e-01  0.000000e+00  6.386916e-01
   outer loop
     vertex  2.328859e+01  6.000000e+00  1.653933e+01
     vertex  2.324916e+01  0.000000e+00  1.658683e+01
     vertex  2.328859e+01  0.000000e+00  1.653933e+01
   endloop
 endfacet
 facet normal  7.694628e-01  0.000000e+00  6.386916e-01
   outer loop
     vertex  2.324916e+01  6.000000e+00  1.658683e+01
     vertex  2.324916e+01  0.000000e+00  1.658683e+01
     vertex  2.328859e+01  6.000000e+00  1.653933e+01
   endloop
 endfacet
 facet normal  7.866951e-01  0.000000e+00  6.173417e-01
   outer loop
     vertex  2.321105e+01  6.000000e+00  1.663539e+01
     vertex  2.324916e+01  0.000000e+00  1.658683e+01
     vertex  2.324916e+01  6.000000e+00  1.658683e+01
   endloop
 endfacet
 facet normal  7.866951e-01  0.000000e+00  6.173417e-01
   outer loop
     vertex  2.321105e+01  6.000000e+00  1.663539e+01
     vertex  2.321105e+01  0.000000e+00  1.663539e+01
     vertex  2.324916e+01  0.000000e+00  1.658683e+01
   endloop
 endfacet
 facet normal  8.033352e-01  0.000000e+00  5.955271e-01
   outer loop
     vertex  2.321105e+01  6.000000e+00  1.663539e+01
     vertex  2.317428e+01  0.000000e+00  1.668499e+01
     vertex  2.321105e+01  0.000000e+00  1.663539e+01
   endloop
 endfacet
 facet normal  8.033352e-01  0.000000e+00  5.955271e-01
   outer loop
     vertex  2.317428e+01  6.000000e+00  1.668499e+01
     vertex  2.317428e+01  0.000000e+00  1.668499e+01
     vertex  2.321105e+01  6.000000e+00  1.663539e+01
   endloop
 endfacet
 facet normal  8.193706e-01  0.000000e+00  5.732642e-01
   outer loop
     vertex  2.317428e+01  6.000000e+00  1.668499e+01
     vertex  2.313890e+01  0.000000e+00  1.673557e+01
     vertex  2.317428e+01  0.000000e+00  1.668499e+01
   endloop
 endfacet
 facet normal  8.193706e-01  0.000000e+00  5.732642e-01
   outer loop
     vertex  2.313890e+01  6.000000e+00  1.673557e+01
     vertex  2.313890e+01  0.000000e+00  1.673557e+01
     vertex  2.317428e+01  6.000000e+00  1.668499e+01
   endloop
 endfacet
 facet normal  8.347891e-01  0.000000e+00  5.505698e-01
   outer loop
     vertex  2.313890e+01  6.000000e+00  1.673557e+01
     vertex  2.310491e+01  0.000000e+00  1.678710e+01
     vertex  2.313890e+01  0.000000e+00  1.673557e+01
   endloop
 endfacet
 facet normal  8.347891e-01  0.000000e+00  5.505698e-01
   outer loop
     vertex  2.310491e+01  6.000000e+00  1.678710e+01
     vertex  2.310491e+01  0.000000e+00  1.678710e+01
     vertex  2.313890e+01  6.000000e+00  1.673557e+01
   endloop
 endfacet
 facet normal  8.495793e-01  0.000000e+00  5.274609e-01
   outer loop
     vertex  2.307235e+01  6.000000e+00  1.683955e+01
     vertex  2.310491e+01  0.000000e+00  1.678710e+01
     vertex  2.310491e+01  6.000000e+00  1.678710e+01
   endloop
 endfacet
 facet normal  8.495793e-01  0.000000e+00  5.274609e-01
   outer loop
     vertex  2.307235e+01  6.000000e+00  1.683955e+01
     vertex  2.307235e+01  0.000000e+00  1.683955e+01
     vertex  2.310491e+01  0.000000e+00  1.678710e+01
   endloop
 endfacet
 facet normal  8.637299e-01  0.000000e+00  5.039550e-01
   outer loop
     vertex  2.307235e+01  6.000000e+00  1.683955e+01
     vertex  2.304124e+01  0.000000e+00  1.689287e+01
     vertex  2.307235e+01  0.000000e+00  1.683955e+01
   endloop
 endfacet
 facet normal  8.637299e-01  0.000000e+00  5.039550e-01
   outer loop
     vertex  2.304124e+01  6.000000e+00  1.689287e+01
     vertex  2.304124e+01  0.000000e+00  1.689287e+01
     vertex  2.307235e+01  6.000000e+00  1.683955e+01
   endloop
 endfacet
 facet normal  8.772303e-01  0.000000e+00  4.800697e-01
   outer loop
     vertex  2.301160e+01  6.000000e+00  1.694702e+01
     vertex  2.304124e+01  0.000000e+00  1.689287e+01
     vertex  2.304124e+01  6.000000e+00  1.689287e+01
   endloop
 endfacet
 facet normal  8.772303e-01  0.000000e+00  4.800697e-01
   outer loop
     vertex  2.301160e+01  6.000000e+00  1.694702e+01
     vertex  2.301160e+01  0.000000e+00  1.694702e+01
     vertex  2.304124e+01  0.000000e+00  1.689287e+01
   endloop
 endfacet
 facet normal  8.900704e-01  0.000000e+00  4.558231e-01
   outer loop
     vertex  2.301160e+01  6.000000e+00  1.694702e+01
     vertex  2.298346e+01  0.000000e+00  1.700197e+01
     vertex  2.301160e+01  0.000000e+00  1.694702e+01
   endloop
 endfacet
 facet normal  8.900704e-01  0.000000e+00  4.558231e-01
   outer loop
     vertex  2.298346e+01  6.000000e+00  1.700197e+01
     vertex  2.298346e+01  0.000000e+00  1.700197e+01
     vertex  2.301160e+01  6.000000e+00  1.694702e+01
   endloop
 endfacet
 facet normal  9.022405e-01  0.000000e+00  4.312333e-01
   outer loop
     vertex  2.295684e+01  6.000000e+00  1.705767e+01
     vertex  2.298346e+01  0.000000e+00  1.700197e+01
     vertex  2.298346e+01  6.000000e+00  1.700197e+01
   endloop
 endfacet
 facet normal  9.022405e-01  0.000000e+00  4.312333e-01
   outer loop
     vertex  2.295684e+01  6.000000e+00  1.705767e+01
     vertex  2.295684e+01  0.000000e+00  1.705767e+01
     vertex  2.298346e+01  0.000000e+00  1.700197e+01
   endloop
 endfacet
 facet normal  9.137314e-01  0.000000e+00  4.063188e-01
   outer loop
     vertex  2.293176e+01  6.000000e+00  1.711407e+01
     vertex  2.295684e+01  0.000000e+00  1.705767e+01
     vertex  2.295684e+01  6.000000e+00  1.705767e+01
   endloop
 endfacet
 facet normal  9.137314e-01  0.000000e+00  4.063188e-01
   outer loop
     vertex  2.293176e+01  6.000000e+00  1.711407e+01
     vertex  2.293176e+01  0.000000e+00  1.711407e+01
     vertex  2.295684e+01  0.000000e+00  1.705767e+01
   endloop
 endfacet
 facet normal  9.245344e-01  0.000000e+00  3.810986e-01
   outer loop
     vertex  2.293176e+01  6.000000e+00  1.711407e+01
     vertex  2.290823e+01  0.000000e+00  1.717115e+01
     vertex  2.293176e+01  0.000000e+00  1.711407e+01
   endloop
 endfacet
 facet normal  9.245344e-01  0.000000e+00  3.810986e-01
   outer loop
     vertex  2.290823e+01  6.000000e+00  1.717115e+01
     vertex  2.290823e+01  0.000000e+00  1.717115e+01
     vertex  2.293176e+01  6.000000e+00  1.711407e+01
   endloop
 endfacet
 facet normal  9.346415e-01  0.000000e+00  3.555914e-01
   outer loop
     vertex  2.288628e+01  6.000000e+00  1.722884e+01
     vertex  2.288628e+01  0.000000e+00  1.722884e+01
     vertex  2.290823e+01  0.000000e+00  1.717115e+01
   endloop
 endfacet
 facet normal  9.346415e-01  0.000000e+00  3.555914e-01
   outer loop
     vertex  2.288628e+01  6.000000e+00  1.722884e+01
     vertex  2.290823e+01  0.000000e+00  1.717115e+01
     vertex  2.290823e+01  6.000000e+00  1.717115e+01
   endloop
 endfacet
 facet normal  9.440450e-01  0.000000e+00  3.298166e-01
   outer loop
     vertex  2.286592e+01  6.000000e+00  1.728712e+01
     vertex  2.286592e+01  0.000000e+00  1.728712e+01
     vertex  2.288628e+01  0.000000e+00  1.722884e+01
   endloop
 endfacet
 facet normal  9.527379e-01  0.000000e+00  3.037934e-01
   outer loop
     vertex  2.286592e+01  6.000000e+00  1.728712e+01
     vertex  2.284716e+01  0.000000e+00  1.734594e+01
     vertex  2.286592e+01  0.000000e+00  1.728712e+01
   endloop
 endfacet
 facet normal  9.440450e-01  0.000000e+00  3.298166e-01
   outer loop
     vertex  2.286592e+01  6.000000e+00  1.728712e+01
     vertex  2.288628e+01  0.000000e+00  1.722884e+01
     vertex  2.288628e+01  6.000000e+00  1.722884e+01
   endloop
 endfacet
 facet normal  9.607136e-01  0.000000e+00  2.775416e-01
   outer loop
     vertex  2.284716e+01  6.000000e+00  1.734594e+01
     vertex  2.283003e+01  0.000000e+00  1.740524e+01
     vertex  2.284716e+01  0.000000e+00  1.734594e+01
   endloop
 endfacet
 facet normal  9.527379e-01  0.000000e+00  3.037934e-01
   outer loop
     vertex  2.284716e+01  6.000000e+00  1.734594e+01
     vertex  2.284716e+01  0.000000e+00  1.734594e+01
     vertex  2.286592e+01  6.000000e+00  1.728712e+01
   endloop
 endfacet
 facet normal  9.607136e-01  0.000000e+00  2.775416e-01
   outer loop
     vertex  2.283003e+01  6.000000e+00  1.740524e+01
     vertex  2.283003e+01  0.000000e+00  1.740524e+01
     vertex  2.284716e+01  6.000000e+00  1.734594e+01
   endloop
 endfacet
 facet normal  9.679661e-01  0.000000e+00  2.510809e-01
   outer loop
     vertex  2.281453e+01  6.000000e+00  1.746500e+01
     vertex  2.283003e+01  0.000000e+00  1.740524e+01
     vertex  2.283003e+01  6.000000e+00  1.740524e+01
   endloop
 endfacet
 facet normal  9.679661e-01  0.000000e+00  2.510809e-01
   outer loop
     vertex  2.281453e+01  6.000000e+00  1.746500e+01
     vertex  2.281453e+01  0.000000e+00  1.746500e+01
     vertex  2.283003e+01  0.000000e+00  1.740524e+01
   endloop
 endfacet
 facet normal  9.744899e-01  0.000000e+00  2.244312e-01
   outer loop
     vertex  2.281453e+01  6.000000e+00  1.746500e+01
     vertex  2.280068e+01  0.000000e+00  1.752516e+01
     vertex  2.281453e+01  0.000000e+00  1.746500e+01
   endloop
 endfacet
 facet normal  9.744899e-01  0.000000e+00  2.244312e-01
   outer loop
     vertex  2.280068e+01  6.000000e+00  1.752516e+01
     vertex  2.280068e+01  0.000000e+00  1.752516e+01
     vertex  2.281453e+01  6.000000e+00  1.746500e+01
   endloop
 endfacet
 facet normal  9.802802e-01  0.000000e+00  1.976125e-01
   outer loop
     vertex  2.278848e+01  6.000000e+00  1.758567e+01
     vertex  2.280068e+01  0.000000e+00  1.752516e+01
     vertex  2.280068e+01  6.000000e+00  1.752516e+01
   endloop
 endfacet
 facet normal  9.802802e-01  0.000000e+00  1.976125e-01
   outer loop
     vertex  2.278848e+01  6.000000e+00  1.758567e+01
     vertex  2.278848e+01  0.000000e+00  1.758567e+01
     vertex  2.280068e+01  0.000000e+00  1.752516e+01
   endloop
 endfacet
 facet normal  9.853326e-01  0.000000e+00  1.706451e-01
   outer loop
     vertex  2.278848e+01  6.000000e+00  1.758567e+01
     vertex  2.277794e+01  0.000000e+00  1.764650e+01
     vertex  2.278848e+01  0.000000e+00  1.758567e+01
   endloop
 endfacet
 facet normal  9.853326e-01  0.000000e+00  1.706451e-01
   outer loop
     vertex  2.277794e+01  6.000000e+00  1.764650e+01
     vertex  2.277794e+01  0.000000e+00  1.764650e+01
     vertex  2.278848e+01  6.000000e+00  1.758567e+01
   endloop
 endfacet
 facet normal  9.896432e-01  0.000000e+00  1.435492e-01
   outer loop
     vertex  2.277794e+01  6.000000e+00  1.764650e+01
     vertex  2.276908e+01  0.000000e+00  1.770759e+01
     vertex  2.277794e+01  0.000000e+00  1.764650e+01
   endloop
 endfacet
 facet normal  9.896432e-01  0.000000e+00  1.435492e-01
   outer loop
     vertex  2.276908e+01  6.000000e+00  1.770759e+01
     vertex  2.276908e+01  0.000000e+00  1.770759e+01
     vertex  2.277794e+01  6.000000e+00  1.764650e+01
   endloop
 endfacet
 facet normal  9.932088e-01  0.000000e+00  1.163452e-01
   outer loop
     vertex  2.276908e+01  6.000000e+00  1.770759e+01
     vertex  2.276190e+01  0.000000e+00  1.776890e+01
     vertex  2.276908e+01  0.000000e+00  1.770759e+01
   endloop
 endfacet
 facet normal  9.932088e-01  0.000000e+00  1.163452e-01
   outer loop
     vertex  2.276190e+01  6.000000e+00  1.776890e+01
     vertex  2.276190e+01  0.000000e+00  1.776890e+01
     vertex  2.276908e+01  6.000000e+00  1.770759e+01
   endloop
 endfacet
 facet normal  9.960268e-01  0.000000e+00  8.905371e-02
   outer loop
     vertex  2.275640e+01  6.000000e+00  1.783039e+01
     vertex  2.276190e+01  0.000000e+00  1.776890e+01
     vertex  2.276190e+01  6.000000e+00  1.776890e+01
   endloop
 endfacet
 facet normal  9.960268e-01  0.000000e+00  8.905371e-02
   outer loop
     vertex  2.275640e+01  6.000000e+00  1.783039e+01
     vertex  2.275640e+01  0.000000e+00  1.783039e+01
     vertex  2.276190e+01  0.000000e+00  1.776890e+01
   endloop
 endfacet
 facet normal  9.980950e-01  0.000000e+00  6.169515e-02
   outer loop
     vertex  2.275640e+01  6.000000e+00  1.783039e+01
     vertex  2.275259e+01  0.000000e+00  1.789201e+01
     vertex  2.275640e+01  0.000000e+00  1.783039e+01
   endloop
 endfacet
 facet normal  9.980950e-01  0.000000e+00  6.169515e-02
   outer loop
     vertex  2.275259e+01  6.000000e+00  1.789201e+01
     vertex  2.275259e+01  0.000000e+00  1.789201e+01
     vertex  2.275640e+01  6.000000e+00  1.783039e+01
   endloop
 endfacet
 facet normal  9.994119e-01  0.000000e+00  3.429014e-02
   outer loop
     vertex  2.275048e+01  6.000000e+00  1.795370e+01
     vertex  2.275259e+01  0.000000e+00  1.789201e+01
     vertex  2.275259e+01  6.000000e+00  1.789201e+01
   endloop
 endfacet
 facet normal  9.994119e-01  0.000000e+00  3.429014e-02
   outer loop
     vertex  2.275048e+01  6.000000e+00  1.795370e+01
     vertex  2.275048e+01  0.000000e+00  1.795370e+01
     vertex  2.275259e+01  0.000000e+00  1.789201e+01
   endloop
 endfacet
 facet normal  9.999765e-01  0.000000e+00  6.859319e-03
   outer loop
     vertex  2.275048e+01  6.000000e+00  1.795370e+01
     vertex  2.275005e+01  0.000000e+00  1.801543e+01
     vertex  2.275048e+01  0.000000e+00  1.795370e+01
   endloop
 endfacet
 facet normal  9.999765e-01  0.000000e+00  6.859319e-03
   outer loop
     vertex  2.275005e+01  6.000000e+00  1.801543e+01
     vertex  2.275005e+01  0.000000e+00  1.801543e+01
     vertex  2.275048e+01  6.000000e+00  1.795370e+01
   endloop
 endfacet
 facet normal  9.988475e-01  0.000000e+00 -4.799716e-02
   outer loop
     vertex  2.275132e+01  6.000000e+00  1.807715e+01
     vertex  2.275429e+01  0.000000e+00  1.813881e+01
     vertex  2.275132e+01  0.000000e+00  1.807715e+01
   endloop
 endfacet
 facet normal  9.997883e-01  0.000000e+00 -2.057667e-02
   outer loop
     vertex  2.275132e+01  6.000000e+00  1.807715e+01
     vertex  2.275005e+01  0.000000e+00  1.801543e+01
     vertex  2.275005e+01  6.000000e+00  1.801543e+01
   endloop
 endfacet
 facet normal  9.997883e-01  0.000000e+00 -2.057667e-02
   outer loop
     vertex  2.275132e+01  6.000000e+00  1.807715e+01
     vertex  2.275132e+01  0.000000e+00  1.807715e+01
     vertex  2.275005e+01  0.000000e+00  1.801543e+01
   endloop
 endfacet
 facet normal  9.988475e-01  0.000000e+00 -4.799716e-02
   outer loop
     vertex  2.275429e+01  6.000000e+00  1.813881e+01
     vertex  2.275429e+01  0.000000e+00  1.813881e+01
     vertex  2.275132e+01  6.000000e+00  1.807715e+01
   endloop
 endfacet
 facet normal  9.971548e-01  0.000000e+00 -7.538152e-02
   outer loop
     vertex  2.275894e+01  6.000000e+00  1.820037e+01
     vertex  2.275894e+01  0.000000e+00  1.820037e+01
     vertex  2.275429e+01  0.000000e+00  1.813881e+01
   endloop
 endfacet
 facet normal  9.971548e-01  0.000000e+00 -7.538152e-02
   outer loop
     vertex  2.275894e+01  6.000000e+00  1.820037e+01
     vertex  2.275429e+01  0.000000e+00  1.813881e+01
     vertex  2.275429e+01  6.000000e+00  1.813881e+01
   endloop
 endfacet
 facet normal  9.947114e-01  0.000000e+00 -1.027091e-01
   outer loop
     vertex  2.276528e+01  6.000000e+00  1.826178e+01
     vertex  2.276528e+01  0.000000e+00  1.826178e+01
     vertex  2.275894e+01  0.000000e+00  1.820037e+01
   endloop
 endfacet
 facet normal  9.947114e-01  0.000000e+00 -1.027091e-01
   outer loop
     vertex  2.276528e+01  6.000000e+00  1.826178e+01
     vertex  2.275894e+01  0.000000e+00  1.820037e+01
     vertex  2.275894e+01  6.000000e+00  1.820037e+01
   endloop
 endfacet
 facet normal  9.915193e-01  0.000000e+00 -1.299594e-01
   outer loop
     vertex  2.277330e+01  6.000000e+00  1.832299e+01
     vertex  2.277330e+01  0.000000e+00  1.832299e+01
     vertex  2.276528e+01  0.000000e+00  1.826178e+01
   endloop
 endfacet
 facet normal  9.915193e-01  0.000000e+00 -1.299594e-01
   outer loop
     vertex  2.277330e+01  6.000000e+00  1.832299e+01
     vertex  2.276528e+01  0.000000e+00  1.826178e+01
     vertex  2.276528e+01  6.000000e+00  1.826178e+01
   endloop
 endfacet
 facet normal  9.875808e-01  0.000000e+00 -1.571119e-01
   outer loop
     vertex  2.278300e+01  6.000000e+00  1.838395e+01
     vertex  2.278300e+01  0.000000e+00  1.838395e+01
     vertex  2.277330e+01  0.000000e+00  1.832299e+01
   endloop
 endfacet
 facet normal  9.828989e-01  0.000000e+00 -1.841461e-01
   outer loop
     vertex  2.278300e+01  6.000000e+00  1.838395e+01
     vertex  2.279437e+01  0.000000e+00  1.844463e+01
     vertex  2.278300e+01  0.000000e+00  1.838395e+01
   endloop
 endfacet
 facet normal  9.875808e-01  0.000000e+00 -1.571119e-01
   outer loop
     vertex  2.278300e+01  6.000000e+00  1.838395e+01
     vertex  2.277330e+01  0.000000e+00  1.832299e+01
     vertex  2.277330e+01  6.000000e+00  1.832299e+01
   endloop
 endfacet
 facet normal  9.774771e-01  0.000000e+00 -2.110417e-01
   outer loop
     vertex  2.279437e+01  6.000000e+00  1.844463e+01
     vertex  2.280740e+01  0.000000e+00  1.850497e+01
     vertex  2.279437e+01  0.000000e+00  1.844463e+01
   endloop
 endfacet
 facet normal  9.828989e-01  0.000000e+00 -1.841461e-01
   outer loop
     vertex  2.279437e+01  6.000000e+00  1.844463e+01
     vertex  2.279437e+01  0.000000e+00  1.844463e+01
     vertex  2.278300e+01  6.000000e+00  1.838395e+01
   endloop
 endfacet
 facet normal  9.713194e-01  0.000000e+00 -2.377784e-01
   outer loop
     vertex  2.280740e+01  6.000000e+00  1.850497e+01
     vertex  2.282208e+01  0.000000e+00  1.856493e+01
     vertex  2.280740e+01  0.000000e+00  1.850497e+01
   endloop
 endfacet
 facet normal  9.774771e-01  0.000000e+00 -2.110417e-01
   outer loop
     vertex  2.280740e+01  6.000000e+00  1.850497e+01
     vertex  2.280740e+01  0.000000e+00  1.850497e+01
     vertex  2.279437e+01  6.000000e+00  1.844463e+01
   endloop
 endfacet
 facet normal  9.644306e-01  0.000000e+00 -2.643362e-01
   outer loop
     vertex  2.282208e+01  6.000000e+00  1.856493e+01
     vertex  2.283839e+01  0.000000e+00  1.862447e+01
     vertex  2.282208e+01  0.000000e+00  1.856493e+01
   endloop
 endfacet
 facet normal  9.713194e-01  0.000000e+00 -2.377784e-01
   outer loop
     vertex  2.282208e+01  6.000000e+00  1.856493e+01
     vertex  2.282208e+01  0.000000e+00  1.856493e+01
     vertex  2.280740e+01  6.000000e+00  1.850497e+01
   endloop
 endfacet
 facet normal  9.644306e-01  0.000000e+00 -2.643362e-01
   outer loop
     vertex  2.283839e+01  6.000000e+00  1.862447e+01
     vertex  2.283839e+01  0.000000e+00  1.862447e+01
     vertex  2.282208e+01  6.000000e+00  1.856493e+01
   endloop
 endfacet
 facet normal  9.568158e-01  0.000000e+00 -2.906949e-01
   outer loop
     vertex  2.285634e+01  6.000000e+00  1.868354e+01
     vertex  2.285634e+01  0.000000e+00  1.868354e+01
     vertex  2.283839e+01  0.000000e+00  1.862447e+01
   endloop
 endfacet
 facet normal  9.568158e-01  0.000000e+00 -2.906949e-01
   outer loop
     vertex  2.285634e+01  6.000000e+00  1.868354e+01
     vertex  2.283839e+01  0.000000e+00  1.862447e+01
     vertex  2.283839e+01  6.000000e+00  1.862447e+01
   endloop
 endfacet
 facet normal  9.484807e-01  0.000000e+00 -3.168348e-01
   outer loop
     vertex  2.287590e+01  6.000000e+00  1.874209e+01
     vertex  2.287590e+01  0.000000e+00  1.874209e+01
     vertex  2.285634e+01  0.000000e+00  1.868354e+01
   endloop
 endfacet
 facet normal  9.394317e-01  0.000000e+00 -3.427362e-01
   outer loop
     vertex  2.287590e+01  6.000000e+00  1.874209e+01
     vertex  2.289706e+01  0.000000e+00  1.880008e+01
     vertex  2.287590e+01  0.000000e+00  1.874209e+01
   endloop
 endfacet
 facet normal  9.484807e-01  0.000000e+00 -3.168348e-01
   outer loop
     vertex  2.287590e+01  6.000000e+00  1.874209e+01
     vertex  2.285634e+01  0.000000e+00  1.868354e+01
     vertex  2.285634e+01  6.000000e+00  1.868354e+01
   endloop
 endfacet
 facet normal  9.394317e-01  0.000000e+00 -3.427362e-01
   outer loop
     vertex  2.289706e+01  6.000000e+00  1.880008e+01
     vertex  2.289706e+01  0.000000e+00  1.880008e+01
     vertex  2.287590e+01  6.000000e+00  1.874209e+01
   endloop
 endfacet
 facet normal  9.296754e-01  0.000000e+00 -3.683796e-01
   outer loop
     vertex  2.291980e+01  6.000000e+00  1.885747e+01
     vertex  2.291980e+01  0.000000e+00  1.885747e+01
     vertex  2.289706e+01  0.000000e+00  1.880008e+01
   endloop
 endfacet
 facet normal  9.296754e-01  0.000000e+00 -3.683796e-01
   outer loop
     vertex  2.291980e+01  6.000000e+00  1.885747e+01
     vertex  2.289706e+01  0.000000e+00  1.880008e+01
     vertex  2.289706e+01  6.000000e+00  1.880008e+01
   endloop
 endfacet
 facet normal  9.192194e-01  0.000000e+00 -3.937458e-01
   outer loop
     vertex  2.294410e+01  6.000000e+00  1.891422e+01
     vertex  2.291980e+01  0.000000e+00  1.885747e+01
     vertex  2.291980e+01  6.000000e+00  1.885747e+01
   endloop
 endfacet
 facet normal  9.192194e-01  0.000000e+00 -3.937458e-01
   outer loop
     vertex  2.294410e+01  6.000000e+00  1.891422e+01
     vertex  2.294410e+01  0.000000e+00  1.891422e+01
     vertex  2.291980e+01  0.000000e+00  1.885747e+01
   endloop
 endfacet
 facet normal  9.080714e-01  0.000000e+00 -4.188155e-01
   outer loop
     vertex  2.294410e+01  6.000000e+00  1.891422e+01
     vertex  2.296996e+01  0.000000e+00  1.897027e+01
     vertex  2.294410e+01  0.000000e+00  1.891422e+01
   endloop
 endfacet
 facet normal  9.080714e-01  0.000000e+00 -4.188155e-01
   outer loop
     vertex  2.296996e+01  6.000000e+00  1.897027e+01
     vertex  2.296996e+01  0.000000e+00  1.897027e+01
     vertex  2.294410e+01  6.000000e+00  1.891422e+01
   endloop
 endfacet
 facet normal  8.962398e-01  0.000000e+00 -4.435699e-01
   outer loop
     vertex  2.299734e+01  6.000000e+00  1.902560e+01
     vertex  2.299734e+01  0.000000e+00  1.902560e+01
     vertex  2.296996e+01  0.000000e+00  1.897027e+01
   endloop
 endfacet
 facet normal  8.837335e-01  0.000000e+00 -4.679904e-01
   outer loop
     vertex  2.299734e+01  6.000000e+00  1.902560e+01
     vertex  2.302623e+01  0.000000e+00  1.908016e+01
     vertex  2.299734e+01  0.000000e+00  1.902560e+01
   endloop
 endfacet
 facet normal  8.962398e-01  0.000000e+00 -4.435699e-01
   outer loop
     vertex  2.299734e+01  6.000000e+00  1.902560e+01
     vertex  2.296996e+01  0.000000e+00  1.897027e+01
     vertex  2.296996e+01  6.000000e+00  1.897027e+01
   endloop
 endfacet
 facet normal  8.837335e-01  0.000000e+00 -4.679904e-01
   outer loop
     vertex  2.302623e+01  6.000000e+00  1.908016e+01
     vertex  2.302623e+01  0.000000e+00  1.908016e+01
     vertex  2.299734e+01  6.000000e+00  1.902560e+01
   endloop
 endfacet
 facet normal  8.705620e-01  0.000000e+00 -4.920587e-01
   outer loop
     vertex  2.302623e+01  6.000000e+00  1.908016e+01
     vertex  2.305661e+01  0.000000e+00  1.913390e+01
     vertex  2.302623e+01  0.000000e+00  1.908016e+01
   endloop
 endfacet
 facet normal  8.705620e-01  0.000000e+00 -4.920587e-01
   outer loop
     vertex  2.305661e+01  6.000000e+00  1.913390e+01
     vertex  2.305661e+01  0.000000e+00  1.913390e+01
     vertex  2.302623e+01  6.000000e+00  1.908016e+01
   endloop
 endfacet
 facet normal  8.567352e-01  0.000000e+00 -5.157565e-01
   outer loop
     vertex  2.305661e+01  6.000000e+00  1.913390e+01
     vertex  2.308845e+01  0.000000e+00  1.918679e+01
     vertex  2.305661e+01  0.000000e+00  1.913390e+01
   endloop
 endfacet
 facet normal  8.567352e-01  0.000000e+00 -5.157565e-01
   outer loop
     vertex  2.308845e+01  6.000000e+00  1.918679e+01
     vertex  2.308845e+01  0.000000e+00  1.918679e+01
     vertex  2.305661e+01  6.000000e+00  1.913390e+01
   endloop
 endfacet
 facet normal  8.422635e-01  0.000000e+00 -5.390661e-01
   outer loop
     vertex  2.312172e+01  6.000000e+00  1.923878e+01
     vertex  2.312172e+01  0.000000e+00  1.923878e+01
     vertex  2.308845e+01  0.000000e+00  1.918679e+01
   endloop
 endfacet
 facet normal  8.422635e-01  0.000000e+00 -5.390661e-01
   outer loop
     vertex  2.312172e+01  6.000000e+00  1.923878e+01
     vertex  2.308845e+01  0.000000e+00  1.918679e+01
     vertex  2.308845e+01  6.000000e+00  1.918679e+01
   endloop
 endfacet
 facet normal  8.271577e-01  0.000000e+00 -5.619699e-01
   outer loop
     vertex  2.315642e+01  6.000000e+00  1.928984e+01
     vertex  2.315642e+01  0.000000e+00  1.928984e+01
     vertex  2.312172e+01  0.000000e+00  1.923878e+01
   endloop
 endfacet
 facet normal  8.114292e-01  0.000000e+00 -5.844507e-01
   outer loop
     vertex  2.315642e+01  6.000000e+00  1.928984e+01
     vertex  2.319250e+01  0.000000e+00  1.933994e+01
     vertex  2.315642e+01  0.000000e+00  1.928984e+01
   endloop
 endfacet
 facet normal  8.271577e-01  0.000000e+00 -5.619699e-01
   outer loop
     vertex  2.315642e+01  6.000000e+00  1.928984e+01
     vertex  2.312172e+01  0.000000e+00  1.923878e+01
     vertex  2.312172e+01  6.000000e+00  1.923878e+01
   endloop
 endfacet
 facet normal  8.114292e-01  0.000000e+00 -5.844507e-01
   outer loop
     vertex  2.319250e+01  6.000000e+00  1.933994e+01
     vertex  2.319250e+01  0.000000e+00  1.933994e+01
     vertex  2.315642e+01  6.000000e+00  1.928984e+01
   endloop
 endfacet
 facet normal  7.950900e-01  0.000000e+00 -6.064915e-01
   outer loop
     vertex  2.322994e+01  6.000000e+00  1.938902e+01
     vertex  2.322994e+01  0.000000e+00  1.938902e+01
     vertex  2.319250e+01  0.000000e+00  1.933994e+01
   endloop
 endfacet
 facet normal  7.781522e-01  0.000000e+00 -6.280757e-01
   outer loop
     vertex  2.322994e+01  6.000000e+00  1.938902e+01
     vertex  2.326871e+01  0.000000e+00  1.943706e+01
     vertex  2.322994e+01  0.000000e+00  1.938902e+01
   endloop
 endfacet
 facet normal  7.950900e-01  0.000000e+00 -6.064915e-01
   outer loop
     vertex  2.322994e+01  6.000000e+00  1.938902e+01
     vertex  2.319250e+01  0.000000e+00  1.933994e+01
     vertex  2.319250e+01  6.000000e+00  1.933994e+01
   endloop
 endfacet
 facet normal  7.781522e-01  0.000000e+00 -6.280757e-01
   outer loop
     vertex  2.326871e+01  6.000000e+00  1.943706e+01
     vertex  2.326871e+01  0.000000e+00  1.943706e+01
     vertex  2.322994e+01  6.000000e+00  1.938902e+01
   endloop
 endfacet
 facet normal  7.606287e-01  0.000000e+00 -6.491872e-01
   outer loop
     vertex  2.326871e+01  6.000000e+00  1.943706e+01
     vertex  2.330878e+01  0.000000e+00  1.948401e+01
     vertex  2.326871e+01  0.000000e+00  1.943706e+01
   endloop
 endfacet
 facet normal  7.606287e-01  0.000000e+00 -6.491872e-01
   outer loop
     vertex  2.330878e+01  6.000000e+00  1.948401e+01
     vertex  2.330878e+01  0.000000e+00  1.948401e+01
     vertex  2.326871e+01  6.000000e+00  1.943706e+01
   endloop
 endfacet
 facet normal  7.425325e-01  0.000000e+00 -6.698100e-01
   outer loop
     vertex  2.335013e+01  6.000000e+00  1.952985e+01
     vertex  2.335013e+01  0.000000e+00  1.952985e+01
     vertex  2.330878e+01  0.000000e+00  1.948401e+01
   endloop
 endfacet
 facet normal  7.425325e-01  0.000000e+00 -6.698100e-01
   outer loop
     vertex  2.335013e+01  6.000000e+00  1.952985e+01
     vertex  2.330878e+01  0.000000e+00  1.948401e+01
     vertex  2.330878e+01  6.000000e+00  1.948401e+01
   endloop
 endfacet
 facet normal  7.238775e-01  0.000000e+00 -6.899286e-01
   outer loop
     vertex  2.339272e+01  6.000000e+00  1.957454e+01
     vertex  2.339272e+01  0.000000e+00  1.957454e+01
     vertex  2.335013e+01  0.000000e+00  1.952985e+01
   endloop
 endfacet
 facet normal  7.238775e-01  0.000000e+00 -6.899286e-01
   outer loop
     vertex  2.339272e+01  6.000000e+00  1.957454e+01
     vertex  2.335013e+01  0.000000e+00  1.952985e+01
     vertex  2.335013e+01  6.000000e+00  1.952985e+01
   endloop
 endfacet
 facet normal  7.046775e-01  0.000000e+00 -7.095278e-01
   outer loop
     vertex  2.343653e+01  6.000000e+00  1.961804e+01
     vertex  2.343653e+01  0.000000e+00  1.961804e+01
     vertex  2.339272e+01  0.000000e+00  1.957454e+01
   endloop
 endfacet
 facet normal  7.046775e-01  0.000000e+00 -7.095278e-01
   outer loop
     vertex  2.343653e+01  6.000000e+00  1.961804e+01
     vertex  2.339272e+01  0.000000e+00  1.957454e+01
     vertex  2.339272e+01  6.000000e+00  1.957454e+01
   endloop
 endfacet
 facet normal  6.849470e-01  0.000000e+00 -7.285929e-01
   outer loop
     vertex  2.348150e+01  6.000000e+00  1.966032e+01
     vertex  2.348150e+01  0.000000e+00  1.966032e+01
     vertex  2.343653e+01  0.000000e+00  1.961804e+01
   endloop
 endfacet
 facet normal  6.849470e-01  0.000000e+00 -7.285929e-01
   outer loop
     vertex  2.348150e+01  6.000000e+00  1.966032e+01
     vertex  2.343653e+01  0.000000e+00  1.961804e+01
     vertex  2.343653e+01  6.000000e+00  1.961804e+01
   endloop
 endfacet
 facet normal  6.647010e-01  0.000000e+00 -7.471095e-01
   outer loop
     vertex  2.352762e+01  6.000000e+00  1.970136e+01
     vertex  2.352762e+01  0.000000e+00  1.970136e+01
     vertex  2.348150e+01  0.000000e+00  1.966032e+01
   endloop
 endfacet
 facet normal  6.647010e-01  0.000000e+00 -7.471095e-01
   outer loop
     vertex  2.352762e+01  6.000000e+00  1.970136e+01
     vertex  2.348150e+01  0.000000e+00  1.966032e+01
     vertex  2.348150e+01  6.000000e+00  1.966032e+01
   endloop
 endfacet
 facet normal  6.439545e-01  0.000000e+00 -7.650637e-01
   outer loop
     vertex  2.357485e+01  6.000000e+00  1.974111e+01
     vertex  2.357485e+01  0.000000e+00  1.974111e+01
     vertex  2.352762e+01  0.000000e+00  1.970136e+01
   endloop
 endfacet
 facet normal  6.439545e-01  0.000000e+00 -7.650637e-01
   outer loop
     vertex  2.357485e+01  6.000000e+00  1.974111e+01
     vertex  2.352762e+01  0.000000e+00  1.970136e+01
     vertex  2.352762e+01  6.000000e+00  1.970136e+01
   endloop
 endfacet
 facet normal  6.227234e-01  0.000000e+00 -7.824421e-01
   outer loop
     vertex  2.362316e+01  6.000000e+00  1.977955e+01
     vertex  2.362316e+01  0.000000e+00  1.977955e+01
     vertex  2.357485e+01  0.000000e+00  1.974111e+01
   endloop
 endfacet
 facet normal  6.227234e-01  0.000000e+00 -7.824421e-01
   outer loop
     vertex  2.362316e+01  6.000000e+00  1.977955e+01
     vertex  2.357485e+01  0.000000e+00  1.974111e+01
     vertex  2.357485e+01  6.000000e+00  1.974111e+01
   endloop
 endfacet
 facet normal  6.010234e-01  0.000000e+00 -7.992314e-01
   outer loop
     vertex  2.367249e+01  6.000000e+00  1.981665e+01
     vertex  2.367249e+01  0.000000e+00  1.981665e+01
     vertex  2.362316e+01  0.000000e+00  1.977955e+01
   endloop
 endfacet
 facet normal  6.010234e-01  0.000000e+00 -7.992314e-01
   outer loop
     vertex  2.367249e+01  6.000000e+00  1.981665e+01
     vertex  2.362316e+01  0.000000e+00  1.977955e+01
     vertex  2.362316e+01  6.000000e+00  1.977955e+01
   endloop
 endfacet
 facet normal  5.788711e-01  0.000000e+00 -8.154191e-01
   outer loop
     vertex  2.372283e+01  6.000000e+00  1.985239e+01
     vertex  2.372283e+01  0.000000e+00  1.985239e+01
     vertex  2.367249e+01  0.000000e+00  1.981665e+01
   endloop
 endfacet
 facet normal  5.562829e-01  0.000000e+00 -8.309929e-01
   outer loop
     vertex  2.372283e+01  6.000000e+00  1.985239e+01
     vertex  2.377413e+01  0.000000e+00  1.988673e+01
     vertex  2.372283e+01  0.000000e+00  1.985239e+01
   endloop
 endfacet
 facet normal  5.788711e-01  0.000000e+00 -8.154191e-01
   outer loop
     vertex  2.372283e+01  6.000000e+00  1.985239e+01
     vertex  2.367249e+01  0.000000e+00  1.981665e+01
     vertex  2.367249e+01  6.000000e+00  1.981665e+01
   endloop
 endfacet
 facet normal  5.562829e-01  0.000000e+00 -8.309929e-01
   outer loop
     vertex  2.377413e+01  6.000000e+00  1.988673e+01
     vertex  2.377413e+01  0.000000e+00  1.988673e+01
     vertex  2.372283e+01  6.000000e+00  1.985239e+01
   endloop
 endfacet
 facet normal  5.332761e-01  0.000000e+00 -8.459413e-01
   outer loop
     vertex  2.382635e+01  6.000000e+00  1.991965e+01
     vertex  2.382635e+01  0.000000e+00  1.991965e+01
     vertex  2.377413e+01  0.000000e+00  1.988673e+01
   endloop
 endfacet
 facet normal  5.098678e-01  0.000000e+00 -8.602528e-01
   outer loop
     vertex  2.382635e+01  6.000000e+00  1.991965e+01
     vertex  2.387946e+01  0.000000e+00  1.995112e+01
     vertex  2.382635e+01  0.000000e+00  1.991965e+01
   endloop
 endfacet
 facet normal  5.332761e-01  0.000000e+00 -8.459413e-01
   outer loop
     vertex  2.382635e+01  6.000000e+00  1.991965e+01
     vertex  2.377413e+01  0.000000e+00  1.988673e+01
     vertex  2.377413e+01  6.000000e+00  1.988673e+01
   endloop
 endfacet
 facet normal  5.098678e-01  0.000000e+00 -8.602528e-01
   outer loop
     vertex  2.387946e+01  6.000000e+00  1.995112e+01
     vertex  2.387946e+01  0.000000e+00  1.995112e+01
     vertex  2.382635e+01  6.000000e+00  1.991965e+01
   endloop
 endfacet
 facet normal  4.860756e-01  0.000000e+00 -8.739167e-01
   outer loop
     vertex  2.393341e+01  6.000000e+00  1.998113e+01
     vertex  2.393341e+01  0.000000e+00  1.998113e+01
     vertex  2.387946e+01  0.000000e+00  1.995112e+01
   endloop
 endfacet
 facet normal  4.860756e-01  0.000000e+00 -8.739167e-01
   outer loop
     vertex  2.393341e+01  6.000000e+00  1.998113e+01
     vertex  2.387946e+01  0.000000e+00  1.995112e+01
     vertex  2.387946e+01  6.000000e+00  1.995112e+01
   endloop
 endfacet
 facet normal  4.619176e-01  0.000000e+00 -8.869228e-01
   outer loop
     vertex  2.398816e+01  6.000000e+00  2.000965e+01
     vertex  2.393341e+01  0.000000e+00  1.998113e+01
     vertex  2.393341e+01  6.000000e+00  1.998113e+01
   endloop
 endfacet
 facet normal  4.619176e-01  0.000000e+00 -8.869228e-01
   outer loop
     vertex  2.398816e+01  6.000000e+00  2.000965e+01
     vertex  2.398816e+01  0.000000e+00  2.000965e+01
     vertex  2.393341e+01  0.000000e+00  1.998113e+01
   endloop
 endfacet
 facet normal  4.374119e-01  0.000000e+00 -8.992613e-01
   outer loop
     vertex  2.398816e+01  6.000000e+00  2.000965e+01
     vertex  2.404367e+01  0.000000e+00  2.003665e+01
     vertex  2.398816e+01  0.000000e+00  2.000965e+01
   endloop
 endfacet
 facet normal  4.374119e-01  0.000000e+00 -8.992613e-01
   outer loop
     vertex  2.404367e+01  6.000000e+00  2.003665e+01
     vertex  2.404367e+01  0.000000e+00  2.003665e+01
     vertex  2.398816e+01  6.000000e+00  2.000965e+01
   endloop
 endfacet
 facet normal  4.125769e-01  0.000000e+00 -9.109228e-01
   outer loop
     vertex  2.409991e+01  6.000000e+00  2.006212e+01
     vertex  2.404367e+01  0.000000e+00  2.003665e+01
     vertex  2.404367e+01  6.000000e+00  2.003665e+01
   endloop
 endfacet
 facet normal  4.125769e-01  0.000000e+00 -9.109228e-01
   outer loop
     vertex  2.409991e+01  6.000000e+00  2.006212e+01
     vertex  2.409991e+01  0.000000e+00  2.006212e+01
     vertex  2.404367e+01  0.000000e+00  2.003665e+01
   endloop
 endfacet
 facet normal  3.874313e-01  0.000000e+00 -9.218986e-01
   outer loop
     vertex  2.415682e+01  6.000000e+00  2.008604e+01
     vertex  2.409991e+01  0.000000e+00  2.006212e+01
     vertex  2.409991e+01  6.000000e+00  2.006212e+01
   endloop
 endfacet
 facet normal  3.874313e-01  0.000000e+00 -9.218986e-01
   outer loop
     vertex  2.415682e+01  6.000000e+00  2.008604e+01
     vertex  2.415682e+01  0.000000e+00  2.008604e+01
     vertex  2.409991e+01  0.000000e+00  2.006212e+01
   endloop
 endfacet
 facet normal  3.619940e-01  0.000000e+00 -9.321804e-01
   outer loop
     vertex  2.421436e+01  6.000000e+00  2.010838e+01
     vertex  2.415682e+01  0.000000e+00  2.008604e+01
     vertex  2.415682e+01  6.000000e+00  2.008604e+01
   endloop
 endfacet
 facet normal  3.619940e-01  0.000000e+00 -9.321804e-01
   outer loop
     vertex  2.421436e+01  6.000000e+00  2.010838e+01
     vertex  2.421436e+01  0.000000e+00  2.010838e+01
     vertex  2.415682e+01  0.000000e+00  2.008604e+01
   endloop
 endfacet
 facet normal  3.362843e-01  0.000000e+00 -9.417605e-01
   outer loop
     vertex  2.427250e+01  6.000000e+00  2.012914e+01
     vertex  2.421436e+01  0.000000e+00  2.010838e+01
     vertex  2.421436e+01  6.000000e+00  2.010838e+01
   endloop
 endfacet
 facet normal  3.362843e-01  0.000000e+00 -9.417605e-01
   outer loop
     vertex  2.427250e+01  6.000000e+00  2.012914e+01
     vertex  2.427250e+01  0.000000e+00  2.012914e+01
     vertex  2.421436e+01  0.000000e+00  2.010838e+01
   endloop
 endfacet
 facet normal  3.103214e-01  0.000000e+00 -9.506317e-01
   outer loop
     vertex  2.433118e+01  6.000000e+00  2.014830e+01
     vertex  2.427250e+01  0.000000e+00  2.012914e+01
     vertex  2.427250e+01  6.000000e+00  2.012914e+01
   endloop
 endfacet
 facet normal  3.103214e-01  0.000000e+00 -9.506317e-01
   outer loop
     vertex  2.433118e+01  6.000000e+00  2.014830e+01
     vertex  2.433118e+01  0.000000e+00  2.014830e+01
     vertex  2.427250e+01  0.000000e+00  2.012914e+01
   endloop
 endfacet
 facet normal  2.841250e-01  0.000000e+00 -9.587873e-01
   outer loop
     vertex  2.433118e+01  6.000000e+00  2.014830e+01
     vertex  2.439037e+01  0.000000e+00  2.016584e+01
     vertex  2.433118e+01  0.000000e+00  2.014830e+01
   endloop
 endfacet
 facet normal  2.841250e-01  0.000000e+00 -9.587873e-01
   outer loop
     vertex  2.439037e+01  6.000000e+00  2.016584e+01
     vertex  2.439037e+01  0.000000e+00  2.016584e+01
     vertex  2.433118e+01  6.000000e+00  2.014830e+01
   endloop
 endfacet
 facet normal  2.577146e-01  0.000000e+00 -9.662211e-01
   outer loop
     vertex  2.445002e+01  6.000000e+00  2.018175e+01
     vertex  2.439037e+01  0.000000e+00  2.016584e+01
     vertex  2.439037e+01  6.000000e+00  2.016584e+01
   endloop
 endfacet
 facet normal  2.577146e-01  0.000000e+00 -9.662211e-01
   outer loop
     vertex  2.445002e+01  6.000000e+00  2.018175e+01
     vertex  2.445002e+01  0.000000e+00  2.018175e+01
     vertex  2.439037e+01  0.000000e+00  2.016584e+01
   endloop
 endfacet
 facet normal  2.311102e-01  0.000000e+00 -9.729276e-01
   outer loop
     vertex  2.451008e+01  6.000000e+00  2.019601e+01
     vertex  2.445002e+01  0.000000e+00  2.018175e+01
     vertex  2.445002e+01  6.000000e+00  2.018175e+01
   endloop
 endfacet
 facet normal  2.311102e-01  0.000000e+00 -9.729276e-01
   outer loop
     vertex  2.451008e+01  6.000000e+00  2.019601e+01
     vertex  2.451008e+01  0.000000e+00  2.019601e+01
     vertex  2.445002e+01  0.000000e+00  2.018175e+01
   endloop
 endfacet
 facet normal  2.043319e-01  0.000000e+00 -9.789017e-01
   outer loop
     vertex  2.457051e+01  6.000000e+00  2.020863e+01
     vertex  2.451008e+01  0.000000e+00  2.019601e+01
     vertex  2.451008e+01  6.000000e+00  2.019601e+01
   endloop
 endfacet
 facet normal  2.043319e-01  0.000000e+00 -9.789017e-01
   outer loop
     vertex  2.457051e+01  6.000000e+00  2.020863e+01
     vertex  2.457051e+01  0.000000e+00  2.020863e+01
     vertex  2.451008e+01  0.000000e+00  2.019601e+01
   endloop
 endfacet
 facet normal  1.773998e-01  0.000000e+00 -9.841389e-01
   outer loop
     vertex  2.463126e+01  6.000000e+00  2.021958e+01
     vertex  2.457051e+01  0.000000e+00  2.020863e+01
     vertex  2.457051e+01  6.000000e+00  2.020863e+01
   endloop
 endfacet
 facet normal  1.773998e-01  0.000000e+00 -9.841389e-01
   outer loop
     vertex  2.463126e+01  6.000000e+00  2.021958e+01
     vertex  2.463126e+01  0.000000e+00  2.021958e+01
     vertex  2.457051e+01  0.000000e+00  2.020863e+01
   endloop
 endfacet
 facet normal  1.503341e-01  0.000000e+00 -9.886353e-01
   outer loop
     vertex  2.469230e+01  6.000000e+00  2.022886e+01
     vertex  2.463126e+01  0.000000e+00  2.021958e+01
     vertex  2.463126e+01  6.000000e+00  2.021958e+01
   endloop
 endfacet
 facet normal  1.503341e-01  0.000000e+00 -9.886353e-01
   outer loop
     vertex  2.469230e+01  6.000000e+00  2.022886e+01
     vertex  2.469230e+01  0.000000e+00  2.022886e+01
     vertex  2.463126e+01  0.000000e+00  2.021958e+01
   endloop
 endfacet
 facet normal  1.231552e-01  0.000000e+00 -9.923874e-01
   outer loop
     vertex  2.469230e+01  6.000000e+00  2.022886e+01
     vertex  2.475356e+01  0.000000e+00  2.023646e+01
     vertex  2.469230e+01  0.000000e+00  2.022886e+01
   endloop
 endfacet
 facet normal  1.231552e-01  0.000000e+00 -9.923874e-01
   outer loop
     vertex  2.475356e+01  6.000000e+00  2.023646e+01
     vertex  2.475356e+01  0.000000e+00  2.023646e+01
     vertex  2.469230e+01  6.000000e+00  2.022886e+01
   endloop
 endfacet
 facet normal  9.588368e-02  0.000000e+00 -9.953925e-01
   outer loop
     vertex  2.481501e+01  6.000000e+00  2.024238e+01
     vertex  2.481501e+01  0.000000e+00  2.024238e+01
     vertex  2.475356e+01  0.000000e+00  2.023646e+01
   endloop
 endfacet
 facet normal  6.853995e-02  0.000000e+00 -9.976484e-01
   outer loop
     vertex  2.481501e+01  6.000000e+00  2.024238e+01
     vertex  2.487659e+01  0.000000e+00  2.024661e+01
     vertex  2.481501e+01  0.000000e+00  2.024238e+01
   endloop
 endfacet
 facet normal  9.588368e-02  0.000000e+00 -9.953925e-01
   outer loop
     vertex  2.481501e+01  6.000000e+00  2.024238e+01
     vertex  2.475356e+01  0.000000e+00  2.023646e+01
     vertex  2.475356e+01  6.000000e+00  2.023646e+01
   endloop
 endfacet
 facet normal  6.853995e-02  0.000000e+00 -9.976484e-01
   outer loop
     vertex  2.487659e+01  6.000000e+00  2.024661e+01
     vertex  2.487659e+01  0.000000e+00  2.024661e+01
     vertex  2.481501e+01  6.000000e+00  2.024238e+01
   endloop
 endfacet
 facet normal  4.114462e-02  0.000000e+00 -9.991532e-01
   outer loop
     vertex  2.493827e+01  6.000000e+00  2.024915e+01
     vertex  2.493827e+01  0.000000e+00  2.024915e+01
     vertex  2.487659e+01  0.000000e+00  2.024661e+01
   endloop
 endfacet
 facet normal  4.114462e-02  0.000000e+00 -9.991532e-01
   outer loop
     vertex  2.493827e+01  6.000000e+00  2.024915e+01
     vertex  2.487659e+01  0.000000e+00  2.024661e+01
     vertex  2.487659e+01  6.000000e+00  2.024661e+01
   endloop
 endfacet
 facet normal  1.371831e-02  0.000000e+00 -9.999059e-01
   outer loop
     vertex  2.500000e+01  6.000000e+00  2.025000e+01
     vertex  2.500000e+01  0.000000e+00  2.025000e+01
     vertex  2.493827e+01  0.000000e+00  2.024915e+01
   endloop
 endfacet
 facet normal  1.371831e-02  0.000000e+00 -9.999059e-01
   outer loop
     vertex  2.500000e+01  6.000000e+00  2.025000e+01
     vertex  2.493827e+01  0.000000e+00  2.024915e+01
     vertex  2.493827e+01  6.000000e+00  2.024915e+01
   endloop
 endfacet
 facet normal -0.000000e+00 -1.000000e+00  0.000000e+00
   outer loop
     vertex  8.843653e+01  8.700000e+01  1.638196e+01
     vertex  8.839272e+01  8.700000e+01  1.642546e+01
     vertex  3.450000e+01  8.700000e+01  3.000000e+00
   endloop
 endfacet
 facet normal  0.000000e+00 -1.000000e+00 -0.000000e+00
   outer loop
     vertex  8.835013e+01  8.700000e+01  1.647015e+01
     vertex  3.450000e+01  8.700000e+01  3.000000e+00
     vertex  8.839272e+01  8.700000e+01  1.642546e+01
   endloop
 endfacet
 facet normal -0.000000e+00 -1.000000e+00  0.000000e+00
   outer loop
     vertex  8.848150e+01  8.700000e+01  1.633968e+01
     vertex  8.843653e+01  8.700000e+01  1.638196e+01
     vertex  3.450000e+01  8.700000e+01  3.000000e+00
   endloop
 endfacet
 facet normal  0.000000e+00 -1.000000e+00 -0.000000e+00
   outer loop
     vertex  8.830878e+01  8.700000e+01  1.651599e+01
     vertex  3.450000e+01  8.700000e+01  3.000000e+00
     vertex  8.835013e+01  8.700000e+01  1.647015e+01
   endloop
 endfacet
 facet normal -0.000000e+00 -1.000000e+00  0.000000e+00
   outer loop
     vertex  8.852762e+01  8.700000e+01  1.629864e+01
     vertex  8.848150e+01  8.700000e+01  1.633968e+01
     vertex  3.450000e+01  8.700000e+01  3.000000e+00
   endloop
 endfacet
 facet normal  0.000000e+00 -1.000000e+00 -0.000000e+00
   outer loop
     vertex  8.826871e+01  8.700000e+01  1.656294e+01
     vertex  3.450000e+01  8.700000e+01  3.000000e+00
     vertex  8.830878e+01  8.700000e+01  1.651599e+01
   endloop
 endfacet
 facet normal -0.000000e+00 -1.000000e+00  0.000000e+00
   outer loop
     vertex  8.857485e+01  8.700000e+01  1.625889e+01
     vertex  8.852762e+01  8.700000e+01  1.629864e+01
     vertex  3.450000e+01  8.700000e+01  3.000000e+00
   endloop
 endfacet
 facet normal  0.000000e+00 -1.000000e+00 -0.000000e+00
   outer loop
     vertex  8.822994e+01  8.700000e+01  1.661098e+01
     vertex  3.450000e+01  8.700000e+01  3.000000e+00
     vertex  8.826871e+01  8.700000e+01  1.656294e+01
   endloop
 endfacet
 facet normal -0.000000e+00 -1.000000e+00  0.000000e+00
   outer loop
     vertex  8.862316e+01  8.700000e+01  1.622045e+01
     vertex  8.857485e+01  8.700000e+01  1.625889e+01
     vertex  3.450000e+01  8.700000e+01  3.000000e+00
   endloop
 endfacet
 facet normal  0.000000e+00 -1.000000e+00 -0.000000e+00
   outer loop
     vertex  8.819250e+01  8.700000e+01  1.666006e+01
     vertex  3.450000e+01  8.700000e+01  3.000000e+00
     vertex  8.822994e+01  8.700000e+01  1.661098e+01
   endloop
 endfacet
 facet normal -0.000000e+00 -1.000000e+00  0.000000e+00
   outer loop
     vertex  8.867249e+01  8.700000e+01  1.618335e+01
     vertex  8.862316e+01  8.700000e+01  1.622045e+01
     vertex  3.450000e+01  8.700000e+01  3.000000e+00
   endloop
 endfacet
 facet normal  0.000000e+00 -1.000000e+00 -0.000000e+00
   outer loop
     vertex  8.815642e+01  8.700000e+01  1.671016e+01
     vertex  3.450000e+01  8.700000e+01  3.000000e+00
     vertex  8.819250e+01  8.700000e+01  1.666006e+01
   endloop
 endfacet
 facet normal -0.000000e+00 -1.000000e+00  0.000000e+00
   outer loop
     vertex  8.872283e+01  8.700000e+01  1.614761e+01
     vertex  8.867249e+01  8.700000e+01  1.618335e+01
     vertex  3.450000e+01  8.700000e+01  3.000000e+00
   endloop
 endfacet
 facet normal  0.000000e+00 -1.000000e+00 -0.000000e+00
   outer loop
     vertex  8.812172e+01  8.700000e+01  1.676122e+01
     vertex  3.450000e+01  8.700000e+01  3.000000e+00
     vertex  8.815642e+01  8.700000e+01  1.671016e+01
   endloop
 endfacet
 facet normal -0.000000e+00 -1.000000e+00  0.000000e+00
   outer loop
     vertex  8.877413e+01  8.700000e+01  1.611327e+01
     vertex  8.872283e+01  8.700000e+01  1.614761e+01
     vertex  3.450000e+01  8.700000e+01  3.000000e+00
   endloop
 endfacet
 facet normal  0.000000e+00 -1.000000e+00 -0.000000e+00
   outer loop
     vertex  8.808845e+01  8.700000e+01  1.681321e+01
     vertex  3.450000e+01  8.700000e+01  3.000000e+00
     vertex  8.812172e+01  8.700000e+01  1.676122e+01
   endloop
 endfacet
 facet normal -0.000000e+00 -1.000000e+00  0.000000e+00
   outer loop
     vertex  8.882635e+01  8.700000e+01  1.608035e+01
     vertex  8.877413e+01  8.700000e+01  1.611327e+01
     vertex  3.450000e+01  8.700000e+01  3.000000e+00
   endloop
 endfacet
 facet normal  0.000000e+00 -1.000000e+00 -0.000000e+00
   outer loop
     vertex  8.805661e+01  8.700000e+01  1.686610e+01
     vertex  3.450000e+01  8.700000e+01  3.000000e+00
     vertex  8.808845e+01  8.700000e+01  1.681321e+01
   endloop
 endfacet
 facet normal -0.000000e+00 -1.000000e+00  0.000000e+00
   outer loop
     vertex  8.887946e+01  8.700000e+01  1.604888e+01
     vertex  8.882635e+01  8.700000e+01  1.608035e+01
     vertex  3.450000e+01  8.700000e+01  3.000000e+00
   endloop
 endfacet
 facet normal  0.000000e+00 -1.000000e+00 -0.000000e+00
   outer loop
     vertex  8.802623e+01  8.700000e+01  1.691984e+01
     vertex  3.450000e+01  8.700000e+01  3.000000e+00
     vertex  8.805661e+01  8.700000e+01  1.686610e+01
   endloop
 endfacet
 facet normal -0.000000e+00 -1.000000e+00  0.000000e+00
   outer loop
     vertex  8.893341e+01  8.700000e+01  1.601887e+01
     vertex  8.887946e+01  8.700000e+01  1.604888e+01
     vertex  3.450000e+01  8.700000e+01  3.000000e+00
   endloop
 endfacet
 facet normal  0.000000e+00 -1.000000e+00 -0.000000e+00
   outer loop
     vertex  8.799734e+01  8.700000e+01  1.697440e+01
     vertex  3.450000e+01  8.700000e+01  3.000000e+00
     vertex  8.802623e+01  8.700000e+01  1.691984e+01
   endloop
 endfacet
 facet normal -0.000000e+00 -1.000000e+00  0.000000e+00
   outer loop
     vertex  8.898816e+01  8.700000e+01  1.599035e+01
     vertex  8.893341e+01  8.700000e+01  1.601887e+01
     vertex  3.450000e+01  8.700000e+01  3.000000e+00
   endloop
 endfacet
 facet normal  0.000000e+00 -1.000000e+00 -0.000000e+00
   outer loop
     vertex  8.796996e+01  8.700000e+01  1.702973e+01
     vertex  3.450000e+01  8.700000e+01  3.000000e+00
     vertex  8.799734e+01  8.700000e+01  1.697440e+01
   endloop
 endfacet
 facet normal -0.000000e+00 -1.000000e+00  0.000000e+00
   outer loop
     vertex  8.904367e+01  8.700000e+01  1.596335e+01
     vertex  8.898816e+01  8.700000e+01  1.599035e+01
     vertex  3.450000e+01  8.700000e+01  3.000000e+00
   endloop
 endfacet
 facet normal  0.000000e+00 -1.000000e+00 -0.000000e+00
   outer loop
     vertex  8.794410e+01  8.700000e+01  1.708578e+01
     vertex  3.450000e+01  8.700000e+01  3.000000e+00
     vertex  8.796996e+01  8.700000e+01  1.702973e+01
   endloop
 endfacet
 facet normal -0.000000e+00 -1.000000e+00  0.000000e+00
   outer loop
     vertex  8.909991e+01  8.700000e+01  1.593788e+01
     vertex  8.904367e+01  8.700000e+01  1.596335e+01
     vertex  3.450000e+01  8.700000e+01  3.000000e+00
   endloop
 endfacet
 facet normal  0.000000e+00 -1.000000e+00 -0.000000e+00
   outer loop
     vertex  8.791980e+01  8.700000e+01  1.714253e+01
     vertex  3.450000e+01  8.700000e+01  3.000000e+00
     vertex  8.794410e+01  8.700000e+01  1.708578e+01
   endloop
 endfacet
 facet normal -0.000000e+00 -1.000000e+00  0.000000e+00
   outer loop
     vertex  8.915682e+01  8.700000e+01  1.591396e+01
     vertex  8.909991e+01  8.700000e+01  1.593788e+01
     vertex  3.450000e+01  8.700000e+01  3.000000e+00
   endloop
 endfacet
 facet normal  0.000000e+00 -1.000000e+00 -0.000000e+00
   outer loop
     vertex  8.789706e+01  8.700000e+01  1.719992e+01
     vertex  3.450000e+01  8.700000e+01  3.000000e+00
     vertex  8.791980e+01  8.700000e+01  1.714253e+01
   endloop
 endfacet
 facet normal -0.000000e+00 -1.000000e+00  0.000000e+00
   outer loop
     vertex  8.921436e+01  8.700000e+01  1.589162e+01
     vertex  8.915682e+01  8.700000e+01  1.591396e+01
     vertex  3.450000e+01  8.700000e+01  3.000000e+00
   endloop
 endfacet
 facet normal  0.000000e+00 -1.000000e+00 -0.000000e+00
   outer loop
     vertex  8.787590e+01  8.700000e+01  1.725791e+01
     vertex  3.450000e+01  8.700000e+01  3.000000e+00
     vertex  8.789706e+01  8.700000e+01  1.719992e+01
   endloop
 endfacet
 facet normal -0.000000e+00 -1.000000e+00  0.000000e+00
   outer loop
     vertex  8.927250e+01  8.700000e+01  1.587086e+01
     vertex  8.921436e+01  8.700000e+01  1.589162e+01
     vertex  3.450000e+01  8.700000e+01  3.000000e+00
   endloop
 endfacet
 facet normal  0.000000e+00 -1.000000e+00 -0.000000e+00
   outer loop
     vertex  8.785634e+01  8.700000e+01  1.731646e+01
     vertex  3.450000e+01  8.700000e+01  3.000000e+00
     vertex  8.787590e+01  8.700000e+01  1.725791e+01
   endloop
 endfacet
 facet normal -0.000000e+00 -1.000000e+00  0.000000e+00
   outer loop
     vertex  8.933118e+01  8.700000e+01  1.585170e+01
     vertex  8.927250e+01  8.700000e+01  1.587086e+01
     vertex  3.450000e+01  8.700000e+01  3.000000e+00
   endloop
 endfacet
 facet normal  0.000000e+00 -1.000000e+00 -0.000000e+00
   outer loop
     vertex  8.783839e+01  8.700000e+01  1.737553e+01
     vertex  3.450000e+01  8.700000e+01  3.000000e+00
     vertex  8.785634e+01  8.700000e+01  1.731646e+01
   endloop
 endfacet
 facet normal -0.000000e+00 -1.000000e+00  0.000000e+00
   outer loop
     vertex  8.939037e+01  8.700000e+01  1.583416e+01
     vertex  8.933118e+01  8.700000e+01  1.585170e+01
     vertex  3.450000e+01  8.700000e+01  3.000000e+00
   endloop
 endfacet
 facet normal  0.000000e+00 -1.000000e+00 -0.000000e+00
   outer loop
     vertex  8.782208e+01  8.700000e+01  1.743507e+01
     vertex  3.450000e+01  8.700000e+01  3.000000e+00
     vertex  8.783839e+01  8.700000e+01  1.737553e+01
   endloop
 endfacet
 facet normal -0.000000e+00 -1.000000e+00  0.000000e+00
   outer loop
     vertex  8.945002e+01  8.700000e+01  1.581825e+01
     vertex  8.939037e+01  8.700000e+01  1.583416e+01
     vertex  3.450000e+01  8.700000e+01  3.000000e+00
   endloop
 endfacet
 facet normal  0.000000e+00 -1.000000e+00 -0.000000e+00
   outer loop
     vertex  8.780740e+01  8.700000e+01  1.749503e+01
     vertex  3.450000e+01  8.700000e+01  3.000000e+00
     vertex  8.782208e+01  8.700000e+01  1.743507e+01
   endloop
 endfacet
 facet normal -0.000000e+00 -1.000000e+00  0.000000e+00
   outer loop
     vertex  8.951008e+01  8.700000e+01  1.580399e+01
     vertex  8.945002e+01  8.700000e+01  1.581825e+01
     vertex  3.450000e+01  8.700000e+01  3.000000e+00
   endloop
 endfacet
 facet normal  0.000000e+00 -1.000000e+00 -0.000000e+00
   outer loop
     vertex  8.779437e+01  8.700000e+01  1.755537e+01
     vertex  3.450000e+01  8.700000e+01  3.000000e+00
     vertex  8.780740e+01  8.700000e+01  1.749503e+01
   endloop
 endfacet
 facet normal -0.000000e+00 -1.000000e+00  0.000000e+00
   outer loop
     vertex  8.957051e+01  8.700000e+01  1.579137e+01
     vertex  8.951008e+01  8.700000e+01  1.580399e+01
     vertex  3.450000e+01  8.700000e+01  3.000000e+00
   endloop
 endfacet
 facet normal  0.000000e+00 -1.000000e+00 -0.000000e+00
   outer loop
     vertex  8.778300e+01  8.700000e+01  1.761605e+01
     vertex  3.450000e+01  8.700000e+01  3.000000e+00
     vertex  8.779437e+01  8.700000e+01  1.755537e+01
   endloop
 endfacet
 facet normal -0.000000e+00 -1.000000e+00  0.000000e+00
   outer loop
     vertex  8.963126e+01  8.700000e+01  1.578042e+01
     vertex  8.957051e+01  8.700000e+01  1.579137e+01
     vertex  3.450000e+01  8.700000e+01  3.000000e+00
   endloop
 endfacet
 facet normal  0.000000e+00 -1.000000e+00 -0.000000e+00
   outer loop
     vertex  8.777330e+01  8.700000e+01  1.767701e+01
     vertex  3.450000e+01  8.700000e+01  3.000000e+00
     vertex  8.778300e+01  8.700000e+01  1.761605e+01
   endloop
 endfacet
 facet normal -0.000000e+00 -1.000000e+00  0.000000e+00
   outer loop
     vertex  8.969230e+01  8.700000e+01  1.577114e+01
     vertex  8.963126e+01  8.700000e+01  1.578042e+01
     vertex  3.450000e+01  8.700000e+01  3.000000e+00
   endloop
 endfacet
 facet normal  0.000000e+00 -1.000000e+00 -0.000000e+00
   outer loop
     vertex  8.776528e+01  8.700000e+01  1.773822e+01
     vertex  3.450000e+01  8.700000e+01  3.000000e+00
     vertex  8.777330e+01  8.700000e+01  1.767701e+01
   endloop
 endfacet
 facet normal -0.000000e+00 -1.000000e+00  0.000000e+00
   outer loop
     vertex  8.975356e+01  8.700000e+01  1.576354e+01
     vertex  8.969230e+01  8.700000e+01  1.577114e+01
     vertex  3.450000e+01  8.700000e+01  3.000000e+00
   endloop
 endfacet
 facet normal  0.000000e+00 -1.000000e+00 -0.000000e+00
   outer loop
     vertex  8.775894e+01  8.700000e+01  1.779963e+01
     vertex  3.450000e+01  8.700000e+01  3.000000e+00
     vertex  8.776528e+01  8.700000e+01  1.773822e+01
   endloop
 endfacet
 facet normal -0.000000e+00 -1.000000e+00  0.000000e+00
   outer loop
     vertex  8.981501e+01  8.700000e+01  1.575762e+01
     vertex  8.975356e+01  8.700000e+01  1.576354e+01
     vertex  3.450000e+01  8.700000e+01  3.000000e+00
   endloop
 endfacet
 facet normal  0.000000e+00 -1.000000e+00 -0.000000e+00
   outer loop
     vertex  8.775429e+01  8.700000e+01  1.786119e+01
     vertex  3.450000e+01  8.700000e+01  3.000000e+00
     vertex  8.775894e+01  8.700000e+01  1.779963e+01
   endloop
 endfacet
 facet normal -0.000000e+00 -1.000000e+00  0.000000e+00
   outer loop
     vertex  8.987659e+01  8.700000e+01  1.575339e+01
     vertex  8.981501e+01  8.700000e+01  1.575762e+01
     vertex  3.450000e+01  8.700000e+01  3.000000e+00
   endloop
 endfacet
 facet normal  0.000000e+00 -1.000000e+00 -0.000000e+00
   outer loop
     vertex  8.775132e+01  8.700000e+01  1.792285e+01
     vertex  3.450000e+01  8.700000e+01  3.000000e+00
     vertex  8.775429e+01  8.700000e+01  1.786119e+01
   endloop
 endfacet
 facet normal  0.000000e+00 -1.000000e+00 -0.000000e+00
   outer loop
     vertex  8.775005e+01  8.700000e+01  1.798457e+01
     vertex  3.450000e+01  8.700000e+01  3.000000e+00
     vertex  8.775132e+01  8.700000e+01  1.792285e+01
   endloop
 endfacet
 facet normal  0.000000e+00 -1.000000e+00  0.000000e+00
   outer loop
     vertex  8.775048e+01  8.700000e+01  1.804630e+01
     vertex  3.450000e+01  8.700000e+01  3.000000e+00
     vertex  8.775005e+01  8.700000e+01  1.798457e+01
   endloop
 endfacet
 facet normal -0.000000e+00 -1.000000e+00  0.000000e+00
   outer loop
     vertex  8.775259e+01  8.700000e+01  1.810799e+01
     vertex  3.450000e+01  8.700000e+01  3.600000e+01
     vertex  3.450000e+01  8.700000e+01  3.000000e+00
   endloop
 endfacet
 facet normal  0.000000e+00 -1.000000e+00  0.000000e+00
   outer loop
     vertex  8.775259e+01  8.700000e+01  1.810799e+01
     vertex  3.450000e+01  8.700000e+01  3.000000e+00
     vertex  8.775048e+01  8.700000e+01  1.804630e+01
   endloop
 endfacet
 facet normal -0.000000e+00 -1.000000e+00  0.000000e+00
   outer loop
     vertex  8.775640e+01  8.700000e+01  1.816961e+01
     vertex  3.450000e+01  8.700000e+01  3.600000e+01
     vertex  8.775259e+01  8.700000e+01  1.810799e+01
   endloop
 endfacet
 facet normal -0.000000e+00 -1.000000e+00  0.000000e+00
   outer loop
     vertex  8.776190e+01  8.700000e+01  1.823110e+01
     vertex  3.450000e+01  8.700000e+01  3.600000e+01
     vertex  8.775640e+01  8.700000e+01  1.816961e+01
   endloop
 endfacet
 facet normal -0.000000e+00 -1.000000e+00  0.000000e+00
   outer loop
     vertex  8.776908e+01  8.700000e+01  1.829241e+01
     vertex  3.450000e+01  8.700000e+01  3.600000e+01
     vertex  8.776190e+01  8.700000e+01  1.823110e+01
   endloop
 endfacet
 facet normal -0.000000e+00 -1.000000e+00  0.000000e+00
   outer loop
     vertex  8.777794e+01  8.700000e+01  1.835350e+01
     vertex  3.450000e+01  8.700000e+01  3.600000e+01
     vertex  8.776908e+01  8.700000e+01  1.829241e+01
   endloop
 endfacet
 facet normal -0.000000e+00 -1.000000e+00  0.000000e+00
   outer loop
     vertex  8.778848e+01  8.700000e+01  1.841433e+01
     vertex  3.450000e+01  8.700000e+01  3.600000e+01
     vertex  8.777794e+01  8.700000e+01  1.835350e+01
   endloop
 endfacet
 facet normal -0.000000e+00 -1.000000e+00  0.000000e+00
   outer loop
     vertex  8.780068e+01  8.700000e+01  1.847484e+01
     vertex  3.450000e+01  8.700000e+01  3.600000e+01
     vertex  8.778848e+01  8.700000e+01  1.841433e+01
   endloop
 endfacet
 facet normal -0.000000e+00 -1.000000e+00  0.000000e+00
   outer loop
     vertex  8.781453e+01  8.700000e+01  1.853500e+01
     vertex  3.450000e+01  8.700000e+01  3.600000e+01
     vertex  8.780068e+01  8.700000e+01  1.847484e+01
   endloop
 endfacet
 facet normal -0.000000e+00 -1.000000e+00  0.000000e+00
   outer loop
     vertex  8.783003e+01  8.700000e+01  1.859476e+01
     vertex  3.450000e+01  8.700000e+01  3.600000e+01
     vertex  8.781453e+01  8.700000e+01  1.853500e+01
   endloop
 endfacet
 facet normal -0.000000e+00 -1.000000e+00  0.000000e+00
   outer loop
     vertex  8.784716e+01  8.700000e+01  1.865406e+01
     vertex  3.450000e+01  8.700000e+01  3.600000e+01
     vertex  8.783003e+01  8.700000e+01  1.859476e+01
   endloop
 endfacet
 facet normal -0.000000e+00 -1.000000e+00  0.000000e+00
   outer loop
     vertex  8.786592e+01  8.700000e+01  1.871288e+01
     vertex  3.450000e+01  8.700000e+01  3.600000e+01
     vertex  8.784716e+01  8.700000e+01  1.865406e+01
   endloop
 endfacet
 facet normal -0.000000e+00 -1.000000e+00  0.000000e+00
   outer loop
     vertex  8.788628e+01  8.700000e+01  1.877116e+01
     vertex  3.450000e+01  8.700000e+01  3.600000e+01
     vertex  8.786592e+01  8.700000e+01  1.871288e+01
   endloop
 endfacet
 facet normal -0.000000e+00 -1.000000e+00  0.000000e+00
   outer loop
     vertex  8.790823e+01  8.700000e+01  1.882885e+01
     vertex  3.450000e+01  8.700000e+01  3.600000e+01
     vertex  8.788628e+01  8.700000e+01  1.877116e+01
   endloop
 endfacet
 facet normal -0.000000e+00 -1.000000e+00  0.000000e+00
   outer loop
     vertex  8.793176e+01  8.700000e+01  1.888593e+01
     vertex  3.450000e+01  8.700000e+01  3.600000e+01
     vertex  8.790823e+01  8.700000e+01  1.882885e+01
   endloop
 endfacet
 facet normal -0.000000e+00 -1.000000e+00  0.000000e+00
   outer loop
     vertex  8.795684e+01  8.700000e+01  1.894233e+01
     vertex  3.450000e+01  8.700000e+01  3.600000e+01
     vertex  8.793176e+01  8.700000e+01  1.888593e+01
   endloop
 endfacet
 facet normal -0.000000e+00 -1.000000e+00  0.000000e+00
   outer loop
     vertex  8.798346e+01  8.700000e+01  1.899803e+01
     vertex  3.450000e+01  8.700000e+01  3.600000e+01
     vertex  8.795684e+01  8.700000e+01  1.894233e+01
   endloop
 endfacet
 facet normal -0.000000e+00 -1.000000e+00  0.000000e+00
   outer loop
     vertex  8.801160e+01  8.700000e+01  1.905298e+01
     vertex  3.450000e+01  8.700000e+01  3.600000e+01
     vertex  8.798346e+01  8.700000e+01  1.899803e+01
   endloop
 endfacet
 facet normal -0.000000e+00 -1.000000e+00  0.000000e+00
   outer loop
     vertex  8.804124e+01  8.700000e+01  1.910713e+01
     vertex  3.450000e+01  8.700000e+01  3.600000e+01
     vertex  8.801160e+01  8.700000e+01  1.905298e+01
   endloop
 endfacet
 facet normal -0.000000e+00 -1.000000e+00  0.000000e+00
   outer loop
     vertex  8.807235e+01  8.700000e+01  1.916045e+01
     vertex  3.450000e+01  8.700000e+01  3.600000e+01
     vertex  8.804124e+01  8.700000e+01  1.910713e+01
   endloop
 endfacet
 facet normal -0.000000e+00 -1.000000e+00  0.000000e+00
   outer loop
     vertex  8.810491e+01  8.700000e+01  1.921290e+01
     vertex  3.450000e+01  8.700000e+01  3.600000e+01
     vertex  8.807235e+01  8.700000e+01  1.916045e+01
   endloop
 endfacet
 facet normal -0.000000e+00 -1.000000e+00  0.000000e+00
   outer loop
     vertex  8.813890e+01  8.700000e+01  1.926443e+01
     vertex  3.450000e+01  8.700000e+01  3.600000e+01
     vertex  8.810491e+01  8.700000e+01  1.921290e+01
   endloop
 endfacet
 facet normal -0.000000e+00 -1.000000e+00  0.000000e+00
   outer loop
     vertex  8.817428e+01  8.700000e+01  1.931501e+01
     vertex  3.450000e+01  8.700000e+01  3.600000e+01
     vertex  8.813890e+01  8.700000e+01  1.926443e+01
   endloop
 endfacet
 facet normal -0.000000e+00 -1.000000e+00  0.000000e+00
   outer loop
     vertex  8.821105e+01  8.700000e+01  1.936461e+01
     vertex  3.450000e+01  8.700000e+01  3.600000e+01
     vertex  8.817428e+01  8.700000e+01  1.931501e+01
   endloop
 endfacet
 facet normal -0.000000e+00 -1.000000e+00  0.000000e+00
   outer loop
     vertex  8.824916e+01  8.700000e+01  1.941317e+01
     vertex  3.450000e+01  8.700000e+01  3.600000e+01
     vertex  8.821105e+01  8.700000e+01  1.936461e+01
   endloop
 endfacet
 facet normal -0.000000e+00 -1.000000e+00  0.000000e+00
   outer loop
     vertex  8.828859e+01  8.700000e+01  1.946067e+01
     vertex  3.450000e+01  8.700000e+01  3.600000e+01
     vertex  8.824916e+01  8.700000e+01  1.941317e+01
   endloop
 endfacet
 facet normal -0.000000e+00 -1.000000e+00  0.000000e+00
   outer loop
     vertex  8.832930e+01  8.700000e+01  1.950707e+01
     vertex  3.450000e+01  8.700000e+01  3.600000e+01
     vertex  8.828859e+01  8.700000e+01  1.946067e+01
   endloop
 endfacet
 facet normal -0.000000e+00 -1.000000e+00  0.000000e+00
   outer loop
     vertex  8.837128e+01  8.700000e+01  1.955234e+01
     vertex  3.450000e+01  8.700000e+01  3.600000e+01
     vertex  8.832930e+01  8.700000e+01  1.950707e+01
   endloop
 endfacet
 facet normal -0.000000e+00 -1.000000e+00  0.000000e+00
   outer loop
     vertex  8.841448e+01  8.700000e+01  1.959644e+01
     vertex  3.450000e+01  8.700000e+01  3.600000e+01
     vertex  8.837128e+01  8.700000e+01  1.955234e+01
   endloop
 endfacet
 facet normal -0.000000e+00 -1.000000e+00  0.000000e+00
   outer loop
     vertex  8.845887e+01  8.700000e+01  1.963933e+01
     vertex  3.450000e+01  8.700000e+01  3.600000e+01
     vertex  8.841448e+01  8.700000e+01  1.959644e+01
   endloop
 endfacet
 facet normal -0.000000e+00 -1.000000e+00  0.000000e+00
   outer loop
     vertex  8.850442e+01  8.700000e+01  1.968100e+01
     vertex  3.450000e+01  8.700000e+01  3.600000e+01
     vertex  8.845887e+01  8.700000e+01  1.963933e+01
   endloop
 endfacet
 facet normal -0.000000e+00 -1.000000e+00  0.000000e+00
   outer loop
     vertex  8.855110e+01  8.700000e+01  1.972139e+01
     vertex  3.450000e+01  8.700000e+01  3.600000e+01
     vertex  8.850442e+01  8.700000e+01  1.968100e+01
   endloop
 endfacet
 facet normal -0.000000e+00 -1.000000e+00  0.000000e+00
   outer loop
     vertex  8.859887e+01  8.700000e+01  1.976049e+01
     vertex  3.450000e+01  8.700000e+01  3.600000e+01
     vertex  8.855110e+01  8.700000e+01  1.972139e+01
   endloop
 endfacet
 facet normal -0.000000e+00 -1.000000e+00  0.000000e+00
   outer loop
     vertex  8.864770e+01  8.700000e+01  1.979827e+01
     vertex  3.450000e+01  8.700000e+01  3.600000e+01
     vertex  8.859887e+01  8.700000e+01  1.976049e+01
   endloop
 endfacet
 facet normal -0.000000e+00 -1.000000e+00  0.000000e+00
   outer loop
     vertex  8.869754e+01  8.700000e+01  1.983469e+01
     vertex  3.450000e+01  8.700000e+01  3.600000e+01
     vertex  8.864770e+01  8.700000e+01  1.979827e+01
   endloop
 endfacet
 facet normal -0.000000e+00 -1.000000e+00  0.000000e+00
   outer loop
     vertex  8.874836e+01  8.700000e+01  1.986973e+01
     vertex  3.450000e+01  8.700000e+01  3.600000e+01
     vertex  8.869754e+01  8.700000e+01  1.983469e+01
   endloop
 endfacet
 facet normal -0.000000e+00 -1.000000e+00  0.000000e+00
   outer loop
     vertex  8.880013e+01  8.700000e+01  1.990337e+01
     vertex  3.450000e+01  8.700000e+01  3.600000e+01
     vertex  8.874836e+01  8.700000e+01  1.986973e+01
   endloop
 endfacet
 facet normal -0.000000e+00 -1.000000e+00  0.000000e+00
   outer loop
     vertex  8.885280e+01  8.700000e+01  1.993557e+01
     vertex  3.450000e+01  8.700000e+01  3.600000e+01
     vertex  8.880013e+01  8.700000e+01  1.990337e+01
   endloop
 endfacet
 facet normal -0.000000e+00 -1.000000e+00  0.000000e+00
   outer loop
     vertex  8.890633e+01  8.700000e+01  1.996631e+01
     vertex  3.450000e+01  8.700000e+01  3.600000e+01
     vertex  8.885280e+01  8.700000e+01  1.993557e+01
   endloop
 endfacet
 facet normal -0.000000e+00 -1.000000e+00  0.000000e+00
   outer loop
     vertex  8.896069e+01  8.700000e+01  1.999558e+01
     vertex  3.450000e+01  8.700000e+01  3.600000e+01
     vertex  8.890633e+01  8.700000e+01  1.996631e+01
   endloop
 endfacet
 facet normal -0.000000e+00 -1.000000e+00  0.000000e+00
   outer loop
     vertex  8.901582e+01  8.700000e+01  2.002334e+01
     vertex  3.450000e+01  8.700000e+01  3.600000e+01
     vertex  8.896069e+01  8.700000e+01  1.999558e+01
   endloop
 endfacet
 facet normal -0.000000e+00 -1.000000e+00  0.000000e+00
   outer loop
     vertex  8.907170e+01  8.700000e+01  2.004958e+01
     vertex  3.450000e+01  8.700000e+01  3.600000e+01
     vertex  8.901582e+01  8.700000e+01  2.002334e+01
   endloop
 endfacet
 facet normal -0.000000e+00 -1.000000e+00  0.000000e+00
   outer loop
     vertex  8.912828e+01  8.700000e+01  2.007427e+01
     vertex  3.450000e+01  8.700000e+01  3.600000e+01
     vertex  8.907170e+01  8.700000e+01  2.004958e+01
   endloop
 endfacet
 facet normal -0.000000e+00 -1.000000e+00  0.000000e+00
   outer loop
     vertex  8.918551e+01  8.700000e+01  2.009741e+01
     vertex  3.450000e+01  8.700000e+01  3.600000e+01
     vertex  8.912828e+01  8.700000e+01  2.007427e+01
   endloop
 endfacet
 facet normal -0.000000e+00 -1.000000e+00  0.000000e+00
   outer loop
     vertex  8.924336e+01  8.700000e+01  2.011896e+01
     vertex  3.450000e+01  8.700000e+01  3.600000e+01
     vertex  8.918551e+01  8.700000e+01  2.009741e+01
   endloop
 endfacet
 facet normal -0.000000e+00 -1.000000e+00  0.000000e+00
   outer loop
     vertex  8.930178e+01  8.700000e+01  2.013892e+01
     vertex  3.450000e+01  8.700000e+01  3.600000e+01
     vertex  8.924336e+01  8.700000e+01  2.011896e+01
   endloop
 endfacet
 facet normal -0.000000e+00 -1.000000e+00  0.000000e+00
   outer loop
     vertex  8.936072e+01  8.700000e+01  2.015727e+01
     vertex  3.450000e+01  8.700000e+01  3.600000e+01
     vertex  8.930178e+01  8.700000e+01  2.013892e+01
   endloop
 endfacet
 facet normal -0.000000e+00 -1.000000e+00  0.000000e+00
   outer loop
     vertex  8.942014e+01  8.700000e+01  2.017400e+01
     vertex  3.450000e+01  8.700000e+01  3.600000e+01
     vertex  8.936072e+01  8.700000e+01  2.015727e+01
   endloop
 endfacet
 facet normal -0.000000e+00 -1.000000e+00  0.000000e+00
   outer loop
     vertex  8.948000e+01  8.700000e+01  2.018909e+01
     vertex  3.450000e+01  8.700000e+01  3.600000e+01
     vertex  8.942014e+01  8.700000e+01  2.017400e+01
   endloop
 endfacet
 facet normal -0.000000e+00 -1.000000e+00  0.000000e+00
   outer loop
     vertex  8.954025e+01  8.700000e+01  2.020253e+01
     vertex  3.450000e+01  8.700000e+01  3.600000e+01
     vertex  8.948000e+01  8.700000e+01  2.018909e+01
   endloop
 endfacet
 facet normal -0.000000e+00 -1.000000e+00  0.000000e+00
   outer loop
     vertex  8.960085e+01  8.700000e+01  2.021431e+01
     vertex  3.450000e+01  8.700000e+01  3.600000e+01
     vertex  8.954025e+01  8.700000e+01  2.020253e+01
   endloop
 endfacet
 facet normal -0.000000e+00 -1.000000e+00  0.000000e+00
   outer loop
     vertex  8.966175e+01  8.700000e+01  2.022443e+01
     vertex  3.450000e+01  8.700000e+01  3.600000e+01
     vertex  8.960085e+01  8.700000e+01  2.021431e+01
   endloop
 endfacet
 facet normal -0.000000e+00 -1.000000e+00  0.000000e+00
   outer loop
     vertex  8.972290e+01  8.700000e+01  2.023287e+01
     vertex  3.450000e+01  8.700000e+01  3.600000e+01
     vertex  8.966175e+01  8.700000e+01  2.022443e+01
   endloop
 endfacet
 facet normal -0.000000e+00 -1.000000e+00  0.000000e+00
   outer loop
     vertex  8.978426e+01  8.700000e+01  2.023963e+01
     vertex  3.450000e+01  8.700000e+01  3.600000e+01
     vertex  8.972290e+01  8.700000e+01  2.023287e+01
   endloop
 endfacet
 facet normal -0.000000e+00 -1.000000e+00  0.000000e+00
   outer loop
     vertex  8.984579e+01  8.700000e+01  2.024471e+01
     vertex  3.450000e+01  8.700000e+01  3.600000e+01
     vertex  8.978426e+01  8.700000e+01  2.023963e+01
   endloop
 endfacet
 facet normal -0.000000e+00 -1.000000e+00  0.000000e+00
   outer loop
     vertex  8.990742e+01  8.700000e+01  2.024809e+01
     vertex  3.450000e+01  8.700000e+01  3.600000e+01
     vertex  8.984579e+01  8.700000e+01  2.024471e+01
   endloop
 endfacet
 facet normal -0.000000e+00 -1.000000e+00  0.000000e+00
   outer loop
     vertex  8.996913e+01  8.700000e+01  2.024979e+01
     vertex  3.450000e+01  8.700000e+01  3.600000e+01
     vertex  8.990742e+01  8.700000e+01  2.024809e+01
   endloop
 endfacet
 facet normal  0.000000e+00 -1.000000e+00  0.000000e+00
   outer loop
     vertex  9.003087e+01  8.700000e+01  2.024979e+01
     vertex  3.450000e+01  8.700000e+01  3.600000e+01
     vertex  8.996913e+01  8.700000e+01  2.024979e+01
   endloop
 endfacet
 facet normal  0.000000e+00 -1.000000e+00  0.000000e+00
   outer loop
     vertex  1.525000e+02  8.700000e+01  3.000000e+00
     vertex  9.024644e+01  8.700000e+01  1.576354e+01
     vertex  9.018499e+01  8.700000e+01  1.575762e+01
   endloop
 endfacet
 facet normal  0.000000e+00 -1.000000e+00  0.000000e+00
   outer loop
     vertex  1.525000e+02  8.700000e+01  3.000000e+00
     vertex  9.030770e+01  8.700000e+01  1.577114e+01
     vertex  9.024644e+01  8.700000e+01  1.576354e+01
   endloop
 endfacet
 facet normal  0.000000e+00 -1.000000e+00  0.000000e+00
   outer loop
     vertex  1.525000e+02  8.700000e+01  3.000000e+00
     vertex  9.036874e+01  8.700000e+01  1.578042e+01
     vertex  9.030770e+01  8.700000e+01  1.577114e+01
   endloop
 endfacet
 facet normal  0.000000e+00 -1.000000e+00  0.000000e+00
   outer loop
     vertex  1.525000e+02  8.700000e+01  3.000000e+00
     vertex  9.042949e+01  8.700000e+01  1.579137e+01
     vertex  9.036874e+01  8.700000e+01  1.578042e+01
   endloop
 endfacet
 facet normal  0.000000e+00 -1.000000e+00  0.000000e+00
   outer loop
     vertex  1.525000e+02  8.700000e+01  3.000000e+00
     vertex  9.048992e+01  8.700000e+01  1.580399e+01
     vertex  9.042949e+01  8.700000e+01  1.579137e+01
   endloop
 endfacet
 facet normal  0.000000e+00 -1.000000e+00  0.000000e+00
   outer loop
     vertex  1.525000e+02  8.700000e+01  3.000000e+00
     vertex  9.054998e+01  8.700000e+01  1.581825e+01
     vertex  9.048992e+01  8.700000e+01  1.580399e+01
   endloop
 endfacet
 facet normal  0.000000e+00 -1.000000e+00  0.000000e+00
   outer loop
     vertex  1.525000e+02  8.700000e+01  3.000000e+00
     vertex  9.060963e+01  8.700000e+01  1.583416e+01
     vertex  9.054998e+01  8.700000e+01  1.581825e+01
   endloop
 endfacet
 facet normal  0.000000e+00 -1.000000e+00  0.000000e+00
   outer loop
     vertex  1.525000e+02  8.700000e+01  3.000000e+00
     vertex  9.066882e+01  8.700000e+01  1.585170e+01
     vertex  9.060963e+01  8.700000e+01  1.583416e+01
   endloop
 endfacet
 facet normal  0.000000e+00 -1.000000e+00  0.000000e+00
   outer loop
     vertex  1.525000e+02  8.700000e+01  3.000000e+00
     vertex  9.072750e+01  8.700000e+01  1.587086e+01
     vertex  9.066882e+01  8.700000e+01  1.585170e+01
   endloop
 endfacet
 facet normal  0.000000e+00 -1.000000e+00  0.000000e+00
   outer loop
     vertex  1.525000e+02  8.700000e+01  3.000000e+00
     vertex  9.078564e+01  8.700000e+01  1.589162e+01
     vertex  9.072750e+01  8.700000e+01  1.587086e+01
   endloop
 endfacet
 facet normal  0.000000e+00 -1.000000e+00  0.000000e+00
   outer loop
     vertex  1.525000e+02  8.700000e+01  3.000000e+00
     vertex  9.084318e+01  8.700000e+01  1.591396e+01
     vertex  9.078564e+01  8.700000e+01  1.589162e+01
   endloop
 endfacet
 facet normal  0.000000e+00 -1.000000e+00  0.000000e+00
   outer loop
     vertex  1.525000e+02  8.700000e+01  3.000000e+00
     vertex  9.090009e+01  8.700000e+01  1.593788e+01
     vertex  9.084318e+01  8.700000e+01  1.591396e+01
   endloop
 endfacet
 facet normal  0.000000e+00 -1.000000e+00  0.000000e+00
   outer loop
     vertex  1.525000e+02  8.700000e+01  3.000000e+00
     vertex  9.095633e+01  8.700000e+01  1.596335e+01
     vertex  9.090009e+01  8.700000e+01  1.593788e+01
   endloop
 endfacet
 facet normal  0.000000e+00 -1.000000e+00  0.000000e+00
   outer loop
     vertex  1.525000e+02  8.700000e+01  3.000000e+00
     vertex  9.101184e+01  8.700000e+01  1.599035e+01
     vertex  9.095633e+01  8.700000e+01  1.596335e+01
   endloop
 endfacet
 facet normal  0.000000e+00 -1.000000e+00  0.000000e+00
   outer loop
     vertex  1.525000e+02  8.700000e+01  3.000000e+00
     vertex  9.106659e+01  8.700000e+01  1.601887e+01
     vertex  9.101184e+01  8.700000e+01  1.599035e+01
   endloop
 endfacet
 facet normal  0.000000e+00 -1.000000e+00  0.000000e+00
   outer loop
     vertex  1.525000e+02  8.700000e+01  3.000000e+00
     vertex  9.112054e+01  8.700000e+01  1.604888e+01
     vertex  9.106659e+01  8.700000e+01  1.601887e+01
   endloop
 endfacet
 facet normal  0.000000e+00 -1.000000e+00  0.000000e+00
   outer loop
     vertex  1.525000e+02  8.700000e+01  3.000000e+00
     vertex  9.117365e+01  8.700000e+01  1.608035e+01
     vertex  9.112054e+01  8.700000e+01  1.604888e+01
   endloop
 endfacet
 facet normal  0.000000e+00 -1.000000e+00  0.000000e+00
   outer loop
     vertex  1.525000e+02  8.700000e+01  3.000000e+00
     vertex  9.122587e+01  8.700000e+01  1.611327e+01
     vertex  9.117365e+01  8.700000e+01  1.608035e+01
   endloop
 endfacet
 facet normal  0.000000e+00 -1.000000e+00  0.000000e+00
   outer loop
     vertex  1.525000e+02  8.700000e+01  3.000000e+00
     vertex  9.127717e+01  8.700000e+01  1.614761e+01
     vertex  9.122587e+01  8.700000e+01  1.611327e+01
   endloop
 endfacet
 facet normal  0.000000e+00 -1.000000e+00  0.000000e+00
   outer loop
     vertex  1.525000e+02  8.700000e+01  3.000000e+00
     vertex  9.132751e+01  8.700000e+01  1.618335e+01
     vertex  9.127717e+01  8.700000e+01  1.614761e+01
   endloop
 endfacet
 facet normal  0.000000e+00 -1.000000e+00  0.000000e+00
   outer loop
     vertex  1.525000e+02  8.700000e+01  3.000000e+00
     vertex  9.137684e+01  8.700000e+01  1.622045e+01
     vertex  9.132751e+01  8.700000e+01  1.618335e+01
   endloop
 endfacet
 facet normal  0.000000e+00 -1.000000e+00  0.000000e+00
   outer loop
     vertex  1.525000e+02  8.700000e+01  3.000000e+00
     vertex  9.142515e+01  8.700000e+01  1.625889e+01
     vertex  9.137684e+01  8.700000e+01  1.622045e+01
   endloop
 endfacet
 facet normal  0.000000e+00 -1.000000e+00  0.000000e+00
   outer loop
     vertex  1.525000e+02  8.700000e+01  3.000000e+00
     vertex  9.147238e+01  8.700000e+01  1.629864e+01
     vertex  9.142515e+01  8.700000e+01  1.625889e+01
   endloop
 endfacet
 facet normal  0.000000e+00 -1.000000e+00  0.000000e+00
   outer loop
     vertex  1.525000e+02  8.700000e+01  3.000000e+00
     vertex  9.151850e+01  8.700000e+01  1.633968e+01
     vertex  9.147238e+01  8.700000e+01  1.629864e+01
   endloop
 endfacet
 facet normal  0.000000e+00 -1.000000e+00  0.000000e+00
   outer loop
     vertex  1.525000e+02  8.700000e+01  3.000000e+00
     vertex  9.156347e+01  8.700000e+01  1.638196e+01
     vertex  9.151850e+01  8.700000e+01  1.633968e+01
   endloop
 endfacet
 facet normal  0.000000e+00 -1.000000e+00  0.000000e+00
   outer loop
     vertex  1.525000e+02  8.700000e+01  3.000000e+00
     vertex  9.160728e+01  8.700000e+01  1.642546e+01
     vertex  9.156347e+01  8.700000e+01  1.638196e+01
   endloop
 endfacet
 facet normal  0.000000e+00 -1.000000e+00  0.000000e+00
   outer loop
     vertex  1.525000e+02  8.700000e+01  3.000000e+00
     vertex  9.164987e+01  8.700000e+01  1.647015e+01
     vertex  9.160728e+01  8.700000e+01  1.642546e+01
   endloop
 endfacet
 facet normal  0.000000e+00 -1.000000e+00  0.000000e+00
   outer loop
     vertex  1.525000e+02  8.700000e+01  3.000000e+00
     vertex  9.169122e+01  8.700000e+01  1.651599e+01
     vertex  9.164987e+01  8.700000e+01  1.647015e+01
   endloop
 endfacet
 facet normal  0.000000e+00 -1.000000e+00  0.000000e+00
   outer loop
     vertex  1.525000e+02  8.700000e+01  3.000000e+00
     vertex  9.173129e+01  8.700000e+01  1.656294e+01
     vertex  9.169122e+01  8.700000e+01  1.651599e+01
   endloop
 endfacet
 facet normal  0.000000e+00 -1.000000e+00  0.000000e+00
   outer loop
     vertex  1.525000e+02  8.700000e+01  3.000000e+00
     vertex  9.177006e+01  8.700000e+01  1.661098e+01
     vertex  9.173129e+01  8.700000e+01  1.656294e+01
   endloop
 endfacet
 facet normal  0.000000e+00 -1.000000e+00  0.000000e+00
   outer loop
     vertex  1.525000e+02  8.700000e+01  3.000000e+00
     vertex  9.180750e+01  8.700000e+01  1.666006e+01
     vertex  9.177006e+01  8.700000e+01  1.661098e+01
   endloop
 endfacet
 facet normal  0.000000e+00 -1.000000e+00  0.000000e+00
   outer loop
     vertex  1.525000e+02  8.700000e+01  3.000000e+00
     vertex  9.184358e+01  8.700000e+01  1.671016e+01
     vertex  9.180750e+01  8.700000e+01  1.666006e+01
   endloop
 endfacet
 facet normal  0.000000e+00 -1.000000e+00  0.000000e+00
   outer loop
     vertex  1.525000e+02  8.700000e+01  3.000000e+00
     vertex  9.187828e+01  8.700000e+01  1.676122e+01
     vertex  9.184358e+01  8.700000e+01  1.671016e+01
   endloop
 endfacet
 facet normal  0.000000e+00 -1.000000e+00  0.000000e+00
   outer loop
     vertex  1.525000e+02  8.700000e+01  3.000000e+00
     vertex  9.191155e+01  8.700000e+01  1.681321e+01
     vertex  9.187828e+01  8.700000e+01  1.676122e+01
   endloop
 endfacet
 facet normal  0.000000e+00 -1.000000e+00  0.000000e+00
   outer loop
     vertex  1.525000e+02  8.700000e+01  3.000000e+00
     vertex  9.194339e+01  8.700000e+01  1.686610e+01
     vertex  9.191155e+01  8.700000e+01  1.681321e+01
   endloop
 endfacet
 facet normal  0.000000e+00 -1.000000e+00  0.000000e+00
   outer loop
     vertex  1.525000e+02  8.700000e+01  3.000000e+00
     vertex  9.197377e+01  8.700000e+01  1.691984e+01
     vertex  9.194339e+01  8.700000e+01  1.686610e+01
   endloop
 endfacet
 facet normal  0.000000e+00 -1.000000e+00  0.000000e+00
   outer loop
     vertex  1.525000e+02  8.700000e+01  3.000000e+00
     vertex  9.200266e+01  8.700000e+01  1.697440e+01
     vertex  9.197377e+01  8.700000e+01  1.691984e+01
   endloop
 endfacet
 facet normal  0.000000e+00 -1.000000e+00  0.000000e+00
   outer loop
     vertex  1.525000e+02  8.700000e+01  3.000000e+00
     vertex  9.203004e+01  8.700000e+01  1.702973e+01
     vertex  9.200266e+01  8.700000e+01  1.697440e+01
   endloop
 endfacet
 facet normal  0.000000e+00 -1.000000e+00  0.000000e+00
   outer loop
     vertex  1.525000e+02  8.700000e+01  3.000000e+00
     vertex  9.205590e+01  8.700000e+01  1.708578e+01
     vertex  9.203004e+01  8.700000e+01  1.702973e+01
   endloop
 endfacet
 facet normal  0.000000e+00 -1.000000e+00  0.000000e+00
   outer loop
     vertex  1.525000e+02  8.700000e+01  3.000000e+00
     vertex  9.208020e+01  8.700000e+01  1.714253e+01
     vertex  9.205590e+01  8.700000e+01  1.708578e+01
   endloop
 endfacet
 facet normal  0.000000e+00 -1.000000e+00  0.000000e+00
   outer loop
     vertex  1.525000e+02  8.700000e+01  3.000000e+00
     vertex  9.210294e+01  8.700000e+01  1.719992e+01
     vertex  9.208020e+01  8.700000e+01  1.714253e+01
   endloop
 endfacet
 facet normal  0.000000e+00 -1.000000e+00  0.000000e+00
   outer loop
     vertex  1.525000e+02  8.700000e+01  3.000000e+00
     vertex  9.212410e+01  8.700000e+01  1.725791e+01
     vertex  9.210294e+01  8.700000e+01  1.719992e+01
   endloop
 endfacet
 facet normal  0.000000e+00 -1.000000e+00  0.000000e+00
   outer loop
     vertex  1.525000e+02  8.700000e+01  3.000000e+00
     vertex  9.214366e+01  8.700000e+01  1.731646e+01
     vertex  9.212410e+01  8.700000e+01  1.725791e+01
   endloop
 endfacet
 facet normal  0.000000e+00 -1.000000e+00  0.000000e+00
   outer loop
     vertex  1.525000e+02  8.700000e+01  3.000000e+00
     vertex  9.216161e+01  8.700000e+01  1.737553e+01
     vertex  9.214366e+01  8.700000e+01  1.731646e+01
   endloop
 endfacet
 facet normal  0.000000e+00 -1.000000e+00  0.000000e+00
   outer loop
     vertex  1.525000e+02  8.700000e+01  3.000000e+00
     vertex  9.217792e+01  8.700000e+01  1.743507e+01
     vertex  9.216161e+01  8.700000e+01  1.737553e+01
   endloop
 endfacet
 facet normal  0.000000e+00 -1.000000e+00  0.000000e+00
   outer loop
     vertex  1.525000e+02  8.700000e+01  3.000000e+00
     vertex  9.219260e+01  8.700000e+01  1.749503e+01
     vertex  9.217792e+01  8.700000e+01  1.743507e+01
   endloop
 endfacet
 facet normal  0.000000e+00 -1.000000e+00  0.000000e+00
   outer loop
     vertex  1.525000e+02  8.700000e+01  3.000000e+00
     vertex  9.220563e+01  8.700000e+01  1.755537e+01
     vertex  9.219260e+01  8.700000e+01  1.749503e+01
   endloop
 endfacet
 facet normal  0.000000e+00 -1.000000e+00  0.000000e+00
   outer loop
     vertex  1.525000e+02  8.700000e+01  3.000000e+00
     vertex  9.221700e+01  8.700000e+01  1.761605e+01
     vertex  9.220563e+01  8.700000e+01  1.755537e+01
   endloop
 endfacet
 facet normal  0.000000e+00 -1.000000e+00  0.000000e+00
   outer loop
     vertex  1.525000e+02  8.700000e+01  3.000000e+00
     vertex  9.222670e+01  8.700000e+01  1.767701e+01
     vertex  9.221700e+01  8.700000e+01  1.761605e+01
   endloop
 endfacet
 facet normal  0.000000e+00 -1.000000e+00  0.000000e+00
   outer loop
     vertex  1.525000e+02  8.700000e+01  3.000000e+00
     vertex  9.223472e+01  8.700000e+01  1.773822e+01
     vertex  9.222670e+01  8.700000e+01  1.767701e+01
   endloop
 endfacet
 facet normal  0.000000e+00 -1.000000e+00  0.000000e+00
   outer loop
     vertex  1.525000e+02  8.700000e+01  3.000000e+00
     vertex  9.224106e+01  8.700000e+01  1.779963e+01
     vertex  9.223472e+01  8.700000e+01  1.773822e+01
   endloop
 endfacet
 facet normal  0.000000e+00 -1.000000e+00  0.000000e+00
   outer loop
     vertex  1.525000e+02  8.700000e+01  3.000000e+00
     vertex  9.224571e+01  8.700000e+01  1.786119e+01
     vertex  9.224106e+01  8.700000e+01  1.779963e+01
   endloop
 endfacet
 facet normal  0.000000e+00 -1.000000e+00  0.000000e+00
   outer loop
     vertex  1.525000e+02  8.700000e+01  3.000000e+00
     vertex  9.224868e+01  8.700000e+01  1.792285e+01
     vertex  9.224571e+01  8.700000e+01  1.786119e+01
   endloop
 endfacet
 facet normal  0.000000e+00 -1.000000e+00  0.000000e+00
   outer loop
     vertex  1.525000e+02  8.700000e+01  3.000000e+00
     vertex  9.224995e+01  8.700000e+01  1.798457e+01
     vertex  9.224868e+01  8.700000e+01  1.792285e+01
   endloop
 endfacet
 facet normal  0.000000e+00 -1.000000e+00  0.000000e+00
   outer loop
     vertex  1.525000e+02  8.700000e+01  3.000000e+00
     vertex  9.224952e+01  8.700000e+01  1.804630e+01
     vertex  9.224995e+01  8.700000e+01  1.798457e+01
   endloop
 endfacet
 facet normal  0.000000e+00 -1.000000e+00  0.000000e+00
   outer loop
     vertex  1.525000e+02  8.700000e+01  3.000000e+00
     vertex  9.224741e+01  8.700000e+01  1.810799e+01
     vertex  9.224952e+01  8.700000e+01  1.804630e+01
   endloop
 endfacet
 facet normal  0.000000e+00 -1.000000e+00  0.000000e+00
   outer loop
     vertex  1.525000e+02  8.700000e+01  3.600000e+01
     vertex  9.103931e+01  8.700000e+01  1.999558e+01
     vertex  9.109367e+01  8.700000e+01  1.996631e+01
   endloop
 endfacet
 facet normal  0.000000e+00 -1.000000e+00  0.000000e+00
   outer loop
     vertex  1.525000e+02  8.700000e+01  3.600000e+01
     vertex  9.098418e+01  8.700000e+01  2.002334e+01
     vertex  9.103931e+01  8.700000e+01  1.999558e+01
   endloop
 endfacet
 facet normal  0.000000e+00 -1.000000e+00  0.000000e+00
   outer loop
     vertex  1.525000e+02  8.700000e+01  3.600000e+01
     vertex  9.092830e+01  8.700000e+01  2.004958e+01
     vertex  9.098418e+01  8.700000e+01  2.002334e+01
   endloop
 endfacet
 facet normal  0.000000e+00 -1.000000e+00  0.000000e+00
   outer loop
     vertex  1.525000e+02  8.700000e+01  3.600000e+01
     vertex  9.087172e+01  8.700000e+01  2.007427e+01
     vertex  9.092830e+01  8.700000e+01  2.004958e+01
   endloop
 endfacet
 facet normal  0.000000e+00 -1.000000e+00  0.000000e+00
   outer loop
     vertex  1.525000e+02  8.700000e+01  3.600000e+01
     vertex  9.081449e+01  8.700000e+01  2.009741e+01
     vertex  9.087172e+01  8.700000e+01  2.007427e+01
   endloop
 endfacet
 facet normal  0.000000e+00 -1.000000e+00  0.000000e+00
   outer loop
     vertex  1.525000e+02  8.700000e+01  3.600000e+01
     vertex  9.075664e+01  8.700000e+01  2.011896e+01
     vertex  9.081449e+01  8.700000e+01  2.009741e+01
   endloop
 endfacet
 facet normal  0.000000e+00 -1.000000e+00  0.000000e+00
   outer loop
     vertex  1.525000e+02  8.700000e+01  3.600000e+01
     vertex  9.069822e+01  8.700000e+01  2.013892e+01
     vertex  9.075664e+01  8.700000e+01  2.011896e+01
   endloop
 endfacet
 facet normal  0.000000e+00 -1.000000e+00  0.000000e+00
   outer loop
     vertex  1.525000e+02  8.700000e+01  3.600000e+01
     vertex  9.063928e+01  8.700000e+01  2.015727e+01
     vertex  9.069822e+01  8.700000e+01  2.013892e+01
   endloop
 endfacet
 facet normal  0.000000e+00 -1.000000e+00  0.000000e+00
   outer loop
     vertex  1.525000e+02  8.700000e+01  3.600000e+01
     vertex  9.057986e+01  8.700000e+01  2.017400e+01
     vertex  9.063928e+01  8.700000e+01  2.015727e+01
   endloop
 endfacet
 facet normal  0.000000e+00 -1.000000e+00  0.000000e+00
   outer loop
     vertex  1.525000e+02  8.700000e+01  3.600000e+01
     vertex  9.052000e+01  8.700000e+01  2.018909e+01
     vertex  9.057986e+01  8.700000e+01  2.017400e+01
   endloop
 endfacet
 facet normal  0.000000e+00 -1.000000e+00  0.000000e+00
   outer loop
     vertex  1.525000e+02  8.700000e+01  3.600000e+01
     vertex  9.045975e+01  8.700000e+01  2.020253e+01
     vertex  9.052000e+01  8.700000e+01  2.018909e+01
   endloop
 endfacet
 facet normal  0.000000e+00 -1.000000e+00  0.000000e+00
   outer loop
     vertex  1.525000e+02  8.700000e+01  3.600000e+01
     vertex  9.039915e+01  8.700000e+01  2.021431e+01
     vertex  9.045975e+01  8.700000e+01  2.020253e+01
   endloop
 endfacet
 facet normal  0.000000e+00 -1.000000e+00  0.000000e+00
   outer loop
     vertex  1.525000e+02  8.700000e+01  3.600000e+01
     vertex  9.033825e+01  8.700000e+01  2.022443e+01
     vertex  9.039915e+01  8.700000e+01  2.021431e+01
   endloop
 endfacet
 facet normal  0.000000e+00 -1.000000e+00  0.000000e+00
   outer loop
     vertex  1.525000e+02  8.700000e+01  3.600000e+01
     vertex  9.027710e+01  8.700000e+01  2.023287e+01
     vertex  9.033825e+01  8.700000e+01  2.022443e+01
   endloop
 endfacet
 facet normal  0.000000e+00 -1.000000e+00  0.000000e+00
   outer loop
     vertex  1.525000e+02  8.700000e+01  3.600000e+01
     vertex  9.021574e+01  8.700000e+01  2.023963e+01
     vertex  9.027710e+01  8.700000e+01  2.023287e+01
   endloop
 endfacet
 facet normal  0.000000e+00 -1.000000e+00  0.000000e+00
   outer loop
     vertex  1.525000e+02  8.700000e+01  3.600000e+01
     vertex  9.015421e+01  8.700000e+01  2.024471e+01
     vertex  9.021574e+01  8.700000e+01  2.023963e+01
   endloop
 endfacet
 facet normal  0.000000e+00 -1.000000e+00  0.000000e+00
   outer loop
     vertex  1.525000e+02  8.700000e+01  3.600000e+01
     vertex  9.009258e+01  8.700000e+01  2.024809e+01
     vertex  9.015421e+01  8.700000e+01  2.024471e+01
   endloop
 endfacet
 facet normal  0.000000e+00 -1.000000e+00  0.000000e+00
   outer loop
     vertex  1.525000e+02  8.700000e+01  3.600000e+01
     vertex  9.224360e+01  8.700000e+01  1.816961e+01
     vertex  9.224741e+01  8.700000e+01  1.810799e+01
   endloop
 endfacet
 facet normal  0.000000e+00 -1.000000e+00  0.000000e+00
   outer loop
     vertex  1.525000e+02  8.700000e+01  3.600000e+01
     vertex  9.223810e+01  8.700000e+01  1.823110e+01
     vertex  9.224360e+01  8.700000e+01  1.816961e+01
   endloop
 endfacet
 facet normal  0.000000e+00 -1.000000e+00  0.000000e+00
   outer loop
     vertex  1.525000e+02  8.700000e+01  3.600000e+01
     vertex  9.223092e+01  8.700000e+01  1.829241e+01
     vertex  9.223810e+01  8.700000e+01  1.823110e+01
   endloop
 endfacet
 facet normal  0.000000e+00 -1.000000e+00  0.000000e+00
   outer loop
     vertex  1.525000e+02  8.700000e+01  3.600000e+01
     vertex  9.222206e+01  8.700000e+01  1.835350e+01
     vertex  9.223092e+01  8.700000e+01  1.829241e+01
   endloop
 endfacet
 facet normal  0.000000e+00 -1.000000e+00  0.000000e+00
   outer loop
     vertex  1.525000e+02  8.700000e+01  3.600000e+01
     vertex  9.221152e+01  8.700000e+01  1.841433e+01
     vertex  9.222206e+01  8.700000e+01  1.835350e+01
   endloop
 endfacet
 facet normal  0.000000e+00 -1.000000e+00  0.000000e+00
   outer loop
     vertex  1.525000e+02  8.700000e+01  3.600000e+01
     vertex  9.219932e+01  8.700000e+01  1.847484e+01
     vertex  9.221152e+01  8.700000e+01  1.841433e+01
   endloop
 endfacet
 facet normal  0.000000e+00 -1.000000e+00  0.000000e+00
   outer loop
     vertex  1.525000e+02  8.700000e+01  3.600000e+01
     vertex  9.218547e+01  8.700000e+01  1.853500e+01
     vertex  9.219932e+01  8.700000e+01  1.847484e+01
   endloop
 endfacet
 facet normal  0.000000e+00 -1.000000e+00  0.000000e+00
   outer loop
     vertex  1.525000e+02  8.700000e+01  3.600000e+01
     vertex  9.216997e+01  8.700000e+01  1.859476e+01
     vertex  9.218547e+01  8.700000e+01  1.853500e+01
   endloop
 endfacet
 facet normal  0.000000e+00 -1.000000e+00  0.000000e+00
   outer loop
     vertex  1.525000e+02  8.700000e+01  3.600000e+01
     vertex  9.215284e+01  8.700000e+01  1.865406e+01
     vertex  9.216997e+01  8.700000e+01  1.859476e+01
   endloop
 endfacet
 facet normal  0.000000e+00 -1.000000e+00  0.000000e+00
   outer loop
     vertex  1.525000e+02  8.700000e+01  3.600000e+01
     vertex  9.213408e+01  8.700000e+01  1.871288e+01
     vertex  9.215284e+01  8.700000e+01  1.865406e+01
   endloop
 endfacet
 facet normal  0.000000e+00 -1.000000e+00  0.000000e+00
   outer loop
     vertex  1.525000e+02  8.700000e+01  3.600000e+01
     vertex  9.211372e+01  8.700000e+01  1.877116e+01
     vertex  9.213408e+01  8.700000e+01  1.871288e+01
   endloop
 endfacet
 facet normal  0.000000e+00 -1.000000e+00 -0.000000e+00
   outer loop
     vertex  1.525000e+02  8.700000e+01  3.600000e+01
     vertex  9.224741e+01  8.700000e+01  1.810799e+01
     vertex  1.525000e+02  8.700000e+01  3.000000e+00
   endloop
 endfacet
 facet normal  0.000000e+00 -1.000000e+00  0.000000e+00
   outer loop
     vertex  1.525000e+02  8.700000e+01  3.600000e+01
     vertex  9.209177e+01  8.700000e+01  1.882885e+01
     vertex  9.211372e+01  8.700000e+01  1.877116e+01
   endloop
 endfacet
 facet normal  0.000000e+00 -1.000000e+00  0.000000e+00
   outer loop
     vertex  1.525000e+02  8.700000e+01  3.600000e+01
     vertex  9.206824e+01  8.700000e+01  1.888593e+01
     vertex  9.209177e+01  8.700000e+01  1.882885e+01
   endloop
 endfacet
 facet normal  0.000000e+00 -1.000000e+00  0.000000e+00
   outer loop
     vertex  1.525000e+02  8.700000e+01  3.600000e+01
     vertex  9.204316e+01  8.700000e+01  1.894233e+01
     vertex  9.206824e+01  8.700000e+01  1.888593e+01
   endloop
 endfacet
 facet normal  0.000000e+00 -1.000000e+00  0.000000e+00
   outer loop
     vertex  1.525000e+02  8.700000e+01  3.600000e+01
     vertex  9.201654e+01  8.700000e+01  1.899803e+01
     vertex  9.204316e+01  8.700000e+01  1.894233e+01
   endloop
 endfacet
 facet normal  0.000000e+00 -1.000000e+00  0.000000e+00
   outer loop
     vertex  1.525000e+02  8.700000e+01  3.600000e+01
     vertex  9.198840e+01  8.700000e+01  1.905298e+01
     vertex  9.201654e+01  8.700000e+01  1.899803e+01
   endloop
 endfacet
 facet normal  0.000000e+00 -1.000000e+00  0.000000e+00
   outer loop
     vertex  1.525000e+02  8.700000e+01  3.600000e+01
     vertex  9.195876e+01  8.700000e+01  1.910713e+01
     vertex  9.198840e+01  8.700000e+01  1.905298e+01
   endloop
 endfacet
 facet normal  0.000000e+00 -1.000000e+00  0.000000e+00
   outer loop
     vertex  1.525000e+02  8.700000e+01  3.600000e+01
     vertex  9.192765e+01  8.700000e+01  1.916045e+01
     vertex  9.195876e+01  8.700000e+01  1.910713e+01
   endloop
 endfacet
 facet normal  0.000000e+00 -1.000000e+00  0.000000e+00
   outer loop
     vertex  1.525000e+02  8.700000e+01  3.600000e+01
     vertex  9.189509e+01  8.700000e+01  1.921290e+01
     vertex  9.192765e+01  8.700000e+01  1.916045e+01
   endloop
 endfacet
 facet normal  0.000000e+00 -1.000000e+00  0.000000e+00
   outer loop
     vertex  1.525000e+02  8.700000e+01  3.600000e+01
     vertex  9.186110e+01  8.700000e+01  1.926443e+01
     vertex  9.189509e+01  8.700000e+01  1.921290e+01
   endloop
 endfacet
 facet normal  0.000000e+00 -1.000000e+00  0.000000e+00
   outer loop
     vertex  1.525000e+02  8.700000e+01  3.600000e+01
     vertex  9.182572e+01  8.700000e+01  1.931501e+01
     vertex  9.186110e+01  8.700000e+01  1.926443e+01
   endloop
 endfacet
 facet normal  0.000000e+00 -1.000000e+00  0.000000e+00
   outer loop
     vertex  1.525000e+02  8.700000e+01  3.600000e+01
     vertex  9.178895e+01  8.700000e+01  1.936461e+01
     vertex  9.182572e+01  8.700000e+01  1.931501e+01
   endloop
 endfacet
 facet normal  0.000000e+00 -1.000000e+00  0.000000e+00
   outer loop
     vertex  1.525000e+02  8.700000e+01  3.600000e+01
     vertex  9.175084e+01  8.700000e+01  1.941317e+01
     vertex  9.178895e+01  8.700000e+01  1.936461e+01
   endloop
 endfacet
 facet normal  0.000000e+00 -1.000000e+00  0.000000e+00
   outer loop
     vertex  1.525000e+02  8.700000e+01  3.600000e+01
     vertex  9.171141e+01  8.700000e+01  1.946067e+01
     vertex  9.175084e+01  8.700000e+01  1.941317e+01
   endloop
 endfacet
 facet normal  0.000000e+00 -1.000000e+00  0.000000e+00
   outer loop
     vertex  1.525000e+02  8.700000e+01  3.600000e+01
     vertex  9.167070e+01  8.700000e+01  1.950707e+01
     vertex  9.171141e+01  8.700000e+01  1.946067e+01
   endloop
 endfacet
 facet normal  0.000000e+00 -1.000000e+00  0.000000e+00
   outer loop
     vertex  1.525000e+02  8.700000e+01  3.600000e+01
     vertex  9.162872e+01  8.700000e+01  1.955234e+01
     vertex  9.167070e+01  8.700000e+01  1.950707e+01
   endloop
 endfacet
 facet normal  0.000000e+00 -1.000000e+00  0.000000e+00
   outer loop
     vertex  1.525000e+02  8.700000e+01  3.600000e+01
     vertex  9.158552e+01  8.700000e+01  1.959644e+01
     vertex  9.162872e+01  8.700000e+01  1.955234e+01
   endloop
 endfacet
 facet normal  0.000000e+00 -1.000000e+00  0.000000e+00
   outer loop
     vertex  1.525000e+02  8.700000e+01  3.600000e+01
     vertex  9.154113e+01  8.700000e+01  1.963933e+01
     vertex  9.158552e+01  8.700000e+01  1.959644e+01
   endloop
 endfacet
 facet normal  0.000000e+00 -1.000000e+00  0.000000e+00
   outer loop
     vertex  1.525000e+02  8.700000e+01  3.600000e+01
     vertex  9.149558e+01  8.700000e+01  1.968100e+01
     vertex  9.154113e+01  8.700000e+01  1.963933e+01
   endloop
 endfacet
 facet normal  0.000000e+00 -1.000000e+00  0.000000e+00
   outer loop
     vertex  1.525000e+02  8.700000e+01  3.600000e+01
     vertex  9.144890e+01  8.700000e+01  1.972139e+01
     vertex  9.149558e+01  8.700000e+01  1.968100e+01
   endloop
 endfacet
 facet normal  0.000000e+00 -1.000000e+00  0.000000e+00
   outer loop
     vertex  1.525000e+02  8.700000e+01  3.600000e+01
     vertex  9.140113e+01  8.700000e+01  1.976049e+01
     vertex  9.144890e+01  8.700000e+01  1.972139e+01
   endloop
 endfacet
 facet normal  0.000000e+00 -1.000000e+00  0.000000e+00
   outer loop
     vertex  1.525000e+02  8.700000e+01  3.600000e+01
     vertex  9.135230e+01  8.700000e+01  1.979827e+01
     vertex  9.140113e+01  8.700000e+01  1.976049e+01
   endloop
 endfacet
 facet normal  0.000000e+00 -1.000000e+00  0.000000e+00
   outer loop
     vertex  1.525000e+02  8.700000e+01  3.600000e+01
     vertex  9.130246e+01  8.700000e+01  1.983469e+01
     vertex  9.135230e+01  8.700000e+01  1.979827e+01
   endloop
 endfacet
 facet normal  0.000000e+00 -1.000000e+00  0.000000e+00
   outer loop
     vertex  1.525000e+02  8.700000e+01  3.600000e+01
     vertex  9.125164e+01  8.700000e+01  1.986973e+01
     vertex  9.130246e+01  8.700000e+01  1.983469e+01
   endloop
 endfacet
 facet normal  0.000000e+00 -1.000000e+00  0.000000e+00
   outer loop
     vertex  1.525000e+02  8.700000e+01  3.600000e+01
     vertex  9.119987e+01  8.700000e+01  1.990337e+01
     vertex  9.125164e+01  8.700000e+01  1.986973e+01
   endloop
 endfacet
 facet normal  0.000000e+00 -1.000000e+00  0.000000e+00
   outer loop
     vertex  1.525000e+02  8.700000e+01  3.600000e+01
     vertex  9.114720e+01  8.700000e+01  1.993557e+01
     vertex  9.119987e+01  8.700000e+01  1.990337e+01
   endloop
 endfacet
 facet normal  0.000000e+00 -1.000000e+00  0.000000e+00
   outer loop
     vertex  1.525000e+02  8.700000e+01  3.600000e+01
     vertex  9.109367e+01  8.700000e+01  1.996631e+01
     vertex  9.114720e+01  8.700000e+01  1.993557e+01
   endloop
 endfacet
 facet normal  0.000000e+00 -1.000000e+00  0.000000e+00
   outer loop
     vertex  1.525000e+02  8.700000e+01  3.000000e+00
     vertex  9.000000e+01  8.700000e+01  1.575000e+01
     vertex  3.450000e+01  8.700000e+01  3.000000e+00
   endloop
 endfacet
 facet normal -0.000000e+00 -1.000000e+00  0.000000e+00
   outer loop
     vertex  9.000000e+01  8.700000e+01  1.575000e+01
     vertex  8.993827e+01  8.700000e+01  1.575085e+01
     vertex  3.450000e+01  8.700000e+01  3.000000e+00
   endloop
 endfacet
 facet normal -0.000000e+00 -1.000000e+00  0.000000e+00
   outer loop
     vertex  8.993827e+01  8.700000e+01  1.575085e+01
     vertex  8.987659e+01  8.700000e+01  1.575339e+01
     vertex  3.450000e+01  8.700000e+01  3.000000e+00
   endloop
 endfacet
 facet normal  0.000000e+00 -1.000000e+00  0.000000e+00
   outer loop
     vertex  1.525000e+02  8.700000e+01  3.000000e+00
     vertex  9.006173e+01  8.700000e+01  1.575085e+01
     vertex  9.000000e+01  8.700000e+01  1.575000e+01
   endloop
 endfacet
 facet normal  0.000000e+00 -1.000000e+00  0.000000e+00
   outer loop
     vertex  1.525000e+02  8.700000e+01  3.000000e+00
     vertex  9.012341e+01  8.700000e+01  1.575339e+01
     vertex  9.006173e+01  8.700000e+01  1.575085e+01
   endloop
 endfacet
 facet normal  0.000000e+00 -1.000000e+00  0.000000e+00
   outer loop
     vertex  1.525000e+02  8.700000e+01  3.000000e+00
     vertex  9.018499e+01  8.700000e+01  1.575762e+01
     vertex  9.012341e+01  8.700000e+01  1.575339e+01
   endloop
 endfacet
 facet normal  0.000000e+00 -1.000000e+00  0.000000e+00
   outer loop
     vertex  3.450000e+01  8.700000e+01  3.600000e+01
     vertex  9.003087e+01  8.700000e+01  2.024979e+01
     vertex  1.525000e+02  8.700000e+01  3.600000e+01
   endloop
 endfacet
 facet normal  0.000000e+00 -1.000000e+00  0.000000e+00
   outer loop
     vertex  9.003087e+01  8.700000e+01  2.024979e+01
     vertex  9.009258e+01  8.700000e+01  2.024809e+01
     vertex  1.525000e+02  8.700000e+01  3.600000e+01
   endloop
 endfacet
 facet normal  1.000000e+00  0.000000e+00  0.000000e+00
   outer loop
     vertex  3.450000e+01  5.250000e+01  1.100000e+01
     vertex  3.450000e+01  5.250000e+01  3.000000e+00
     vertex  3.450000e+01  8.700000e+01  3.000000e+00
   endloop
 endfacet
 facet normal  1.000000e+00 -0.000000e+00  0.000000e+00
   outer loop
     vertex  3.450000e+01  5.250000e+01  1.100000e+01
     vertex  3.450000e+01  8.700000e+01  3.000000e+00
     vertex  3.450000e+01  8.700000e+01  3.600000e+01
   endloop
 endfacet
 facet normal  1.000000e+00  0.000000e+00  0.000000e+00
   outer loop
     vertex  3.450000e+01  3.850000e+01  1.100000e+01
     vertex  3.450000e+01  5.250000e+01  1.100000e+01
     vertex  3.450000e+01  8.700000e+01  3.600000e+01
   endloop
 endfacet
 facet normal  1.000000e+00  0.000000e+00  0.000000e+00
   outer loop
     vertex  3.450000e+01  4.000000e+00  3.000000e+00
     vertex  3.450000e+01  3.850000e+01  3.000000e+00
     vertex  3.450000e+01  3.850000e+01  1.100000e+01
   endloop
 endfacet
 facet normal  1.000000e+00  0.000000e+00  0.000000e+00
   outer loop
     vertex  3.450000e+01  4.000000e+00  3.600000e+01
     vertex  3.450000e+01  4.000000e+00  3.000000e+00
     vertex  3.450000e+01  3.850000e+01  1.100000e+01
   endloop
 endfacet
 facet normal  1.000000e+00 -0.000000e+00  0.000000e+00
   outer loop
     vertex  3.450000e+01  4.000000e+00  3.600000e+01
     vertex  3.450000e+01  3.850000e+01  1.100000e+01
     vertex  3.450000e+01  8.700000e+01  3.600000e+01
   endloop
 endfacet
 facet normal  0.000000e+00  1.000000e+00  0.000000e+00
   outer loop
     vertex  1.525000e+02  4.000000e+00  3.600000e+01
     vertex  1.525000e+02  4.000000e+00  3.000000e+00
     vertex  3.450000e+01  4.000000e+00  3.000000e+00
   endloop
 endfacet
 facet normal  0.000000e+00  1.000000e+00  0.000000e+00
   outer loop
     vertex  1.525000e+02  4.000000e+00  3.600000e+01
     vertex  3.450000e+01  4.000000e+00  3.000000e+00
     vertex  3.450000e+01  4.000000e+00  3.600000e+01
   endloop
 endfacet
 facet normal -1.371831e-02  0.000000e+00  9.999059e-01
   outer loop
     vertex  1.706173e+01  8.500000e+01  1.575085e+01
     vertex  1.700000e+01  9.100000e+01  1.575000e+01
     vertex  1.700000e+01  8.500000e+01  1.575000e+01
   endloop
 endfacet
 facet normal -1.371831e-02  0.000000e+00  9.999059e-01
   outer loop
     vertex  1.706173e+01  8.500000e+01  1.575085e+01
     vertex  1.706173e+01  9.100000e+01  1.575085e+01
     vertex  1.700000e+01  9.100000e+01  1.575000e+01
   endloop
 endfacet
 facet normal -4.114462e-02  0.000000e+00  9.991532e-01
   outer loop
     vertex  1.712341e+01  8.500000e+01  1.575339e+01
     vertex  1.712341e+01  9.100000e+01  1.575339e+01
     vertex  1.706173e+01  9.100000e+01  1.575085e+01
   endloop
 endfacet
 facet normal -4.114462e-02  0.000000e+00  9.991532e-01
   outer loop
     vertex  1.712341e+01  8.500000e+01  1.575339e+01
     vertex  1.706173e+01  9.100000e+01  1.575085e+01
     vertex  1.706173e+01  8.500000e+01  1.575085e+01
   endloop
 endfacet
 facet normal -6.853995e-02  0.000000e+00  9.976484e-01
   outer loop
     vertex  1.718499e+01  8.500000e+01  1.575762e+01
     vertex  1.718499e+01  9.100000e+01  1.575762e+01
     vertex  1.712341e+01  9.100000e+01  1.575339e+01
   endloop
 endfacet
 facet normal -6.853995e-02  0.000000e+00  9.976484e-01
   outer loop
     vertex  1.718499e+01  8.500000e+01  1.575762e+01
     vertex  1.712341e+01  9.100000e+01  1.575339e+01
     vertex  1.712341e+01  8.500000e+01  1.575339e+01
   endloop
 endfacet
 facet normal -9.588368e-02  0.000000e+00  9.953925e-01
   outer loop
     vertex  1.724644e+01  8.500000e+01  1.576354e+01
     vertex  1.724644e+01  9.100000e+01  1.576354e+01
     vertex  1.718499e+01  9.100000e+01  1.575762e+01
   endloop
 endfacet
 facet normal -9.588368e-02  0.000000e+00  9.953925e-01
   outer loop
     vertex  1.724644e+01  8.500000e+01  1.576354e+01
     vertex  1.718499e+01  9.100000e+01  1.575762e+01
     vertex  1.718499e+01  8.500000e+01  1.575762e+01
   endloop
 endfacet
 facet normal -1.231552e-01  0.000000e+00  9.923874e-01
   outer loop
     vertex  1.730770e+01  8.500000e+01  1.577114e+01
     vertex  1.730770e+01  9.100000e+01  1.577114e+01
     vertex  1.724644e+01  9.100000e+01  1.576354e+01
   endloop
 endfacet
 facet normal -1.231552e-01  0.000000e+00  9.923874e-01
   outer loop
     vertex  1.730770e+01  8.500000e+01  1.577114e+01
     vertex  1.724644e+01  9.100000e+01  1.576354e+01
     vertex  1.724644e+01  8.500000e+01  1.576354e+01
   endloop
 endfacet
 facet normal -1.503341e-01  0.000000e+00  9.886353e-01
   outer loop
     vertex  1.736874e+01  8.500000e+01  1.578042e+01
     vertex  1.736874e+01  9.100000e+01  1.578042e+01
     vertex  1.730770e+01  9.100000e+01  1.577114e+01
   endloop
 endfacet
 facet normal -1.773998e-01  0.000000e+00  9.841389e-01
   outer loop
     vertex  1.736874e+01  8.500000e+01  1.578042e+01
     vertex  1.742949e+01  9.100000e+01  1.579137e+01
     vertex  1.736874e+01  9.100000e+01  1.578042e+01
   endloop
 endfacet
 facet normal -1.503341e-01  0.000000e+00  9.886353e-01
   outer loop
     vertex  1.736874e+01  8.500000e+01  1.578042e+01
     vertex  1.730770e+01  9.100000e+01  1.577114e+01
     vertex  1.730770e+01  8.500000e+01  1.577114e+01
   endloop
 endfacet
 facet normal -1.773998e-01  0.000000e+00  9.841389e-01
   outer loop
     vertex  1.742949e+01  8.500000e+01  1.579137e+01
     vertex  1.742949e+01  9.100000e+01  1.579137e+01
     vertex  1.736874e+01  8.500000e+01  1.578042e+01
   endloop
 endfacet
 facet normal -2.043319e-01  0.000000e+00  9.789017e-01
   outer loop
     vertex  1.748992e+01  8.500000e+01  1.580399e+01
     vertex  1.748992e+01  9.100000e+01  1.580399e+01
     vertex  1.742949e+01  9.100000e+01  1.579137e+01
   endloop
 endfacet
 facet normal -2.043319e-01  0.000000e+00  9.789017e-01
   outer loop
     vertex  1.748992e+01  8.500000e+01  1.580399e+01
     vertex  1.742949e+01  9.100000e+01  1.579137e+01
     vertex  1.742949e+01  8.500000e+01  1.579137e+01
   endloop
 endfacet
 facet normal -2.311102e-01  0.000000e+00  9.729276e-01
   outer loop
     vertex  1.754998e+01  8.500000e+01  1.581825e+01
     vertex  1.754998e+01  9.100000e+01  1.581825e+01
     vertex  1.748992e+01  9.100000e+01  1.580399e+01
   endloop
 endfacet
 facet normal -2.311102e-01  0.000000e+00  9.729276e-01
   outer loop
     vertex  1.754998e+01  8.500000e+01  1.581825e+01
     vertex  1.748992e+01  9.100000e+01  1.580399e+01
     vertex  1.748992e+01  8.500000e+01  1.580399e+01
   endloop
 endfacet
 facet normal -2.577146e-01  0.000000e+00  9.662211e-01
   outer loop
     vertex  1.760963e+01  8.500000e+01  1.583416e+01
     vertex  1.754998e+01  9.100000e+01  1.581825e+01
     vertex  1.754998e+01  8.500000e+01  1.581825e+01
   endloop
 endfacet
 facet normal -2.577146e-01  0.000000e+00  9.662211e-01
   outer loop
     vertex  1.760963e+01  8.500000e+01  1.583416e+01
     vertex  1.760963e+01  9.100000e+01  1.583416e+01
     vertex  1.754998e+01  9.100000e+01  1.581825e+01
   endloop
 endfacet
 facet normal -2.841250e-01  0.000000e+00  9.587873e-01
   outer loop
     vertex  1.760963e+01  8.500000e+01  1.583416e+01
     vertex  1.766882e+01  9.100000e+01  1.585170e+01
     vertex  1.760963e+01  9.100000e+01  1.583416e+01
   endloop
 endfacet
 facet normal -2.841250e-01  0.000000e+00  9.587873e-01
   outer loop
     vertex  1.766882e+01  8.500000e+01  1.585170e+01
     vertex  1.766882e+01  9.100000e+01  1.585170e+01
     vertex  1.760963e+01  8.500000e+01  1.583416e+01
   endloop
 endfacet
 facet normal -3.103214e-01  0.000000e+00  9.506317e-01
   outer loop
     vertex  1.766882e+01  8.500000e+01  1.585170e+01
     vertex  1.772750e+01  9.100000e+01  1.587086e+01
     vertex  1.766882e+01  9.100000e+01  1.585170e+01
   endloop
 endfacet
 facet normal -3.103214e-01  0.000000e+00  9.506317e-01
   outer loop
     vertex  1.772750e+01  8.500000e+01  1.587086e+01
     vertex  1.772750e+01  9.100000e+01  1.587086e+01
     vertex  1.766882e+01  8.500000e+01  1.585170e+01
   endloop
 endfacet
 facet normal -3.362843e-01  0.000000e+00  9.417605e-01
   outer loop
     vertex  1.772750e+01  8.500000e+01  1.587086e+01
     vertex  1.778564e+01  9.100000e+01  1.589162e+01
     vertex  1.772750e+01  9.100000e+01  1.587086e+01
   endloop
 endfacet
 facet normal -3.362843e-01  0.000000e+00  9.417605e-01
   outer loop
     vertex  1.778564e+01  8.500000e+01  1.589162e+01
     vertex  1.778564e+01  9.100000e+01  1.589162e+01
     vertex  1.772750e+01  8.500000e+01  1.587086e+01
   endloop
 endfacet
 facet normal -3.619940e-01  0.000000e+00  9.321804e-01
   outer loop
     vertex  1.784318e+01  8.500000e+01  1.591396e+01
     vertex  1.778564e+01  9.100000e+01  1.589162e+01
     vertex  1.778564e+01  8.500000e+01  1.589162e+01
   endloop
 endfacet
 facet normal -3.619940e-01  0.000000e+00  9.321804e-01
   outer loop
     vertex  1.784318e+01  8.500000e+01  1.591396e+01
     vertex  1.784318e+01  9.100000e+01  1.591396e+01
     vertex  1.778564e+01  9.100000e+01  1.589162e+01
   endloop
 endfacet
 facet normal -3.874313e-01  0.000000e+00  9.218986e-01
   outer loop
     vertex  1.790009e+01  8.500000e+01  1.593788e+01
     vertex  1.784318e+01  9.100000e+01  1.591396e+01
     vertex  1.784318e+01  8.500000e+01  1.591396e+01
   endloop
 endfacet
 facet normal -3.874313e-01  0.000000e+00  9.218986e-01
   outer loop
     vertex  1.790009e+01  8.500000e+01  1.593788e+01
     vertex  1.790009e+01  9.100000e+01  1.593788e+01
     vertex  1.784318e+01  9.100000e+01  1.591396e+01
   endloop
 endfacet
 facet normal -4.125769e-01  0.000000e+00  9.109228e-01
   outer loop
     vertex  1.795633e+01  8.500000e+01  1.596335e+01
     vertex  1.790009e+01  9.100000e+01  1.593788e+01
     vertex  1.790009e+01  8.500000e+01  1.593788e+01
   endloop
 endfacet
 facet normal -4.125769e-01  0.000000e+00  9.109228e-01
   outer loop
     vertex  1.795633e+01  8.500000e+01  1.596335e+01
     vertex  1.795633e+01  9.100000e+01  1.596335e+01
     vertex  1.790009e+01  9.100000e+01  1.593788e+01
   endloop
 endfacet
 facet normal -4.374119e-01  0.000000e+00  8.992613e-01
   outer loop
     vertex  1.801184e+01  8.500000e+01  1.599035e+01
     vertex  1.795633e+01  9.100000e+01  1.596335e+01
     vertex  1.795633e+01  8.500000e+01  1.596335e+01
   endloop
 endfacet
 facet normal -4.374119e-01  0.000000e+00  8.992613e-01
   outer loop
     vertex  1.801184e+01  8.500000e+01  1.599035e+01
     vertex  1.801184e+01  9.100000e+01  1.599035e+01
     vertex  1.795633e+01  9.100000e+01  1.596335e+01
   endloop
 endfacet
 facet normal -4.619176e-01  0.000000e+00  8.869228e-01
   outer loop
     vertex  1.806659e+01  8.500000e+01  1.601887e+01
     vertex  1.801184e+01  9.100000e+01  1.599035e+01
     vertex  1.801184e+01  8.500000e+01  1.599035e+01
   endloop
 endfacet
 facet normal -4.619176e-01  0.000000e+00  8.869228e-01
   outer loop
     vertex  1.806659e+01  8.500000e+01  1.601887e+01
     vertex  1.806659e+01  9.100000e+01  1.601887e+01
     vertex  1.801184e+01  9.100000e+01  1.599035e+01
   endloop
 endfacet
 facet normal -4.860756e-01  0.000000e+00  8.739167e-01
   outer loop
     vertex  1.812054e+01  8.500000e+01  1.604888e+01
     vertex  1.806659e+01  9.100000e+01  1.601887e+01
     vertex  1.806659e+01  8.500000e+01  1.601887e+01
   endloop
 endfacet
 facet normal -4.860756e-01  0.000000e+00  8.739167e-01
   outer loop
     vertex  1.812054e+01  8.500000e+01  1.604888e+01
     vertex  1.812054e+01  9.100000e+01  1.604888e+01
     vertex  1.806659e+01  9.100000e+01  1.601887e+01
   endloop
 endfacet
 facet normal -5.098678e-01  0.000000e+00  8.602528e-01
   outer loop
     vertex  1.817365e+01  8.500000e+01  1.608035e+01
     vertex  1.812054e+01  9.100000e+01  1.604888e+01
     vertex  1.812054e+01  8.500000e+01  1.604888e+01
   endloop
 endfacet
 facet normal -5.098678e-01  0.000000e+00  8.602528e-01
   outer loop
     vertex  1.817365e+01  8.500000e+01  1.608035e+01
     vertex  1.817365e+01  9.100000e+01  1.608035e+01
     vertex  1.812054e+01  9.100000e+01  1.604888e+01
   endloop
 endfacet
 facet normal -5.332761e-01  0.000000e+00  8.459413e-01
   outer loop
     vertex  1.822587e+01  8.500000e+01  1.611327e+01
     vertex  1.817365e+01  9.100000e+01  1.608035e+01
     vertex  1.817365e+01  8.500000e+01  1.608035e+01
   endloop
 endfacet
 facet normal -5.332761e-01  0.000000e+00  8.459413e-01
   outer loop
     vertex  1.822587e+01  8.500000e+01  1.611327e+01
     vertex  1.822587e+01  9.100000e+01  1.611327e+01
     vertex  1.817365e+01  9.100000e+01  1.608035e+01
   endloop
 endfacet
 facet normal -5.562829e-01  0.000000e+00  8.309929e-01
   outer loop
     vertex  1.827717e+01  8.500000e+01  1.614761e+01
     vertex  1.827717e+01  9.100000e+01  1.614761e+01
     vertex  1.822587e+01  9.100000e+01  1.611327e+01
   endloop
 endfacet
 facet normal -5.562829e-01  0.000000e+00  8.309929e-01
   outer loop
     vertex  1.827717e+01  8.500000e+01  1.614761e+01
     vertex  1.822587e+01  9.100000e+01  1.611327e+01
     vertex  1.822587e+01  8.500000e+01  1.611327e+01
   endloop
 endfacet
 facet normal -5.788711e-01  0.000000e+00  8.154191e-01
   outer loop
     vertex  1.832751e+01  8.500000e+01  1.618335e+01
     vertex  1.832751e+01  9.100000e+01  1.618335e+01
     vertex  1.827717e+01  9.100000e+01  1.614761e+01
   endloop
 endfacet
 facet normal -5.788711e-01  0.000000e+00  8.154191e-01
   outer loop
     vertex  1.832751e+01  8.500000e+01  1.618335e+01
     vertex  1.827717e+01  9.100000e+01  1.614761e+01
     vertex  1.827717e+01  8.500000e+01  1.614761e+01
   endloop
 endfacet
 facet normal -6.010234e-01  0.000000e+00  7.992314e-01
   outer loop
     vertex  1.837684e+01  8.500000e+01  1.622045e+01
     vertex  1.837684e+01  9.100000e+01  1.622045e+01
     vertex  1.832751e+01  9.100000e+01  1.618335e+01
   endloop
 endfacet
 facet normal -6.010234e-01  0.000000e+00  7.992314e-01
   outer loop
     vertex  1.837684e+01  8.500000e+01  1.622045e+01
     vertex  1.832751e+01  9.100000e+01  1.618335e+01
     vertex  1.832751e+01  8.500000e+01  1.618335e+01
   endloop
 endfacet
 facet normal -6.227234e-01  0.000000e+00  7.824421e-01
   outer loop
     vertex  1.842515e+01  8.500000e+01  1.625889e+01
     vertex  1.842515e+01  9.100000e+01  1.625889e+01
     vertex  1.837684e+01  9.100000e+01  1.622045e+01
   endloop
 endfacet
 facet normal -6.227234e-01  0.000000e+00  7.824421e-01
   outer loop
     vertex  1.842515e+01  8.500000e+01  1.625889e+01
     vertex  1.837684e+01  9.100000e+01  1.622045e+01
     vertex  1.837684e+01  8.500000e+01  1.622045e+01
   endloop
 endfacet
 facet normal -6.439545e-01  0.000000e+00  7.650637e-01
   outer loop
     vertex  1.847238e+01  8.500000e+01  1.629864e+01
     vertex  1.847238e+01  9.100000e+01  1.629864e+01
     vertex  1.842515e+01  9.100000e+01  1.625889e+01
   endloop
 endfacet
 facet normal -6.439545e-01  0.000000e+00  7.650637e-01
   outer loop
     vertex  1.847238e+01  8.500000e+01  1.629864e+01
     vertex  1.842515e+01  9.100000e+01  1.625889e+01
     vertex  1.842515e+01  8.500000e+01  1.625889e+01
   endloop
 endfacet
 facet normal -6.647010e-01  0.000000e+00  7.471095e-01
   outer loop
     vertex  1.851850e+01  8.500000e+01  1.633968e+01
     vertex  1.851850e+01  9.100000e+01  1.633968e+01
     vertex  1.847238e+01  9.100000e+01  1.629864e+01
   endloop
 endfacet
 facet normal -6.849470e-01  0.000000e+00  7.285929e-01
   outer loop
     vertex  1.851850e+01  8.500000e+01  1.633968e+01
     vertex  1.856347e+01  9.100000e+01  1.638196e+01
     vertex  1.851850e+01  9.100000e+01  1.633968e+01
   endloop
 endfacet
 facet normal -6.647010e-01  0.000000e+00  7.471095e-01
   outer loop
     vertex  1.851850e+01  8.500000e+01  1.633968e+01
     vertex  1.847238e+01  9.100000e+01  1.629864e+01
     vertex  1.847238e+01  8.500000e+01  1.629864e+01
   endloop
 endfacet
 facet normal -6.849470e-01  0.000000e+00  7.285929e-01
   outer loop
     vertex  1.856347e+01  8.500000e+01  1.638196e+01
     vertex  1.856347e+01  9.100000e+01  1.638196e+01
     vertex  1.851850e+01  8.500000e+01  1.633968e+01
   endloop
 endfacet
 facet normal -7.046775e-01  0.000000e+00  7.095278e-01
   outer loop
     vertex  1.860728e+01  8.500000e+01  1.642546e+01
     vertex  1.860728e+01  9.100000e+01  1.642546e+01
     vertex  1.856347e+01  9.100000e+01  1.638196e+01
   endloop
 endfacet
 facet normal -7.238775e-01  0.000000e+00  6.899286e-01
   outer loop
     vertex  1.860728e+01  8.500000e+01  1.642546e+01
     vertex  1.864987e+01  9.100000e+01  1.647015e+01
     vertex  1.860728e+01  9.100000e+01  1.642546e+01
   endloop
 endfacet
 facet normal -7.046775e-01  0.000000e+00  7.095278e-01
   outer loop
     vertex  1.860728e+01  8.500000e+01  1.642546e+01
     vertex  1.856347e+01  9.100000e+01  1.638196e+01
     vertex  1.856347e+01  8.500000e+01  1.638196e+01
   endloop
 endfacet
 facet normal -7.238775e-01  0.000000e+00  6.899286e-01
   outer loop
     vertex  1.864987e+01  8.500000e+01  1.647015e+01
     vertex  1.864987e+01  9.100000e+01  1.647015e+01
     vertex  1.860728e+01  8.500000e+01  1.642546e+01
   endloop
 endfacet
 facet normal -7.425325e-01  0.000000e+00  6.698100e-01
   outer loop
     vertex  1.869122e+01  8.500000e+01  1.651599e+01
     vertex  1.869122e+01  9.100000e+01  1.651599e+01
     vertex  1.864987e+01  9.100000e+01  1.647015e+01
   endloop
 endfacet
 facet normal -7.425325e-01  0.000000e+00  6.698100e-01
   outer loop
     vertex  1.869122e+01  8.500000e+01  1.651599e+01
     vertex  1.864987e+01  9.100000e+01  1.647015e+01
     vertex  1.864987e+01  8.500000e+01  1.647015e+01
   endloop
 endfacet
 facet normal -7.606287e-01  0.000000e+00  6.491872e-01
   outer loop
     vertex  1.873129e+01  8.500000e+01  1.656294e+01
     vertex  1.873129e+01  9.100000e+01  1.656294e+01
     vertex  1.869122e+01  9.100000e+01  1.651599e+01
   endloop
 endfacet
 facet normal -7.781522e-01  0.000000e+00  6.280757e-01
   outer loop
     vertex  1.873129e+01  8.500000e+01  1.656294e+01
     vertex  1.877006e+01  9.100000e+01  1.661098e+01
     vertex  1.873129e+01  9.100000e+01  1.656294e+01
   endloop
 endfacet
 facet normal -7.606287e-01  0.000000e+00  6.491872e-01
   outer loop
     vertex  1.873129e+01  8.500000e+01  1.656294e+01
     vertex  1.869122e+01  9.100000e+01  1.651599e+01
     vertex  1.869122e+01  8.500000e+01  1.651599e+01
   endloop
 endfacet
 facet normal -7.950900e-01  0.000000e+00  6.064915e-01
   outer loop
     vertex  1.877006e+01  8.500000e+01  1.661098e+01
     vertex  1.880750e+01  9.100000e+01  1.666006e+01
     vertex  1.877006e+01  9.100000e+01  1.661098e+01
   endloop
 endfacet
 facet normal -7.781522e-01  0.000000e+00  6.280757e-01
   outer loop
     vertex  1.877006e+01  8.500000e+01  1.661098e+01
     vertex  1.877006e+01  9.100000e+01  1.661098e+01
     vertex  1.873129e+01  8.500000e+01  1.656294e+01
   endloop
 endfacet
 facet normal -7.950900e-01  0.000000e+00  6.064915e-01
   outer loop
     vertex  1.880750e+01  8.500000e+01  1.666006e+01
     vertex  1.880750e+01  9.100000e+01  1.666006e+01
     vertex  1.877006e+01  8.500000e+01  1.661098e+01
   endloop
 endfacet
 facet normal -8.114292e-01  0.000000e+00  5.844507e-01
   outer loop
     vertex  1.884358e+01  8.500000e+01  1.671016e+01
     vertex  1.880750e+01  9.100000e+01  1.666006e+01
     vertex  1.880750e+01  8.500000e+01  1.666006e+01
   endloop
 endfacet
 facet normal -8.114292e-01  0.000000e+00  5.844507e-01
   outer loop
     vertex  1.884358e+01  8.500000e+01  1.671016e+01
     vertex  1.884358e+01  9.100000e+01  1.671016e+01
     vertex  1.880750e+01  9.100000e+01  1.666006e+01
   endloop
 endfacet
 facet normal -8.271577e-01  0.000000e+00  5.619699e-01
   outer loop
     vertex  1.887828e+01  8.500000e+01  1.676122e+01
     vertex  1.887828e+01  9.100000e+01  1.676122e+01
     vertex  1.884358e+01  9.100000e+01  1.671016e+01
   endloop
 endfacet
 facet normal -8.271577e-01  0.000000e+00  5.619699e-01
   outer loop
     vertex  1.887828e+01  8.500000e+01  1.676122e+01
     vertex  1.884358e+01  9.100000e+01  1.671016e+01
     vertex  1.884358e+01  8.500000e+01  1.671016e+01
   endloop
 endfacet
 facet normal -8.422635e-01  0.000000e+00  5.390661e-01
   outer loop
     vertex  1.891155e+01  8.500000e+01  1.681321e+01
     vertex  1.887828e+01  9.100000e+01  1.676122e+01
     vertex  1.887828e+01  8.500000e+01  1.676122e+01
   endloop
 endfacet
 facet normal -8.422635e-01  0.000000e+00  5.390661e-01
   outer loop
     vertex  1.891155e+01  8.500000e+01  1.681321e+01
     vertex  1.891155e+01  9.100000e+01  1.681321e+01
     vertex  1.887828e+01  9.100000e+01  1.676122e+01
   endloop
 endfacet
 facet normal -8.567352e-01  0.000000e+00  5.157565e-01
   outer loop
     vertex  1.894339e+01  8.500000e+01  1.686610e+01
     vertex  1.891155e+01  9.100000e+01  1.681321e+01
     vertex  1.891155e+01  8.500000e+01  1.681321e+01
   endloop
 endfacet
 facet normal -8.567352e-01  0.000000e+00  5.157565e-01
   outer loop
     vertex  1.894339e+01  8.500000e+01  1.686610e+01
     vertex  1.894339e+01  9.100000e+01  1.686610e+01
     vertex  1.891155e+01  9.100000e+01  1.681321e+01
   endloop
 endfacet
 facet normal -8.705620e-01  0.000000e+00  4.920587e-01
   outer loop
     vertex  1.897377e+01  8.500000e+01  1.691984e+01
     vertex  1.894339e+01  9.100000e+01  1.686610e+01
     vertex  1.894339e+01  8.500000e+01  1.686610e+01
   endloop
 endfacet
 facet normal -8.705620e-01  0.000000e+00  4.920587e-01
   outer loop
     vertex  1.897377e+01  8.500000e+01  1.691984e+01
     vertex  1.897377e+01  9.100000e+01  1.691984e+01
     vertex  1.894339e+01  9.100000e+01  1.686610e+01
   endloop
 endfacet
 facet normal -8.837335e-01  0.000000e+00  4.679904e-01
   outer loop
     vertex  1.900266e+01  8.500000e+01  1.697440e+01
     vertex  1.897377e+01  9.100000e+01  1.691984e+01
     vertex  1.897377e+01  8.500000e+01  1.691984e+01
   endloop
 endfacet
 facet normal -8.837335e-01  0.000000e+00  4.679904e-01
   outer loop
     vertex  1.900266e+01  8.500000e+01  1.697440e+01
     vertex  1.900266e+01  9.100000e+01  1.697440e+01
     vertex  1.897377e+01  9.100000e+01  1.691984e+01
   endloop
 endfacet
 facet normal -8.962398e-01  0.000000e+00  4.435699e-01
   outer loop
     vertex  1.903004e+01  8.500000e+01  1.702973e+01
     vertex  1.900266e+01  9.100000e+01  1.697440e+01
     vertex  1.900266e+01  8.500000e+01  1.697440e+01
   endloop
 endfacet
 facet normal -8.962398e-01  0.000000e+00  4.435699e-01
   outer loop
     vertex  1.903004e+01  8.500000e+01  1.702973e+01
     vertex  1.903004e+01  9.100000e+01  1.702973e+01
     vertex  1.900266e+01  9.100000e+01  1.697440e+01
   endloop
 endfacet
 facet normal -9.080714e-01  0.000000e+00  4.188155e-01
   outer loop
     vertex  1.905590e+01  8.500000e+01  1.708578e+01
     vertex  1.903004e+01  9.100000e+01  1.702973e+01
     vertex  1.903004e+01  8.500000e+01  1.702973e+01
   endloop
 endfacet
 facet normal -9.080714e-01  0.000000e+00  4.188155e-01
   outer loop
     vertex  1.905590e+01  8.500000e+01  1.708578e+01
     vertex  1.905590e+01  9.100000e+01  1.708578e+01
     vertex  1.903004e+01  9.100000e+01  1.702973e+01
   endloop
 endfacet
 facet normal -9.192194e-01  0.000000e+00  3.937458e-01
   outer loop
     vertex  1.908020e+01  8.500000e+01  1.714253e+01
     vertex  1.905590e+01  9.100000e+01  1.708578e+01
     vertex  1.905590e+01  8.500000e+01  1.708578e+01
   endloop
 endfacet
 facet normal -9.192194e-01  0.000000e+00  3.937458e-01
   outer loop
     vertex  1.908020e+01  8.500000e+01  1.714253e+01
     vertex  1.908020e+01  9.100000e+01  1.714253e+01
     vertex  1.905590e+01  9.100000e+01  1.708578e+01
   endloop
 endfacet
 facet normal -9.296754e-01  0.000000e+00  3.683796e-01
   outer loop
     vertex  1.910294e+01  8.500000e+01  1.719992e+01
     vertex  1.908020e+01  9.100000e+01  1.714253e+01
     vertex  1.908020e+01  8.500000e+01  1.714253e+01
   endloop
 endfacet
 facet normal -9.296754e-01  0.000000e+00  3.683796e-01
   outer loop
     vertex  1.910294e+01  8.500000e+01  1.719992e+01
     vertex  1.910294e+01  9.100000e+01  1.719992e+01
     vertex  1.908020e+01  9.100000e+01  1.714253e+01
   endloop
 endfacet
 facet normal -9.394317e-01  0.000000e+00  3.427362e-01
   outer loop
     vertex  1.910294e+01  8.500000e+01  1.719992e+01
     vertex  1.912410e+01  9.100000e+01  1.725791e+01
     vertex  1.910294e+01  9.100000e+01  1.719992e+01
   endloop
 endfacet
 facet normal -9.394317e-01  0.000000e+00  3.427362e-01
   outer loop
     vertex  1.912410e+01  8.500000e+01  1.725791e+01
     vertex  1.912410e+01  9.100000e+01  1.725791e+01
     vertex  1.910294e+01  8.500000e+01  1.719992e+01
   endloop
 endfacet
 facet normal -9.484807e-01  0.000000e+00  3.168348e-01
   outer loop
     vertex  1.914366e+01  8.500000e+01  1.731646e+01
     vertex  1.912410e+01  9.100000e+01  1.725791e+01
     vertex  1.912410e+01  8.500000e+01  1.725791e+01
   endloop
 endfacet
 facet normal -9.484807e-01  0.000000e+00  3.168348e-01
   outer loop
     vertex  1.914366e+01  8.500000e+01  1.731646e+01
     vertex  1.914366e+01  9.100000e+01  1.731646e+01
     vertex  1.912410e+01  9.100000e+01  1.725791e+01
   endloop
 endfacet
 facet normal -9.568158e-01  0.000000e+00  2.906949e-01
   outer loop
     vertex  1.916161e+01  8.500000e+01  1.737553e+01
     vertex  1.914366e+01  9.100000e+01  1.731646e+01
     vertex  1.914366e+01  8.500000e+01  1.731646e+01
   endloop
 endfacet
 facet normal -9.568158e-01  0.000000e+00  2.906949e-01
   outer loop
     vertex  1.916161e+01  8.500000e+01  1.737553e+01
     vertex  1.916161e+01  9.100000e+01  1.737553e+01
     vertex  1.914366e+01  9.100000e+01  1.731646e+01
   endloop
 endfacet
 facet normal -9.644306e-01  0.000000e+00  2.643362e-01
   outer loop
     vertex  1.917792e+01  8.500000e+01  1.743507e+01
     vertex  1.916161e+01  9.100000e+01  1.737553e+01
     vertex  1.916161e+01  8.500000e+01  1.737553e+01
   endloop
 endfacet
 facet normal -9.644306e-01  0.000000e+00  2.643362e-01
   outer loop
     vertex  1.917792e+01  8.500000e+01  1.743507e+01
     vertex  1.917792e+01  9.100000e+01  1.743507e+01
     vertex  1.916161e+01  9.100000e+01  1.737553e+01
   endloop
 endfacet
 facet normal -9.713194e-01  0.000000e+00  2.377784e-01
   outer loop
     vertex  1.919260e+01  8.500000e+01  1.749503e+01
     vertex  1.917792e+01  9.100000e+01  1.743507e+01
     vertex  1.917792e+01  8.500000e+01  1.743507e+01
   endloop
 endfacet
 facet normal -9.713194e-01  0.000000e+00  2.377784e-01
   outer loop
     vertex  1.919260e+01  8.500000e+01  1.749503e+01
     vertex  1.919260e+01  9.100000e+01  1.749503e+01
     vertex  1.917792e+01  9.100000e+01  1.743507e+01
   endloop
 endfacet
 facet normal -9.774771e-01  0.000000e+00  2.110417e-01
   outer loop
     vertex  1.920563e+01  8.500000e+01  1.755537e+01
     vertex  1.919260e+01  9.100000e+01  1.749503e+01
     vertex  1.919260e+01  8.500000e+01  1.749503e+01
   endloop
 endfacet
 facet normal -9.774771e-01  0.000000e+00  2.110417e-01
   outer loop
     vertex  1.920563e+01  8.500000e+01  1.755537e+01
     vertex  1.920563e+01  9.100000e+01  1.755537e+01
     vertex  1.919260e+01  9.100000e+01  1.749503e+01
   endloop
 endfacet
 facet normal -9.828989e-01  0.000000e+00  1.841461e-01
   outer loop
     vertex  1.921700e+01  8.500000e+01  1.761605e+01
     vertex  1.920563e+01  9.100000e+01  1.755537e+01
     vertex  1.920563e+01  8.500000e+01  1.755537e+01
   endloop
 endfacet
 facet normal -9.828989e-01  0.000000e+00  1.841461e-01
   outer loop
     vertex  1.921700e+01  8.500000e+01  1.761605e+01
     vertex  1.921700e+01  9.100000e+01  1.761605e+01
     vertex  1.920563e+01  9.100000e+01  1.755537e+01
   endloop
 endfacet
 facet normal -9.875808e-01  0.000000e+00  1.571119e-01
   outer loop
     vertex  1.921700e+01  8.500000e+01  1.761605e+01
     vertex  1.922670e+01  9.100000e+01  1.767701e+01
     vertex  1.921700e+01  9.100000e+01  1.761605e+01
   endloop
 endfacet
 facet normal -9.875808e-01  0.000000e+00  1.571119e-01
   outer loop
     vertex  1.922670e+01  8.500000e+01  1.767701e+01
     vertex  1.922670e+01  9.100000e+01  1.767701e+01
     vertex  1.921700e+01  8.500000e+01  1.761605e+01
   endloop
 endfacet
 facet normal -9.915193e-01  0.000000e+00  1.299594e-01
   outer loop
     vertex  1.922670e+01  8.500000e+01  1.767701e+01
     vertex  1.923472e+01  9.100000e+01  1.773822e+01
     vertex  1.922670e+01  9.100000e+01  1.767701e+01
   endloop
 endfacet
 facet normal -9.915193e-01  0.000000e+00  1.299594e-01
   outer loop
     vertex  1.923472e+01  8.500000e+01  1.773822e+01
     vertex  1.923472e+01  9.100000e+01  1.773822e+01
     vertex  1.922670e+01  8.500000e+01  1.767701e+01
   endloop
 endfacet
 facet normal -9.947114e-01  0.000000e+00  1.027091e-01
   outer loop
     vertex  1.924106e+01  8.500000e+01  1.779963e+01
     vertex  1.923472e+01  9.100000e+01  1.773822e+01
     vertex  1.923472e+01  8.500000e+01  1.773822e+01
   endloop
 endfacet
 facet normal -9.947114e-01  0.000000e+00  1.027091e-01
   outer loop
     vertex  1.924106e+01  8.500000e+01  1.779963e+01
     vertex  1.924106e+01  9.100000e+01  1.779963e+01
     vertex  1.923472e+01  9.100000e+01  1.773822e+01
   endloop
 endfacet
 facet normal -9.971548e-01  0.000000e+00  7.538152e-02
   outer loop
     vertex  1.924571e+01  8.500000e+01  1.786119e+01
     vertex  1.924106e+01  9.100000e+01  1.779963e+01
     vertex  1.924106e+01  8.500000e+01  1.779963e+01
   endloop
 endfacet
 facet normal -9.971548e-01  0.000000e+00  7.538152e-02
   outer loop
     vertex  1.924571e+01  8.500000e+01  1.786119e+01
     vertex  1.924571e+01  9.100000e+01  1.786119e+01
     vertex  1.924106e+01  9.100000e+01  1.779963e+01
   endloop
 endfacet
 facet normal -9.988475e-01  0.000000e+00  4.799716e-02
   outer loop
     vertex  1.924868e+01  8.500000e+01  1.792285e+01
     vertex  1.924571e+01  9.100000e+01  1.786119e+01
     vertex  1.924571e+01  8.500000e+01  1.786119e+01
   endloop
 endfacet
 facet normal -9.988475e-01  0.000000e+00  4.799716e-02
   outer loop
     vertex  1.924868e+01  8.500000e+01  1.792285e+01
     vertex  1.924868e+01  9.100000e+01  1.792285e+01
     vertex  1.924571e+01  9.100000e+01  1.786119e+01
   endloop
 endfacet
 facet normal -9.997883e-01  0.000000e+00  2.057667e-02
   outer loop
     vertex  1.924995e+01  8.500000e+01  1.798457e+01
     vertex  1.924995e+01  9.100000e+01  1.798457e+01
     vertex  1.924868e+01  9.100000e+01  1.792285e+01
   endloop
 endfacet
 facet normal -9.997883e-01  0.000000e+00  2.057667e-02
   outer loop
     vertex  1.924995e+01  8.500000e+01  1.798457e+01
     vertex  1.924868e+01  9.100000e+01  1.792285e+01
     vertex  1.924868e+01  8.500000e+01  1.792285e+01
   endloop
 endfacet
 facet normal -9.999765e-01  0.000000e+00 -6.859319e-03
   outer loop
     vertex  1.924995e+01  8.500000e+01  1.798457e+01
     vertex  1.924952e+01  9.100000e+01  1.804630e+01
     vertex  1.924995e+01  9.100000e+01  1.798457e+01
   endloop
 endfacet
 facet normal -9.999765e-01  0.000000e+00 -6.859319e-03
   outer loop
     vertex  1.924952e+01  8.500000e+01  1.804630e+01
     vertex  1.924952e+01  9.100000e+01  1.804630e+01
     vertex  1.924995e+01  8.500000e+01  1.798457e+01
   endloop
 endfacet
 facet normal -9.994119e-01  0.000000e+00 -3.429014e-02
   outer loop
     vertex  1.924741e+01  8.500000e+01  1.810799e+01
     vertex  1.924741e+01  9.100000e+01  1.810799e+01
     vertex  1.924952e+01  9.100000e+01  1.804630e+01
   endloop
 endfacet
 facet normal -9.994119e-01  0.000000e+00 -3.429014e-02
   outer loop
     vertex  1.924741e+01  8.500000e+01  1.810799e+01
     vertex  1.924952e+01  9.100000e+01  1.804630e+01
     vertex  1.924952e+01  8.500000e+01  1.804630e+01
   endloop
 endfacet
 facet normal -9.980950e-01  0.000000e+00 -6.169515e-02
   outer loop
     vertex  1.924360e+01  8.500000e+01  1.816961e+01
     vertex  1.924360e+01  9.100000e+01  1.816961e+01
     vertex  1.924741e+01  9.100000e+01  1.810799e+01
   endloop
 endfacet
 facet normal -9.960268e-01  0.000000e+00 -8.905371e-02
   outer loop
     vertex  1.924360e+01  8.500000e+01  1.816961e+01
     vertex  1.923810e+01  9.100000e+01  1.823110e+01
     vertex  1.924360e+01  9.100000e+01  1.816961e+01
   endloop
 endfacet
 facet normal -9.980950e-01  0.000000e+00 -6.169515e-02
   outer loop
     vertex  1.924360e+01  8.500000e+01  1.816961e+01
     vertex  1.924741e+01  9.100000e+01  1.810799e+01
     vertex  1.924741e+01  8.500000e+01  1.810799e+01
   endloop
 endfacet
 facet normal -9.960268e-01  0.000000e+00 -8.905371e-02
   outer loop
     vertex  1.923810e+01  8.500000e+01  1.823110e+01
     vertex  1.923810e+01  9.100000e+01  1.823110e+01
     vertex  1.924360e+01  8.500000e+01  1.816961e+01
   endloop
 endfacet
 facet normal -9.932088e-01  0.000000e+00 -1.163452e-01
   outer loop
     vertex  1.923092e+01  8.500000e+01  1.829241e+01
     vertex  1.923810e+01  9.100000e+01  1.823110e+01
     vertex  1.923810e+01  8.500000e+01  1.823110e+01
   endloop
 endfacet
 facet normal -9.932088e-01  0.000000e+00 -1.163452e-01
   outer loop
     vertex  1.923092e+01  8.500000e+01  1.829241e+01
     vertex  1.923092e+01  9.100000e+01  1.829241e+01
     vertex  1.923810e+01  9.100000e+01  1.823110e+01
   endloop
 endfacet
 facet normal -9.896432e-01  0.000000e+00 -1.435492e-01
   outer loop
     vertex  1.922206e+01  8.500000e+01  1.835350e+01
     vertex  1.923092e+01  9.100000e+01  1.829241e+01
     vertex  1.923092e+01  8.500000e+01  1.829241e+01
   endloop
 endfacet
 facet normal -9.896432e-01  0.000000e+00 -1.435492e-01
   outer loop
     vertex  1.922206e+01  8.500000e+01  1.835350e+01
     vertex  1.922206e+01  9.100000e+01  1.835350e+01
     vertex  1.923092e+01  9.100000e+01  1.829241e+01
   endloop
 endfacet
 facet normal -9.853326e-01  0.000000e+00 -1.706451e-01
   outer loop
     vertex  1.922206e+01  8.500000e+01  1.835350e+01
     vertex  1.921152e+01  9.100000e+01  1.841433e+01
     vertex  1.922206e+01  9.100000e+01  1.835350e+01
   endloop
 endfacet
 facet normal -9.853326e-01  0.000000e+00 -1.706451e-01
   outer loop
     vertex  1.921152e+01  8.500000e+01  1.841433e+01
     vertex  1.921152e+01  9.100000e+01  1.841433e+01
     vertex  1.922206e+01  8.500000e+01  1.835350e+01
   endloop
 endfacet
 facet normal -9.802802e-01  0.000000e+00 -1.976125e-01
   outer loop
     vertex  1.919932e+01  8.500000e+01  1.847484e+01
     vertex  1.921152e+01  9.100000e+01  1.841433e+01
     vertex  1.921152e+01  8.500000e+01  1.841433e+01
   endloop
 endfacet
 facet normal -9.802802e-01  0.000000e+00 -1.976125e-01
   outer loop
     vertex  1.919932e+01  8.500000e+01  1.847484e+01
     vertex  1.919932e+01  9.100000e+01  1.847484e+01
     vertex  1.921152e+01  9.100000e+01  1.841433e+01
   endloop
 endfacet
 facet normal -9.744899e-01  0.000000e+00 -2.244312e-01
   outer loop
     vertex  1.918547e+01  8.500000e+01  1.853500e+01
     vertex  1.919932e+01  9.100000e+01  1.847484e+01
     vertex  1.919932e+01  8.500000e+01  1.847484e+01
   endloop
 endfacet
 facet normal -9.744899e-01  0.000000e+00 -2.244312e-01
   outer loop
     vertex  1.918547e+01  8.500000e+01  1.853500e+01
     vertex  1.918547e+01  9.100000e+01  1.853500e+01
     vertex  1.919932e+01  9.100000e+01  1.847484e+01
   endloop
 endfacet
 facet normal -9.679661e-01  0.000000e+00 -2.510809e-01
   outer loop
     vertex  1.918547e+01  8.500000e+01  1.853500e+01
     vertex  1.916997e+01  9.100000e+01  1.859476e+01
     vertex  1.918547e+01  9.100000e+01  1.853500e+01
   endloop
 endfacet
 facet normal -9.679661e-01  0.000000e+00 -2.510809e-01
   outer loop
     vertex  1.916997e+01  8.500000e+01  1.859476e+01
     vertex  1.916997e+01  9.100000e+01  1.859476e+01
     vertex  1.918547e+01  8.500000e+01  1.853500e+01
   endloop
 endfacet
 facet normal -9.607136e-01  0.000000e+00 -2.775416e-01
   outer loop
     vertex  1.915284e+01  8.500000e+01  1.865406e+01
     vertex  1.916997e+01  9.100000e+01  1.859476e+01
     vertex  1.916997e+01  8.500000e+01  1.859476e+01
   endloop
 endfacet
 facet normal -9.607136e-01  0.000000e+00 -2.775416e-01
   outer loop
     vertex  1.915284e+01  8.500000e+01  1.865406e+01
     vertex  1.915284e+01  9.100000e+01  1.865406e+01
     vertex  1.916997e+01  9.100000e+01  1.859476e+01
   endloop
 endfacet
 facet normal -9.527379e-01  0.000000e+00 -3.037934e-01
   outer loop
     vertex  1.913408e+01  8.500000e+01  1.871288e+01
     vertex  1.915284e+01  9.100000e+01  1.865406e+01
     vertex  1.915284e+01  8.500000e+01  1.865406e+01
   endloop
 endfacet
 facet normal -9.527379e-01  0.000000e+00 -3.037934e-01
   outer loop
     vertex  1.913408e+01  8.500000e+01  1.871288e+01
     vertex  1.913408e+01  9.100000e+01  1.871288e+01
     vertex  1.915284e+01  9.100000e+01  1.865406e+01
   endloop
 endfacet
 facet normal -9.440450e-01  0.000000e+00 -3.298166e-01
   outer loop
     vertex  1.911372e+01  8.500000e+01  1.877116e+01
     vertex  1.913408e+01  9.100000e+01  1.871288e+01
     vertex  1.913408e+01  8.500000e+01  1.871288e+01
   endloop
 endfacet
 facet normal -9.440450e-01  0.000000e+00 -3.298166e-01
   outer loop
     vertex  1.911372e+01  8.500000e+01  1.877116e+01
     vertex  1.911372e+01  9.100000e+01  1.877116e+01
     vertex  1.913408e+01  9.100000e+01  1.871288e+01
   endloop
 endfacet
 facet normal -9.346415e-01  0.000000e+00 -3.555914e-01
   outer loop
     vertex  1.911372e+01  8.500000e+01  1.877116e+01
     vertex  1.909177e+01  9.100000e+01  1.882885e+01
     vertex  1.911372e+01  9.100000e+01  1.877116e+01
   endloop
 endfacet
 facet normal -9.346415e-01  0.000000e+00 -3.555914e-01
   outer loop
     vertex  1.909177e+01  8.500000e+01  1.882885e+01
     vertex  1.909177e+01  9.100000e+01  1.882885e+01
     vertex  1.911372e+01  8.500000e+01  1.877116e+01
   endloop
 endfacet
 facet normal -9.137314e-01  0.000000e+00 -4.063188e-01
   outer loop
     vertex  1.906824e+01  8.500000e+01  1.888593e+01
     vertex  1.904316e+01  9.100000e+01  1.894233e+01
     vertex  1.906824e+01  9.100000e+01  1.888593e+01
   endloop
 endfacet
 facet normal -9.245344e-01  0.000000e+00 -3.810986e-01
   outer loop
     vertex  1.906824e+01  8.500000e+01  1.888593e+01
     vertex  1.909177e+01  9.100000e+01  1.882885e+01
     vertex  1.909177e+01  8.500000e+01  1.882885e+01
   endloop
 endfacet
 facet normal -9.245344e-01  0.000000e+00 -3.810986e-01
   outer loop
     vertex  1.906824e+01  8.500000e+01  1.888593e+01
     vertex  1.906824e+01  9.100000e+01  1.888593e+01
     vertex  1.909177e+01  9.100000e+01  1.882885e+01
   endloop
 endfacet
 facet normal -9.137314e-01  0.000000e+00 -4.063188e-01
   outer loop
     vertex  1.904316e+01  8.500000e+01  1.894233e+01
     vertex  1.904316e+01  9.100000e+01  1.894233e+01
     vertex  1.906824e+01  8.500000e+01  1.888593e+01
   endloop
 endfacet
 facet normal -9.022405e-01  0.000000e+00 -4.312333e-01
   outer loop
     vertex  1.901654e+01  8.500000e+01  1.899803e+01
     vertex  1.901654e+01  9.100000e+01  1.899803e+01
     vertex  1.904316e+01  9.100000e+01  1.894233e+01
   endloop
 endfacet
 facet normal -9.022405e-01  0.000000e+00 -4.312333e-01
   outer loop
     vertex  1.901654e+01  8.500000e+01  1.899803e+01
     vertex  1.904316e+01  9.100000e+01  1.894233e+01
     vertex  1.904316e+01  8.500000e+01  1.894233e+01
   endloop
 endfacet
 facet normal -8.900704e-01  0.000000e+00 -4.558231e-01
   outer loop
     vertex  1.898840e+01  8.500000e+01  1.905298e+01
     vertex  1.898840e+01  9.100000e+01  1.905298e+01
     vertex  1.901654e+01  9.100000e+01  1.899803e+01
   endloop
 endfacet
 facet normal -8.772303e-01  0.000000e+00 -4.800697e-01
   outer loop
     vertex  1.898840e+01  8.500000e+01  1.905298e+01
     vertex  1.895876e+01  9.100000e+01  1.910713e+01
     vertex  1.898840e+01  9.100000e+01  1.905298e+01
   endloop
 endfacet
 facet normal -8.900704e-01  0.000000e+00 -4.558231e-01
   outer loop
     vertex  1.898840e+01  8.500000e+01  1.905298e+01
     vertex  1.901654e+01  9.100000e+01  1.899803e+01
     vertex  1.901654e+01  8.500000e+01  1.899803e+01
   endloop
 endfacet
 facet normal -8.772303e-01  0.000000e+00 -4.800697e-01
   outer loop
     vertex  1.895876e+01  8.500000e+01  1.910713e+01
     vertex  1.895876e+01  9.100000e+01  1.910713e+01
     vertex  1.898840e+01  8.500000e+01  1.905298e+01
   endloop
 endfacet
 facet normal -8.637299e-01  0.000000e+00 -5.039550e-01
   outer loop
     vertex  1.892765e+01  8.500000e+01  1.916045e+01
     vertex  1.892765e+01  9.100000e+01  1.916045e+01
     vertex  1.895876e+01  9.100000e+01  1.910713e+01
   endloop
 endfacet
 facet normal -8.637299e-01  0.000000e+00 -5.039550e-01
   outer loop
     vertex  1.892765e+01  8.500000e+01  1.916045e+01
     vertex  1.895876e+01  9.100000e+01  1.910713e+01
     vertex  1.895876e+01  8.500000e+01  1.910713e+01
   endloop
 endfacet
 facet normal -8.495793e-01  0.000000e+00 -5.274609e-01
   outer loop
     vertex  1.889509e+01  8.500000e+01  1.921290e+01
     vertex  1.889509e+01  9.100000e+01  1.921290e+01
     vertex  1.892765e+01  9.100000e+01  1.916045e+01
   endloop
 endfacet
 facet normal -8.347891e-01  0.000000e+00 -5.505698e-01
   outer loop
     vertex  1.889509e+01  8.500000e+01  1.921290e+01
     vertex  1.886110e+01  9.100000e+01  1.926443e+01
     vertex  1.889509e+01  9.100000e+01  1.921290e+01
   endloop
 endfacet
 facet normal -8.495793e-01  0.000000e+00 -5.274609e-01
   outer loop
     vertex  1.889509e+01  8.500000e+01  1.921290e+01
     vertex  1.892765e+01  9.100000e+01  1.916045e+01
     vertex  1.892765e+01  8.500000e+01  1.916045e+01
   endloop
 endfacet
 facet normal -8.347891e-01  0.000000e+00 -5.505698e-01
   outer loop
     vertex  1.886110e+01  8.500000e+01  1.926443e+01
     vertex  1.886110e+01  9.100000e+01  1.926443e+01
     vertex  1.889509e+01  8.500000e+01  1.921290e+01
   endloop
 endfacet
 facet normal -8.193706e-01  0.000000e+00 -5.732642e-01
   outer loop
     vertex  1.882572e+01  8.500000e+01  1.931501e+01
     vertex  1.882572e+01  9.100000e+01  1.931501e+01
     vertex  1.886110e+01  9.100000e+01  1.926443e+01
   endloop
 endfacet
 facet normal -8.193706e-01  0.000000e+00 -5.732642e-01
   outer loop
     vertex  1.882572e+01  8.500000e+01  1.931501e+01
     vertex  1.886110e+01  9.100000e+01  1.926443e+01
     vertex  1.886110e+01  8.500000e+01  1.926443e+01
   endloop
 endfacet
 facet normal -8.033352e-01  0.000000e+00 -5.955271e-01
   outer loop
     vertex  1.878895e+01  8.500000e+01  1.936461e+01
     vertex  1.878895e+01  9.100000e+01  1.936461e+01
     vertex  1.882572e+01  9.100000e+01  1.931501e+01
   endloop
 endfacet
 facet normal -7.866951e-01  0.000000e+00 -6.173417e-01
   outer loop
     vertex  1.878895e+01  8.500000e+01  1.936461e+01
     vertex  1.875084e+01  9.100000e+01  1.941317e+01
     vertex  1.878895e+01  9.100000e+01  1.936461e+01
   endloop
 endfacet
 facet normal -8.033352e-01  0.000000e+00 -5.955271e-01
   outer loop
     vertex  1.878895e+01  8.500000e+01  1.936461e+01
     vertex  1.882572e+01  9.100000e+01  1.931501e+01
     vertex  1.882572e+01  8.500000e+01  1.931501e+01
   endloop
 endfacet
 facet normal -7.866951e-01  0.000000e+00 -6.173417e-01
   outer loop
     vertex  1.875084e+01  8.500000e+01  1.941317e+01
     vertex  1.875084e+01  9.100000e+01  1.941317e+01
     vertex  1.878895e+01  8.500000e+01  1.936461e+01
   endloop
 endfacet
 facet normal -7.694628e-01  0.000000e+00 -6.386916e-01
   outer loop
     vertex  1.871141e+01  8.500000e+01  1.946067e+01
     vertex  1.871141e+01  9.100000e+01  1.946067e+01
     vertex  1.875084e+01  9.100000e+01  1.941317e+01
   endloop
 endfacet
 facet normal -7.694628e-01  0.000000e+00 -6.386916e-01
   outer loop
     vertex  1.871141e+01  8.500000e+01  1.946067e+01
     vertex  1.875084e+01  9.100000e+01  1.941317e+01
     vertex  1.875084e+01  8.500000e+01  1.941317e+01
   endloop
 endfacet
 facet normal -7.516513e-01  0.000000e+00 -6.595607e-01
   outer loop
     vertex  1.867070e+01  8.500000e+01  1.950707e+01
     vertex  1.867070e+01  9.100000e+01  1.950707e+01
     vertex  1.871141e+01  9.100000e+01  1.946067e+01
   endloop
 endfacet
 facet normal -7.516513e-01  0.000000e+00 -6.595607e-01
   outer loop
     vertex  1.867070e+01  8.500000e+01  1.950707e+01
     vertex  1.871141e+01  9.100000e+01  1.946067e+01
     vertex  1.871141e+01  8.500000e+01  1.946067e+01
   endloop
 endfacet
 facet normal -7.332740e-01  0.000000e+00 -6.799333e-01
   outer loop
     vertex  1.862872e+01  8.500000e+01  1.955234e+01
     vertex  1.862872e+01  9.100000e+01  1.955234e+01
     vertex  1.867070e+01  9.100000e+01  1.950707e+01
   endloop
 endfacet
 facet normal -7.143447e-01  0.000000e+00 -6.997940e-01
   outer loop
     vertex  1.862872e+01  8.500000e+01  1.955234e+01
     vertex  1.858552e+01  9.100000e+01  1.959644e+01
     vertex  1.862872e+01  9.100000e+01  1.955234e+01
   endloop
 endfacet
 facet normal -7.332740e-01  0.000000e+00 -6.799333e-01
   outer loop
     vertex  1.862872e+01  8.500000e+01  1.955234e+01
     vertex  1.867070e+01  9.100000e+01  1.950707e+01
     vertex  1.867070e+01  8.500000e+01  1.950707e+01
   endloop
 endfacet
 facet normal -7.143447e-01  0.000000e+00 -6.997940e-01
   outer loop
     vertex  1.858552e+01  8.500000e+01  1.959644e+01
     vertex  1.858552e+01  9.100000e+01  1.959644e+01
     vertex  1.862872e+01  8.500000e+01  1.955234e+01
   endloop
 endfacet
 facet normal -6.948776e-01  0.000000e+00 -7.191280e-01
   outer loop
     vertex  1.858552e+01  8.500000e+01  1.959644e+01
     vertex  1.854113e+01  9.100000e+01  1.963933e+01
     vertex  1.858552e+01  9.100000e+01  1.959644e+01
   endloop
 endfacet
 facet normal -6.948776e-01  0.000000e+00 -7.191280e-01
   outer loop
     vertex  1.854113e+01  8.500000e+01  1.963933e+01
     vertex  1.854113e+01  9.100000e+01  1.963933e+01
     vertex  1.858552e+01  8.500000e+01  1.959644e+01
   endloop
 endfacet
 facet normal -6.748875e-01  0.000000e+00 -7.379206e-01
   outer loop
     vertex  1.854113e+01  8.500000e+01  1.963933e+01
     vertex  1.849558e+01  9.100000e+01  1.968100e+01
     vertex  1.854113e+01  9.100000e+01  1.963933e+01
   endloop
 endfacet
 facet normal -6.748875e-01  0.000000e+00 -7.379206e-01
   outer loop
     vertex  1.849558e+01  8.500000e+01  1.968100e+01
     vertex  1.849558e+01  9.100000e+01  1.968100e+01
     vertex  1.854113e+01  8.500000e+01  1.963933e+01
   endloop
 endfacet
 facet normal -6.543893e-01  0.000000e+00 -7.561578e-01
   outer loop
     vertex  1.844890e+01  8.500000e+01  1.972139e+01
     vertex  1.849558e+01  9.100000e+01  1.968100e+01
     vertex  1.849558e+01  8.500000e+01  1.968100e+01
   endloop
 endfacet
 facet normal -6.543893e-01  0.000000e+00 -7.561578e-01
   outer loop
     vertex  1.844890e+01  8.500000e+01  1.972139e+01
     vertex  1.844890e+01  9.100000e+01  1.972139e+01
     vertex  1.849558e+01  9.100000e+01  1.968100e+01
   endloop
 endfacet
 facet normal -6.333986e-01  0.000000e+00 -7.738257e-01
   outer loop
     vertex  1.844890e+01  8.500000e+01  1.972139e+01
     vertex  1.840113e+01  9.100000e+01  1.976049e+01
     vertex  1.844890e+01  9.100000e+01  1.972139e+01
   endloop
 endfacet
 facet normal -6.333986e-01  0.000000e+00 -7.738257e-01
   outer loop
     vertex  1.840113e+01  8.500000e+01  1.976049e+01
     vertex  1.840113e+01  9.100000e+01  1.976049e+01
     vertex  1.844890e+01  8.500000e+01  1.972139e+01
   endloop
 endfacet
 facet normal -6.119310e-01  0.000000e+00 -7.909112e-01
   outer loop
     vertex  1.835230e+01  8.500000e+01  1.979827e+01
     vertex  1.835230e+01  9.100000e+01  1.979827e+01
     vertex  1.840113e+01  9.100000e+01  1.976049e+01
   endloop
 endfacet
 facet normal -6.119310e-01  0.000000e+00 -7.909112e-01
   outer loop
     vertex  1.835230e+01  8.500000e+01  1.979827e+01
     vertex  1.840113e+01  9.100000e+01  1.976049e+01
     vertex  1.840113e+01  8.500000e+01  1.976049e+01
   endloop
 endfacet
 facet normal -5.900028e-01  0.000000e+00 -8.074012e-01
   outer loop
     vertex  1.830246e+01  8.500000e+01  1.983469e+01
     vertex  1.835230e+01  9.100000e+01  1.979827e+01
     vertex  1.835230e+01  8.500000e+01  1.979827e+01
   endloop
 endfacet
 facet normal -5.900028e-01  0.000000e+00 -8.074012e-01
   outer loop
     vertex  1.830246e+01  8.500000e+01  1.983469e+01
     vertex  1.830246e+01  9.100000e+01  1.983469e+01
     vertex  1.835230e+01  9.100000e+01  1.979827e+01
   endloop
 endfacet
 facet normal -5.676304e-01  0.000000e+00 -8.232835e-01
   outer loop
     vertex  1.830246e+01  8.500000e+01  1.983469e+01
     vertex  1.825164e+01  9.100000e+01  1.986973e+01
     vertex  1.830246e+01  9.100000e+01  1.983469e+01
   endloop
 endfacet
 facet normal -5.448308e-01  0.000000e+00 -8.385460e-01
   outer loop
     vertex  1.825164e+01  8.500000e+01  1.986973e+01
     vertex  1.819987e+01  9.100000e+01  1.990337e+01
     vertex  1.825164e+01  9.100000e+01  1.986973e+01
   endloop
 endfacet
 facet normal -5.676304e-01  0.000000e+00 -8.232835e-01
   outer loop
     vertex  1.825164e+01  8.500000e+01  1.986973e+01
     vertex  1.825164e+01  9.100000e+01  1.986973e+01
     vertex  1.830246e+01  8.500000e+01  1.983469e+01
   endloop
 endfacet
 facet normal -5.448308e-01  0.000000e+00 -8.385460e-01
   outer loop
     vertex  1.819987e+01  8.500000e+01  1.990337e+01
     vertex  1.819987e+01  9.100000e+01  1.990337e+01
     vertex  1.825164e+01  8.500000e+01  1.986973e+01
   endloop
 endfacet
 facet normal -5.216210e-01  0.000000e+00 -8.531773e-01
   outer loop
     vertex  1.814720e+01  8.500000e+01  1.993557e+01
     vertex  1.814720e+01  9.100000e+01  1.993557e+01
     vertex  1.819987e+01  9.100000e+01  1.990337e+01
   endloop
 endfacet
 facet normal -4.980186e-01  0.000000e+00 -8.671664e-01
   outer loop
     vertex  1.814720e+01  8.500000e+01  1.993557e+01
     vertex  1.809367e+01  9.100000e+01  1.996631e+01
     vertex  1.814720e+01  9.100000e+01  1.993557e+01
   endloop
 endfacet
 facet normal -5.216210e-01  0.000000e+00 -8.531773e-01
   outer loop
     vertex  1.814720e+01  8.500000e+01  1.993557e+01
     vertex  1.819987e+01  9.100000e+01  1.990337e+01
     vertex  1.819987e+01  8.500000e+01  1.990337e+01
   endloop
 endfacet
 facet normal -4.980186e-01  0.000000e+00 -8.671664e-01
   outer loop
     vertex  1.809367e+01  8.500000e+01  1.996631e+01
     vertex  1.809367e+01  9.100000e+01  1.996631e+01
     vertex  1.814720e+01  8.500000e+01  1.993557e+01
   endloop
 endfacet
 facet normal -4.740412e-01  0.000000e+00 -8.805026e-01
   outer loop
     vertex  1.803931e+01  8.500000e+01  1.999558e+01
     vertex  1.803931e+01  9.100000e+01  1.999558e+01
     vertex  1.809367e+01  9.100000e+01  1.996631e+01
   endloop
 endfacet
 facet normal -4.740412e-01  0.000000e+00 -8.805026e-01
   outer loop
     vertex  1.803931e+01  8.500000e+01  1.999558e+01
     vertex  1.809367e+01  9.100000e+01  1.996631e+01
     vertex  1.809367e+01  8.500000e+01  1.996631e+01
   endloop
 endfacet
 facet normal -4.497071e-01  0.000000e+00 -8.931761e-01
   outer loop
     vertex  1.798418e+01  8.500000e+01  2.002334e+01
     vertex  1.798418e+01  9.100000e+01  2.002334e+01
     vertex  1.803931e+01  9.100000e+01  1.999558e+01
   endloop
 endfacet
 facet normal -4.250344e-01  0.000000e+00 -9.051772e-01
   outer loop
     vertex  1.798418e+01  8.500000e+01  2.002334e+01
     vertex  1.792830e+01  9.100000e+01  2.004958e+01
     vertex  1.798418e+01  9.100000e+01  2.002334e+01
   endloop
 endfacet
 facet normal -4.497071e-01  0.000000e+00 -8.931761e-01
   outer loop
     vertex  1.798418e+01  8.500000e+01  2.002334e+01
     vertex  1.803931e+01  9.100000e+01  1.999558e+01
     vertex  1.803931e+01  8.500000e+01  1.999558e+01
   endloop
 endfacet
 facet normal -4.250344e-01  0.000000e+00 -9.051772e-01
   outer loop
     vertex  1.792830e+01  8.500000e+01  2.004958e+01
     vertex  1.792830e+01  9.100000e+01  2.004958e+01
     vertex  1.798418e+01  8.500000e+01  2.002334e+01
   endloop
 endfacet
 facet normal -4.000417e-01  0.000000e+00 -9.164969e-01
   outer loop
     vertex  1.787172e+01  8.500000e+01  2.007427e+01
     vertex  1.787172e+01  9.100000e+01  2.007427e+01
     vertex  1.792830e+01  9.100000e+01  2.004958e+01
   endloop
 endfacet
 facet normal -4.000417e-01  0.000000e+00 -9.164969e-01
   outer loop
     vertex  1.787172e+01  8.500000e+01  2.007427e+01
     vertex  1.792830e+01  9.100000e+01  2.004958e+01
     vertex  1.792830e+01  8.500000e+01  2.004958e+01
   endloop
 endfacet
 facet normal -3.747479e-01  0.000000e+00 -9.271267e-01
   outer loop
     vertex  1.781449e+01  8.500000e+01  2.009741e+01
     vertex  1.781449e+01  9.100000e+01  2.009741e+01
     vertex  1.787172e+01  9.100000e+01  2.007427e+01
   endloop
 endfacet
 facet normal -3.491720e-01  0.000000e+00 -9.370586e-01
   outer loop
     vertex  1.781449e+01  8.500000e+01  2.009741e+01
     vertex  1.775664e+01  9.100000e+01  2.011896e+01
     vertex  1.781449e+01  9.100000e+01  2.009741e+01
   endloop
 endfacet
 facet normal -3.747479e-01  0.000000e+00 -9.271267e-01
   outer loop
     vertex  1.781449e+01  8.500000e+01  2.009741e+01
     vertex  1.787172e+01  9.100000e+01  2.007427e+01
     vertex  1.787172e+01  8.500000e+01  2.007427e+01
   endloop
 endfacet
 facet normal -3.491720e-01  0.000000e+00 -9.370586e-01
   outer loop
     vertex  1.775664e+01  8.500000e+01  2.011896e+01
     vertex  1.775664e+01  9.100000e+01  2.011896e+01
     vertex  1.781449e+01  8.500000e+01  2.009741e+01
   endloop
 endfacet
 facet normal -3.233333e-01  0.000000e+00 -9.462851e-01
   outer loop
     vertex  1.769822e+01  8.500000e+01  2.013892e+01
     vertex  1.769822e+01  9.100000e+01  2.013892e+01
     vertex  1.775664e+01  9.100000e+01  2.011896e+01
   endloop
 endfacet
 facet normal -3.233333e-01  0.000000e+00 -9.462851e-01
   outer loop
     vertex  1.769822e+01  8.500000e+01  2.013892e+01
     vertex  1.775664e+01  9.100000e+01  2.011896e+01
     vertex  1.775664e+01  8.500000e+01  2.011896e+01
   endloop
 endfacet
 facet normal -2.972512e-01  0.000000e+00 -9.547993e-01
   outer loop
     vertex  1.763928e+01  8.500000e+01  2.015727e+01
     vertex  1.763928e+01  9.100000e+01  2.015727e+01
     vertex  1.769822e+01  9.100000e+01  2.013892e+01
   endloop
 endfacet
 facet normal -2.709453e-01  0.000000e+00 -9.625948e-01
   outer loop
     vertex  1.763928e+01  8.500000e+01  2.015727e+01
     vertex  1.757986e+01  9.100000e+01  2.017400e+01
     vertex  1.763928e+01  9.100000e+01  2.015727e+01
   endloop
 endfacet
 facet normal -2.972512e-01  0.000000e+00 -9.547993e-01
   outer loop
     vertex  1.763928e+01  8.500000e+01  2.015727e+01
     vertex  1.769822e+01  9.100000e+01  2.013892e+01
     vertex  1.769822e+01  8.500000e+01  2.013892e+01
   endloop
 endfacet
 facet normal -2.709453e-01  0.000000e+00 -9.625948e-01
   outer loop
     vertex  1.757986e+01  8.500000e+01  2.017400e+01
     vertex  1.757986e+01  9.100000e+01  2.017400e+01
     vertex  1.763928e+01  8.500000e+01  2.015727e+01
   endloop
 endfacet
 facet normal -2.444354e-01  0.000000e+00 -9.696656e-01
   outer loop
     vertex  1.752000e+01  8.500000e+01  2.018909e+01
     vertex  1.752000e+01  9.100000e+01  2.018909e+01
     vertex  1.757986e+01  9.100000e+01  2.017400e+01
   endloop
 endfacet
 facet normal -2.444354e-01  0.000000e+00 -9.696656e-01
   outer loop
     vertex  1.752000e+01  8.500000e+01  2.018909e+01
     vertex  1.757986e+01  9.100000e+01  2.017400e+01
     vertex  1.757986e+01  8.500000e+01  2.017400e+01
   endloop
 endfacet
 facet normal -2.177416e-01  0.000000e+00 -9.760065e-01
   outer loop
     vertex  1.745975e+01  8.500000e+01  2.020253e+01
     vertex  1.745975e+01  9.100000e+01  2.020253e+01
     vertex  1.752000e+01  9.100000e+01  2.018909e+01
   endloop
 endfacet
 facet normal -1.908838e-01  0.000000e+00 -9.816126e-01
   outer loop
     vertex  1.745975e+01  8.500000e+01  2.020253e+01
     vertex  1.739915e+01  9.100000e+01  2.021431e+01
     vertex  1.745975e+01  9.100000e+01  2.020253e+01
   endloop
 endfacet
 facet normal -2.177416e-01  0.000000e+00 -9.760065e-01
   outer loop
     vertex  1.745975e+01  8.500000e+01  2.020253e+01
     vertex  1.752000e+01  9.100000e+01  2.018909e+01
     vertex  1.752000e+01  8.500000e+01  2.018909e+01
   endloop
 endfacet
 facet normal -1.908838e-01  0.000000e+00 -9.816126e-01
   outer loop
     vertex  1.739915e+01  8.500000e+01  2.021431e+01
     vertex  1.739915e+01  9.100000e+01  2.021431e+01
     vertex  1.745975e+01  8.500000e+01  2.020253e+01
   endloop
 endfacet
 facet normal -1.638824e-01  0.000000e+00 -9.864799e-01
   outer loop
     vertex  1.733825e+01  8.500000e+01  2.022443e+01
     vertex  1.733825e+01  9.100000e+01  2.022443e+01
     vertex  1.739915e+01  9.100000e+01  2.021431e+01
   endloop
 endfacet
 facet normal -1.638824e-01  0.000000e+00 -9.864799e-01
   outer loop
     vertex  1.733825e+01  8.500000e+01  2.022443e+01
     vertex  1.739915e+01  9.100000e+01  2.021431e+01
     vertex  1.739915e+01  8.500000e+01  2.021431e+01
   endloop
 endfacet
 facet normal -1.367575e-01  0.000000e+00 -9.906046e-01
   outer loop
     vertex  1.727710e+01  8.500000e+01  2.023287e+01
     vertex  1.727710e+01  9.100000e+01  2.023287e+01
     vertex  1.733825e+01  9.100000e+01  2.022443e+01
   endloop
 endfacet
 facet normal -1.095298e-01  0.000000e+00 -9.939835e-01
   outer loop
     vertex  1.727710e+01  8.500000e+01  2.023287e+01
     vertex  1.721574e+01  9.100000e+01  2.023963e+01
     vertex  1.727710e+01  9.100000e+01  2.023287e+01
   endloop
 endfacet
 facet normal -1.367575e-01  0.000000e+00 -9.906046e-01
   outer loop
     vertex  1.727710e+01  8.500000e+01  2.023287e+01
     vertex  1.733825e+01  9.100000e+01  2.022443e+01
     vertex  1.733825e+01  8.500000e+01  2.022443e+01
   endloop
 endfacet
 facet normal -1.095298e-01  0.000000e+00 -9.939835e-01
   outer loop
     vertex  1.721574e+01  8.500000e+01  2.023963e+01
     vertex  1.721574e+01  9.100000e+01  2.023963e+01
     vertex  1.727710e+01  8.500000e+01  2.023287e+01
   endloop
 endfacet
 facet normal -8.221955e-02  0.000000e+00 -9.966142e-01
   outer loop
     vertex  1.715421e+01  8.500000e+01  2.024471e+01
     vertex  1.721574e+01  9.100000e+01  2.023963e+01
     vertex  1.721574e+01  8.500000e+01  2.023963e+01
   endloop
 endfacet
 facet normal -8.221955e-02  0.000000e+00 -9.966142e-01
   outer loop
     vertex  1.715421e+01  8.500000e+01  2.024471e+01
     vertex  1.715421e+01  9.100000e+01  2.024471e+01
     vertex  1.721574e+01  9.100000e+01  2.023963e+01
   endloop
 endfacet
 facet normal -5.484744e-02  0.000000e+00 -9.984947e-01
   outer loop
     vertex  1.715421e+01  8.500000e+01  2.024471e+01
     vertex  1.709258e+01  9.100000e+01  2.024809e+01
     vertex  1.715421e+01  9.100000e+01  2.024471e+01
   endloop
 endfacet
 facet normal -5.484744e-02  0.000000e+00 -9.984947e-01
   outer loop
     vertex  1.709258e+01  8.500000e+01  2.024809e+01
     vertex  1.709258e+01  9.100000e+01  2.024809e+01
     vertex  1.715421e+01  8.500000e+01  2.024471e+01
   endloop
 endfacet
 facet normal -2.743405e-02  0.000000e+00 -9.996236e-01
   outer loop
     vertex  1.709258e+01  8.500000e+01  2.024809e+01
     vertex  1.703087e+01  9.100000e+01  2.024979e+01
     vertex  1.709258e+01  9.100000e+01  2.024809e+01
   endloop
 endfacet
 facet normal -2.743405e-02  0.000000e+00 -9.996236e-01
   outer loop
     vertex  1.703087e+01  8.500000e+01  2.024979e+01
     vertex  1.703087e+01  9.100000e+01  2.024979e+01
     vertex  1.709258e+01  8.500000e+01  2.024809e+01
   endloop
 endfacet
 facet normal  0.000000e+00  0.000000e+00 -1.000000e+00
   outer loop
     vertex  1.703087e+01  8.500000e+01  2.024979e+01
     vertex  1.696913e+01  9.100000e+01  2.024979e+01
     vertex  1.703087e+01  9.100000e+01  2.024979e+01
   endloop
 endfacet
 facet normal  0.000000e+00  0.000000e+00 -1.000000e+00
   outer loop
     vertex  1.696913e+01  8.500000e+01  2.024979e+01
     vertex  1.696913e+01  9.100000e+01  2.024979e+01
     vertex  1.703087e+01  8.500000e+01  2.024979e+01
   endloop
 endfacet
 facet normal  2.743405e-02  0.000000e+00 -9.996236e-01
   outer loop
     vertex  1.690742e+01  8.500000e+01  2.024809e+01
     vertex  1.696913e+01  9.100000e+01  2.024979e+01
     vertex  1.696913e+01  8.500000e+01  2.024979e+01
   endloop
 endfacet
 facet normal  2.743405e-02  0.000000e+00 -9.996236e-01
   outer loop
     vertex  1.690742e+01  8.500000e+01  2.024809e+01
     vertex  1.690742e+01  9.100000e+01  2.024809e+01
     vertex  1.696913e+01  9.100000e+01  2.024979e+01
   endloop
 endfacet
 facet normal  5.484744e-02  0.000000e+00 -9.984947e-01
   outer loop
     vertex  1.684579e+01  8.500000e+01  2.024471e+01
     vertex  1.690742e+01  9.100000e+01  2.024809e+01
     vertex  1.690742e+01  8.500000e+01  2.024809e+01
   endloop
 endfacet
 facet normal  5.484744e-02  0.000000e+00 -9.984947e-01
   outer loop
     vertex  1.684579e+01  8.500000e+01  2.024471e+01
     vertex  1.684579e+01  9.100000e+01  2.024471e+01
     vertex  1.690742e+01  9.100000e+01  2.024809e+01
   endloop
 endfacet
 facet normal  8.221955e-02  0.000000e+00 -9.966142e-01
   outer loop
     vertex  1.678426e+01  8.500000e+01  2.023963e+01
     vertex  1.684579e+01  9.100000e+01  2.024471e+01
     vertex  1.684579e+01  8.500000e+01  2.024471e+01
   endloop
 endfacet
 facet normal  8.221955e-02  0.000000e+00 -9.966142e-01
   outer loop
     vertex  1.678426e+01  8.500000e+01  2.023963e+01
     vertex  1.678426e+01  9.100000e+01  2.023963e+01
     vertex  1.684579e+01  9.100000e+01  2.024471e+01
   endloop
 endfacet
 facet normal  1.095298e-01  0.000000e+00 -9.939835e-01
   outer loop
     vertex  1.678426e+01  8.500000e+01  2.023963e+01
     vertex  1.672290e+01  9.100000e+01  2.023287e+01
     vertex  1.678426e+01  9.100000e+01  2.023963e+01
   endloop
 endfacet
 facet normal  1.095298e-01  0.000000e+00 -9.939835e-01
   outer loop
     vertex  1.672290e+01  8.500000e+01  2.023287e+01
     vertex  1.672290e+01  9.100000e+01  2.023287e+01
     vertex  1.678426e+01  8.500000e+01  2.023963e+01
   endloop
 endfacet
 facet normal  1.367575e-01  0.000000e+00 -9.906046e-01
   outer loop
     vertex  1.672290e+01  8.500000e+01  2.023287e+01
     vertex  1.666175e+01  9.100000e+01  2.022443e+01
     vertex  1.672290e+01  9.100000e+01  2.023287e+01
   endloop
 endfacet
 facet normal  1.367575e-01  0.000000e+00 -9.906046e-01
   outer loop
     vertex  1.666175e+01  8.500000e+01  2.022443e+01
     vertex  1.666175e+01  9.100000e+01  2.022443e+01
     vertex  1.672290e+01  8.500000e+01  2.023287e+01
   endloop
 endfacet
 facet normal  1.638824e-01  0.000000e+00 -9.864799e-01
   outer loop
     vertex  1.666175e+01  8.500000e+01  2.022443e+01
     vertex  1.660085e+01  9.100000e+01  2.021431e+01
     vertex  1.666175e+01  9.100000e+01  2.022443e+01
   endloop
 endfacet
 facet normal  1.638824e-01  0.000000e+00 -9.864799e-01
   outer loop
     vertex  1.660085e+01  8.500000e+01  2.021431e+01
     vertex  1.660085e+01  9.100000e+01  2.021431e+01
     vertex  1.666175e+01  8.500000e+01  2.022443e+01
   endloop
 endfacet
 facet normal  1.908838e-01  0.000000e+00 -9.816126e-01
   outer loop
     vertex  1.654025e+01  8.500000e+01  2.020253e+01
     vertex  1.660085e+01  9.100000e+01  2.021431e+01
     vertex  1.660085e+01  8.500000e+01  2.021431e+01
   endloop
 endfacet
 facet normal  1.908838e-01  0.000000e+00 -9.816126e-01
   outer loop
     vertex  1.654025e+01  8.500000e+01  2.020253e+01
     vertex  1.654025e+01  9.100000e+01  2.020253e+01
     vertex  1.660085e+01  9.100000e+01  2.021431e+01
   endloop
 endfacet
 facet normal  2.177416e-01  0.000000e+00 -9.760065e-01
   outer loop
     vertex  1.654025e+01  8.500000e+01  2.020253e+01
     vertex  1.648000e+01  9.100000e+01  2.018909e+01
     vertex  1.654025e+01  9.100000e+01  2.020253e+01
   endloop
 endfacet
 facet normal  2.177416e-01  0.000000e+00 -9.760065e-01
   outer loop
     vertex  1.648000e+01  8.500000e+01  2.018909e+01
     vertex  1.648000e+01  9.100000e+01  2.018909e+01
     vertex  1.654025e+01  8.500000e+01  2.020253e+01
   endloop
 endfacet
 facet normal  2.444354e-01  0.000000e+00 -9.696656e-01
   outer loop
     vertex  1.642014e+01  8.500000e+01  2.017400e+01
     vertex  1.642014e+01  9.100000e+01  2.017400e+01
     vertex  1.648000e+01  9.100000e+01  2.018909e+01
   endloop
 endfacet
 facet normal  2.709453e-01  0.000000e+00 -9.625948e-01
   outer loop
     vertex  1.642014e+01  8.500000e+01  2.017400e+01
     vertex  1.636072e+01  9.100000e+01  2.015727e+01
     vertex  1.642014e+01  9.100000e+01  2.017400e+01
   endloop
 endfacet
 facet normal  2.444354e-01  0.000000e+00 -9.696656e-01
   outer loop
     vertex  1.642014e+01  8.500000e+01  2.017400e+01
     vertex  1.648000e+01  9.100000e+01  2.018909e+01
     vertex  1.648000e+01  8.500000e+01  2.018909e+01
   endloop
 endfacet
 facet normal  2.709453e-01  0.000000e+00 -9.625948e-01
   outer loop
     vertex  1.636072e+01  8.500000e+01  2.015727e+01
     vertex  1.636072e+01  9.100000e+01  2.015727e+01
     vertex  1.642014e+01  8.500000e+01  2.017400e+01
   endloop
 endfacet
 facet normal  2.972512e-01  0.000000e+00 -9.547993e-01
   outer loop
     vertex  1.630178e+01  8.500000e+01  2.013892e+01
     vertex  1.630178e+01  9.100000e+01  2.013892e+01
     vertex  1.636072e+01  9.100000e+01  2.015727e+01
   endloop
 endfacet
 facet normal  2.972512e-01  0.000000e+00 -9.547993e-01
   outer loop
     vertex  1.630178e+01  8.500000e+01  2.013892e+01
     vertex  1.636072e+01  9.100000e+01  2.015727e+01
     vertex  1.636072e+01  8.500000e+01  2.015727e+01
   endloop
 endfacet
 facet normal  3.233333e-01  0.000000e+00 -9.462851e-01
   outer loop
     vertex  1.624336e+01  8.500000e+01  2.011896e+01
     vertex  1.624336e+01  9.100000e+01  2.011896e+01
     vertex  1.630178e+01  9.100000e+01  2.013892e+01
   endloop
 endfacet
 facet normal  3.491720e-01  0.000000e+00 -9.370586e-01
   outer loop
     vertex  1.624336e+01  8.500000e+01  2.011896e+01
     vertex  1.618551e+01  9.100000e+01  2.009741e+01
     vertex  1.624336e+01  9.100000e+01  2.011896e+01
   endloop
 endfacet
 facet normal  3.233333e-01  0.000000e+00 -9.462851e-01
   outer loop
     vertex  1.624336e+01  8.500000e+01  2.011896e+01
     vertex  1.630178e+01  9.100000e+01  2.013892e+01
     vertex  1.630178e+01  8.500000e+01  2.013892e+01
   endloop
 endfacet
 facet normal  3.491720e-01  0.000000e+00 -9.370586e-01
   outer loop
     vertex  1.618551e+01  8.500000e+01  2.009741e+01
     vertex  1.618551e+01  9.100000e+01  2.009741e+01
     vertex  1.624336e+01  8.500000e+01  2.011896e+01
   endloop
 endfacet
 facet normal  3.747479e-01  0.000000e+00 -9.271267e-01
   outer loop
     vertex  1.612828e+01  8.500000e+01  2.007427e+01
     vertex  1.612828e+01  9.100000e+01  2.007427e+01
     vertex  1.618551e+01  9.100000e+01  2.009741e+01
   endloop
 endfacet
 facet normal  3.747479e-01  0.000000e+00 -9.271267e-01
   outer loop
     vertex  1.612828e+01  8.500000e+01  2.007427e+01
     vertex  1.618551e+01  9.100000e+01  2.009741e+01
     vertex  1.618551e+01  8.500000e+01  2.009741e+01
   endloop
 endfacet
 facet normal  4.000417e-01  0.000000e+00 -9.164969e-01
   outer loop
     vertex  1.607170e+01  8.500000e+01  2.004958e+01
     vertex  1.607170e+01  9.100000e+01  2.004958e+01
     vertex  1.612828e+01  9.100000e+01  2.007427e+01
   endloop
 endfacet
 facet normal  4.250344e-01  0.000000e+00 -9.051772e-01
   outer loop
     vertex  1.607170e+01  8.500000e+01  2.004958e+01
     vertex  1.601582e+01  9.100000e+01  2.002334e+01
     vertex  1.607170e+01  9.100000e+01  2.004958e+01
   endloop
 endfacet
 facet normal  4.000417e-01  0.000000e+00 -9.164969e-01
   outer loop
     vertex  1.607170e+01  8.500000e+01  2.004958e+01
     vertex  1.612828e+01  9.100000e+01  2.007427e+01
     vertex  1.612828e+01  8.500000e+01  2.007427e+01
   endloop
 endfacet
 facet normal  4.497071e-01  0.000000e+00 -8.931761e-01
   outer loop
     vertex  1.601582e+01  8.500000e+01  2.002334e+01
     vertex  1.596069e+01  9.100000e+01  1.999558e+01
     vertex  1.601582e+01  9.100000e+01  2.002334e+01
   endloop
 endfacet
 facet normal  4.250344e-01  0.000000e+00 -9.051772e-01
   outer loop
     vertex  1.601582e+01  8.500000e+01  2.002334e+01
     vertex  1.601582e+01  9.100000e+01  2.002334e+01
     vertex  1.607170e+01  8.500000e+01  2.004958e+01
   endloop
 endfacet
 facet normal  4.497071e-01  0.000000e+00 -8.931761e-01
   outer loop
     vertex  1.596069e+01  8.500000e+01  1.999558e+01
     vertex  1.596069e+01  9.100000e+01  1.999558e+01
     vertex  1.601582e+01  8.500000e+01  2.002334e+01
   endloop
 endfacet
 facet normal  4.740412e-01  0.000000e+00 -8.805026e-01
   outer loop
     vertex  1.590633e+01  8.500000e+01  1.996631e+01
     vertex  1.590633e+01  9.100000e+01  1.996631e+01
     vertex  1.596069e+01  9.100000e+01  1.999558e+01
   endloop
 endfacet
 facet normal  4.740412e-01  0.000000e+00 -8.805026e-01
   outer loop
     vertex  1.590633e+01  8.500000e+01  1.996631e+01
     vertex  1.596069e+01  9.100000e+01  1.999558e+01
     vertex  1.596069e+01  8.500000e+01  1.999558e+01
   endloop
 endfacet
 facet normal  4.980186e-01  0.000000e+00 -8.671664e-01
   outer loop
     vertex  1.585280e+01  8.500000e+01  1.993557e+01
     vertex  1.585280e+01  9.100000e+01  1.993557e+01
     vertex  1.590633e+01  9.100000e+01  1.996631e+01
   endloop
 endfacet
 facet normal  5.216210e-01  0.000000e+00 -8.531773e-01
   outer loop
     vertex  1.585280e+01  8.500000e+01  1.993557e+01
     vertex  1.580013e+01  9.100000e+01  1.990337e+01
     vertex  1.585280e+01  9.100000e+01  1.993557e+01
   endloop
 endfacet
 facet normal  4.980186e-01  0.000000e+00 -8.671664e-01
   outer loop
     vertex  1.585280e+01  8.500000e+01  1.993557e+01
     vertex  1.590633e+01  9.100000e+01  1.996631e+01
     vertex  1.590633e+01  8.500000e+01  1.996631e+01
   endloop
 endfacet
 facet normal  5.216210e-01  0.000000e+00 -8.531773e-01
   outer loop
     vertex  1.580013e+01  8.500000e+01  1.990337e+01
     vertex  1.580013e+01  9.100000e+01  1.990337e+01
     vertex  1.585280e+01  8.500000e+01  1.993557e+01
   endloop
 endfacet
 facet normal  5.448308e-01  0.000000e+00 -8.385460e-01
   outer loop
     vertex  1.574836e+01  8.500000e+01  1.986973e+01
     vertex  1.580013e+01  9.100000e+01  1.990337e+01
     vertex  1.580013e+01  8.500000e+01  1.990337e+01
   endloop
 endfacet
 facet normal  5.448308e-01  0.000000e+00 -8.385460e-01
   outer loop
     vertex  1.574836e+01  8.500000e+01  1.986973e+01
     vertex  1.574836e+01  9.100000e+01  1.986973e+01
     vertex  1.580013e+01  9.100000e+01  1.990337e+01
   endloop
 endfacet
 facet normal  5.676304e-01  0.000000e+00 -8.232835e-01
   outer loop
     vertex  1.574836e+01  8.500000e+01  1.986973e+01
     vertex  1.569754e+01  9.100000e+01  1.983469e+01
     vertex  1.574836e+01  9.100000e+01  1.986973e+01
   endloop
 endfacet
 facet normal  5.676304e-01  0.000000e+00 -8.232835e-01
   outer loop
     vertex  1.569754e+01  8.500000e+01  1.983469e+01
     vertex  1.569754e+01  9.100000e+01  1.983469e+01
     vertex  1.574836e+01  8.500000e+01  1.986973e+01
   endloop
 endfacet
 facet normal  5.900028e-01  0.000000e+00 -8.074012e-01
   outer loop
     vertex  1.569754e+01  8.500000e+01  1.983469e+01
     vertex  1.564770e+01  9.100000e+01  1.979827e+01
     vertex  1.569754e+01  9.100000e+01  1.983469e+01
   endloop
 endfacet
 facet normal  5.900028e-01  0.000000e+00 -8.074012e-01
   outer loop
     vertex  1.564770e+01  8.500000e+01  1.979827e+01
     vertex  1.564770e+01  9.100000e+01  1.979827e+01
     vertex  1.569754e+01  8.500000e+01  1.983469e+01
   endloop
 endfacet
 facet normal  6.119310e-01  0.000000e+00 -7.909112e-01
   outer loop
     vertex  1.559887e+01  8.500000e+01  1.976049e+01
     vertex  1.564770e+01  9.100000e+01  1.979827e+01
     vertex  1.564770e+01  8.500000e+01  1.979827e+01
   endloop
 endfacet
 facet normal  6.119310e-01  0.000000e+00 -7.909112e-01
   outer loop
     vertex  1.559887e+01  8.500000e+01  1.976049e+01
     vertex  1.559887e+01  9.100000e+01  1.976049e+01
     vertex  1.564770e+01  9.100000e+01  1.979827e+01
   endloop
 endfacet
 facet normal  6.333986e-01  0.000000e+00 -7.738257e-01
   outer loop
     vertex  1.559887e+01  8.500000e+01  1.976049e+01
     vertex  1.555110e+01  9.100000e+01  1.972139e+01
     vertex  1.559887e+01  9.100000e+01  1.976049e+01
   endloop
 endfacet
 facet normal  6.333986e-01  0.000000e+00 -7.738257e-01
   outer loop
     vertex  1.555110e+01  8.500000e+01  1.972139e+01
     vertex  1.555110e+01  9.100000e+01  1.972139e+01
     vertex  1.559887e+01  8.500000e+01  1.976049e+01
   endloop
 endfacet
 facet normal  6.543893e-01  0.000000e+00 -7.561578e-01
   outer loop
     vertex  1.550442e+01  8.500000e+01  1.968100e+01
     vertex  1.555110e+01  9.100000e+01  1.972139e+01
     vertex  1.555110e+01  8.500000e+01  1.972139e+01
   endloop
 endfacet
 facet normal  6.543893e-01  0.000000e+00 -7.561578e-01
   outer loop
     vertex  1.550442e+01  8.500000e+01  1.968100e+01
     vertex  1.550442e+01  9.100000e+01  1.968100e+01
     vertex  1.555110e+01  9.100000e+01  1.972139e+01
   endloop
 endfacet
 facet normal  6.748875e-01  0.000000e+00 -7.379206e-01
   outer loop
     vertex  1.550442e+01  8.500000e+01  1.968100e+01
     vertex  1.545887e+01  9.100000e+01  1.963933e+01
     vertex  1.550442e+01  9.100000e+01  1.968100e+01
   endloop
 endfacet
 facet normal  6.748875e-01  0.000000e+00 -7.379206e-01
   outer loop
     vertex  1.545887e+01  8.500000e+01  1.963933e+01
     vertex  1.545887e+01  9.100000e+01  1.963933e+01
     vertex  1.550442e+01  8.500000e+01  1.968100e+01
   endloop
 endfacet
 facet normal  6.948776e-01  0.000000e+00 -7.191280e-01
   outer loop
     vertex  1.545887e+01  8.500000e+01  1.963933e+01
     vertex  1.541448e+01  9.100000e+01  1.959644e+01
     vertex  1.545887e+01  9.100000e+01  1.963933e+01
   endloop
 endfacet
 facet normal  6.948776e-01  0.000000e+00 -7.191280e-01
   outer loop
     vertex  1.541448e+01  8.500000e+01  1.959644e+01
     vertex  1.541448e+01  9.100000e+01  1.959644e+01
     vertex  1.545887e+01  8.500000e+01  1.963933e+01
   endloop
 endfacet
 facet normal  7.143447e-01  0.000000e+00 -6.997940e-01
   outer loop
     vertex  1.541448e+01  8.500000e+01  1.959644e+01
     vertex  1.537128e+01  9.100000e+01  1.955234e+01
     vertex  1.541448e+01  9.100000e+01  1.959644e+01
   endloop
 endfacet
 facet normal  7.143447e-01  0.000000e+00 -6.997940e-01
   outer loop
     vertex  1.537128e+01  8.500000e+01  1.955234e+01
     vertex  1.537128e+01  9.100000e+01  1.955234e+01
     vertex  1.541448e+01  8.500000e+01  1.959644e+01
   endloop
 endfacet
 facet normal  7.332740e-01  0.000000e+00 -6.799333e-01
   outer loop
     vertex  1.532930e+01  8.500000e+01  1.950707e+01
     vertex  1.537128e+01  9.100000e+01  1.955234e+01
     vertex  1.537128e+01  8.500000e+01  1.955234e+01
   endloop
 endfacet
 facet normal  7.332740e-01  0.000000e+00 -6.799333e-01
   outer loop
     vertex  1.532930e+01  8.500000e+01  1.950707e+01
     vertex  1.532930e+01  9.100000e+01  1.950707e+01
     vertex  1.537128e+01  9.100000e+01  1.955234e+01
   endloop
 endfacet
 facet normal  7.516513e-01  0.000000e+00 -6.595607e-01
   outer loop
     vertex  1.528859e+01  8.500000e+01  1.946067e+01
     vertex  1.532930e+01  9.100000e+01  1.950707e+01
     vertex  1.532930e+01  8.500000e+01  1.950707e+01
   endloop
 endfacet
 facet normal  7.516513e-01  0.000000e+00 -6.595607e-01
   outer loop
     vertex  1.528859e+01  8.500000e+01  1.946067e+01
     vertex  1.528859e+01  9.100000e+01  1.946067e+01
     vertex  1.532930e+01  9.100000e+01  1.950707e+01
   endloop
 endfacet
 facet normal  7.694628e-01  0.000000e+00 -6.386916e-01
   outer loop
     vertex  1.528859e+01  8.500000e+01  1.946067e+01
     vertex  1.524916e+01  9.100000e+01  1.941317e+01
     vertex  1.528859e+01  9.100000e+01  1.946067e+01
   endloop
 endfacet
 facet normal  7.694628e-01  0.000000e+00 -6.386916e-01
   outer loop
     vertex  1.524916e+01  8.500000e+01  1.941317e+01
     vertex  1.524916e+01  9.100000e+01  1.941317e+01
     vertex  1.528859e+01  8.500000e+01  1.946067e+01
   endloop
 endfacet
 facet normal  7.866951e-01  0.000000e+00 -6.173417e-01
   outer loop
     vertex  1.521105e+01  8.500000e+01  1.936461e+01
     vertex  1.524916e+01  9.100000e+01  1.941317e+01
     vertex  1.524916e+01  8.500000e+01  1.941317e+01
   endloop
 endfacet
 facet normal  7.866951e-01  0.000000e+00 -6.173417e-01
   outer loop
     vertex  1.521105e+01  8.500000e+01  1.936461e+01
     vertex  1.521105e+01  9.100000e+01  1.936461e+01
     vertex  1.524916e+01  9.100000e+01  1.941317e+01
   endloop
 endfacet
 facet normal  8.033352e-01  0.000000e+00 -5.955271e-01
   outer loop
     vertex  1.521105e+01  8.500000e+01  1.936461e+01
     vertex  1.517428e+01  9.100000e+01  1.931501e+01
     vertex  1.521105e+01  9.100000e+01  1.936461e+01
   endloop
 endfacet
 facet normal  8.033352e-01  0.000000e+00 -5.955271e-01
   outer loop
     vertex  1.517428e+01  8.500000e+01  1.931501e+01
     vertex  1.517428e+01  9.100000e+01  1.931501e+01
     vertex  1.521105e+01  8.500000e+01  1.936461e+01
   endloop
 endfacet
 facet normal  8.193706e-01  0.000000e+00 -5.732642e-01
   outer loop
     vertex  1.517428e+01  8.500000e+01  1.931501e+01
     vertex  1.513890e+01  9.100000e+01  1.926443e+01
     vertex  1.517428e+01  9.100000e+01  1.931501e+01
   endloop
 endfacet
 facet normal  8.193706e-01  0.000000e+00 -5.732642e-01
   outer loop
     vertex  1.513890e+01  8.500000e+01  1.926443e+01
     vertex  1.513890e+01  9.100000e+01  1.926443e+01
     vertex  1.517428e+01  8.500000e+01  1.931501e+01
   endloop
 endfacet
 facet normal  8.347891e-01  0.000000e+00 -5.505698e-01
   outer loop
     vertex  1.513890e+01  8.500000e+01  1.926443e+01
     vertex  1.510491e+01  9.100000e+01  1.921290e+01
     vertex  1.513890e+01  9.100000e+01  1.926443e+01
   endloop
 endfacet
 facet normal  8.347891e-01  0.000000e+00 -5.505698e-01
   outer loop
     vertex  1.510491e+01  8.500000e+01  1.921290e+01
     vertex  1.510491e+01  9.100000e+01  1.921290e+01
     vertex  1.513890e+01  8.500000e+01  1.926443e+01
   endloop
 endfacet
 facet normal  8.495793e-01  0.000000e+00 -5.274609e-01
   outer loop
     vertex  1.507235e+01  8.500000e+01  1.916045e+01
     vertex  1.510491e+01  9.100000e+01  1.921290e+01
     vertex  1.510491e+01  8.500000e+01  1.921290e+01
   endloop
 endfacet
 facet normal  8.495793e-01  0.000000e+00 -5.274609e-01
   outer loop
     vertex  1.507235e+01  8.500000e+01  1.916045e+01
     vertex  1.507235e+01  9.100000e+01  1.916045e+01
     vertex  1.510491e+01  9.100000e+01  1.921290e+01
   endloop
 endfacet
 facet normal  8.637299e-01  0.000000e+00 -5.039550e-01
   outer loop
     vertex  1.507235e+01  8.500000e+01  1.916045e+01
     vertex  1.504124e+01  9.100000e+01  1.910713e+01
     vertex  1.507235e+01  9.100000e+01  1.916045e+01
   endloop
 endfacet
 facet normal  8.637299e-01  0.000000e+00 -5.039550e-01
   outer loop
     vertex  1.504124e+01  8.500000e+01  1.910713e+01
     vertex  1.504124e+01  9.100000e+01  1.910713e+01
     vertex  1.507235e+01  8.500000e+01  1.916045e+01
   endloop
 endfacet
 facet normal  8.772303e-01  0.000000e+00 -4.800697e-01
   outer loop
     vertex  1.501160e+01  8.500000e+01  1.905298e+01
     vertex  1.504124e+01  9.100000e+01  1.910713e+01
     vertex  1.504124e+01  8.500000e+01  1.910713e+01
   endloop
 endfacet
 facet normal  8.772303e-01  0.000000e+00 -4.800697e-01
   outer loop
     vertex  1.501160e+01  8.500000e+01  1.905298e+01
     vertex  1.501160e+01  9.100000e+01  1.905298e+01
     vertex  1.504124e+01  9.100000e+01  1.910713e+01
   endloop
 endfacet
 facet normal  8.900704e-01  0.000000e+00 -4.558231e-01
   outer loop
     vertex  1.501160e+01  8.500000e+01  1.905298e+01
     vertex  1.498346e+01  9.100000e+01  1.899803e+01
     vertex  1.501160e+01  9.100000e+01  1.905298e+01
   endloop
 endfacet
 facet normal  8.900704e-01  0.000000e+00 -4.558231e-01
   outer loop
     vertex  1.498346e+01  8.500000e+01  1.899803e+01
     vertex  1.498346e+01  9.100000e+01  1.899803e+01
     vertex  1.501160e+01  8.500000e+01  1.905298e+01
   endloop
 endfacet
 facet normal  9.022405e-01  0.000000e+00 -4.312333e-01
   outer loop
     vertex  1.495684e+01  8.500000e+01  1.894233e+01
     vertex  1.498346e+01  9.100000e+01  1.899803e+01
     vertex  1.498346e+01  8.500000e+01  1.899803e+01
   endloop
 endfacet
 facet normal  9.022405e-01  0.000000e+00 -4.312333e-01
   outer loop
     vertex  1.495684e+01  8.500000e+01  1.894233e+01
     vertex  1.495684e+01  9.100000e+01  1.894233e+01
     vertex  1.498346e+01  9.100000e+01  1.899803e+01
   endloop
 endfacet
 facet normal  9.137314e-01  0.000000e+00 -4.063188e-01
   outer loop
     vertex  1.493176e+01  8.500000e+01  1.888593e+01
     vertex  1.495684e+01  9.100000e+01  1.894233e+01
     vertex  1.495684e+01  8.500000e+01  1.894233e+01
   endloop
 endfacet
 facet normal  9.137314e-01  0.000000e+00 -4.063188e-01
   outer loop
     vertex  1.493176e+01  8.500000e+01  1.888593e+01
     vertex  1.493176e+01  9.100000e+01  1.888593e+01
     vertex  1.495684e+01  9.100000e+01  1.894233e+01
   endloop
 endfacet
 facet normal  9.245344e-01  0.000000e+00 -3.810986e-01
   outer loop
     vertex  1.493176e+01  8.500000e+01  1.888593e+01
     vertex  1.490823e+01  9.100000e+01  1.882885e+01
     vertex  1.493176e+01  9.100000e+01  1.888593e+01
   endloop
 endfacet
 facet normal  9.245344e-01  0.000000e+00 -3.810986e-01
   outer loop
     vertex  1.490823e+01  8.500000e+01  1.882885e+01
     vertex  1.490823e+01  9.100000e+01  1.882885e+01
     vertex  1.493176e+01  8.500000e+01  1.888593e+01
   endloop
 endfacet
 facet normal  9.346415e-01  0.000000e+00 -3.555914e-01
   outer loop
     vertex  1.488628e+01  8.500000e+01  1.877116e+01
     vertex  1.488628e+01  9.100000e+01  1.877116e+01
     vertex  1.490823e+01  9.100000e+01  1.882885e+01
   endloop
 endfacet
 facet normal  9.346415e-01  0.000000e+00 -3.555914e-01
   outer loop
     vertex  1.488628e+01  8.500000e+01  1.877116e+01
     vertex  1.490823e+01  9.100000e+01  1.882885e+01
     vertex  1.490823e+01  8.500000e+01  1.882885e+01
   endloop
 endfacet
 facet normal  9.440450e-01  0.000000e+00 -3.298166e-01
   outer loop
     vertex  1.486592e+01  8.500000e+01  1.871288e+01
     vertex  1.486592e+01  9.100000e+01  1.871288e+01
     vertex  1.488628e+01  9.100000e+01  1.877116e+01
   endloop
 endfacet
 facet normal  9.527379e-01  0.000000e+00 -3.037934e-01
   outer loop
     vertex  1.486592e+01  8.500000e+01  1.871288e+01
     vertex  1.484716e+01  9.100000e+01  1.865406e+01
     vertex  1.486592e+01  9.100000e+01  1.871288e+01
   endloop
 endfacet
 facet normal  9.440450e-01  0.000000e+00 -3.298166e-01
   outer loop
     vertex  1.486592e+01  8.500000e+01  1.871288e+01
     vertex  1.488628e+01  9.100000e+01  1.877116e+01
     vertex  1.488628e+01  8.500000e+01  1.877116e+01
   endloop
 endfacet
 facet normal  9.607136e-01  0.000000e+00 -2.775416e-01
   outer loop
     vertex  1.484716e+01  8.500000e+01  1.865406e+01
     vertex  1.483003e+01  9.100000e+01  1.859476e+01
     vertex  1.484716e+01  9.100000e+01  1.865406e+01
   endloop
 endfacet
 facet normal  9.527379e-01  0.000000e+00 -3.037934e-01
   outer loop
     vertex  1.484716e+01  8.500000e+01  1.865406e+01
     vertex  1.484716e+01  9.100000e+01  1.865406e+01
     vertex  1.486592e+01  8.500000e+01  1.871288e+01
   endloop
 endfacet
 facet normal  9.607136e-01  0.000000e+00 -2.775416e-01
   outer loop
     vertex  1.483003e+01  8.500000e+01  1.859476e+01
     vertex  1.483003e+01  9.100000e+01  1.859476e+01
     vertex  1.484716e+01  8.500000e+01  1.865406e+01
   endloop
 endfacet
 facet normal  9.679661e-01  0.000000e+00 -2.510809e-01
   outer loop
     vertex  1.481453e+01  8.500000e+01  1.853500e+01
     vertex  1.483003e+01  9.100000e+01  1.859476e+01
     vertex  1.483003e+01  8.500000e+01  1.859476e+01
   endloop
 endfacet
 facet normal  9.679661e-01  0.000000e+00 -2.510809e-01
   outer loop
     vertex  1.481453e+01  8.500000e+01  1.853500e+01
     vertex  1.481453e+01  9.100000e+01  1.853500e+01
     vertex  1.483003e+01  9.100000e+01  1.859476e+01
   endloop
 endfacet
 facet normal  9.744899e-01  0.000000e+00 -2.244312e-01
   outer loop
     vertex  1.481453e+01  8.500000e+01  1.853500e+01
     vertex  1.480068e+01  9.100000e+01  1.847484e+01
     vertex  1.481453e+01  9.100000e+01  1.853500e+01
   endloop
 endfacet
 facet normal  9.744899e-01  0.000000e+00 -2.244312e-01
   outer loop
     vertex  1.480068e+01  8.500000e+01  1.847484e+01
     vertex  1.480068e+01  9.100000e+01  1.847484e+01
     vertex  1.481453e+01  8.500000e+01  1.853500e+01
   endloop
 endfacet
 facet normal  9.802802e-01  0.000000e+00 -1.976125e-01
   outer loop
     vertex  1.478848e+01  8.500000e+01  1.841433e+01
     vertex  1.480068e+01  9.100000e+01  1.847484e+01
     vertex  1.480068e+01  8.500000e+01  1.847484e+01
   endloop
 endfacet
 facet normal  9.802802e-01  0.000000e+00 -1.976125e-01
   outer loop
     vertex  1.478848e+01  8.500000e+01  1.841433e+01
     vertex  1.478848e+01  9.100000e+01  1.841433e+01
     vertex  1.480068e+01  9.100000e+01  1.847484e+01
   endloop
 endfacet
 facet normal  9.853326e-01  0.000000e+00 -1.706451e-01
   outer loop
     vertex  1.478848e+01  8.500000e+01  1.841433e+01
     vertex  1.477794e+01  9.100000e+01  1.835350e+01
     vertex  1.478848e+01  9.100000e+01  1.841433e+01
   endloop
 endfacet
 facet normal  9.853326e-01  0.000000e+00 -1.706451e-01
   outer loop
     vertex  1.477794e+01  8.500000e+01  1.835350e+01
     vertex  1.477794e+01  9.100000e+01  1.835350e+01
     vertex  1.478848e+01  8.500000e+01  1.841433e+01
   endloop
 endfacet
 facet normal  9.896432e-01  0.000000e+00 -1.435492e-01
   outer loop
     vertex  1.477794e+01  8.500000e+01  1.835350e+01
     vertex  1.476908e+01  9.100000e+01  1.829241e+01
     vertex  1.477794e+01  9.100000e+01  1.835350e+01
   endloop
 endfacet
 facet normal  9.896432e-01  0.000000e+00 -1.435492e-01
   outer loop
     vertex  1.476908e+01  8.500000e+01  1.829241e+01
     vertex  1.476908e+01  9.100000e+01  1.829241e+01
     vertex  1.477794e+01  8.500000e+01  1.835350e+01
   endloop
 endfacet
 facet normal  9.932088e-01  0.000000e+00 -1.163452e-01
   outer loop
     vertex  1.476908e+01  8.500000e+01  1.829241e+01
     vertex  1.476190e+01  9.100000e+01  1.823110e+01
     vertex  1.476908e+01  9.100000e+01  1.829241e+01
   endloop
 endfacet
 facet normal  9.932088e-01  0.000000e+00 -1.163452e-01
   outer loop
     vertex  1.476190e+01  8.500000e+01  1.823110e+01
     vertex  1.476190e+01  9.100000e+01  1.823110e+01
     vertex  1.476908e+01  8.500000e+01  1.829241e+01
   endloop
 endfacet
 facet normal  9.960268e-01  0.000000e+00 -8.905371e-02
   outer loop
     vertex  1.475640e+01  8.500000e+01  1.816961e+01
     vertex  1.476190e+01  9.100000e+01  1.823110e+01
     vertex  1.476190e+01  8.500000e+01  1.823110e+01
   endloop
 endfacet
 facet normal  9.960268e-01  0.000000e+00 -8.905371e-02
   outer loop
     vertex  1.475640e+01  8.500000e+01  1.816961e+01
     vertex  1.475640e+01  9.100000e+01  1.816961e+01
     vertex  1.476190e+01  9.100000e+01  1.823110e+01
   endloop
 endfacet
 facet normal  9.980950e-01  0.000000e+00 -6.169515e-02
   outer loop
     vertex  1.475640e+01  8.500000e+01  1.816961e+01
     vertex  1.475259e+01  9.100000e+01  1.810799e+01
     vertex  1.475640e+01  9.100000e+01  1.816961e+01
   endloop
 endfacet
 facet normal  9.980950e-01  0.000000e+00 -6.169515e-02
   outer loop
     vertex  1.475259e+01  8.500000e+01  1.810799e+01
     vertex  1.475259e+01  9.100000e+01  1.810799e+01
     vertex  1.475640e+01  8.500000e+01  1.816961e+01
   endloop
 endfacet
 facet normal  9.994119e-01  0.000000e+00 -3.429014e-02
   outer loop
     vertex  1.475048e+01  8.500000e+01  1.804630e+01
     vertex  1.475259e+01  9.100000e+01  1.810799e+01
     vertex  1.475259e+01  8.500000e+01  1.810799e+01
   endloop
 endfacet
 facet normal  9.994119e-01  0.000000e+00 -3.429014e-02
   outer loop
     vertex  1.475048e+01  8.500000e+01  1.804630e+01
     vertex  1.475048e+01  9.100000e+01  1.804630e+01
     vertex  1.475259e+01  9.100000e+01  1.810799e+01
   endloop
 endfacet
 facet normal  9.999765e-01  0.000000e+00 -6.859319e-03
   outer loop
     vertex  1.475048e+01  8.500000e+01  1.804630e+01
     vertex  1.475005e+01  9.100000e+01  1.798457e+01
     vertex  1.475048e+01  9.100000e+01  1.804630e+01
   endloop
 endfacet
 facet normal  9.999765e-01  0.000000e+00 -6.859319e-03
   outer loop
     vertex  1.475005e+01  8.500000e+01  1.798457e+01
     vertex  1.475005e+01  9.100000e+01  1.798457e+01
     vertex  1.475048e+01  8.500000e+01  1.804630e+01
   endloop
 endfacet
 facet normal  9.988475e-01 -0.000000e+00  4.799716e-02
   outer loop
     vertex  1.475132e+01  8.500000e+01  1.792285e+01
     vertex  1.475429e+01  9.100000e+01  1.786119e+01
     vertex  1.475132e+01  9.100000e+01  1.792285e+01
   endloop
 endfacet
 facet normal  9.997883e-01  0.000000e+00  2.057667e-02
   outer loop
     vertex  1.475132e+01  8.500000e+01  1.792285e+01
     vertex  1.475005e+01  9.100000e+01  1.798457e+01
     vertex  1.475005e+01  8.500000e+01  1.798457e+01
   endloop
 endfacet
 facet normal  9.997883e-01 -0.000000e+00  2.057667e-02
   outer loop
     vertex  1.475132e+01  8.500000e+01  1.792285e+01
     vertex  1.475132e+01  9.100000e+01  1.792285e+01
     vertex  1.475005e+01  9.100000e+01  1.798457e+01
   endloop
 endfacet
 facet normal  9.988475e-01 -0.000000e+00  4.799716e-02
   outer loop
     vertex  1.475429e+01  8.500000e+01  1.786119e+01
     vertex  1.475429e+01  9.100000e+01  1.786119e+01
     vertex  1.475132e+01  8.500000e+01  1.792285e+01
   endloop
 endfacet
 facet normal  9.971548e-01 -0.000000e+00  7.538152e-02
   outer loop
     vertex  1.475894e+01  8.500000e+01  1.779963e+01
     vertex  1.475894e+01  9.100000e+01  1.779963e+01
     vertex  1.475429e+01  9.100000e+01  1.786119e+01
   endloop
 endfacet
 facet normal  9.971548e-01  0.000000e+00  7.538152e-02
   outer loop
     vertex  1.475894e+01  8.500000e+01  1.779963e+01
     vertex  1.475429e+01  9.100000e+01  1.786119e+01
     vertex  1.475429e+01  8.500000e+01  1.786119e+01
   endloop
 endfacet
 facet normal  9.947114e-01 -0.000000e+00  1.027091e-01
   outer loop
     vertex  1.476528e+01  8.500000e+01  1.773822e+01
     vertex  1.476528e+01  9.100000e+01  1.773822e+01
     vertex  1.475894e+01  9.100000e+01  1.779963e+01
   endloop
 endfacet
 facet normal  9.947114e-01  0.000000e+00  1.027091e-01
   outer loop
     vertex  1.476528e+01  8.500000e+01  1.773822e+01
     vertex  1.475894e+01  9.100000e+01  1.779963e+01
     vertex  1.475894e+01  8.500000e+01  1.779963e+01
   endloop
 endfacet
 facet normal  9.915193e-01 -0.000000e+00  1.299594e-01
   outer loop
     vertex  1.477330e+01  8.500000e+01  1.767701e+01
     vertex  1.477330e+01  9.100000e+01  1.767701e+01
     vertex  1.476528e+01  9.100000e+01  1.773822e+01
   endloop
 endfacet
 facet normal  9.915193e-01  0.000000e+00  1.299594e-01
   outer loop
     vertex  1.477330e+01  8.500000e+01  1.767701e+01
     vertex  1.476528e+01  9.100000e+01  1.773822e+01
     vertex  1.476528e+01  8.500000e+01  1.773822e+01
   endloop
 endfacet
 facet normal  9.875808e-01 -0.000000e+00  1.571119e-01
   outer loop
     vertex  1.478300e+01  8.500000e+01  1.761605e+01
     vertex  1.478300e+01  9.100000e+01  1.761605e+01
     vertex  1.477330e+01  9.100000e+01  1.767701e+01
   endloop
 endfacet
 facet normal  9.828989e-01 -0.000000e+00  1.841461e-01
   outer loop
     vertex  1.478300e+01  8.500000e+01  1.761605e+01
     vertex  1.479437e+01  9.100000e+01  1.755537e+01
     vertex  1.478300e+01  9.100000e+01  1.761605e+01
   endloop
 endfacet
 facet normal  9.875808e-01  0.000000e+00  1.571119e-01
   outer loop
     vertex  1.478300e+01  8.500000e+01  1.761605e+01
     vertex  1.477330e+01  9.100000e+01  1.767701e+01
     vertex  1.477330e+01  8.500000e+01  1.767701e+01
   endloop
 endfacet
 facet normal  9.774771e-01 -0.000000e+00  2.110417e-01
   outer loop
     vertex  1.479437e+01  8.500000e+01  1.755537e+01
     vertex  1.480740e+01  9.100000e+01  1.749503e+01
     vertex  1.479437e+01  9.100000e+01  1.755537e+01
   endloop
 endfacet
 facet normal  9.828989e-01 -0.000000e+00  1.841461e-01
   outer loop
     vertex  1.479437e+01  8.500000e+01  1.755537e+01
     vertex  1.479437e+01  9.100000e+01  1.755537e+01
     vertex  1.478300e+01  8.500000e+01  1.761605e+01
   endloop
 endfacet
 facet normal  9.713194e-01 -0.000000e+00  2.377784e-01
   outer loop
     vertex  1.480740e+01  8.500000e+01  1.749503e+01
     vertex  1.482208e+01  9.100000e+01  1.743507e+01
     vertex  1.480740e+01  9.100000e+01  1.749503e+01
   endloop
 endfacet
 facet normal  9.774771e-01 -0.000000e+00  2.110417e-01
   outer loop
     vertex  1.480740e+01  8.500000e+01  1.749503e+01
     vertex  1.480740e+01  9.100000e+01  1.749503e+01
     vertex  1.479437e+01  8.500000e+01  1.755537e+01
   endloop
 endfacet
 facet normal  9.644306e-01 -0.000000e+00  2.643362e-01
   outer loop
     vertex  1.482208e+01  8.500000e+01  1.743507e+01
     vertex  1.483839e+01  9.100000e+01  1.737553e+01
     vertex  1.482208e+01  9.100000e+01  1.743507e+01
   endloop
 endfacet
 facet normal  9.713194e-01 -0.000000e+00  2.377784e-01
   outer loop
     vertex  1.482208e+01  8.500000e+01  1.743507e+01
     vertex  1.482208e+01  9.100000e+01  1.743507e+01
     vertex  1.480740e+01  8.500000e+01  1.749503e+01
   endloop
 endfacet
 facet normal  9.644306e-01 -0.000000e+00  2.643362e-01
   outer loop
     vertex  1.483839e+01  8.500000e+01  1.737553e+01
     vertex  1.483839e+01  9.100000e+01  1.737553e+01
     vertex  1.482208e+01  8.500000e+01  1.743507e+01
   endloop
 endfacet
 facet normal  9.568158e-01 -0.000000e+00  2.906949e-01
   outer loop
     vertex  1.485634e+01  8.500000e+01  1.731646e+01
     vertex  1.485634e+01  9.100000e+01  1.731646e+01
     vertex  1.483839e+01  9.100000e+01  1.737553e+01
   endloop
 endfacet
 facet normal  9.568158e-01  0.000000e+00  2.906949e-01
   outer loop
     vertex  1.485634e+01  8.500000e+01  1.731646e+01
     vertex  1.483839e+01  9.100000e+01  1.737553e+01
     vertex  1.483839e+01  8.500000e+01  1.737553e+01
   endloop
 endfacet
 facet normal  9.484807e-01 -0.000000e+00  3.168348e-01
   outer loop
     vertex  1.487590e+01  8.500000e+01  1.725791e+01
     vertex  1.487590e+01  9.100000e+01  1.725791e+01
     vertex  1.485634e+01  9.100000e+01  1.731646e+01
   endloop
 endfacet
 facet normal  9.394317e-01 -0.000000e+00  3.427362e-01
   outer loop
     vertex  1.487590e+01  8.500000e+01  1.725791e+01
     vertex  1.489706e+01  9.100000e+01  1.719992e+01
     vertex  1.487590e+01  9.100000e+01  1.725791e+01
   endloop
 endfacet
 facet normal  9.484807e-01  0.000000e+00  3.168348e-01
   outer loop
     vertex  1.487590e+01  8.500000e+01  1.725791e+01
     vertex  1.485634e+01  9.100000e+01  1.731646e+01
     vertex  1.485634e+01  8.500000e+01  1.731646e+01
   endloop
 endfacet
 facet normal  9.394317e-01 -0.000000e+00  3.427362e-01
   outer loop
     vertex  1.489706e+01  8.500000e+01  1.719992e+01
     vertex  1.489706e+01  9.100000e+01  1.719992e+01
     vertex  1.487590e+01  8.500000e+01  1.725791e+01
   endloop
 endfacet
 facet normal  9.296754e-01 -0.000000e+00  3.683796e-01
   outer loop
     vertex  1.491980e+01  8.500000e+01  1.714253e+01
     vertex  1.491980e+01  9.100000e+01  1.714253e+01
     vertex  1.489706e+01  9.100000e+01  1.719992e+01
   endloop
 endfacet
 facet normal  9.296754e-01  0.000000e+00  3.683796e-01
   outer loop
     vertex  1.491980e+01  8.500000e+01  1.714253e+01
     vertex  1.489706e+01  9.100000e+01  1.719992e+01
     vertex  1.489706e+01  8.500000e+01  1.719992e+01
   endloop
 endfacet
 facet normal  9.192194e-01  0.000000e+00  3.937458e-01
   outer loop
     vertex  1.494410e+01  8.500000e+01  1.708578e+01
     vertex  1.491980e+01  9.100000e+01  1.714253e+01
     vertex  1.491980e+01  8.500000e+01  1.714253e+01
   endloop
 endfacet
 facet normal  9.192194e-01 -0.000000e+00  3.937458e-01
   outer loop
     vertex  1.494410e+01  8.500000e+01  1.708578e+01
     vertex  1.494410e+01  9.100000e+01  1.708578e+01
     vertex  1.491980e+01  9.100000e+01  1.714253e+01
   endloop
 endfacet
 facet normal  9.080714e-01 -0.000000e+00  4.188155e-01
   outer loop
     vertex  1.494410e+01  8.500000e+01  1.708578e+01
     vertex  1.496996e+01  9.100000e+01  1.702973e+01
     vertex  1.494410e+01  9.100000e+01  1.708578e+01
   endloop
 endfacet
 facet normal  9.080714e-01 -0.000000e+00  4.188155e-01
   outer loop
     vertex  1.496996e+01  8.500000e+01  1.702973e+01
     vertex  1.496996e+01  9.100000e+01  1.702973e+01
     vertex  1.494410e+01  8.500000e+01  1.708578e+01
   endloop
 endfacet
 facet normal  8.962398e-01 -0.000000e+00  4.435699e-01
   outer loop
     vertex  1.499734e+01  8.500000e+01  1.697440e+01
     vertex  1.499734e+01  9.100000e+01  1.697440e+01
     vertex  1.496996e+01  9.100000e+01  1.702973e+01
   endloop
 endfacet
 facet normal  8.837335e-01 -0.000000e+00  4.679904e-01
   outer loop
     vertex  1.499734e+01  8.500000e+01  1.697440e+01
     vertex  1.502623e+01  9.100000e+01  1.691984e+01
     vertex  1.499734e+01  9.100000e+01  1.697440e+01
   endloop
 endfacet
 facet normal  8.962398e-01  0.000000e+00  4.435699e-01
   outer loop
     vertex  1.499734e+01  8.500000e+01  1.697440e+01
     vertex  1.496996e+01  9.100000e+01  1.702973e+01
     vertex  1.496996e+01  8.500000e+01  1.702973e+01
   endloop
 endfacet
 facet normal  8.837335e-01 -0.000000e+00  4.679904e-01
   outer loop
     vertex  1.502623e+01  8.500000e+01  1.691984e+01
     vertex  1.502623e+01  9.100000e+01  1.691984e+01
     vertex  1.499734e+01  8.500000e+01  1.697440e+01
   endloop
 endfacet
 facet normal  8.705620e-01 -0.000000e+00  4.920587e-01
   outer loop
     vertex  1.502623e+01  8.500000e+01  1.691984e+01
     vertex  1.505661e+01  9.100000e+01  1.686610e+01
     vertex  1.502623e+01  9.100000e+01  1.691984e+01
   endloop
 endfacet
 facet normal  8.705620e-01 -0.000000e+00  4.920587e-01
   outer loop
     vertex  1.505661e+01  8.500000e+01  1.686610e+01
     vertex  1.505661e+01  9.100000e+01  1.686610e+01
     vertex  1.502623e+01  8.500000e+01  1.691984e+01
   endloop
 endfacet
 facet normal  8.567352e-01 -0.000000e+00  5.157565e-01
   outer loop
     vertex  1.505661e+01  8.500000e+01  1.686610e+01
     vertex  1.508845e+01  9.100000e+01  1.681321e+01
     vertex  1.505661e+01  9.100000e+01  1.686610e+01
   endloop
 endfacet
 facet normal  8.567352e-01 -0.000000e+00  5.157565e-01
   outer loop
     vertex  1.508845e+01  8.500000e+01  1.681321e+01
     vertex  1.508845e+01  9.100000e+01  1.681321e+01
     vertex  1.505661e+01  8.500000e+01  1.686610e+01
   endloop
 endfacet
 facet normal  8.422635e-01 -0.000000e+00  5.390661e-01
   outer loop
     vertex  1.512172e+01  8.500000e+01  1.676122e+01
     vertex  1.512172e+01  9.100000e+01  1.676122e+01
     vertex  1.508845e+01  9.100000e+01  1.681321e+01
   endloop
 endfacet
 facet normal  8.422635e-01  0.000000e+00  5.390661e-01
   outer loop
     vertex  1.512172e+01  8.500000e+01  1.676122e+01
     vertex  1.508845e+01  9.100000e+01  1.681321e+01
     vertex  1.508845e+01  8.500000e+01  1.681321e+01
   endloop
 endfacet
 facet normal  8.271577e-01 -0.000000e+00  5.619699e-01
   outer loop
     vertex  1.515642e+01  8.500000e+01  1.671016e+01
     vertex  1.515642e+01  9.100000e+01  1.671016e+01
     vertex  1.512172e+01  9.100000e+01  1.676122e+01
   endloop
 endfacet
 facet normal  8.114292e-01 -0.000000e+00  5.844507e-01
   outer loop
     vertex  1.515642e+01  8.500000e+01  1.671016e+01
     vertex  1.519250e+01  9.100000e+01  1.666006e+01
     vertex  1.515642e+01  9.100000e+01  1.671016e+01
   endloop
 endfacet
 facet normal  8.271577e-01  0.000000e+00  5.619699e-01
   outer loop
     vertex  1.515642e+01  8.500000e+01  1.671016e+01
     vertex  1.512172e+01  9.100000e+01  1.676122e+01
     vertex  1.512172e+01  8.500000e+01  1.676122e+01
   endloop
 endfacet
 facet normal  8.114292e-01 -0.000000e+00  5.844507e-01
   outer loop
     vertex  1.519250e+01  8.500000e+01  1.666006e+01
     vertex  1.519250e+01  9.100000e+01  1.666006e+01
     vertex  1.515642e+01  8.500000e+01  1.671016e+01
   endloop
 endfacet
 facet normal  7.950900e-01 -0.000000e+00  6.064915e-01
   outer loop
     vertex  1.522994e+01  8.500000e+01  1.661098e+01
     vertex  1.522994e+01  9.100000e+01  1.661098e+01
     vertex  1.519250e+01  9.100000e+01  1.666006e+01
   endloop
 endfacet
 facet normal  7.781522e-01 -0.000000e+00  6.280757e-01
   outer loop
     vertex  1.522994e+01  8.500000e+01  1.661098e+01
     vertex  1.526871e+01  9.100000e+01  1.656294e+01
     vertex  1.522994e+01  9.100000e+01  1.661098e+01
   endloop
 endfacet
 facet normal  7.950900e-01  0.000000e+00  6.064915e-01
   outer loop
     vertex  1.522994e+01  8.500000e+01  1.661098e+01
     vertex  1.519250e+01  9.100000e+01  1.666006e+01
     vertex  1.519250e+01  8.500000e+01  1.666006e+01
   endloop
 endfacet
 facet normal  7.781522e-01 -0.000000e+00  6.280757e-01
   outer loop
     vertex  1.526871e+01  8.500000e+01  1.656294e+01
     vertex  1.526871e+01  9.100000e+01  1.656294e+01
     vertex  1.522994e+01  8.500000e+01  1.661098e+01
   endloop
 endfacet
 facet normal  7.606287e-01 -0.000000e+00  6.491872e-01
   outer loop
     vertex  1.526871e+01  8.500000e+01  1.656294e+01
     vertex  1.530878e+01  9.100000e+01  1.651599e+01
     vertex  1.526871e+01  9.100000e+01  1.656294e+01
   endloop
 endfacet
 facet normal  7.606287e-01 -0.000000e+00  6.491872e-01
   outer loop
     vertex  1.530878e+01  8.500000e+01  1.651599e+01
     vertex  1.530878e+01  9.100000e+01  1.651599e+01
     vertex  1.526871e+01  8.500000e+01  1.656294e+01
   endloop
 endfacet
 facet normal  7.425325e-01 -0.000000e+00  6.698100e-01
   outer loop
     vertex  1.535013e+01  8.500000e+01  1.647015e+01
     vertex  1.535013e+01  9.100000e+01  1.647015e+01
     vertex  1.530878e+01  9.100000e+01  1.651599e+01
   endloop
 endfacet
 facet normal  7.425325e-01  0.000000e+00  6.698100e-01
   outer loop
     vertex  1.535013e+01  8.500000e+01  1.647015e+01
     vertex  1.530878e+01  9.100000e+01  1.651599e+01
     vertex  1.530878e+01  8.500000e+01  1.651599e+01
   endloop
 endfacet
 facet normal  7.238775e-01 -0.000000e+00  6.899286e-01
   outer loop
     vertex  1.539272e+01  8.500000e+01  1.642546e+01
     vertex  1.539272e+01  9.100000e+01  1.642546e+01
     vertex  1.535013e+01  9.100000e+01  1.647015e+01
   endloop
 endfacet
 facet normal  7.238775e-01  0.000000e+00  6.899286e-01
   outer loop
     vertex  1.539272e+01  8.500000e+01  1.642546e+01
     vertex  1.535013e+01  9.100000e+01  1.647015e+01
     vertex  1.535013e+01  8.500000e+01  1.647015e+01
   endloop
 endfacet
 facet normal  7.046775e-01 -0.000000e+00  7.095278e-01
   outer loop
     vertex  1.543653e+01  8.500000e+01  1.638196e+01
     vertex  1.543653e+01  9.100000e+01  1.638196e+01
     vertex  1.539272e+01  9.100000e+01  1.642546e+01
   endloop
 endfacet
 facet normal  7.046775e-01  0.000000e+00  7.095278e-01
   outer loop
     vertex  1.543653e+01  8.500000e+01  1.638196e+01
     vertex  1.539272e+01  9.100000e+01  1.642546e+01
     vertex  1.539272e+01  8.500000e+01  1.642546e+01
   endloop
 endfacet
 facet normal  6.849470e-01 -0.000000e+00  7.285929e-01
   outer loop
     vertex  1.548150e+01  8.500000e+01  1.633968e+01
     vertex  1.548150e+01  9.100000e+01  1.633968e+01
     vertex  1.543653e+01  9.100000e+01  1.638196e+01
   endloop
 endfacet
 facet normal  6.849470e-01  0.000000e+00  7.285929e-01
   outer loop
     vertex  1.548150e+01  8.500000e+01  1.633968e+01
     vertex  1.543653e+01  9.100000e+01  1.638196e+01
     vertex  1.543653e+01  8.500000e+01  1.638196e+01
   endloop
 endfacet
 facet normal  6.647010e-01 -0.000000e+00  7.471095e-01
   outer loop
     vertex  1.552762e+01  8.500000e+01  1.629864e+01
     vertex  1.552762e+01  9.100000e+01  1.629864e+01
     vertex  1.548150e+01  9.100000e+01  1.633968e+01
   endloop
 endfacet
 facet normal  6.647010e-01  0.000000e+00  7.471095e-01
   outer loop
     vertex  1.552762e+01  8.500000e+01  1.629864e+01
     vertex  1.548150e+01  9.100000e+01  1.633968e+01
     vertex  1.548150e+01  8.500000e+01  1.633968e+01
   endloop
 endfacet
 facet normal  6.439545e-01 -0.000000e+00  7.650637e-01
   outer loop
     vertex  1.557485e+01  8.500000e+01  1.625889e+01
     vertex  1.557485e+01  9.100000e+01  1.625889e+01
     vertex  1.552762e+01  9.100000e+01  1.629864e+01
   endloop
 endfacet
 facet normal  6.439545e-01  0.000000e+00  7.650637e-01
   outer loop
     vertex  1.557485e+01  8.500000e+01  1.625889e+01
     vertex  1.552762e+01  9.100000e+01  1.629864e+01
     vertex  1.552762e+01  8.500000e+01  1.629864e+01
   endloop
 endfacet
 facet normal  6.227234e-01 -0.000000e+00  7.824421e-01
   outer loop
     vertex  1.562316e+01  8.500000e+01  1.622045e+01
     vertex  1.562316e+01  9.100000e+01  1.622045e+01
     vertex  1.557485e+01  9.100000e+01  1.625889e+01
   endloop
 endfacet
 facet normal  6.227234e-01  0.000000e+00  7.824421e-01
   outer loop
     vertex  1.562316e+01  8.500000e+01  1.622045e+01
     vertex  1.557485e+01  9.100000e+01  1.625889e+01
     vertex  1.557485e+01  8.500000e+01  1.625889e+01
   endloop
 endfacet
 facet normal  6.010234e-01 -0.000000e+00  7.992314e-01
   outer loop
     vertex  1.567249e+01  8.500000e+01  1.618335e+01
     vertex  1.567249e+01  9.100000e+01  1.618335e+01
     vertex  1.562316e+01  9.100000e+01  1.622045e+01
   endloop
 endfacet
 facet normal  6.010234e-01  0.000000e+00  7.992314e-01
   outer loop
     vertex  1.567249e+01  8.500000e+01  1.618335e+01
     vertex  1.562316e+01  9.100000e+01  1.622045e+01
     vertex  1.562316e+01  8.500000e+01  1.622045e+01
   endloop
 endfacet
 facet normal  5.788711e-01 -0.000000e+00  8.154191e-01
   outer loop
     vertex  1.572283e+01  8.500000e+01  1.614761e+01
     vertex  1.572283e+01  9.100000e+01  1.614761e+01
     vertex  1.567249e+01  9.100000e+01  1.618335e+01
   endloop
 endfacet
 facet normal  5.562829e-01 -0.000000e+00  8.309929e-01
   outer loop
     vertex  1.572283e+01  8.500000e+01  1.614761e+01
     vertex  1.577413e+01  9.100000e+01  1.611327e+01
     vertex  1.572283e+01  9.100000e+01  1.614761e+01
   endloop
 endfacet
 facet normal  5.788711e-01  0.000000e+00  8.154191e-01
   outer loop
     vertex  1.572283e+01  8.500000e+01  1.614761e+01
     vertex  1.567249e+01  9.100000e+01  1.618335e+01
     vertex  1.567249e+01  8.500000e+01  1.618335e+01
   endloop
 endfacet
 facet normal  5.562829e-01 -0.000000e+00  8.309929e-01
   outer loop
     vertex  1.577413e+01  8.500000e+01  1.611327e+01
     vertex  1.577413e+01  9.100000e+01  1.611327e+01
     vertex  1.572283e+01  8.500000e+01  1.614761e+01
   endloop
 endfacet
 facet normal  5.332761e-01 -0.000000e+00  8.459413e-01
   outer loop
     vertex  1.582635e+01  8.500000e+01  1.608035e+01
     vertex  1.582635e+01  9.100000e+01  1.608035e+01
     vertex  1.577413e+01  9.100000e+01  1.611327e+01
   endloop
 endfacet
 facet normal  5.098678e-01 -0.000000e+00  8.602528e-01
   outer loop
     vertex  1.582635e+01  8.500000e+01  1.608035e+01
     vertex  1.587946e+01  9.100000e+01  1.604888e+01
     vertex  1.582635e+01  9.100000e+01  1.608035e+01
   endloop
 endfacet
 facet normal  5.332761e-01  0.000000e+00  8.459413e-01
   outer loop
     vertex  1.582635e+01  8.500000e+01  1.608035e+01
     vertex  1.577413e+01  9.100000e+01  1.611327e+01
     vertex  1.577413e+01  8.500000e+01  1.611327e+01
   endloop
 endfacet
 facet normal  5.098678e-01 -0.000000e+00  8.602528e-01
   outer loop
     vertex  1.587946e+01  8.500000e+01  1.604888e+01
     vertex  1.587946e+01  9.100000e+01  1.604888e+01
     vertex  1.582635e+01  8.500000e+01  1.608035e+01
   endloop
 endfacet
 facet normal  4.860756e-01 -0.000000e+00  8.739167e-01
   outer loop
     vertex  1.593341e+01  8.500000e+01  1.601887e+01
     vertex  1.593341e+01  9.100000e+01  1.601887e+01
     vertex  1.587946e+01  9.100000e+01  1.604888e+01
   endloop
 endfacet
 facet normal  4.860756e-01  0.000000e+00  8.739167e-01
   outer loop
     vertex  1.593341e+01  8.500000e+01  1.601887e+01
     vertex  1.587946e+01  9.100000e+01  1.604888e+01
     vertex  1.587946e+01  8.500000e+01  1.604888e+01
   endloop
 endfacet
 facet normal  4.619176e-01  0.000000e+00  8.869228e-01
   outer loop
     vertex  1.598816e+01  8.500000e+01  1.599035e+01
     vertex  1.593341e+01  9.100000e+01  1.601887e+01
     vertex  1.593341e+01  8.500000e+01  1.601887e+01
   endloop
 endfacet
 facet normal  4.619176e-01 -0.000000e+00  8.869228e-01
   outer loop
     vertex  1.598816e+01  8.500000e+01  1.599035e+01
     vertex  1.598816e+01  9.100000e+01  1.599035e+01
     vertex  1.593341e+01  9.100000e+01  1.601887e+01
   endloop
 endfacet
 facet normal  4.374119e-01 -0.000000e+00  8.992613e-01
   outer loop
     vertex  1.598816e+01  8.500000e+01  1.599035e+01
     vertex  1.604367e+01  9.100000e+01  1.596335e+01
     vertex  1.598816e+01  9.100000e+01  1.599035e+01
   endloop
 endfacet
 facet normal  4.374119e-01 -0.000000e+00  8.992613e-01
   outer loop
     vertex  1.604367e+01  8.500000e+01  1.596335e+01
     vertex  1.604367e+01  9.100000e+01  1.596335e+01
     vertex  1.598816e+01  8.500000e+01  1.599035e+01
   endloop
 endfacet
 facet normal  4.125769e-01  0.000000e+00  9.109228e-01
   outer loop
     vertex  1.609991e+01  8.500000e+01  1.593788e+01
     vertex  1.604367e+01  9.100000e+01  1.596335e+01
     vertex  1.604367e+01  8.500000e+01  1.596335e+01
   endloop
 endfacet
 facet normal  4.125769e-01 -0.000000e+00  9.109228e-01
   outer loop
     vertex  1.609991e+01  8.500000e+01  1.593788e+01
     vertex  1.609991e+01  9.100000e+01  1.593788e+01
     vertex  1.604367e+01  9.100000e+01  1.596335e+01
   endloop
 endfacet
 facet normal  3.874313e-01  0.000000e+00  9.218986e-01
   outer loop
     vertex  1.615682e+01  8.500000e+01  1.591396e+01
     vertex  1.609991e+01  9.100000e+01  1.593788e+01
     vertex  1.609991e+01  8.500000e+01  1.593788e+01
   endloop
 endfacet
 facet normal  3.874313e-01 -0.000000e+00  9.218986e-01
   outer loop
     vertex  1.615682e+01  8.500000e+01  1.591396e+01
     vertex  1.615682e+01  9.100000e+01  1.591396e+01
     vertex  1.609991e+01  9.100000e+01  1.593788e+01
   endloop
 endfacet
 facet normal  3.619940e-01  0.000000e+00  9.321804e-01
   outer loop
     vertex  1.621436e+01  8.500000e+01  1.589162e+01
     vertex  1.615682e+01  9.100000e+01  1.591396e+01
     vertex  1.615682e+01  8.500000e+01  1.591396e+01
   endloop
 endfacet
 facet normal  3.619940e-01 -0.000000e+00  9.321804e-01
   outer loop
     vertex  1.621436e+01  8.500000e+01  1.589162e+01
     vertex  1.621436e+01  9.100000e+01  1.589162e+01
     vertex  1.615682e+01  9.100000e+01  1.591396e+01
   endloop
 endfacet
 facet normal  3.362843e-01  0.000000e+00  9.417605e-01
   outer loop
     vertex  1.627250e+01  8.500000e+01  1.587086e+01
     vertex  1.621436e+01  9.100000e+01  1.589162e+01
     vertex  1.621436e+01  8.500000e+01  1.589162e+01
   endloop
 endfacet
 facet normal  3.362843e-01 -0.000000e+00  9.417605e-01
   outer loop
     vertex  1.627250e+01  8.500000e+01  1.587086e+01
     vertex  1.627250e+01  9.100000e+01  1.587086e+01
     vertex  1.621436e+01  9.100000e+01  1.589162e+01
   endloop
 endfacet
 facet normal  3.103214e-01  0.000000e+00  9.506317e-01
   outer loop
     vertex  1.633118e+01  8.500000e+01  1.585170e+01
     vertex  1.627250e+01  9.100000e+01  1.587086e+01
     vertex  1.627250e+01  8.500000e+01  1.587086e+01
   endloop
 endfacet
 facet normal  3.103214e-01 -0.000000e+00  9.506317e-01
   outer loop
     vertex  1.633118e+01  8.500000e+01  1.585170e+01
     vertex  1.633118e+01  9.100000e+01  1.585170e+01
     vertex  1.627250e+01  9.100000e+01  1.587086e+01
   endloop
 endfacet
 facet normal  2.841250e-01 -0.000000e+00  9.587873e-01
   outer loop
     vertex  1.633118e+01  8.500000e+01  1.585170e+01
     vertex  1.639037e+01  9.100000e+01  1.583416e+01
     vertex  1.633118e+01  9.100000e+01  1.585170e+01
   endloop
 endfacet
 facet normal  2.841250e-01 -0.000000e+00  9.587873e-01
   outer loop
     vertex  1.639037e+01  8.500000e+01  1.583416e+01
     vertex  1.639037e+01  9.100000e+01  1.583416e+01
     vertex  1.633118e+01  8.500000e+01  1.585170e+01
   endloop
 endfacet
 facet normal  2.577146e-01  0.000000e+00  9.662211e-01
   outer loop
     vertex  1.645002e+01  8.500000e+01  1.581825e+01
     vertex  1.639037e+01  9.100000e+01  1.583416e+01
     vertex  1.639037e+01  8.500000e+01  1.583416e+01
   endloop
 endfacet
 facet normal  2.577146e-01 -0.000000e+00  9.662211e-01
   outer loop
     vertex  1.645002e+01  8.500000e+01  1.581825e+01
     vertex  1.645002e+01  9.100000e+01  1.581825e+01
     vertex  1.639037e+01  9.100000e+01  1.583416e+01
   endloop
 endfacet
 facet normal  2.311102e-01  0.000000e+00  9.729276e-01
   outer loop
     vertex  1.651008e+01  8.500000e+01  1.580399e+01
     vertex  1.645002e+01  9.100000e+01  1.581825e+01
     vertex  1.645002e+01  8.500000e+01  1.581825e+01
   endloop
 endfacet
 facet normal  2.311102e-01 -0.000000e+00  9.729276e-01
   outer loop
     vertex  1.651008e+01  8.500000e+01  1.580399e+01
     vertex  1.651008e+01  9.100000e+01  1.580399e+01
     vertex  1.645002e+01  9.100000e+01  1.581825e+01
   endloop
 endfacet
 facet normal  2.043319e-01  0.000000e+00  9.789017e-01
   outer loop
     vertex  1.657051e+01  8.500000e+01  1.579137e+01
     vertex  1.651008e+01  9.100000e+01  1.580399e+01
     vertex  1.651008e+01  8.500000e+01  1.580399e+01
   endloop
 endfacet
 facet normal  2.043319e-01 -0.000000e+00  9.789017e-01
   outer loop
     vertex  1.657051e+01  8.500000e+01  1.579137e+01
     vertex  1.657051e+01  9.100000e+01  1.579137e+01
     vertex  1.651008e+01  9.100000e+01  1.580399e+01
   endloop
 endfacet
 facet normal  1.773998e-01  0.000000e+00  9.841389e-01
   outer loop
     vertex  1.663126e+01  8.500000e+01  1.578042e+01
     vertex  1.657051e+01  9.100000e+01  1.579137e+01
     vertex  1.657051e+01  8.500000e+01  1.579137e+01
   endloop
 endfacet
 facet normal  1.773998e-01 -0.000000e+00  9.841389e-01
   outer loop
     vertex  1.663126e+01  8.500000e+01  1.578042e+01
     vertex  1.663126e+01  9.100000e+01  1.578042e+01
     vertex  1.657051e+01  9.100000e+01  1.579137e+01
   endloop
 endfacet
 facet normal  1.503341e-01  0.000000e+00  9.886353e-01
   outer loop
     vertex  1.669230e+01  8.500000e+01  1.577114e+01
     vertex  1.663126e+01  9.100000e+01  1.578042e+01
     vertex  1.663126e+01  8.500000e+01  1.578042e+01
   endloop
 endfacet
 facet normal  1.503341e-01 -0.000000e+00  9.886353e-01
   outer loop
     vertex  1.669230e+01  8.500000e+01  1.577114e+01
     vertex  1.669230e+01  9.100000e+01  1.577114e+01
     vertex  1.663126e+01  9.100000e+01  1.578042e+01
   endloop
 endfacet
 facet normal  1.231552e-01 -0.000000e+00  9.923874e-01
   outer loop
     vertex  1.669230e+01  8.500000e+01  1.577114e+01
     vertex  1.675356e+01  9.100000e+01  1.576354e+01
     vertex  1.669230e+01  9.100000e+01  1.577114e+01
   endloop
 endfacet
 facet normal  1.231552e-01 -0.000000e+00  9.923874e-01
   outer loop
     vertex  1.675356e+01  8.500000e+01  1.576354e+01
     vertex  1.675356e+01  9.100000e+01  1.576354e+01
     vertex  1.669230e+01  8.500000e+01  1.577114e+01
   endloop
 endfacet
 facet normal  9.588368e-02 -0.000000e+00  9.953925e-01
   outer loop
     vertex  1.681501e+01  8.500000e+01  1.575762e+01
     vertex  1.681501e+01  9.100000e+01  1.575762e+01
     vertex  1.675356e+01  9.100000e+01  1.576354e+01
   endloop
 endfacet
 facet normal  6.853995e-02 -0.000000e+00  9.976484e-01
   outer loop
     vertex  1.681501e+01  8.500000e+01  1.575762e+01
     vertex  1.687659e+01  9.100000e+01  1.575339e+01
     vertex  1.681501e+01  9.100000e+01  1.575762e+01
   endloop
 endfacet
 facet normal  9.588368e-02  0.000000e+00  9.953925e-01
   outer loop
     vertex  1.681501e+01  8.500000e+01  1.575762e+01
     vertex  1.675356e+01  9.100000e+01  1.576354e+01
     vertex  1.675356e+01  8.500000e+01  1.576354e+01
   endloop
 endfacet
 facet normal  6.853995e-02 -0.000000e+00  9.976484e-01
   outer loop
     vertex  1.687659e+01  8.500000e+01  1.575339e+01
     vertex  1.687659e+01  9.100000e+01  1.575339e+01
     vertex  1.681501e+01  8.500000e+01  1.575762e+01
   endloop
 endfacet
 facet normal  4.114462e-02 -0.000000e+00  9.991532e-01
   outer loop
     vertex  1.693827e+01  8.500000e+01  1.575085e+01
     vertex  1.693827e+01  9.100000e+01  1.575085e+01
     vertex  1.687659e+01  9.100000e+01  1.575339e+01
   endloop
 endfacet
 facet normal  4.114462e-02  0.000000e+00  9.991532e-01
   outer loop
     vertex  1.693827e+01  8.500000e+01  1.575085e+01
     vertex  1.687659e+01  9.100000e+01  1.575339e+01
     vertex  1.687659e+01  8.500000e+01  1.575339e+01
   endloop
 endfacet
 facet normal  1.371831e-02 -0.000000e+00  9.999059e-01
   outer loop
     vertex  1.700000e+01  8.500000e+01  1.575000e+01
     vertex  1.700000e+01  9.100000e+01  1.575000e+01
     vertex  1.693827e+01  9.100000e+01  1.575085e+01
   endloop
 endfacet
 facet normal  1.371831e-02  0.000000e+00  9.999059e-01
   outer loop
     vertex  1.700000e+01  8.500000e+01  1.575000e+01
     vertex  1.693827e+01  9.100000e+01  1.575085e+01
     vertex  1.693827e+01  8.500000e+01  1.575085e+01
   endloop
 endfacet
 facet normal -1.371831e-02  0.000000e+00  9.999059e-01
   outer loop
     vertex  9.006173e+01  8.700000e+01  1.575085e+01
     vertex  9.000000e+01  9.100000e+01  1.575000e+01
     vertex  9.000000e+01  8.700000e+01  1.575000e+01
   endloop
 endfacet
 facet normal -1.371831e-02  0.000000e+00  9.999059e-01
   outer loop
     vertex  9.006173e+01  8.700000e+01  1.575085e+01
     vertex  9.006173e+01  9.100000e+01  1.575085e+01
     vertex  9.000000e+01  9.100000e+01  1.575000e+01
   endloop
 endfacet
 facet normal -4.114462e-02  0.000000e+00  9.991532e-01
   outer loop
     vertex  9.012341e+01  8.700000e+01  1.575339e+01
     vertex  9.012341e+01  9.100000e+01  1.575339e+01
     vertex  9.006173e+01  9.100000e+01  1.575085e+01
   endloop
 endfacet
 facet normal -4.114462e-02  0.000000e+00  9.991532e-01
   outer loop
     vertex  9.012341e+01  8.700000e+01  1.575339e+01
     vertex  9.006173e+01  9.100000e+01  1.575085e+01
     vertex  9.006173e+01  8.700000e+01  1.575085e+01
   endloop
 endfacet
 facet normal -6.853995e-02  0.000000e+00  9.976484e-01
   outer loop
     vertex  9.018499e+01  8.700000e+01  1.575762e+01
     vertex  9.018499e+01  9.100000e+01  1.575762e+01
     vertex  9.012341e+01  9.100000e+01  1.575339e+01
   endloop
 endfacet
 facet normal -6.853995e-02  0.000000e+00  9.976484e-01
   outer loop
     vertex  9.018499e+01  8.700000e+01  1.575762e+01
     vertex  9.012341e+01  9.100000e+01  1.575339e+01
     vertex  9.012341e+01  8.700000e+01  1.575339e+01
   endloop
 endfacet
 facet normal -9.588368e-02  0.000000e+00  9.953925e-01
   outer loop
     vertex  9.024644e+01  8.700000e+01  1.576354e+01
     vertex  9.024644e+01  9.100000e+01  1.576354e+01
     vertex  9.018499e+01  9.100000e+01  1.575762e+01
   endloop
 endfacet
 facet normal -9.588368e-02  0.000000e+00  9.953925e-01
   outer loop
     vertex  9.024644e+01  8.700000e+01  1.576354e+01
     vertex  9.018499e+01  9.100000e+01  1.575762e+01
     vertex  9.018499e+01  8.700000e+01  1.575762e+01
   endloop
 endfacet
 facet normal -1.231552e-01  0.000000e+00  9.923874e-01
   outer loop
     vertex  9.030770e+01  8.700000e+01  1.577114e+01
     vertex  9.030770e+01  9.100000e+01  1.577114e+01
     vertex  9.024644e+01  9.100000e+01  1.576354e+01
   endloop
 endfacet
 facet normal -1.231552e-01  0.000000e+00  9.923874e-01
   outer loop
     vertex  9.030770e+01  8.700000e+01  1.577114e+01
     vertex  9.024644e+01  9.100000e+01  1.576354e+01
     vertex  9.024644e+01  8.700000e+01  1.576354e+01
   endloop
 endfacet
 facet normal -1.503341e-01  0.000000e+00  9.886353e-01
   outer loop
     vertex  9.036874e+01  8.700000e+01  1.578042e+01
     vertex  9.036874e+01  9.100000e+01  1.578042e+01
     vertex  9.030770e+01  9.100000e+01  1.577114e+01
   endloop
 endfacet
 facet normal -1.503341e-01  0.000000e+00  9.886353e-01
   outer loop
     vertex  9.036874e+01  8.700000e+01  1.578042e+01
     vertex  9.030770e+01  9.100000e+01  1.577114e+01
     vertex  9.030770e+01  8.700000e+01  1.577114e+01
   endloop
 endfacet
 facet normal -1.773998e-01  0.000000e+00  9.841389e-01
   outer loop
     vertex  9.042949e+01  8.700000e+01  1.579137e+01
     vertex  9.042949e+01  9.100000e+01  1.579137e+01
     vertex  9.036874e+01  9.100000e+01  1.578042e+01
   endloop
 endfacet
 facet normal -1.773998e-01  0.000000e+00  9.841389e-01
   outer loop
     vertex  9.042949e+01  8.700000e+01  1.579137e+01
     vertex  9.036874e+01  9.100000e+01  1.578042e+01
     vertex  9.036874e+01  8.700000e+01  1.578042e+01
   endloop
 endfacet
 facet normal -2.043319e-01  0.000000e+00  9.789017e-01
   outer loop
     vertex  9.048992e+01  8.700000e+01  1.580399e+01
     vertex  9.048992e+01  9.100000e+01  1.580399e+01
     vertex  9.042949e+01  9.100000e+01  1.579137e+01
   endloop
 endfacet
 facet normal -2.043319e-01  0.000000e+00  9.789017e-01
   outer loop
     vertex  9.048992e+01  8.700000e+01  1.580399e+01
     vertex  9.042949e+01  9.100000e+01  1.579137e+01
     vertex  9.042949e+01  8.700000e+01  1.579137e+01
   endloop
 endfacet
 facet normal -2.311102e-01  0.000000e+00  9.729276e-01
   outer loop
     vertex  9.054998e+01  8.700000e+01  1.581825e+01
     vertex  9.054998e+01  9.100000e+01  1.581825e+01
     vertex  9.048992e+01  9.100000e+01  1.580399e+01
   endloop
 endfacet
 facet normal -2.577146e-01  0.000000e+00  9.662211e-01
   outer loop
     vertex  9.054998e+01  8.700000e+01  1.581825e+01
     vertex  9.060963e+01  9.100000e+01  1.583416e+01
     vertex  9.054998e+01  9.100000e+01  1.581825e+01
   endloop
 endfacet
 facet normal -2.311102e-01  0.000000e+00  9.729276e-01
   outer loop
     vertex  9.054998e+01  8.700000e+01  1.581825e+01
     vertex  9.048992e+01  9.100000e+01  1.580399e+01
     vertex  9.048992e+01  8.700000e+01  1.580399e+01
   endloop
 endfacet
 facet normal -2.577146e-01  0.000000e+00  9.662211e-01
   outer loop
     vertex  9.060963e+01  8.700000e+01  1.583416e+01
     vertex  9.060963e+01  9.100000e+01  1.583416e+01
     vertex  9.054998e+01  8.700000e+01  1.581825e+01
   endloop
 endfacet
 facet normal -2.841250e-01  0.000000e+00  9.587873e-01
   outer loop
     vertex  9.066882e+01  8.700000e+01  1.585170e+01
     vertex  9.060963e+01  9.100000e+01  1.583416e+01
     vertex  9.060963e+01  8.700000e+01  1.583416e+01
   endloop
 endfacet
 facet normal -2.841250e-01  0.000000e+00  9.587873e-01
   outer loop
     vertex  9.066882e+01  8.700000e+01  1.585170e+01
     vertex  9.066882e+01  9.100000e+01  1.585170e+01
     vertex  9.060963e+01  9.100000e+01  1.583416e+01
   endloop
 endfacet
 facet normal -3.103214e-01  0.000000e+00  9.506317e-01
   outer loop
     vertex  9.072750e+01  8.700000e+01  1.587086e+01
     vertex  9.066882e+01  9.100000e+01  1.585170e+01
     vertex  9.066882e+01  8.700000e+01  1.585170e+01
   endloop
 endfacet
 facet normal -3.103214e-01  0.000000e+00  9.506317e-01
   outer loop
     vertex  9.072750e+01  8.700000e+01  1.587086e+01
     vertex  9.072750e+01  9.100000e+01  1.587086e+01
     vertex  9.066882e+01  9.100000e+01  1.585170e+01
   endloop
 endfacet
 facet normal -3.362843e-01  0.000000e+00  9.417605e-01
   outer loop
     vertex  9.078564e+01  8.700000e+01  1.589162e+01
     vertex  9.072750e+01  9.100000e+01  1.587086e+01
     vertex  9.072750e+01  8.700000e+01  1.587086e+01
   endloop
 endfacet
 facet normal -3.362843e-01  0.000000e+00  9.417605e-01
   outer loop
     vertex  9.078564e+01  8.700000e+01  1.589162e+01
     vertex  9.078564e+01  9.100000e+01  1.589162e+01
     vertex  9.072750e+01  9.100000e+01  1.587086e+01
   endloop
 endfacet
 facet normal -3.619940e-01  0.000000e+00  9.321804e-01
   outer loop
     vertex  9.084318e+01  8.700000e+01  1.591396e+01
     vertex  9.078564e+01  9.100000e+01  1.589162e+01
     vertex  9.078564e+01  8.700000e+01  1.589162e+01
   endloop
 endfacet
 facet normal -3.619940e-01  0.000000e+00  9.321804e-01
   outer loop
     vertex  9.084318e+01  8.700000e+01  1.591396e+01
     vertex  9.084318e+01  9.100000e+01  1.591396e+01
     vertex  9.078564e+01  9.100000e+01  1.589162e+01
   endloop
 endfacet
 facet normal -3.874313e-01  0.000000e+00  9.218986e-01
   outer loop
     vertex  9.084318e+01  8.700000e+01  1.591396e+01
     vertex  9.090009e+01  9.100000e+01  1.593788e+01
     vertex  9.084318e+01  9.100000e+01  1.591396e+01
   endloop
 endfacet
 facet normal -3.874313e-01  0.000000e+00  9.218986e-01
   outer loop
     vertex  9.090009e+01  8.700000e+01  1.593788e+01
     vertex  9.090009e+01  9.100000e+01  1.593788e+01
     vertex  9.084318e+01  8.700000e+01  1.591396e+01
   endloop
 endfacet
 facet normal -4.125769e-01  0.000000e+00  9.109228e-01
   outer loop
     vertex  9.090009e+01  8.700000e+01  1.593788e+01
     vertex  9.095633e+01  9.100000e+01  1.596335e+01
     vertex  9.090009e+01  9.100000e+01  1.593788e+01
   endloop
 endfacet
 facet normal -4.125769e-01  0.000000e+00  9.109228e-01
   outer loop
     vertex  9.095633e+01  8.700000e+01  1.596335e+01
     vertex  9.095633e+01  9.100000e+01  1.596335e+01
     vertex  9.090009e+01  8.700000e+01  1.593788e+01
   endloop
 endfacet
 facet normal -4.374119e-01  0.000000e+00  8.992613e-01
   outer loop
     vertex  9.101184e+01  8.700000e+01  1.599035e+01
     vertex  9.095633e+01  9.100000e+01  1.596335e+01
     vertex  9.095633e+01  8.700000e+01  1.596335e+01
   endloop
 endfacet
 facet normal -4.374119e-01  0.000000e+00  8.992613e-01
   outer loop
     vertex  9.101184e+01  8.700000e+01  1.599035e+01
     vertex  9.101184e+01  9.100000e+01  1.599035e+01
     vertex  9.095633e+01  9.100000e+01  1.596335e+01
   endloop
 endfacet
 facet normal -4.619176e-01  0.000000e+00  8.869228e-01
   outer loop
     vertex  9.106659e+01  8.700000e+01  1.601887e+01
     vertex  9.101184e+01  9.100000e+01  1.599035e+01
     vertex  9.101184e+01  8.700000e+01  1.599035e+01
   endloop
 endfacet
 facet normal -4.619176e-01  0.000000e+00  8.869228e-01
   outer loop
     vertex  9.106659e+01  8.700000e+01  1.601887e+01
     vertex  9.106659e+01  9.100000e+01  1.601887e+01
     vertex  9.101184e+01  9.100000e+01  1.599035e+01
   endloop
 endfacet
 facet normal -4.860756e-01  0.000000e+00  8.739167e-01
   outer loop
     vertex  9.106659e+01  8.700000e+01  1.601887e+01
     vertex  9.112054e+01  9.100000e+01  1.604888e+01
     vertex  9.106659e+01  9.100000e+01  1.601887e+01
   endloop
 endfacet
 facet normal -4.860756e-01  0.000000e+00  8.739167e-01
   outer loop
     vertex  9.112054e+01  8.700000e+01  1.604888e+01
     vertex  9.112054e+01  9.100000e+01  1.604888e+01
     vertex  9.106659e+01  8.700000e+01  1.601887e+01
   endloop
 endfacet
 facet normal -5.098678e-01  0.000000e+00  8.602528e-01
   outer loop
     vertex  9.117365e+01  8.700000e+01  1.608035e+01
     vertex  9.112054e+01  9.100000e+01  1.604888e+01
     vertex  9.112054e+01  8.700000e+01  1.604888e+01
   endloop
 endfacet
 facet normal -5.098678e-01  0.000000e+00  8.602528e-01
   outer loop
     vertex  9.117365e+01  8.700000e+01  1.608035e+01
     vertex  9.117365e+01  9.100000e+01  1.608035e+01
     vertex  9.112054e+01  9.100000e+01  1.604888e+01
   endloop
 endfacet
 facet normal -5.332761e-01  0.000000e+00  8.459413e-01
   outer loop
     vertex  9.122587e+01  8.700000e+01  1.611327e+01
     vertex  9.117365e+01  9.100000e+01  1.608035e+01
     vertex  9.117365e+01  8.700000e+01  1.608035e+01
   endloop
 endfacet
 facet normal -5.332761e-01  0.000000e+00  8.459413e-01
   outer loop
     vertex  9.122587e+01  8.700000e+01  1.611327e+01
     vertex  9.122587e+01  9.100000e+01  1.611327e+01
     vertex  9.117365e+01  9.100000e+01  1.608035e+01
   endloop
 endfacet
 facet normal -5.562829e-01  0.000000e+00  8.309929e-01
   outer loop
     vertex  9.127717e+01  8.700000e+01  1.614761e+01
     vertex  9.127717e+01  9.100000e+01  1.614761e+01
     vertex  9.122587e+01  9.100000e+01  1.611327e+01
   endloop
 endfacet
 facet normal -5.562829e-01  0.000000e+00  8.309929e-01
   outer loop
     vertex  9.127717e+01  8.700000e+01  1.614761e+01
     vertex  9.122587e+01  9.100000e+01  1.611327e+01
     vertex  9.122587e+01  8.700000e+01  1.611327e+01
   endloop
 endfacet
 facet normal -5.788711e-01  0.000000e+00  8.154191e-01
   outer loop
     vertex  9.127717e+01  8.700000e+01  1.614761e+01
     vertex  9.132751e+01  9.100000e+01  1.618335e+01
     vertex  9.127717e+01  9.100000e+01  1.614761e+01
   endloop
 endfacet
 facet normal -5.788711e-01  0.000000e+00  8.154191e-01
   outer loop
     vertex  9.132751e+01  8.700000e+01  1.618335e+01
     vertex  9.132751e+01  9.100000e+01  1.618335e+01
     vertex  9.127717e+01  8.700000e+01  1.614761e+01
   endloop
 endfacet
 facet normal -6.010234e-01  0.000000e+00  7.992314e-01
   outer loop
     vertex  9.137684e+01  8.700000e+01  1.622045e+01
     vertex  9.132751e+01  9.100000e+01  1.618335e+01
     vertex  9.132751e+01  8.700000e+01  1.618335e+01
   endloop
 endfacet
 facet normal -6.010234e-01  0.000000e+00  7.992314e-01
   outer loop
     vertex  9.137684e+01  8.700000e+01  1.622045e+01
     vertex  9.137684e+01  9.100000e+01  1.622045e+01
     vertex  9.132751e+01  9.100000e+01  1.618335e+01
   endloop
 endfacet
 facet normal -6.227234e-01  0.000000e+00  7.824421e-01
   outer loop
     vertex  9.142515e+01  8.700000e+01  1.625889e+01
     vertex  9.142515e+01  9.100000e+01  1.625889e+01
     vertex  9.137684e+01  9.100000e+01  1.622045e+01
   endloop
 endfacet
 facet normal -6.227234e-01  0.000000e+00  7.824421e-01
   outer loop
     vertex  9.142515e+01  8.700000e+01  1.625889e+01
     vertex  9.137684e+01  9.100000e+01  1.622045e+01
     vertex  9.137684e+01  8.700000e+01  1.622045e+01
   endloop
 endfacet
 facet normal -6.439545e-01  0.000000e+00  7.650637e-01
   outer loop
     vertex  9.147238e+01  8.700000e+01  1.629864e+01
     vertex  9.147238e+01  9.100000e+01  1.629864e+01
     vertex  9.142515e+01  9.100000e+01  1.625889e+01
   endloop
 endfacet
 facet normal -6.439545e-01  0.000000e+00  7.650637e-01
   outer loop
     vertex  9.147238e+01  8.700000e+01  1.629864e+01
     vertex  9.142515e+01  9.100000e+01  1.625889e+01
     vertex  9.142515e+01  8.700000e+01  1.625889e+01
   endloop
 endfacet
 facet normal -6.647010e-01  0.000000e+00  7.471095e-01
   outer loop
     vertex  9.151850e+01  8.700000e+01  1.633968e+01
     vertex  9.151850e+01  9.100000e+01  1.633968e+01
     vertex  9.147238e+01  9.100000e+01  1.629864e+01
   endloop
 endfacet
 facet normal -6.647010e-01  0.000000e+00  7.471095e-01
   outer loop
     vertex  9.151850e+01  8.700000e+01  1.633968e+01
     vertex  9.147238e+01  9.100000e+01  1.629864e+01
     vertex  9.147238e+01  8.700000e+01  1.629864e+01
   endloop
 endfacet
 facet normal -6.849470e-01  0.000000e+00  7.285929e-01
   outer loop
     vertex  9.156347e+01  8.700000e+01  1.638196e+01
     vertex  9.156347e+01  9.100000e+01  1.638196e+01
     vertex  9.151850e+01  9.100000e+01  1.633968e+01
   endloop
 endfacet
 facet normal -6.849470e-01  0.000000e+00  7.285929e-01
   outer loop
     vertex  9.156347e+01  8.700000e+01  1.638196e+01
     vertex  9.151850e+01  9.100000e+01  1.633968e+01
     vertex  9.151850e+01  8.700000e+01  1.633968e+01
   endloop
 endfacet
 facet normal -7.046775e-01  0.000000e+00  7.095278e-01
   outer loop
     vertex  9.160728e+01  8.700000e+01  1.642546e+01
     vertex  9.160728e+01  9.100000e+01  1.642546e+01
     vertex  9.156347e+01  9.100000e+01  1.638196e+01
   endloop
 endfacet
 facet normal -7.046775e-01  0.000000e+00  7.095278e-01
   outer loop
     vertex  9.160728e+01  8.700000e+01  1.642546e+01
     vertex  9.156347e+01  9.100000e+01  1.638196e+01
     vertex  9.156347e+01  8.700000e+01  1.638196e+01
   endloop
 endfacet
 facet normal -7.238775e-01  0.000000e+00  6.899286e-01
   outer loop
     vertex  9.164987e+01  8.700000e+01  1.647015e+01
     vertex  9.164987e+01  9.100000e+01  1.647015e+01
     vertex  9.160728e+01  9.100000e+01  1.642546e+01
   endloop
 endfacet
 facet normal -7.238775e-01  0.000000e+00  6.899286e-01
   outer loop
     vertex  9.164987e+01  8.700000e+01  1.647015e+01
     vertex  9.160728e+01  9.100000e+01  1.642546e+01
     vertex  9.160728e+01  8.700000e+01  1.642546e+01
   endloop
 endfacet
 facet normal -7.425325e-01  0.000000e+00  6.698100e-01
   outer loop
     vertex  9.169122e+01  8.700000e+01  1.651599e+01
     vertex  9.169122e+01  9.100000e+01  1.651599e+01
     vertex  9.164987e+01  9.100000e+01  1.647015e+01
   endloop
 endfacet
 facet normal -7.425325e-01  0.000000e+00  6.698100e-01
   outer loop
     vertex  9.169122e+01  8.700000e+01  1.651599e+01
     vertex  9.164987e+01  9.100000e+01  1.647015e+01
     vertex  9.164987e+01  8.700000e+01  1.647015e+01
   endloop
 endfacet
 facet normal -7.606287e-01  0.000000e+00  6.491872e-01
   outer loop
     vertex  9.173129e+01  8.700000e+01  1.656294e+01
     vertex  9.173129e+01  9.100000e+01  1.656294e+01
     vertex  9.169122e+01  9.100000e+01  1.651599e+01
   endloop
 endfacet
 facet normal -7.606287e-01  0.000000e+00  6.491872e-01
   outer loop
     vertex  9.173129e+01  8.700000e+01  1.656294e+01
     vertex  9.169122e+01  9.100000e+01  1.651599e+01
     vertex  9.169122e+01  8.700000e+01  1.651599e+01
   endloop
 endfacet
 facet normal -7.781522e-01  0.000000e+00  6.280757e-01
   outer loop
     vertex  9.177006e+01  8.700000e+01  1.661098e+01
     vertex  9.177006e+01  9.100000e+01  1.661098e+01
     vertex  9.173129e+01  9.100000e+01  1.656294e+01
   endloop
 endfacet
 facet normal -7.781522e-01  0.000000e+00  6.280757e-01
   outer loop
     vertex  9.177006e+01  8.700000e+01  1.661098e+01
     vertex  9.173129e+01  9.100000e+01  1.656294e+01
     vertex  9.173129e+01  8.700000e+01  1.656294e+01
   endloop
 endfacet
 facet normal -7.950900e-01  0.000000e+00  6.064915e-01
   outer loop
     vertex  9.180750e+01  8.700000e+01  1.666006e+01
     vertex  9.180750e+01  9.100000e+01  1.666006e+01
     vertex  9.177006e+01  9.100000e+01  1.661098e+01
   endloop
 endfacet
 facet normal -8.114292e-01  0.000000e+00  5.844507e-01
   outer loop
     vertex  9.180750e+01  8.700000e+01  1.666006e+01
     vertex  9.184358e+01  9.100000e+01  1.671016e+01
     vertex  9.180750e+01  9.100000e+01  1.666006e+01
   endloop
 endfacet
 facet normal -7.950900e-01  0.000000e+00  6.064915e-01
   outer loop
     vertex  9.180750e+01  8.700000e+01  1.666006e+01
     vertex  9.177006e+01  9.100000e+01  1.661098e+01
     vertex  9.177006e+01  8.700000e+01  1.661098e+01
   endloop
 endfacet
 facet normal -8.114292e-01  0.000000e+00  5.844507e-01
   outer loop
     vertex  9.184358e+01  8.700000e+01  1.671016e+01
     vertex  9.184358e+01  9.100000e+01  1.671016e+01
     vertex  9.180750e+01  8.700000e+01  1.666006e+01
   endloop
 endfacet
 facet normal -8.271577e-01  0.000000e+00  5.619699e-01
   outer loop
     vertex  9.187828e+01  8.700000e+01  1.676122e+01
     vertex  9.184358e+01  9.100000e+01  1.671016e+01
     vertex  9.184358e+01  8.700000e+01  1.671016e+01
   endloop
 endfacet
 facet normal -8.271577e-01  0.000000e+00  5.619699e-01
   outer loop
     vertex  9.187828e+01  8.700000e+01  1.676122e+01
     vertex  9.187828e+01  9.100000e+01  1.676122e+01
     vertex  9.184358e+01  9.100000e+01  1.671016e+01
   endloop
 endfacet
 facet normal -8.422635e-01  0.000000e+00  5.390661e-01
   outer loop
     vertex  9.191155e+01  8.700000e+01  1.681321e+01
     vertex  9.187828e+01  9.100000e+01  1.676122e+01
     vertex  9.187828e+01  8.700000e+01  1.676122e+01
   endloop
 endfacet
 facet normal -8.422635e-01  0.000000e+00  5.390661e-01
   outer loop
     vertex  9.191155e+01  8.700000e+01  1.681321e+01
     vertex  9.191155e+01  9.100000e+01  1.681321e+01
     vertex  9.187828e+01  9.100000e+01  1.676122e+01
   endloop
 endfacet
 facet normal -8.567352e-01  0.000000e+00  5.157565e-01
   outer loop
     vertex  9.191155e+01  8.700000e+01  1.681321e+01
     vertex  9.194339e+01  9.100000e+01  1.686610e+01
     vertex  9.191155e+01  9.100000e+01  1.681321e+01
   endloop
 endfacet
 facet normal -8.567352e-01  0.000000e+00  5.157565e-01
   outer loop
     vertex  9.194339e+01  8.700000e+01  1.686610e+01
     vertex  9.194339e+01  9.100000e+01  1.686610e+01
     vertex  9.191155e+01  8.700000e+01  1.681321e+01
   endloop
 endfacet
 facet normal -8.705620e-01  0.000000e+00  4.920587e-01
   outer loop
     vertex  9.197377e+01  8.700000e+01  1.691984e+01
     vertex  9.194339e+01  9.100000e+01  1.686610e+01
     vertex  9.194339e+01  8.700000e+01  1.686610e+01
   endloop
 endfacet
 facet normal -8.705620e-01  0.000000e+00  4.920587e-01
   outer loop
     vertex  9.197377e+01  8.700000e+01  1.691984e+01
     vertex  9.197377e+01  9.100000e+01  1.691984e+01
     vertex  9.194339e+01  9.100000e+01  1.686610e+01
   endloop
 endfacet
 facet normal -8.837335e-01  0.000000e+00  4.679904e-01
   outer loop
     vertex  9.200266e+01  8.700000e+01  1.697440e+01
     vertex  9.197377e+01  9.100000e+01  1.691984e+01
     vertex  9.197377e+01  8.700000e+01  1.691984e+01
   endloop
 endfacet
 facet normal -8.837335e-01  0.000000e+00  4.679904e-01
   outer loop
     vertex  9.200266e+01  8.700000e+01  1.697440e+01
     vertex  9.200266e+01  9.100000e+01  1.697440e+01
     vertex  9.197377e+01  9.100000e+01  1.691984e+01
   endloop
 endfacet
 facet normal -8.962398e-01  0.000000e+00  4.435699e-01
   outer loop
     vertex  9.203004e+01  8.700000e+01  1.702973e+01
     vertex  9.200266e+01  9.100000e+01  1.697440e+01
     vertex  9.200266e+01  8.700000e+01  1.697440e+01
   endloop
 endfacet
 facet normal -8.962398e-01  0.000000e+00  4.435699e-01
   outer loop
     vertex  9.203004e+01  8.700000e+01  1.702973e+01
     vertex  9.203004e+01  9.100000e+01  1.702973e+01
     vertex  9.200266e+01  9.100000e+01  1.697440e+01
   endloop
 endfacet
 facet normal -9.080714e-01  0.000000e+00  4.188155e-01
   outer loop
     vertex  9.205590e+01  8.700000e+01  1.708578e+01
     vertex  9.203004e+01  9.100000e+01  1.702973e+01
     vertex  9.203004e+01  8.700000e+01  1.702973e+01
   endloop
 endfacet
 facet normal -9.080714e-01  0.000000e+00  4.188155e-01
   outer loop
     vertex  9.205590e+01  8.700000e+01  1.708578e+01
     vertex  9.205590e+01  9.100000e+01  1.708578e+01
     vertex  9.203004e+01  9.100000e+01  1.702973e+01
   endloop
 endfacet
 facet normal -9.192194e-01  0.000000e+00  3.937458e-01
   outer loop
     vertex  9.208020e+01  8.700000e+01  1.714253e+01
     vertex  9.205590e+01  9.100000e+01  1.708578e+01
     vertex  9.205590e+01  8.700000e+01  1.708578e+01
   endloop
 endfacet
 facet normal -9.192194e-01  0.000000e+00  3.937458e-01
   outer loop
     vertex  9.208020e+01  8.700000e+01  1.714253e+01
     vertex  9.208020e+01  9.100000e+01  1.714253e+01
     vertex  9.205590e+01  9.100000e+01  1.708578e+01
   endloop
 endfacet
 facet normal -9.296754e-01  0.000000e+00  3.683796e-01
   outer loop
     vertex  9.210294e+01  8.700000e+01  1.719992e+01
     vertex  9.208020e+01  9.100000e+01  1.714253e+01
     vertex  9.208020e+01  8.700000e+01  1.714253e+01
   endloop
 endfacet
 facet normal -9.296754e-01  0.000000e+00  3.683796e-01
   outer loop
     vertex  9.210294e+01  8.700000e+01  1.719992e+01
     vertex  9.210294e+01  9.100000e+01  1.719992e+01
     vertex  9.208020e+01  9.100000e+01  1.714253e+01
   endloop
 endfacet
 facet normal -9.394317e-01  0.000000e+00  3.427362e-01
   outer loop
     vertex  9.212410e+01  8.700000e+01  1.725791e+01
     vertex  9.210294e+01  9.100000e+01  1.719992e+01
     vertex  9.210294e+01  8.700000e+01  1.719992e+01
   endloop
 endfacet
 facet normal -9.394317e-01  0.000000e+00  3.427362e-01
   outer loop
     vertex  9.212410e+01  8.700000e+01  1.725791e+01
     vertex  9.212410e+01  9.100000e+01  1.725791e+01
     vertex  9.210294e+01  9.100000e+01  1.719992e+01
   endloop
 endfacet
 facet normal -9.484807e-01  0.000000e+00  3.168348e-01
   outer loop
     vertex  9.212410e+01  8.700000e+01  1.725791e+01
     vertex  9.214366e+01  9.100000e+01  1.731646e+01
     vertex  9.212410e+01  9.100000e+01  1.725791e+01
   endloop
 endfacet
 facet normal -9.484807e-01  0.000000e+00  3.168348e-01
   outer loop
     vertex  9.214366e+01  8.700000e+01  1.731646e+01
     vertex  9.214366e+01  9.100000e+01  1.731646e+01
     vertex  9.212410e+01  8.700000e+01  1.725791e+01
   endloop
 endfacet
 facet normal -9.568158e-01  0.000000e+00  2.906949e-01
   outer loop
     vertex  9.216161e+01  8.700000e+01  1.737553e+01
     vertex  9.214366e+01  9.100000e+01  1.731646e+01
     vertex  9.214366e+01  8.700000e+01  1.731646e+01
   endloop
 endfacet
 facet normal -9.568158e-01  0.000000e+00  2.906949e-01
   outer loop
     vertex  9.216161e+01  8.700000e+01  1.737553e+01
     vertex  9.216161e+01  9.100000e+01  1.737553e+01
     vertex  9.214366e+01  9.100000e+01  1.731646e+01
   endloop
 endfacet
 facet normal -9.644306e-01  0.000000e+00  2.643362e-01
   outer loop
     vertex  9.217792e+01  8.700000e+01  1.743507e+01
     vertex  9.216161e+01  9.100000e+01  1.737553e+01
     vertex  9.216161e+01  8.700000e+01  1.737553e+01
   endloop
 endfacet
 facet normal -9.644306e-01  0.000000e+00  2.643362e-01
   outer loop
     vertex  9.217792e+01  8.700000e+01  1.743507e+01
     vertex  9.217792e+01  9.100000e+01  1.743507e+01
     vertex  9.216161e+01  9.100000e+01  1.737553e+01
   endloop
 endfacet
 facet normal -9.713194e-01  0.000000e+00  2.377784e-01
   outer loop
     vertex  9.217792e+01  8.700000e+01  1.743507e+01
     vertex  9.219260e+01  9.100000e+01  1.749503e+01
     vertex  9.217792e+01  9.100000e+01  1.743507e+01
   endloop
 endfacet
 facet normal -9.713194e-01  0.000000e+00  2.377784e-01
   outer loop
     vertex  9.219260e+01  8.700000e+01  1.749503e+01
     vertex  9.219260e+01  9.100000e+01  1.749503e+01
     vertex  9.217792e+01  8.700000e+01  1.743507e+01
   endloop
 endfacet
 facet normal -9.774771e-01  0.000000e+00  2.110417e-01
   outer loop
     vertex  9.219260e+01  8.700000e+01  1.749503e+01
     vertex  9.220563e+01  9.100000e+01  1.755537e+01
     vertex  9.219260e+01  9.100000e+01  1.749503e+01
   endloop
 endfacet
 facet normal -9.774771e-01  0.000000e+00  2.110417e-01
   outer loop
     vertex  9.220563e+01  8.700000e+01  1.755537e+01
     vertex  9.220563e+01  9.100000e+01  1.755537e+01
     vertex  9.219260e+01  8.700000e+01  1.749503e+01
   endloop
 endfacet
 facet normal -9.828989e-01  0.000000e+00  1.841461e-01
   outer loop
     vertex  9.221700e+01  8.700000e+01  1.761605e+01
     vertex  9.220563e+01  9.100000e+01  1.755537e+01
     vertex  9.220563e+01  8.700000e+01  1.755537e+01
   endloop
 endfacet
 facet normal -9.828989e-01  0.000000e+00  1.841461e-01
   outer loop
     vertex  9.221700e+01  8.700000e+01  1.761605e+01
     vertex  9.221700e+01  9.100000e+01  1.761605e+01
     vertex  9.220563e+01  9.100000e+01  1.755537e+01
   endloop
 endfacet
 facet normal -9.875808e-01  0.000000e+00  1.571119e-01
   outer loop
     vertex  9.222670e+01  8.700000e+01  1.767701e+01
     vertex  9.221700e+01  9.100000e+01  1.761605e+01
     vertex  9.221700e+01  8.700000e+01  1.761605e+01
   endloop
 endfacet
 facet normal -9.875808e-01  0.000000e+00  1.571119e-01
   outer loop
     vertex  9.222670e+01  8.700000e+01  1.767701e+01
     vertex  9.222670e+01  9.100000e+01  1.767701e+01
     vertex  9.221700e+01  9.100000e+01  1.761605e+01
   endloop
 endfacet
 facet normal -9.915193e-01  0.000000e+00  1.299594e-01
   outer loop
     vertex  9.223472e+01  8.700000e+01  1.773822e+01
     vertex  9.222670e+01  9.100000e+01  1.767701e+01
     vertex  9.222670e+01  8.700000e+01  1.767701e+01
   endloop
 endfacet
 facet normal -9.915193e-01  0.000000e+00  1.299594e-01
   outer loop
     vertex  9.223472e+01  8.700000e+01  1.773822e+01
     vertex  9.223472e+01  9.100000e+01  1.773822e+01
     vertex  9.222670e+01  9.100000e+01  1.767701e+01
   endloop
 endfacet
 facet normal -9.947114e-01  0.000000e+00  1.027091e-01
   outer loop
     vertex  9.224106e+01  8.700000e+01  1.779963e+01
     vertex  9.223472e+01  9.100000e+01  1.773822e+01
     vertex  9.223472e+01  8.700000e+01  1.773822e+01
   endloop
 endfacet
 facet normal -9.947114e-01  0.000000e+00  1.027091e-01
   outer loop
     vertex  9.224106e+01  8.700000e+01  1.779963e+01
     vertex  9.224106e+01  9.100000e+01  1.779963e+01
     vertex  9.223472e+01  9.100000e+01  1.773822e+01
   endloop
 endfacet
 facet normal -9.971548e-01  0.000000e+00  7.538152e-02
   outer loop
     vertex  9.224106e+01  8.700000e+01  1.779963e+01
     vertex  9.224571e+01  9.100000e+01  1.786119e+01
     vertex  9.224106e+01  9.100000e+01  1.779963e+01
   endloop
 endfacet
 facet normal -9.971548e-01  0.000000e+00  7.538152e-02
   outer loop
     vertex  9.224571e+01  8.700000e+01  1.786119e+01
     vertex  9.224571e+01  9.100000e+01  1.786119e+01
     vertex  9.224106e+01  8.700000e+01  1.779963e+01
   endloop
 endfacet
 facet normal -9.988475e-01  0.000000e+00  4.799716e-02
   outer loop
     vertex  9.224868e+01  8.700000e+01  1.792285e+01
     vertex  9.224571e+01  9.100000e+01  1.786119e+01
     vertex  9.224571e+01  8.700000e+01  1.786119e+01
   endloop
 endfacet
 facet normal -9.988475e-01  0.000000e+00  4.799716e-02
   outer loop
     vertex  9.224868e+01  8.700000e+01  1.792285e+01
     vertex  9.224868e+01  9.100000e+01  1.792285e+01
     vertex  9.224571e+01  9.100000e+01  1.786119e+01
   endloop
 endfacet
 facet normal -9.997883e-01  0.000000e+00  2.057667e-02
   outer loop
     vertex  9.224995e+01  8.700000e+01  1.798457e+01
     vertex  9.224995e+01  9.100000e+01  1.798457e+01
     vertex  9.224868e+01  9.100000e+01  1.792285e+01
   endloop
 endfacet
 facet normal -9.997883e-01  0.000000e+00  2.057667e-02
   outer loop
     vertex  9.224995e+01  8.700000e+01  1.798457e+01
     vertex  9.224868e+01  9.100000e+01  1.792285e+01
     vertex  9.224868e+01  8.700000e+01  1.792285e+01
   endloop
 endfacet
 facet normal -9.999765e-01  0.000000e+00 -6.859319e-03
   outer loop
     vertex  9.224995e+01  8.700000e+01  1.798457e+01
     vertex  9.224952e+01  9.100000e+01  1.804630e+01
     vertex  9.224995e+01  9.100000e+01  1.798457e+01
   endloop
 endfacet
 facet normal -9.999765e-01  0.000000e+00 -6.859319e-03
   outer loop
     vertex  9.224952e+01  8.700000e+01  1.804630e+01
     vertex  9.224952e+01  9.100000e+01  1.804630e+01
     vertex  9.224995e+01  8.700000e+01  1.798457e+01
   endloop
 endfacet
 facet normal -9.994119e-01  0.000000e+00 -3.429014e-02
   outer loop
     vertex  9.224741e+01  8.700000e+01  1.810799e+01
     vertex  9.224741e+01  9.100000e+01  1.810799e+01
     vertex  9.224952e+01  9.100000e+01  1.804630e+01
   endloop
 endfacet
 facet normal -9.980950e-01  0.000000e+00 -6.169515e-02
   outer loop
     vertex  9.224741e+01  8.700000e+01  1.810799e+01
     vertex  9.224360e+01  9.100000e+01  1.816961e+01
     vertex  9.224741e+01  9.100000e+01  1.810799e+01
   endloop
 endfacet
 facet normal -9.994119e-01  0.000000e+00 -3.429014e-02
   outer loop
     vertex  9.224741e+01  8.700000e+01  1.810799e+01
     vertex  9.224952e+01  9.100000e+01  1.804630e+01
     vertex  9.224952e+01  8.700000e+01  1.804630e+01
   endloop
 endfacet
 facet normal -9.960268e-01  0.000000e+00 -8.905371e-02
   outer loop
     vertex  9.224360e+01  8.700000e+01  1.816961e+01
     vertex  9.223810e+01  9.100000e+01  1.823110e+01
     vertex  9.224360e+01  9.100000e+01  1.816961e+01
   endloop
 endfacet
 facet normal -9.980950e-01  0.000000e+00 -6.169515e-02
   outer loop
     vertex  9.224360e+01  8.700000e+01  1.816961e+01
     vertex  9.224360e+01  9.100000e+01  1.816961e+01
     vertex  9.224741e+01  8.700000e+01  1.810799e+01
   endloop
 endfacet
 facet normal -9.960268e-01  0.000000e+00 -8.905371e-02
   outer loop
     vertex  9.223810e+01  8.700000e+01  1.823110e+01
     vertex  9.223810e+01  9.100000e+01  1.823110e+01
     vertex  9.224360e+01  8.700000e+01  1.816961e+01
   endloop
 endfacet
 facet normal -9.932088e-01  0.000000e+00 -1.163452e-01
   outer loop
     vertex  9.223092e+01  8.700000e+01  1.829241e+01
     vertex  9.223810e+01  9.100000e+01  1.823110e+01
     vertex  9.223810e+01  8.700000e+01  1.823110e+01
   endloop
 endfacet
 facet normal -9.932088e-01  0.000000e+00 -1.163452e-01
   outer loop
     vertex  9.223092e+01  8.700000e+01  1.829241e+01
     vertex  9.223092e+01  9.100000e+01  1.829241e+01
     vertex  9.223810e+01  9.100000e+01  1.823110e+01
   endloop
 endfacet
 facet normal -9.896432e-01  0.000000e+00 -1.435492e-01
   outer loop
     vertex  9.223092e+01  8.700000e+01  1.829241e+01
     vertex  9.222206e+01  9.100000e+01  1.835350e+01
     vertex  9.223092e+01  9.100000e+01  1.829241e+01
   endloop
 endfacet
 facet normal -9.896432e-01  0.000000e+00 -1.435492e-01
   outer loop
     vertex  9.222206e+01  8.700000e+01  1.835350e+01
     vertex  9.222206e+01  9.100000e+01  1.835350e+01
     vertex  9.223092e+01  8.700000e+01  1.829241e+01
   endloop
 endfacet
 facet normal -9.853326e-01  0.000000e+00 -1.706451e-01
   outer loop
     vertex  9.221152e+01  8.700000e+01  1.841433e+01
     vertex  9.222206e+01  9.100000e+01  1.835350e+01
     vertex  9.222206e+01  8.700000e+01  1.835350e+01
   endloop
 endfacet
 facet normal -9.853326e-01  0.000000e+00 -1.706451e-01
   outer loop
     vertex  9.221152e+01  8.700000e+01  1.841433e+01
     vertex  9.221152e+01  9.100000e+01  1.841433e+01
     vertex  9.222206e+01  9.100000e+01  1.835350e+01
   endloop
 endfacet
 facet normal -9.802802e-01  0.000000e+00 -1.976125e-01
   outer loop
     vertex  9.221152e+01  8.700000e+01  1.841433e+01
     vertex  9.219932e+01  9.100000e+01  1.847484e+01
     vertex  9.221152e+01  9.100000e+01  1.841433e+01
   endloop
 endfacet
 facet normal -9.802802e-01  0.000000e+00 -1.976125e-01
   outer loop
     vertex  9.219932e+01  8.700000e+01  1.847484e+01
     vertex  9.219932e+01  9.100000e+01  1.847484e+01
     vertex  9.221152e+01  8.700000e+01  1.841433e+01
   endloop
 endfacet
 facet normal -9.744899e-01  0.000000e+00 -2.244312e-01
   outer loop
     vertex  9.218547e+01  8.700000e+01  1.853500e+01
     vertex  9.219932e+01  9.100000e+01  1.847484e+01
     vertex  9.219932e+01  8.700000e+01  1.847484e+01
   endloop
 endfacet
 facet normal -9.744899e-01  0.000000e+00 -2.244312e-01
   outer loop
     vertex  9.218547e+01  8.700000e+01  1.853500e+01
     vertex  9.218547e+01  9.100000e+01  1.853500e+01
     vertex  9.219932e+01  9.100000e+01  1.847484e+01
   endloop
 endfacet
 facet normal -9.679661e-01  0.000000e+00 -2.510809e-01
   outer loop
     vertex  9.218547e+01  8.700000e+01  1.853500e+01
     vertex  9.216997e+01  9.100000e+01  1.859476e+01
     vertex  9.218547e+01  9.100000e+01  1.853500e+01
   endloop
 endfacet
 facet normal -9.679661e-01  0.000000e+00 -2.510809e-01
   outer loop
     vertex  9.216997e+01  8.700000e+01  1.859476e+01
     vertex  9.216997e+01  9.100000e+01  1.859476e+01
     vertex  9.218547e+01  8.700000e+01  1.853500e+01
   endloop
 endfacet
 facet normal -9.607136e-01  0.000000e+00 -2.775416e-01
   outer loop
     vertex  9.215284e+01  8.700000e+01  1.865406e+01
     vertex  9.216997e+01  9.100000e+01  1.859476e+01
     vertex  9.216997e+01  8.700000e+01  1.859476e+01
   endloop
 endfacet
 facet normal -9.607136e-01  0.000000e+00 -2.775416e-01
   outer loop
     vertex  9.215284e+01  8.700000e+01  1.865406e+01
     vertex  9.215284e+01  9.100000e+01  1.865406e+01
     vertex  9.216997e+01  9.100000e+01  1.859476e+01
   endloop
 endfacet
 facet normal -9.527379e-01  0.000000e+00 -3.037934e-01
   outer loop
     vertex  9.213408e+01  8.700000e+01  1.871288e+01
     vertex  9.215284e+01  9.100000e+01  1.865406e+01
     vertex  9.215284e+01  8.700000e+01  1.865406e+01
   endloop
 endfacet
 facet normal -9.527379e-01  0.000000e+00 -3.037934e-01
   outer loop
     vertex  9.213408e+01  8.700000e+01  1.871288e+01
     vertex  9.213408e+01  9.100000e+01  1.871288e+01
     vertex  9.215284e+01  9.100000e+01  1.865406e+01
   endloop
 endfacet
 facet normal -9.440450e-01  0.000000e+00 -3.298166e-01
   outer loop
     vertex  9.213408e+01  8.700000e+01  1.871288e+01
     vertex  9.211372e+01  9.100000e+01  1.877116e+01
     vertex  9.213408e+01  9.100000e+01  1.871288e+01
   endloop
 endfacet
 facet normal -9.440450e-01  0.000000e+00 -3.298166e-01
   outer loop
     vertex  9.211372e+01  8.700000e+01  1.877116e+01
     vertex  9.211372e+01  9.100000e+01  1.877116e+01
     vertex  9.213408e+01  8.700000e+01  1.871288e+01
   endloop
 endfacet
 facet normal -9.346415e-01  0.000000e+00 -3.555914e-01
   outer loop
     vertex  9.209177e+01  8.700000e+01  1.882885e+01
     vertex  9.211372e+01  9.100000e+01  1.877116e+01
     vertex  9.211372e+01  8.700000e+01  1.877116e+01
   endloop
 endfacet
 facet normal -9.346415e-01  0.000000e+00 -3.555914e-01
   outer loop
     vertex  9.209177e+01  8.700000e+01  1.882885e+01
     vertex  9.209177e+01  9.100000e+01  1.882885e+01
     vertex  9.211372e+01  9.100000e+01  1.877116e+01
   endloop
 endfacet
 facet normal -9.245344e-01  0.000000e+00 -3.810986e-01
   outer loop
     vertex  9.206824e+01  8.700000e+01  1.888593e+01
     vertex  9.209177e+01  9.100000e+01  1.882885e+01
     vertex  9.209177e+01  8.700000e+01  1.882885e+01
   endloop
 endfacet
 facet normal -9.245344e-01  0.000000e+00 -3.810986e-01
   outer loop
     vertex  9.206824e+01  8.700000e+01  1.888593e+01
     vertex  9.206824e+01  9.100000e+01  1.888593e+01
     vertex  9.209177e+01  9.100000e+01  1.882885e+01
   endloop
 endfacet
 facet normal -9.137314e-01  0.000000e+00 -4.063188e-01
   outer loop
     vertex  9.204316e+01  8.700000e+01  1.894233e+01
     vertex  9.204316e+01  9.100000e+01  1.894233e+01
     vertex  9.206824e+01  9.100000e+01  1.888593e+01
   endloop
 endfacet
 facet normal -9.137314e-01  0.000000e+00 -4.063188e-01
   outer loop
     vertex  9.204316e+01  8.700000e+01  1.894233e+01
     vertex  9.206824e+01  9.100000e+01  1.888593e+01
     vertex  9.206824e+01  8.700000e+01  1.888593e+01
   endloop
 endfacet
 facet normal -9.022405e-01  0.000000e+00 -4.312333e-01
   outer loop
     vertex  9.201654e+01  8.700000e+01  1.899803e+01
     vertex  9.201654e+01  9.100000e+01  1.899803e+01
     vertex  9.204316e+01  9.100000e+01  1.894233e+01
   endloop
 endfacet
 facet normal -9.022405e-01  0.000000e+00 -4.312333e-01
   outer loop
     vertex  9.201654e+01  8.700000e+01  1.899803e+01
     vertex  9.204316e+01  9.100000e+01  1.894233e+01
     vertex  9.204316e+01  8.700000e+01  1.894233e+01
   endloop
 endfacet
 facet normal -8.900704e-01  0.000000e+00 -4.558231e-01
   outer loop
     vertex  9.198840e+01  8.700000e+01  1.905298e+01
     vertex  9.198840e+01  9.100000e+01  1.905298e+01
     vertex  9.201654e+01  9.100000e+01  1.899803e+01
   endloop
 endfacet
 facet normal -8.772303e-01  0.000000e+00 -4.800697e-01
   outer loop
     vertex  9.198840e+01  8.700000e+01  1.905298e+01
     vertex  9.195876e+01  9.100000e+01  1.910713e+01
     vertex  9.198840e+01  9.100000e+01  1.905298e+01
   endloop
 endfacet
 facet normal -8.900704e-01  0.000000e+00 -4.558231e-01
   outer loop
     vertex  9.198840e+01  8.700000e+01  1.905298e+01
     vertex  9.201654e+01  9.100000e+01  1.899803e+01
     vertex  9.201654e+01  8.700000e+01  1.899803e+01
   endloop
 endfacet
 facet normal -8.637299e-01  0.000000e+00 -5.039550e-01
   outer loop
     vertex  9.195876e+01  8.700000e+01  1.910713e+01
     vertex  9.192765e+01  9.100000e+01  1.916045e+01
     vertex  9.195876e+01  9.100000e+01  1.910713e+01
   endloop
 endfacet
 facet normal -8.772303e-01  0.000000e+00 -4.800697e-01
   outer loop
     vertex  9.195876e+01  8.700000e+01  1.910713e+01
     vertex  9.195876e+01  9.100000e+01  1.910713e+01
     vertex  9.198840e+01  8.700000e+01  1.905298e+01
   endloop
 endfacet
 facet normal -8.495793e-01  0.000000e+00 -5.274609e-01
   outer loop
     vertex  9.192765e+01  8.700000e+01  1.916045e+01
     vertex  9.189509e+01  9.100000e+01  1.921290e+01
     vertex  9.192765e+01  9.100000e+01  1.916045e+01
   endloop
 endfacet
 facet normal -8.637299e-01  0.000000e+00 -5.039550e-01
   outer loop
     vertex  9.192765e+01  8.700000e+01  1.916045e+01
     vertex  9.192765e+01  9.100000e+01  1.916045e+01
     vertex  9.195876e+01  8.700000e+01  1.910713e+01
   endloop
 endfacet
 facet normal -8.495793e-01  0.000000e+00 -5.274609e-01
   outer loop
     vertex  9.189509e+01  8.700000e+01  1.921290e+01
     vertex  9.189509e+01  9.100000e+01  1.921290e+01
     vertex  9.192765e+01  8.700000e+01  1.916045e+01
   endloop
 endfacet
 facet normal -8.347891e-01  0.000000e+00 -5.505698e-01
   outer loop
     vertex  9.186110e+01  8.700000e+01  1.926443e+01
     vertex  9.186110e+01  9.100000e+01  1.926443e+01
     vertex  9.189509e+01  9.100000e+01  1.921290e+01
   endloop
 endfacet
 facet normal -8.347891e-01  0.000000e+00 -5.505698e-01
   outer loop
     vertex  9.186110e+01  8.700000e+01  1.926443e+01
     vertex  9.189509e+01  9.100000e+01  1.921290e+01
     vertex  9.189509e+01  8.700000e+01  1.921290e+01
   endloop
 endfacet
 facet normal -8.193706e-01  0.000000e+00 -5.732642e-01
   outer loop
     vertex  9.182572e+01  8.700000e+01  1.931501e+01
     vertex  9.182572e+01  9.100000e+01  1.931501e+01
     vertex  9.186110e+01  9.100000e+01  1.926443e+01
   endloop
 endfacet
 facet normal -8.033352e-01  0.000000e+00 -5.955271e-01
   outer loop
     vertex  9.182572e+01  8.700000e+01  1.931501e+01
     vertex  9.178895e+01  9.100000e+01  1.936461e+01
     vertex  9.182572e+01  9.100000e+01  1.931501e+01
   endloop
 endfacet
 facet normal -8.193706e-01  0.000000e+00 -5.732642e-01
   outer loop
     vertex  9.182572e+01  8.700000e+01  1.931501e+01
     vertex  9.186110e+01  9.100000e+01  1.926443e+01
     vertex  9.186110e+01  8.700000e+01  1.926443e+01
   endloop
 endfacet
 facet normal -8.033352e-01  0.000000e+00 -5.955271e-01
   outer loop
     vertex  9.178895e+01  8.700000e+01  1.936461e+01
     vertex  9.178895e+01  9.100000e+01  1.936461e+01
     vertex  9.182572e+01  8.700000e+01  1.931501e+01
   endloop
 endfacet
 facet normal -7.866951e-01  0.000000e+00 -6.173417e-01
   outer loop
     vertex  9.175084e+01  8.700000e+01  1.941317e+01
     vertex  9.175084e+01  9.100000e+01  1.941317e+01
     vertex  9.178895e+01  9.100000e+01  1.936461e+01
   endloop
 endfacet
 facet normal -7.694628e-01  0.000000e+00 -6.386916e-01
   outer loop
     vertex  9.175084e+01  8.700000e+01  1.941317e+01
     vertex  9.171141e+01  9.100000e+01  1.946067e+01
     vertex  9.175084e+01  9.100000e+01  1.941317e+01
   endloop
 endfacet
 facet normal -7.866951e-01  0.000000e+00 -6.173417e-01
   outer loop
     vertex  9.175084e+01  8.700000e+01  1.941317e+01
     vertex  9.178895e+01  9.100000e+01  1.936461e+01
     vertex  9.178895e+01  8.700000e+01  1.936461e+01
   endloop
 endfacet
 facet normal -7.694628e-01  0.000000e+00 -6.386916e-01
   outer loop
     vertex  9.171141e+01  8.700000e+01  1.946067e+01
     vertex  9.171141e+01  9.100000e+01  1.946067e+01
     vertex  9.175084e+01  8.700000e+01  1.941317e+01
   endloop
 endfacet
 facet normal -7.516513e-01  0.000000e+00 -6.595607e-01
   outer loop
     vertex  9.167070e+01  8.700000e+01  1.950707e+01
     vertex  9.167070e+01  9.100000e+01  1.950707e+01
     vertex  9.171141e+01  9.100000e+01  1.946067e+01
   endloop
 endfacet
 facet normal -7.516513e-01  0.000000e+00 -6.595607e-01
   outer loop
     vertex  9.167070e+01  8.700000e+01  1.950707e+01
     vertex  9.171141e+01  9.100000e+01  1.946067e+01
     vertex  9.171141e+01  8.700000e+01  1.946067e+01
   endloop
 endfacet
 facet normal -7.332740e-01  0.000000e+00 -6.799333e-01
   outer loop
     vertex  9.162872e+01  8.700000e+01  1.955234e+01
     vertex  9.162872e+01  9.100000e+01  1.955234e+01
     vertex  9.167070e+01  9.100000e+01  1.950707e+01
   endloop
 endfacet
 facet normal -7.143447e-01  0.000000e+00 -6.997940e-01
   outer loop
     vertex  9.162872e+01  8.700000e+01  1.955234e+01
     vertex  9.158552e+01  9.100000e+01  1.959644e+01
     vertex  9.162872e+01  9.100000e+01  1.955234e+01
   endloop
 endfacet
 facet normal -7.332740e-01  0.000000e+00 -6.799333e-01
   outer loop
     vertex  9.162872e+01  8.700000e+01  1.955234e+01
     vertex  9.167070e+01  9.100000e+01  1.950707e+01
     vertex  9.167070e+01  8.700000e+01  1.950707e+01
   endloop
 endfacet
 facet normal -7.143447e-01  0.000000e+00 -6.997940e-01
   outer loop
     vertex  9.158552e+01  8.700000e+01  1.959644e+01
     vertex  9.158552e+01  9.100000e+01  1.959644e+01
     vertex  9.162872e+01  8.700000e+01  1.955234e+01
   endloop
 endfacet
 facet normal -6.948776e-01  0.000000e+00 -7.191280e-01
   outer loop
     vertex  9.158552e+01  8.700000e+01  1.959644e+01
     vertex  9.154113e+01  9.100000e+01  1.963933e+01
     vertex  9.158552e+01  9.100000e+01  1.959644e+01
   endloop
 endfacet
 facet normal -6.948776e-01  0.000000e+00 -7.191280e-01
   outer loop
     vertex  9.154113e+01  8.700000e+01  1.963933e+01
     vertex  9.154113e+01  9.100000e+01  1.963933e+01
     vertex  9.158552e+01  8.700000e+01  1.959644e+01
   endloop
 endfacet
 facet normal -6.748875e-01  0.000000e+00 -7.379206e-01
   outer loop
     vertex  9.154113e+01  8.700000e+01  1.963933e+01
     vertex  9.149558e+01  9.100000e+01  1.968100e+01
     vertex  9.154113e+01  9.100000e+01  1.963933e+01
   endloop
 endfacet
 facet normal -6.748875e-01  0.000000e+00 -7.379206e-01
   outer loop
     vertex  9.149558e+01  8.700000e+01  1.968100e+01
     vertex  9.149558e+01  9.100000e+01  1.968100e+01
     vertex  9.154113e+01  8.700000e+01  1.963933e+01
   endloop
 endfacet
 facet normal -6.543893e-01  0.000000e+00 -7.561578e-01
   outer loop
     vertex  9.144890e+01  8.700000e+01  1.972139e+01
     vertex  9.149558e+01  9.100000e+01  1.968100e+01
     vertex  9.149558e+01  8.700000e+01  1.968100e+01
   endloop
 endfacet
 facet normal -6.543893e-01  0.000000e+00 -7.561578e-01
   outer loop
     vertex  9.144890e+01  8.700000e+01  1.972139e+01
     vertex  9.144890e+01  9.100000e+01  1.972139e+01
     vertex  9.149558e+01  9.100000e+01  1.968100e+01
   endloop
 endfacet
 facet normal -6.333986e-01  0.000000e+00 -7.738257e-01
   outer loop
     vertex  9.144890e+01  8.700000e+01  1.972139e+01
     vertex  9.140113e+01  9.100000e+01  1.976049e+01
     vertex  9.144890e+01  9.100000e+01  1.972139e+01
   endloop
 endfacet
 facet normal -6.333986e-01  0.000000e+00 -7.738257e-01
   outer loop
     vertex  9.140113e+01  8.700000e+01  1.976049e+01
     vertex  9.140113e+01  9.100000e+01  1.976049e+01
     vertex  9.144890e+01  8.700000e+01  1.972139e+01
   endloop
 endfacet
 facet normal -6.119310e-01  0.000000e+00 -7.909112e-01
   outer loop
     vertex  9.135230e+01  8.700000e+01  1.979827e+01
     vertex  9.135230e+01  9.100000e+01  1.979827e+01
     vertex  9.140113e+01  9.100000e+01  1.976049e+01
   endloop
 endfacet
 facet normal -5.900028e-01  0.000000e+00 -8.074012e-01
   outer loop
     vertex  9.135230e+01  8.700000e+01  1.979827e+01
     vertex  9.130246e+01  9.100000e+01  1.983469e+01
     vertex  9.135230e+01  9.100000e+01  1.979827e+01
   endloop
 endfacet
 facet normal -6.119310e-01  0.000000e+00 -7.909112e-01
   outer loop
     vertex  9.135230e+01  8.700000e+01  1.979827e+01
     vertex  9.140113e+01  9.100000e+01  1.976049e+01
     vertex  9.140113e+01  8.700000e+01  1.976049e+01
   endloop
 endfacet
 facet normal -5.900028e-01  0.000000e+00 -8.074012e-01
   outer loop
     vertex  9.130246e+01  8.700000e+01  1.983469e+01
     vertex  9.130246e+01  9.100000e+01  1.983469e+01
     vertex  9.135230e+01  8.700000e+01  1.979827e+01
   endloop
 endfacet
 facet normal -5.676304e-01  0.000000e+00 -8.232835e-01
   outer loop
     vertex  9.125164e+01  8.700000e+01  1.986973e+01
     vertex  9.125164e+01  9.100000e+01  1.986973e+01
     vertex  9.130246e+01  9.100000e+01  1.983469e+01
   endloop
 endfacet
 facet normal -5.676304e-01  0.000000e+00 -8.232835e-01
   outer loop
     vertex  9.125164e+01  8.700000e+01  1.986973e+01
     vertex  9.130246e+01  9.100000e+01  1.983469e+01
     vertex  9.130246e+01  8.700000e+01  1.983469e+01
   endloop
 endfacet
 facet normal -5.448308e-01  0.000000e+00 -8.385460e-01
   outer loop
     vertex  9.119987e+01  8.700000e+01  1.990337e+01
     vertex  9.119987e+01  9.100000e+01  1.990337e+01
     vertex  9.125164e+01  9.100000e+01  1.986973e+01
   endloop
 endfacet
 facet normal -5.448308e-01  0.000000e+00 -8.385460e-01
   outer loop
     vertex  9.119987e+01  8.700000e+01  1.990337e+01
     vertex  9.125164e+01  9.100000e+01  1.986973e+01
     vertex  9.125164e+01  8.700000e+01  1.986973e+01
   endloop
 endfacet
 facet normal -5.216210e-01  0.000000e+00 -8.531773e-01
   outer loop
     vertex  9.114720e+01  8.700000e+01  1.993557e+01
     vertex  9.114720e+01  9.100000e+01  1.993557e+01
     vertex  9.119987e+01  9.100000e+01  1.990337e+01
   endloop
 endfacet
 facet normal -5.216210e-01  0.000000e+00 -8.531773e-01
   outer loop
     vertex  9.114720e+01  8.700000e+01  1.993557e+01
     vertex  9.119987e+01  9.100000e+01  1.990337e+01
     vertex  9.119987e+01  8.700000e+01  1.990337e+01
   endloop
 endfacet
 facet normal -4.980186e-01  0.000000e+00 -8.671664e-01
   outer loop
     vertex  9.109367e+01  8.700000e+01  1.996631e+01
     vertex  9.109367e+01  9.100000e+01  1.996631e+01
     vertex  9.114720e+01  9.100000e+01  1.993557e+01
   endloop
 endfacet
 facet normal -4.980186e-01  0.000000e+00 -8.671664e-01
   outer loop
     vertex  9.109367e+01  8.700000e+01  1.996631e+01
     vertex  9.114720e+01  9.100000e+01  1.993557e+01
     vertex  9.114720e+01  8.700000e+01  1.993557e+01
   endloop
 endfacet
 facet normal -4.740412e-01  0.000000e+00 -8.805026e-01
   outer loop
     vertex  9.103931e+01  8.700000e+01  1.999558e+01
     vertex  9.103931e+01  9.100000e+01  1.999558e+01
     vertex  9.109367e+01  9.100000e+01  1.996631e+01
   endloop
 endfacet
 facet normal -4.740412e-01  0.000000e+00 -8.805026e-01
   outer loop
     vertex  9.103931e+01  8.700000e+01  1.999558e+01
     vertex  9.109367e+01  9.100000e+01  1.996631e+01
     vertex  9.109367e+01  8.700000e+01  1.996631e+01
   endloop
 endfacet
 facet normal -4.497071e-01  0.000000e+00 -8.931761e-01
   outer loop
     vertex  9.098418e+01  8.700000e+01  2.002334e+01
     vertex  9.098418e+01  9.100000e+01  2.002334e+01
     vertex  9.103931e+01  9.100000e+01  1.999558e+01
   endloop
 endfacet
 facet normal -4.250344e-01  0.000000e+00 -9.051772e-01
   outer loop
     vertex  9.098418e+01  8.700000e+01  2.002334e+01
     vertex  9.092830e+01  9.100000e+01  2.004958e+01
     vertex  9.098418e+01  9.100000e+01  2.002334e+01
   endloop
 endfacet
 facet normal -4.497071e-01  0.000000e+00 -8.931761e-01
   outer loop
     vertex  9.098418e+01  8.700000e+01  2.002334e+01
     vertex  9.103931e+01  9.100000e+01  1.999558e+01
     vertex  9.103931e+01  8.700000e+01  1.999558e+01
   endloop
 endfacet
 facet normal -4.250344e-01  0.000000e+00 -9.051772e-01
   outer loop
     vertex  9.092830e+01  8.700000e+01  2.004958e+01
     vertex  9.092830e+01  9.100000e+01  2.004958e+01
     vertex  9.098418e+01  8.700000e+01  2.002334e+01
   endloop
 endfacet
 facet normal -4.000417e-01  0.000000e+00 -9.164969e-01
   outer loop
     vertex  9.087172e+01  8.700000e+01  2.007427e+01
     vertex  9.087172e+01  9.100000e+01  2.007427e+01
     vertex  9.092830e+01  9.100000e+01  2.004958e+01
   endloop
 endfacet
 facet normal -3.747479e-01  0.000000e+00 -9.271267e-01
   outer loop
     vertex  9.087172e+01  8.700000e+01  2.007427e+01
     vertex  9.081449e+01  9.100000e+01  2.009741e+01
     vertex  9.087172e+01  9.100000e+01  2.007427e+01
   endloop
 endfacet
 facet normal -4.000417e-01  0.000000e+00 -9.164969e-01
   outer loop
     vertex  9.087172e+01  8.700000e+01  2.007427e+01
     vertex  9.092830e+01  9.100000e+01  2.004958e+01
     vertex  9.092830e+01  8.700000e+01  2.004958e+01
   endloop
 endfacet
 facet normal -3.747479e-01  0.000000e+00 -9.271267e-01
   outer loop
     vertex  9.081449e+01  8.700000e+01  2.009741e+01
     vertex  9.081449e+01  9.100000e+01  2.009741e+01
     vertex  9.087172e+01  8.700000e+01  2.007427e+01
   endloop
 endfacet
 facet normal -3.491720e-01  0.000000e+00 -9.370586e-01
   outer loop
     vertex  9.075664e+01  8.700000e+01  2.011896e+01
     vertex  9.075664e+01  9.100000e+01  2.011896e+01
     vertex  9.081449e+01  9.100000e+01  2.009741e+01
   endloop
 endfacet
 facet normal -3.491720e-01  0.000000e+00 -9.370586e-01
   outer loop
     vertex  9.075664e+01  8.700000e+01  2.011896e+01
     vertex  9.081449e+01  9.100000e+01  2.009741e+01
     vertex  9.081449e+01  8.700000e+01  2.009741e+01
   endloop
 endfacet
 facet normal -3.233333e-01  0.000000e+00 -9.462851e-01
   outer loop
     vertex  9.069822e+01  8.700000e+01  2.013892e+01
     vertex  9.069822e+01  9.100000e+01  2.013892e+01
     vertex  9.075664e+01  9.100000e+01  2.011896e+01
   endloop
 endfacet
 facet normal -3.233333e-01  0.000000e+00 -9.462851e-01
   outer loop
     vertex  9.069822e+01  8.700000e+01  2.013892e+01
     vertex  9.075664e+01  9.100000e+01  2.011896e+01
     vertex  9.075664e+01  8.700000e+01  2.011896e+01
   endloop
 endfacet
 facet normal -2.972512e-01  0.000000e+00 -9.547993e-01
   outer loop
     vertex  9.063928e+01  8.700000e+01  2.015727e+01
     vertex  9.063928e+01  9.100000e+01  2.015727e+01
     vertex  9.069822e+01  9.100000e+01  2.013892e+01
   endloop
 endfacet
 facet normal -2.709453e-01  0.000000e+00 -9.625948e-01
   outer loop
     vertex  9.063928e+01  8.700000e+01  2.015727e+01
     vertex  9.057986e+01  9.100000e+01  2.017400e+01
     vertex  9.063928e+01  9.100000e+01  2.015727e+01
   endloop
 endfacet
 facet normal -2.972512e-01  0.000000e+00 -9.547993e-01
   outer loop
     vertex  9.063928e+01  8.700000e+01  2.015727e+01
     vertex  9.069822e+01  9.100000e+01  2.013892e+01
     vertex  9.069822e+01  8.700000e+01  2.013892e+01
   endloop
 endfacet
 facet normal -2.709453e-01  0.000000e+00 -9.625948e-01
   outer loop
     vertex  9.057986e+01  8.700000e+01  2.017400e+01
     vertex  9.057986e+01  9.100000e+01  2.017400e+01
     vertex  9.063928e+01  8.700000e+01  2.015727e+01
   endloop
 endfacet
 facet normal -2.444354e-01  0.000000e+00 -9.696656e-01
   outer loop
     vertex  9.052000e+01  8.700000e+01  2.018909e+01
     vertex  9.052000e+01  9.100000e+01  2.018909e+01
     vertex  9.057986e+01  9.100000e+01  2.017400e+01
   endloop
 endfacet
 facet normal -2.444354e-01  0.000000e+00 -9.696656e-01
   outer loop
     vertex  9.052000e+01  8.700000e+01  2.018909e+01
     vertex  9.057986e+01  9.100000e+01  2.017400e+01
     vertex  9.057986e+01  8.700000e+01  2.017400e+01
   endloop
 endfacet
 facet normal -2.177416e-01  0.000000e+00 -9.760065e-01
   outer loop
     vertex  9.045975e+01  8.700000e+01  2.020253e+01
     vertex  9.045975e+01  9.100000e+01  2.020253e+01
     vertex  9.052000e+01  9.100000e+01  2.018909e+01
   endloop
 endfacet
 facet normal -2.177416e-01  0.000000e+00 -9.760065e-01
   outer loop
     vertex  9.045975e+01  8.700000e+01  2.020253e+01
     vertex  9.052000e+01  9.100000e+01  2.018909e+01
     vertex  9.052000e+01  8.700000e+01  2.018909e+01
   endloop
 endfacet
 facet normal -1.908838e-01  0.000000e+00 -9.816126e-01
   outer loop
     vertex  9.039915e+01  8.700000e+01  2.021431e+01
     vertex  9.039915e+01  9.100000e+01  2.021431e+01
     vertex  9.045975e+01  9.100000e+01  2.020253e+01
   endloop
 endfacet
 facet normal -1.638824e-01  0.000000e+00 -9.864799e-01
   outer loop
     vertex  9.039915e+01  8.700000e+01  2.021431e+01
     vertex  9.033825e+01  9.100000e+01  2.022443e+01
     vertex  9.039915e+01  9.100000e+01  2.021431e+01
   endloop
 endfacet
 facet normal -1.908838e-01  0.000000e+00 -9.816126e-01
   outer loop
     vertex  9.039915e+01  8.700000e+01  2.021431e+01
     vertex  9.045975e+01  9.100000e+01  2.020253e+01
     vertex  9.045975e+01  8.700000e+01  2.020253e+01
   endloop
 endfacet
 facet normal -1.367575e-01  0.000000e+00 -9.906046e-01
   outer loop
     vertex  9.033825e+01  8.700000e+01  2.022443e+01
     vertex  9.027710e+01  9.100000e+01  2.023287e+01
     vertex  9.033825e+01  9.100000e+01  2.022443e+01
   endloop
 endfacet
 facet normal -1.638824e-01  0.000000e+00 -9.864799e-01
   outer loop
     vertex  9.033825e+01  8.700000e+01  2.022443e+01
     vertex  9.033825e+01  9.100000e+01  2.022443e+01
     vertex  9.039915e+01  8.700000e+01  2.021431e+01
   endloop
 endfacet
 facet normal -1.367575e-01  0.000000e+00 -9.906046e-01
   outer loop
     vertex  9.027710e+01  8.700000e+01  2.023287e+01
     vertex  9.027710e+01  9.100000e+01  2.023287e+01
     vertex  9.033825e+01  8.700000e+01  2.022443e+01
   endloop
 endfacet
 facet normal -1.095298e-01  0.000000e+00 -9.939835e-01
   outer loop
     vertex  9.021574e+01  8.700000e+01  2.023963e+01
     vertex  9.027710e+01  9.100000e+01  2.023287e+01
     vertex  9.027710e+01  8.700000e+01  2.023287e+01
   endloop
 endfacet
 facet normal -1.095298e-01  0.000000e+00 -9.939835e-01
   outer loop
     vertex  9.021574e+01  8.700000e+01  2.023963e+01
     vertex  9.021574e+01  9.100000e+01  2.023963e+01
     vertex  9.027710e+01  9.100000e+01  2.023287e+01
   endloop
 endfacet
 facet normal -8.221955e-02  0.000000e+00 -9.966142e-01
   outer loop
     vertex  9.015421e+01  8.700000e+01  2.024471e+01
     vertex  9.021574e+01  9.100000e+01  2.023963e+01
     vertex  9.021574e+01  8.700000e+01  2.023963e+01
   endloop
 endfacet
 facet normal -8.221955e-02  0.000000e+00 -9.966142e-01
   outer loop
     vertex  9.015421e+01  8.700000e+01  2.024471e+01
     vertex  9.015421e+01  9.100000e+01  2.024471e+01
     vertex  9.021574e+01  9.100000e+01  2.023963e+01
   endloop
 endfacet
 facet normal -5.484744e-02  0.000000e+00 -9.984947e-01
   outer loop
     vertex  9.015421e+01  8.700000e+01  2.024471e+01
     vertex  9.009258e+01  9.100000e+01  2.024809e+01
     vertex  9.015421e+01  9.100000e+01  2.024471e+01
   endloop
 endfacet
 facet normal -5.484744e-02  0.000000e+00 -9.984947e-01
   outer loop
     vertex  9.009258e+01  8.700000e+01  2.024809e+01
     vertex  9.009258e+01  9.100000e+01  2.024809e+01
     vertex  9.015421e+01  8.700000e+01  2.024471e+01
   endloop
 endfacet
 facet normal -2.743405e-02  0.000000e+00 -9.996236e-01
   outer loop
     vertex  9.009258e+01  8.700000e+01  2.024809e+01
     vertex  9.003087e+01  9.100000e+01  2.024979e+01
     vertex  9.009258e+01  9.100000e+01  2.024809e+01
   endloop
 endfacet
 facet normal -2.743405e-02  0.000000e+00 -9.996236e-01
   outer loop
     vertex  9.003087e+01  8.700000e+01  2.024979e+01
     vertex  9.003087e+01  9.100000e+01  2.024979e+01
     vertex  9.009258e+01  8.700000e+01  2.024809e+01
   endloop
 endfacet
 facet normal  0.000000e+00  0.000000e+00 -1.000000e+00
   outer loop
     vertex  8.996913e+01  8.700000e+01  2.024979e+01
     vertex  9.003087e+01  9.100000e+01  2.024979e+01
     vertex  9.003087e+01  8.700000e+01  2.024979e+01
   endloop
 endfacet
 facet normal  0.000000e+00  0.000000e+00 -1.000000e+00
   outer loop
     vertex  8.996913e+01  8.700000e+01  2.024979e+01
     vertex  8.996913e+01  9.100000e+01  2.024979e+01
     vertex  9.003087e+01  9.100000e+01  2.024979e+01
   endloop
 endfacet
 facet normal  2.743405e-02  0.000000e+00 -9.996236e-01
   outer loop
     vertex  8.996913e+01  8.700000e+01  2.024979e+01
     vertex  8.990742e+01  9.100000e+01  2.024809e+01
     vertex  8.996913e+01  9.100000e+01  2.024979e+01
   endloop
 endfacet
 facet normal  2.743405e-02  0.000000e+00 -9.996236e-01
   outer loop
     vertex  8.990742e+01  8.700000e+01  2.024809e+01
     vertex  8.990742e+01  9.100000e+01  2.024809e+01
     vertex  8.996913e+01  8.700000e+01  2.024979e+01
   endloop
 endfacet
 facet normal  5.484744e-02  0.000000e+00 -9.984947e-01
   outer loop
     vertex  8.984579e+01  8.700000e+01  2.024471e+01
     vertex  8.990742e+01  9.100000e+01  2.024809e+01
     vertex  8.990742e+01  8.700000e+01  2.024809e+01
   endloop
 endfacet
 facet normal  5.484744e-02  0.000000e+00 -9.984947e-01
   outer loop
     vertex  8.984579e+01  8.700000e+01  2.024471e+01
     vertex  8.984579e+01  9.100000e+01  2.024471e+01
     vertex  8.990742e+01  9.100000e+01  2.024809e+01
   endloop
 endfacet
 facet normal  8.221955e-02  0.000000e+00 -9.966142e-01
   outer loop
     vertex  8.984579e+01  8.700000e+01  2.024471e+01
     vertex  8.978426e+01  9.100000e+01  2.023963e+01
     vertex  8.984579e+01  9.100000e+01  2.024471e+01
   endloop
 endfacet
 facet normal  8.221955e-02  0.000000e+00 -9.966142e-01
   outer loop
     vertex  8.978426e+01  8.700000e+01  2.023963e+01
     vertex  8.978426e+01  9.100000e+01  2.023963e+01
     vertex  8.984579e+01  8.700000e+01  2.024471e+01
   endloop
 endfacet
 facet normal  1.095298e-01  0.000000e+00 -9.939835e-01
   outer loop
     vertex  8.978426e+01  8.700000e+01  2.023963e+01
     vertex  8.972290e+01  9.100000e+01  2.023287e+01
     vertex  8.978426e+01  9.100000e+01  2.023963e+01
   endloop
 endfacet
 facet normal  1.095298e-01  0.000000e+00 -9.939835e-01
   outer loop
     vertex  8.972290e+01  8.700000e+01  2.023287e+01
     vertex  8.972290e+01  9.100000e+01  2.023287e+01
     vertex  8.978426e+01  8.700000e+01  2.023963e+01
   endloop
 endfacet
 facet normal  1.367575e-01  0.000000e+00 -9.906046e-01
   outer loop
     vertex  8.966175e+01  8.700000e+01  2.022443e+01
     vertex  8.972290e+01  9.100000e+01  2.023287e+01
     vertex  8.972290e+01  8.700000e+01  2.023287e+01
   endloop
 endfacet
 facet normal  1.367575e-01  0.000000e+00 -9.906046e-01
   outer loop
     vertex  8.966175e+01  8.700000e+01  2.022443e+01
     vertex  8.966175e+01  9.100000e+01  2.022443e+01
     vertex  8.972290e+01  9.100000e+01  2.023287e+01
   endloop
 endfacet
 facet normal  1.638824e-01  0.000000e+00 -9.864799e-01
   outer loop
     vertex  8.960085e+01  8.700000e+01  2.021431e+01
     vertex  8.966175e+01  9.100000e+01  2.022443e+01
     vertex  8.966175e+01  8.700000e+01  2.022443e+01
   endloop
 endfacet
 facet normal  1.638824e-01  0.000000e+00 -9.864799e-01
   outer loop
     vertex  8.960085e+01  8.700000e+01  2.021431e+01
     vertex  8.960085e+01  9.100000e+01  2.021431e+01
     vertex  8.966175e+01  9.100000e+01  2.022443e+01
   endloop
 endfacet
 facet normal  1.908838e-01  0.000000e+00 -9.816126e-01
   outer loop
     vertex  8.960085e+01  8.700000e+01  2.021431e+01
     vertex  8.954025e+01  9.100000e+01  2.020253e+01
     vertex  8.960085e+01  9.100000e+01  2.021431e+01
   endloop
 endfacet
 facet normal  1.908838e-01  0.000000e+00 -9.816126e-01
   outer loop
     vertex  8.954025e+01  8.700000e+01  2.020253e+01
     vertex  8.954025e+01  9.100000e+01  2.020253e+01
     vertex  8.960085e+01  8.700000e+01  2.021431e+01
   endloop
 endfacet
 facet normal  2.177416e-01  0.000000e+00 -9.760065e-01
   outer loop
     vertex  8.948000e+01  8.700000e+01  2.018909e+01
     vertex  8.948000e+01  9.100000e+01  2.018909e+01
     vertex  8.954025e+01  9.100000e+01  2.020253e+01
   endloop
 endfacet
 facet normal  2.177416e-01  0.000000e+00 -9.760065e-01
   outer loop
     vertex  8.948000e+01  8.700000e+01  2.018909e+01
     vertex  8.954025e+01  9.100000e+01  2.020253e+01
     vertex  8.954025e+01  8.700000e+01  2.020253e+01
   endloop
 endfacet
 facet normal  2.444354e-01  0.000000e+00 -9.696656e-01
   outer loop
     vertex  8.942014e+01  8.700000e+01  2.017400e+01
     vertex  8.942014e+01  9.100000e+01  2.017400e+01
     vertex  8.948000e+01  9.100000e+01  2.018909e+01
   endloop
 endfacet
 facet normal  2.709453e-01  0.000000e+00 -9.625948e-01
   outer loop
     vertex  8.942014e+01  8.700000e+01  2.017400e+01
     vertex  8.936072e+01  9.100000e+01  2.015727e+01
     vertex  8.942014e+01  9.100000e+01  2.017400e+01
   endloop
 endfacet
 facet normal  2.444354e-01  0.000000e+00 -9.696656e-01
   outer loop
     vertex  8.942014e+01  8.700000e+01  2.017400e+01
     vertex  8.948000e+01  9.100000e+01  2.018909e+01
     vertex  8.948000e+01  8.700000e+01  2.018909e+01
   endloop
 endfacet
 facet normal  2.709453e-01  0.000000e+00 -9.625948e-01
   outer loop
     vertex  8.936072e+01  8.700000e+01  2.015727e+01
     vertex  8.936072e+01  9.100000e+01  2.015727e+01
     vertex  8.942014e+01  8.700000e+01  2.017400e+01
   endloop
 endfacet
 facet normal  2.972512e-01  0.000000e+00 -9.547993e-01
   outer loop
     vertex  8.930178e+01  8.700000e+01  2.013892e+01
     vertex  8.930178e+01  9.100000e+01  2.013892e+01
     vertex  8.936072e+01  9.100000e+01  2.015727e+01
   endloop
 endfacet
 facet normal  2.972512e-01  0.000000e+00 -9.547993e-01
   outer loop
     vertex  8.930178e+01  8.700000e+01  2.013892e+01
     vertex  8.936072e+01  9.100000e+01  2.015727e+01
     vertex  8.936072e+01  8.700000e+01  2.015727e+01
   endloop
 endfacet
 facet normal  3.233333e-01  0.000000e+00 -9.462851e-01
   outer loop
     vertex  8.924336e+01  8.700000e+01  2.011896e+01
     vertex  8.924336e+01  9.100000e+01  2.011896e+01
     vertex  8.930178e+01  9.100000e+01  2.013892e+01
   endloop
 endfacet
 facet normal  3.233333e-01  0.000000e+00 -9.462851e-01
   outer loop
     vertex  8.924336e+01  8.700000e+01  2.011896e+01
     vertex  8.930178e+01  9.100000e+01  2.013892e+01
     vertex  8.930178e+01  8.700000e+01  2.013892e+01
   endloop
 endfacet
 facet normal  3.491720e-01  0.000000e+00 -9.370586e-01
   outer loop
     vertex  8.918551e+01  8.700000e+01  2.009741e+01
     vertex  8.918551e+01  9.100000e+01  2.009741e+01
     vertex  8.924336e+01  9.100000e+01  2.011896e+01
   endloop
 endfacet
 facet normal  3.747479e-01  0.000000e+00 -9.271267e-01
   outer loop
     vertex  8.918551e+01  8.700000e+01  2.009741e+01
     vertex  8.912828e+01  9.100000e+01  2.007427e+01
     vertex  8.918551e+01  9.100000e+01  2.009741e+01
   endloop
 endfacet
 facet normal  3.491720e-01  0.000000e+00 -9.370586e-01
   outer loop
     vertex  8.918551e+01  8.700000e+01  2.009741e+01
     vertex  8.924336e+01  9.100000e+01  2.011896e+01
     vertex  8.924336e+01  8.700000e+01  2.011896e+01
   endloop
 endfacet
 facet normal  3.747479e-01  0.000000e+00 -9.271267e-01
   outer loop
     vertex  8.912828e+01  8.700000e+01  2.007427e+01
     vertex  8.912828e+01  9.100000e+01  2.007427e+01
     vertex  8.918551e+01  8.700000e+01  2.009741e+01
   endloop
 endfacet
 facet normal  4.000417e-01  0.000000e+00 -9.164969e-01
   outer loop
     vertex  8.907170e+01  8.700000e+01  2.004958e+01
     vertex  8.907170e+01  9.100000e+01  2.004958e+01
     vertex  8.912828e+01  9.100000e+01  2.007427e+01
   endloop
 endfacet
 facet normal  4.000417e-01  0.000000e+00 -9.164969e-01
   outer loop
     vertex  8.907170e+01  8.700000e+01  2.004958e+01
     vertex  8.912828e+01  9.100000e+01  2.007427e+01
     vertex  8.912828e+01  8.700000e+01  2.007427e+01
   endloop
 endfacet
 facet normal  4.250344e-01  0.000000e+00 -9.051772e-01
   outer loop
     vertex  8.901582e+01  8.700000e+01  2.002334e+01
     vertex  8.901582e+01  9.100000e+01  2.002334e+01
     vertex  8.907170e+01  9.100000e+01  2.004958e+01
   endloop
 endfacet
 facet normal  4.250344e-01  0.000000e+00 -9.051772e-01
   outer loop
     vertex  8.901582e+01  8.700000e+01  2.002334e+01
     vertex  8.907170e+01  9.100000e+01  2.004958e+01
     vertex  8.907170e+01  8.700000e+01  2.004958e+01
   endloop
 endfacet
 facet normal  4.497071e-01  0.000000e+00 -8.931761e-01
   outer loop
     vertex  8.896069e+01  8.700000e+01  1.999558e+01
     vertex  8.896069e+01  9.100000e+01  1.999558e+01
     vertex  8.901582e+01  9.100000e+01  2.002334e+01
   endloop
 endfacet
 facet normal  4.740412e-01  0.000000e+00 -8.805026e-01
   outer loop
     vertex  8.896069e+01  8.700000e+01  1.999558e+01
     vertex  8.890633e+01  9.100000e+01  1.996631e+01
     vertex  8.896069e+01  9.100000e+01  1.999558e+01
   endloop
 endfacet
 facet normal  4.497071e-01  0.000000e+00 -8.931761e-01
   outer loop
     vertex  8.896069e+01  8.700000e+01  1.999558e+01
     vertex  8.901582e+01  9.100000e+01  2.002334e+01
     vertex  8.901582e+01  8.700000e+01  2.002334e+01
   endloop
 endfacet
 facet normal  4.980186e-01  0.000000e+00 -8.671664e-01
   outer loop
     vertex  8.890633e+01  8.700000e+01  1.996631e+01
     vertex  8.885280e+01  9.100000e+01  1.993557e+01
     vertex  8.890633e+01  9.100000e+01  1.996631e+01
   endloop
 endfacet
 facet normal  4.740412e-01  0.000000e+00 -8.805026e-01
   outer loop
     vertex  8.890633e+01  8.700000e+01  1.996631e+01
     vertex  8.890633e+01  9.100000e+01  1.996631e+01
     vertex  8.896069e+01  8.700000e+01  1.999558e+01
   endloop
 endfacet
 facet normal  4.980186e-01  0.000000e+00 -8.671664e-01
   outer loop
     vertex  8.885280e+01  8.700000e+01  1.993557e+01
     vertex  8.885280e+01  9.100000e+01  1.993557e+01
     vertex  8.890633e+01  8.700000e+01  1.996631e+01
   endloop
 endfacet
 facet normal  5.216210e-01  0.000000e+00 -8.531773e-01
   outer loop
     vertex  8.880013e+01  8.700000e+01  1.990337e+01
     vertex  8.880013e+01  9.100000e+01  1.990337e+01
     vertex  8.885280e+01  9.100000e+01  1.993557e+01
   endloop
 endfacet
 facet normal  5.448308e-01  0.000000e+00 -8.385460e-01
   outer loop
     vertex  8.880013e+01  8.700000e+01  1.990337e+01
     vertex  8.874836e+01  9.100000e+01  1.986973e+01
     vertex  8.880013e+01  9.100000e+01  1.990337e+01
   endloop
 endfacet
 facet normal  5.216210e-01  0.000000e+00 -8.531773e-01
   outer loop
     vertex  8.880013e+01  8.700000e+01  1.990337e+01
     vertex  8.885280e+01  9.100000e+01  1.993557e+01
     vertex  8.885280e+01  8.700000e+01  1.993557e+01
   endloop
 endfacet
 facet normal  5.448308e-01  0.000000e+00 -8.385460e-01
   outer loop
     vertex  8.874836e+01  8.700000e+01  1.986973e+01
     vertex  8.874836e+01  9.100000e+01  1.986973e+01
     vertex  8.880013e+01  8.700000e+01  1.990337e+01
   endloop
 endfacet
 facet normal  5.676304e-01  0.000000e+00 -8.232835e-01
   outer loop
     vertex  8.869754e+01  8.700000e+01  1.983469e+01
     vertex  8.874836e+01  9.100000e+01  1.986973e+01
     vertex  8.874836e+01  8.700000e+01  1.986973e+01
   endloop
 endfacet
 facet normal  5.676304e-01  0.000000e+00 -8.232835e-01
   outer loop
     vertex  8.869754e+01  8.700000e+01  1.983469e+01
     vertex  8.869754e+01  9.100000e+01  1.983469e+01
     vertex  8.874836e+01  9.100000e+01  1.986973e+01
   endloop
 endfacet
 facet normal  5.900028e-01  0.000000e+00 -8.074012e-01
   outer loop
     vertex  8.869754e+01  8.700000e+01  1.983469e+01
     vertex  8.864770e+01  9.100000e+01  1.979827e+01
     vertex  8.869754e+01  9.100000e+01  1.983469e+01
   endloop
 endfacet
 facet normal  5.900028e-01  0.000000e+00 -8.074012e-01
   outer loop
     vertex  8.864770e+01  8.700000e+01  1.979827e+01
     vertex  8.864770e+01  9.100000e+01  1.979827e+01
     vertex  8.869754e+01  8.700000e+01  1.983469e+01
   endloop
 endfacet
 facet normal  6.119310e-01  0.000000e+00 -7.909112e-01
   outer loop
     vertex  8.859887e+01  8.700000e+01  1.976049e+01
     vertex  8.864770e+01  9.100000e+01  1.979827e+01
     vertex  8.864770e+01  8.700000e+01  1.979827e+01
   endloop
 endfacet
 facet normal  6.119310e-01  0.000000e+00 -7.909112e-01
   outer loop
     vertex  8.859887e+01  8.700000e+01  1.976049e+01
     vertex  8.859887e+01  9.100000e+01  1.976049e+01
     vertex  8.864770e+01  9.100000e+01  1.979827e+01
   endloop
 endfacet
 facet normal  6.333986e-01  0.000000e+00 -7.738257e-01
   outer loop
     vertex  8.859887e+01  8.700000e+01  1.976049e+01
     vertex  8.855110e+01  9.100000e+01  1.972139e+01
     vertex  8.859887e+01  9.100000e+01  1.976049e+01
   endloop
 endfacet
 facet normal  6.333986e-01  0.000000e+00 -7.738257e-01
   outer loop
     vertex  8.855110e+01  8.700000e+01  1.972139e+01
     vertex  8.855110e+01  9.100000e+01  1.972139e+01
     vertex  8.859887e+01  8.700000e+01  1.976049e+01
   endloop
 endfacet
 facet normal  6.543893e-01  0.000000e+00 -7.561578e-01
   outer loop
     vertex  8.850442e+01  8.700000e+01  1.968100e+01
     vertex  8.855110e+01  9.100000e+01  1.972139e+01
     vertex  8.855110e+01  8.700000e+01  1.972139e+01
   endloop
 endfacet
 facet normal  6.543893e-01  0.000000e+00 -7.561578e-01
   outer loop
     vertex  8.850442e+01  8.700000e+01  1.968100e+01
     vertex  8.850442e+01  9.100000e+01  1.968100e+01
     vertex  8.855110e+01  9.100000e+01  1.972139e+01
   endloop
 endfacet
 facet normal  6.748875e-01  0.000000e+00 -7.379206e-01
   outer loop
     vertex  8.845887e+01  8.700000e+01  1.963933e+01
     vertex  8.850442e+01  9.100000e+01  1.968100e+01
     vertex  8.850442e+01  8.700000e+01  1.968100e+01
   endloop
 endfacet
 facet normal  6.748875e-01  0.000000e+00 -7.379206e-01
   outer loop
     vertex  8.845887e+01  8.700000e+01  1.963933e+01
     vertex  8.845887e+01  9.100000e+01  1.963933e+01
     vertex  8.850442e+01  9.100000e+01  1.968100e+01
   endloop
 endfacet
 facet normal  6.948776e-01  0.000000e+00 -7.191280e-01
   outer loop
     vertex  8.841448e+01  8.700000e+01  1.959644e+01
     vertex  8.845887e+01  9.100000e+01  1.963933e+01
     vertex  8.845887e+01  8.700000e+01  1.963933e+01
   endloop
 endfacet
 facet normal  6.948776e-01  0.000000e+00 -7.191280e-01
   outer loop
     vertex  8.841448e+01  8.700000e+01  1.959644e+01
     vertex  8.841448e+01  9.100000e+01  1.959644e+01
     vertex  8.845887e+01  9.100000e+01  1.963933e+01
   endloop
 endfacet
 facet normal  7.143447e-01  0.000000e+00 -6.997940e-01
   outer loop
     vertex  8.837128e+01  8.700000e+01  1.955234e+01
     vertex  8.841448e+01  9.100000e+01  1.959644e+01
     vertex  8.841448e+01  8.700000e+01  1.959644e+01
   endloop
 endfacet
 facet normal  7.143447e-01  0.000000e+00 -6.997940e-01
   outer loop
     vertex  8.837128e+01  8.700000e+01  1.955234e+01
     vertex  8.837128e+01  9.100000e+01  1.955234e+01
     vertex  8.841448e+01  9.100000e+01  1.959644e+01
   endloop
 endfacet
 facet normal  7.332740e-01  0.000000e+00 -6.799333e-01
   outer loop
     vertex  8.837128e+01  8.700000e+01  1.955234e+01
     vertex  8.832930e+01  9.100000e+01  1.950707e+01
     vertex  8.837128e+01  9.100000e+01  1.955234e+01
   endloop
 endfacet
 facet normal  7.332740e-01  0.000000e+00 -6.799333e-01
   outer loop
     vertex  8.832930e+01  8.700000e+01  1.950707e+01
     vertex  8.832930e+01  9.100000e+01  1.950707e+01
     vertex  8.837128e+01  8.700000e+01  1.955234e+01
   endloop
 endfacet
 facet normal  7.516513e-01  0.000000e+00 -6.595607e-01
   outer loop
     vertex  8.832930e+01  8.700000e+01  1.950707e+01
     vertex  8.828859e+01  9.100000e+01  1.946067e+01
     vertex  8.832930e+01  9.100000e+01  1.950707e+01
   endloop
 endfacet
 facet normal  7.516513e-01  0.000000e+00 -6.595607e-01
   outer loop
     vertex  8.828859e+01  8.700000e+01  1.946067e+01
     vertex  8.828859e+01  9.100000e+01  1.946067e+01
     vertex  8.832930e+01  8.700000e+01  1.950707e+01
   endloop
 endfacet
 facet normal  7.694628e-01  0.000000e+00 -6.386916e-01
   outer loop
     vertex  8.824916e+01  8.700000e+01  1.941317e+01
     vertex  8.828859e+01  9.100000e+01  1.946067e+01
     vertex  8.828859e+01  8.700000e+01  1.946067e+01
   endloop
 endfacet
 facet normal  7.694628e-01  0.000000e+00 -6.386916e-01
   outer loop
     vertex  8.824916e+01  8.700000e+01  1.941317e+01
     vertex  8.824916e+01  9.100000e+01  1.941317e+01
     vertex  8.828859e+01  9.100000e+01  1.946067e+01
   endloop
 endfacet
 facet normal  7.866951e-01  0.000000e+00 -6.173417e-01
   outer loop
     vertex  8.821105e+01  8.700000e+01  1.936461e+01
     vertex  8.824916e+01  9.100000e+01  1.941317e+01
     vertex  8.824916e+01  8.700000e+01  1.941317e+01
   endloop
 endfacet
 facet normal  7.866951e-01  0.000000e+00 -6.173417e-01
   outer loop
     vertex  8.821105e+01  8.700000e+01  1.936461e+01
     vertex  8.821105e+01  9.100000e+01  1.936461e+01
     vertex  8.824916e+01  9.100000e+01  1.941317e+01
   endloop
 endfacet
 facet normal  8.033352e-01  0.000000e+00 -5.955271e-01
   outer loop
     vertex  8.817428e+01  8.700000e+01  1.931501e+01
     vertex  8.821105e+01  9.100000e+01  1.936461e+01
     vertex  8.821105e+01  8.700000e+01  1.936461e+01
   endloop
 endfacet
 facet normal  8.033352e-01  0.000000e+00 -5.955271e-01
   outer loop
     vertex  8.817428e+01  8.700000e+01  1.931501e+01
     vertex  8.817428e+01  9.100000e+01  1.931501e+01
     vertex  8.821105e+01  9.100000e+01  1.936461e+01
   endloop
 endfacet
 facet normal  8.193706e-01  0.000000e+00 -5.732642e-01
   outer loop
     vertex  8.813890e+01  8.700000e+01  1.926443e+01
     vertex  8.817428e+01  9.100000e+01  1.931501e+01
     vertex  8.817428e+01  8.700000e+01  1.931501e+01
   endloop
 endfacet
 facet normal  8.193706e-01  0.000000e+00 -5.732642e-01
   outer loop
     vertex  8.813890e+01  8.700000e+01  1.926443e+01
     vertex  8.813890e+01  9.100000e+01  1.926443e+01
     vertex  8.817428e+01  9.100000e+01  1.931501e+01
   endloop
 endfacet
 facet normal  8.347891e-01  0.000000e+00 -5.505698e-01
   outer loop
     vertex  8.810491e+01  8.700000e+01  1.921290e+01
     vertex  8.813890e+01  9.100000e+01  1.926443e+01
     vertex  8.813890e+01  8.700000e+01  1.926443e+01
   endloop
 endfacet
 facet normal  8.347891e-01  0.000000e+00 -5.505698e-01
   outer loop
     vertex  8.810491e+01  8.700000e+01  1.921290e+01
     vertex  8.810491e+01  9.100000e+01  1.921290e+01
     vertex  8.813890e+01  9.100000e+01  1.926443e+01
   endloop
 endfacet
 facet normal  8.495793e-01  0.000000e+00 -5.274609e-01
   outer loop
     vertex  8.810491e+01  8.700000e+01  1.921290e+01
     vertex  8.807235e+01  9.100000e+01  1.916045e+01
     vertex  8.810491e+01  9.100000e+01  1.921290e+01
   endloop
 endfacet
 facet normal  8.495793e-01  0.000000e+00 -5.274609e-01
   outer loop
     vertex  8.807235e+01  8.700000e+01  1.916045e+01
     vertex  8.807235e+01  9.100000e+01  1.916045e+01
     vertex  8.810491e+01  8.700000e+01  1.921290e+01
   endloop
 endfacet
 facet normal  8.637299e-01  0.000000e+00 -5.039550e-01
   outer loop
     vertex  8.804124e+01  8.700000e+01  1.910713e+01
     vertex  8.807235e+01  9.100000e+01  1.916045e+01
     vertex  8.807235e+01  8.700000e+01  1.916045e+01
   endloop
 endfacet
 facet normal  8.637299e-01  0.000000e+00 -5.039550e-01
   outer loop
     vertex  8.804124e+01  8.700000e+01  1.910713e+01
     vertex  8.804124e+01  9.100000e+01  1.910713e+01
     vertex  8.807235e+01  9.100000e+01  1.916045e+01
   endloop
 endfacet
 facet normal  8.772303e-01  0.000000e+00 -4.800697e-01
   outer loop
     vertex  8.801160e+01  8.700000e+01  1.905298e+01
     vertex  8.804124e+01  9.100000e+01  1.910713e+01
     vertex  8.804124e+01  8.700000e+01  1.910713e+01
   endloop
 endfacet
 facet normal  8.772303e-01  0.000000e+00 -4.800697e-01
   outer loop
     vertex  8.801160e+01  8.700000e+01  1.905298e+01
     vertex  8.801160e+01  9.100000e+01  1.905298e+01
     vertex  8.804124e+01  9.100000e+01  1.910713e+01
   endloop
 endfacet
 facet normal  8.900704e-01  0.000000e+00 -4.558231e-01
   outer loop
     vertex  8.798346e+01  8.700000e+01  1.899803e+01
     vertex  8.801160e+01  9.100000e+01  1.905298e+01
     vertex  8.801160e+01  8.700000e+01  1.905298e+01
   endloop
 endfacet
 facet normal  8.900704e-01  0.000000e+00 -4.558231e-01
   outer loop
     vertex  8.798346e+01  8.700000e+01  1.899803e+01
     vertex  8.798346e+01  9.100000e+01  1.899803e+01
     vertex  8.801160e+01  9.100000e+01  1.905298e+01
   endloop
 endfacet
 facet normal  9.022405e-01  0.000000e+00 -4.312333e-01
   outer loop
     vertex  8.795684e+01  8.700000e+01  1.894233e+01
     vertex  8.798346e+01  9.100000e+01  1.899803e+01
     vertex  8.798346e+01  8.700000e+01  1.899803e+01
   endloop
 endfacet
 facet normal  9.022405e-01  0.000000e+00 -4.312333e-01
   outer loop
     vertex  8.795684e+01  8.700000e+01  1.894233e+01
     vertex  8.795684e+01  9.100000e+01  1.894233e+01
     vertex  8.798346e+01  9.100000e+01  1.899803e+01
   endloop
 endfacet
 facet normal  9.137314e-01  0.000000e+00 -4.063188e-01
   outer loop
     vertex  8.793176e+01  8.700000e+01  1.888593e+01
     vertex  8.795684e+01  9.100000e+01  1.894233e+01
     vertex  8.795684e+01  8.700000e+01  1.894233e+01
   endloop
 endfacet
 facet normal  9.137314e-01  0.000000e+00 -4.063188e-01
   outer loop
     vertex  8.793176e+01  8.700000e+01  1.888593e+01
     vertex  8.793176e+01  9.100000e+01  1.888593e+01
     vertex  8.795684e+01  9.100000e+01  1.894233e+01
   endloop
 endfacet
 facet normal  9.245344e-01  0.000000e+00 -3.810986e-01
   outer loop
     vertex  8.793176e+01  8.700000e+01  1.888593e+01
     vertex  8.790823e+01  9.100000e+01  1.882885e+01
     vertex  8.793176e+01  9.100000e+01  1.888593e+01
   endloop
 endfacet
 facet normal  9.245344e-01  0.000000e+00 -3.810986e-01
   outer loop
     vertex  8.790823e+01  8.700000e+01  1.882885e+01
     vertex  8.790823e+01  9.100000e+01  1.882885e+01
     vertex  8.793176e+01  8.700000e+01  1.888593e+01
   endloop
 endfacet
 facet normal  9.346415e-01  0.000000e+00 -3.555914e-01
   outer loop
     vertex  8.788628e+01  8.700000e+01  1.877116e+01
     vertex  8.788628e+01  9.100000e+01  1.877116e+01
     vertex  8.790823e+01  9.100000e+01  1.882885e+01
   endloop
 endfacet
 facet normal  9.346415e-01  0.000000e+00 -3.555914e-01
   outer loop
     vertex  8.788628e+01  8.700000e+01  1.877116e+01
     vertex  8.790823e+01  9.100000e+01  1.882885e+01
     vertex  8.790823e+01  8.700000e+01  1.882885e+01
   endloop
 endfacet
 facet normal  9.440450e-01  0.000000e+00 -3.298166e-01
   outer loop
     vertex  8.786592e+01  8.700000e+01  1.871288e+01
     vertex  8.786592e+01  9.100000e+01  1.871288e+01
     vertex  8.788628e+01  9.100000e+01  1.877116e+01
   endloop
 endfacet
 facet normal  9.440450e-01  0.000000e+00 -3.298166e-01
   outer loop
     vertex  8.786592e+01  8.700000e+01  1.871288e+01
     vertex  8.788628e+01  9.100000e+01  1.877116e+01
     vertex  8.788628e+01  8.700000e+01  1.877116e+01
   endloop
 endfacet
 facet normal  9.527379e-01  0.000000e+00 -3.037934e-01
   outer loop
     vertex  8.784716e+01  8.700000e+01  1.865406e+01
     vertex  8.784716e+01  9.100000e+01  1.865406e+01
     vertex  8.786592e+01  9.100000e+01  1.871288e+01
   endloop
 endfacet
 facet normal  9.527379e-01  0.000000e+00 -3.037934e-01
   outer loop
     vertex  8.784716e+01  8.700000e+01  1.865406e+01
     vertex  8.786592e+01  9.100000e+01  1.871288e+01
     vertex  8.786592e+01  8.700000e+01  1.871288e+01
   endloop
 endfacet
 facet normal  9.607136e-01  0.000000e+00 -2.775416e-01
   outer loop
     vertex  8.783003e+01  8.700000e+01  1.859476e+01
     vertex  8.784716e+01  9.100000e+01  1.865406e+01
     vertex  8.784716e+01  8.700000e+01  1.865406e+01
   endloop
 endfacet
 facet normal  9.607136e-01  0.000000e+00 -2.775416e-01
   outer loop
     vertex  8.783003e+01  8.700000e+01  1.859476e+01
     vertex  8.783003e+01  9.100000e+01  1.859476e+01
     vertex  8.784716e+01  9.100000e+01  1.865406e+01
   endloop
 endfacet
 facet normal  9.679661e-01  0.000000e+00 -2.510809e-01
   outer loop
     vertex  8.783003e+01  8.700000e+01  1.859476e+01
     vertex  8.781453e+01  9.100000e+01  1.853500e+01
     vertex  8.783003e+01  9.100000e+01  1.859476e+01
   endloop
 endfacet
 facet normal  9.679661e-01  0.000000e+00 -2.510809e-01
   outer loop
     vertex  8.781453e+01  8.700000e+01  1.853500e+01
     vertex  8.781453e+01  9.100000e+01  1.853500e+01
     vertex  8.783003e+01  8.700000e+01  1.859476e+01
   endloop
 endfacet
 facet normal  9.744899e-01  0.000000e+00 -2.244312e-01
   outer loop
     vertex  8.780068e+01  8.700000e+01  1.847484e+01
     vertex  8.781453e+01  9.100000e+01  1.853500e+01
     vertex  8.781453e+01  8.700000e+01  1.853500e+01
   endloop
 endfacet
 facet normal  9.744899e-01  0.000000e+00 -2.244312e-01
   outer loop
     vertex  8.780068e+01  8.700000e+01  1.847484e+01
     vertex  8.780068e+01  9.100000e+01  1.847484e+01
     vertex  8.781453e+01  9.100000e+01  1.853500e+01
   endloop
 endfacet
 facet normal  9.802802e-01  0.000000e+00 -1.976125e-01
   outer loop
     vertex  8.780068e+01  8.700000e+01  1.847484e+01
     vertex  8.778848e+01  9.100000e+01  1.841433e+01
     vertex  8.780068e+01  9.100000e+01  1.847484e+01
   endloop
 endfacet
 facet normal  9.802802e-01  0.000000e+00 -1.976125e-01
   outer loop
     vertex  8.778848e+01  8.700000e+01  1.841433e+01
     vertex  8.778848e+01  9.100000e+01  1.841433e+01
     vertex  8.780068e+01  8.700000e+01  1.847484e+01
   endloop
 endfacet
 facet normal  9.853326e-01  0.000000e+00 -1.706451e-01
   outer loop
     vertex  8.777794e+01  8.700000e+01  1.835350e+01
     vertex  8.778848e+01  9.100000e+01  1.841433e+01
     vertex  8.778848e+01  8.700000e+01  1.841433e+01
   endloop
 endfacet
 facet normal  9.853326e-01  0.000000e+00 -1.706451e-01
   outer loop
     vertex  8.777794e+01  8.700000e+01  1.835350e+01
     vertex  8.777794e+01  9.100000e+01  1.835350e+01
     vertex  8.778848e+01  9.100000e+01  1.841433e+01
   endloop
 endfacet
 facet normal  9.896432e-01  0.000000e+00 -1.435492e-01
   outer loop
     vertex  8.777794e+01  8.700000e+01  1.835350e+01
     vertex  8.776908e+01  9.100000e+01  1.829241e+01
     vertex  8.777794e+01  9.100000e+01  1.835350e+01
   endloop
 endfacet
 facet normal  9.896432e-01  0.000000e+00 -1.435492e-01
   outer loop
     vertex  8.776908e+01  8.700000e+01  1.829241e+01
     vertex  8.776908e+01  9.100000e+01  1.829241e+01
     vertex  8.777794e+01  8.700000e+01  1.835350e+01
   endloop
 endfacet
 facet normal  9.932088e-01  0.000000e+00 -1.163452e-01
   outer loop
     vertex  8.776190e+01  8.700000e+01  1.823110e+01
     vertex  8.776908e+01  9.100000e+01  1.829241e+01
     vertex  8.776908e+01  8.700000e+01  1.829241e+01
   endloop
 endfacet
 facet normal  9.932088e-01  0.000000e+00 -1.163452e-01
   outer loop
     vertex  8.776190e+01  8.700000e+01  1.823110e+01
     vertex  8.776190e+01  9.100000e+01  1.823110e+01
     vertex  8.776908e+01  9.100000e+01  1.829241e+01
   endloop
 endfacet
 facet normal  9.960268e-01  0.000000e+00 -8.905371e-02
   outer loop
     vertex  8.775640e+01  8.700000e+01  1.816961e+01
     vertex  8.776190e+01  9.100000e+01  1.823110e+01
     vertex  8.776190e+01  8.700000e+01  1.823110e+01
   endloop
 endfacet
 facet normal  9.960268e-01  0.000000e+00 -8.905371e-02
   outer loop
     vertex  8.775640e+01  8.700000e+01  1.816961e+01
     vertex  8.775640e+01  9.100000e+01  1.816961e+01
     vertex  8.776190e+01  9.100000e+01  1.823110e+01
   endloop
 endfacet
 facet normal  9.980950e-01  0.000000e+00 -6.169515e-02
   outer loop
     vertex  8.775259e+01  8.700000e+01  1.810799e+01
     vertex  8.775640e+01  9.100000e+01  1.816961e+01
     vertex  8.775640e+01  8.700000e+01  1.816961e+01
   endloop
 endfacet
 facet normal  9.980950e-01  0.000000e+00 -6.169515e-02
   outer loop
     vertex  8.775259e+01  8.700000e+01  1.810799e+01
     vertex  8.775259e+01  9.100000e+01  1.810799e+01
     vertex  8.775640e+01  9.100000e+01  1.816961e+01
   endloop
 endfacet
 facet normal  9.994119e-01  0.000000e+00 -3.429014e-02
   outer loop
     vertex  8.775048e+01  8.700000e+01  1.804630e+01
     vertex  8.775259e+01  9.100000e+01  1.810799e+01
     vertex  8.775259e+01  8.700000e+01  1.810799e+01
   endloop
 endfacet
 facet normal  9.994119e-01  0.000000e+00 -3.429014e-02
   outer loop
     vertex  8.775048e+01  8.700000e+01  1.804630e+01
     vertex  8.775048e+01  9.100000e+01  1.804630e+01
     vertex  8.775259e+01  9.100000e+01  1.810799e+01
   endloop
 endfacet
 facet normal  9.999765e-01  0.000000e+00 -6.859319e-03
   outer loop
     vertex  8.775048e+01  8.700000e+01  1.804630e+01
     vertex  8.775005e+01  9.100000e+01  1.798457e+01
     vertex  8.775048e+01  9.100000e+01  1.804630e+01
   endloop
 endfacet
 facet normal  9.999765e-01  0.000000e+00 -6.859319e-03
   outer loop
     vertex  8.775005e+01  8.700000e+01  1.798457e+01
     vertex  8.775005e+01  9.100000e+01  1.798457e+01
     vertex  8.775048e+01  8.700000e+01  1.804630e+01
   endloop
 endfacet
 facet normal  9.997883e-01  0.000000e+00  2.057667e-02
   outer loop
     vertex  8.775132e+01  8.700000e+01  1.792285e+01
     vertex  8.775005e+01  9.100000e+01  1.798457e+01
     vertex  8.775005e+01  8.700000e+01  1.798457e+01
   endloop
 endfacet
 facet normal  9.997883e-01 -0.000000e+00  2.057667e-02
   outer loop
     vertex  8.775132e+01  8.700000e+01  1.792285e+01
     vertex  8.775132e+01  9.100000e+01  1.792285e+01
     vertex  8.775005e+01  9.100000e+01  1.798457e+01
   endloop
 endfacet
 facet normal  9.988475e-01 -0.000000e+00  4.799716e-02
   outer loop
     vertex  8.775429e+01  8.700000e+01  1.786119e+01
     vertex  8.775429e+01  9.100000e+01  1.786119e+01
     vertex  8.775132e+01  9.100000e+01  1.792285e+01
   endloop
 endfacet
 facet normal  9.971548e-01 -0.000000e+00  7.538152e-02
   outer loop
     vertex  8.775429e+01  8.700000e+01  1.786119e+01
     vertex  8.775894e+01  9.100000e+01  1.779963e+01
     vertex  8.775429e+01  9.100000e+01  1.786119e+01
   endloop
 endfacet
 facet normal  9.988475e-01  0.000000e+00  4.799716e-02
   outer loop
     vertex  8.775429e+01  8.700000e+01  1.786119e+01
     vertex  8.775132e+01  9.100000e+01  1.792285e+01
     vertex  8.775132e+01  8.700000e+01  1.792285e+01
   endloop
 endfacet
 facet normal  9.971548e-01 -0.000000e+00  7.538152e-02
   outer loop
     vertex  8.775894e+01  8.700000e+01  1.779963e+01
     vertex  8.775894e+01  9.100000e+01  1.779963e+01
     vertex  8.775429e+01  8.700000e+01  1.786119e+01
   endloop
 endfacet
 facet normal  9.947114e-01 -0.000000e+00  1.027091e-01
   outer loop
     vertex  8.776528e+01  8.700000e+01  1.773822e+01
     vertex  8.776528e+01  9.100000e+01  1.773822e+01
     vertex  8.775894e+01  9.100000e+01  1.779963e+01
   endloop
 endfacet
 facet normal  9.947114e-01  0.000000e+00  1.027091e-01
   outer loop
     vertex  8.776528e+01  8.700000e+01  1.773822e+01
     vertex  8.775894e+01  9.100000e+01  1.779963e+01
     vertex  8.775894e+01  8.700000e+01  1.779963e+01
   endloop
 endfacet
 facet normal  9.915193e-01 -0.000000e+00  1.299594e-01
   outer loop
     vertex  8.777330e+01  8.700000e+01  1.767701e+01
     vertex  8.777330e+01  9.100000e+01  1.767701e+01
     vertex  8.776528e+01  9.100000e+01  1.773822e+01
   endloop
 endfacet
 facet normal  9.915193e-01  0.000000e+00  1.299594e-01
   outer loop
     vertex  8.777330e+01  8.700000e+01  1.767701e+01
     vertex  8.776528e+01  9.100000e+01  1.773822e+01
     vertex  8.776528e+01  8.700000e+01  1.773822e+01
   endloop
 endfacet
 facet normal  9.875808e-01 -0.000000e+00  1.571119e-01
   outer loop
     vertex  8.778300e+01  8.700000e+01  1.761605e+01
     vertex  8.778300e+01  9.100000e+01  1.761605e+01
     vertex  8.777330e+01  9.100000e+01  1.767701e+01
   endloop
 endfacet
 facet normal  9.875808e-01  0.000000e+00  1.571119e-01
   outer loop
     vertex  8.778300e+01  8.700000e+01  1.761605e+01
     vertex  8.777330e+01  9.100000e+01  1.767701e+01
     vertex  8.777330e+01  8.700000e+01  1.767701e+01
   endloop
 endfacet
 facet normal  9.828989e-01 -0.000000e+00  1.841461e-01
   outer loop
     vertex  8.779437e+01  8.700000e+01  1.755537e+01
     vertex  8.779437e+01  9.100000e+01  1.755537e+01
     vertex  8.778300e+01  9.100000e+01  1.761605e+01
   endloop
 endfacet
 facet normal  9.828989e-01  0.000000e+00  1.841461e-01
   outer loop
     vertex  8.779437e+01  8.700000e+01  1.755537e+01
     vertex  8.778300e+01  9.100000e+01  1.761605e+01
     vertex  8.778300e+01  8.700000e+01  1.761605e+01
   endloop
 endfacet
 facet normal  9.774771e-01 -0.000000e+00  2.110417e-01
   outer loop
     vertex  8.780740e+01  8.700000e+01  1.749503e+01
     vertex  8.780740e+01  9.100000e+01  1.749503e+01
     vertex  8.779437e+01  9.100000e+01  1.755537e+01
   endloop
 endfacet
 facet normal  9.774771e-01  0.000000e+00  2.110417e-01
   outer loop
     vertex  8.780740e+01  8.700000e+01  1.749503e+01
     vertex  8.779437e+01  9.100000e+01  1.755537e+01
     vertex  8.779437e+01  8.700000e+01  1.755537e+01
   endloop
 endfacet
 facet normal  9.713194e-01 -0.000000e+00  2.377784e-01
   outer loop
     vertex  8.782208e+01  8.700000e+01  1.743507e+01
     vertex  8.782208e+01  9.100000e+01  1.743507e+01
     vertex  8.780740e+01  9.100000e+01  1.749503e+01
   endloop
 endfacet
 facet normal  9.644306e-01 -0.000000e+00  2.643362e-01
   outer loop
     vertex  8.782208e+01  8.700000e+01  1.743507e+01
     vertex  8.783839e+01  9.100000e+01  1.737553e+01
     vertex  8.782208e+01  9.100000e+01  1.743507e+01
   endloop
 endfacet
 facet normal  9.713194e-01  0.000000e+00  2.377784e-01
   outer loop
     vertex  8.782208e+01  8.700000e+01  1.743507e+01
     vertex  8.780740e+01  9.100000e+01  1.749503e+01
     vertex  8.780740e+01  8.700000e+01  1.749503e+01
   endloop
 endfacet
 facet normal  9.644306e-01 -0.000000e+00  2.643362e-01
   outer loop
     vertex  8.783839e+01  8.700000e+01  1.737553e+01
     vertex  8.783839e+01  9.100000e+01  1.737553e+01
     vertex  8.782208e+01  8.700000e+01  1.743507e+01
   endloop
 endfacet
 facet normal  9.568158e-01 -0.000000e+00  2.906949e-01
   outer loop
     vertex  8.785634e+01  8.700000e+01  1.731646e+01
     vertex  8.785634e+01  9.100000e+01  1.731646e+01
     vertex  8.783839e+01  9.100000e+01  1.737553e+01
   endloop
 endfacet
 facet normal  9.568158e-01  0.000000e+00  2.906949e-01
   outer loop
     vertex  8.785634e+01  8.700000e+01  1.731646e+01
     vertex  8.783839e+01  9.100000e+01  1.737553e+01
     vertex  8.783839e+01  8.700000e+01  1.737553e+01
   endloop
 endfacet
 facet normal  9.484807e-01 -0.000000e+00  3.168348e-01
   outer loop
     vertex  8.787590e+01  8.700000e+01  1.725791e+01
     vertex  8.787590e+01  9.100000e+01  1.725791e+01
     vertex  8.785634e+01  9.100000e+01  1.731646e+01
   endloop
 endfacet
 facet normal  9.484807e-01  0.000000e+00  3.168348e-01
   outer loop
     vertex  8.787590e+01  8.700000e+01  1.725791e+01
     vertex  8.785634e+01  9.100000e+01  1.731646e+01
     vertex  8.785634e+01  8.700000e+01  1.731646e+01
   endloop
 endfacet
 facet normal  9.394317e-01 -0.000000e+00  3.427362e-01
   outer loop
     vertex  8.789706e+01  8.700000e+01  1.719992e+01
     vertex  8.789706e+01  9.100000e+01  1.719992e+01
     vertex  8.787590e+01  9.100000e+01  1.725791e+01
   endloop
 endfacet
 facet normal  9.394317e-01  0.000000e+00  3.427362e-01
   outer loop
     vertex  8.789706e+01  8.700000e+01  1.719992e+01
     vertex  8.787590e+01  9.100000e+01  1.725791e+01
     vertex  8.787590e+01  8.700000e+01  1.725791e+01
   endloop
 endfacet
 facet normal  9.296754e-01 -0.000000e+00  3.683796e-01
   outer loop
     vertex  8.791980e+01  8.700000e+01  1.714253e+01
     vertex  8.791980e+01  9.100000e+01  1.714253e+01
     vertex  8.789706e+01  9.100000e+01  1.719992e+01
   endloop
 endfacet
 facet normal  9.296754e-01  0.000000e+00  3.683796e-01
   outer loop
     vertex  8.791980e+01  8.700000e+01  1.714253e+01
     vertex  8.789706e+01  9.100000e+01  1.719992e+01
     vertex  8.789706e+01  8.700000e+01  1.719992e+01
   endloop
 endfacet
 facet normal  9.192194e-01  0.000000e+00  3.937458e-01
   outer loop
     vertex  8.794410e+01  8.700000e+01  1.708578e+01
     vertex  8.791980e+01  9.100000e+01  1.714253e+01
     vertex  8.791980e+01  8.700000e+01  1.714253e+01
   endloop
 endfacet
 facet normal  9.192194e-01 -0.000000e+00  3.937458e-01
   outer loop
     vertex  8.794410e+01  8.700000e+01  1.708578e+01
     vertex  8.794410e+01  9.100000e+01  1.708578e+01
     vertex  8.791980e+01  9.100000e+01  1.714253e+01
   endloop
 endfacet
 facet normal  9.080714e-01  0.000000e+00  4.188155e-01
   outer loop
     vertex  8.796996e+01  8.700000e+01  1.702973e+01
     vertex  8.794410e+01  9.100000e+01  1.708578e+01
     vertex  8.794410e+01  8.700000e+01  1.708578e+01
   endloop
 endfacet
 facet normal  9.080714e-01 -0.000000e+00  4.188155e-01
   outer loop
     vertex  8.796996e+01  8.700000e+01  1.702973e+01
     vertex  8.796996e+01  9.100000e+01  1.702973e+01
     vertex  8.794410e+01  9.100000e+01  1.708578e+01
   endloop
 endfacet
 facet normal  8.962398e-01  0.000000e+00  4.435699e-01
   outer loop
     vertex  8.799734e+01  8.700000e+01  1.697440e+01
     vertex  8.796996e+01  9.100000e+01  1.702973e+01
     vertex  8.796996e+01  8.700000e+01  1.702973e+01
   endloop
 endfacet
 facet normal  8.962398e-01 -0.000000e+00  4.435699e-01
   outer loop
     vertex  8.799734e+01  8.700000e+01  1.697440e+01
     vertex  8.799734e+01  9.100000e+01  1.697440e+01
     vertex  8.796996e+01  9.100000e+01  1.702973e+01
   endloop
 endfacet
 facet normal  8.837335e-01  0.000000e+00  4.679904e-01
   outer loop
     vertex  8.802623e+01  8.700000e+01  1.691984e+01
     vertex  8.799734e+01  9.100000e+01  1.697440e+01
     vertex  8.799734e+01  8.700000e+01  1.697440e+01
   endloop
 endfacet
 facet normal  8.837335e-01 -0.000000e+00  4.679904e-01
   outer loop
     vertex  8.802623e+01  8.700000e+01  1.691984e+01
     vertex  8.802623e+01  9.100000e+01  1.691984e+01
     vertex  8.799734e+01  9.100000e+01  1.697440e+01
   endloop
 endfacet
 facet normal  8.705620e-01 -0.000000e+00  4.920587e-01
   outer loop
     vertex  8.805661e+01  8.700000e+01  1.686610e+01
     vertex  8.805661e+01  9.100000e+01  1.686610e+01
     vertex  8.802623e+01  9.100000e+01  1.691984e+01
   endloop
 endfacet
 facet normal  8.705620e-01  0.000000e+00  4.920587e-01
   outer loop
     vertex  8.805661e+01  8.700000e+01  1.686610e+01
     vertex  8.802623e+01  9.100000e+01  1.691984e+01
     vertex  8.802623e+01  8.700000e+01  1.691984e+01
   endloop
 endfacet
 facet normal  8.567352e-01 -0.000000e+00  5.157565e-01
   outer loop
     vertex  8.808845e+01  8.700000e+01  1.681321e+01
     vertex  8.808845e+01  9.100000e+01  1.681321e+01
     vertex  8.805661e+01  9.100000e+01  1.686610e+01
   endloop
 endfacet
 facet normal  8.567352e-01  0.000000e+00  5.157565e-01
   outer loop
     vertex  8.808845e+01  8.700000e+01  1.681321e+01
     vertex  8.805661e+01  9.100000e+01  1.686610e+01
     vertex  8.805661e+01  8.700000e+01  1.686610e+01
   endloop
 endfacet
 facet normal  8.422635e-01 -0.000000e+00  5.390661e-01
   outer loop
     vertex  8.812172e+01  8.700000e+01  1.676122e+01
     vertex  8.812172e+01  9.100000e+01  1.676122e+01
     vertex  8.808845e+01  9.100000e+01  1.681321e+01
   endloop
 endfacet
 facet normal  8.422635e-01  0.000000e+00  5.390661e-01
   outer loop
     vertex  8.812172e+01  8.700000e+01  1.676122e+01
     vertex  8.808845e+01  9.100000e+01  1.681321e+01
     vertex  8.808845e+01  8.700000e+01  1.681321e+01
   endloop
 endfacet
 facet normal  8.271577e-01 -0.000000e+00  5.619699e-01
   outer loop
     vertex  8.815642e+01  8.700000e+01  1.671016e+01
     vertex  8.815642e+01  9.100000e+01  1.671016e+01
     vertex  8.812172e+01  9.100000e+01  1.676122e+01
   endloop
 endfacet
 facet normal  8.114292e-01 -0.000000e+00  5.844507e-01
   outer loop
     vertex  8.815642e+01  8.700000e+01  1.671016e+01
     vertex  8.819250e+01  9.100000e+01  1.666006e+01
     vertex  8.815642e+01  9.100000e+01  1.671016e+01
   endloop
 endfacet
 facet normal  8.271577e-01  0.000000e+00  5.619699e-01
   outer loop
     vertex  8.815642e+01  8.700000e+01  1.671016e+01
     vertex  8.812172e+01  9.100000e+01  1.676122e+01
     vertex  8.812172e+01  8.700000e+01  1.676122e+01
   endloop
 endfacet
 facet normal  8.114292e-01 -0.000000e+00  5.844507e-01
   outer loop
     vertex  8.819250e+01  8.700000e+01  1.666006e+01
     vertex  8.819250e+01  9.100000e+01  1.666006e+01
     vertex  8.815642e+01  8.700000e+01  1.671016e+01
   endloop
 endfacet
 facet normal  7.950900e-01 -0.000000e+00  6.064915e-01
   outer loop
     vertex  8.822994e+01  8.700000e+01  1.661098e+01
     vertex  8.822994e+01  9.100000e+01  1.661098e+01
     vertex  8.819250e+01  9.100000e+01  1.666006e+01
   endloop
 endfacet
 facet normal  7.950900e-01  0.000000e+00  6.064915e-01
   outer loop
     vertex  8.822994e+01  8.700000e+01  1.661098e+01
     vertex  8.819250e+01  9.100000e+01  1.666006e+01
     vertex  8.819250e+01  8.700000e+01  1.666006e+01
   endloop
 endfacet
 facet normal  7.781522e-01 -0.000000e+00  6.280757e-01
   outer loop
     vertex  8.826871e+01  8.700000e+01  1.656294e+01
     vertex  8.826871e+01  9.100000e+01  1.656294e+01
     vertex  8.822994e+01  9.100000e+01  1.661098e+01
   endloop
 endfacet
 facet normal  7.781522e-01  0.000000e+00  6.280757e-01
   outer loop
     vertex  8.826871e+01  8.700000e+01  1.656294e+01
     vertex  8.822994e+01  9.100000e+01  1.661098e+01
     vertex  8.822994e+01  8.700000e+01  1.661098e+01
   endloop
 endfacet
 facet normal  7.606287e-01 -0.000000e+00  6.491872e-01
   outer loop
     vertex  8.830878e+01  8.700000e+01  1.651599e+01
     vertex  8.830878e+01  9.100000e+01  1.651599e+01
     vertex  8.826871e+01  9.100000e+01  1.656294e+01
   endloop
 endfacet
 facet normal  7.606287e-01  0.000000e+00  6.491872e-01
   outer loop
     vertex  8.830878e+01  8.700000e+01  1.651599e+01
     vertex  8.826871e+01  9.100000e+01  1.656294e+01
     vertex  8.826871e+01  8.700000e+01  1.656294e+01
   endloop
 endfacet
 facet normal  7.425325e-01 -0.000000e+00  6.698100e-01
   outer loop
     vertex  8.835013e+01  8.700000e+01  1.647015e+01
     vertex  8.835013e+01  9.100000e+01  1.647015e+01
     vertex  8.830878e+01  9.100000e+01  1.651599e+01
   endloop
 endfacet
 facet normal  7.425325e-01  0.000000e+00  6.698100e-01
   outer loop
     vertex  8.835013e+01  8.700000e+01  1.647015e+01
     vertex  8.830878e+01  9.100000e+01  1.651599e+01
     vertex  8.830878e+01  8.700000e+01  1.651599e+01
   endloop
 endfacet
 facet normal  7.238775e-01 -0.000000e+00  6.899286e-01
   outer loop
     vertex  8.839272e+01  8.700000e+01  1.642546e+01
     vertex  8.839272e+01  9.100000e+01  1.642546e+01
     vertex  8.835013e+01  9.100000e+01  1.647015e+01
   endloop
 endfacet
 facet normal  7.046775e-01 -0.000000e+00  7.095278e-01
   outer loop
     vertex  8.839272e+01  8.700000e+01  1.642546e+01
     vertex  8.843653e+01  9.100000e+01  1.638196e+01
     vertex  8.839272e+01  9.100000e+01  1.642546e+01
   endloop
 endfacet
 facet normal  7.238775e-01  0.000000e+00  6.899286e-01
   outer loop
     vertex  8.839272e+01  8.700000e+01  1.642546e+01
     vertex  8.835013e+01  9.100000e+01  1.647015e+01
     vertex  8.835013e+01  8.700000e+01  1.647015e+01
   endloop
 endfacet
 facet normal  7.046775e-01 -0.000000e+00  7.095278e-01
   outer loop
     vertex  8.843653e+01  8.700000e+01  1.638196e+01
     vertex  8.843653e+01  9.100000e+01  1.638196e+01
     vertex  8.839272e+01  8.700000e+01  1.642546e+01
   endloop
 endfacet
 facet normal  6.849470e-01 -0.000000e+00  7.285929e-01
   outer loop
     vertex  8.848150e+01  8.700000e+01  1.633968e+01
     vertex  8.848150e+01  9.100000e+01  1.633968e+01
     vertex  8.843653e+01  9.100000e+01  1.638196e+01
   endloop
 endfacet
 facet normal  6.647010e-01 -0.000000e+00  7.471095e-01
   outer loop
     vertex  8.848150e+01  8.700000e+01  1.633968e+01
     vertex  8.852762e+01  9.100000e+01  1.629864e+01
     vertex  8.848150e+01  9.100000e+01  1.633968e+01
   endloop
 endfacet
 facet normal  6.849470e-01  0.000000e+00  7.285929e-01
   outer loop
     vertex  8.848150e+01  8.700000e+01  1.633968e+01
     vertex  8.843653e+01  9.100000e+01  1.638196e+01
     vertex  8.843653e+01  8.700000e+01  1.638196e+01
   endloop
 endfacet
 facet normal  6.647010e-01 -0.000000e+00  7.471095e-01
   outer loop
     vertex  8.852762e+01  8.700000e+01  1.629864e+01
     vertex  8.852762e+01  9.100000e+01  1.629864e+01
     vertex  8.848150e+01  8.700000e+01  1.633968e+01
   endloop
 endfacet
 facet normal  6.439545e-01 -0.000000e+00  7.650637e-01
   outer loop
     vertex  8.857485e+01  8.700000e+01  1.625889e+01
     vertex  8.857485e+01  9.100000e+01  1.625889e+01
     vertex  8.852762e+01  9.100000e+01  1.629864e+01
   endloop
 endfacet
 facet normal  6.439545e-01  0.000000e+00  7.650637e-01
   outer loop
     vertex  8.857485e+01  8.700000e+01  1.625889e+01
     vertex  8.852762e+01  9.100000e+01  1.629864e+01
     vertex  8.852762e+01  8.700000e+01  1.629864e+01
   endloop
 endfacet
 facet normal  6.227234e-01 -0.000000e+00  7.824421e-01
   outer loop
     vertex  8.862316e+01  8.700000e+01  1.622045e+01
     vertex  8.862316e+01  9.100000e+01  1.622045e+01
     vertex  8.857485e+01  9.100000e+01  1.625889e+01
   endloop
 endfacet
 facet normal  6.227234e-01  0.000000e+00  7.824421e-01
   outer loop
     vertex  8.862316e+01  8.700000e+01  1.622045e+01
     vertex  8.857485e+01  9.100000e+01  1.625889e+01
     vertex  8.857485e+01  8.700000e+01  1.625889e+01
   endloop
 endfacet
 facet normal  6.010234e-01 -0.000000e+00  7.992314e-01
   outer loop
     vertex  8.867249e+01  8.700000e+01  1.618335e+01
     vertex  8.867249e+01  9.100000e+01  1.618335e+01
     vertex  8.862316e+01  9.100000e+01  1.622045e+01
   endloop
 endfacet
 facet normal  5.788711e-01 -0.000000e+00  8.154191e-01
   outer loop
     vertex  8.867249e+01  8.700000e+01  1.618335e+01
     vertex  8.872283e+01  9.100000e+01  1.614761e+01
     vertex  8.867249e+01  9.100000e+01  1.618335e+01
   endloop
 endfacet
 facet normal  6.010234e-01  0.000000e+00  7.992314e-01
   outer loop
     vertex  8.867249e+01  8.700000e+01  1.618335e+01
     vertex  8.862316e+01  9.100000e+01  1.622045e+01
     vertex  8.862316e+01  8.700000e+01  1.622045e+01
   endloop
 endfacet
 facet normal  5.788711e-01 -0.000000e+00  8.154191e-01
   outer loop
     vertex  8.872283e+01  8.700000e+01  1.614761e+01
     vertex  8.872283e+01  9.100000e+01  1.614761e+01
     vertex  8.867249e+01  8.700000e+01  1.618335e+01
   endloop
 endfacet
 facet normal  5.562829e-01 -0.000000e+00  8.309929e-01
   outer loop
     vertex  8.877413e+01  8.700000e+01  1.611327e+01
     vertex  8.877413e+01  9.100000e+01  1.611327e+01
     vertex  8.872283e+01  9.100000e+01  1.614761e+01
   endloop
 endfacet
 facet normal  5.562829e-01  0.000000e+00  8.309929e-01
   outer loop
     vertex  8.877413e+01  8.700000e+01  1.611327e+01
     vertex  8.872283e+01  9.100000e+01  1.614761e+01
     vertex  8.872283e+01  8.700000e+01  1.614761e+01
   endloop
 endfacet
 facet normal  5.332761e-01 -0.000000e+00  8.459413e-01
   outer loop
     vertex  8.882635e+01  8.700000e+01  1.608035e+01
     vertex  8.882635e+01  9.100000e+01  1.608035e+01
     vertex  8.877413e+01  9.100000e+01  1.611327e+01
   endloop
 endfacet
 facet normal  5.332761e-01  0.000000e+00  8.459413e-01
   outer loop
     vertex  8.882635e+01  8.700000e+01  1.608035e+01
     vertex  8.877413e+01  9.100000e+01  1.611327e+01
     vertex  8.877413e+01  8.700000e+01  1.611327e+01
   endloop
 endfacet
 facet normal  5.098678e-01 -0.000000e+00  8.602528e-01
   outer loop
     vertex  8.887946e+01  8.700000e+01  1.604888e+01
     vertex  8.887946e+01  9.100000e+01  1.604888e+01
     vertex  8.882635e+01  9.100000e+01  1.608035e+01
   endloop
 endfacet
 facet normal  5.098678e-01  0.000000e+00  8.602528e-01
   outer loop
     vertex  8.887946e+01  8.700000e+01  1.604888e+01
     vertex  8.882635e+01  9.100000e+01  1.608035e+01
     vertex  8.882635e+01  8.700000e+01  1.608035e+01
   endloop
 endfacet
 facet normal  4.860756e-01 -0.000000e+00  8.739167e-01
   outer loop
     vertex  8.893341e+01  8.700000e+01  1.601887e+01
     vertex  8.893341e+01  9.100000e+01  1.601887e+01
     vertex  8.887946e+01  9.100000e+01  1.604888e+01
   endloop
 endfacet
 facet normal  4.860756e-01  0.000000e+00  8.739167e-01
   outer loop
     vertex  8.893341e+01  8.700000e+01  1.601887e+01
     vertex  8.887946e+01  9.100000e+01  1.604888e+01
     vertex  8.887946e+01  8.700000e+01  1.604888e+01
   endloop
 endfacet
 facet normal  4.619176e-01  0.000000e+00  8.869228e-01
   outer loop
     vertex  8.898816e+01  8.700000e+01  1.599035e+01
     vertex  8.893341e+01  9.100000e+01  1.601887e+01
     vertex  8.893341e+01  8.700000e+01  1.601887e+01
   endloop
 endfacet
 facet normal  4.619176e-01 -0.000000e+00  8.869228e-01
   outer loop
     vertex  8.898816e+01  8.700000e+01  1.599035e+01
     vertex  8.898816e+01  9.100000e+01  1.599035e+01
     vertex  8.893341e+01  9.100000e+01  1.601887e+01
   endloop
 endfacet
 facet normal  4.374119e-01 -0.000000e+00  8.992613e-01
   outer loop
     vertex  8.898816e+01  8.700000e+01  1.599035e+01
     vertex  8.904367e+01  9.100000e+01  1.596335e+01
     vertex  8.898816e+01  9.100000e+01  1.599035e+01
   endloop
 endfacet
 facet normal  4.374119e-01 -0.000000e+00  8.992613e-01
   outer loop
     vertex  8.904367e+01  8.700000e+01  1.596335e+01
     vertex  8.904367e+01  9.100000e+01  1.596335e+01
     vertex  8.898816e+01  8.700000e+01  1.599035e+01
   endloop
 endfacet
 facet normal  4.125769e-01  0.000000e+00  9.109228e-01
   outer loop
     vertex  8.909991e+01  8.700000e+01  1.593788e+01
     vertex  8.904367e+01  9.100000e+01  1.596335e+01
     vertex  8.904367e+01  8.700000e+01  1.596335e+01
   endloop
 endfacet
 facet normal  4.125769e-01 -0.000000e+00  9.109228e-01
   outer loop
     vertex  8.909991e+01  8.700000e+01  1.593788e+01
     vertex  8.909991e+01  9.100000e+01  1.593788e+01
     vertex  8.904367e+01  9.100000e+01  1.596335e+01
   endloop
 endfacet
 facet normal  3.874313e-01  0.000000e+00  9.218986e-01
   outer loop
     vertex  8.915682e+01  8.700000e+01  1.591396e+01
     vertex  8.909991e+01  9.100000e+01  1.593788e+01
     vertex  8.909991e+01  8.700000e+01  1.593788e+01
   endloop
 endfacet
 facet normal  3.874313e-01 -0.000000e+00  9.218986e-01
   outer loop
     vertex  8.915682e+01  8.700000e+01  1.591396e+01
     vertex  8.915682e+01  9.100000e+01  1.591396e+01
     vertex  8.909991e+01  9.100000e+01  1.593788e+01
   endloop
 endfacet
 facet normal  3.619940e-01  0.000000e+00  9.321804e-01
   outer loop
     vertex  8.921436e+01  8.700000e+01  1.589162e+01
     vertex  8.915682e+01  9.100000e+01  1.591396e+01
     vertex  8.915682e+01  8.700000e+01  1.591396e+01
   endloop
 endfacet
 facet normal  3.619940e-01 -0.000000e+00  9.321804e-01
   outer loop
     vertex  8.921436e+01  8.700000e+01  1.589162e+01
     vertex  8.921436e+01  9.100000e+01  1.589162e+01
     vertex  8.915682e+01  9.100000e+01  1.591396e+01
   endloop
 endfacet
 facet normal  3.362843e-01  0.000000e+00  9.417605e-01
   outer loop
     vertex  8.927250e+01  8.700000e+01  1.587086e+01
     vertex  8.921436e+01  9.100000e+01  1.589162e+01
     vertex  8.921436e+01  8.700000e+01  1.589162e+01
   endloop
 endfacet
 facet normal  3.362843e-01 -0.000000e+00  9.417605e-01
   outer loop
     vertex  8.927250e+01  8.700000e+01  1.587086e+01
     vertex  8.927250e+01  9.100000e+01  1.587086e+01
     vertex  8.921436e+01  9.100000e+01  1.589162e+01
   endloop
 endfacet
 facet normal  3.103214e-01  0.000000e+00  9.506317e-01
   outer loop
     vertex  8.933118e+01  8.700000e+01  1.585170e+01
     vertex  8.927250e+01  9.100000e+01  1.587086e+01
     vertex  8.927250e+01  8.700000e+01  1.587086e+01
   endloop
 endfacet
 facet normal  3.103214e-01 -0.000000e+00  9.506317e-01
   outer loop
     vertex  8.933118e+01  8.700000e+01  1.585170e+01
     vertex  8.933118e+01  9.100000e+01  1.585170e+01
     vertex  8.927250e+01  9.100000e+01  1.587086e+01
   endloop
 endfacet
 facet normal  2.841250e-01  0.000000e+00  9.587873e-01
   outer loop
     vertex  8.939037e+01  8.700000e+01  1.583416e+01
     vertex  8.933118e+01  9.100000e+01  1.585170e+01
     vertex  8.933118e+01  8.700000e+01  1.585170e+01
   endloop
 endfacet
 facet normal  2.841250e-01 -0.000000e+00  9.587873e-01
   outer loop
     vertex  8.939037e+01  8.700000e+01  1.583416e+01
     vertex  8.939037e+01  9.100000e+01  1.583416e+01
     vertex  8.933118e+01  9.100000e+01  1.585170e+01
   endloop
 endfacet
 facet normal  2.577146e-01  0.000000e+00  9.662211e-01
   outer loop
     vertex  8.945002e+01  8.700000e+01  1.581825e+01
     vertex  8.939037e+01  9.100000e+01  1.583416e+01
     vertex  8.939037e+01  8.700000e+01  1.583416e+01
   endloop
 endfacet
 facet normal  2.577146e-01 -0.000000e+00  9.662211e-01
   outer loop
     vertex  8.945002e+01  8.700000e+01  1.581825e+01
     vertex  8.945002e+01  9.100000e+01  1.581825e+01
     vertex  8.939037e+01  9.100000e+01  1.583416e+01
   endloop
 endfacet
 facet normal  2.311102e-01  0.000000e+00  9.729276e-01
   outer loop
     vertex  8.951008e+01  8.700000e+01  1.580399e+01
     vertex  8.945002e+01  9.100000e+01  1.581825e+01
     vertex  8.945002e+01  8.700000e+01  1.581825e+01
   endloop
 endfacet
 facet normal  2.311102e-01 -0.000000e+00  9.729276e-01
   outer loop
     vertex  8.951008e+01  8.700000e+01  1.580399e+01
     vertex  8.951008e+01  9.100000e+01  1.580399e+01
     vertex  8.945002e+01  9.100000e+01  1.581825e+01
   endloop
 endfacet
 facet normal  2.043319e-01  0.000000e+00  9.789017e-01
   outer loop
     vertex  8.957051e+01  8.700000e+01  1.579137e+01
     vertex  8.951008e+01  9.100000e+01  1.580399e+01
     vertex  8.951008e+01  8.700000e+01  1.580399e+01
   endloop
 endfacet
 facet normal  2.043319e-01 -0.000000e+00  9.789017e-01
   outer loop
     vertex  8.957051e+01  8.700000e+01  1.579137e+01
     vertex  8.957051e+01  9.100000e+01  1.579137e+01
     vertex  8.951008e+01  9.100000e+01  1.580399e+01
   endloop
 endfacet
 facet normal  1.773998e-01  0.000000e+00  9.841389e-01
   outer loop
     vertex  8.963126e+01  8.700000e+01  1.578042e+01
     vertex  8.957051e+01  9.100000e+01  1.579137e+01
     vertex  8.957051e+01  8.700000e+01  1.579137e+01
   endloop
 endfacet
 facet normal  1.773998e-01 -0.000000e+00  9.841389e-01
   outer loop
     vertex  8.963126e+01  8.700000e+01  1.578042e+01
     vertex  8.963126e+01  9.100000e+01  1.578042e+01
     vertex  8.957051e+01  9.100000e+01  1.579137e+01
   endloop
 endfacet
 facet normal  1.503341e-01 -0.000000e+00  9.886353e-01
   outer loop
     vertex  8.963126e+01  8.700000e+01  1.578042e+01
     vertex  8.969230e+01  9.100000e+01  1.577114e+01
     vertex  8.963126e+01  9.100000e+01  1.578042e+01
   endloop
 endfacet
 facet normal  1.503341e-01 -0.000000e+00  9.886353e-01
   outer loop
     vertex  8.969230e+01  8.700000e+01  1.577114e+01
     vertex  8.969230e+01  9.100000e+01  1.577114e+01
     vertex  8.963126e+01  8.700000e+01  1.578042e+01
   endloop
 endfacet
 facet normal  1.231552e-01 -0.000000e+00  9.923874e-01
   outer loop
     vertex  8.975356e+01  8.700000e+01  1.576354e+01
     vertex  8.975356e+01  9.100000e+01  1.576354e+01
     vertex  8.969230e+01  9.100000e+01  1.577114e+01
   endloop
 endfacet
 facet normal  1.231552e-01  0.000000e+00  9.923874e-01
   outer loop
     vertex  8.975356e+01  8.700000e+01  1.576354e+01
     vertex  8.969230e+01  9.100000e+01  1.577114e+01
     vertex  8.969230e+01  8.700000e+01  1.577114e+01
   endloop
 endfacet
 facet normal  9.588368e-02 -0.000000e+00  9.953925e-01
   outer loop
     vertex  8.981501e+01  8.700000e+01  1.575762e+01
     vertex  8.981501e+01  9.100000e+01  1.575762e+01
     vertex  8.975356e+01  9.100000e+01  1.576354e+01
   endloop
 endfacet
 facet normal  9.588368e-02  0.000000e+00  9.953925e-01
   outer loop
     vertex  8.981501e+01  8.700000e+01  1.575762e+01
     vertex  8.975356e+01  9.100000e+01  1.576354e+01
     vertex  8.975356e+01  8.700000e+01  1.576354e+01
   endloop
 endfacet
 facet normal  6.853995e-02 -0.000000e+00  9.976484e-01
   outer loop
     vertex  8.987659e+01  8.700000e+01  1.575339e+01
     vertex  8.987659e+01  9.100000e+01  1.575339e+01
     vertex  8.981501e+01  9.100000e+01  1.575762e+01
   endloop
 endfacet
 facet normal  6.853995e-02  0.000000e+00  9.976484e-01
   outer loop
     vertex  8.987659e+01  8.700000e+01  1.575339e+01
     vertex  8.981501e+01  9.100000e+01  1.575762e+01
     vertex  8.981501e+01  8.700000e+01  1.575762e+01
   endloop
 endfacet
 facet normal  4.114462e-02 -0.000000e+00  9.991532e-01
   outer loop
     vertex  8.993827e+01  8.700000e+01  1.575085e+01
     vertex  8.993827e+01  9.100000e+01  1.575085e+01
     vertex  8.987659e+01  9.100000e+01  1.575339e+01
   endloop
 endfacet
 facet normal  4.114462e-02  0.000000e+00  9.991532e-01
   outer loop
     vertex  8.993827e+01  8.700000e+01  1.575085e+01
     vertex  8.987659e+01  9.100000e+01  1.575339e+01
     vertex  8.987659e+01  8.700000e+01  1.575339e+01
   endloop
 endfacet
 facet normal  1.371831e-02 -0.000000e+00  9.999059e-01
   outer loop
     vertex  9.000000e+01  8.700000e+01  1.575000e+01
     vertex  9.000000e+01  9.100000e+01  1.575000e+01
     vertex  8.993827e+01  9.100000e+01  1.575085e+01
   endloop
 endfacet
 facet normal  1.371831e-02  0.000000e+00  9.999059e-01
   outer loop
     vertex  9.000000e+01  8.700000e+01  1.575000e+01
     vertex  8.993827e+01  9.100000e+01  1.575085e+01
     vertex  8.993827e+01  8.700000e+01  1.575085e+01
   endloop
 endfacet
 facet normal  0.000000e+00  0.000000e+00  1.000000e+00
   outer loop
     vertex  1.525000e+02  4.000000e+00  3.000000e+00
     vertex  3.450000e+01  3.850000e+01  3.000000e+00
     vertex  3.450000e+01  4.000000e+00  3.000000e+00
   endloop
 endfacet
 facet normal  0.000000e+00  0.000000e+00  1.000000e+00
   outer loop
     vertex  1.525000e+02  8.700000e+01  3.000000e+00
     vertex  3.450000e+01  8.700000e+01  3.000000e+00
     vertex  3.450000e+01  5.250000e+01  3.000000e+00
   endloop
 endfacet
 facet normal  0.000000e+00  0.000000e+00  1.000000e+00
   outer loop
     vertex  1.525000e+02  8.700000e+01  3.000000e+00
     vertex  3.450000e+01  5.250000e+01  3.000000e+00
     vertex  3.450000e+01  3.850000e+01  3.000000e+00
   endloop
 endfacet
 facet normal  0.000000e+00  0.000000e+00  1.000000e+00
   outer loop
     vertex  1.525000e+02  8.700000e+01  3.000000e+00
     vertex  3.450000e+01  3.850000e+01  3.000000e+00
     vertex  1.525000e+02  4.000000e+00  3.000000e+00
   endloop
 endfacet
 facet normal  0.000000e+00  1.371831e-02  9.999059e-01
   outer loop
     vertex  1.475000e+02  8.896571e+01  1.675047e+01
     vertex  1.525000e+02  8.900000e+01  1.675000e+01
     vertex  1.475000e+02  8.900000e+01  1.675000e+01
   endloop
 endfacet
 facet normal -0.000000e+00  1.371831e-02  9.999059e-01
   outer loop
     vertex  1.475000e+02  8.896571e+01  1.675047e+01
     vertex  1.525000e+02  8.896571e+01  1.675047e+01
     vertex  1.525000e+02  8.900000e+01  1.675000e+01
   endloop
 endfacet
 facet normal -0.000000e+00  4.114462e-02  9.991532e-01
   outer loop
     vertex  1.475000e+02  8.893144e+01  1.675188e+01
     vertex  1.525000e+02  8.893144e+01  1.675188e+01
     vertex  1.525000e+02  8.896571e+01  1.675047e+01
   endloop
 endfacet
 facet normal -0.000000e+00  6.853995e-02  9.976484e-01
   outer loop
     vertex  1.475000e+02  8.893144e+01  1.675188e+01
     vertex  1.525000e+02  8.889723e+01  1.675423e+01
     vertex  1.525000e+02  8.893144e+01  1.675188e+01
   endloop
 endfacet
 facet normal  0.000000e+00  4.114462e-02  9.991532e-01
   outer loop
     vertex  1.475000e+02  8.893144e+01  1.675188e+01
     vertex  1.525000e+02  8.896571e+01  1.675047e+01
     vertex  1.475000e+02  8.896571e+01  1.675047e+01
   endloop
 endfacet
 facet normal -0.000000e+00  6.853995e-02  9.976484e-01
   outer loop
     vertex  1.475000e+02  8.889723e+01  1.675423e+01
     vertex  1.525000e+02  8.889723e+01  1.675423e+01
     vertex  1.475000e+02  8.893144e+01  1.675188e+01
   endloop
 endfacet
 facet normal -0.000000e+00  9.588368e-02  9.953925e-01
   outer loop
     vertex  1.475000e+02  8.886309e+01  1.675752e+01
     vertex  1.525000e+02  8.886309e+01  1.675752e+01
     vertex  1.525000e+02  8.889723e+01  1.675423e+01
   endloop
 endfacet
 facet normal  0.000000e+00  9.588368e-02  9.953925e-01
   outer loop
     vertex  1.475000e+02  8.886309e+01  1.675752e+01
     vertex  1.525000e+02  8.889723e+01  1.675423e+01
     vertex  1.475000e+02  8.889723e+01  1.675423e+01
   endloop
 endfacet
 facet normal -0.000000e+00  1.231552e-01  9.923874e-01
   outer loop
     vertex  1.475000e+02  8.882905e+01  1.676174e+01
     vertex  1.525000e+02  8.882905e+01  1.676174e+01
     vertex  1.525000e+02  8.886309e+01  1.675752e+01
   endloop
 endfacet
 facet normal -0.000000e+00  1.503341e-01  9.886353e-01
   outer loop
     vertex  1.475000e+02  8.882905e+01  1.676174e+01
     vertex  1.525000e+02  8.879515e+01  1.676690e+01
     vertex  1.525000e+02  8.882905e+01  1.676174e+01
   endloop
 endfacet
 facet normal  0.000000e+00  1.231552e-01  9.923874e-01
   outer loop
     vertex  1.475000e+02  8.882905e+01  1.676174e+01
     vertex  1.525000e+02  8.886309e+01  1.675752e+01
     vertex  1.475000e+02  8.886309e+01  1.675752e+01
   endloop
 endfacet
 facet normal -0.000000e+00  1.503341e-01  9.886353e-01
   outer loop
     vertex  1.475000e+02  8.879515e+01  1.676690e+01
     vertex  1.525000e+02  8.879515e+01  1.676690e+01
     vertex  1.475000e+02  8.882905e+01  1.676174e+01
   endloop
 endfacet
 facet normal -0.000000e+00  1.773998e-01  9.841389e-01
   outer loop
     vertex  1.475000e+02  8.876140e+01  1.677298e+01
     vertex  1.525000e+02  8.876140e+01  1.677298e+01
     vertex  1.525000e+02  8.879515e+01  1.676690e+01
   endloop
 endfacet
 facet normal  0.000000e+00  1.773998e-01  9.841389e-01
   outer loop
     vertex  1.475000e+02  8.876140e+01  1.677298e+01
     vertex  1.525000e+02  8.879515e+01  1.676690e+01
     vertex  1.475000e+02  8.879515e+01  1.676690e+01
   endloop
 endfacet
 facet normal -0.000000e+00  2.043319e-01  9.789017e-01
   outer loop
     vertex  1.475000e+02  8.872782e+01  1.677999e+01
     vertex  1.525000e+02  8.872782e+01  1.677999e+01
     vertex  1.525000e+02  8.876140e+01  1.677298e+01
   endloop
 endfacet
 facet normal  0.000000e+00  2.043319e-01  9.789017e-01
   outer loop
     vertex  1.475000e+02  8.872782e+01  1.677999e+01
     vertex  1.525000e+02  8.876140e+01  1.677298e+01
     vertex  1.475000e+02  8.876140e+01  1.677298e+01
   endloop
 endfacet
 facet normal -0.000000e+00  2.311102e-01  9.729276e-01
   outer loop
     vertex  1.475000e+02  8.869446e+01  1.678792e+01
     vertex  1.525000e+02  8.869446e+01  1.678792e+01
     vertex  1.525000e+02  8.872782e+01  1.677999e+01
   endloop
 endfacet
 facet normal  0.000000e+00  2.311102e-01  9.729276e-01
   outer loop
     vertex  1.475000e+02  8.869446e+01  1.678792e+01
     vertex  1.525000e+02  8.872782e+01  1.677999e+01
     vertex  1.475000e+02  8.872782e+01  1.677999e+01
   endloop
 endfacet
 facet normal  0.000000e+00  2.577146e-01  9.662211e-01
   outer loop
     vertex  1.475000e+02  8.866132e+01  1.679676e+01
     vertex  1.525000e+02  8.869446e+01  1.678792e+01
     vertex  1.475000e+02  8.869446e+01  1.678792e+01
   endloop
 endfacet
 facet normal -0.000000e+00  2.577146e-01  9.662211e-01
   outer loop
     vertex  1.475000e+02  8.866132e+01  1.679676e+01
     vertex  1.525000e+02  8.866132e+01  1.679676e+01
     vertex  1.525000e+02  8.869446e+01  1.678792e+01
   endloop
 endfacet
 facet normal -0.000000e+00  2.841250e-01  9.587873e-01
   outer loop
     vertex  1.475000e+02  8.866132e+01  1.679676e+01
     vertex  1.525000e+02  8.862844e+01  1.680650e+01
     vertex  1.525000e+02  8.866132e+01  1.679676e+01
   endloop
 endfacet
 facet normal -0.000000e+00  2.841250e-01  9.587873e-01
   outer loop
     vertex  1.475000e+02  8.862844e+01  1.680650e+01
     vertex  1.525000e+02  8.862844e+01  1.680650e+01
     vertex  1.475000e+02  8.866132e+01  1.679676e+01
   endloop
 endfacet
 facet normal -0.000000e+00  3.103214e-01  9.506317e-01
   outer loop
     vertex  1.475000e+02  8.862844e+01  1.680650e+01
     vertex  1.525000e+02  8.859583e+01  1.681714e+01
     vertex  1.525000e+02  8.862844e+01  1.680650e+01
   endloop
 endfacet
 facet normal -0.000000e+00  3.103214e-01  9.506317e-01
   outer loop
     vertex  1.475000e+02  8.859583e+01  1.681714e+01
     vertex  1.525000e+02  8.859583e+01  1.681714e+01
     vertex  1.475000e+02  8.862844e+01  1.680650e+01
   endloop
 endfacet
 facet normal  0.000000e+00  3.362843e-01  9.417605e-01
   outer loop
     vertex  1.475000e+02  8.856353e+01  1.682868e+01
     vertex  1.525000e+02  8.859583e+01  1.681714e+01
     vertex  1.475000e+02  8.859583e+01  1.681714e+01
   endloop
 endfacet
 facet normal -0.000000e+00  3.362843e-01  9.417605e-01
   outer loop
     vertex  1.475000e+02  8.856353e+01  1.682868e+01
     vertex  1.525000e+02  8.856353e+01  1.682868e+01
     vertex  1.525000e+02  8.859583e+01  1.681714e+01
   endloop
 endfacet
 facet normal -0.000000e+00  3.619940e-01  9.321804e-01
   outer loop
     vertex  1.475000e+02  8.856353e+01  1.682868e+01
     vertex  1.525000e+02  8.853157e+01  1.684109e+01
     vertex  1.525000e+02  8.856353e+01  1.682868e+01
   endloop
 endfacet
 facet normal -0.000000e+00  3.619940e-01  9.321804e-01
   outer loop
     vertex  1.475000e+02  8.853157e+01  1.684109e+01
     vertex  1.525000e+02  8.853157e+01  1.684109e+01
     vertex  1.475000e+02  8.856353e+01  1.682868e+01
   endloop
 endfacet
 facet normal  0.000000e+00  3.874313e-01  9.218986e-01
   outer loop
     vertex  1.475000e+02  8.849995e+01  1.685438e+01
     vertex  1.525000e+02  8.853157e+01  1.684109e+01
     vertex  1.475000e+02  8.853157e+01  1.684109e+01
   endloop
 endfacet
 facet normal -0.000000e+00  3.874313e-01  9.218986e-01
   outer loop
     vertex  1.475000e+02  8.849995e+01  1.685438e+01
     vertex  1.525000e+02  8.849995e+01  1.685438e+01
     vertex  1.525000e+02  8.853157e+01  1.684109e+01
   endloop
 endfacet
 facet normal  0.000000e+00  4.125769e-01  9.109228e-01
   outer loop
     vertex  1.475000e+02  8.846871e+01  1.686853e+01
     vertex  1.525000e+02  8.849995e+01  1.685438e+01
     vertex  1.475000e+02  8.849995e+01  1.685438e+01
   endloop
 endfacet
 facet normal -0.000000e+00  4.125769e-01  9.109228e-01
   outer loop
     vertex  1.475000e+02  8.846871e+01  1.686853e+01
     vertex  1.525000e+02  8.846871e+01  1.686853e+01
     vertex  1.525000e+02  8.849995e+01  1.685438e+01
   endloop
 endfacet
 facet normal  0.000000e+00  4.374119e-01  8.992613e-01
   outer loop
     vertex  1.475000e+02  8.843787e+01  1.688353e+01
     vertex  1.525000e+02  8.846871e+01  1.686853e+01
     vertex  1.475000e+02  8.846871e+01  1.686853e+01
   endloop
 endfacet
 facet normal -0.000000e+00  4.374119e-01  8.992613e-01
   outer loop
     vertex  1.475000e+02  8.843787e+01  1.688353e+01
     vertex  1.525000e+02  8.843787e+01  1.688353e+01
     vertex  1.525000e+02  8.846871e+01  1.686853e+01
   endloop
 endfacet
 facet normal  0.000000e+00  4.619176e-01  8.869228e-01
   outer loop
     vertex  1.475000e+02  8.840745e+01  1.689937e+01
     vertex  1.525000e+02  8.843787e+01  1.688353e+01
     vertex  1.475000e+02  8.843787e+01  1.688353e+01
   endloop
 endfacet
 facet normal -0.000000e+00  4.619176e-01  8.869228e-01
   outer loop
     vertex  1.475000e+02  8.840745e+01  1.689937e+01
     vertex  1.525000e+02  8.840745e+01  1.689937e+01
     vertex  1.525000e+02  8.843787e+01  1.688353e+01
   endloop
 endfacet
 facet normal  0.000000e+00  4.860756e-01  8.739167e-01
   outer loop
     vertex  1.475000e+02  8.837748e+01  1.691604e+01
     vertex  1.525000e+02  8.840745e+01  1.689937e+01
     vertex  1.475000e+02  8.840745e+01  1.689937e+01
   endloop
 endfacet
 facet normal -0.000000e+00  4.860756e-01  8.739167e-01
   outer loop
     vertex  1.475000e+02  8.837748e+01  1.691604e+01
     vertex  1.525000e+02  8.837748e+01  1.691604e+01
     vertex  1.525000e+02  8.840745e+01  1.689937e+01
   endloop
 endfacet
 facet normal  0.000000e+00  5.098678e-01  8.602528e-01
   outer loop
     vertex  1.475000e+02  8.834797e+01  1.693353e+01
     vertex  1.525000e+02  8.837748e+01  1.691604e+01
     vertex  1.475000e+02  8.837748e+01  1.691604e+01
   endloop
 endfacet
 facet normal -0.000000e+00  5.098678e-01  8.602528e-01
   outer loop
     vertex  1.475000e+02  8.834797e+01  1.693353e+01
     vertex  1.525000e+02  8.834797e+01  1.693353e+01
     vertex  1.525000e+02  8.837748e+01  1.691604e+01
   endloop
 endfacet
 facet normal  0.000000e+00  5.332761e-01  8.459413e-01
   outer loop
     vertex  1.475000e+02  8.831896e+01  1.695182e+01
     vertex  1.525000e+02  8.834797e+01  1.693353e+01
     vertex  1.475000e+02  8.834797e+01  1.693353e+01
   endloop
 endfacet
 facet normal -0.000000e+00  5.332761e-01  8.459413e-01
   outer loop
     vertex  1.475000e+02  8.831896e+01  1.695182e+01
     vertex  1.525000e+02  8.831896e+01  1.695182e+01
     vertex  1.525000e+02  8.834797e+01  1.693353e+01
   endloop
 endfacet
 facet normal -0.000000e+00  5.562829e-01  8.309929e-01
   outer loop
     vertex  1.475000e+02  8.829046e+01  1.697090e+01
     vertex  1.525000e+02  8.829046e+01  1.697090e+01
     vertex  1.525000e+02  8.831896e+01  1.695182e+01
   endloop
 endfacet
 facet normal  0.000000e+00  5.562829e-01  8.309929e-01
   outer loop
     vertex  1.475000e+02  8.829046e+01  1.697090e+01
     vertex  1.525000e+02  8.831896e+01  1.695182e+01
     vertex  1.475000e+02  8.831896e+01  1.695182e+01
   endloop
 endfacet
 facet normal -0.000000e+00  5.788711e-01  8.154191e-01
   outer loop
     vertex  1.475000e+02  8.826250e+01  1.699075e+01
     vertex  1.525000e+02  8.826250e+01  1.699075e+01
     vertex  1.525000e+02  8.829046e+01  1.697090e+01
   endloop
 endfacet
 facet normal  0.000000e+00  5.788711e-01  8.154191e-01
   outer loop
     vertex  1.475000e+02  8.826250e+01  1.699075e+01
     vertex  1.525000e+02  8.829046e+01  1.697090e+01
     vertex  1.475000e+02  8.829046e+01  1.697090e+01
   endloop
 endfacet
 facet normal -0.000000e+00  6.010234e-01  7.992314e-01
   outer loop
     vertex  1.475000e+02  8.823509e+01  1.701136e+01
     vertex  1.525000e+02  8.823509e+01  1.701136e+01
     vertex  1.525000e+02  8.826250e+01  1.699075e+01
   endloop
 endfacet
 facet normal  0.000000e+00  6.010234e-01  7.992314e-01
   outer loop
     vertex  1.475000e+02  8.823509e+01  1.701136e+01
     vertex  1.525000e+02  8.826250e+01  1.699075e+01
     vertex  1.475000e+02  8.826250e+01  1.699075e+01
   endloop
 endfacet
 facet normal -0.000000e+00  6.227234e-01  7.824421e-01
   outer loop
     vertex  1.475000e+02  8.820825e+01  1.703272e+01
     vertex  1.525000e+02  8.820825e+01  1.703272e+01
     vertex  1.525000e+02  8.823509e+01  1.701136e+01
   endloop
 endfacet
 facet normal -0.000000e+00  6.439545e-01  7.650637e-01
   outer loop
     vertex  1.475000e+02  8.820825e+01  1.703272e+01
     vertex  1.525000e+02  8.818201e+01  1.705480e+01
     vertex  1.525000e+02  8.820825e+01  1.703272e+01
   endloop
 endfacet
 facet normal  0.000000e+00  6.227234e-01  7.824421e-01
   outer loop
     vertex  1.475000e+02  8.820825e+01  1.703272e+01
     vertex  1.525000e+02  8.823509e+01  1.701136e+01
     vertex  1.475000e+02  8.823509e+01  1.701136e+01
   endloop
 endfacet
 facet normal -0.000000e+00  6.439545e-01  7.650637e-01
   outer loop
     vertex  1.475000e+02  8.818201e+01  1.705480e+01
     vertex  1.525000e+02  8.818201e+01  1.705480e+01
     vertex  1.475000e+02  8.820825e+01  1.703272e+01
   endloop
 endfacet
 facet normal -0.000000e+00  6.647010e-01  7.471095e-01
   outer loop
     vertex  1.475000e+02  8.815639e+01  1.707760e+01
     vertex  1.525000e+02  8.815639e+01  1.707760e+01
     vertex  1.525000e+02  8.818201e+01  1.705480e+01
   endloop
 endfacet
 facet normal  0.000000e+00  6.647010e-01  7.471095e-01
   outer loop
     vertex  1.475000e+02  8.815639e+01  1.707760e+01
     vertex  1.525000e+02  8.818201e+01  1.705480e+01
     vertex  1.475000e+02  8.818201e+01  1.705480e+01
   endloop
 endfacet
 facet normal -0.000000e+00  6.849470e-01  7.285929e-01
   outer loop
     vertex  1.475000e+02  8.813140e+01  1.710109e+01
     vertex  1.525000e+02  8.813140e+01  1.710109e+01
     vertex  1.525000e+02  8.815639e+01  1.707760e+01
   endloop
 endfacet
 facet normal  0.000000e+00  6.849470e-01  7.285929e-01
   outer loop
     vertex  1.475000e+02  8.813140e+01  1.710109e+01
     vertex  1.525000e+02  8.815639e+01  1.707760e+01
     vertex  1.475000e+02  8.815639e+01  1.707760e+01
   endloop
 endfacet
 facet normal -0.000000e+00  7.046775e-01  7.095278e-01
   outer loop
     vertex  1.475000e+02  8.810707e+01  1.712526e+01
     vertex  1.525000e+02  8.810707e+01  1.712526e+01
     vertex  1.525000e+02  8.813140e+01  1.710109e+01
   endloop
 endfacet
 facet normal  0.000000e+00  7.046775e-01  7.095278e-01
   outer loop
     vertex  1.475000e+02  8.810707e+01  1.712526e+01
     vertex  1.525000e+02  8.813140e+01  1.710109e+01
     vertex  1.475000e+02  8.813140e+01  1.710109e+01
   endloop
 endfacet
 facet normal -0.000000e+00  7.238775e-01  6.899286e-01
   outer loop
     vertex  1.475000e+02  8.808341e+01  1.715008e+01
     vertex  1.525000e+02  8.808341e+01  1.715008e+01
     vertex  1.525000e+02  8.810707e+01  1.712526e+01
   endloop
 endfacet
 facet normal  0.000000e+00  7.238775e-01  6.899286e-01
   outer loop
     vertex  1.475000e+02  8.808341e+01  1.715008e+01
     vertex  1.525000e+02  8.810707e+01  1.712526e+01
     vertex  1.475000e+02  8.810707e+01  1.712526e+01
   endloop
 endfacet
 facet normal -0.000000e+00  7.425325e-01  6.698100e-01
   outer loop
     vertex  1.475000e+02  8.806044e+01  1.717555e+01
     vertex  1.525000e+02  8.806044e+01  1.717555e+01
     vertex  1.525000e+02  8.808341e+01  1.715008e+01
   endloop
 endfacet
 facet normal  0.000000e+00  7.425325e-01  6.698100e-01
   outer loop
     vertex  1.475000e+02  8.806044e+01  1.717555e+01
     vertex  1.525000e+02  8.808341e+01  1.715008e+01
     vertex  1.475000e+02  8.808341e+01  1.715008e+01
   endloop
 endfacet
 facet normal -0.000000e+00  7.606287e-01  6.491872e-01
   outer loop
     vertex  1.475000e+02  8.803817e+01  1.720164e+01
     vertex  1.525000e+02  8.803817e+01  1.720164e+01
     vertex  1.525000e+02  8.806044e+01  1.717555e+01
   endloop
 endfacet
 facet normal  0.000000e+00  7.606287e-01  6.491872e-01
   outer loop
     vertex  1.475000e+02  8.803817e+01  1.720164e+01
     vertex  1.525000e+02  8.806044e+01  1.717555e+01
     vertex  1.475000e+02  8.806044e+01  1.717555e+01
   endloop
 endfacet
 facet normal -0.000000e+00  7.781522e-01  6.280757e-01
   outer loop
     vertex  1.475000e+02  8.801663e+01  1.722832e+01
     vertex  1.525000e+02  8.801663e+01  1.722832e+01
     vertex  1.525000e+02  8.803817e+01  1.720164e+01
   endloop
 endfacet
 facet normal  0.000000e+00  7.781522e-01  6.280757e-01
   outer loop
     vertex  1.475000e+02  8.801663e+01  1.722832e+01
     vertex  1.525000e+02  8.803817e+01  1.720164e+01
     vertex  1.475000e+02  8.803817e+01  1.720164e+01
   endloop
 endfacet
 facet normal -0.000000e+00  7.950900e-01  6.064915e-01
   outer loop
     vertex  1.475000e+02  8.799583e+01  1.725559e+01
     vertex  1.525000e+02  8.799583e+01  1.725559e+01
     vertex  1.525000e+02  8.801663e+01  1.722832e+01
   endloop
 endfacet
 facet normal  0.000000e+00  7.950900e-01  6.064915e-01
   outer loop
     vertex  1.475000e+02  8.799583e+01  1.725559e+01
     vertex  1.525000e+02  8.801663e+01  1.722832e+01
     vertex  1.475000e+02  8.801663e+01  1.722832e+01
   endloop
 endfacet
 facet normal -0.000000e+00  8.114292e-01  5.844507e-01
   outer loop
     vertex  1.475000e+02  8.797579e+01  1.728342e+01
     vertex  1.525000e+02  8.797579e+01  1.728342e+01
     vertex  1.525000e+02  8.799583e+01  1.725559e+01
   endloop
 endfacet
 facet normal  0.000000e+00  8.114292e-01  5.844507e-01
   outer loop
     vertex  1.475000e+02  8.797579e+01  1.728342e+01
     vertex  1.525000e+02  8.799583e+01  1.725559e+01
     vertex  1.475000e+02  8.799583e+01  1.725559e+01
   endloop
 endfacet
 facet normal  0.000000e+00  8.271577e-01  5.619699e-01
   outer loop
     vertex  1.475000e+02  8.795651e+01  1.731179e+01
     vertex  1.525000e+02  8.797579e+01  1.728342e+01
     vertex  1.475000e+02  8.797579e+01  1.728342e+01
   endloop
 endfacet
 facet normal -0.000000e+00  8.271577e-01  5.619699e-01
   outer loop
     vertex  1.475000e+02  8.795651e+01  1.731179e+01
     vertex  1.525000e+02  8.795651e+01  1.731179e+01
     vertex  1.525000e+02  8.797579e+01  1.728342e+01
   endloop
 endfacet
 facet normal -0.000000e+00  8.422635e-01  5.390661e-01
   outer loop
     vertex  1.475000e+02  8.795651e+01  1.731179e+01
     vertex  1.525000e+02  8.793803e+01  1.734067e+01
     vertex  1.525000e+02  8.795651e+01  1.731179e+01
   endloop
 endfacet
 facet normal -0.000000e+00  8.422635e-01  5.390661e-01
   outer loop
     vertex  1.475000e+02  8.793803e+01  1.734067e+01
     vertex  1.525000e+02  8.793803e+01  1.734067e+01
     vertex  1.475000e+02  8.795651e+01  1.731179e+01
   endloop
 endfacet
 facet normal -0.000000e+00  8.567352e-01  5.157565e-01
   outer loop
     vertex  1.475000e+02  8.793803e+01  1.734067e+01
     vertex  1.525000e+02  8.792034e+01  1.737006e+01
     vertex  1.525000e+02  8.793803e+01  1.734067e+01
   endloop
 endfacet
 facet normal -0.000000e+00  8.567352e-01  5.157565e-01
   outer loop
     vertex  1.475000e+02  8.792034e+01  1.737006e+01
     vertex  1.525000e+02  8.792034e+01  1.737006e+01
     vertex  1.475000e+02  8.793803e+01  1.734067e+01
   endloop
 endfacet
 facet normal  0.000000e+00  8.705620e-01  4.920587e-01
   outer loop
     vertex  1.475000e+02  8.790346e+01  1.739991e+01
     vertex  1.525000e+02  8.792034e+01  1.737006e+01
     vertex  1.475000e+02  8.792034e+01  1.737006e+01
   endloop
 endfacet
 facet normal -0.000000e+00  8.705620e-01  4.920587e-01
   outer loop
     vertex  1.475000e+02  8.790346e+01  1.739991e+01
     vertex  1.525000e+02  8.790346e+01  1.739991e+01
     vertex  1.525000e+02  8.792034e+01  1.737006e+01
   endloop
 endfacet
 facet normal  0.000000e+00  8.837335e-01  4.679904e-01
   outer loop
     vertex  1.475000e+02  8.788741e+01  1.743022e+01
     vertex  1.525000e+02  8.790346e+01  1.739991e+01
     vertex  1.475000e+02  8.790346e+01  1.739991e+01
   endloop
 endfacet
 facet normal -0.000000e+00  8.837335e-01  4.679904e-01
   outer loop
     vertex  1.475000e+02  8.788741e+01  1.743022e+01
     vertex  1.525000e+02  8.788741e+01  1.743022e+01
     vertex  1.525000e+02  8.790346e+01  1.739991e+01
   endloop
 endfacet
 facet normal  0.000000e+00  8.962398e-01  4.435699e-01
   outer loop
     vertex  1.475000e+02  8.787220e+01  1.746096e+01
     vertex  1.525000e+02  8.788741e+01  1.743022e+01
     vertex  1.475000e+02  8.788741e+01  1.743022e+01
   endloop
 endfacet
 facet normal -0.000000e+00  8.962398e-01  4.435699e-01
   outer loop
     vertex  1.475000e+02  8.787220e+01  1.746096e+01
     vertex  1.525000e+02  8.787220e+01  1.746096e+01
     vertex  1.525000e+02  8.788741e+01  1.743022e+01
   endloop
 endfacet
 facet normal  0.000000e+00  9.080714e-01  4.188155e-01
   outer loop
     vertex  1.475000e+02  8.785784e+01  1.749210e+01
     vertex  1.525000e+02  8.787220e+01  1.746096e+01
     vertex  1.475000e+02  8.787220e+01  1.746096e+01
   endloop
 endfacet
 facet normal -0.000000e+00  9.080714e-01  4.188155e-01
   outer loop
     vertex  1.475000e+02  8.785784e+01  1.749210e+01
     vertex  1.525000e+02  8.785784e+01  1.749210e+01
     vertex  1.525000e+02  8.787220e+01  1.746096e+01
   endloop
 endfacet
 facet normal  0.000000e+00  9.192194e-01  3.937458e-01
   outer loop
     vertex  1.475000e+02  8.784433e+01  1.752363e+01
     vertex  1.525000e+02  8.785784e+01  1.749210e+01
     vertex  1.475000e+02  8.785784e+01  1.749210e+01
   endloop
 endfacet
 facet normal -0.000000e+00  9.192194e-01  3.937458e-01
   outer loop
     vertex  1.475000e+02  8.784433e+01  1.752363e+01
     vertex  1.525000e+02  8.784433e+01  1.752363e+01
     vertex  1.525000e+02  8.785784e+01  1.749210e+01
   endloop
 endfacet
 facet normal  0.000000e+00  9.296754e-01  3.683796e-01
   outer loop
     vertex  1.475000e+02  8.783170e+01  1.755551e+01
     vertex  1.525000e+02  8.784433e+01  1.752363e+01
     vertex  1.475000e+02  8.784433e+01  1.752363e+01
   endloop
 endfacet
 facet normal -0.000000e+00  9.296754e-01  3.683796e-01
   outer loop
     vertex  1.475000e+02  8.783170e+01  1.755551e+01
     vertex  1.525000e+02  8.783170e+01  1.755551e+01
     vertex  1.525000e+02  8.784433e+01  1.752363e+01
   endloop
 endfacet
 facet normal  0.000000e+00  9.394317e-01  3.427362e-01
   outer loop
     vertex  1.475000e+02  8.781994e+01  1.758773e+01
     vertex  1.525000e+02  8.783170e+01  1.755551e+01
     vertex  1.475000e+02  8.783170e+01  1.755551e+01
   endloop
 endfacet
 facet normal -0.000000e+00  9.394317e-01  3.427362e-01
   outer loop
     vertex  1.475000e+02  8.781994e+01  1.758773e+01
     vertex  1.525000e+02  8.781994e+01  1.758773e+01
     vertex  1.525000e+02  8.783170e+01  1.755551e+01
   endloop
 endfacet
 facet normal  0.000000e+00  9.484807e-01  3.168348e-01
   outer loop
     vertex  1.475000e+02  8.780908e+01  1.762026e+01
     vertex  1.525000e+02  8.781994e+01  1.758773e+01
     vertex  1.475000e+02  8.781994e+01  1.758773e+01
   endloop
 endfacet
 facet normal -0.000000e+00  9.484807e-01  3.168348e-01
   outer loop
     vertex  1.475000e+02  8.780908e+01  1.762026e+01
     vertex  1.525000e+02  8.780908e+01  1.762026e+01
     vertex  1.525000e+02  8.781994e+01  1.758773e+01
   endloop
 endfacet
 facet normal  0.000000e+00  9.568158e-01  2.906949e-01
   outer loop
     vertex  1.475000e+02  8.779911e+01  1.765307e+01
     vertex  1.525000e+02  8.780908e+01  1.762026e+01
     vertex  1.475000e+02  8.780908e+01  1.762026e+01
   endloop
 endfacet
 facet normal -0.000000e+00  9.568158e-01  2.906949e-01
   outer loop
     vertex  1.475000e+02  8.779911e+01  1.765307e+01
     vertex  1.525000e+02  8.779911e+01  1.765307e+01
     vertex  1.525000e+02  8.780908e+01  1.762026e+01
   endloop
 endfacet
 facet normal -0.000000e+00  9.644306e-01  2.643362e-01
   outer loop
     vertex  1.475000e+02  8.779911e+01  1.765307e+01
     vertex  1.525000e+02  8.779004e+01  1.768615e+01
     vertex  1.525000e+02  8.779911e+01  1.765307e+01
   endloop
 endfacet
 facet normal -0.000000e+00  9.644306e-01  2.643362e-01
   outer loop
     vertex  1.475000e+02  8.779004e+01  1.768615e+01
     vertex  1.525000e+02  8.779004e+01  1.768615e+01
     vertex  1.475000e+02  8.779911e+01  1.765307e+01
   endloop
 endfacet
 facet normal -0.000000e+00  9.713194e-01  2.377784e-01
   outer loop
     vertex  1.475000e+02  8.779004e+01  1.768615e+01
     vertex  1.525000e+02  8.778189e+01  1.771946e+01
     vertex  1.525000e+02  8.779004e+01  1.768615e+01
   endloop
 endfacet
 facet normal -0.000000e+00  9.713194e-01  2.377784e-01
   outer loop
     vertex  1.475000e+02  8.778189e+01  1.771946e+01
     vertex  1.525000e+02  8.778189e+01  1.771946e+01
     vertex  1.475000e+02  8.779004e+01  1.768615e+01
   endloop
 endfacet
 facet normal  0.000000e+00  9.774771e-01  2.110417e-01
   outer loop
     vertex  1.475000e+02  8.777465e+01  1.775298e+01
     vertex  1.525000e+02  8.778189e+01  1.771946e+01
     vertex  1.475000e+02  8.778189e+01  1.771946e+01
   endloop
 endfacet
 facet normal -0.000000e+00  9.774771e-01  2.110417e-01
   outer loop
     vertex  1.475000e+02  8.777465e+01  1.775298e+01
     vertex  1.525000e+02  8.777465e+01  1.775298e+01
     vertex  1.525000e+02  8.778189e+01  1.771946e+01
   endloop
 endfacet
 facet normal -0.000000e+00  9.828989e-01  1.841461e-01
   outer loop
     vertex  1.475000e+02  8.777465e+01  1.775298e+01
     vertex  1.525000e+02  8.776833e+01  1.778669e+01
     vertex  1.525000e+02  8.777465e+01  1.775298e+01
   endloop
 endfacet
 facet normal -0.000000e+00  9.828989e-01  1.841461e-01
   outer loop
     vertex  1.475000e+02  8.776833e+01  1.778669e+01
     vertex  1.525000e+02  8.776833e+01  1.778669e+01
     vertex  1.475000e+02  8.777465e+01  1.775298e+01
   endloop
 endfacet
 facet normal -0.000000e+00  9.875808e-01  1.571119e-01
   outer loop
     vertex  1.475000e+02  8.776833e+01  1.778669e+01
     vertex  1.525000e+02  8.776295e+01  1.782056e+01
     vertex  1.525000e+02  8.776833e+01  1.778669e+01
   endloop
 endfacet
 facet normal -0.000000e+00  9.875808e-01  1.571119e-01
   outer loop
     vertex  1.475000e+02  8.776295e+01  1.782056e+01
     vertex  1.525000e+02  8.776295e+01  1.782056e+01
     vertex  1.475000e+02  8.776833e+01  1.778669e+01
   endloop
 endfacet
 facet normal  0.000000e+00  9.915193e-01  1.299594e-01
   outer loop
     vertex  1.475000e+02  8.775849e+01  1.785457e+01
     vertex  1.525000e+02  8.776295e+01  1.782056e+01
     vertex  1.475000e+02  8.776295e+01  1.782056e+01
   endloop
 endfacet
 facet normal -0.000000e+00  9.915193e-01  1.299594e-01
   outer loop
     vertex  1.475000e+02  8.775849e+01  1.785457e+01
     vertex  1.525000e+02  8.775849e+01  1.785457e+01
     vertex  1.525000e+02  8.776295e+01  1.782056e+01
   endloop
 endfacet
 facet normal -0.000000e+00  9.947114e-01  1.027091e-01
   outer loop
     vertex  1.475000e+02  8.775849e+01  1.785457e+01
     vertex  1.525000e+02  8.775497e+01  1.788868e+01
     vertex  1.525000e+02  8.775849e+01  1.785457e+01
   endloop
 endfacet
 facet normal -0.000000e+00  9.947114e-01  1.027091e-01
   outer loop
     vertex  1.475000e+02  8.775497e+01  1.788868e+01
     vertex  1.525000e+02  8.775497e+01  1.788868e+01
     vertex  1.475000e+02  8.775849e+01  1.785457e+01
   endloop
 endfacet
 facet normal  0.000000e+00  9.971548e-01  7.538152e-02
   outer loop
     vertex  1.475000e+02  8.775238e+01  1.792288e+01
     vertex  1.525000e+02  8.775497e+01  1.788868e+01
     vertex  1.475000e+02  8.775497e+01  1.788868e+01
   endloop
 endfacet
 facet normal -0.000000e+00  9.971548e-01  7.538152e-02
   outer loop
     vertex  1.475000e+02  8.775238e+01  1.792288e+01
     vertex  1.525000e+02  8.775238e+01  1.792288e+01
     vertex  1.525000e+02  8.775497e+01  1.788868e+01
   endloop
 endfacet
 facet normal -0.000000e+00  9.988475e-01  4.799716e-02
   outer loop
     vertex  1.475000e+02  8.775238e+01  1.792288e+01
     vertex  1.525000e+02  8.775074e+01  1.795714e+01
     vertex  1.525000e+02  8.775238e+01  1.792288e+01
   endloop
 endfacet
 facet normal -0.000000e+00  9.997883e-01  2.057667e-02
   outer loop
     vertex  1.475000e+02  8.775074e+01  1.795714e+01
     vertex  1.525000e+02  8.775003e+01  1.799143e+01
     vertex  1.525000e+02  8.775074e+01  1.795714e+01
   endloop
 endfacet
 facet normal -0.000000e+00  9.988475e-01  4.799716e-02
   outer loop
     vertex  1.475000e+02  8.775074e+01  1.795714e+01
     vertex  1.525000e+02  8.775074e+01  1.795714e+01
     vertex  1.475000e+02  8.775238e+01  1.792288e+01
   endloop
 endfacet
 facet normal -0.000000e+00  9.997883e-01  2.057667e-02
   outer loop
     vertex  1.475000e+02  8.775003e+01  1.799143e+01
     vertex  1.525000e+02  8.775003e+01  1.799143e+01
     vertex  1.475000e+02  8.775074e+01  1.795714e+01
   endloop
 endfacet
 facet normal  0.000000e+00  9.999765e-01 -6.859319e-03
   outer loop
     vertex  1.475000e+02  8.775026e+01  1.802572e+01
     vertex  1.525000e+02  8.775026e+01  1.802572e+01
     vertex  1.525000e+02  8.775003e+01  1.799143e+01
   endloop
 endfacet
 facet normal  0.000000e+00  9.999765e-01 -6.859319e-03
   outer loop
     vertex  1.475000e+02  8.775026e+01  1.802572e+01
     vertex  1.525000e+02  8.775003e+01  1.799143e+01
     vertex  1.475000e+02  8.775003e+01  1.799143e+01
   endloop
 endfacet
 facet normal  0.000000e+00  9.994119e-01 -3.429014e-02
   outer loop
     vertex  1.475000e+02  8.775144e+01  1.806000e+01
     vertex  1.525000e+02  8.775144e+01  1.806000e+01
     vertex  1.525000e+02  8.775026e+01  1.802572e+01
   endloop
 endfacet
 facet normal  0.000000e+00  9.994119e-01 -3.429014e-02
   outer loop
     vertex  1.475000e+02  8.775144e+01  1.806000e+01
     vertex  1.525000e+02  8.775026e+01  1.802572e+01
     vertex  1.475000e+02  8.775026e+01  1.802572e+01
   endloop
 endfacet
 facet normal  0.000000e+00  9.980950e-01 -6.169515e-02
   outer loop
     vertex  1.475000e+02  8.775356e+01  1.809423e+01
     vertex  1.525000e+02  8.775356e+01  1.809423e+01
     vertex  1.525000e+02  8.775144e+01  1.806000e+01
   endloop
 endfacet
 facet normal  0.000000e+00  9.980950e-01 -6.169515e-02
   outer loop
     vertex  1.475000e+02  8.775356e+01  1.809423e+01
     vertex  1.525000e+02  8.775144e+01  1.806000e+01
     vertex  1.475000e+02  8.775144e+01  1.806000e+01
   endloop
 endfacet
 facet normal  0.000000e+00  9.960268e-01 -8.905371e-02
   outer loop
     vertex  1.475000e+02  8.775661e+01  1.812839e+01
     vertex  1.525000e+02  8.775356e+01  1.809423e+01
     vertex  1.475000e+02  8.775356e+01  1.809423e+01
   endloop
 endfacet
 facet normal  0.000000e+00  9.960268e-01 -8.905371e-02
   outer loop
     vertex  1.475000e+02  8.775661e+01  1.812839e+01
     vertex  1.525000e+02  8.775661e+01  1.812839e+01
     vertex  1.525000e+02  8.775356e+01  1.809423e+01
   endloop
 endfacet
 facet normal  0.000000e+00  9.932088e-01 -1.163452e-01
   outer loop
     vertex  1.475000e+02  8.776060e+01  1.816245e+01
     vertex  1.525000e+02  8.775661e+01  1.812839e+01
     vertex  1.475000e+02  8.775661e+01  1.812839e+01
   endloop
 endfacet
 facet normal  0.000000e+00  9.932088e-01 -1.163452e-01
   outer loop
     vertex  1.475000e+02  8.776060e+01  1.816245e+01
     vertex  1.525000e+02  8.776060e+01  1.816245e+01
     vertex  1.525000e+02  8.775661e+01  1.812839e+01
   endloop
 endfacet
 facet normal  0.000000e+00  9.896432e-01 -1.435492e-01
   outer loop
     vertex  1.475000e+02  8.776060e+01  1.816245e+01
     vertex  1.525000e+02  8.776552e+01  1.819639e+01
     vertex  1.525000e+02  8.776060e+01  1.816245e+01
   endloop
 endfacet
 facet normal  0.000000e+00  9.896432e-01 -1.435492e-01
   outer loop
     vertex  1.475000e+02  8.776552e+01  1.819639e+01
     vertex  1.525000e+02  8.776552e+01  1.819639e+01
     vertex  1.475000e+02  8.776060e+01  1.816245e+01
   endloop
 endfacet
 facet normal  0.000000e+00  9.853326e-01 -1.706451e-01
   outer loop
     vertex  1.475000e+02  8.777138e+01  1.823018e+01
     vertex  1.525000e+02  8.776552e+01  1.819639e+01
     vertex  1.475000e+02  8.776552e+01  1.819639e+01
   endloop
 endfacet
 facet normal  0.000000e+00  9.853326e-01 -1.706451e-01
   outer loop
     vertex  1.475000e+02  8.777138e+01  1.823018e+01
     vertex  1.525000e+02  8.777138e+01  1.823018e+01
     vertex  1.525000e+02  8.776552e+01  1.819639e+01
   endloop
 endfacet
 facet normal  0.000000e+00  9.802802e-01 -1.976125e-01
   outer loop
     vertex  1.475000e+02  8.777815e+01  1.826380e+01
     vertex  1.525000e+02  8.777138e+01  1.823018e+01
     vertex  1.475000e+02  8.777138e+01  1.823018e+01
   endloop
 endfacet
 facet normal  0.000000e+00  9.802802e-01 -1.976125e-01
   outer loop
     vertex  1.475000e+02  8.777815e+01  1.826380e+01
     vertex  1.525000e+02  8.777815e+01  1.826380e+01
     vertex  1.525000e+02  8.777138e+01  1.823018e+01
   endloop
 endfacet
 facet normal  0.000000e+00  9.744899e-01 -2.244312e-01
   outer loop
     vertex  1.475000e+02  8.777815e+01  1.826380e+01
     vertex  1.525000e+02  8.778585e+01  1.829722e+01
     vertex  1.525000e+02  8.777815e+01  1.826380e+01
   endloop
 endfacet
 facet normal  0.000000e+00  9.744899e-01 -2.244312e-01
   outer loop
     vertex  1.475000e+02  8.778585e+01  1.829722e+01
     vertex  1.525000e+02  8.778585e+01  1.829722e+01
     vertex  1.475000e+02  8.777815e+01  1.826380e+01
   endloop
 endfacet
 facet normal  0.000000e+00  9.679661e-01 -2.510809e-01
   outer loop
     vertex  1.475000e+02  8.779446e+01  1.833042e+01
     vertex  1.525000e+02  8.778585e+01  1.829722e+01
     vertex  1.475000e+02  8.778585e+01  1.829722e+01
   endloop
 endfacet
 facet normal  0.000000e+00  9.679661e-01 -2.510809e-01
   outer loop
     vertex  1.475000e+02  8.779446e+01  1.833042e+01
     vertex  1.525000e+02  8.779446e+01  1.833042e+01
     vertex  1.525000e+02  8.778585e+01  1.829722e+01
   endloop
 endfacet
 facet normal  0.000000e+00  9.607136e-01 -2.775416e-01
   outer loop
     vertex  1.475000e+02  8.779446e+01  1.833042e+01
     vertex  1.525000e+02  8.780398e+01  1.836337e+01
     vertex  1.525000e+02  8.779446e+01  1.833042e+01
   endloop
 endfacet
 facet normal  0.000000e+00  9.607136e-01 -2.775416e-01
   outer loop
     vertex  1.475000e+02  8.780398e+01  1.836337e+01
     vertex  1.525000e+02  8.780398e+01  1.836337e+01
     vertex  1.475000e+02  8.779446e+01  1.833042e+01
   endloop
 endfacet
 facet normal  0.000000e+00  9.527379e-01 -3.037934e-01
   outer loop
     vertex  1.475000e+02  8.781440e+01  1.839604e+01
     vertex  1.525000e+02  8.780398e+01  1.836337e+01
     vertex  1.475000e+02  8.780398e+01  1.836337e+01
   endloop
 endfacet
 facet normal  0.000000e+00  9.527379e-01 -3.037934e-01
   outer loop
     vertex  1.475000e+02  8.781440e+01  1.839604e+01
     vertex  1.525000e+02  8.781440e+01  1.839604e+01
     vertex  1.525000e+02  8.780398e+01  1.836337e+01
   endloop
 endfacet
 facet normal  0.000000e+00  9.440450e-01 -3.298166e-01
   outer loop
     vertex  1.475000e+02  8.781440e+01  1.839604e+01
     vertex  1.525000e+02  8.782571e+01  1.842842e+01
     vertex  1.525000e+02  8.781440e+01  1.839604e+01
   endloop
 endfacet
 facet normal  0.000000e+00  9.440450e-01 -3.298166e-01
   outer loop
     vertex  1.475000e+02  8.782571e+01  1.842842e+01
     vertex  1.525000e+02  8.782571e+01  1.842842e+01
     vertex  1.475000e+02  8.781440e+01  1.839604e+01
   endloop
 endfacet
 facet normal  0.000000e+00  9.346415e-01 -3.555914e-01
   outer loop
     vertex  1.475000e+02  8.783791e+01  1.846047e+01
     vertex  1.525000e+02  8.782571e+01  1.842842e+01
     vertex  1.475000e+02  8.782571e+01  1.842842e+01
   endloop
 endfacet
 facet normal  0.000000e+00  9.346415e-01 -3.555914e-01
   outer loop
     vertex  1.475000e+02  8.783791e+01  1.846047e+01
     vertex  1.525000e+02  8.783791e+01  1.846047e+01
     vertex  1.525000e+02  8.782571e+01  1.842842e+01
   endloop
 endfacet
 facet normal  0.000000e+00  9.245344e-01 -3.810986e-01
   outer loop
     vertex  1.475000e+02  8.785098e+01  1.849218e+01
     vertex  1.525000e+02  8.783791e+01  1.846047e+01
     vertex  1.475000e+02  8.783791e+01  1.846047e+01
   endloop
 endfacet
 facet normal  0.000000e+00  9.245344e-01 -3.810986e-01
   outer loop
     vertex  1.475000e+02  8.785098e+01  1.849218e+01
     vertex  1.525000e+02  8.785098e+01  1.849218e+01
     vertex  1.525000e+02  8.783791e+01  1.846047e+01
   endloop
 endfacet
 facet normal  0.000000e+00  9.137314e-01 -4.063188e-01
   outer loop
     vertex  1.475000e+02  8.786491e+01  1.852352e+01
     vertex  1.525000e+02  8.786491e+01  1.852352e+01
     vertex  1.525000e+02  8.785098e+01  1.849218e+01
   endloop
 endfacet
 facet normal  0.000000e+00  9.022405e-01 -4.312333e-01
   outer loop
     vertex  1.475000e+02  8.786491e+01  1.852352e+01
     vertex  1.525000e+02  8.787970e+01  1.855446e+01
     vertex  1.525000e+02  8.786491e+01  1.852352e+01
   endloop
 endfacet
 facet normal  0.000000e+00  9.137314e-01 -4.063188e-01
   outer loop
     vertex  1.475000e+02  8.786491e+01  1.852352e+01
     vertex  1.525000e+02  8.785098e+01  1.849218e+01
     vertex  1.475000e+02  8.785098e+01  1.849218e+01
   endloop
 endfacet
 facet normal  0.000000e+00  9.022405e-01 -4.312333e-01
   outer loop
     vertex  1.475000e+02  8.787970e+01  1.855446e+01
     vertex  1.525000e+02  8.787970e+01  1.855446e+01
     vertex  1.475000e+02  8.786491e+01  1.852352e+01
   endloop
 endfacet
 facet normal  0.000000e+00  8.900704e-01 -4.558231e-01
   outer loop
     vertex  1.475000e+02  8.789533e+01  1.858499e+01
     vertex  1.525000e+02  8.789533e+01  1.858499e+01
     vertex  1.525000e+02  8.787970e+01  1.855446e+01
   endloop
 endfacet
 facet normal  0.000000e+00  8.772303e-01 -4.800697e-01
   outer loop
     vertex  1.475000e+02  8.789533e+01  1.858499e+01
     vertex  1.525000e+02  8.791180e+01  1.861507e+01
     vertex  1.525000e+02  8.789533e+01  1.858499e+01
   endloop
 endfacet
 facet normal  0.000000e+00  8.900704e-01 -4.558231e-01
   outer loop
     vertex  1.475000e+02  8.789533e+01  1.858499e+01
     vertex  1.525000e+02  8.787970e+01  1.855446e+01
     vertex  1.475000e+02  8.787970e+01  1.855446e+01
   endloop
 endfacet
 facet normal  0.000000e+00  8.772303e-01 -4.800697e-01
   outer loop
     vertex  1.475000e+02  8.791180e+01  1.861507e+01
     vertex  1.525000e+02  8.791180e+01  1.861507e+01
     vertex  1.475000e+02  8.789533e+01  1.858499e+01
   endloop
 endfacet
 facet normal  0.000000e+00  8.637299e-01 -5.039550e-01
   outer loop
     vertex  1.475000e+02  8.792908e+01  1.864470e+01
     vertex  1.525000e+02  8.792908e+01  1.864470e+01
     vertex  1.525000e+02  8.791180e+01  1.861507e+01
   endloop
 endfacet
 facet normal  0.000000e+00  8.637299e-01 -5.039550e-01
   outer loop
     vertex  1.475000e+02  8.792908e+01  1.864470e+01
     vertex  1.525000e+02  8.791180e+01  1.861507e+01
     vertex  1.475000e+02  8.791180e+01  1.861507e+01
   endloop
 endfacet
 facet normal  0.000000e+00  8.495793e-01 -5.274609e-01
   outer loop
     vertex  1.475000e+02  8.794717e+01  1.867383e+01
     vertex  1.525000e+02  8.794717e+01  1.867383e+01
     vertex  1.525000e+02  8.792908e+01  1.864470e+01
   endloop
 endfacet
 facet normal  0.000000e+00  8.347891e-01 -5.505698e-01
   outer loop
     vertex  1.475000e+02  8.794717e+01  1.867383e+01
     vertex  1.525000e+02  8.796605e+01  1.870246e+01
     vertex  1.525000e+02  8.794717e+01  1.867383e+01
   endloop
 endfacet
 facet normal  0.000000e+00  8.495793e-01 -5.274609e-01
   outer loop
     vertex  1.475000e+02  8.794717e+01  1.867383e+01
     vertex  1.525000e+02  8.792908e+01  1.864470e+01
     vertex  1.475000e+02  8.792908e+01  1.864470e+01
   endloop
 endfacet
 facet normal  0.000000e+00  8.347891e-01 -5.505698e-01
   outer loop
     vertex  1.475000e+02  8.796605e+01  1.870246e+01
     vertex  1.525000e+02  8.796605e+01  1.870246e+01
     vertex  1.475000e+02  8.794717e+01  1.867383e+01
   endloop
 endfacet
 facet normal  0.000000e+00  8.193706e-01 -5.732642e-01
   outer loop
     vertex  1.475000e+02  8.798571e+01  1.873056e+01
     vertex  1.525000e+02  8.798571e+01  1.873056e+01
     vertex  1.525000e+02  8.796605e+01  1.870246e+01
   endloop
 endfacet
 facet normal  0.000000e+00  8.193706e-01 -5.732642e-01
   outer loop
     vertex  1.475000e+02  8.798571e+01  1.873056e+01
     vertex  1.525000e+02  8.796605e+01  1.870246e+01
     vertex  1.475000e+02  8.796605e+01  1.870246e+01
   endloop
 endfacet
 facet normal  0.000000e+00  8.033352e-01 -5.955271e-01
   outer loop
     vertex  1.475000e+02  8.800614e+01  1.875811e+01
     vertex  1.525000e+02  8.800614e+01  1.875811e+01
     vertex  1.525000e+02  8.798571e+01  1.873056e+01
   endloop
 endfacet
 facet normal  0.000000e+00  7.866951e-01 -6.173417e-01
   outer loop
     vertex  1.475000e+02  8.800614e+01  1.875811e+01
     vertex  1.525000e+02  8.802731e+01  1.878509e+01
     vertex  1.525000e+02  8.800614e+01  1.875811e+01
   endloop
 endfacet
 facet normal  0.000000e+00  8.033352e-01 -5.955271e-01
   outer loop
     vertex  1.475000e+02  8.800614e+01  1.875811e+01
     vertex  1.525000e+02  8.798571e+01  1.873056e+01
     vertex  1.475000e+02  8.798571e+01  1.873056e+01
   endloop
 endfacet
 facet normal  0.000000e+00  7.866951e-01 -6.173417e-01
   outer loop
     vertex  1.475000e+02  8.802731e+01  1.878509e+01
     vertex  1.525000e+02  8.802731e+01  1.878509e+01
     vertex  1.475000e+02  8.800614e+01  1.875811e+01
   endloop
 endfacet
 facet normal  0.000000e+00  7.694628e-01 -6.386916e-01
   outer loop
     vertex  1.475000e+02  8.804921e+01  1.881148e+01
     vertex  1.525000e+02  8.804921e+01  1.881148e+01
     vertex  1.525000e+02  8.802731e+01  1.878509e+01
   endloop
 endfacet
 facet normal  0.000000e+00  7.694628e-01 -6.386916e-01
   outer loop
     vertex  1.475000e+02  8.804921e+01  1.881148e+01
     vertex  1.525000e+02  8.802731e+01  1.878509e+01
     vertex  1.475000e+02  8.802731e+01  1.878509e+01
   endloop
 endfacet
 facet normal  0.000000e+00  7.516513e-01 -6.595607e-01
   outer loop
     vertex  1.475000e+02  8.807183e+01  1.883726e+01
     vertex  1.525000e+02  8.807183e+01  1.883726e+01
     vertex  1.525000e+02  8.804921e+01  1.881148e+01
   endloop
 endfacet
 facet normal  0.000000e+00  7.516513e-01 -6.595607e-01
   outer loop
     vertex  1.475000e+02  8.807183e+01  1.883726e+01
     vertex  1.525000e+02  8.804921e+01  1.881148e+01
     vertex  1.475000e+02  8.804921e+01  1.881148e+01
   endloop
 endfacet
 facet normal  0.000000e+00  7.332740e-01 -6.799333e-01
   outer loop
     vertex  1.475000e+02  8.809515e+01  1.886241e+01
     vertex  1.525000e+02  8.809515e+01  1.886241e+01
     vertex  1.525000e+02  8.807183e+01  1.883726e+01
   endloop
 endfacet
 facet normal  0.000000e+00  7.143447e-01 -6.997940e-01
   outer loop
     vertex  1.475000e+02  8.809515e+01  1.886241e+01
     vertex  1.525000e+02  8.811915e+01  1.888691e+01
     vertex  1.525000e+02  8.809515e+01  1.886241e+01
   endloop
 endfacet
 facet normal  0.000000e+00  7.332740e-01 -6.799333e-01
   outer loop
     vertex  1.475000e+02  8.809515e+01  1.886241e+01
     vertex  1.525000e+02  8.807183e+01  1.883726e+01
     vertex  1.475000e+02  8.807183e+01  1.883726e+01
   endloop
 endfacet
 facet normal  0.000000e+00  7.143447e-01 -6.997940e-01
   outer loop
     vertex  1.475000e+02  8.811915e+01  1.888691e+01
     vertex  1.525000e+02  8.811915e+01  1.888691e+01
     vertex  1.475000e+02  8.809515e+01  1.886241e+01
   endloop
 endfacet
 facet normal  0.000000e+00  6.948776e-01 -7.191280e-01
   outer loop
     vertex  1.475000e+02  8.814382e+01  1.891074e+01
     vertex  1.525000e+02  8.811915e+01  1.888691e+01
     vertex  1.475000e+02  8.811915e+01  1.888691e+01
   endloop
 endfacet
 facet normal  0.000000e+00  6.948776e-01 -7.191280e-01
   outer loop
     vertex  1.475000e+02  8.814382e+01  1.891074e+01
     vertex  1.525000e+02  8.814382e+01  1.891074e+01
     vertex  1.525000e+02  8.811915e+01  1.888691e+01
   endloop
 endfacet
 facet normal  0.000000e+00  6.748875e-01 -7.379206e-01
   outer loop
     vertex  1.475000e+02  8.816912e+01  1.893389e+01
     vertex  1.525000e+02  8.814382e+01  1.891074e+01
     vertex  1.475000e+02  8.814382e+01  1.891074e+01
   endloop
 endfacet
 facet normal  0.000000e+00  6.748875e-01 -7.379206e-01
   outer loop
     vertex  1.475000e+02  8.816912e+01  1.893389e+01
     vertex  1.525000e+02  8.816912e+01  1.893389e+01
     vertex  1.525000e+02  8.814382e+01  1.891074e+01
   endloop
 endfacet
 facet normal  0.000000e+00  6.543893e-01 -7.561578e-01
   outer loop
     vertex  1.475000e+02  8.816912e+01  1.893389e+01
     vertex  1.525000e+02  8.819506e+01  1.895633e+01
     vertex  1.525000e+02  8.816912e+01  1.893389e+01
   endloop
 endfacet
 facet normal  0.000000e+00  6.543893e-01 -7.561578e-01
   outer loop
     vertex  1.475000e+02  8.819506e+01  1.895633e+01
     vertex  1.525000e+02  8.819506e+01  1.895633e+01
     vertex  1.475000e+02  8.816912e+01  1.893389e+01
   endloop
 endfacet
 facet normal  0.000000e+00  6.333986e-01 -7.738257e-01
   outer loop
     vertex  1.475000e+02  8.819506e+01  1.895633e+01
     vertex  1.525000e+02  8.822160e+01  1.897805e+01
     vertex  1.525000e+02  8.819506e+01  1.895633e+01
   endloop
 endfacet
 facet normal  0.000000e+00  6.333986e-01 -7.738257e-01
   outer loop
     vertex  1.475000e+02  8.822160e+01  1.897805e+01
     vertex  1.525000e+02  8.822160e+01  1.897805e+01
     vertex  1.475000e+02  8.819506e+01  1.895633e+01
   endloop
 endfacet
 facet normal  0.000000e+00  6.119310e-01 -7.909112e-01
   outer loop
     vertex  1.475000e+02  8.824872e+01  1.899904e+01
     vertex  1.525000e+02  8.822160e+01  1.897805e+01
     vertex  1.475000e+02  8.822160e+01  1.897805e+01
   endloop
 endfacet
 facet normal  0.000000e+00  6.119310e-01 -7.909112e-01
   outer loop
     vertex  1.475000e+02  8.824872e+01  1.899904e+01
     vertex  1.525000e+02  8.824872e+01  1.899904e+01
     vertex  1.525000e+02  8.822160e+01  1.897805e+01
   endloop
 endfacet
 facet normal  0.000000e+00  5.900028e-01 -8.074012e-01
   outer loop
     vertex  1.475000e+02  8.827641e+01  1.901927e+01
     vertex  1.525000e+02  8.827641e+01  1.901927e+01
     vertex  1.525000e+02  8.824872e+01  1.899904e+01
   endloop
 endfacet
 facet normal  0.000000e+00  5.676304e-01 -8.232835e-01
   outer loop
     vertex  1.475000e+02  8.827641e+01  1.901927e+01
     vertex  1.525000e+02  8.830465e+01  1.903874e+01
     vertex  1.525000e+02  8.827641e+01  1.901927e+01
   endloop
 endfacet
 facet normal  0.000000e+00  5.900028e-01 -8.074012e-01
   outer loop
     vertex  1.475000e+02  8.827641e+01  1.901927e+01
     vertex  1.525000e+02  8.824872e+01  1.899904e+01
     vertex  1.475000e+02  8.824872e+01  1.899904e+01
   endloop
 endfacet
 facet normal  0.000000e+00  5.676304e-01 -8.232835e-01
   outer loop
     vertex  1.475000e+02  8.830465e+01  1.903874e+01
     vertex  1.525000e+02  8.830465e+01  1.903874e+01
     vertex  1.475000e+02  8.827641e+01  1.901927e+01
   endloop
 endfacet
 facet normal  0.000000e+00  5.448308e-01 -8.385460e-01
   outer loop
     vertex  1.475000e+02  8.833340e+01  1.905743e+01
     vertex  1.525000e+02  8.830465e+01  1.903874e+01
     vertex  1.475000e+02  8.830465e+01  1.903874e+01
   endloop
 endfacet
 facet normal  0.000000e+00  5.448308e-01 -8.385460e-01
   outer loop
     vertex  1.475000e+02  8.833340e+01  1.905743e+01
     vertex  1.525000e+02  8.833340e+01  1.905743e+01
     vertex  1.525000e+02  8.830465e+01  1.903874e+01
   endloop
 endfacet
 facet normal  0.000000e+00  5.216210e-01 -8.531773e-01
   outer loop
     vertex  1.475000e+02  8.833340e+01  1.905743e+01
     vertex  1.525000e+02  8.836267e+01  1.907532e+01
     vertex  1.525000e+02  8.833340e+01  1.905743e+01
   endloop
 endfacet
 facet normal  0.000000e+00  5.216210e-01 -8.531773e-01
   outer loop
     vertex  1.475000e+02  8.836267e+01  1.907532e+01
     vertex  1.525000e+02  8.836267e+01  1.907532e+01
     vertex  1.475000e+02  8.833340e+01  1.905743e+01
   endloop
 endfacet
 facet normal  0.000000e+00  4.980186e-01 -8.671664e-01
   outer loop
     vertex  1.475000e+02  8.839241e+01  1.909240e+01
     vertex  1.525000e+02  8.839241e+01  1.909240e+01
     vertex  1.525000e+02  8.836267e+01  1.907532e+01
   endloop
 endfacet
 facet normal  0.000000e+00  4.980186e-01 -8.671664e-01
   outer loop
     vertex  1.475000e+02  8.839241e+01  1.909240e+01
     vertex  1.525000e+02  8.836267e+01  1.907532e+01
     vertex  1.475000e+02  8.836267e+01  1.907532e+01
   endloop
 endfacet
 facet normal  0.000000e+00  4.740412e-01 -8.805026e-01
   outer loop
     vertex  1.475000e+02  8.842260e+01  1.910865e+01
     vertex  1.525000e+02  8.842260e+01  1.910865e+01
     vertex  1.525000e+02  8.839241e+01  1.909240e+01
   endloop
 endfacet
 facet normal  0.000000e+00  4.740412e-01 -8.805026e-01
   outer loop
     vertex  1.475000e+02  8.842260e+01  1.910865e+01
     vertex  1.525000e+02  8.839241e+01  1.909240e+01
     vertex  1.475000e+02  8.839241e+01  1.909240e+01
   endloop
 endfacet
 facet normal  0.000000e+00  4.497071e-01 -8.931761e-01
   outer loop
     vertex  1.475000e+02  8.845324e+01  1.912408e+01
     vertex  1.525000e+02  8.845324e+01  1.912408e+01
     vertex  1.525000e+02  8.842260e+01  1.910865e+01
   endloop
 endfacet
 facet normal  0.000000e+00  4.497071e-01 -8.931761e-01
   outer loop
     vertex  1.475000e+02  8.845324e+01  1.912408e+01
     vertex  1.525000e+02  8.842260e+01  1.910865e+01
     vertex  1.475000e+02  8.842260e+01  1.910865e+01
   endloop
 endfacet
 facet normal  0.000000e+00  4.250344e-01 -9.051772e-01
   outer loop
     vertex  1.475000e+02  8.848428e+01  1.913865e+01
     vertex  1.525000e+02  8.848428e+01  1.913865e+01
     vertex  1.525000e+02  8.845324e+01  1.912408e+01
   endloop
 endfacet
 facet normal  0.000000e+00  4.000417e-01 -9.164969e-01
   outer loop
     vertex  1.475000e+02  8.848428e+01  1.913865e+01
     vertex  1.525000e+02  8.851571e+01  1.915237e+01
     vertex  1.525000e+02  8.848428e+01  1.913865e+01
   endloop
 endfacet
 facet normal  0.000000e+00  4.250344e-01 -9.051772e-01
   outer loop
     vertex  1.475000e+02  8.848428e+01  1.913865e+01
     vertex  1.525000e+02  8.845324e+01  1.912408e+01
     vertex  1.475000e+02  8.845324e+01  1.912408e+01
   endloop
 endfacet
 facet normal  0.000000e+00  4.000417e-01 -9.164969e-01
   outer loop
     vertex  1.475000e+02  8.851571e+01  1.915237e+01
     vertex  1.525000e+02  8.851571e+01  1.915237e+01
     vertex  1.475000e+02  8.848428e+01  1.913865e+01
   endloop
 endfacet
 facet normal  0.000000e+00  3.747479e-01 -9.271267e-01
   outer loop
     vertex  1.475000e+02  8.854751e+01  1.916523e+01
     vertex  1.525000e+02  8.854751e+01  1.916523e+01
     vertex  1.525000e+02  8.851571e+01  1.915237e+01
   endloop
 endfacet
 facet normal  0.000000e+00  3.491720e-01 -9.370586e-01
   outer loop
     vertex  1.475000e+02  8.854751e+01  1.916523e+01
     vertex  1.525000e+02  8.857964e+01  1.917720e+01
     vertex  1.525000e+02  8.854751e+01  1.916523e+01
   endloop
 endfacet
 facet normal  0.000000e+00  3.747479e-01 -9.271267e-01
   outer loop
     vertex  1.475000e+02  8.854751e+01  1.916523e+01
     vertex  1.525000e+02  8.851571e+01  1.915237e+01
     vertex  1.475000e+02  8.851571e+01  1.915237e+01
   endloop
 endfacet
 facet normal  0.000000e+00  3.233333e-01 -9.462851e-01
   outer loop
     vertex  1.475000e+02  8.857964e+01  1.917720e+01
     vertex  1.525000e+02  8.861210e+01  1.918829e+01
     vertex  1.525000e+02  8.857964e+01  1.917720e+01
   endloop
 endfacet
 facet normal  0.000000e+00  3.491720e-01 -9.370586e-01
   outer loop
     vertex  1.475000e+02  8.857964e+01  1.917720e+01
     vertex  1.525000e+02  8.857964e+01  1.917720e+01
     vertex  1.475000e+02  8.854751e+01  1.916523e+01
   endloop
 endfacet
 facet normal  0.000000e+00  2.972512e-01 -9.547993e-01
   outer loop
     vertex  1.475000e+02  8.861210e+01  1.918829e+01
     vertex  1.525000e+02  8.864484e+01  1.919848e+01
     vertex  1.525000e+02  8.861210e+01  1.918829e+01
   endloop
 endfacet
 facet normal  0.000000e+00  3.233333e-01 -9.462851e-01
   outer loop
     vertex  1.475000e+02  8.861210e+01  1.918829e+01
     vertex  1.525000e+02  8.861210e+01  1.918829e+01
     vertex  1.475000e+02  8.857964e+01  1.917720e+01
   endloop
 endfacet
 facet normal  0.000000e+00  2.972512e-01 -9.547993e-01
   outer loop
     vertex  1.475000e+02  8.864484e+01  1.919848e+01
     vertex  1.525000e+02  8.864484e+01  1.919848e+01
     vertex  1.475000e+02  8.861210e+01  1.918829e+01
   endloop
 endfacet
 facet normal  0.000000e+00  2.709453e-01 -9.625948e-01
   outer loop
     vertex  1.475000e+02  8.867786e+01  1.920778e+01
     vertex  1.525000e+02  8.867786e+01  1.920778e+01
     vertex  1.525000e+02  8.864484e+01  1.919848e+01
   endloop
 endfacet
 facet normal  0.000000e+00  2.444354e-01 -9.696656e-01
   outer loop
     vertex  1.475000e+02  8.867786e+01  1.920778e+01
     vertex  1.525000e+02  8.871111e+01  1.921616e+01
     vertex  1.525000e+02  8.867786e+01  1.920778e+01
   endloop
 endfacet
 facet normal  0.000000e+00  2.709453e-01 -9.625948e-01
   outer loop
     vertex  1.475000e+02  8.867786e+01  1.920778e+01
     vertex  1.525000e+02  8.864484e+01  1.919848e+01
     vertex  1.475000e+02  8.864484e+01  1.919848e+01
   endloop
 endfacet
 facet normal  0.000000e+00  2.444354e-01 -9.696656e-01
   outer loop
     vertex  1.475000e+02  8.871111e+01  1.921616e+01
     vertex  1.525000e+02  8.871111e+01  1.921616e+01
     vertex  1.475000e+02  8.867786e+01  1.920778e+01
   endloop
 endfacet
 facet normal  0.000000e+00  2.177416e-01 -9.760065e-01
   outer loop
     vertex  1.475000e+02  8.874459e+01  1.922363e+01
     vertex  1.525000e+02  8.874459e+01  1.922363e+01
     vertex  1.525000e+02  8.871111e+01  1.921616e+01
   endloop
 endfacet
 facet normal  0.000000e+00  1.908838e-01 -9.816126e-01
   outer loop
     vertex  1.475000e+02  8.874459e+01  1.922363e+01
     vertex  1.525000e+02  8.877825e+01  1.923017e+01
     vertex  1.525000e+02  8.874459e+01  1.922363e+01
   endloop
 endfacet
 facet normal  0.000000e+00  2.177416e-01 -9.760065e-01
   outer loop
     vertex  1.475000e+02  8.874459e+01  1.922363e+01
     vertex  1.525000e+02  8.871111e+01  1.921616e+01
     vertex  1.475000e+02  8.871111e+01  1.921616e+01
   endloop
 endfacet
 facet normal  0.000000e+00  1.638824e-01 -9.864799e-01
   outer loop
     vertex  1.475000e+02  8.877825e+01  1.923017e+01
     vertex  1.525000e+02  8.881208e+01  1.923579e+01
     vertex  1.525000e+02  8.877825e+01  1.923017e+01
   endloop
 endfacet
 facet normal  0.000000e+00  1.908838e-01 -9.816126e-01
   outer loop
     vertex  1.475000e+02  8.877825e+01  1.923017e+01
     vertex  1.525000e+02  8.877825e+01  1.923017e+01
     vertex  1.475000e+02  8.874459e+01  1.922363e+01
   endloop
 endfacet
 facet normal  0.000000e+00  1.638824e-01 -9.864799e-01
   outer loop
     vertex  1.475000e+02  8.881208e+01  1.923579e+01
     vertex  1.525000e+02  8.881208e+01  1.923579e+01
     vertex  1.475000e+02  8.877825e+01  1.923017e+01
   endloop
 endfacet
 facet normal  0.000000e+00  1.367575e-01 -9.906046e-01
   outer loop
     vertex  1.475000e+02  8.884606e+01  1.924048e+01
     vertex  1.525000e+02  8.884606e+01  1.924048e+01
     vertex  1.525000e+02  8.881208e+01  1.923579e+01
   endloop
 endfacet
 facet normal  0.000000e+00  1.095298e-01 -9.939835e-01
   outer loop
     vertex  1.475000e+02  8.884606e+01  1.924048e+01
     vertex  1.525000e+02  8.888015e+01  1.924424e+01
     vertex  1.525000e+02  8.884606e+01  1.924048e+01
   endloop
 endfacet
 facet normal  0.000000e+00  1.367575e-01 -9.906046e-01
   outer loop
     vertex  1.475000e+02  8.884606e+01  1.924048e+01
     vertex  1.525000e+02  8.881208e+01  1.923579e+01
     vertex  1.475000e+02  8.881208e+01  1.923579e+01
   endloop
 endfacet
 facet normal  0.000000e+00  1.095298e-01 -9.939835e-01
   outer loop
     vertex  1.475000e+02  8.888015e+01  1.924424e+01
     vertex  1.525000e+02  8.888015e+01  1.924424e+01
     vertex  1.475000e+02  8.884606e+01  1.924048e+01
   endloop
 endfacet
 facet normal  0.000000e+00  8.221955e-02 -9.966142e-01
   outer loop
     vertex  1.475000e+02  8.891433e+01  1.924706e+01
     vertex  1.525000e+02  8.888015e+01  1.924424e+01
     vertex  1.475000e+02  8.888015e+01  1.924424e+01
   endloop
 endfacet
 facet normal  0.000000e+00  8.221955e-02 -9.966142e-01
   outer loop
     vertex  1.475000e+02  8.891433e+01  1.924706e+01
     vertex  1.525000e+02  8.891433e+01  1.924706e+01
     vertex  1.525000e+02  8.888015e+01  1.924424e+01
   endloop
 endfacet
 facet normal  0.000000e+00  5.484744e-02 -9.984947e-01
   outer loop
     vertex  1.475000e+02  8.891433e+01  1.924706e+01
     vertex  1.525000e+02  8.894857e+01  1.924894e+01
     vertex  1.525000e+02  8.891433e+01  1.924706e+01
   endloop
 endfacet
 facet normal  0.000000e+00  5.484744e-02 -9.984947e-01
   outer loop
     vertex  1.475000e+02  8.894857e+01  1.924894e+01
     vertex  1.525000e+02  8.894857e+01  1.924894e+01
     vertex  1.475000e+02  8.891433e+01  1.924706e+01
   endloop
 endfacet
 facet normal  0.000000e+00  2.743405e-02 -9.996236e-01
   outer loop
     vertex  1.475000e+02  8.898285e+01  1.924988e+01
     vertex  1.525000e+02  8.894857e+01  1.924894e+01
     vertex  1.475000e+02  8.894857e+01  1.924894e+01
   endloop
 endfacet
 facet normal  0.000000e+00  2.743405e-02 -9.996236e-01
   outer loop
     vertex  1.475000e+02  8.898285e+01  1.924988e+01
     vertex  1.525000e+02  8.898285e+01  1.924988e+01
     vertex  1.525000e+02  8.894857e+01  1.924894e+01
   endloop
 endfacet
 facet normal  0.000000e+00  0.000000e+00 -1.000000e+00
   outer loop
     vertex  1.475000e+02  8.901715e+01  1.924988e+01
     vertex  1.525000e+02  8.898285e+01  1.924988e+01
     vertex  1.475000e+02  8.898285e+01  1.924988e+01
   endloop
 endfacet
 facet normal  0.000000e+00  0.000000e+00 -1.000000e+00
   outer loop
     vertex  1.475000e+02  8.901715e+01  1.924988e+01
     vertex  1.525000e+02  8.901715e+01  1.924988e+01
     vertex  1.525000e+02  8.898285e+01  1.924988e+01
   endloop
 endfacet
 facet normal  0.000000e+00 -2.743405e-02 -9.996236e-01
   outer loop
     vertex  1.475000e+02  8.901715e+01  1.924988e+01
     vertex  1.525000e+02  8.905143e+01  1.924894e+01
     vertex  1.525000e+02  8.901715e+01  1.924988e+01
   endloop
 endfacet
 facet normal  0.000000e+00 -2.743405e-02 -9.996236e-01
   outer loop
     vertex  1.475000e+02  8.905143e+01  1.924894e+01
     vertex  1.525000e+02  8.905143e+01  1.924894e+01
     vertex  1.475000e+02  8.901715e+01  1.924988e+01
   endloop
 endfacet
 facet normal  0.000000e+00 -5.484744e-02 -9.984947e-01
   outer loop
     vertex  1.475000e+02  8.905143e+01  1.924894e+01
     vertex  1.525000e+02  8.908567e+01  1.924706e+01
     vertex  1.525000e+02  8.905143e+01  1.924894e+01
   endloop
 endfacet
 facet normal  0.000000e+00 -5.484744e-02 -9.984947e-01
   outer loop
     vertex  1.475000e+02  8.908567e+01  1.924706e+01
     vertex  1.525000e+02  8.908567e+01  1.924706e+01
     vertex  1.475000e+02  8.905143e+01  1.924894e+01
   endloop
 endfacet
 facet normal  0.000000e+00 -8.221955e-02 -9.966142e-01
   outer loop
     vertex  1.475000e+02  8.911985e+01  1.924424e+01
     vertex  1.525000e+02  8.908567e+01  1.924706e+01
     vertex  1.475000e+02  8.908567e+01  1.924706e+01
   endloop
 endfacet
 facet normal  0.000000e+00 -8.221955e-02 -9.966142e-01
   outer loop
     vertex  1.475000e+02  8.911985e+01  1.924424e+01
     vertex  1.525000e+02  8.911985e+01  1.924424e+01
     vertex  1.525000e+02  8.908567e+01  1.924706e+01
   endloop
 endfacet
 facet normal  0.000000e+00 -1.095298e-01 -9.939835e-01
   outer loop
     vertex  1.475000e+02  8.915394e+01  1.924048e+01
     vertex  1.525000e+02  8.911985e+01  1.924424e+01
     vertex  1.475000e+02  8.911985e+01  1.924424e+01
   endloop
 endfacet
 facet normal  0.000000e+00 -1.095298e-01 -9.939835e-01
   outer loop
     vertex  1.475000e+02  8.915394e+01  1.924048e+01
     vertex  1.525000e+02  8.915394e+01  1.924048e+01
     vertex  1.525000e+02  8.911985e+01  1.924424e+01
   endloop
 endfacet
 facet normal  0.000000e+00 -1.367575e-01 -9.906046e-01
   outer loop
     vertex  1.475000e+02  8.915394e+01  1.924048e+01
     vertex  1.525000e+02  8.918792e+01  1.923579e+01
     vertex  1.525000e+02  8.915394e+01  1.924048e+01
   endloop
 endfacet
 facet normal  0.000000e+00 -1.367575e-01 -9.906046e-01
   outer loop
     vertex  1.475000e+02  8.918792e+01  1.923579e+01
     vertex  1.525000e+02  8.918792e+01  1.923579e+01
     vertex  1.475000e+02  8.915394e+01  1.924048e+01
   endloop
 endfacet
 facet normal  0.000000e+00 -1.638824e-01 -9.864799e-01
   outer loop
     vertex  1.475000e+02  8.922175e+01  1.923017e+01
     vertex  1.525000e+02  8.918792e+01  1.923579e+01
     vertex  1.475000e+02  8.918792e+01  1.923579e+01
   endloop
 endfacet
 facet normal  0.000000e+00 -1.638824e-01 -9.864799e-01
   outer loop
     vertex  1.475000e+02  8.922175e+01  1.923017e+01
     vertex  1.525000e+02  8.922175e+01  1.923017e+01
     vertex  1.525000e+02  8.918792e+01  1.923579e+01
   endloop
 endfacet
 facet normal  0.000000e+00 -1.908838e-01 -9.816126e-01
   outer loop
     vertex  1.475000e+02  8.925541e+01  1.922363e+01
     vertex  1.525000e+02  8.922175e+01  1.923017e+01
     vertex  1.475000e+02  8.922175e+01  1.923017e+01
   endloop
 endfacet
 facet normal  0.000000e+00 -1.908838e-01 -9.816126e-01
   outer loop
     vertex  1.475000e+02  8.925541e+01  1.922363e+01
     vertex  1.525000e+02  8.925541e+01  1.922363e+01
     vertex  1.525000e+02  8.922175e+01  1.923017e+01
   endloop
 endfacet
 facet normal  0.000000e+00 -2.177416e-01 -9.760065e-01
   outer loop
     vertex  1.475000e+02  8.925541e+01  1.922363e+01
     vertex  1.525000e+02  8.928889e+01  1.921616e+01
     vertex  1.525000e+02  8.925541e+01  1.922363e+01
   endloop
 endfacet
 facet normal  0.000000e+00 -2.177416e-01 -9.760065e-01
   outer loop
     vertex  1.475000e+02  8.928889e+01  1.921616e+01
     vertex  1.525000e+02  8.928889e+01  1.921616e+01
     vertex  1.475000e+02  8.925541e+01  1.922363e+01
   endloop
 endfacet
 facet normal  0.000000e+00 -2.444354e-01 -9.696656e-01
   outer loop
     vertex  1.475000e+02  8.932214e+01  1.920778e+01
     vertex  1.525000e+02  8.932214e+01  1.920778e+01
     vertex  1.525000e+02  8.928889e+01  1.921616e+01
   endloop
 endfacet
 facet normal  0.000000e+00 -2.709453e-01 -9.625948e-01
   outer loop
     vertex  1.475000e+02  8.932214e+01  1.920778e+01
     vertex  1.525000e+02  8.935516e+01  1.919848e+01
     vertex  1.525000e+02  8.932214e+01  1.920778e+01
   endloop
 endfacet
 facet normal  0.000000e+00 -2.444354e-01 -9.696656e-01
   outer loop
     vertex  1.475000e+02  8.932214e+01  1.920778e+01
     vertex  1.525000e+02  8.928889e+01  1.921616e+01
     vertex  1.475000e+02  8.928889e+01  1.921616e+01
   endloop
 endfacet
 facet normal  0.000000e+00 -2.709453e-01 -9.625948e-01
   outer loop
     vertex  1.475000e+02  8.935516e+01  1.919848e+01
     vertex  1.525000e+02  8.935516e+01  1.919848e+01
     vertex  1.475000e+02  8.932214e+01  1.920778e+01
   endloop
 endfacet
 facet normal  0.000000e+00 -2.972512e-01 -9.547993e-01
   outer loop
     vertex  1.475000e+02  8.938790e+01  1.918829e+01
     vertex  1.525000e+02  8.938790e+01  1.918829e+01
     vertex  1.525000e+02  8.935516e+01  1.919848e+01
   endloop
 endfacet
 facet normal  0.000000e+00 -3.233333e-01 -9.462851e-01
   outer loop
     vertex  1.475000e+02  8.938790e+01  1.918829e+01
     vertex  1.525000e+02  8.942036e+01  1.917720e+01
     vertex  1.525000e+02  8.938790e+01  1.918829e+01
   endloop
 endfacet
 facet normal  0.000000e+00 -2.972512e-01 -9.547993e-01
   outer loop
     vertex  1.475000e+02  8.938790e+01  1.918829e+01
     vertex  1.525000e+02  8.935516e+01  1.919848e+01
     vertex  1.475000e+02  8.935516e+01  1.919848e+01
   endloop
 endfacet
 facet normal  0.000000e+00 -3.233333e-01 -9.462851e-01
   outer loop
     vertex  1.475000e+02  8.942036e+01  1.917720e+01
     vertex  1.525000e+02  8.942036e+01  1.917720e+01
     vertex  1.475000e+02  8.938790e+01  1.918829e+01
   endloop
 endfacet
 facet normal  0.000000e+00 -3.491720e-01 -9.370586e-01
   outer loop
     vertex  1.475000e+02  8.945249e+01  1.916523e+01
     vertex  1.525000e+02  8.945249e+01  1.916523e+01
     vertex  1.525000e+02  8.942036e+01  1.917720e+01
   endloop
 endfacet
 facet normal  0.000000e+00 -3.747479e-01 -9.271267e-01
   outer loop
     vertex  1.475000e+02  8.945249e+01  1.916523e+01
     vertex  1.525000e+02  8.948429e+01  1.915237e+01
     vertex  1.525000e+02  8.945249e+01  1.916523e+01
   endloop
 endfacet
 facet normal  0.000000e+00 -3.491720e-01 -9.370586e-01
   outer loop
     vertex  1.475000e+02  8.945249e+01  1.916523e+01
     vertex  1.525000e+02  8.942036e+01  1.917720e+01
     vertex  1.475000e+02  8.942036e+01  1.917720e+01
   endloop
 endfacet
 facet normal  0.000000e+00 -3.747479e-01 -9.271267e-01
   outer loop
     vertex  1.475000e+02  8.948429e+01  1.915237e+01
     vertex  1.525000e+02  8.948429e+01  1.915237e+01
     vertex  1.475000e+02  8.945249e+01  1.916523e+01
   endloop
 endfacet
 facet normal  0.000000e+00 -4.000417e-01 -9.164969e-01
   outer loop
     vertex  1.475000e+02  8.951572e+01  1.913865e+01
     vertex  1.525000e+02  8.951572e+01  1.913865e+01
     vertex  1.525000e+02  8.948429e+01  1.915237e+01
   endloop
 endfacet
 facet normal  0.000000e+00 -4.000417e-01 -9.164969e-01
   outer loop
     vertex  1.475000e+02  8.951572e+01  1.913865e+01
     vertex  1.525000e+02  8.948429e+01  1.915237e+01
     vertex  1.475000e+02  8.948429e+01  1.915237e+01
   endloop
 endfacet
 facet normal  0.000000e+00 -4.250344e-01 -9.051772e-01
   outer loop
     vertex  1.475000e+02  8.954676e+01  1.912408e+01
     vertex  1.525000e+02  8.954676e+01  1.912408e+01
     vertex  1.525000e+02  8.951572e+01  1.913865e+01
   endloop
 endfacet
 facet normal  0.000000e+00 -4.250344e-01 -9.051772e-01
   outer loop
     vertex  1.475000e+02  8.954676e+01  1.912408e+01
     vertex  1.525000e+02  8.951572e+01  1.913865e+01
     vertex  1.475000e+02  8.951572e+01  1.913865e+01
   endloop
 endfacet
 facet normal  0.000000e+00 -4.497071e-01 -8.931761e-01
   outer loop
     vertex  1.475000e+02  8.957740e+01  1.910865e+01
     vertex  1.525000e+02  8.957740e+01  1.910865e+01
     vertex  1.525000e+02  8.954676e+01  1.912408e+01
   endloop
 endfacet
 facet normal  0.000000e+00 -4.497071e-01 -8.931761e-01
   outer loop
     vertex  1.475000e+02  8.957740e+01  1.910865e+01
     vertex  1.525000e+02  8.954676e+01  1.912408e+01
     vertex  1.475000e+02  8.954676e+01  1.912408e+01
   endloop
 endfacet
 facet normal  0.000000e+00 -4.740412e-01 -8.805026e-01
   outer loop
     vertex  1.475000e+02  8.960759e+01  1.909240e+01
     vertex  1.525000e+02  8.960759e+01  1.909240e+01
     vertex  1.525000e+02  8.957740e+01  1.910865e+01
   endloop
 endfacet
 facet normal  0.000000e+00 -4.980186e-01 -8.671664e-01
   outer loop
     vertex  1.475000e+02  8.960759e+01  1.909240e+01
     vertex  1.525000e+02  8.963733e+01  1.907532e+01
     vertex  1.525000e+02  8.960759e+01  1.909240e+01
   endloop
 endfacet
 facet normal  0.000000e+00 -4.740412e-01 -8.805026e-01
   outer loop
     vertex  1.475000e+02  8.960759e+01  1.909240e+01
     vertex  1.525000e+02  8.957740e+01  1.910865e+01
     vertex  1.475000e+02  8.957740e+01  1.910865e+01
   endloop
 endfacet
 facet normal  0.000000e+00 -5.216210e-01 -8.531773e-01
   outer loop
     vertex  1.475000e+02  8.963733e+01  1.907532e+01
     vertex  1.525000e+02  8.966660e+01  1.905743e+01
     vertex  1.525000e+02  8.963733e+01  1.907532e+01
   endloop
 endfacet
 facet normal  0.000000e+00 -4.980186e-01 -8.671664e-01
   outer loop
     vertex  1.475000e+02  8.963733e+01  1.907532e+01
     vertex  1.525000e+02  8.963733e+01  1.907532e+01
     vertex  1.475000e+02  8.960759e+01  1.909240e+01
   endloop
 endfacet
 facet normal  0.000000e+00 -5.216210e-01 -8.531773e-01
   outer loop
     vertex  1.475000e+02  8.966660e+01  1.905743e+01
     vertex  1.525000e+02  8.966660e+01  1.905743e+01
     vertex  1.475000e+02  8.963733e+01  1.907532e+01
   endloop
 endfacet
 facet normal  0.000000e+00 -5.448308e-01 -8.385460e-01
   outer loop
     vertex  1.475000e+02  8.969535e+01  1.903874e+01
     vertex  1.525000e+02  8.966660e+01  1.905743e+01
     vertex  1.475000e+02  8.966660e+01  1.905743e+01
   endloop
 endfacet
 facet normal  0.000000e+00 -5.448308e-01 -8.385460e-01
   outer loop
     vertex  1.475000e+02  8.969535e+01  1.903874e+01
     vertex  1.525000e+02  8.969535e+01  1.903874e+01
     vertex  1.525000e+02  8.966660e+01  1.905743e+01
   endloop
 endfacet
 facet normal  0.000000e+00 -5.676304e-01 -8.232835e-01
   outer loop
     vertex  1.475000e+02  8.969535e+01  1.903874e+01
     vertex  1.525000e+02  8.972359e+01  1.901927e+01
     vertex  1.525000e+02  8.969535e+01  1.903874e+01
   endloop
 endfacet
 facet normal  0.000000e+00 -5.676304e-01 -8.232835e-01
   outer loop
     vertex  1.475000e+02  8.972359e+01  1.901927e+01
     vertex  1.525000e+02  8.972359e+01  1.901927e+01
     vertex  1.475000e+02  8.969535e+01  1.903874e+01
   endloop
 endfacet
 facet normal  0.000000e+00 -5.900028e-01 -8.074012e-01
   outer loop
     vertex  1.475000e+02  8.975128e+01  1.899904e+01
     vertex  1.525000e+02  8.972359e+01  1.901927e+01
     vertex  1.475000e+02  8.972359e+01  1.901927e+01
   endloop
 endfacet
 facet normal  0.000000e+00 -5.900028e-01 -8.074012e-01
   outer loop
     vertex  1.475000e+02  8.975128e+01  1.899904e+01
     vertex  1.525000e+02  8.975128e+01  1.899904e+01
     vertex  1.525000e+02  8.972359e+01  1.901927e+01
   endloop
 endfacet
 facet normal  0.000000e+00 -6.119310e-01 -7.909112e-01
   outer loop
     vertex  1.475000e+02  8.977840e+01  1.897805e+01
     vertex  1.525000e+02  8.975128e+01  1.899904e+01
     vertex  1.475000e+02  8.975128e+01  1.899904e+01
   endloop
 endfacet
 facet normal  0.000000e+00 -6.119310e-01 -7.909112e-01
   outer loop
     vertex  1.475000e+02  8.977840e+01  1.897805e+01
     vertex  1.525000e+02  8.977840e+01  1.897805e+01
     vertex  1.525000e+02  8.975128e+01  1.899904e+01
   endloop
 endfacet
 facet normal  0.000000e+00 -6.333986e-01 -7.738257e-01
   outer loop
     vertex  1.475000e+02  8.980494e+01  1.895633e+01
     vertex  1.525000e+02  8.977840e+01  1.897805e+01
     vertex  1.475000e+02  8.977840e+01  1.897805e+01
   endloop
 endfacet
 facet normal  0.000000e+00 -6.333986e-01 -7.738257e-01
   outer loop
     vertex  1.475000e+02  8.980494e+01  1.895633e+01
     vertex  1.525000e+02  8.980494e+01  1.895633e+01
     vertex  1.525000e+02  8.977840e+01  1.897805e+01
   endloop
 endfacet
 facet normal  0.000000e+00 -6.543893e-01 -7.561578e-01
   outer loop
     vertex  1.475000e+02  8.983088e+01  1.893389e+01
     vertex  1.525000e+02  8.980494e+01  1.895633e+01
     vertex  1.475000e+02  8.980494e+01  1.895633e+01
   endloop
 endfacet
 facet normal  0.000000e+00 -6.543893e-01 -7.561578e-01
   outer loop
     vertex  1.475000e+02  8.983088e+01  1.893389e+01
     vertex  1.525000e+02  8.983088e+01  1.893389e+01
     vertex  1.525000e+02  8.980494e+01  1.895633e+01
   endloop
 endfacet
 facet normal  0.000000e+00 -6.748875e-01 -7.379206e-01
   outer loop
     vertex  1.475000e+02  8.983088e+01  1.893389e+01
     vertex  1.525000e+02  8.985618e+01  1.891074e+01
     vertex  1.525000e+02  8.983088e+01  1.893389e+01
   endloop
 endfacet
 facet normal  0.000000e+00 -6.748875e-01 -7.379206e-01
   outer loop
     vertex  1.475000e+02  8.985618e+01  1.891074e+01
     vertex  1.525000e+02  8.985618e+01  1.891074e+01
     vertex  1.475000e+02  8.983088e+01  1.893389e+01
   endloop
 endfacet
 facet normal  0.000000e+00 -6.948776e-01 -7.191280e-01
   outer loop
     vertex  1.475000e+02  8.988085e+01  1.888691e+01
     vertex  1.525000e+02  8.985618e+01  1.891074e+01
     vertex  1.475000e+02  8.985618e+01  1.891074e+01
   endloop
 endfacet
 facet normal  0.000000e+00 -6.948776e-01 -7.191280e-01
   outer loop
     vertex  1.475000e+02  8.988085e+01  1.888691e+01
     vertex  1.525000e+02  8.988085e+01  1.888691e+01
     vertex  1.525000e+02  8.985618e+01  1.891074e+01
   endloop
 endfacet
 facet normal  0.000000e+00 -7.143447e-01 -6.997940e-01
   outer loop
     vertex  1.475000e+02  8.990485e+01  1.886241e+01
     vertex  1.525000e+02  8.988085e+01  1.888691e+01
     vertex  1.475000e+02  8.988085e+01  1.888691e+01
   endloop
 endfacet
 facet normal  0.000000e+00 -7.143447e-01 -6.997940e-01
   outer loop
     vertex  1.475000e+02  8.990485e+01  1.886241e+01
     vertex  1.525000e+02  8.990485e+01  1.886241e+01
     vertex  1.525000e+02  8.988085e+01  1.888691e+01
   endloop
 endfacet
 facet normal  0.000000e+00 -7.332740e-01 -6.799333e-01
   outer loop
     vertex  1.475000e+02  8.990485e+01  1.886241e+01
     vertex  1.525000e+02  8.992817e+01  1.883726e+01
     vertex  1.525000e+02  8.990485e+01  1.886241e+01
   endloop
 endfacet
 facet normal  0.000000e+00 -7.332740e-01 -6.799333e-01
   outer loop
     vertex  1.475000e+02  8.992817e+01  1.883726e+01
     vertex  1.525000e+02  8.992817e+01  1.883726e+01
     vertex  1.475000e+02  8.990485e+01  1.886241e+01
   endloop
 endfacet
 facet normal  0.000000e+00 -7.516513e-01 -6.595607e-01
   outer loop
     vertex  1.475000e+02  8.992817e+01  1.883726e+01
     vertex  1.525000e+02  8.995079e+01  1.881148e+01
     vertex  1.525000e+02  8.992817e+01  1.883726e+01
   endloop
 endfacet
 facet normal  0.000000e+00 -7.516513e-01 -6.595607e-01
   outer loop
     vertex  1.475000e+02  8.995079e+01  1.881148e+01
     vertex  1.525000e+02  8.995079e+01  1.881148e+01
     vertex  1.475000e+02  8.992817e+01  1.883726e+01
   endloop
 endfacet
 facet normal  0.000000e+00 -7.694628e-01 -6.386916e-01
   outer loop
     vertex  1.475000e+02  8.997269e+01  1.878509e+01
     vertex  1.525000e+02  8.995079e+01  1.881148e+01
     vertex  1.475000e+02  8.995079e+01  1.881148e+01
   endloop
 endfacet
 facet normal  0.000000e+00 -7.694628e-01 -6.386916e-01
   outer loop
     vertex  1.475000e+02  8.997269e+01  1.878509e+01
     vertex  1.525000e+02  8.997269e+01  1.878509e+01
     vertex  1.525000e+02  8.995079e+01  1.881148e+01
   endloop
 endfacet
 facet normal  0.000000e+00 -7.866951e-01 -6.173417e-01
   outer loop
     vertex  1.475000e+02  8.999386e+01  1.875811e+01
     vertex  1.525000e+02  8.997269e+01  1.878509e+01
     vertex  1.475000e+02  8.997269e+01  1.878509e+01
   endloop
 endfacet
 facet normal  0.000000e+00 -7.866951e-01 -6.173417e-01
   outer loop
     vertex  1.475000e+02  8.999386e+01  1.875811e+01
     vertex  1.525000e+02  8.999386e+01  1.875811e+01
     vertex  1.525000e+02  8.997269e+01  1.878509e+01
   endloop
 endfacet
 facet normal  0.000000e+00 -8.033352e-01 -5.955271e-01
   outer loop
     vertex  1.475000e+02  9.001429e+01  1.873056e+01
     vertex  1.525000e+02  8.999386e+01  1.875811e+01
     vertex  1.475000e+02  8.999386e+01  1.875811e+01
   endloop
 endfacet
 facet normal  0.000000e+00 -8.033352e-01 -5.955271e-01
   outer loop
     vertex  1.475000e+02  9.001429e+01  1.873056e+01
     vertex  1.525000e+02  9.001429e+01  1.873056e+01
     vertex  1.525000e+02  8.999386e+01  1.875811e+01
   endloop
 endfacet
 facet normal  0.000000e+00 -8.193706e-01 -5.732642e-01
   outer loop
     vertex  1.475000e+02  9.003395e+01  1.870246e+01
     vertex  1.525000e+02  9.001429e+01  1.873056e+01
     vertex  1.475000e+02  9.001429e+01  1.873056e+01
   endloop
 endfacet
 facet normal  0.000000e+00 -8.193706e-01 -5.732642e-01
   outer loop
     vertex  1.475000e+02  9.003395e+01  1.870246e+01
     vertex  1.525000e+02  9.003395e+01  1.870246e+01
     vertex  1.525000e+02  9.001429e+01  1.873056e+01
   endloop
 endfacet
 facet normal  0.000000e+00 -8.347891e-01 -5.505698e-01
   outer loop
     vertex  1.475000e+02  9.005283e+01  1.867383e+01
     vertex  1.525000e+02  9.003395e+01  1.870246e+01
     vertex  1.475000e+02  9.003395e+01  1.870246e+01
   endloop
 endfacet
 facet normal  0.000000e+00 -8.347891e-01 -5.505698e-01
   outer loop
     vertex  1.475000e+02  9.005283e+01  1.867383e+01
     vertex  1.525000e+02  9.005283e+01  1.867383e+01
     vertex  1.525000e+02  9.003395e+01  1.870246e+01
   endloop
 endfacet
 facet normal  0.000000e+00 -8.495793e-01 -5.274609e-01
   outer loop
     vertex  1.475000e+02  9.007092e+01  1.864470e+01
     vertex  1.525000e+02  9.005283e+01  1.867383e+01
     vertex  1.475000e+02  9.005283e+01  1.867383e+01
   endloop
 endfacet
 facet normal  0.000000e+00 -8.495793e-01 -5.274609e-01
   outer loop
     vertex  1.475000e+02  9.007092e+01  1.864470e+01
     vertex  1.525000e+02  9.007092e+01  1.864470e+01
     vertex  1.525000e+02  9.005283e+01  1.867383e+01
   endloop
 endfacet
 facet normal  0.000000e+00 -8.637299e-01 -5.039550e-01
   outer loop
     vertex  1.475000e+02  9.007092e+01  1.864470e+01
     vertex  1.525000e+02  9.008820e+01  1.861507e+01
     vertex  1.525000e+02  9.007092e+01  1.864470e+01
   endloop
 endfacet
 facet normal  0.000000e+00 -8.637299e-01 -5.039550e-01
   outer loop
     vertex  1.475000e+02  9.008820e+01  1.861507e+01
     vertex  1.525000e+02  9.008820e+01  1.861507e+01
     vertex  1.475000e+02  9.007092e+01  1.864470e+01
   endloop
 endfacet
 facet normal  0.000000e+00 -8.772303e-01 -4.800697e-01
   outer loop
     vertex  1.475000e+02  9.010467e+01  1.858499e+01
     vertex  1.525000e+02  9.008820e+01  1.861507e+01
     vertex  1.475000e+02  9.008820e+01  1.861507e+01
   endloop
 endfacet
 facet normal  0.000000e+00 -8.772303e-01 -4.800697e-01
   outer loop
     vertex  1.475000e+02  9.010467e+01  1.858499e+01
     vertex  1.525000e+02  9.010467e+01  1.858499e+01
     vertex  1.525000e+02  9.008820e+01  1.861507e+01
   endloop
 endfacet
 facet normal  0.000000e+00 -8.900704e-01 -4.558231e-01
   outer loop
     vertex  1.475000e+02  9.012030e+01  1.855446e+01
     vertex  1.525000e+02  9.010467e+01  1.858499e+01
     vertex  1.475000e+02  9.010467e+01  1.858499e+01
   endloop
 endfacet
 facet normal  0.000000e+00 -8.900704e-01 -4.558231e-01
   outer loop
     vertex  1.475000e+02  9.012030e+01  1.855446e+01
     vertex  1.525000e+02  9.012030e+01  1.855446e+01
     vertex  1.525000e+02  9.010467e+01  1.858499e+01
   endloop
 endfacet
 facet normal  0.000000e+00 -9.022405e-01 -4.312333e-01
   outer loop
     vertex  1.475000e+02  9.012030e+01  1.855446e+01
     vertex  1.525000e+02  9.013509e+01  1.852352e+01
     vertex  1.525000e+02  9.012030e+01  1.855446e+01
   endloop
 endfacet
 facet normal  0.000000e+00 -9.022405e-01 -4.312333e-01
   outer loop
     vertex  1.475000e+02  9.013509e+01  1.852352e+01
     vertex  1.525000e+02  9.013509e+01  1.852352e+01
     vertex  1.475000e+02  9.012030e+01  1.855446e+01
   endloop
 endfacet
 facet normal  0.000000e+00 -9.137314e-01 -4.063188e-01
   outer loop
     vertex  1.475000e+02  9.014902e+01  1.849218e+01
     vertex  1.525000e+02  9.013509e+01  1.852352e+01
     vertex  1.475000e+02  9.013509e+01  1.852352e+01
   endloop
 endfacet
 facet normal  0.000000e+00 -9.137314e-01 -4.063188e-01
   outer loop
     vertex  1.475000e+02  9.014902e+01  1.849218e+01
     vertex  1.525000e+02  9.014902e+01  1.849218e+01
     vertex  1.525000e+02  9.013509e+01  1.852352e+01
   endloop
 endfacet
 facet normal  0.000000e+00 -9.245344e-01 -3.810986e-01
   outer loop
     vertex  1.475000e+02  9.016209e+01  1.846047e+01
     vertex  1.525000e+02  9.016209e+01  1.846047e+01
     vertex  1.525000e+02  9.014902e+01  1.849218e+01
   endloop
 endfacet
 facet normal  0.000000e+00 -9.245344e-01 -3.810986e-01
   outer loop
     vertex  1.475000e+02  9.016209e+01  1.846047e+01
     vertex  1.525000e+02  9.014902e+01  1.849218e+01
     vertex  1.475000e+02  9.014902e+01  1.849218e+01
   endloop
 endfacet
 facet normal  0.000000e+00 -9.346415e-01 -3.555914e-01
   outer loop
     vertex  1.475000e+02  9.017429e+01  1.842842e+01
     vertex  1.525000e+02  9.017429e+01  1.842842e+01
     vertex  1.525000e+02  9.016209e+01  1.846047e+01
   endloop
 endfacet
 facet normal  0.000000e+00 -9.346415e-01 -3.555914e-01
   outer loop
     vertex  1.475000e+02  9.017429e+01  1.842842e+01
     vertex  1.525000e+02  9.016209e+01  1.846047e+01
     vertex  1.475000e+02  9.016209e+01  1.846047e+01
   endloop
 endfacet
 facet normal  0.000000e+00 -9.440450e-01 -3.298166e-01
   outer loop
     vertex  1.475000e+02  9.018560e+01  1.839604e+01
     vertex  1.525000e+02  9.018560e+01  1.839604e+01
     vertex  1.525000e+02  9.017429e+01  1.842842e+01
   endloop
 endfacet
 facet normal  0.000000e+00 -9.440450e-01 -3.298166e-01
   outer loop
     vertex  1.475000e+02  9.018560e+01  1.839604e+01
     vertex  1.525000e+02  9.017429e+01  1.842842e+01
     vertex  1.475000e+02  9.017429e+01  1.842842e+01
   endloop
 endfacet
 facet normal  0.000000e+00 -9.527379e-01 -3.037934e-01
   outer loop
     vertex  1.475000e+02  9.019602e+01  1.836337e+01
     vertex  1.525000e+02  9.019602e+01  1.836337e+01
     vertex  1.525000e+02  9.018560e+01  1.839604e+01
   endloop
 endfacet
 facet normal  0.000000e+00 -9.527379e-01 -3.037934e-01
   outer loop
     vertex  1.475000e+02  9.019602e+01  1.836337e+01
     vertex  1.525000e+02  9.018560e+01  1.839604e+01
     vertex  1.475000e+02  9.018560e+01  1.839604e+01
   endloop
 endfacet
 facet normal  0.000000e+00 -9.607136e-01 -2.775416e-01
   outer loop
     vertex  1.475000e+02  9.020554e+01  1.833042e+01
     vertex  1.525000e+02  9.019602e+01  1.836337e+01
     vertex  1.475000e+02  9.019602e+01  1.836337e+01
   endloop
 endfacet
 facet normal  0.000000e+00 -9.607136e-01 -2.775416e-01
   outer loop
     vertex  1.475000e+02  9.020554e+01  1.833042e+01
     vertex  1.525000e+02  9.020554e+01  1.833042e+01
     vertex  1.525000e+02  9.019602e+01  1.836337e+01
   endloop
 endfacet
 facet normal  0.000000e+00 -9.679661e-01 -2.510809e-01
   outer loop
     vertex  1.475000e+02  9.021415e+01  1.829722e+01
     vertex  1.525000e+02  9.020554e+01  1.833042e+01
     vertex  1.475000e+02  9.020554e+01  1.833042e+01
   endloop
 endfacet
 facet normal  0.000000e+00 -9.679661e-01 -2.510809e-01
   outer loop
     vertex  1.475000e+02  9.021415e+01  1.829722e+01
     vertex  1.525000e+02  9.021415e+01  1.829722e+01
     vertex  1.525000e+02  9.020554e+01  1.833042e+01
   endloop
 endfacet
 facet normal  0.000000e+00 -9.744899e-01 -2.244312e-01
   outer loop
     vertex  1.475000e+02  9.022185e+01  1.826380e+01
     vertex  1.525000e+02  9.021415e+01  1.829722e+01
     vertex  1.475000e+02  9.021415e+01  1.829722e+01
   endloop
 endfacet
 facet normal  0.000000e+00 -9.744899e-01 -2.244312e-01
   outer loop
     vertex  1.475000e+02  9.022185e+01  1.826380e+01
     vertex  1.525000e+02  9.022185e+01  1.826380e+01
     vertex  1.525000e+02  9.021415e+01  1.829722e+01
   endloop
 endfacet
 facet normal  0.000000e+00 -9.802802e-01 -1.976125e-01
   outer loop
     vertex  1.475000e+02  9.022862e+01  1.823018e+01
     vertex  1.525000e+02  9.022185e+01  1.826380e+01
     vertex  1.475000e+02  9.022185e+01  1.826380e+01
   endloop
 endfacet
 facet normal  0.000000e+00 -9.802802e-01 -1.976125e-01
   outer loop
     vertex  1.475000e+02  9.022862e+01  1.823018e+01
     vertex  1.525000e+02  9.022862e+01  1.823018e+01
     vertex  1.525000e+02  9.022185e+01  1.826380e+01
   endloop
 endfacet
 facet normal  0.000000e+00 -9.853326e-01 -1.706451e-01
   outer loop
     vertex  1.475000e+02  9.023448e+01  1.819639e+01
     vertex  1.525000e+02  9.022862e+01  1.823018e+01
     vertex  1.475000e+02  9.022862e+01  1.823018e+01
   endloop
 endfacet
 facet normal  0.000000e+00 -9.853326e-01 -1.706451e-01
   outer loop
     vertex  1.475000e+02  9.023448e+01  1.819639e+01
     vertex  1.525000e+02  9.023448e+01  1.819639e+01
     vertex  1.525000e+02  9.022862e+01  1.823018e+01
   endloop
 endfacet
 facet normal  0.000000e+00 -9.896432e-01 -1.435492e-01
   outer loop
     vertex  1.475000e+02  9.023940e+01  1.816245e+01
     vertex  1.525000e+02  9.023448e+01  1.819639e+01
     vertex  1.475000e+02  9.023448e+01  1.819639e+01
   endloop
 endfacet
 facet normal  0.000000e+00 -9.896432e-01 -1.435492e-01
   outer loop
     vertex  1.475000e+02  9.023940e+01  1.816245e+01
     vertex  1.525000e+02  9.023940e+01  1.816245e+01
     vertex  1.525000e+02  9.023448e+01  1.819639e+01
   endloop
 endfacet
 facet normal  0.000000e+00 -9.932088e-01 -1.163452e-01
   outer loop
     vertex  1.475000e+02  9.024339e+01  1.812839e+01
     vertex  1.525000e+02  9.023940e+01  1.816245e+01
     vertex  1.475000e+02  9.023940e+01  1.816245e+01
   endloop
 endfacet
 facet normal  0.000000e+00 -9.932088e-01 -1.163452e-01
   outer loop
     vertex  1.475000e+02  9.024339e+01  1.812839e+01
     vertex  1.525000e+02  9.024339e+01  1.812839e+01
     vertex  1.525000e+02  9.023940e+01  1.816245e+01
   endloop
 endfacet
 facet normal  0.000000e+00 -9.960268e-01 -8.905371e-02
   outer loop
     vertex  1.475000e+02  9.024644e+01  1.809423e+01
     vertex  1.525000e+02  9.024339e+01  1.812839e+01
     vertex  1.475000e+02  9.024339e+01  1.812839e+01
   endloop
 endfacet
 facet normal  0.000000e+00 -9.960268e-01 -8.905371e-02
   outer loop
     vertex  1.475000e+02  9.024644e+01  1.809423e+01
     vertex  1.525000e+02  9.024644e+01  1.809423e+01
     vertex  1.525000e+02  9.024339e+01  1.812839e+01
   endloop
 endfacet
 facet normal  0.000000e+00 -9.980950e-01 -6.169515e-02
   outer loop
     vertex  1.475000e+02  9.024856e+01  1.806000e+01
     vertex  1.525000e+02  9.024644e+01  1.809423e+01
     vertex  1.475000e+02  9.024644e+01  1.809423e+01
   endloop
 endfacet
 facet normal  0.000000e+00 -9.980950e-01 -6.169515e-02
   outer loop
     vertex  1.475000e+02  9.024856e+01  1.806000e+01
     vertex  1.525000e+02  9.024856e+01  1.806000e+01
     vertex  1.525000e+02  9.024644e+01  1.809423e+01
   endloop
 endfacet
 facet normal  0.000000e+00 -9.994119e-01 -3.429014e-02
   outer loop
     vertex  1.475000e+02  9.024974e+01  1.802572e+01
     vertex  1.525000e+02  9.024856e+01  1.806000e+01
     vertex  1.475000e+02  9.024856e+01  1.806000e+01
   endloop
 endfacet
 facet normal  0.000000e+00 -9.994119e-01 -3.429014e-02
   outer loop
     vertex  1.475000e+02  9.024974e+01  1.802572e+01
     vertex  1.525000e+02  9.024974e+01  1.802572e+01
     vertex  1.525000e+02  9.024856e+01  1.806000e+01
   endloop
 endfacet
 facet normal  0.000000e+00 -9.999765e-01 -6.859319e-03
   outer loop
     vertex  1.475000e+02  9.024974e+01  1.802572e+01
     vertex  1.525000e+02  9.024997e+01  1.799143e+01
     vertex  1.525000e+02  9.024974e+01  1.802572e+01
   endloop
 endfacet
 facet normal  0.000000e+00 -9.999765e-01 -6.859319e-03
   outer loop
     vertex  1.475000e+02  9.024997e+01  1.799143e+01
     vertex  1.525000e+02  9.024997e+01  1.799143e+01
     vertex  1.475000e+02  9.024974e+01  1.802572e+01
   endloop
 endfacet
 facet normal  0.000000e+00 -9.997883e-01  2.057667e-02
   outer loop
     vertex  1.475000e+02  9.024997e+01  1.799143e+01
     vertex  1.525000e+02  9.024926e+01  1.795714e+01
     vertex  1.525000e+02  9.024997e+01  1.799143e+01
   endloop
 endfacet
 facet normal  0.000000e+00 -9.997883e-01  2.057667e-02
   outer loop
     vertex  1.475000e+02  9.024926e+01  1.795714e+01
     vertex  1.525000e+02  9.024926e+01  1.795714e+01
     vertex  1.475000e+02  9.024997e+01  1.799143e+01
   endloop
 endfacet
 facet normal  0.000000e+00 -9.988475e-01  4.799716e-02
   outer loop
     vertex  1.475000e+02  9.024762e+01  1.792288e+01
     vertex  1.525000e+02  9.024762e+01  1.792288e+01
     vertex  1.525000e+02  9.024926e+01  1.795714e+01
   endloop
 endfacet
 facet normal  0.000000e+00 -9.988475e-01  4.799716e-02
   outer loop
     vertex  1.475000e+02  9.024762e+01  1.792288e+01
     vertex  1.525000e+02  9.024926e+01  1.795714e+01
     vertex  1.475000e+02  9.024926e+01  1.795714e+01
   endloop
 endfacet
 facet normal  0.000000e+00 -9.971548e-01  7.538152e-02
   outer loop
     vertex  1.475000e+02  9.024503e+01  1.788868e+01
     vertex  1.525000e+02  9.024503e+01  1.788868e+01
     vertex  1.525000e+02  9.024762e+01  1.792288e+01
   endloop
 endfacet
 facet normal  0.000000e+00 -9.971548e-01  7.538152e-02
   outer loop
     vertex  1.475000e+02  9.024503e+01  1.788868e+01
     vertex  1.525000e+02  9.024762e+01  1.792288e+01
     vertex  1.475000e+02  9.024762e+01  1.792288e+01
   endloop
 endfacet
 facet normal  0.000000e+00 -9.947114e-01  1.027091e-01
   outer loop
     vertex  1.475000e+02  9.024151e+01  1.785457e+01
     vertex  1.525000e+02  9.024151e+01  1.785457e+01
     vertex  1.525000e+02  9.024503e+01  1.788868e+01
   endloop
 endfacet
 facet normal  0.000000e+00 -9.947114e-01  1.027091e-01
   outer loop
     vertex  1.475000e+02  9.024151e+01  1.785457e+01
     vertex  1.525000e+02  9.024503e+01  1.788868e+01
     vertex  1.475000e+02  9.024503e+01  1.788868e+01
   endloop
 endfacet
 facet normal  0.000000e+00 -9.915193e-01  1.299594e-01
   outer loop
     vertex  1.475000e+02  9.023705e+01  1.782056e+01
     vertex  1.525000e+02  9.023705e+01  1.782056e+01
     vertex  1.525000e+02  9.024151e+01  1.785457e+01
   endloop
 endfacet
 facet normal  0.000000e+00 -9.915193e-01  1.299594e-01
   outer loop
     vertex  1.475000e+02  9.023705e+01  1.782056e+01
     vertex  1.525000e+02  9.024151e+01  1.785457e+01
     vertex  1.475000e+02  9.024151e+01  1.785457e+01
   endloop
 endfacet
 facet normal  0.000000e+00 -9.875808e-01  1.571119e-01
   outer loop
     vertex  1.475000e+02  9.023167e+01  1.778669e+01
     vertex  1.525000e+02  9.023167e+01  1.778669e+01
     vertex  1.525000e+02  9.023705e+01  1.782056e+01
   endloop
 endfacet
 facet normal  0.000000e+00 -9.875808e-01  1.571119e-01
   outer loop
     vertex  1.475000e+02  9.023167e+01  1.778669e+01
     vertex  1.525000e+02  9.023705e+01  1.782056e+01
     vertex  1.475000e+02  9.023705e+01  1.782056e+01
   endloop
 endfacet
 facet normal  0.000000e+00 -9.828989e-01  1.841461e-01
   outer loop
     vertex  1.475000e+02  9.022535e+01  1.775298e+01
     vertex  1.525000e+02  9.022535e+01  1.775298e+01
     vertex  1.525000e+02  9.023167e+01  1.778669e+01
   endloop
 endfacet
 facet normal  0.000000e+00 -9.828989e-01  1.841461e-01
   outer loop
     vertex  1.475000e+02  9.022535e+01  1.775298e+01
     vertex  1.525000e+02  9.023167e+01  1.778669e+01
     vertex  1.475000e+02  9.023167e+01  1.778669e+01
   endloop
 endfacet
 facet normal  0.000000e+00 -9.774771e-01  2.110417e-01
   outer loop
     vertex  1.475000e+02  9.021811e+01  1.771946e+01
     vertex  1.525000e+02  9.021811e+01  1.771946e+01
     vertex  1.525000e+02  9.022535e+01  1.775298e+01
   endloop
 endfacet
 facet normal  0.000000e+00 -9.774771e-01  2.110417e-01
   outer loop
     vertex  1.475000e+02  9.021811e+01  1.771946e+01
     vertex  1.525000e+02  9.022535e+01  1.775298e+01
     vertex  1.475000e+02  9.022535e+01  1.775298e+01
   endloop
 endfacet
 facet normal  0.000000e+00 -9.713194e-01  2.377784e-01
   outer loop
     vertex  1.475000e+02  9.020996e+01  1.768615e+01
     vertex  1.525000e+02  9.020996e+01  1.768615e+01
     vertex  1.525000e+02  9.021811e+01  1.771946e+01
   endloop
 endfacet
 facet normal  0.000000e+00 -9.713194e-01  2.377784e-01
   outer loop
     vertex  1.475000e+02  9.020996e+01  1.768615e+01
     vertex  1.525000e+02  9.021811e+01  1.771946e+01
     vertex  1.475000e+02  9.021811e+01  1.771946e+01
   endloop
 endfacet
 facet normal  0.000000e+00 -9.644306e-01  2.643362e-01
   outer loop
     vertex  1.475000e+02  9.020089e+01  1.765307e+01
     vertex  1.525000e+02  9.020089e+01  1.765307e+01
     vertex  1.525000e+02  9.020996e+01  1.768615e+01
   endloop
 endfacet
 facet normal  0.000000e+00 -9.644306e-01  2.643362e-01
   outer loop
     vertex  1.475000e+02  9.020089e+01  1.765307e+01
     vertex  1.525000e+02  9.020996e+01  1.768615e+01
     vertex  1.475000e+02  9.020996e+01  1.768615e+01
   endloop
 endfacet
 facet normal  0.000000e+00 -9.568158e-01  2.906949e-01
   outer loop
     vertex  1.475000e+02  9.019092e+01  1.762026e+01
     vertex  1.525000e+02  9.019092e+01  1.762026e+01
     vertex  1.525000e+02  9.020089e+01  1.765307e+01
   endloop
 endfacet
 facet normal  0.000000e+00 -9.568158e-01  2.906949e-01
   outer loop
     vertex  1.475000e+02  9.019092e+01  1.762026e+01
     vertex  1.525000e+02  9.020089e+01  1.765307e+01
     vertex  1.475000e+02  9.020089e+01  1.765307e+01
   endloop
 endfacet
 facet normal  0.000000e+00 -9.484807e-01  3.168348e-01
   outer loop
     vertex  1.475000e+02  9.018006e+01  1.758773e+01
     vertex  1.525000e+02  9.018006e+01  1.758773e+01
     vertex  1.525000e+02  9.019092e+01  1.762026e+01
   endloop
 endfacet
 facet normal  0.000000e+00 -9.394317e-01  3.427362e-01
   outer loop
     vertex  1.475000e+02  9.018006e+01  1.758773e+01
     vertex  1.525000e+02  9.016830e+01  1.755551e+01
     vertex  1.525000e+02  9.018006e+01  1.758773e+01
   endloop
 endfacet
 facet normal  0.000000e+00 -9.484807e-01  3.168348e-01
   outer loop
     vertex  1.475000e+02  9.018006e+01  1.758773e+01
     vertex  1.525000e+02  9.019092e+01  1.762026e+01
     vertex  1.475000e+02  9.019092e+01  1.762026e+01
   endloop
 endfacet
 facet normal  0.000000e+00 -9.296754e-01  3.683796e-01
   outer loop
     vertex  1.475000e+02  9.016830e+01  1.755551e+01
     vertex  1.525000e+02  9.015567e+01  1.752363e+01
     vertex  1.525000e+02  9.016830e+01  1.755551e+01
   endloop
 endfacet
 facet normal  0.000000e+00 -9.394317e-01  3.427362e-01
   outer loop
     vertex  1.475000e+02  9.016830e+01  1.755551e+01
     vertex  1.525000e+02  9.016830e+01  1.755551e+01
     vertex  1.475000e+02  9.018006e+01  1.758773e+01
   endloop
 endfacet
 facet normal  0.000000e+00 -9.296754e-01  3.683796e-01
   outer loop
     vertex  1.475000e+02  9.015567e+01  1.752363e+01
     vertex  1.525000e+02  9.015567e+01  1.752363e+01
     vertex  1.475000e+02  9.016830e+01  1.755551e+01
   endloop
 endfacet
 facet normal  0.000000e+00 -9.192194e-01  3.937458e-01
   outer loop
     vertex  1.475000e+02  9.014216e+01  1.749210e+01
     vertex  1.525000e+02  9.015567e+01  1.752363e+01
     vertex  1.475000e+02  9.015567e+01  1.752363e+01
   endloop
 endfacet
 facet normal  0.000000e+00 -9.192194e-01  3.937458e-01
   outer loop
     vertex  1.475000e+02  9.014216e+01  1.749210e+01
     vertex  1.525000e+02  9.014216e+01  1.749210e+01
     vertex  1.525000e+02  9.015567e+01  1.752363e+01
   endloop
 endfacet
 facet normal  0.000000e+00 -9.080714e-01  4.188155e-01
   outer loop
     vertex  1.475000e+02  9.014216e+01  1.749210e+01
     vertex  1.525000e+02  9.012780e+01  1.746096e+01
     vertex  1.525000e+02  9.014216e+01  1.749210e+01
   endloop
 endfacet
 facet normal  0.000000e+00 -9.080714e-01  4.188155e-01
   outer loop
     vertex  1.475000e+02  9.012780e+01  1.746096e+01
     vertex  1.525000e+02  9.012780e+01  1.746096e+01
     vertex  1.475000e+02  9.014216e+01  1.749210e+01
   endloop
 endfacet
 facet normal  0.000000e+00 -8.962398e-01  4.435699e-01
   outer loop
     vertex  1.475000e+02  9.011259e+01  1.743022e+01
     vertex  1.525000e+02  9.011259e+01  1.743022e+01
     vertex  1.525000e+02  9.012780e+01  1.746096e+01
   endloop
 endfacet
 facet normal  0.000000e+00 -8.837335e-01  4.679904e-01
   outer loop
     vertex  1.475000e+02  9.011259e+01  1.743022e+01
     vertex  1.525000e+02  9.009654e+01  1.739991e+01
     vertex  1.525000e+02  9.011259e+01  1.743022e+01
   endloop
 endfacet
 facet normal  0.000000e+00 -8.962398e-01  4.435699e-01
   outer loop
     vertex  1.475000e+02  9.011259e+01  1.743022e+01
     vertex  1.525000e+02  9.012780e+01  1.746096e+01
     vertex  1.475000e+02  9.012780e+01  1.746096e+01
   endloop
 endfacet
 facet normal  0.000000e+00 -8.837335e-01  4.679904e-01
   outer loop
     vertex  1.475000e+02  9.009654e+01  1.739991e+01
     vertex  1.525000e+02  9.009654e+01  1.739991e+01
     vertex  1.475000e+02  9.011259e+01  1.743022e+01
   endloop
 endfacet
 facet normal  0.000000e+00 -8.705620e-01  4.920587e-01
   outer loop
     vertex  1.475000e+02  9.007966e+01  1.737006e+01
     vertex  1.525000e+02  9.007966e+01  1.737006e+01
     vertex  1.525000e+02  9.009654e+01  1.739991e+01
   endloop
 endfacet
 facet normal  0.000000e+00 -8.705620e-01  4.920587e-01
   outer loop
     vertex  1.475000e+02  9.007966e+01  1.737006e+01
     vertex  1.525000e+02  9.009654e+01  1.739991e+01
     vertex  1.475000e+02  9.009654e+01  1.739991e+01
   endloop
 endfacet
 facet normal  0.000000e+00 -8.567352e-01  5.157565e-01
   outer loop
     vertex  1.475000e+02  9.007966e+01  1.737006e+01
     vertex  1.525000e+02  9.006197e+01  1.734067e+01
     vertex  1.525000e+02  9.007966e+01  1.737006e+01
   endloop
 endfacet
 facet normal  0.000000e+00 -8.567352e-01  5.157565e-01
   outer loop
     vertex  1.475000e+02  9.006197e+01  1.734067e+01
     vertex  1.525000e+02  9.006197e+01  1.734067e+01
     vertex  1.475000e+02  9.007966e+01  1.737006e+01
   endloop
 endfacet
 facet normal  0.000000e+00 -8.422635e-01  5.390661e-01
   outer loop
     vertex  1.475000e+02  9.006197e+01  1.734067e+01
     vertex  1.525000e+02  9.004349e+01  1.731179e+01
     vertex  1.525000e+02  9.006197e+01  1.734067e+01
   endloop
 endfacet
 facet normal  0.000000e+00 -8.271577e-01  5.619699e-01
   outer loop
     vertex  1.475000e+02  9.004349e+01  1.731179e+01
     vertex  1.525000e+02  9.002421e+01  1.728342e+01
     vertex  1.525000e+02  9.004349e+01  1.731179e+01
   endloop
 endfacet
 facet normal  0.000000e+00 -8.422635e-01  5.390661e-01
   outer loop
     vertex  1.475000e+02  9.004349e+01  1.731179e+01
     vertex  1.525000e+02  9.004349e+01  1.731179e+01
     vertex  1.475000e+02  9.006197e+01  1.734067e+01
   endloop
 endfacet
 facet normal  0.000000e+00 -8.271577e-01  5.619699e-01
   outer loop
     vertex  1.475000e+02  9.002421e+01  1.728342e+01
     vertex  1.525000e+02  9.002421e+01  1.728342e+01
     vertex  1.475000e+02  9.004349e+01  1.731179e+01
   endloop
 endfacet
 facet normal  0.000000e+00 -8.114292e-01  5.844507e-01
   outer loop
     vertex  1.475000e+02  9.000417e+01  1.725559e+01
     vertex  1.525000e+02  9.000417e+01  1.725559e+01
     vertex  1.525000e+02  9.002421e+01  1.728342e+01
   endloop
 endfacet
 facet normal  0.000000e+00 -7.950900e-01  6.064915e-01
   outer loop
     vertex  1.475000e+02  9.000417e+01  1.725559e+01
     vertex  1.525000e+02  8.998337e+01  1.722832e+01
     vertex  1.525000e+02  9.000417e+01  1.725559e+01
   endloop
 endfacet
 facet normal  0.000000e+00 -8.114292e-01  5.844507e-01
   outer loop
     vertex  1.475000e+02  9.000417e+01  1.725559e+01
     vertex  1.525000e+02  9.002421e+01  1.728342e+01
     vertex  1.475000e+02  9.002421e+01  1.728342e+01
   endloop
 endfacet
 facet normal  0.000000e+00 -7.950900e-01  6.064915e-01
   outer loop
     vertex  1.475000e+02  8.998337e+01  1.722832e+01
     vertex  1.525000e+02  8.998337e+01  1.722832e+01
     vertex  1.475000e+02  9.000417e+01  1.725559e+01
   endloop
 endfacet
 facet normal  0.000000e+00 -7.781522e-01  6.280757e-01
   outer loop
     vertex  1.475000e+02  8.996183e+01  1.720164e+01
     vertex  1.525000e+02  8.996183e+01  1.720164e+01
     vertex  1.525000e+02  8.998337e+01  1.722832e+01
   endloop
 endfacet
 facet normal  0.000000e+00 -7.781522e-01  6.280757e-01
   outer loop
     vertex  1.475000e+02  8.996183e+01  1.720164e+01
     vertex  1.525000e+02  8.998337e+01  1.722832e+01
     vertex  1.475000e+02  8.998337e+01  1.722832e+01
   endloop
 endfacet
 facet normal  0.000000e+00 -7.606287e-01  6.491872e-01
   outer loop
     vertex  1.475000e+02  8.993956e+01  1.717555e+01
     vertex  1.525000e+02  8.993956e+01  1.717555e+01
     vertex  1.525000e+02  8.996183e+01  1.720164e+01
   endloop
 endfacet
 facet normal  0.000000e+00 -7.606287e-01  6.491872e-01
   outer loop
     vertex  1.475000e+02  8.993956e+01  1.717555e+01
     vertex  1.525000e+02  8.996183e+01  1.720164e+01
     vertex  1.475000e+02  8.996183e+01  1.720164e+01
   endloop
 endfacet
 facet normal  0.000000e+00 -7.425325e-01  6.698100e-01
   outer loop
     vertex  1.475000e+02  8.991659e+01  1.715008e+01
     vertex  1.525000e+02  8.991659e+01  1.715008e+01
     vertex  1.525000e+02  8.993956e+01  1.717555e+01
   endloop
 endfacet
 facet normal  0.000000e+00 -7.238775e-01  6.899286e-01
   outer loop
     vertex  1.475000e+02  8.991659e+01  1.715008e+01
     vertex  1.525000e+02  8.989293e+01  1.712526e+01
     vertex  1.525000e+02  8.991659e+01  1.715008e+01
   endloop
 endfacet
 facet normal  0.000000e+00 -7.425325e-01  6.698100e-01
   outer loop
     vertex  1.475000e+02  8.991659e+01  1.715008e+01
     vertex  1.525000e+02  8.993956e+01  1.717555e+01
     vertex  1.475000e+02  8.993956e+01  1.717555e+01
   endloop
 endfacet
 facet normal  0.000000e+00 -7.238775e-01  6.899286e-01
   outer loop
     vertex  1.475000e+02  8.989293e+01  1.712526e+01
     vertex  1.525000e+02  8.989293e+01  1.712526e+01
     vertex  1.475000e+02  8.991659e+01  1.715008e+01
   endloop
 endfacet
 facet normal  0.000000e+00 -7.046775e-01  7.095278e-01
   outer loop
     vertex  1.475000e+02  8.986860e+01  1.710109e+01
     vertex  1.525000e+02  8.986860e+01  1.710109e+01
     vertex  1.525000e+02  8.989293e+01  1.712526e+01
   endloop
 endfacet
 facet normal  0.000000e+00 -7.046775e-01  7.095278e-01
   outer loop
     vertex  1.475000e+02  8.986860e+01  1.710109e+01
     vertex  1.525000e+02  8.989293e+01  1.712526e+01
     vertex  1.475000e+02  8.989293e+01  1.712526e+01
   endloop
 endfacet
 facet normal  0.000000e+00 -6.849470e-01  7.285929e-01
   outer loop
     vertex  1.475000e+02  8.984361e+01  1.707760e+01
     vertex  1.525000e+02  8.984361e+01  1.707760e+01
     vertex  1.525000e+02  8.986860e+01  1.710109e+01
   endloop
 endfacet
 facet normal  0.000000e+00 -6.849470e-01  7.285929e-01
   outer loop
     vertex  1.475000e+02  8.984361e+01  1.707760e+01
     vertex  1.525000e+02  8.986860e+01  1.710109e+01
     vertex  1.475000e+02  8.986860e+01  1.710109e+01
   endloop
 endfacet
 facet normal  0.000000e+00 -6.647010e-01  7.471095e-01
   outer loop
     vertex  1.475000e+02  8.981799e+01  1.705480e+01
     vertex  1.525000e+02  8.981799e+01  1.705480e+01
     vertex  1.525000e+02  8.984361e+01  1.707760e+01
   endloop
 endfacet
 facet normal  0.000000e+00 -6.647010e-01  7.471095e-01
   outer loop
     vertex  1.475000e+02  8.981799e+01  1.705480e+01
     vertex  1.525000e+02  8.984361e+01  1.707760e+01
     vertex  1.475000e+02  8.984361e+01  1.707760e+01
   endloop
 endfacet
 facet normal  0.000000e+00 -6.439545e-01  7.650637e-01
   outer loop
     vertex  1.475000e+02  8.979175e+01  1.703272e+01
     vertex  1.525000e+02  8.979175e+01  1.703272e+01
     vertex  1.525000e+02  8.981799e+01  1.705480e+01
   endloop
 endfacet
 facet normal  0.000000e+00 -6.227234e-01  7.824421e-01
   outer loop
     vertex  1.475000e+02  8.979175e+01  1.703272e+01
     vertex  1.525000e+02  8.976491e+01  1.701136e+01
     vertex  1.525000e+02  8.979175e+01  1.703272e+01
   endloop
 endfacet
 facet normal  0.000000e+00 -6.439545e-01  7.650637e-01
   outer loop
     vertex  1.475000e+02  8.979175e+01  1.703272e+01
     vertex  1.525000e+02  8.981799e+01  1.705480e+01
     vertex  1.475000e+02  8.981799e+01  1.705480e+01
   endloop
 endfacet
 facet normal  0.000000e+00 -6.227234e-01  7.824421e-01
   outer loop
     vertex  1.475000e+02  8.976491e+01  1.701136e+01
     vertex  1.525000e+02  8.976491e+01  1.701136e+01
     vertex  1.475000e+02  8.979175e+01  1.703272e+01
   endloop
 endfacet
 facet normal  0.000000e+00 -6.010234e-01  7.992314e-01
   outer loop
     vertex  1.475000e+02  8.973750e+01  1.699075e+01
     vertex  1.525000e+02  8.973750e+01  1.699075e+01
     vertex  1.525000e+02  8.976491e+01  1.701136e+01
   endloop
 endfacet
 facet normal  0.000000e+00 -6.010234e-01  7.992314e-01
   outer loop
     vertex  1.475000e+02  8.973750e+01  1.699075e+01
     vertex  1.525000e+02  8.976491e+01  1.701136e+01
     vertex  1.475000e+02  8.976491e+01  1.701136e+01
   endloop
 endfacet
 facet normal  0.000000e+00 -5.788711e-01  8.154191e-01
   outer loop
     vertex  1.475000e+02  8.970954e+01  1.697090e+01
     vertex  1.525000e+02  8.970954e+01  1.697090e+01
     vertex  1.525000e+02  8.973750e+01  1.699075e+01
   endloop
 endfacet
 facet normal  0.000000e+00 -5.788711e-01  8.154191e-01
   outer loop
     vertex  1.475000e+02  8.970954e+01  1.697090e+01
     vertex  1.525000e+02  8.973750e+01  1.699075e+01
     vertex  1.475000e+02  8.973750e+01  1.699075e+01
   endloop
 endfacet
 facet normal  0.000000e+00 -5.562829e-01  8.309929e-01
   outer loop
     vertex  1.475000e+02  8.968104e+01  1.695182e+01
     vertex  1.525000e+02  8.968104e+01  1.695182e+01
     vertex  1.525000e+02  8.970954e+01  1.697090e+01
   endloop
 endfacet
 facet normal  0.000000e+00 -5.562829e-01  8.309929e-01
   outer loop
     vertex  1.475000e+02  8.968104e+01  1.695182e+01
     vertex  1.525000e+02  8.970954e+01  1.697090e+01
     vertex  1.475000e+02  8.970954e+01  1.697090e+01
   endloop
 endfacet
 facet normal  0.000000e+00 -5.332761e-01  8.459413e-01
   outer loop
     vertex  1.475000e+02  8.965203e+01  1.693353e+01
     vertex  1.525000e+02  8.965203e+01  1.693353e+01
     vertex  1.525000e+02  8.968104e+01  1.695182e+01
   endloop
 endfacet
 facet normal  0.000000e+00 -5.332761e-01  8.459413e-01
   outer loop
     vertex  1.475000e+02  8.965203e+01  1.693353e+01
     vertex  1.525000e+02  8.968104e+01  1.695182e+01
     vertex  1.475000e+02  8.968104e+01  1.695182e+01
   endloop
 endfacet
 facet normal  0.000000e+00 -5.098678e-01  8.602528e-01
   outer loop
     vertex  1.475000e+02  8.962252e+01  1.691604e+01
     vertex  1.525000e+02  8.962252e+01  1.691604e+01
     vertex  1.525000e+02  8.965203e+01  1.693353e+01
   endloop
 endfacet
 facet normal  0.000000e+00 -4.860756e-01  8.739167e-01
   outer loop
     vertex  1.475000e+02  8.962252e+01  1.691604e+01
     vertex  1.525000e+02  8.959255e+01  1.689937e+01
     vertex  1.525000e+02  8.962252e+01  1.691604e+01
   endloop
 endfacet
 facet normal  0.000000e+00 -5.098678e-01  8.602528e-01
   outer loop
     vertex  1.475000e+02  8.962252e+01  1.691604e+01
     vertex  1.525000e+02  8.965203e+01  1.693353e+01
     vertex  1.475000e+02  8.965203e+01  1.693353e+01
   endloop
 endfacet
 facet normal  0.000000e+00 -4.619176e-01  8.869228e-01
   outer loop
     vertex  1.475000e+02  8.959255e+01  1.689937e+01
     vertex  1.525000e+02  8.956213e+01  1.688353e+01
     vertex  1.525000e+02  8.959255e+01  1.689937e+01
   endloop
 endfacet
 facet normal  0.000000e+00 -4.860756e-01  8.739167e-01
   outer loop
     vertex  1.475000e+02  8.959255e+01  1.689937e+01
     vertex  1.525000e+02  8.959255e+01  1.689937e+01
     vertex  1.475000e+02  8.962252e+01  1.691604e+01
   endloop
 endfacet
 facet normal  0.000000e+00 -4.619176e-01  8.869228e-01
   outer loop
     vertex  1.475000e+02  8.956213e+01  1.688353e+01
     vertex  1.525000e+02  8.956213e+01  1.688353e+01
     vertex  1.475000e+02  8.959255e+01  1.689937e+01
   endloop
 endfacet
 facet normal  0.000000e+00 -4.374119e-01  8.992613e-01
   outer loop
     vertex  1.475000e+02  8.956213e+01  1.688353e+01
     vertex  1.525000e+02  8.953129e+01  1.686853e+01
     vertex  1.525000e+02  8.956213e+01  1.688353e+01
   endloop
 endfacet
 facet normal  0.000000e+00 -4.374119e-01  8.992613e-01
   outer loop
     vertex  1.475000e+02  8.953129e+01  1.686853e+01
     vertex  1.525000e+02  8.953129e+01  1.686853e+01
     vertex  1.475000e+02  8.956213e+01  1.688353e+01
   endloop
 endfacet
 facet normal  0.000000e+00 -4.125769e-01  9.109228e-01
   outer loop
     vertex  1.475000e+02  8.950005e+01  1.685438e+01
     vertex  1.525000e+02  8.953129e+01  1.686853e+01
     vertex  1.475000e+02  8.953129e+01  1.686853e+01
   endloop
 endfacet
 facet normal  0.000000e+00 -4.125769e-01  9.109228e-01
   outer loop
     vertex  1.475000e+02  8.950005e+01  1.685438e+01
     vertex  1.525000e+02  8.950005e+01  1.685438e+01
     vertex  1.525000e+02  8.953129e+01  1.686853e+01
   endloop
 endfacet
 facet normal  0.000000e+00 -3.874313e-01  9.218986e-01
   outer loop
     vertex  1.475000e+02  8.946843e+01  1.684109e+01
     vertex  1.525000e+02  8.950005e+01  1.685438e+01
     vertex  1.475000e+02  8.950005e+01  1.685438e+01
   endloop
 endfacet
 facet normal  0.000000e+00 -3.874313e-01  9.218986e-01
   outer loop
     vertex  1.475000e+02  8.946843e+01  1.684109e+01
     vertex  1.525000e+02  8.946843e+01  1.684109e+01
     vertex  1.525000e+02  8.950005e+01  1.685438e+01
   endloop
 endfacet
 facet normal  0.000000e+00 -3.619940e-01  9.321804e-01
   outer loop
     vertex  1.475000e+02  8.943647e+01  1.682868e+01
     vertex  1.525000e+02  8.946843e+01  1.684109e+01
     vertex  1.475000e+02  8.946843e+01  1.684109e+01
   endloop
 endfacet
 facet normal  0.000000e+00 -3.619940e-01  9.321804e-01
   outer loop
     vertex  1.475000e+02  8.943647e+01  1.682868e+01
     vertex  1.525000e+02  8.943647e+01  1.682868e+01
     vertex  1.525000e+02  8.946843e+01  1.684109e+01
   endloop
 endfacet
 facet normal  0.000000e+00 -3.362843e-01  9.417605e-01
   outer loop
     vertex  1.475000e+02  8.943647e+01  1.682868e+01
     vertex  1.525000e+02  8.940417e+01  1.681714e+01
     vertex  1.525000e+02  8.943647e+01  1.682868e+01
   endloop
 endfacet
 facet normal  0.000000e+00 -3.362843e-01  9.417605e-01
   outer loop
     vertex  1.475000e+02  8.940417e+01  1.681714e+01
     vertex  1.525000e+02  8.940417e+01  1.681714e+01
     vertex  1.475000e+02  8.943647e+01  1.682868e+01
   endloop
 endfacet
 facet normal  0.000000e+00 -3.103214e-01  9.506317e-01
   outer loop
     vertex  1.475000e+02  8.937156e+01  1.680650e+01
     vertex  1.525000e+02  8.940417e+01  1.681714e+01
     vertex  1.475000e+02  8.940417e+01  1.681714e+01
   endloop
 endfacet
 facet normal  0.000000e+00 -3.103214e-01  9.506317e-01
   outer loop
     vertex  1.475000e+02  8.937156e+01  1.680650e+01
     vertex  1.525000e+02  8.937156e+01  1.680650e+01
     vertex  1.525000e+02  8.940417e+01  1.681714e+01
   endloop
 endfacet
 facet normal  0.000000e+00 -2.841250e-01  9.587873e-01
   outer loop
     vertex  1.475000e+02  8.933868e+01  1.679676e+01
     vertex  1.525000e+02  8.937156e+01  1.680650e+01
     vertex  1.475000e+02  8.937156e+01  1.680650e+01
   endloop
 endfacet
 facet normal  0.000000e+00 -2.841250e-01  9.587873e-01
   outer loop
     vertex  1.475000e+02  8.933868e+01  1.679676e+01
     vertex  1.525000e+02  8.933868e+01  1.679676e+01
     vertex  1.525000e+02  8.937156e+01  1.680650e+01
   endloop
 endfacet
 facet normal  0.000000e+00 -2.577146e-01  9.662211e-01
   outer loop
     vertex  1.475000e+02  8.933868e+01  1.679676e+01
     vertex  1.525000e+02  8.930554e+01  1.678792e+01
     vertex  1.525000e+02  8.933868e+01  1.679676e+01
   endloop
 endfacet
 facet normal  0.000000e+00 -2.577146e-01  9.662211e-01
   outer loop
     vertex  1.475000e+02  8.930554e+01  1.678792e+01
     vertex  1.525000e+02  8.930554e+01  1.678792e+01
     vertex  1.475000e+02  8.933868e+01  1.679676e+01
   endloop
 endfacet
 facet normal  0.000000e+00 -2.311102e-01  9.729276e-01
   outer loop
     vertex  1.475000e+02  8.927218e+01  1.677999e+01
     vertex  1.525000e+02  8.930554e+01  1.678792e+01
     vertex  1.475000e+02  8.930554e+01  1.678792e+01
   endloop
 endfacet
 facet normal  0.000000e+00 -2.311102e-01  9.729276e-01
   outer loop
     vertex  1.475000e+02  8.927218e+01  1.677999e+01
     vertex  1.525000e+02  8.927218e+01  1.677999e+01
     vertex  1.525000e+02  8.930554e+01  1.678792e+01
   endloop
 endfacet
 facet normal  0.000000e+00 -2.043319e-01  9.789017e-01
   outer loop
     vertex  1.475000e+02  8.923860e+01  1.677298e+01
     vertex  1.525000e+02  8.927218e+01  1.677999e+01
     vertex  1.475000e+02  8.927218e+01  1.677999e+01
   endloop
 endfacet
 facet normal  0.000000e+00 -2.043319e-01  9.789017e-01
   outer loop
     vertex  1.475000e+02  8.923860e+01  1.677298e+01
     vertex  1.525000e+02  8.923860e+01  1.677298e+01
     vertex  1.525000e+02  8.927218e+01  1.677999e+01
   endloop
 endfacet
 facet normal  0.000000e+00 -1.773998e-01  9.841389e-01
   outer loop
     vertex  1.475000e+02  8.920485e+01  1.676690e+01
     vertex  1.525000e+02  8.923860e+01  1.677298e+01
     vertex  1.475000e+02  8.923860e+01  1.677298e+01
   endloop
 endfacet
 facet normal  0.000000e+00 -1.773998e-01  9.841389e-01
   outer loop
     vertex  1.475000e+02  8.920485e+01  1.676690e+01
     vertex  1.525000e+02  8.920485e+01  1.676690e+01
     vertex  1.525000e+02  8.923860e+01  1.677298e+01
   endloop
 endfacet
 facet normal  0.000000e+00 -1.503341e-01  9.886353e-01
   outer loop
     vertex  1.475000e+02  8.920485e+01  1.676690e+01
     vertex  1.525000e+02  8.917095e+01  1.676174e+01
     vertex  1.525000e+02  8.920485e+01  1.676690e+01
   endloop
 endfacet
 facet normal  0.000000e+00 -1.503341e-01  9.886353e-01
   outer loop
     vertex  1.475000e+02  8.917095e+01  1.676174e+01
     vertex  1.525000e+02  8.917095e+01  1.676174e+01
     vertex  1.475000e+02  8.920485e+01  1.676690e+01
   endloop
 endfacet
 facet normal  0.000000e+00 -1.231552e-01  9.923874e-01
   outer loop
     vertex  1.475000e+02  8.913691e+01  1.675752e+01
     vertex  1.525000e+02  8.913691e+01  1.675752e+01
     vertex  1.525000e+02  8.917095e+01  1.676174e+01
   endloop
 endfacet
 facet normal  0.000000e+00 -1.231552e-01  9.923874e-01
   outer loop
     vertex  1.475000e+02  8.913691e+01  1.675752e+01
     vertex  1.525000e+02  8.917095e+01  1.676174e+01
     vertex  1.475000e+02  8.917095e+01  1.676174e+01
   endloop
 endfacet
 facet normal  0.000000e+00 -9.588368e-02  9.953925e-01
   outer loop
     vertex  1.475000e+02  8.910277e+01  1.675423e+01
     vertex  1.525000e+02  8.910277e+01  1.675423e+01
     vertex  1.525000e+02  8.913691e+01  1.675752e+01
   endloop
 endfacet
 facet normal  0.000000e+00 -9.588368e-02  9.953925e-01
   outer loop
     vertex  1.475000e+02  8.910277e+01  1.675423e+01
     vertex  1.525000e+02  8.913691e+01  1.675752e+01
     vertex  1.475000e+02  8.913691e+01  1.675752e+01
   endloop
 endfacet
 facet normal  0.000000e+00 -6.853995e-02  9.976484e-01
   outer loop
     vertex  1.475000e+02  8.906856e+01  1.675188e+01
     vertex  1.525000e+02  8.906856e+01  1.675188e+01
     vertex  1.525000e+02  8.910277e+01  1.675423e+01
   endloop
 endfacet
 facet normal  0.000000e+00 -6.853995e-02  9.976484e-01
   outer loop
     vertex  1.475000e+02  8.906856e+01  1.675188e+01
     vertex  1.525000e+02  8.910277e+01  1.675423e+01
     vertex  1.475000e+02  8.910277e+01  1.675423e+01
   endloop
 endfacet
 facet normal  0.000000e+00 -4.114462e-02  9.991532e-01
   outer loop
     vertex  1.475000e+02  8.903429e+01  1.675047e+01
     vertex  1.525000e+02  8.903429e+01  1.675047e+01
     vertex  1.525000e+02  8.906856e+01  1.675188e+01
   endloop
 endfacet
 facet normal  0.000000e+00 -1.371831e-02  9.999059e-01
   outer loop
     vertex  1.475000e+02  8.903429e+01  1.675047e+01
     vertex  1.525000e+02  8.900000e+01  1.675000e+01
     vertex  1.525000e+02  8.903429e+01  1.675047e+01
   endloop
 endfacet
 facet normal  0.000000e+00 -4.114462e-02  9.991532e-01
   outer loop
     vertex  1.475000e+02  8.903429e+01  1.675047e+01
     vertex  1.525000e+02  8.906856e+01  1.675188e+01
     vertex  1.475000e+02  8.906856e+01  1.675188e+01
   endloop
 endfacet
 facet normal  0.000000e+00 -1.371831e-02  9.999059e-01
   outer loop
     vertex  1.475000e+02  8.900000e+01  1.675000e+01
     vertex  1.525000e+02  8.900000e+01  1.675000e+01
     vertex  1.475000e+02  8.903429e+01  1.675047e+01
   endloop
 endfacet
 facet normal  0.000000e+00 -1.000000e+00  0.000000e+00
   outer loop
     vertex  2.364770e+01  6.000000e+00  1.620173e+01
     vertex  2.355110e+01  6.000000e+00  1.627861e+01
     vertex  2.359887e+01  6.000000e+00  1.623951e+01
   endloop
 endfacet
 facet normal  0.000000e+00 -1.000000e+00  0.000000e+00
   outer loop
     vertex  2.364770e+01  6.000000e+00  1.620173e+01
     vertex  2.350442e+01  6.000000e+00  1.631900e+01
     vertex  2.355110e+01  6.000000e+00  1.627861e+01
   endloop
 endfacet
 facet normal  0.000000e+00 -1.000000e+00  0.000000e+00
   outer loop
     vertex  2.364770e+01  6.000000e+00  1.620173e+01
     vertex  2.345887e+01  6.000000e+00  1.636067e+01
     vertex  2.350442e+01  6.000000e+00  1.631900e+01
   endloop
 endfacet
 facet normal  0.000000e+00 -1.000000e+00  0.000000e+00
   outer loop
     vertex  2.364770e+01  6.000000e+00  1.620173e+01
     vertex  2.341448e+01  6.000000e+00  1.640356e+01
     vertex  2.345887e+01  6.000000e+00  1.636067e+01
   endloop
 endfacet
 facet normal  0.000000e+00 -1.000000e+00  0.000000e+00
   outer loop
     vertex  2.364770e+01  6.000000e+00  1.620173e+01
     vertex  2.337128e+01  6.000000e+00  1.644766e+01
     vertex  2.341448e+01  6.000000e+00  1.640356e+01
   endloop
 endfacet
 facet normal  0.000000e+00 -1.000000e+00  0.000000e+00
   outer loop
     vertex  2.364770e+01  6.000000e+00  1.620173e+01
     vertex  2.332930e+01  6.000000e+00  1.649293e+01
     vertex  2.337128e+01  6.000000e+00  1.644766e+01
   endloop
 endfacet
 facet normal  0.000000e+00 -1.000000e+00  0.000000e+00
   outer loop
     vertex  2.313890e+01  6.000000e+00  1.673557e+01
     vertex  2.321105e+01  6.000000e+00  1.663539e+01
     vertex  2.324916e+01  6.000000e+00  1.658683e+01
   endloop
 endfacet
 facet normal  0.000000e+00 -1.000000e+00  0.000000e+00
   outer loop
     vertex  2.313890e+01  6.000000e+00  1.673557e+01
     vertex  2.317428e+01  6.000000e+00  1.668499e+01
     vertex  2.321105e+01  6.000000e+00  1.663539e+01
   endloop
 endfacet
 facet normal  0.000000e+00 -1.000000e+00  0.000000e+00
   outer loop
     vertex  2.310491e+01  6.000000e+00  1.678710e+01
     vertex  2.324916e+01  6.000000e+00  1.658683e+01
     vertex  2.328859e+01  6.000000e+00  1.653933e+01
   endloop
 endfacet
 facet normal  0.000000e+00 -1.000000e+00  0.000000e+00
   outer loop
     vertex  2.310491e+01  6.000000e+00  1.678710e+01
     vertex  2.313890e+01  6.000000e+00  1.673557e+01
     vertex  2.324916e+01  6.000000e+00  1.658683e+01
   endloop
 endfacet
 facet normal  0.000000e+00 -1.000000e+00  0.000000e+00
   outer loop
     vertex  2.307235e+01  6.000000e+00  1.683955e+01
     vertex  2.328859e+01  6.000000e+00  1.653933e+01
     vertex  2.332930e+01  6.000000e+00  1.649293e+01
   endloop
 endfacet
 facet normal  0.000000e+00 -1.000000e+00  0.000000e+00
   outer loop
     vertex  2.307235e+01  6.000000e+00  1.683955e+01
     vertex  2.310491e+01  6.000000e+00  1.678710e+01
     vertex  2.328859e+01  6.000000e+00  1.653933e+01
   endloop
 endfacet
 facet normal  0.000000e+00 -1.000000e+00  0.000000e+00
   outer loop
     vertex  2.390633e+01  6.000000e+00  1.603369e+01
     vertex  2.380013e+01  6.000000e+00  1.609663e+01
     vertex  2.385280e+01  6.000000e+00  1.606443e+01
   endloop
 endfacet
 facet normal  0.000000e+00 -1.000000e+00  0.000000e+00
   outer loop
     vertex  2.390633e+01  6.000000e+00  1.603369e+01
     vertex  2.374836e+01  6.000000e+00  1.613027e+01
     vertex  2.380013e+01  6.000000e+00  1.609663e+01
   endloop
 endfacet
 facet normal  0.000000e+00 -1.000000e+00  0.000000e+00
   outer loop
     vertex  2.301160e+01  6.000000e+00  1.694702e+01
     vertex  2.304124e+01  6.000000e+00  1.689287e+01
     vertex  2.307235e+01  6.000000e+00  1.683955e+01
   endloop
 endfacet
 facet normal  0.000000e+00 -1.000000e+00  0.000000e+00
   outer loop
     vertex  2.401582e+01  6.000000e+00  1.597666e+01
     vertex  2.390633e+01  6.000000e+00  1.603369e+01
     vertex  2.396069e+01  6.000000e+00  1.600442e+01
   endloop
 endfacet
 facet normal  0.000000e+00 -1.000000e+00  0.000000e+00
   outer loop
     vertex  2.407170e+01  6.000000e+00  1.595042e+01
     vertex  2.390633e+01  6.000000e+00  1.603369e+01
     vertex  2.401582e+01  6.000000e+00  1.597666e+01
   endloop
 endfacet
 facet normal  0.000000e+00 -1.000000e+00  0.000000e+00
   outer loop
     vertex  2.290823e+01  6.000000e+00  1.717115e+01
     vertex  2.298346e+01  6.000000e+00  1.700197e+01
     vertex  2.301160e+01  6.000000e+00  1.694702e+01
   endloop
 endfacet
 facet normal  0.000000e+00 -1.000000e+00  0.000000e+00
   outer loop
     vertex  2.290823e+01  6.000000e+00  1.717115e+01
     vertex  2.295684e+01  6.000000e+00  1.705767e+01
     vertex  2.298346e+01  6.000000e+00  1.700197e+01
   endloop
 endfacet
 facet normal  0.000000e+00 -1.000000e+00  0.000000e+00
   outer loop
     vertex  2.290823e+01  6.000000e+00  1.717115e+01
     vertex  2.293176e+01  6.000000e+00  1.711407e+01
     vertex  2.295684e+01  6.000000e+00  1.705767e+01
   endloop
 endfacet
 facet normal  0.000000e+00 -1.000000e+00  0.000000e+00
   outer loop
     vertex  2.418551e+01  6.000000e+00  1.590259e+01
     vertex  2.407170e+01  6.000000e+00  1.595042e+01
     vertex  2.412828e+01  6.000000e+00  1.592573e+01
   endloop
 endfacet
 facet normal  0.000000e+00 -1.000000e+00  0.000000e+00
   outer loop
     vertex  2.418551e+01  6.000000e+00  1.590259e+01
     vertex  2.369754e+01  6.000000e+00  1.616531e+01
     vertex  2.374836e+01  6.000000e+00  1.613027e+01
   endloop
 endfacet
 facet normal  0.000000e+00 -1.000000e+00  0.000000e+00
   outer loop
     vertex  2.418551e+01  6.000000e+00  1.590259e+01
     vertex  2.364770e+01  6.000000e+00  1.620173e+01
     vertex  2.369754e+01  6.000000e+00  1.616531e+01
   endloop
 endfacet
 facet normal  0.000000e+00 -1.000000e+00  0.000000e+00
   outer loop
     vertex  2.418551e+01  6.000000e+00  1.590259e+01
     vertex  2.374836e+01  6.000000e+00  1.613027e+01
     vertex  2.390633e+01  6.000000e+00  1.603369e+01
   endloop
 endfacet
 facet normal  0.000000e+00 -1.000000e+00  0.000000e+00
   outer loop
     vertex  2.418551e+01  6.000000e+00  1.590259e+01
     vertex  2.390633e+01  6.000000e+00  1.603369e+01
     vertex  2.407170e+01  6.000000e+00  1.595042e+01
   endloop
 endfacet
 facet normal  0.000000e+00 -1.000000e+00  0.000000e+00
   outer loop
     vertex  2.436072e+01  6.000000e+00  1.584273e+01
     vertex  2.424336e+01  6.000000e+00  1.588104e+01
     vertex  2.430178e+01  6.000000e+00  1.586108e+01
   endloop
 endfacet
 facet normal  0.000000e+00 -1.000000e+00  0.000000e+00
   outer loop
     vertex  2.436072e+01  6.000000e+00  1.584273e+01
     vertex  2.418551e+01  6.000000e+00  1.590259e+01
     vertex  2.424336e+01  6.000000e+00  1.588104e+01
   endloop
 endfacet
 facet normal  0.000000e+00 -1.000000e+00  0.000000e+00
   outer loop
     vertex  2.283003e+01  6.000000e+00  1.740524e+01
     vertex  2.286592e+01  6.000000e+00  1.728712e+01
     vertex  2.288628e+01  6.000000e+00  1.722884e+01
   endloop
 endfacet
 facet normal  0.000000e+00 -1.000000e+00  0.000000e+00
   outer loop
     vertex  2.283003e+01  6.000000e+00  1.740524e+01
     vertex  2.284716e+01  6.000000e+00  1.734594e+01
     vertex  2.286592e+01  6.000000e+00  1.728712e+01
   endloop
 endfacet
 facet normal  0.000000e+00 -1.000000e+00  0.000000e+00
   outer loop
     vertex  2.448000e+01  6.000000e+00  1.581091e+01
     vertex  2.418551e+01  6.000000e+00  1.590259e+01
     vertex  2.436072e+01  6.000000e+00  1.584273e+01
   endloop
 endfacet
 facet normal  0.000000e+00 -1.000000e+00  0.000000e+00
   outer loop
     vertex  2.448000e+01  6.000000e+00  1.581091e+01
     vertex  2.436072e+01  6.000000e+00  1.584273e+01
     vertex  2.442014e+01  6.000000e+00  1.582600e+01
   endloop
 endfacet
 facet normal  0.000000e+00 -1.000000e+00  0.000000e+00
   outer loop
     vertex  2.278848e+01  6.000000e+00  1.758567e+01
     vertex  2.281453e+01  6.000000e+00  1.746500e+01
     vertex  2.283003e+01  6.000000e+00  1.740524e+01
   endloop
 endfacet
 facet normal  0.000000e+00 -1.000000e+00  0.000000e+00
   outer loop
     vertex  2.278848e+01  6.000000e+00  1.758567e+01
     vertex  2.280068e+01  6.000000e+00  1.752516e+01
     vertex  2.281453e+01  6.000000e+00  1.746500e+01
   endloop
 endfacet
 facet normal  0.000000e+00 -1.000000e+00  0.000000e+00
   outer loop
     vertex  2.460085e+01  6.000000e+00  1.578569e+01
     vertex  2.448000e+01  6.000000e+00  1.581091e+01
     vertex  2.454025e+01  6.000000e+00  1.579747e+01
   endloop
 endfacet
 facet normal  0.000000e+00 -1.000000e+00  0.000000e+00
   outer loop
     vertex  2.277794e+01  6.000000e+00  1.764650e+01
     vertex  2.278848e+01  6.000000e+00  1.758567e+01
     vertex  2.283003e+01  6.000000e+00  1.740524e+01
   endloop
 endfacet
 facet normal  0.000000e+00 -1.000000e+00  0.000000e+00
   outer loop
     vertex  2.277794e+01  6.000000e+00  1.764650e+01
     vertex  2.288628e+01  6.000000e+00  1.722884e+01
     vertex  2.290823e+01  6.000000e+00  1.717115e+01
   endloop
 endfacet
 facet normal  0.000000e+00 -1.000000e+00  0.000000e+00
   outer loop
     vertex  2.277794e+01  6.000000e+00  1.764650e+01
     vertex  2.283003e+01  6.000000e+00  1.740524e+01
     vertex  2.288628e+01  6.000000e+00  1.722884e+01
   endloop
 endfacet
 facet normal  0.000000e+00 -1.000000e+00  0.000000e+00
   outer loop
     vertex  2.276908e+01  6.000000e+00  1.770759e+01
     vertex  2.277794e+01  6.000000e+00  1.764650e+01
     vertex  2.290823e+01  6.000000e+00  1.717115e+01
   endloop
 endfacet
 facet normal  0.000000e+00 -1.000000e+00  0.000000e+00
   outer loop
     vertex  2.275640e+01  6.000000e+00  1.783039e+01
     vertex  2.276908e+01  6.000000e+00  1.770759e+01
     vertex  2.290823e+01  6.000000e+00  1.717115e+01
   endloop
 endfacet
 facet normal  0.000000e+00 -1.000000e+00  0.000000e+00
   outer loop
     vertex  2.275640e+01  6.000000e+00  1.783039e+01
     vertex  2.276190e+01  6.000000e+00  1.776890e+01
     vertex  2.276908e+01  6.000000e+00  1.770759e+01
   endloop
 endfacet
 facet normal  0.000000e+00 -1.000000e+00  0.000000e+00
   outer loop
     vertex  2.490742e+01  6.000000e+00  1.575191e+01
     vertex  2.478426e+01  6.000000e+00  1.576037e+01
     vertex  2.484579e+01  6.000000e+00  1.575529e+01
   endloop
 endfacet
 facet normal  0.000000e+00 -1.000000e+00  0.000000e+00
   outer loop
     vertex  2.490742e+01  6.000000e+00  1.575191e+01
     vertex  2.472290e+01  6.000000e+00  1.576713e+01
     vertex  2.478426e+01  6.000000e+00  1.576037e+01
   endloop
 endfacet
 facet normal  0.000000e+00 -1.000000e+00  0.000000e+00
   outer loop
     vertex  2.490742e+01  6.000000e+00  1.575191e+01
     vertex  2.466175e+01  6.000000e+00  1.577557e+01
     vertex  2.472290e+01  6.000000e+00  1.576713e+01
   endloop
 endfacet
 facet normal  0.000000e+00 -1.000000e+00  0.000000e+00
   outer loop
     vertex  2.275005e+01  6.000000e+00  1.801543e+01
     vertex  2.275048e+01  6.000000e+00  1.795370e+01
     vertex  2.275259e+01  6.000000e+00  1.789201e+01
   endloop
 endfacet
 facet normal  0.000000e+00 -1.000000e+00  0.000000e+00
   outer loop
     vertex  2.503087e+01  6.000000e+00  1.575021e+01
     vertex  2.490742e+01  6.000000e+00  1.575191e+01
     vertex  2.496913e+01  6.000000e+00  1.575021e+01
   endloop
 endfacet
 facet normal  0.000000e+00 -1.000000e+00  0.000000e+00
   outer loop
     vertex  2.275429e+01  6.000000e+00  1.813881e+01
     vertex  2.275005e+01  6.000000e+00  1.801543e+01
     vertex  2.275259e+01  6.000000e+00  1.789201e+01
   endloop
 endfacet
 facet normal  0.000000e+00 -1.000000e+00 -0.000000e+00
   outer loop
     vertex  2.275429e+01  6.000000e+00  1.813881e+01
     vertex  2.275259e+01  6.000000e+00  1.789201e+01
     vertex  2.275640e+01  6.000000e+00  1.783039e+01
   endloop
 endfacet
 facet normal  0.000000e+00 -1.000000e+00  0.000000e+00
   outer loop
     vertex  2.275429e+01  6.000000e+00  1.813881e+01
     vertex  2.275132e+01  6.000000e+00  1.807715e+01
     vertex  2.275005e+01  6.000000e+00  1.801543e+01
   endloop
 endfacet
 facet normal  0.000000e+00 -1.000000e+00  0.000000e+00
   outer loop
     vertex  2.515421e+01  6.000000e+00  1.575529e+01
     vertex  2.503087e+01  6.000000e+00  1.575021e+01
     vertex  2.509258e+01  6.000000e+00  1.575191e+01
   endloop
 endfacet
 facet normal  0.000000e+00 -1.000000e+00  0.000000e+00
   outer loop
     vertex  2.276528e+01  6.000000e+00  1.826178e+01
     vertex  2.275894e+01  6.000000e+00  1.820037e+01
     vertex  2.275429e+01  6.000000e+00  1.813881e+01
   endloop
 endfacet
 facet normal  0.000000e+00 -1.000000e+00  0.000000e+00
   outer loop
     vertex  2.277330e+01  6.000000e+00  1.832299e+01
     vertex  2.276528e+01  6.000000e+00  1.826178e+01
     vertex  2.275429e+01  6.000000e+00  1.813881e+01
   endloop
 endfacet
 facet normal  0.000000e+00 -1.000000e+00  0.000000e+00
   outer loop
     vertex  2.539915e+01  6.000000e+00  1.578569e+01
     vertex  2.527710e+01  6.000000e+00  1.576713e+01
     vertex  2.533825e+01  6.000000e+00  1.577557e+01
   endloop
 endfacet
 facet normal  0.000000e+00 -1.000000e+00  0.000000e+00
   outer loop
     vertex  2.279437e+01  6.000000e+00  1.844463e+01
     vertex  2.278300e+01  6.000000e+00  1.838395e+01
     vertex  2.277330e+01  6.000000e+00  1.832299e+01
   endloop
 endfacet
 facet normal  0.000000e+00 -1.000000e+00  0.000000e+00
   outer loop
     vertex  2.552000e+01  6.000000e+00  1.581091e+01
     vertex  2.539915e+01  6.000000e+00  1.578569e+01
     vertex  2.545975e+01  6.000000e+00  1.579747e+01
   endloop
 endfacet
 facet normal  0.000000e+00 -1.000000e+00  0.000000e+00
   outer loop
     vertex  2.552000e+01  6.000000e+00  1.581091e+01
     vertex  2.521574e+01  6.000000e+00  1.576037e+01
     vertex  2.527710e+01  6.000000e+00  1.576713e+01
   endloop
 endfacet
 facet normal  0.000000e+00 -1.000000e+00  0.000000e+00
   outer loop
     vertex  2.552000e+01  6.000000e+00  1.581091e+01
     vertex  2.527710e+01  6.000000e+00  1.576713e+01
     vertex  2.539915e+01  6.000000e+00  1.578569e+01
   endloop
 endfacet
 facet normal  0.000000e+00 -1.000000e+00  0.000000e+00
   outer loop
     vertex  2.283839e+01  6.000000e+00  1.862447e+01
     vertex  2.279437e+01  6.000000e+00  1.844463e+01
     vertex  2.277330e+01  6.000000e+00  1.832299e+01
   endloop
 endfacet
 facet normal  0.000000e+00 -1.000000e+00  0.000000e+00
   outer loop
     vertex  2.283839e+01  6.000000e+00  1.862447e+01
     vertex  2.280740e+01  6.000000e+00  1.850497e+01
     vertex  2.279437e+01  6.000000e+00  1.844463e+01
   endloop
 endfacet
 facet normal  0.000000e+00 -1.000000e+00  0.000000e+00
   outer loop
     vertex  2.283839e+01  6.000000e+00  1.862447e+01
     vertex  2.282208e+01  6.000000e+00  1.856493e+01
     vertex  2.280740e+01  6.000000e+00  1.850497e+01
   endloop
 endfacet
 facet normal  0.000000e+00 -1.000000e+00  0.000000e+00
   outer loop
     vertex  2.563928e+01  6.000000e+00  1.584273e+01
     vertex  2.552000e+01  6.000000e+00  1.581091e+01
     vertex  2.557986e+01  6.000000e+00  1.582600e+01
   endloop
 endfacet
 facet normal  0.000000e+00 -1.000000e+00  0.000000e+00
   outer loop
     vertex  2.563928e+01  6.000000e+00  1.584273e+01
     vertex  2.515421e+01  6.000000e+00  1.575529e+01
     vertex  2.521574e+01  6.000000e+00  1.576037e+01
   endloop
 endfacet
 facet normal  0.000000e+00 -1.000000e+00  0.000000e+00
   outer loop
     vertex  2.563928e+01  6.000000e+00  1.584273e+01
     vertex  2.521574e+01  6.000000e+00  1.576037e+01
     vertex  2.552000e+01  6.000000e+00  1.581091e+01
   endloop
 endfacet
 facet normal  0.000000e+00 -1.000000e+00  0.000000e+00
   outer loop
     vertex  2.287590e+01  6.000000e+00  1.874209e+01
     vertex  2.285634e+01  6.000000e+00  1.868354e+01
     vertex  2.283839e+01  6.000000e+00  1.862447e+01
   endloop
 endfacet
 facet normal  0.000000e+00 -1.000000e+00  0.000000e+00
   outer loop
     vertex  2.575664e+01  6.000000e+00  1.588104e+01
     vertex  2.563928e+01  6.000000e+00  1.584273e+01
     vertex  2.569822e+01  6.000000e+00  1.586108e+01
   endloop
 endfacet
 facet normal  0.000000e+00 -1.000000e+00  0.000000e+00
   outer loop
     vertex  2.581449e+01  6.000000e+00  1.590259e+01
     vertex  2.563928e+01  6.000000e+00  1.584273e+01
     vertex  2.575664e+01  6.000000e+00  1.588104e+01
   endloop
 endfacet
 facet normal  0.000000e+00 -1.000000e+00  0.000000e+00
   outer loop
     vertex  2.291980e+01  6.000000e+00  1.885747e+01
     vertex  2.283839e+01  6.000000e+00  1.862447e+01
     vertex  2.277330e+01  6.000000e+00  1.832299e+01
   endloop
 endfacet
 facet normal  0.000000e+00 -1.000000e+00  0.000000e+00
   outer loop
     vertex  2.291980e+01  6.000000e+00  1.885747e+01
     vertex  2.289706e+01  6.000000e+00  1.880008e+01
     vertex  2.287590e+01  6.000000e+00  1.874209e+01
   endloop
 endfacet
 facet normal  0.000000e+00 -1.000000e+00  0.000000e+00
   outer loop
     vertex  2.291980e+01  6.000000e+00  1.885747e+01
     vertex  2.287590e+01  6.000000e+00  1.874209e+01
     vertex  2.283839e+01  6.000000e+00  1.862447e+01
   endloop
 endfacet
 facet normal  0.000000e+00 -1.000000e+00  0.000000e+00
   outer loop
     vertex  2.294410e+01  6.000000e+00  1.891422e+01
     vertex  2.291980e+01  6.000000e+00  1.885747e+01
     vertex  2.277330e+01  6.000000e+00  1.832299e+01
   endloop
 endfacet
 facet normal  0.000000e+00 -1.000000e+00  0.000000e+00
   outer loop
     vertex  2.592830e+01  6.000000e+00  1.595042e+01
     vertex  2.581449e+01  6.000000e+00  1.590259e+01
     vertex  2.587172e+01  6.000000e+00  1.592573e+01
   endloop
 endfacet
 facet normal  0.000000e+00 -1.000000e+00  0.000000e+00
   outer loop
     vertex  2.592830e+01  6.000000e+00  1.595042e+01
     vertex  2.563928e+01  6.000000e+00  1.584273e+01
     vertex  2.581449e+01  6.000000e+00  1.590259e+01
   endloop
 endfacet
 facet normal  0.000000e+00 -1.000000e+00  0.000000e+00
   outer loop
     vertex  2.299734e+01  6.000000e+00  1.902560e+01
     vertex  2.296996e+01  6.000000e+00  1.897027e+01
     vertex  2.294410e+01  6.000000e+00  1.891422e+01
   endloop
 endfacet
 facet normal  0.000000e+00 -1.000000e+00  0.000000e+00
   outer loop
     vertex  2.603931e+01  6.000000e+00  1.600442e+01
     vertex  2.563928e+01  6.000000e+00  1.584273e+01
     vertex  2.592830e+01  6.000000e+00  1.595042e+01
   endloop
 endfacet
 facet normal  0.000000e+00 -1.000000e+00  0.000000e+00
   outer loop
     vertex  2.603931e+01  6.000000e+00  1.600442e+01
     vertex  2.592830e+01  6.000000e+00  1.595042e+01
     vertex  2.598418e+01  6.000000e+00  1.597666e+01
   endloop
 endfacet
 facet normal  0.000000e+00 -1.000000e+00  0.000000e+00
   outer loop
     vertex  2.305661e+01  6.000000e+00  1.913390e+01
     vertex  2.299734e+01  6.000000e+00  1.902560e+01
     vertex  2.294410e+01  6.000000e+00  1.891422e+01
   endloop
 endfacet
 facet normal  0.000000e+00 -1.000000e+00  0.000000e+00
   outer loop
     vertex  2.305661e+01  6.000000e+00  1.913390e+01
     vertex  2.302623e+01  6.000000e+00  1.908016e+01
     vertex  2.299734e+01  6.000000e+00  1.902560e+01
   endloop
 endfacet
 facet normal  0.000000e+00 -1.000000e+00  0.000000e+00
   outer loop
     vertex  2.614720e+01  6.000000e+00  1.606443e+01
     vertex  2.563928e+01  6.000000e+00  1.584273e+01
     vertex  2.603931e+01  6.000000e+00  1.600442e+01
   endloop
 endfacet
 facet normal  0.000000e+00 -1.000000e+00  0.000000e+00
   outer loop
     vertex  2.614720e+01  6.000000e+00  1.606443e+01
     vertex  2.603931e+01  6.000000e+00  1.600442e+01
     vertex  2.609367e+01  6.000000e+00  1.603369e+01
   endloop
 endfacet
 facet normal  0.000000e+00 -1.000000e+00  0.000000e+00
   outer loop
     vertex  2.312172e+01  6.000000e+00  1.923878e+01
     vertex  2.305661e+01  6.000000e+00  1.913390e+01
     vertex  2.294410e+01  6.000000e+00  1.891422e+01
   endloop
 endfacet
 facet normal  0.000000e+00 -1.000000e+00  0.000000e+00
   outer loop
     vertex  2.312172e+01  6.000000e+00  1.923878e+01
     vertex  2.308845e+01  6.000000e+00  1.918679e+01
     vertex  2.305661e+01  6.000000e+00  1.913390e+01
   endloop
 endfacet
 facet normal  0.000000e+00 -1.000000e+00  0.000000e+00
   outer loop
     vertex  2.625164e+01  6.000000e+00  1.613027e+01
     vertex  2.614720e+01  6.000000e+00  1.606443e+01
     vertex  2.619987e+01  6.000000e+00  1.609663e+01
   endloop
 endfacet
 facet normal  0.000000e+00 -1.000000e+00  0.000000e+00
   outer loop
     vertex  2.630246e+01  6.000000e+00  1.616531e+01
     vertex  2.614720e+01  6.000000e+00  1.606443e+01
     vertex  2.625164e+01  6.000000e+00  1.613027e+01
   endloop
 endfacet
 facet normal  0.000000e+00 -1.000000e+00  0.000000e+00
   outer loop
     vertex  2.640113e+01  6.000000e+00  1.623951e+01
     vertex  2.448000e+01  6.000000e+00  1.581091e+01
     vertex  2.460085e+01  6.000000e+00  1.578569e+01
   endloop
 endfacet
 facet normal  0.000000e+00 -1.000000e+00  0.000000e+00
   outer loop
     vertex  2.640113e+01  6.000000e+00  1.623951e+01
     vertex  2.466175e+01  6.000000e+00  1.577557e+01
     vertex  2.490742e+01  6.000000e+00  1.575191e+01
   endloop
 endfacet
 facet normal  0.000000e+00 -1.000000e+00  0.000000e+00
   outer loop
     vertex  2.640113e+01  6.000000e+00  1.623951e+01
     vertex  2.563928e+01  6.000000e+00  1.584273e+01
     vertex  2.614720e+01  6.000000e+00  1.606443e+01
   endloop
 endfacet
 facet normal  0.000000e+00 -1.000000e+00  0.000000e+00
   outer loop
     vertex  2.640113e+01  6.000000e+00  1.623951e+01
     vertex  2.460085e+01  6.000000e+00  1.578569e+01
     vertex  2.466175e+01  6.000000e+00  1.577557e+01
   endloop
 endfacet
 facet normal  0.000000e+00 -1.000000e+00  0.000000e+00
   outer loop
     vertex  2.640113e+01  6.000000e+00  1.623951e+01
     vertex  2.614720e+01  6.000000e+00  1.606443e+01
     vertex  2.630246e+01  6.000000e+00  1.616531e+01
   endloop
 endfacet
 facet normal  0.000000e+00 -1.000000e+00  0.000000e+00
   outer loop
     vertex  2.640113e+01  6.000000e+00  1.623951e+01
     vertex  2.490742e+01  6.000000e+00  1.575191e+01
     vertex  2.503087e+01  6.000000e+00  1.575021e+01
   endloop
 endfacet
 facet normal  0.000000e+00 -1.000000e+00  0.000000e+00
   outer loop
     vertex  2.640113e+01  6.000000e+00  1.623951e+01
     vertex  2.503087e+01  6.000000e+00  1.575021e+01
     vertex  2.515421e+01  6.000000e+00  1.575529e+01
   endloop
 endfacet
 facet normal  0.000000e+00 -1.000000e+00  0.000000e+00
   outer loop
     vertex  2.640113e+01  6.000000e+00  1.623951e+01
     vertex  2.515421e+01  6.000000e+00  1.575529e+01
     vertex  2.563928e+01  6.000000e+00  1.584273e+01
   endloop
 endfacet
 facet normal  0.000000e+00 -1.000000e+00  0.000000e+00
   outer loop
     vertex  2.640113e+01  6.000000e+00  1.623951e+01
     vertex  2.630246e+01  6.000000e+00  1.616531e+01
     vertex  2.635230e+01  6.000000e+00  1.620173e+01
   endloop
 endfacet
 facet normal  0.000000e+00 -1.000000e+00  0.000000e+00
   outer loop
     vertex  2.330878e+01  6.000000e+00  1.948401e+01
     vertex  2.312172e+01  6.000000e+00  1.923878e+01
     vertex  2.294410e+01  6.000000e+00  1.891422e+01
   endloop
 endfacet
 facet normal  0.000000e+00 -1.000000e+00  0.000000e+00
   outer loop
     vertex  2.330878e+01  6.000000e+00  1.948401e+01
     vertex  2.315642e+01  6.000000e+00  1.928984e+01
     vertex  2.312172e+01  6.000000e+00  1.923878e+01
   endloop
 endfacet
 facet normal  0.000000e+00 -1.000000e+00  0.000000e+00
   outer loop
     vertex  2.330878e+01  6.000000e+00  1.948401e+01
     vertex  2.319250e+01  6.000000e+00  1.933994e+01
     vertex  2.315642e+01  6.000000e+00  1.928984e+01
   endloop
 endfacet
 facet normal  0.000000e+00 -1.000000e+00  0.000000e+00
   outer loop
     vertex  2.330878e+01  6.000000e+00  1.948401e+01
     vertex  2.322994e+01  6.000000e+00  1.938902e+01
     vertex  2.319250e+01  6.000000e+00  1.933994e+01
   endloop
 endfacet
 facet normal  0.000000e+00 -1.000000e+00  0.000000e+00
   outer loop
     vertex  2.330878e+01  6.000000e+00  1.948401e+01
     vertex  2.326871e+01  6.000000e+00  1.943706e+01
     vertex  2.322994e+01  6.000000e+00  1.938902e+01
   endloop
 endfacet
 facet normal  0.000000e+00 -1.000000e+00  0.000000e+00
   outer loop
     vertex  2.649558e+01  6.000000e+00  1.631900e+01
     vertex  2.640113e+01  6.000000e+00  1.623951e+01
     vertex  2.644890e+01  6.000000e+00  1.627861e+01
   endloop
 endfacet
 facet normal  0.000000e+00 -1.000000e+00  0.000000e+00
   outer loop
     vertex  2.654113e+01  6.000000e+00  1.636067e+01
     vertex  2.640113e+01  6.000000e+00  1.623951e+01
     vertex  2.649558e+01  6.000000e+00  1.631900e+01
   endloop
 endfacet
 facet normal  0.000000e+00 -1.000000e+00  0.000000e+00
   outer loop
     vertex  2.339272e+01  6.000000e+00  1.957454e+01
     vertex  2.275640e+01  6.000000e+00  1.783039e+01
     vertex  2.290823e+01  6.000000e+00  1.717115e+01
   endloop
 endfacet
 facet normal  0.000000e+00 -1.000000e+00  0.000000e+00
   outer loop
     vertex  2.339272e+01  6.000000e+00  1.957454e+01
     vertex  2.275429e+01  6.000000e+00  1.813881e+01
     vertex  2.275640e+01  6.000000e+00  1.783039e+01
   endloop
 endfacet
 facet normal  0.000000e+00 -1.000000e+00  0.000000e+00
   outer loop
     vertex  2.339272e+01  6.000000e+00  1.957454e+01
     vertex  2.277330e+01  6.000000e+00  1.832299e+01
     vertex  2.275429e+01  6.000000e+00  1.813881e+01
   endloop
 endfacet
 facet normal  0.000000e+00 -1.000000e+00  0.000000e+00
   outer loop
     vertex  2.339272e+01  6.000000e+00  1.957454e+01
     vertex  2.301160e+01  6.000000e+00  1.694702e+01
     vertex  2.307235e+01  6.000000e+00  1.683955e+01
   endloop
 endfacet
 facet normal  0.000000e+00 -1.000000e+00  0.000000e+00
   outer loop
     vertex  2.339272e+01  6.000000e+00  1.957454e+01
     vertex  2.290823e+01  6.000000e+00  1.717115e+01
     vertex  2.301160e+01  6.000000e+00  1.694702e+01
   endloop
 endfacet
 facet normal  0.000000e+00 -1.000000e+00  0.000000e+00
   outer loop
     vertex  2.339272e+01  6.000000e+00  1.957454e+01
     vertex  2.330878e+01  6.000000e+00  1.948401e+01
     vertex  2.294410e+01  6.000000e+00  1.891422e+01
   endloop
 endfacet
 facet normal  0.000000e+00 -1.000000e+00  0.000000e+00
   outer loop
     vertex  2.339272e+01  6.000000e+00  1.957454e+01
     vertex  2.335013e+01  6.000000e+00  1.952985e+01
     vertex  2.330878e+01  6.000000e+00  1.948401e+01
   endloop
 endfacet
 facet normal  0.000000e+00 -1.000000e+00  0.000000e+00
   outer loop
     vertex  2.339272e+01  6.000000e+00  1.957454e+01
     vertex  2.294410e+01  6.000000e+00  1.891422e+01
     vertex  2.277330e+01  6.000000e+00  1.832299e+01
   endloop
 endfacet
 facet normal  0.000000e+00 -1.000000e+00  0.000000e+00
   outer loop
     vertex  2.658552e+01  6.000000e+00  1.640356e+01
     vertex  2.640113e+01  6.000000e+00  1.623951e+01
     vertex  2.654113e+01  6.000000e+00  1.636067e+01
   endloop
 endfacet
 facet normal  0.000000e+00 -1.000000e+00  0.000000e+00
   outer loop
     vertex  2.667070e+01  6.000000e+00  1.649293e+01
     vertex  2.640113e+01  6.000000e+00  1.623951e+01
     vertex  2.658552e+01  6.000000e+00  1.640356e+01
   endloop
 endfacet
 facet normal  0.000000e+00 -1.000000e+00  0.000000e+00
   outer loop
     vertex  2.667070e+01  6.000000e+00  1.649293e+01
     vertex  2.658552e+01  6.000000e+00  1.640356e+01
     vertex  2.662872e+01  6.000000e+00  1.644766e+01
   endloop
 endfacet
 facet normal  0.000000e+00 -1.000000e+00  0.000000e+00
   outer loop
     vertex  2.352762e+01  6.000000e+00  1.970136e+01
     vertex  2.348150e+01  6.000000e+00  1.966032e+01
     vertex  2.343653e+01  6.000000e+00  1.961804e+01
   endloop
 endfacet
 facet normal  0.000000e+00 -1.000000e+00  0.000000e+00
   outer loop
     vertex  2.352762e+01  6.000000e+00  1.970136e+01
     vertex  2.343653e+01  6.000000e+00  1.961804e+01
     vertex  2.339272e+01  6.000000e+00  1.957454e+01
   endloop
 endfacet
 facet normal  0.000000e+00 -1.000000e+00  0.000000e+00
   outer loop
     vertex  2.671141e+01  6.000000e+00  1.653933e+01
     vertex  2.640113e+01  6.000000e+00  1.623951e+01
     vertex  2.667070e+01  6.000000e+00  1.649293e+01
   endloop
 endfacet
 facet normal  0.000000e+00 -1.000000e+00  0.000000e+00
   outer loop
     vertex  2.675084e+01  6.000000e+00  1.658683e+01
     vertex  2.640113e+01  6.000000e+00  1.623951e+01
     vertex  2.671141e+01  6.000000e+00  1.653933e+01
   endloop
 endfacet
 facet normal  0.000000e+00 -1.000000e+00  0.000000e+00
   outer loop
     vertex  2.362316e+01  6.000000e+00  1.977955e+01
     vertex  2.357485e+01  6.000000e+00  1.974111e+01
     vertex  2.352762e+01  6.000000e+00  1.970136e+01
   endloop
 endfacet
 facet normal  0.000000e+00 -1.000000e+00  0.000000e+00
   outer loop
     vertex  2.678895e+01  6.000000e+00  1.663539e+01
     vertex  2.640113e+01  6.000000e+00  1.623951e+01
     vertex  2.675084e+01  6.000000e+00  1.658683e+01
   endloop
 endfacet
 facet normal  0.000000e+00 -1.000000e+00  0.000000e+00
   outer loop
     vertex  2.686110e+01  6.000000e+00  1.673557e+01
     vertex  2.640113e+01  6.000000e+00  1.623951e+01
     vertex  2.678895e+01  6.000000e+00  1.663539e+01
   endloop
 endfacet
 facet normal  0.000000e+00 -1.000000e+00  0.000000e+00
   outer loop
     vertex  2.686110e+01  6.000000e+00  1.673557e+01
     vertex  2.678895e+01  6.000000e+00  1.663539e+01
     vertex  2.682572e+01  6.000000e+00  1.668499e+01
   endloop
 endfacet
 facet normal  0.000000e+00 -1.000000e+00  0.000000e+00
   outer loop
     vertex  2.689509e+01  6.000000e+00  1.678710e+01
     vertex  2.640113e+01  6.000000e+00  1.623951e+01
     vertex  2.686110e+01  6.000000e+00  1.673557e+01
   endloop
 endfacet
 facet normal  0.000000e+00 -1.000000e+00  0.000000e+00
   outer loop
     vertex  2.382635e+01  6.000000e+00  1.991965e+01
     vertex  2.372283e+01  6.000000e+00  1.985239e+01
     vertex  2.367249e+01  6.000000e+00  1.981665e+01
   endloop
 endfacet
 facet normal  0.000000e+00 -1.000000e+00  0.000000e+00
   outer loop
     vertex  2.382635e+01  6.000000e+00  1.991965e+01
     vertex  2.377413e+01  6.000000e+00  1.988673e+01
     vertex  2.372283e+01  6.000000e+00  1.985239e+01
   endloop
 endfacet
 facet normal  0.000000e+00 -1.000000e+00  0.000000e+00
   outer loop
     vertex  2.387946e+01  6.000000e+00  1.995112e+01
     vertex  2.382635e+01  6.000000e+00  1.991965e+01
     vertex  2.367249e+01  6.000000e+00  1.981665e+01
   endloop
 endfacet
 facet normal  0.000000e+00 -1.000000e+00  0.000000e+00
   outer loop
     vertex  2.695876e+01  6.000000e+00  1.689287e+01
     vertex  2.689509e+01  6.000000e+00  1.678710e+01
     vertex  2.692765e+01  6.000000e+00  1.683955e+01
   endloop
 endfacet
 facet normal  0.000000e+00 -1.000000e+00  0.000000e+00
   outer loop
     vertex  2.698840e+01  6.000000e+00  1.694702e+01
     vertex  2.689509e+01  6.000000e+00  1.678710e+01
     vertex  2.695876e+01  6.000000e+00  1.689287e+01
   endloop
 endfacet
 facet normal  0.000000e+00 -1.000000e+00  0.000000e+00
   outer loop
     vertex  2.398816e+01  6.000000e+00  2.000965e+01
     vertex  2.367249e+01  6.000000e+00  1.981665e+01
     vertex  2.362316e+01  6.000000e+00  1.977955e+01
   endloop
 endfacet
 facet normal  0.000000e+00 -1.000000e+00  0.000000e+00
   outer loop
     vertex  2.398816e+01  6.000000e+00  2.000965e+01
     vertex  2.393341e+01  6.000000e+00  1.998113e+01
     vertex  2.387946e+01  6.000000e+00  1.995112e+01
   endloop
 endfacet
 facet normal  0.000000e+00 -1.000000e+00  0.000000e+00
   outer loop
     vertex  2.398816e+01  6.000000e+00  2.000965e+01
     vertex  2.362316e+01  6.000000e+00  1.977955e+01
     vertex  2.352762e+01  6.000000e+00  1.970136e+01
   endloop
 endfacet
 facet normal  0.000000e+00 -1.000000e+00  0.000000e+00
   outer loop
     vertex  2.398816e+01  6.000000e+00  2.000965e+01
     vertex  2.387946e+01  6.000000e+00  1.995112e+01
     vertex  2.367249e+01  6.000000e+00  1.981665e+01
   endloop
 endfacet
 facet normal  0.000000e+00 -1.000000e+00  0.000000e+00
   outer loop
     vertex  2.701654e+01  6.000000e+00  1.700197e+01
     vertex  2.689509e+01  6.000000e+00  1.678710e+01
     vertex  2.698840e+01  6.000000e+00  1.694702e+01
   endloop
 endfacet
 facet normal  0.000000e+00 -1.000000e+00  0.000000e+00
   outer loop
     vertex  2.704316e+01  6.000000e+00  1.705767e+01
     vertex  2.689509e+01  6.000000e+00  1.678710e+01
     vertex  2.701654e+01  6.000000e+00  1.700197e+01
   endloop
 endfacet
 facet normal  0.000000e+00 -1.000000e+00  0.000000e+00
   outer loop
     vertex  2.709177e+01  6.000000e+00  1.717115e+01
     vertex  2.689509e+01  6.000000e+00  1.678710e+01
     vertex  2.704316e+01  6.000000e+00  1.705767e+01
   endloop
 endfacet
 facet normal  0.000000e+00 -1.000000e+00  0.000000e+00
   outer loop
     vertex  2.709177e+01  6.000000e+00  1.717115e+01
     vertex  2.704316e+01  6.000000e+00  1.705767e+01
     vertex  2.706824e+01  6.000000e+00  1.711407e+01
   endloop
 endfacet
 facet normal  0.000000e+00 -1.000000e+00  0.000000e+00
   outer loop
     vertex  2.711372e+01  6.000000e+00  1.722884e+01
     vertex  2.689509e+01  6.000000e+00  1.678710e+01
     vertex  2.709177e+01  6.000000e+00  1.717115e+01
   endloop
 endfacet
 facet normal -0.000000e+00 -1.000000e+00  0.000000e+00
   outer loop
     vertex  2.711372e+01  6.000000e+00  1.722884e+01
     vertex  2.339272e+01  6.000000e+00  1.957454e+01
     vertex  2.307235e+01  6.000000e+00  1.683955e+01
   endloop
 endfacet
 facet normal  0.000000e+00 -1.000000e+00  0.000000e+00
   outer loop
     vertex  2.711372e+01  6.000000e+00  1.722884e+01
     vertex  2.448000e+01  6.000000e+00  1.581091e+01
     vertex  2.640113e+01  6.000000e+00  1.623951e+01
   endloop
 endfacet
 facet normal  0.000000e+00 -1.000000e+00  0.000000e+00
   outer loop
     vertex  2.711372e+01  6.000000e+00  1.722884e+01
     vertex  2.332930e+01  6.000000e+00  1.649293e+01
     vertex  2.364770e+01  6.000000e+00  1.620173e+01
   endloop
 endfacet
 facet normal  0.000000e+00 -1.000000e+00  0.000000e+00
   outer loop
     vertex  2.711372e+01  6.000000e+00  1.722884e+01
     vertex  2.364770e+01  6.000000e+00  1.620173e+01
     vertex  2.418551e+01  6.000000e+00  1.590259e+01
   endloop
 endfacet
 facet normal  0.000000e+00 -1.000000e+00  0.000000e+00
   outer loop
     vertex  2.711372e+01  6.000000e+00  1.722884e+01
     vertex  2.640113e+01  6.000000e+00  1.623951e+01
     vertex  2.689509e+01  6.000000e+00  1.678710e+01
   endloop
 endfacet
 facet normal  0.000000e+00 -1.000000e+00  0.000000e+00
   outer loop
     vertex  2.711372e+01  6.000000e+00  1.722884e+01
     vertex  2.352762e+01  6.000000e+00  1.970136e+01
     vertex  2.339272e+01  6.000000e+00  1.957454e+01
   endloop
 endfacet
 facet normal  0.000000e+00 -1.000000e+00  0.000000e+00
   outer loop
     vertex  2.711372e+01  6.000000e+00  1.722884e+01
     vertex  2.307235e+01  6.000000e+00  1.683955e+01
     vertex  2.332930e+01  6.000000e+00  1.649293e+01
   endloop
 endfacet
 facet normal  0.000000e+00 -1.000000e+00  0.000000e+00
   outer loop
     vertex  2.711372e+01  6.000000e+00  1.722884e+01
     vertex  2.418551e+01  6.000000e+00  1.590259e+01
     vertex  2.448000e+01  6.000000e+00  1.581091e+01
   endloop
 endfacet
 facet normal  0.000000e+00 -1.000000e+00  0.000000e+00
   outer loop
     vertex  2.439037e+01  6.000000e+00  2.016584e+01
     vertex  2.415682e+01  6.000000e+00  2.008604e+01
     vertex  2.409991e+01  6.000000e+00  2.006212e+01
   endloop
 endfacet
 facet normal  0.000000e+00 -1.000000e+00  0.000000e+00
   outer loop
     vertex  2.439037e+01  6.000000e+00  2.016584e+01
     vertex  2.421436e+01  6.000000e+00  2.010838e+01
     vertex  2.415682e+01  6.000000e+00  2.008604e+01
   endloop
 endfacet
 facet normal  0.000000e+00 -1.000000e+00  0.000000e+00
   outer loop
     vertex  2.439037e+01  6.000000e+00  2.016584e+01
     vertex  2.427250e+01  6.000000e+00  2.012914e+01
     vertex  2.421436e+01  6.000000e+00  2.010838e+01
   endloop
 endfacet
 facet normal  0.000000e+00 -1.000000e+00  0.000000e+00
   outer loop
     vertex  2.439037e+01  6.000000e+00  2.016584e+01
     vertex  2.433118e+01  6.000000e+00  2.014830e+01
     vertex  2.427250e+01  6.000000e+00  2.012914e+01
   endloop
 endfacet
 facet normal  0.000000e+00 -1.000000e+00  0.000000e+00
   outer loop
     vertex  2.716997e+01  6.000000e+00  1.740524e+01
     vertex  2.713408e+01  6.000000e+00  1.728712e+01
     vertex  2.715284e+01  6.000000e+00  1.734594e+01
   endloop
 endfacet
 facet normal  0.000000e+00 -1.000000e+00  0.000000e+00
   outer loop
     vertex  2.716997e+01  6.000000e+00  1.740524e+01
     vertex  2.711372e+01  6.000000e+00  1.722884e+01
     vertex  2.713408e+01  6.000000e+00  1.728712e+01
   endloop
 endfacet
 facet normal  0.000000e+00 -1.000000e+00  0.000000e+00
   outer loop
     vertex  2.457051e+01  6.000000e+00  2.020863e+01
     vertex  2.398816e+01  6.000000e+00  2.000965e+01
     vertex  2.352762e+01  6.000000e+00  1.970136e+01
   endloop
 endfacet
 facet normal  0.000000e+00 -1.000000e+00  0.000000e+00
   outer loop
     vertex  2.457051e+01  6.000000e+00  2.020863e+01
     vertex  2.404367e+01  6.000000e+00  2.003665e+01
     vertex  2.398816e+01  6.000000e+00  2.000965e+01
   endloop
 endfacet
 facet normal  0.000000e+00 -1.000000e+00  0.000000e+00
   outer loop
     vertex  2.457051e+01  6.000000e+00  2.020863e+01
     vertex  2.409991e+01  6.000000e+00  2.006212e+01
     vertex  2.404367e+01  6.000000e+00  2.003665e+01
   endloop
 endfacet
 facet normal  0.000000e+00 -1.000000e+00  0.000000e+00
   outer loop
     vertex  2.457051e+01  6.000000e+00  2.020863e+01
     vertex  2.445002e+01  6.000000e+00  2.018175e+01
     vertex  2.439037e+01  6.000000e+00  2.016584e+01
   endloop
 endfacet
 facet normal  0.000000e+00 -1.000000e+00  0.000000e+00
   outer loop
     vertex  2.457051e+01  6.000000e+00  2.020863e+01
     vertex  2.451008e+01  6.000000e+00  2.019601e+01
     vertex  2.445002e+01  6.000000e+00  2.018175e+01
   endloop
 endfacet
 facet normal  0.000000e+00 -1.000000e+00  0.000000e+00
   outer loop
     vertex  2.457051e+01  6.000000e+00  2.020863e+01
     vertex  2.439037e+01  6.000000e+00  2.016584e+01
     vertex  2.409991e+01  6.000000e+00  2.006212e+01
   endloop
 endfacet
 facet normal  0.000000e+00 -1.000000e+00  0.000000e+00
   outer loop
     vertex  2.721152e+01  6.000000e+00  1.758567e+01
     vertex  2.718547e+01  6.000000e+00  1.746500e+01
     vertex  2.719932e+01  6.000000e+00  1.752516e+01
   endloop
 endfacet
 facet normal  0.000000e+00 -1.000000e+00  0.000000e+00
   outer loop
     vertex  2.722206e+01  6.000000e+00  1.764650e+01
     vertex  2.718547e+01  6.000000e+00  1.746500e+01
     vertex  2.721152e+01  6.000000e+00  1.758567e+01
   endloop
 endfacet
 facet normal  0.000000e+00 -1.000000e+00  0.000000e+00
   outer loop
     vertex  2.722206e+01  6.000000e+00  1.764650e+01
     vertex  2.716997e+01  6.000000e+00  1.740524e+01
     vertex  2.718547e+01  6.000000e+00  1.746500e+01
   endloop
 endfacet
 facet normal  0.000000e+00 -1.000000e+00  0.000000e+00
   outer loop
     vertex  2.469230e+01  6.000000e+00  2.022886e+01
     vertex  2.463126e+01  6.000000e+00  2.021958e+01
     vertex  2.457051e+01  6.000000e+00  2.020863e+01
   endloop
 endfacet
 facet normal  0.000000e+00 -1.000000e+00  0.000000e+00
   outer loop
     vertex  2.723810e+01  6.000000e+00  1.776890e+01
     vertex  2.716997e+01  6.000000e+00  1.740524e+01
     vertex  2.722206e+01  6.000000e+00  1.764650e+01
   endloop
 endfacet
 facet normal  0.000000e+00 -1.000000e+00  0.000000e+00
   outer loop
     vertex  2.723810e+01  6.000000e+00  1.776890e+01
     vertex  2.722206e+01  6.000000e+00  1.764650e+01
     vertex  2.723092e+01  6.000000e+00  1.770759e+01
   endloop
 endfacet
 facet normal  0.000000e+00 -1.000000e+00  0.000000e+00
   outer loop
     vertex  2.723810e+01  6.000000e+00  1.776890e+01
     vertex  2.711372e+01  6.000000e+00  1.722884e+01
     vertex  2.716997e+01  6.000000e+00  1.740524e+01
   endloop
 endfacet
 facet normal  0.000000e+00 -1.000000e+00  0.000000e+00
   outer loop
     vertex  2.493827e+01  6.000000e+00  2.024915e+01
     vertex  2.475356e+01  6.000000e+00  2.023646e+01
     vertex  2.469230e+01  6.000000e+00  2.022886e+01
   endloop
 endfacet
 facet normal  0.000000e+00 -1.000000e+00  0.000000e+00
   outer loop
     vertex  2.493827e+01  6.000000e+00  2.024915e+01
     vertex  2.481501e+01  6.000000e+00  2.024238e+01
     vertex  2.475356e+01  6.000000e+00  2.023646e+01
   endloop
 endfacet
 facet normal  0.000000e+00 -1.000000e+00  0.000000e+00
   outer loop
     vertex  2.493827e+01  6.000000e+00  2.024915e+01
     vertex  2.487659e+01  6.000000e+00  2.024661e+01
     vertex  2.481501e+01  6.000000e+00  2.024238e+01
   endloop
 endfacet
 facet normal  0.000000e+00 -1.000000e+00  0.000000e+00
   outer loop
     vertex  2.493827e+01  6.000000e+00  2.024915e+01
     vertex  2.469230e+01  6.000000e+00  2.022886e+01
     vertex  2.457051e+01  6.000000e+00  2.020863e+01
   endloop
 endfacet
 facet normal  0.000000e+00 -1.000000e+00  0.000000e+00
   outer loop
     vertex  2.500000e+01  6.000000e+00  2.025000e+01
     vertex  2.493827e+01  6.000000e+00  2.024915e+01
     vertex  2.457051e+01  6.000000e+00  2.020863e+01
   endloop
 endfacet
 facet normal  0.000000e+00 -1.000000e+00  0.000000e+00
   outer loop
     vertex  2.724868e+01  6.000000e+00  1.807715e+01
     vertex  2.724952e+01  6.000000e+00  1.795370e+01
     vertex  2.724995e+01  6.000000e+00  1.801543e+01
   endloop
 endfacet
 facet normal  0.000000e+00 -1.000000e+00 -0.000000e+00
   outer loop
     vertex  2.724868e+01  6.000000e+00  1.807715e+01
     vertex  2.724741e+01  6.000000e+00  1.789201e+01
     vertex  2.724952e+01  6.000000e+00  1.795370e+01
   endloop
 endfacet
 facet normal  0.000000e+00 -1.000000e+00  0.000000e+00
   outer loop
     vertex  2.724868e+01  6.000000e+00  1.807715e+01
     vertex  2.724360e+01  6.000000e+00  1.783039e+01
     vertex  2.724741e+01  6.000000e+00  1.789201e+01
   endloop
 endfacet
 facet normal  0.000000e+00 -1.000000e+00  0.000000e+00
   outer loop
     vertex  2.724868e+01  6.000000e+00  1.807715e+01
     vertex  2.723810e+01  6.000000e+00  1.776890e+01
     vertex  2.724360e+01  6.000000e+00  1.783039e+01
   endloop
 endfacet
 facet normal  0.000000e+00 -1.000000e+00  0.000000e+00
   outer loop
     vertex  2.512341e+01  6.000000e+00  2.024661e+01
     vertex  2.506173e+01  6.000000e+00  2.024915e+01
     vertex  2.500000e+01  6.000000e+00  2.025000e+01
   endloop
 endfacet
 facet normal  0.000000e+00 -1.000000e+00  0.000000e+00
   outer loop
     vertex  2.524644e+01  6.000000e+00  2.023646e+01
     vertex  2.518499e+01  6.000000e+00  2.024238e+01
     vertex  2.512341e+01  6.000000e+00  2.024661e+01
   endloop
 endfacet
 facet normal -0.000000e+00 -1.000000e+00  0.000000e+00
   outer loop
     vertex  2.524644e+01  6.000000e+00  2.023646e+01
     vertex  2.500000e+01  6.000000e+00  2.025000e+01
     vertex  2.457051e+01  6.000000e+00  2.020863e+01
   endloop
 endfacet
 facet normal  0.000000e+00 -1.000000e+00  0.000000e+00
   outer loop
     vertex  2.524644e+01  6.000000e+00  2.023646e+01
     vertex  2.512341e+01  6.000000e+00  2.024661e+01
     vertex  2.500000e+01  6.000000e+00  2.025000e+01
   endloop
 endfacet
 facet normal  0.000000e+00 -1.000000e+00  0.000000e+00
   outer loop
     vertex  2.722670e+01  6.000000e+00  1.832299e+01
     vertex  2.724106e+01  6.000000e+00  1.820037e+01
     vertex  2.723472e+01  6.000000e+00  1.826178e+01
   endloop
 endfacet
 facet normal  0.000000e+00 -1.000000e+00  0.000000e+00
   outer loop
     vertex  2.722670e+01  6.000000e+00  1.832299e+01
     vertex  2.724571e+01  6.000000e+00  1.813881e+01
     vertex  2.724106e+01  6.000000e+00  1.820037e+01
   endloop
 endfacet
 facet normal  0.000000e+00 -1.000000e+00  0.000000e+00
   outer loop
     vertex  2.722670e+01  6.000000e+00  1.832299e+01
     vertex  2.724868e+01  6.000000e+00  1.807715e+01
     vertex  2.724571e+01  6.000000e+00  1.813881e+01
   endloop
 endfacet
 facet normal  0.000000e+00 -1.000000e+00  0.000000e+00
   outer loop
     vertex  2.536874e+01  6.000000e+00  2.021958e+01
     vertex  2.530770e+01  6.000000e+00  2.022886e+01
     vertex  2.524644e+01  6.000000e+00  2.023646e+01
   endloop
 endfacet
 facet normal  0.000000e+00 -1.000000e+00  0.000000e+00
   outer loop
     vertex  2.720563e+01  6.000000e+00  1.844463e+01
     vertex  2.722670e+01  6.000000e+00  1.832299e+01
     vertex  2.721700e+01  6.000000e+00  1.838395e+01
   endloop
 endfacet
 facet normal  0.000000e+00 -1.000000e+00  0.000000e+00
   outer loop
     vertex  2.720563e+01  6.000000e+00  1.844463e+01
     vertex  2.724868e+01  6.000000e+00  1.807715e+01
     vertex  2.722670e+01  6.000000e+00  1.832299e+01
   endloop
 endfacet
 facet normal  0.000000e+00 -1.000000e+00  0.000000e+00
   outer loop
     vertex  2.548992e+01  6.000000e+00  2.019601e+01
     vertex  2.542949e+01  6.000000e+00  2.020863e+01
     vertex  2.536874e+01  6.000000e+00  2.021958e+01
   endloop
 endfacet
 facet normal  0.000000e+00 -1.000000e+00  0.000000e+00
   outer loop
     vertex  2.548992e+01  6.000000e+00  2.019601e+01
     vertex  2.524644e+01  6.000000e+00  2.023646e+01
     vertex  2.457051e+01  6.000000e+00  2.020863e+01
   endloop
 endfacet
 facet normal  0.000000e+00 -1.000000e+00  0.000000e+00
   outer loop
     vertex  2.548992e+01  6.000000e+00  2.019601e+01
     vertex  2.536874e+01  6.000000e+00  2.021958e+01
     vertex  2.524644e+01  6.000000e+00  2.023646e+01
   endloop
 endfacet
 facet normal  0.000000e+00 -1.000000e+00  0.000000e+00
   outer loop
     vertex  2.719260e+01  6.000000e+00  1.850497e+01
     vertex  2.724868e+01  6.000000e+00  1.807715e+01
     vertex  2.720563e+01  6.000000e+00  1.844463e+01
   endloop
 endfacet
 facet normal  0.000000e+00 -1.000000e+00  0.000000e+00
   outer loop
     vertex  2.716161e+01  6.000000e+00  1.862447e+01
     vertex  2.719260e+01  6.000000e+00  1.850497e+01
     vertex  2.717792e+01  6.000000e+00  1.856493e+01
   endloop
 endfacet
 facet normal  0.000000e+00 -1.000000e+00  0.000000e+00
   outer loop
     vertex  2.578564e+01  6.000000e+00  2.010838e+01
     vertex  2.572750e+01  6.000000e+00  2.012914e+01
     vertex  2.566882e+01  6.000000e+00  2.014830e+01
   endloop
 endfacet
 facet normal  0.000000e+00 -1.000000e+00  0.000000e+00
   outer loop
     vertex  2.710294e+01  6.000000e+00  1.880008e+01
     vertex  2.719260e+01  6.000000e+00  1.850497e+01
     vertex  2.716161e+01  6.000000e+00  1.862447e+01
   endloop
 endfacet
 facet normal  0.000000e+00 -1.000000e+00  0.000000e+00
   outer loop
     vertex  2.710294e+01  6.000000e+00  1.880008e+01
     vertex  2.724868e+01  6.000000e+00  1.807715e+01
     vertex  2.719260e+01  6.000000e+00  1.850497e+01
   endloop
 endfacet
 facet normal  0.000000e+00 -1.000000e+00  0.000000e+00
   outer loop
     vertex  2.710294e+01  6.000000e+00  1.880008e+01
     vertex  2.714366e+01  6.000000e+00  1.868354e+01
     vertex  2.712410e+01  6.000000e+00  1.874209e+01
   endloop
 endfacet
 facet normal  0.000000e+00 -1.000000e+00  0.000000e+00
   outer loop
     vertex  2.710294e+01  6.000000e+00  1.880008e+01
     vertex  2.716161e+01  6.000000e+00  1.862447e+01
     vertex  2.714366e+01  6.000000e+00  1.868354e+01
   endloop
 endfacet
 facet normal  0.000000e+00 -1.000000e+00  0.000000e+00
   outer loop
     vertex  2.584318e+01  6.000000e+00  2.008604e+01
     vertex  2.560963e+01  6.000000e+00  2.016584e+01
     vertex  2.554998e+01  6.000000e+00  2.018175e+01
   endloop
 endfacet
 facet normal  0.000000e+00 -1.000000e+00  0.000000e+00
   outer loop
     vertex  2.584318e+01  6.000000e+00  2.008604e+01
     vertex  2.566882e+01  6.000000e+00  2.014830e+01
     vertex  2.560963e+01  6.000000e+00  2.016584e+01
   endloop
 endfacet
 facet normal  0.000000e+00 -1.000000e+00  0.000000e+00
   outer loop
     vertex  2.584318e+01  6.000000e+00  2.008604e+01
     vertex  2.578564e+01  6.000000e+00  2.010838e+01
     vertex  2.566882e+01  6.000000e+00  2.014830e+01
   endloop
 endfacet
 facet normal  0.000000e+00 -1.000000e+00  0.000000e+00
   outer loop
     vertex  2.705590e+01  6.000000e+00  1.891422e+01
     vertex  2.710294e+01  6.000000e+00  1.880008e+01
     vertex  2.708020e+01  6.000000e+00  1.885747e+01
   endloop
 endfacet
 facet normal  0.000000e+00 -1.000000e+00  0.000000e+00
   outer loop
     vertex  2.595633e+01  6.000000e+00  2.003665e+01
     vertex  2.590009e+01  6.000000e+00  2.006212e+01
     vertex  2.584318e+01  6.000000e+00  2.008604e+01
   endloop
 endfacet
 facet normal  0.000000e+00 -1.000000e+00  0.000000e+00
   outer loop
     vertex  2.595633e+01  6.000000e+00  2.003665e+01
     vertex  2.584318e+01  6.000000e+00  2.008604e+01
     vertex  2.554998e+01  6.000000e+00  2.018175e+01
   endloop
 endfacet
 facet normal  0.000000e+00 -1.000000e+00  0.000000e+00
   outer loop
     vertex  2.703004e+01  6.000000e+00  1.897027e+01
     vertex  2.710294e+01  6.000000e+00  1.880008e+01
     vertex  2.705590e+01  6.000000e+00  1.891422e+01
   endloop
 endfacet
 facet normal  0.000000e+00 -1.000000e+00  0.000000e+00
   outer loop
     vertex  2.601184e+01  6.000000e+00  2.000965e+01
     vertex  2.554998e+01  6.000000e+00  2.018175e+01
     vertex  2.548992e+01  6.000000e+00  2.019601e+01
   endloop
 endfacet
 facet normal  0.000000e+00 -1.000000e+00  0.000000e+00
   outer loop
     vertex  2.601184e+01  6.000000e+00  2.000965e+01
     vertex  2.595633e+01  6.000000e+00  2.003665e+01
     vertex  2.554998e+01  6.000000e+00  2.018175e+01
   endloop
 endfacet
 facet normal  0.000000e+00 -1.000000e+00  0.000000e+00
   outer loop
     vertex  2.694339e+01  6.000000e+00  1.913390e+01
     vertex  2.700266e+01  6.000000e+00  1.902560e+01
     vertex  2.697377e+01  6.000000e+00  1.908016e+01
   endloop
 endfacet
 facet normal  0.000000e+00 -1.000000e+00  0.000000e+00
   outer loop
     vertex  2.617365e+01  6.000000e+00  1.991965e+01
     vertex  2.601184e+01  6.000000e+00  2.000965e+01
     vertex  2.548992e+01  6.000000e+00  2.019601e+01
   endloop
 endfacet
 facet normal  0.000000e+00 -1.000000e+00  0.000000e+00
   outer loop
     vertex  2.617365e+01  6.000000e+00  1.991965e+01
     vertex  2.606659e+01  6.000000e+00  1.998113e+01
     vertex  2.601184e+01  6.000000e+00  2.000965e+01
   endloop
 endfacet
 facet normal  0.000000e+00 -1.000000e+00  0.000000e+00
   outer loop
     vertex  2.617365e+01  6.000000e+00  1.991965e+01
     vertex  2.612054e+01  6.000000e+00  1.995112e+01
     vertex  2.606659e+01  6.000000e+00  1.998113e+01
   endloop
 endfacet
 facet normal  0.000000e+00 -1.000000e+00  0.000000e+00
   outer loop
     vertex  2.691155e+01  6.000000e+00  1.918679e+01
     vertex  2.703004e+01  6.000000e+00  1.897027e+01
     vertex  2.700266e+01  6.000000e+00  1.902560e+01
   endloop
 endfacet
 facet normal  0.000000e+00 -1.000000e+00  0.000000e+00
   outer loop
     vertex  2.691155e+01  6.000000e+00  1.918679e+01
     vertex  2.700266e+01  6.000000e+00  1.902560e+01
     vertex  2.694339e+01  6.000000e+00  1.913390e+01
   endloop
 endfacet
 facet normal  0.000000e+00 -1.000000e+00  0.000000e+00
   outer loop
     vertex  2.687828e+01  6.000000e+00  1.923878e+01
     vertex  2.710294e+01  6.000000e+00  1.880008e+01
     vertex  2.703004e+01  6.000000e+00  1.897027e+01
   endloop
 endfacet
 facet normal  0.000000e+00 -1.000000e+00  0.000000e+00
   outer loop
     vertex  2.687828e+01  6.000000e+00  1.923878e+01
     vertex  2.703004e+01  6.000000e+00  1.897027e+01
     vertex  2.691155e+01  6.000000e+00  1.918679e+01
   endloop
 endfacet
 facet normal  0.000000e+00 -1.000000e+00  0.000000e+00
   outer loop
     vertex  2.627717e+01  6.000000e+00  1.985239e+01
     vertex  2.622587e+01  6.000000e+00  1.988673e+01
     vertex  2.617365e+01  6.000000e+00  1.991965e+01
   endloop
 endfacet
 facet normal  0.000000e+00 -1.000000e+00  0.000000e+00
   outer loop
     vertex  2.637684e+01  6.000000e+00  1.977955e+01
     vertex  2.632751e+01  6.000000e+00  1.981665e+01
     vertex  2.627717e+01  6.000000e+00  1.985239e+01
   endloop
 endfacet
 facet normal  0.000000e+00 -1.000000e+00  0.000000e+00
   outer loop
     vertex  2.677006e+01  6.000000e+00  1.938902e+01
     vertex  2.684358e+01  6.000000e+00  1.928984e+01
     vertex  2.680750e+01  6.000000e+00  1.933994e+01
   endloop
 endfacet
 facet normal  0.000000e+00 -1.000000e+00  0.000000e+00
   outer loop
     vertex  2.677006e+01  6.000000e+00  1.938902e+01
     vertex  2.687828e+01  6.000000e+00  1.923878e+01
     vertex  2.684358e+01  6.000000e+00  1.928984e+01
   endloop
 endfacet
 facet normal  0.000000e+00 -1.000000e+00  0.000000e+00
   outer loop
     vertex  2.642515e+01  6.000000e+00  1.974111e+01
     vertex  2.627717e+01  6.000000e+00  1.985239e+01
     vertex  2.617365e+01  6.000000e+00  1.991965e+01
   endloop
 endfacet
 facet normal  0.000000e+00 -1.000000e+00  0.000000e+00
   outer loop
     vertex  2.642515e+01  6.000000e+00  1.974111e+01
     vertex  2.637684e+01  6.000000e+00  1.977955e+01
     vertex  2.627717e+01  6.000000e+00  1.985239e+01
   endloop
 endfacet
 facet normal  0.000000e+00 -1.000000e+00  0.000000e+00
   outer loop
     vertex  2.647238e+01  6.000000e+00  1.970136e+01
     vertex  2.642515e+01  6.000000e+00  1.974111e+01
     vertex  2.617365e+01  6.000000e+00  1.991965e+01
   endloop
 endfacet
 facet normal  0.000000e+00 -1.000000e+00  0.000000e+00
   outer loop
     vertex  2.651850e+01  6.000000e+00  1.966032e+01
     vertex  2.647238e+01  6.000000e+00  1.970136e+01
     vertex  2.617365e+01  6.000000e+00  1.991965e+01
   endloop
 endfacet
 facet normal  0.000000e+00 -1.000000e+00  0.000000e+00
   outer loop
     vertex  2.664987e+01  6.000000e+00  1.952985e+01
     vertex  2.673129e+01  6.000000e+00  1.943706e+01
     vertex  2.669122e+01  6.000000e+00  1.948401e+01
   endloop
 endfacet
 facet normal  0.000000e+00 -1.000000e+00  0.000000e+00
   outer loop
     vertex  2.664987e+01  6.000000e+00  1.952985e+01
     vertex  2.677006e+01  6.000000e+00  1.938902e+01
     vertex  2.673129e+01  6.000000e+00  1.943706e+01
   endloop
 endfacet
 facet normal  0.000000e+00 -1.000000e+00  0.000000e+00
   outer loop
     vertex  2.664987e+01  6.000000e+00  1.952985e+01
     vertex  2.687828e+01  6.000000e+00  1.923878e+01
     vertex  2.677006e+01  6.000000e+00  1.938902e+01
   endloop
 endfacet
 facet normal  0.000000e+00 -1.000000e+00  0.000000e+00
   outer loop
     vertex  2.656347e+01  6.000000e+00  1.961804e+01
     vertex  2.651850e+01  6.000000e+00  1.966032e+01
     vertex  2.617365e+01  6.000000e+00  1.991965e+01
   endloop
 endfacet
 facet normal -0.000000e+00 -1.000000e+00 -0.000000e+00
   outer loop
     vertex  2.660728e+01  6.000000e+00  1.957454e+01
     vertex  2.352762e+01  6.000000e+00  1.970136e+01
     vertex  2.711372e+01  6.000000e+00  1.722884e+01
   endloop
 endfacet
 facet normal  0.000000e+00 -1.000000e+00  0.000000e+00
   outer loop
     vertex  2.660728e+01  6.000000e+00  1.957454e+01
     vertex  2.724868e+01  6.000000e+00  1.807715e+01
     vertex  2.710294e+01  6.000000e+00  1.880008e+01
   endloop
 endfacet
 facet normal  0.000000e+00 -1.000000e+00  0.000000e+00
   outer loop
     vertex  2.660728e+01  6.000000e+00  1.957454e+01
     vertex  2.710294e+01  6.000000e+00  1.880008e+01
     vertex  2.687828e+01  6.000000e+00  1.923878e+01
   endloop
 endfacet
 facet normal  0.000000e+00 -1.000000e+00  0.000000e+00
   outer loop
     vertex  2.660728e+01  6.000000e+00  1.957454e+01
     vertex  2.457051e+01  6.000000e+00  2.020863e+01
     vertex  2.352762e+01  6.000000e+00  1.970136e+01
   endloop
 endfacet
 facet normal  0.000000e+00 -1.000000e+00  0.000000e+00
   outer loop
     vertex  2.660728e+01  6.000000e+00  1.957454e+01
     vertex  2.617365e+01  6.000000e+00  1.991965e+01
     vertex  2.548992e+01  6.000000e+00  2.019601e+01
   endloop
 endfacet
 facet normal  0.000000e+00 -1.000000e+00  0.000000e+00
   outer loop
     vertex  2.660728e+01  6.000000e+00  1.957454e+01
     vertex  2.711372e+01  6.000000e+00  1.722884e+01
     vertex  2.723810e+01  6.000000e+00  1.776890e+01
   endloop
 endfacet
 facet normal  0.000000e+00 -1.000000e+00  0.000000e+00
   outer loop
     vertex  2.660728e+01  6.000000e+00  1.957454e+01
     vertex  2.656347e+01  6.000000e+00  1.961804e+01
     vertex  2.617365e+01  6.000000e+00  1.991965e+01
   endloop
 endfacet
 facet normal  0.000000e+00 -1.000000e+00  0.000000e+00
   outer loop
     vertex  2.660728e+01  6.000000e+00  1.957454e+01
     vertex  2.723810e+01  6.000000e+00  1.776890e+01
     vertex  2.724868e+01  6.000000e+00  1.807715e+01
   endloop
 endfacet
 facet normal  0.000000e+00 -1.000000e+00  0.000000e+00
   outer loop
     vertex  2.660728e+01  6.000000e+00  1.957454e+01
     vertex  2.687828e+01  6.000000e+00  1.923878e+01
     vertex  2.664987e+01  6.000000e+00  1.952985e+01
   endloop
 endfacet
 facet normal  0.000000e+00 -1.000000e+00  0.000000e+00
   outer loop
     vertex  2.660728e+01  6.000000e+00  1.957454e+01
     vertex  2.548992e+01  6.000000e+00  2.019601e+01
     vertex  2.457051e+01  6.000000e+00  2.020863e+01
   endloop
 endfacet
 facet normal  0.000000e+00  1.000000e+00  0.000000e+00
   outer loop
     vertex  1.564770e+01  8.500000e+01  1.979827e+01
     vertex  1.555110e+01  8.500000e+01  1.972139e+01
     vertex  1.559887e+01  8.500000e+01  1.976049e+01
   endloop
 endfacet
 facet normal  0.000000e+00  1.000000e+00  0.000000e+00
   outer loop
     vertex  1.564770e+01  8.500000e+01  1.979827e+01
     vertex  1.550442e+01  8.500000e+01  1.968100e+01
     vertex  1.555110e+01  8.500000e+01  1.972139e+01
   endloop
 endfacet
 facet normal  0.000000e+00  1.000000e+00  0.000000e+00
   outer loop
     vertex  1.564770e+01  8.500000e+01  1.979827e+01
     vertex  1.545887e+01  8.500000e+01  1.963933e+01
     vertex  1.550442e+01  8.500000e+01  1.968100e+01
   endloop
 endfacet
 facet normal  0.000000e+00  1.000000e+00  0.000000e+00
   outer loop
     vertex  1.564770e+01  8.500000e+01  1.979827e+01
     vertex  1.541448e+01  8.500000e+01  1.959644e+01
     vertex  1.545887e+01  8.500000e+01  1.963933e+01
   endloop
 endfacet
 facet normal  0.000000e+00  1.000000e+00  0.000000e+00
   outer loop
     vertex  1.564770e+01  8.500000e+01  1.979827e+01
     vertex  1.537128e+01  8.500000e+01  1.955234e+01
     vertex  1.541448e+01  8.500000e+01  1.959644e+01
   endloop
 endfacet
 facet normal  0.000000e+00  1.000000e+00  0.000000e+00
   outer loop
     vertex  1.564770e+01  8.500000e+01  1.979827e+01
     vertex  1.532930e+01  8.500000e+01  1.950707e+01
     vertex  1.537128e+01  8.500000e+01  1.955234e+01
   endloop
 endfacet
 facet normal  0.000000e+00  1.000000e+00  0.000000e+00
   outer loop
     vertex  1.513890e+01  8.500000e+01  1.926443e+01
     vertex  1.521105e+01  8.500000e+01  1.936461e+01
     vertex  1.524916e+01  8.500000e+01  1.941317e+01
   endloop
 endfacet
 facet normal  0.000000e+00  1.000000e+00  0.000000e+00
   outer loop
     vertex  1.513890e+01  8.500000e+01  1.926443e+01
     vertex  1.517428e+01  8.500000e+01  1.931501e+01
     vertex  1.521105e+01  8.500000e+01  1.936461e+01
   endloop
 endfacet
 facet normal  0.000000e+00  1.000000e+00  0.000000e+00
   outer loop
     vertex  1.510491e+01  8.500000e+01  1.921290e+01
     vertex  1.524916e+01  8.500000e+01  1.941317e+01
     vertex  1.528859e+01  8.500000e+01  1.946067e+01
   endloop
 endfacet
 facet normal  0.000000e+00  1.000000e+00  0.000000e+00
   outer loop
     vertex  1.510491e+01  8.500000e+01  1.921290e+01
     vertex  1.513890e+01  8.500000e+01  1.926443e+01
     vertex  1.524916e+01  8.500000e+01  1.941317e+01
   endloop
 endfacet
 facet normal  0.000000e+00  1.000000e+00  0.000000e+00
   outer loop
     vertex  1.507235e+01  8.500000e+01  1.916045e+01
     vertex  1.528859e+01  8.500000e+01  1.946067e+01
     vertex  1.532930e+01  8.500000e+01  1.950707e+01
   endloop
 endfacet
 facet normal  0.000000e+00  1.000000e+00  0.000000e+00
   outer loop
     vertex  1.507235e+01  8.500000e+01  1.916045e+01
     vertex  1.510491e+01  8.500000e+01  1.921290e+01
     vertex  1.528859e+01  8.500000e+01  1.946067e+01
   endloop
 endfacet
 facet normal  0.000000e+00  1.000000e+00  0.000000e+00
   outer loop
     vertex  1.590633e+01  8.500000e+01  1.996631e+01
     vertex  1.580013e+01  8.500000e+01  1.990337e+01
     vertex  1.585280e+01  8.500000e+01  1.993557e+01
   endloop
 endfacet
 facet normal  0.000000e+00  1.000000e+00  0.000000e+00
   outer loop
     vertex  1.590633e+01  8.500000e+01  1.996631e+01
     vertex  1.574836e+01  8.500000e+01  1.986973e+01
     vertex  1.580013e+01  8.500000e+01  1.990337e+01
   endloop
 endfacet
 facet normal  0.000000e+00  1.000000e+00  0.000000e+00
   outer loop
     vertex  1.501160e+01  8.500000e+01  1.905298e+01
     vertex  1.504124e+01  8.500000e+01  1.910713e+01
     vertex  1.507235e+01  8.500000e+01  1.916045e+01
   endloop
 endfacet
 facet normal  0.000000e+00  1.000000e+00  0.000000e+00
   outer loop
     vertex  1.601582e+01  8.500000e+01  2.002334e+01
     vertex  1.590633e+01  8.500000e+01  1.996631e+01
     vertex  1.596069e+01  8.500000e+01  1.999558e+01
   endloop
 endfacet
 facet normal  0.000000e+00  1.000000e+00  0.000000e+00
   outer loop
     vertex  1.607170e+01  8.500000e+01  2.004958e+01
     vertex  1.590633e+01  8.500000e+01  1.996631e+01
     vertex  1.601582e+01  8.500000e+01  2.002334e+01
   endloop
 endfacet
 facet normal  0.000000e+00  1.000000e+00  0.000000e+00
   outer loop
     vertex  1.490823e+01  8.500000e+01  1.882885e+01
     vertex  1.498346e+01  8.500000e+01  1.899803e+01
     vertex  1.501160e+01  8.500000e+01  1.905298e+01
   endloop
 endfacet
 facet normal  0.000000e+00  1.000000e+00  0.000000e+00
   outer loop
     vertex  1.490823e+01  8.500000e+01  1.882885e+01
     vertex  1.495684e+01  8.500000e+01  1.894233e+01
     vertex  1.498346e+01  8.500000e+01  1.899803e+01
   endloop
 endfacet
 facet normal  0.000000e+00  1.000000e+00  0.000000e+00
   outer loop
     vertex  1.490823e+01  8.500000e+01  1.882885e+01
     vertex  1.493176e+01  8.500000e+01  1.888593e+01
     vertex  1.495684e+01  8.500000e+01  1.894233e+01
   endloop
 endfacet
 facet normal  0.000000e+00  1.000000e+00  0.000000e+00
   outer loop
     vertex  1.618551e+01  8.500000e+01  2.009741e+01
     vertex  1.607170e+01  8.500000e+01  2.004958e+01
     vertex  1.612828e+01  8.500000e+01  2.007427e+01
   endloop
 endfacet
 facet normal  0.000000e+00  1.000000e+00  0.000000e+00
   outer loop
     vertex  1.618551e+01  8.500000e+01  2.009741e+01
     vertex  1.569754e+01  8.500000e+01  1.983469e+01
     vertex  1.574836e+01  8.500000e+01  1.986973e+01
   endloop
 endfacet
 facet normal  0.000000e+00  1.000000e+00  0.000000e+00
   outer loop
     vertex  1.618551e+01  8.500000e+01  2.009741e+01
     vertex  1.564770e+01  8.500000e+01  1.979827e+01
     vertex  1.569754e+01  8.500000e+01  1.983469e+01
   endloop
 endfacet
 facet normal  0.000000e+00  1.000000e+00  0.000000e+00
   outer loop
     vertex  1.618551e+01  8.500000e+01  2.009741e+01
     vertex  1.574836e+01  8.500000e+01  1.986973e+01
     vertex  1.590633e+01  8.500000e+01  1.996631e+01
   endloop
 endfacet
 facet normal  0.000000e+00  1.000000e+00  0.000000e+00
   outer loop
     vertex  1.618551e+01  8.500000e+01  2.009741e+01
     vertex  1.590633e+01  8.500000e+01  1.996631e+01
     vertex  1.607170e+01  8.500000e+01  2.004958e+01
   endloop
 endfacet
 facet normal  0.000000e+00  1.000000e+00  0.000000e+00
   outer loop
     vertex  1.636072e+01  8.500000e+01  2.015727e+01
     vertex  1.624336e+01  8.500000e+01  2.011896e+01
     vertex  1.630178e+01  8.500000e+01  2.013892e+01
   endloop
 endfacet
 facet normal  0.000000e+00  1.000000e+00  0.000000e+00
   outer loop
     vertex  1.636072e+01  8.500000e+01  2.015727e+01
     vertex  1.618551e+01  8.500000e+01  2.009741e+01
     vertex  1.624336e+01  8.500000e+01  2.011896e+01
   endloop
 endfacet
 facet normal  0.000000e+00  1.000000e+00  0.000000e+00
   outer loop
     vertex  1.483003e+01  8.500000e+01  1.859476e+01
     vertex  1.486592e+01  8.500000e+01  1.871288e+01
     vertex  1.488628e+01  8.500000e+01  1.877116e+01
   endloop
 endfacet
 facet normal  0.000000e+00  1.000000e+00  0.000000e+00
   outer loop
     vertex  1.483003e+01  8.500000e+01  1.859476e+01
     vertex  1.484716e+01  8.500000e+01  1.865406e+01
     vertex  1.486592e+01  8.500000e+01  1.871288e+01
   endloop
 endfacet
 facet normal  0.000000e+00  1.000000e+00  0.000000e+00
   outer loop
     vertex  1.648000e+01  8.500000e+01  2.018909e+01
     vertex  1.618551e+01  8.500000e+01  2.009741e+01
     vertex  1.636072e+01  8.500000e+01  2.015727e+01
   endloop
 endfacet
 facet normal  0.000000e+00  1.000000e+00  0.000000e+00
   outer loop
     vertex  1.648000e+01  8.500000e+01  2.018909e+01
     vertex  1.636072e+01  8.500000e+01  2.015727e+01
     vertex  1.642014e+01  8.500000e+01  2.017400e+01
   endloop
 endfacet
 facet normal  0.000000e+00  1.000000e+00  0.000000e+00
   outer loop
     vertex  1.478848e+01  8.500000e+01  1.841433e+01
     vertex  1.481453e+01  8.500000e+01  1.853500e+01
     vertex  1.483003e+01  8.500000e+01  1.859476e+01
   endloop
 endfacet
 facet normal  0.000000e+00  1.000000e+00  0.000000e+00
   outer loop
     vertex  1.478848e+01  8.500000e+01  1.841433e+01
     vertex  1.480068e+01  8.500000e+01  1.847484e+01
     vertex  1.481453e+01  8.500000e+01  1.853500e+01
   endloop
 endfacet
 facet normal  0.000000e+00  1.000000e+00  0.000000e+00
   outer loop
     vertex  1.660085e+01  8.500000e+01  2.021431e+01
     vertex  1.648000e+01  8.500000e+01  2.018909e+01
     vertex  1.654025e+01  8.500000e+01  2.020253e+01
   endloop
 endfacet
 facet normal  0.000000e+00  1.000000e+00  0.000000e+00
   outer loop
     vertex  1.477794e+01  8.500000e+01  1.835350e+01
     vertex  1.478848e+01  8.500000e+01  1.841433e+01
     vertex  1.483003e+01  8.500000e+01  1.859476e+01
   endloop
 endfacet
 facet normal  0.000000e+00  1.000000e+00  0.000000e+00
   outer loop
     vertex  1.477794e+01  8.500000e+01  1.835350e+01
     vertex  1.488628e+01  8.500000e+01  1.877116e+01
     vertex  1.490823e+01  8.500000e+01  1.882885e+01
   endloop
 endfacet
 facet normal  0.000000e+00  1.000000e+00  0.000000e+00
   outer loop
     vertex  1.477794e+01  8.500000e+01  1.835350e+01
     vertex  1.483003e+01  8.500000e+01  1.859476e+01
     vertex  1.488628e+01  8.500000e+01  1.877116e+01
   endloop
 endfacet
 facet normal  0.000000e+00  1.000000e+00  0.000000e+00
   outer loop
     vertex  1.476908e+01  8.500000e+01  1.829241e+01
     vertex  1.477794e+01  8.500000e+01  1.835350e+01
     vertex  1.490823e+01  8.500000e+01  1.882885e+01
   endloop
 endfacet
 facet normal  0.000000e+00  1.000000e+00  0.000000e+00
   outer loop
     vertex  1.475640e+01  8.500000e+01  1.816961e+01
     vertex  1.476908e+01  8.500000e+01  1.829241e+01
     vertex  1.490823e+01  8.500000e+01  1.882885e+01
   endloop
 endfacet
 facet normal  0.000000e+00  1.000000e+00  0.000000e+00
   outer loop
     vertex  1.475640e+01  8.500000e+01  1.816961e+01
     vertex  1.476190e+01  8.500000e+01  1.823110e+01
     vertex  1.476908e+01  8.500000e+01  1.829241e+01
   endloop
 endfacet
 facet normal  0.000000e+00  1.000000e+00  0.000000e+00
   outer loop
     vertex  1.690742e+01  8.500000e+01  2.024809e+01
     vertex  1.678426e+01  8.500000e+01  2.023963e+01
     vertex  1.684579e+01  8.500000e+01  2.024471e+01
   endloop
 endfacet
 facet normal  0.000000e+00  1.000000e+00  0.000000e+00
   outer loop
     vertex  1.690742e+01  8.500000e+01  2.024809e+01
     vertex  1.672290e+01  8.500000e+01  2.023287e+01
     vertex  1.678426e+01  8.500000e+01  2.023963e+01
   endloop
 endfacet
 facet normal  0.000000e+00  1.000000e+00  0.000000e+00
   outer loop
     vertex  1.690742e+01  8.500000e+01  2.024809e+01
     vertex  1.666175e+01  8.500000e+01  2.022443e+01
     vertex  1.672290e+01  8.500000e+01  2.023287e+01
   endloop
 endfacet
 facet normal  0.000000e+00  1.000000e+00  0.000000e+00
   outer loop
     vertex  1.475005e+01  8.500000e+01  1.798457e+01
     vertex  1.475048e+01  8.500000e+01  1.804630e+01
     vertex  1.475259e+01  8.500000e+01  1.810799e+01
   endloop
 endfacet
 facet normal  0.000000e+00  1.000000e+00  0.000000e+00
   outer loop
     vertex  1.703087e+01  8.500000e+01  2.024979e+01
     vertex  1.690742e+01  8.500000e+01  2.024809e+01
     vertex  1.696913e+01  8.500000e+01  2.024979e+01
   endloop
 endfacet
 facet normal  0.000000e+00  1.000000e+00  0.000000e+00
   outer loop
     vertex  1.475429e+01  8.500000e+01  1.786119e+01
     vertex  1.475005e+01  8.500000e+01  1.798457e+01
     vertex  1.475259e+01  8.500000e+01  1.810799e+01
   endloop
 endfacet
 facet normal  0.000000e+00  1.000000e+00 -0.000000e+00
   outer loop
     vertex  1.475429e+01  8.500000e+01  1.786119e+01
     vertex  1.475259e+01  8.500000e+01  1.810799e+01
     vertex  1.475640e+01  8.500000e+01  1.816961e+01
   endloop
 endfacet
 facet normal  0.000000e+00  1.000000e+00  0.000000e+00
   outer loop
     vertex  1.475429e+01  8.500000e+01  1.786119e+01
     vertex  1.475132e+01  8.500000e+01  1.792285e+01
     vertex  1.475005e+01  8.500000e+01  1.798457e+01
   endloop
 endfacet
 facet normal  0.000000e+00  1.000000e+00  0.000000e+00
   outer loop
     vertex  1.715421e+01  8.500000e+01  2.024471e+01
     vertex  1.703087e+01  8.500000e+01  2.024979e+01
     vertex  1.709258e+01  8.500000e+01  2.024809e+01
   endloop
 endfacet
 facet normal  0.000000e+00  1.000000e+00  0.000000e+00
   outer loop
     vertex  1.476528e+01  8.500000e+01  1.773822e+01
     vertex  1.475894e+01  8.500000e+01  1.779963e+01
     vertex  1.475429e+01  8.500000e+01  1.786119e+01
   endloop
 endfacet
 facet normal  0.000000e+00  1.000000e+00  0.000000e+00
   outer loop
     vertex  1.477330e+01  8.500000e+01  1.767701e+01
     vertex  1.476528e+01  8.500000e+01  1.773822e+01
     vertex  1.475429e+01  8.500000e+01  1.786119e+01
   endloop
 endfacet
 facet normal  0.000000e+00  1.000000e+00  0.000000e+00
   outer loop
     vertex  1.739915e+01  8.500000e+01  2.021431e+01
     vertex  1.727710e+01  8.500000e+01  2.023287e+01
     vertex  1.733825e+01  8.500000e+01  2.022443e+01
   endloop
 endfacet
 facet normal  0.000000e+00  1.000000e+00  0.000000e+00
   outer loop
     vertex  1.479437e+01  8.500000e+01  1.755537e+01
     vertex  1.478300e+01  8.500000e+01  1.761605e+01
     vertex  1.477330e+01  8.500000e+01  1.767701e+01
   endloop
 endfacet
 facet normal  0.000000e+00  1.000000e+00  0.000000e+00
   outer loop
     vertex  1.752000e+01  8.500000e+01  2.018909e+01
     vertex  1.739915e+01  8.500000e+01  2.021431e+01
     vertex  1.745975e+01  8.500000e+01  2.020253e+01
   endloop
 endfacet
 facet normal  0.000000e+00  1.000000e+00  0.000000e+00
   outer loop
     vertex  1.752000e+01  8.500000e+01  2.018909e+01
     vertex  1.721574e+01  8.500000e+01  2.023963e+01
     vertex  1.727710e+01  8.500000e+01  2.023287e+01
   endloop
 endfacet
 facet normal  0.000000e+00  1.000000e+00  0.000000e+00
   outer loop
     vertex  1.752000e+01  8.500000e+01  2.018909e+01
     vertex  1.727710e+01  8.500000e+01  2.023287e+01
     vertex  1.739915e+01  8.500000e+01  2.021431e+01
   endloop
 endfacet
 facet normal  0.000000e+00  1.000000e+00  0.000000e+00
   outer loop
     vertex  1.483839e+01  8.500000e+01  1.737553e+01
     vertex  1.479437e+01  8.500000e+01  1.755537e+01
     vertex  1.477330e+01  8.500000e+01  1.767701e+01
   endloop
 endfacet
 facet normal  0.000000e+00  1.000000e+00  0.000000e+00
   outer loop
     vertex  1.483839e+01  8.500000e+01  1.737553e+01
     vertex  1.480740e+01  8.500000e+01  1.749503e+01
     vertex  1.479437e+01  8.500000e+01  1.755537e+01
   endloop
 endfacet
 facet normal  0.000000e+00  1.000000e+00  0.000000e+00
   outer loop
     vertex  1.483839e+01  8.500000e+01  1.737553e+01
     vertex  1.482208e+01  8.500000e+01  1.743507e+01
     vertex  1.480740e+01  8.500000e+01  1.749503e+01
   endloop
 endfacet
 facet normal  0.000000e+00  1.000000e+00  0.000000e+00
   outer loop
     vertex  1.763928e+01  8.500000e+01  2.015727e+01
     vertex  1.752000e+01  8.500000e+01  2.018909e+01
     vertex  1.757986e+01  8.500000e+01  2.017400e+01
   endloop
 endfacet
 facet normal  0.000000e+00  1.000000e+00  0.000000e+00
   outer loop
     vertex  1.763928e+01  8.500000e+01  2.015727e+01
     vertex  1.715421e+01  8.500000e+01  2.024471e+01
     vertex  1.721574e+01  8.500000e+01  2.023963e+01
   endloop
 endfacet
 facet normal  0.000000e+00  1.000000e+00  0.000000e+00
   outer loop
     vertex  1.763928e+01  8.500000e+01  2.015727e+01
     vertex  1.721574e+01  8.500000e+01  2.023963e+01
     vertex  1.752000e+01  8.500000e+01  2.018909e+01
   endloop
 endfacet
 facet normal  0.000000e+00  1.000000e+00  0.000000e+00
   outer loop
     vertex  1.487590e+01  8.500000e+01  1.725791e+01
     vertex  1.485634e+01  8.500000e+01  1.731646e+01
     vertex  1.483839e+01  8.500000e+01  1.737553e+01
   endloop
 endfacet
 facet normal  0.000000e+00  1.000000e+00  0.000000e+00
   outer loop
     vertex  1.775664e+01  8.500000e+01  2.011896e+01
     vertex  1.763928e+01  8.500000e+01  2.015727e+01
     vertex  1.769822e+01  8.500000e+01  2.013892e+01
   endloop
 endfacet
 facet normal  0.000000e+00  1.000000e+00  0.000000e+00
   outer loop
     vertex  1.781449e+01  8.500000e+01  2.009741e+01
     vertex  1.763928e+01  8.500000e+01  2.015727e+01
     vertex  1.775664e+01  8.500000e+01  2.011896e+01
   endloop
 endfacet
 facet normal  0.000000e+00  1.000000e+00  0.000000e+00
   outer loop
     vertex  1.491980e+01  8.500000e+01  1.714253e+01
     vertex  1.483839e+01  8.500000e+01  1.737553e+01
     vertex  1.477330e+01  8.500000e+01  1.767701e+01
   endloop
 endfacet
 facet normal  0.000000e+00  1.000000e+00  0.000000e+00
   outer loop
     vertex  1.491980e+01  8.500000e+01  1.714253e+01
     vertex  1.489706e+01  8.500000e+01  1.719992e+01
     vertex  1.487590e+01  8.500000e+01  1.725791e+01
   endloop
 endfacet
 facet normal  0.000000e+00  1.000000e+00  0.000000e+00
   outer loop
     vertex  1.491980e+01  8.500000e+01  1.714253e+01
     vertex  1.487590e+01  8.500000e+01  1.725791e+01
     vertex  1.483839e+01  8.500000e+01  1.737553e+01
   endloop
 endfacet
 facet normal  0.000000e+00  1.000000e+00  0.000000e+00
   outer loop
     vertex  1.494410e+01  8.500000e+01  1.708578e+01
     vertex  1.491980e+01  8.500000e+01  1.714253e+01
     vertex  1.477330e+01  8.500000e+01  1.767701e+01
   endloop
 endfacet
 facet normal  0.000000e+00  1.000000e+00  0.000000e+00
   outer loop
     vertex  1.792830e+01  8.500000e+01  2.004958e+01
     vertex  1.781449e+01  8.500000e+01  2.009741e+01
     vertex  1.787172e+01  8.500000e+01  2.007427e+01
   endloop
 endfacet
 facet normal  0.000000e+00  1.000000e+00  0.000000e+00
   outer loop
     vertex  1.792830e+01  8.500000e+01  2.004958e+01
     vertex  1.763928e+01  8.500000e+01  2.015727e+01
     vertex  1.781449e+01  8.500000e+01  2.009741e+01
   endloop
 endfacet
 facet normal  0.000000e+00  1.000000e+00  0.000000e+00
   outer loop
     vertex  1.499734e+01  8.500000e+01  1.697440e+01
     vertex  1.496996e+01  8.500000e+01  1.702973e+01
     vertex  1.494410e+01  8.500000e+01  1.708578e+01
   endloop
 endfacet
 facet normal  0.000000e+00  1.000000e+00  0.000000e+00
   outer loop
     vertex  1.803931e+01  8.500000e+01  1.999558e+01
     vertex  1.763928e+01  8.500000e+01  2.015727e+01
     vertex  1.792830e+01  8.500000e+01  2.004958e+01
   endloop
 endfacet
 facet normal  0.000000e+00  1.000000e+00  0.000000e+00
   outer loop
     vertex  1.803931e+01  8.500000e+01  1.999558e+01
     vertex  1.792830e+01  8.500000e+01  2.004958e+01
     vertex  1.798418e+01  8.500000e+01  2.002334e+01
   endloop
 endfacet
 facet normal  0.000000e+00  1.000000e+00  0.000000e+00
   outer loop
     vertex  1.505661e+01  8.500000e+01  1.686610e+01
     vertex  1.499734e+01  8.500000e+01  1.697440e+01
     vertex  1.494410e+01  8.500000e+01  1.708578e+01
   endloop
 endfacet
 facet normal  0.000000e+00  1.000000e+00  0.000000e+00
   outer loop
     vertex  1.505661e+01  8.500000e+01  1.686610e+01
     vertex  1.502623e+01  8.500000e+01  1.691984e+01
     vertex  1.499734e+01  8.500000e+01  1.697440e+01
   endloop
 endfacet
 facet normal  0.000000e+00  1.000000e+00  0.000000e+00
   outer loop
     vertex  1.814720e+01  8.500000e+01  1.993557e+01
     vertex  1.763928e+01  8.500000e+01  2.015727e+01
     vertex  1.803931e+01  8.500000e+01  1.999558e+01
   endloop
 endfacet
 facet normal  0.000000e+00  1.000000e+00  0.000000e+00
   outer loop
     vertex  1.814720e+01  8.500000e+01  1.993557e+01
     vertex  1.803931e+01  8.500000e+01  1.999558e+01
     vertex  1.809367e+01  8.500000e+01  1.996631e+01
   endloop
 endfacet
 facet normal  0.000000e+00  1.000000e+00  0.000000e+00
   outer loop
     vertex  1.512172e+01  8.500000e+01  1.676122e+01
     vertex  1.505661e+01  8.500000e+01  1.686610e+01
     vertex  1.494410e+01  8.500000e+01  1.708578e+01
   endloop
 endfacet
 facet normal  0.000000e+00  1.000000e+00  0.000000e+00
   outer loop
     vertex  1.512172e+01  8.500000e+01  1.676122e+01
     vertex  1.508845e+01  8.500000e+01  1.681321e+01
     vertex  1.505661e+01  8.500000e+01  1.686610e+01
   endloop
 endfacet
 facet normal  0.000000e+00  1.000000e+00  0.000000e+00
   outer loop
     vertex  1.825164e+01  8.500000e+01  1.986973e+01
     vertex  1.814720e+01  8.500000e+01  1.993557e+01
     vertex  1.819987e+01  8.500000e+01  1.990337e+01
   endloop
 endfacet
 facet normal  0.000000e+00  1.000000e+00  0.000000e+00
   outer loop
     vertex  1.830246e+01  8.500000e+01  1.983469e+01
     vertex  1.814720e+01  8.500000e+01  1.993557e+01
     vertex  1.825164e+01  8.500000e+01  1.986973e+01
   endloop
 endfacet
 facet normal  0.000000e+00  1.000000e+00  0.000000e+00
   outer loop
     vertex  1.840113e+01  8.500000e+01  1.976049e+01
     vertex  1.648000e+01  8.500000e+01  2.018909e+01
     vertex  1.660085e+01  8.500000e+01  2.021431e+01
   endloop
 endfacet
 facet normal  0.000000e+00  1.000000e+00  0.000000e+00
   outer loop
     vertex  1.840113e+01  8.500000e+01  1.976049e+01
     vertex  1.666175e+01  8.500000e+01  2.022443e+01
     vertex  1.690742e+01  8.500000e+01  2.024809e+01
   endloop
 endfacet
 facet normal  0.000000e+00  1.000000e+00  0.000000e+00
   outer loop
     vertex  1.840113e+01  8.500000e+01  1.976049e+01
     vertex  1.763928e+01  8.500000e+01  2.015727e+01
     vertex  1.814720e+01  8.500000e+01  1.993557e+01
   endloop
 endfacet
 facet normal  0.000000e+00  1.000000e+00  0.000000e+00
   outer loop
     vertex  1.840113e+01  8.500000e+01  1.976049e+01
     vertex  1.660085e+01  8.500000e+01  2.021431e+01
     vertex  1.666175e+01  8.500000e+01  2.022443e+01
   endloop
 endfacet
 facet normal  0.000000e+00  1.000000e+00  0.000000e+00
   outer loop
     vertex  1.840113e+01  8.500000e+01  1.976049e+01
     vertex  1.814720e+01  8.500000e+01  1.993557e+01
     vertex  1.830246e+01  8.500000e+01  1.983469e+01
   endloop
 endfacet
 facet normal  0.000000e+00  1.000000e+00  0.000000e+00
   outer loop
     vertex  1.840113e+01  8.500000e+01  1.976049e+01
     vertex  1.690742e+01  8.500000e+01  2.024809e+01
     vertex  1.703087e+01  8.500000e+01  2.024979e+01
   endloop
 endfacet
 facet normal  0.000000e+00  1.000000e+00  0.000000e+00
   outer loop
     vertex  1.840113e+01  8.500000e+01  1.976049e+01
     vertex  1.703087e+01  8.500000e+01  2.024979e+01
     vertex  1.715421e+01  8.500000e+01  2.024471e+01
   endloop
 endfacet
 facet normal  0.000000e+00  1.000000e+00  0.000000e+00
   outer loop
     vertex  1.840113e+01  8.500000e+01  1.976049e+01
     vertex  1.715421e+01  8.500000e+01  2.024471e+01
     vertex  1.763928e+01  8.500000e+01  2.015727e+01
   endloop
 endfacet
 facet normal  0.000000e+00  1.000000e+00  0.000000e+00
   outer loop
     vertex  1.840113e+01  8.500000e+01  1.976049e+01
     vertex  1.830246e+01  8.500000e+01  1.983469e+01
     vertex  1.835230e+01  8.500000e+01  1.979827e+01
   endloop
 endfacet
 facet normal  0.000000e+00  1.000000e+00  0.000000e+00
   outer loop
     vertex  1.530878e+01  8.500000e+01  1.651599e+01
     vertex  1.512172e+01  8.500000e+01  1.676122e+01
     vertex  1.494410e+01  8.500000e+01  1.708578e+01
   endloop
 endfacet
 facet normal  0.000000e+00  1.000000e+00  0.000000e+00
   outer loop
     vertex  1.530878e+01  8.500000e+01  1.651599e+01
     vertex  1.515642e+01  8.500000e+01  1.671016e+01
     vertex  1.512172e+01  8.500000e+01  1.676122e+01
   endloop
 endfacet
 facet normal  0.000000e+00  1.000000e+00  0.000000e+00
   outer loop
     vertex  1.530878e+01  8.500000e+01  1.651599e+01
     vertex  1.519250e+01  8.500000e+01  1.666006e+01
     vertex  1.515642e+01  8.500000e+01  1.671016e+01
   endloop
 endfacet
 facet normal  0.000000e+00  1.000000e+00  0.000000e+00
   outer loop
     vertex  1.530878e+01  8.500000e+01  1.651599e+01
     vertex  1.522994e+01  8.500000e+01  1.661098e+01
     vertex  1.519250e+01  8.500000e+01  1.666006e+01
   endloop
 endfacet
 facet normal  0.000000e+00  1.000000e+00  0.000000e+00
   outer loop
     vertex  1.530878e+01  8.500000e+01  1.651599e+01
     vertex  1.526871e+01  8.500000e+01  1.656294e+01
     vertex  1.522994e+01  8.500000e+01  1.661098e+01
   endloop
 endfacet
 facet normal  0.000000e+00  1.000000e+00  0.000000e+00
   outer loop
     vertex  1.849558e+01  8.500000e+01  1.968100e+01
     vertex  1.840113e+01  8.500000e+01  1.976049e+01
     vertex  1.844890e+01  8.500000e+01  1.972139e+01
   endloop
 endfacet
 facet normal  0.000000e+00  1.000000e+00  0.000000e+00
   outer loop
     vertex  1.854113e+01  8.500000e+01  1.963933e+01
     vertex  1.840113e+01  8.500000e+01  1.976049e+01
     vertex  1.849558e+01  8.500000e+01  1.968100e+01
   endloop
 endfacet
 facet normal  0.000000e+00  1.000000e+00  0.000000e+00
   outer loop
     vertex  1.539272e+01  8.500000e+01  1.642546e+01
     vertex  1.475640e+01  8.500000e+01  1.816961e+01
     vertex  1.490823e+01  8.500000e+01  1.882885e+01
   endloop
 endfacet
 facet normal  0.000000e+00  1.000000e+00  0.000000e+00
   outer loop
     vertex  1.539272e+01  8.500000e+01  1.642546e+01
     vertex  1.475429e+01  8.500000e+01  1.786119e+01
     vertex  1.475640e+01  8.500000e+01  1.816961e+01
   endloop
 endfacet
 facet normal  0.000000e+00  1.000000e+00  0.000000e+00
   outer loop
     vertex  1.539272e+01  8.500000e+01  1.642546e+01
     vertex  1.477330e+01  8.500000e+01  1.767701e+01
     vertex  1.475429e+01  8.500000e+01  1.786119e+01
   endloop
 endfacet
 facet normal  0.000000e+00  1.000000e+00  0.000000e+00
   outer loop
     vertex  1.539272e+01  8.500000e+01  1.642546e+01
     vertex  1.501160e+01  8.500000e+01  1.905298e+01
     vertex  1.507235e+01  8.500000e+01  1.916045e+01
   endloop
 endfacet
 facet normal  0.000000e+00  1.000000e+00  0.000000e+00
   outer loop
     vertex  1.539272e+01  8.500000e+01  1.642546e+01
     vertex  1.490823e+01  8.500000e+01  1.882885e+01
     vertex  1.501160e+01  8.500000e+01  1.905298e+01
   endloop
 endfacet
 facet normal  0.000000e+00  1.000000e+00  0.000000e+00
   outer loop
     vertex  1.539272e+01  8.500000e+01  1.642546e+01
     vertex  1.530878e+01  8.500000e+01  1.651599e+01
     vertex  1.494410e+01  8.500000e+01  1.708578e+01
   endloop
 endfacet
 facet normal  0.000000e+00  1.000000e+00  0.000000e+00
   outer loop
     vertex  1.539272e+01  8.500000e+01  1.642546e+01
     vertex  1.535013e+01  8.500000e+01  1.647015e+01
     vertex  1.530878e+01  8.500000e+01  1.651599e+01
   endloop
 endfacet
 facet normal  0.000000e+00  1.000000e+00  0.000000e+00
   outer loop
     vertex  1.539272e+01  8.500000e+01  1.642546e+01
     vertex  1.494410e+01  8.500000e+01  1.708578e+01
     vertex  1.477330e+01  8.500000e+01  1.767701e+01
   endloop
 endfacet
 facet normal  0.000000e+00  1.000000e+00  0.000000e+00
   outer loop
     vertex  1.858552e+01  8.500000e+01  1.959644e+01
     vertex  1.840113e+01  8.500000e+01  1.976049e+01
     vertex  1.854113e+01  8.500000e+01  1.963933e+01
   endloop
 endfacet
 facet normal  0.000000e+00  1.000000e+00  0.000000e+00
   outer loop
     vertex  1.867070e+01  8.500000e+01  1.950707e+01
     vertex  1.840113e+01  8.500000e+01  1.976049e+01
     vertex  1.858552e+01  8.500000e+01  1.959644e+01
   endloop
 endfacet
 facet normal  0.000000e+00  1.000000e+00  0.000000e+00
   outer loop
     vertex  1.867070e+01  8.500000e+01  1.950707e+01
     vertex  1.858552e+01  8.500000e+01  1.959644e+01
     vertex  1.862872e+01  8.500000e+01  1.955234e+01
   endloop
 endfacet
 facet normal  0.000000e+00  1.000000e+00  0.000000e+00
   outer loop
     vertex  1.552762e+01  8.500000e+01  1.629864e+01
     vertex  1.548150e+01  8.500000e+01  1.633968e+01
     vertex  1.543653e+01  8.500000e+01  1.638196e+01
   endloop
 endfacet
 facet normal  0.000000e+00  1.000000e+00  0.000000e+00
   outer loop
     vertex  1.552762e+01  8.500000e+01  1.629864e+01
     vertex  1.543653e+01  8.500000e+01  1.638196e+01
     vertex  1.539272e+01  8.500000e+01  1.642546e+01
   endloop
 endfacet
 facet normal  0.000000e+00  1.000000e+00  0.000000e+00
   outer loop
     vertex  1.871141e+01  8.500000e+01  1.946067e+01
     vertex  1.840113e+01  8.500000e+01  1.976049e+01
     vertex  1.867070e+01  8.500000e+01  1.950707e+01
   endloop
 endfacet
 facet normal  0.000000e+00  1.000000e+00  0.000000e+00
   outer loop
     vertex  1.875084e+01  8.500000e+01  1.941317e+01
     vertex  1.840113e+01  8.500000e+01  1.976049e+01
     vertex  1.871141e+01  8.500000e+01  1.946067e+01
   endloop
 endfacet
 facet normal  0.000000e+00  1.000000e+00  0.000000e+00
   outer loop
     vertex  1.562316e+01  8.500000e+01  1.622045e+01
     vertex  1.557485e+01  8.500000e+01  1.625889e+01
     vertex  1.552762e+01  8.500000e+01  1.629864e+01
   endloop
 endfacet
 facet normal  0.000000e+00  1.000000e+00  0.000000e+00
   outer loop
     vertex  1.878895e+01  8.500000e+01  1.936461e+01
     vertex  1.840113e+01  8.500000e+01  1.976049e+01
     vertex  1.875084e+01  8.500000e+01  1.941317e+01
   endloop
 endfacet
 facet normal  0.000000e+00  1.000000e+00  0.000000e+00
   outer loop
     vertex  1.886110e+01  8.500000e+01  1.926443e+01
     vertex  1.840113e+01  8.500000e+01  1.976049e+01
     vertex  1.878895e+01  8.500000e+01  1.936461e+01
   endloop
 endfacet
 facet normal  0.000000e+00  1.000000e+00  0.000000e+00
   outer loop
     vertex  1.886110e+01  8.500000e+01  1.926443e+01
     vertex  1.878895e+01  8.500000e+01  1.936461e+01
     vertex  1.882572e+01  8.500000e+01  1.931501e+01
   endloop
 endfacet
 facet normal  0.000000e+00  1.000000e+00  0.000000e+00
   outer loop
     vertex  1.889509e+01  8.500000e+01  1.921290e+01
     vertex  1.840113e+01  8.500000e+01  1.976049e+01
     vertex  1.886110e+01  8.500000e+01  1.926443e+01
   endloop
 endfacet
 facet normal  0.000000e+00  1.000000e+00  0.000000e+00
   outer loop
     vertex  1.582635e+01  8.500000e+01  1.608035e+01
     vertex  1.572283e+01  8.500000e+01  1.614761e+01
     vertex  1.567249e+01  8.500000e+01  1.618335e+01
   endloop
 endfacet
 facet normal  0.000000e+00  1.000000e+00  0.000000e+00
   outer loop
     vertex  1.582635e+01  8.500000e+01  1.608035e+01
     vertex  1.577413e+01  8.500000e+01  1.611327e+01
     vertex  1.572283e+01  8.500000e+01  1.614761e+01
   endloop
 endfacet
 facet normal  0.000000e+00  1.000000e+00  0.000000e+00
   outer loop
     vertex  1.587946e+01  8.500000e+01  1.604888e+01
     vertex  1.582635e+01  8.500000e+01  1.608035e+01
     vertex  1.567249e+01  8.500000e+01  1.618335e+01
   endloop
 endfacet
 facet normal  0.000000e+00  1.000000e+00  0.000000e+00
   outer loop
     vertex  1.895876e+01  8.500000e+01  1.910713e+01
     vertex  1.889509e+01  8.500000e+01  1.921290e+01
     vertex  1.892765e+01  8.500000e+01  1.916045e+01
   endloop
 endfacet
 facet normal  0.000000e+00  1.000000e+00  0.000000e+00
   outer loop
     vertex  1.898840e+01  8.500000e+01  1.905298e+01
     vertex  1.889509e+01  8.500000e+01  1.921290e+01
     vertex  1.895876e+01  8.500000e+01  1.910713e+01
   endloop
 endfacet
 facet normal  0.000000e+00  1.000000e+00  0.000000e+00
   outer loop
     vertex  1.598816e+01  8.500000e+01  1.599035e+01
     vertex  1.567249e+01  8.500000e+01  1.618335e+01
     vertex  1.562316e+01  8.500000e+01  1.622045e+01
   endloop
 endfacet
 facet normal  0.000000e+00  1.000000e+00  0.000000e+00
   outer loop
     vertex  1.598816e+01  8.500000e+01  1.599035e+01
     vertex  1.593341e+01  8.500000e+01  1.601887e+01
     vertex  1.587946e+01  8.500000e+01  1.604888e+01
   endloop
 endfacet
 facet normal  0.000000e+00  1.000000e+00  0.000000e+00
   outer loop
     vertex  1.598816e+01  8.500000e+01  1.599035e+01
     vertex  1.562316e+01  8.500000e+01  1.622045e+01
     vertex  1.552762e+01  8.500000e+01  1.629864e+01
   endloop
 endfacet
 facet normal  0.000000e+00  1.000000e+00  0.000000e+00
   outer loop
     vertex  1.598816e+01  8.500000e+01  1.599035e+01
     vertex  1.587946e+01  8.500000e+01  1.604888e+01
     vertex  1.567249e+01  8.500000e+01  1.618335e+01
   endloop
 endfacet
 facet normal  0.000000e+00  1.000000e+00  0.000000e+00
   outer loop
     vertex  1.901654e+01  8.500000e+01  1.899803e+01
     vertex  1.889509e+01  8.500000e+01  1.921290e+01
     vertex  1.898840e+01  8.500000e+01  1.905298e+01
   endloop
 endfacet
 facet normal  0.000000e+00  1.000000e+00  0.000000e+00
   outer loop
     vertex  1.904316e+01  8.500000e+01  1.894233e+01
     vertex  1.889509e+01  8.500000e+01  1.921290e+01
     vertex  1.901654e+01  8.500000e+01  1.899803e+01
   endloop
 endfacet
 facet normal  0.000000e+00  1.000000e+00  0.000000e+00
   outer loop
     vertex  1.909177e+01  8.500000e+01  1.882885e+01
     vertex  1.889509e+01  8.500000e+01  1.921290e+01
     vertex  1.904316e+01  8.500000e+01  1.894233e+01
   endloop
 endfacet
 facet normal  0.000000e+00  1.000000e+00  0.000000e+00
   outer loop
     vertex  1.909177e+01  8.500000e+01  1.882885e+01
     vertex  1.904316e+01  8.500000e+01  1.894233e+01
     vertex  1.906824e+01  8.500000e+01  1.888593e+01
   endloop
 endfacet
 facet normal  0.000000e+00  1.000000e+00  0.000000e+00
   outer loop
     vertex  1.911372e+01  8.500000e+01  1.877116e+01
     vertex  1.889509e+01  8.500000e+01  1.921290e+01
     vertex  1.909177e+01  8.500000e+01  1.882885e+01
   endloop
 endfacet
 facet normal  0.000000e+00  1.000000e+00  0.000000e+00
   outer loop
     vertex  1.911372e+01  8.500000e+01  1.877116e+01
     vertex  1.539272e+01  8.500000e+01  1.642546e+01
     vertex  1.507235e+01  8.500000e+01  1.916045e+01
   endloop
 endfacet
 facet normal  0.000000e+00  1.000000e+00  0.000000e+00
   outer loop
     vertex  1.911372e+01  8.500000e+01  1.877116e+01
     vertex  1.648000e+01  8.500000e+01  2.018909e+01
     vertex  1.840113e+01  8.500000e+01  1.976049e+01
   endloop
 endfacet
 facet normal  0.000000e+00  1.000000e+00  0.000000e+00
   outer loop
     vertex  1.911372e+01  8.500000e+01  1.877116e+01
     vertex  1.532930e+01  8.500000e+01  1.950707e+01
     vertex  1.564770e+01  8.500000e+01  1.979827e+01
   endloop
 endfacet
 facet normal  0.000000e+00  1.000000e+00  0.000000e+00
   outer loop
     vertex  1.911372e+01  8.500000e+01  1.877116e+01
     vertex  1.564770e+01  8.500000e+01  1.979827e+01
     vertex  1.618551e+01  8.500000e+01  2.009741e+01
   endloop
 endfacet
 facet normal  0.000000e+00  1.000000e+00  0.000000e+00
   outer loop
     vertex  1.911372e+01  8.500000e+01  1.877116e+01
     vertex  1.840113e+01  8.500000e+01  1.976049e+01
     vertex  1.889509e+01  8.500000e+01  1.921290e+01
   endloop
 endfacet
 facet normal  0.000000e+00  1.000000e+00  0.000000e+00
   outer loop
     vertex  1.911372e+01  8.500000e+01  1.877116e+01
     vertex  1.552762e+01  8.500000e+01  1.629864e+01
     vertex  1.539272e+01  8.500000e+01  1.642546e+01
   endloop
 endfacet
 facet normal  0.000000e+00  1.000000e+00  0.000000e+00
   outer loop
     vertex  1.911372e+01  8.500000e+01  1.877116e+01
     vertex  1.507235e+01  8.500000e+01  1.916045e+01
     vertex  1.532930e+01  8.500000e+01  1.950707e+01
   endloop
 endfacet
 facet normal  0.000000e+00  1.000000e+00  0.000000e+00
   outer loop
     vertex  1.911372e+01  8.500000e+01  1.877116e+01
     vertex  1.618551e+01  8.500000e+01  2.009741e+01
     vertex  1.648000e+01  8.500000e+01  2.018909e+01
   endloop
 endfacet
 facet normal  0.000000e+00  1.000000e+00  0.000000e+00
   outer loop
     vertex  1.639037e+01  8.500000e+01  1.583416e+01
     vertex  1.615682e+01  8.500000e+01  1.591396e+01
     vertex  1.609991e+01  8.500000e+01  1.593788e+01
   endloop
 endfacet
 facet normal  0.000000e+00  1.000000e+00  0.000000e+00
   outer loop
     vertex  1.639037e+01  8.500000e+01  1.583416e+01
     vertex  1.621436e+01  8.500000e+01  1.589162e+01
     vertex  1.615682e+01  8.500000e+01  1.591396e+01
   endloop
 endfacet
 facet normal  0.000000e+00  1.000000e+00  0.000000e+00
   outer loop
     vertex  1.639037e+01  8.500000e+01  1.583416e+01
     vertex  1.627250e+01  8.500000e+01  1.587086e+01
     vertex  1.621436e+01  8.500000e+01  1.589162e+01
   endloop
 endfacet
 facet normal  0.000000e+00  1.000000e+00  0.000000e+00
   outer loop
     vertex  1.639037e+01  8.500000e+01  1.583416e+01
     vertex  1.633118e+01  8.500000e+01  1.585170e+01
     vertex  1.627250e+01  8.500000e+01  1.587086e+01
   endloop
 endfacet
 facet normal  0.000000e+00  1.000000e+00  0.000000e+00
   outer loop
     vertex  1.916997e+01  8.500000e+01  1.859476e+01
     vertex  1.913408e+01  8.500000e+01  1.871288e+01
     vertex  1.915284e+01  8.500000e+01  1.865406e+01
   endloop
 endfacet
 facet normal  0.000000e+00  1.000000e+00  0.000000e+00
   outer loop
     vertex  1.916997e+01  8.500000e+01  1.859476e+01
     vertex  1.911372e+01  8.500000e+01  1.877116e+01
     vertex  1.913408e+01  8.500000e+01  1.871288e+01
   endloop
 endfacet
 facet normal  0.000000e+00  1.000000e+00  0.000000e+00
   outer loop
     vertex  1.657051e+01  8.500000e+01  1.579137e+01
     vertex  1.598816e+01  8.500000e+01  1.599035e+01
     vertex  1.552762e+01  8.500000e+01  1.629864e+01
   endloop
 endfacet
 facet normal  0.000000e+00  1.000000e+00  0.000000e+00
   outer loop
     vertex  1.657051e+01  8.500000e+01  1.579137e+01
     vertex  1.604367e+01  8.500000e+01  1.596335e+01
     vertex  1.598816e+01  8.500000e+01  1.599035e+01
   endloop
 endfacet
 facet normal  0.000000e+00  1.000000e+00  0.000000e+00
   outer loop
     vertex  1.657051e+01  8.500000e+01  1.579137e+01
     vertex  1.609991e+01  8.500000e+01  1.593788e+01
     vertex  1.604367e+01  8.500000e+01  1.596335e+01
   endloop
 endfacet
 facet normal  0.000000e+00  1.000000e+00  0.000000e+00
   outer loop
     vertex  1.657051e+01  8.500000e+01  1.579137e+01
     vertex  1.645002e+01  8.500000e+01  1.581825e+01
     vertex  1.639037e+01  8.500000e+01  1.583416e+01
   endloop
 endfacet
 facet normal  0.000000e+00  1.000000e+00  0.000000e+00
   outer loop
     vertex  1.657051e+01  8.500000e+01  1.579137e+01
     vertex  1.651008e+01  8.500000e+01  1.580399e+01
     vertex  1.645002e+01  8.500000e+01  1.581825e+01
   endloop
 endfacet
 facet normal  0.000000e+00  1.000000e+00  0.000000e+00
   outer loop
     vertex  1.657051e+01  8.500000e+01  1.579137e+01
     vertex  1.639037e+01  8.500000e+01  1.583416e+01
     vertex  1.609991e+01  8.500000e+01  1.593788e+01
   endloop
 endfacet
 facet normal  0.000000e+00  1.000000e+00  0.000000e+00
   outer loop
     vertex  1.921152e+01  8.500000e+01  1.841433e+01
     vertex  1.918547e+01  8.500000e+01  1.853500e+01
     vertex  1.919932e+01  8.500000e+01  1.847484e+01
   endloop
 endfacet
 facet normal  0.000000e+00  1.000000e+00  0.000000e+00
   outer loop
     vertex  1.922206e+01  8.500000e+01  1.835350e+01
     vertex  1.918547e+01  8.500000e+01  1.853500e+01
     vertex  1.921152e+01  8.500000e+01  1.841433e+01
   endloop
 endfacet
 facet normal  0.000000e+00  1.000000e+00  0.000000e+00
   outer loop
     vertex  1.922206e+01  8.500000e+01  1.835350e+01
     vertex  1.916997e+01  8.500000e+01  1.859476e+01
     vertex  1.918547e+01  8.500000e+01  1.853500e+01
   endloop
 endfacet
 facet normal  0.000000e+00  1.000000e+00  0.000000e+00
   outer loop
     vertex  1.669230e+01  8.500000e+01  1.577114e+01
     vertex  1.663126e+01  8.500000e+01  1.578042e+01
     vertex  1.657051e+01  8.500000e+01  1.579137e+01
   endloop
 endfacet
 facet normal  0.000000e+00  1.000000e+00  0.000000e+00
   outer loop
     vertex  1.923810e+01  8.500000e+01  1.823110e+01
     vertex  1.916997e+01  8.500000e+01  1.859476e+01
     vertex  1.922206e+01  8.500000e+01  1.835350e+01
   endloop
 endfacet
 facet normal  0.000000e+00  1.000000e+00  0.000000e+00
   outer loop
     vertex  1.923810e+01  8.500000e+01  1.823110e+01
     vertex  1.922206e+01  8.500000e+01  1.835350e+01
     vertex  1.923092e+01  8.500000e+01  1.829241e+01
   endloop
 endfacet
 facet normal  0.000000e+00  1.000000e+00  0.000000e+00
   outer loop
     vertex  1.923810e+01  8.500000e+01  1.823110e+01
     vertex  1.911372e+01  8.500000e+01  1.877116e+01
     vertex  1.916997e+01  8.500000e+01  1.859476e+01
   endloop
 endfacet
 facet normal  0.000000e+00  1.000000e+00  0.000000e+00
   outer loop
     vertex  1.693827e+01  8.500000e+01  1.575085e+01
     vertex  1.675356e+01  8.500000e+01  1.576354e+01
     vertex  1.669230e+01  8.500000e+01  1.577114e+01
   endloop
 endfacet
 facet normal  0.000000e+00  1.000000e+00  0.000000e+00
   outer loop
     vertex  1.693827e+01  8.500000e+01  1.575085e+01
     vertex  1.681501e+01  8.500000e+01  1.575762e+01
     vertex  1.675356e+01  8.500000e+01  1.576354e+01
   endloop
 endfacet
 facet normal  0.000000e+00  1.000000e+00  0.000000e+00
   outer loop
     vertex  1.693827e+01  8.500000e+01  1.575085e+01
     vertex  1.687659e+01  8.500000e+01  1.575339e+01
     vertex  1.681501e+01  8.500000e+01  1.575762e+01
   endloop
 endfacet
 facet normal  0.000000e+00  1.000000e+00  0.000000e+00
   outer loop
     vertex  1.693827e+01  8.500000e+01  1.575085e+01
     vertex  1.669230e+01  8.500000e+01  1.577114e+01
     vertex  1.657051e+01  8.500000e+01  1.579137e+01
   endloop
 endfacet
 facet normal  0.000000e+00  1.000000e+00  0.000000e+00
   outer loop
     vertex  1.700000e+01  8.500000e+01  1.575000e+01
     vertex  1.693827e+01  8.500000e+01  1.575085e+01
     vertex  1.657051e+01  8.500000e+01  1.579137e+01
   endloop
 endfacet
 facet normal  0.000000e+00  1.000000e+00  0.000000e+00
   outer loop
     vertex  1.924868e+01  8.500000e+01  1.792285e+01
     vertex  1.924952e+01  8.500000e+01  1.804630e+01
     vertex  1.924995e+01  8.500000e+01  1.798457e+01
   endloop
 endfacet
 facet normal  0.000000e+00  1.000000e+00 -0.000000e+00
   outer loop
     vertex  1.924868e+01  8.500000e+01  1.792285e+01
     vertex  1.924741e+01  8.500000e+01  1.810799e+01
     vertex  1.924952e+01  8.500000e+01  1.804630e+01
   endloop
 endfacet
 facet normal  0.000000e+00  1.000000e+00  0.000000e+00
   outer loop
     vertex  1.924868e+01  8.500000e+01  1.792285e+01
     vertex  1.924360e+01  8.500000e+01  1.816961e+01
     vertex  1.924741e+01  8.500000e+01  1.810799e+01
   endloop
 endfacet
 facet normal  0.000000e+00  1.000000e+00  0.000000e+00
   outer loop
     vertex  1.924868e+01  8.500000e+01  1.792285e+01
     vertex  1.923810e+01  8.500000e+01  1.823110e+01
     vertex  1.924360e+01  8.500000e+01  1.816961e+01
   endloop
 endfacet
 facet normal  0.000000e+00  1.000000e+00  0.000000e+00
   outer loop
     vertex  1.712341e+01  8.500000e+01  1.575339e+01
     vertex  1.706173e+01  8.500000e+01  1.575085e+01
     vertex  1.700000e+01  8.500000e+01  1.575000e+01
   endloop
 endfacet
 facet normal  0.000000e+00  1.000000e+00  0.000000e+00
   outer loop
     vertex  1.724644e+01  8.500000e+01  1.576354e+01
     vertex  1.718499e+01  8.500000e+01  1.575762e+01
     vertex  1.712341e+01  8.500000e+01  1.575339e+01
   endloop
 endfacet
 facet normal  0.000000e+00  1.000000e+00  0.000000e+00
   outer loop
     vertex  1.724644e+01  8.500000e+01  1.576354e+01
     vertex  1.700000e+01  8.500000e+01  1.575000e+01
     vertex  1.657051e+01  8.500000e+01  1.579137e+01
   endloop
 endfacet
 facet normal  0.000000e+00  1.000000e+00  0.000000e+00
   outer loop
     vertex  1.724644e+01  8.500000e+01  1.576354e+01
     vertex  1.712341e+01  8.500000e+01  1.575339e+01
     vertex  1.700000e+01  8.500000e+01  1.575000e+01
   endloop
 endfacet
 facet normal  0.000000e+00  1.000000e+00  0.000000e+00
   outer loop
     vertex  1.922670e+01  8.500000e+01  1.767701e+01
     vertex  1.924106e+01  8.500000e+01  1.779963e+01
     vertex  1.923472e+01  8.500000e+01  1.773822e+01
   endloop
 endfacet
 facet normal  0.000000e+00  1.000000e+00  0.000000e+00
   outer loop
     vertex  1.922670e+01  8.500000e+01  1.767701e+01
     vertex  1.924571e+01  8.500000e+01  1.786119e+01
     vertex  1.924106e+01  8.500000e+01  1.779963e+01
   endloop
 endfacet
 facet normal  0.000000e+00  1.000000e+00  0.000000e+00
   outer loop
     vertex  1.922670e+01  8.500000e+01  1.767701e+01
     vertex  1.924868e+01  8.500000e+01  1.792285e+01
     vertex  1.924571e+01  8.500000e+01  1.786119e+01
   endloop
 endfacet
 facet normal  0.000000e+00  1.000000e+00  0.000000e+00
   outer loop
     vertex  1.736874e+01  8.500000e+01  1.578042e+01
     vertex  1.730770e+01  8.500000e+01  1.577114e+01
     vertex  1.724644e+01  8.500000e+01  1.576354e+01
   endloop
 endfacet
 facet normal  0.000000e+00  1.000000e+00  0.000000e+00
   outer loop
     vertex  1.920563e+01  8.500000e+01  1.755537e+01
     vertex  1.922670e+01  8.500000e+01  1.767701e+01
     vertex  1.921700e+01  8.500000e+01  1.761605e+01
   endloop
 endfacet
 facet normal  0.000000e+00  1.000000e+00  0.000000e+00
   outer loop
     vertex  1.920563e+01  8.500000e+01  1.755537e+01
     vertex  1.924868e+01  8.500000e+01  1.792285e+01
     vertex  1.922670e+01  8.500000e+01  1.767701e+01
   endloop
 endfacet
 facet normal  0.000000e+00  1.000000e+00  0.000000e+00
   outer loop
     vertex  1.748992e+01  8.500000e+01  1.580399e+01
     vertex  1.742949e+01  8.500000e+01  1.579137e+01
     vertex  1.736874e+01  8.500000e+01  1.578042e+01
   endloop
 endfacet
 facet normal  0.000000e+00  1.000000e+00  0.000000e+00
   outer loop
     vertex  1.748992e+01  8.500000e+01  1.580399e+01
     vertex  1.724644e+01  8.500000e+01  1.576354e+01
     vertex  1.657051e+01  8.500000e+01  1.579137e+01
   endloop
 endfacet
 facet normal  0.000000e+00  1.000000e+00  0.000000e+00
   outer loop
     vertex  1.748992e+01  8.500000e+01  1.580399e+01
     vertex  1.736874e+01  8.500000e+01  1.578042e+01
     vertex  1.724644e+01  8.500000e+01  1.576354e+01
   endloop
 endfacet
 facet normal  0.000000e+00  1.000000e+00  0.000000e+00
   outer loop
     vertex  1.919260e+01  8.500000e+01  1.749503e+01
     vertex  1.924868e+01  8.500000e+01  1.792285e+01
     vertex  1.920563e+01  8.500000e+01  1.755537e+01
   endloop
 endfacet
 facet normal  0.000000e+00  1.000000e+00  0.000000e+00
   outer loop
     vertex  1.916161e+01  8.500000e+01  1.737553e+01
     vertex  1.919260e+01  8.500000e+01  1.749503e+01
     vertex  1.917792e+01  8.500000e+01  1.743507e+01
   endloop
 endfacet
 facet normal  0.000000e+00  1.000000e+00  0.000000e+00
   outer loop
     vertex  1.778564e+01  8.500000e+01  1.589162e+01
     vertex  1.772750e+01  8.500000e+01  1.587086e+01
     vertex  1.766882e+01  8.500000e+01  1.585170e+01
   endloop
 endfacet
 facet normal  0.000000e+00  1.000000e+00  0.000000e+00
   outer loop
     vertex  1.910294e+01  8.500000e+01  1.719992e+01
     vertex  1.919260e+01  8.500000e+01  1.749503e+01
     vertex  1.916161e+01  8.500000e+01  1.737553e+01
   endloop
 endfacet
 facet normal  0.000000e+00  1.000000e+00  0.000000e+00
   outer loop
     vertex  1.910294e+01  8.500000e+01  1.719992e+01
     vertex  1.924868e+01  8.500000e+01  1.792285e+01
     vertex  1.919260e+01  8.500000e+01  1.749503e+01
   endloop
 endfacet
 facet normal  0.000000e+00  1.000000e+00  0.000000e+00
   outer loop
     vertex  1.910294e+01  8.500000e+01  1.719992e+01
     vertex  1.914366e+01  8.500000e+01  1.731646e+01
     vertex  1.912410e+01  8.500000e+01  1.725791e+01
   endloop
 endfacet
 facet normal  0.000000e+00  1.000000e+00  0.000000e+00
   outer loop
     vertex  1.910294e+01  8.500000e+01  1.719992e+01
     vertex  1.916161e+01  8.500000e+01  1.737553e+01
     vertex  1.914366e+01  8.500000e+01  1.731646e+01
   endloop
 endfacet
 facet normal  0.000000e+00  1.000000e+00  0.000000e+00
   outer loop
     vertex  1.784318e+01  8.500000e+01  1.591396e+01
     vertex  1.760963e+01  8.500000e+01  1.583416e+01
     vertex  1.754998e+01  8.500000e+01  1.581825e+01
   endloop
 endfacet
 facet normal  0.000000e+00  1.000000e+00  0.000000e+00
   outer loop
     vertex  1.784318e+01  8.500000e+01  1.591396e+01
     vertex  1.766882e+01  8.500000e+01  1.585170e+01
     vertex  1.760963e+01  8.500000e+01  1.583416e+01
   endloop
 endfacet
 facet normal  0.000000e+00  1.000000e+00  0.000000e+00
   outer loop
     vertex  1.784318e+01  8.500000e+01  1.591396e+01
     vertex  1.778564e+01  8.500000e+01  1.589162e+01
     vertex  1.766882e+01  8.500000e+01  1.585170e+01
   endloop
 endfacet
 facet normal  0.000000e+00  1.000000e+00  0.000000e+00
   outer loop
     vertex  1.905590e+01  8.500000e+01  1.708578e+01
     vertex  1.910294e+01  8.500000e+01  1.719992e+01
     vertex  1.908020e+01  8.500000e+01  1.714253e+01
   endloop
 endfacet
 facet normal  0.000000e+00  1.000000e+00  0.000000e+00
   outer loop
     vertex  1.795633e+01  8.500000e+01  1.596335e+01
     vertex  1.790009e+01  8.500000e+01  1.593788e+01
     vertex  1.784318e+01  8.500000e+01  1.591396e+01
   endloop
 endfacet
 facet normal  0.000000e+00  1.000000e+00  0.000000e+00
   outer loop
     vertex  1.795633e+01  8.500000e+01  1.596335e+01
     vertex  1.784318e+01  8.500000e+01  1.591396e+01
     vertex  1.754998e+01  8.500000e+01  1.581825e+01
   endloop
 endfacet
 facet normal  0.000000e+00  1.000000e+00  0.000000e+00
   outer loop
     vertex  1.903004e+01  8.500000e+01  1.702973e+01
     vertex  1.910294e+01  8.500000e+01  1.719992e+01
     vertex  1.905590e+01  8.500000e+01  1.708578e+01
   endloop
 endfacet
 facet normal  0.000000e+00  1.000000e+00  0.000000e+00
   outer loop
     vertex  1.801184e+01  8.500000e+01  1.599035e+01
     vertex  1.754998e+01  8.500000e+01  1.581825e+01
     vertex  1.748992e+01  8.500000e+01  1.580399e+01
   endloop
 endfacet
 facet normal  0.000000e+00  1.000000e+00  0.000000e+00
   outer loop
     vertex  1.801184e+01  8.500000e+01  1.599035e+01
     vertex  1.795633e+01  8.500000e+01  1.596335e+01
     vertex  1.754998e+01  8.500000e+01  1.581825e+01
   endloop
 endfacet
 facet normal  0.000000e+00  1.000000e+00  0.000000e+00
   outer loop
     vertex  1.894339e+01  8.500000e+01  1.686610e+01
     vertex  1.900266e+01  8.500000e+01  1.697440e+01
     vertex  1.897377e+01  8.500000e+01  1.691984e+01
   endloop
 endfacet
 facet normal  0.000000e+00  1.000000e+00  0.000000e+00
   outer loop
     vertex  1.817365e+01  8.500000e+01  1.608035e+01
     vertex  1.801184e+01  8.500000e+01  1.599035e+01
     vertex  1.748992e+01  8.500000e+01  1.580399e+01
   endloop
 endfacet
 facet normal  0.000000e+00  1.000000e+00  0.000000e+00
   outer loop
     vertex  1.817365e+01  8.500000e+01  1.608035e+01
     vertex  1.806659e+01  8.500000e+01  1.601887e+01
     vertex  1.801184e+01  8.500000e+01  1.599035e+01
   endloop
 endfacet
 facet normal  0.000000e+00  1.000000e+00  0.000000e+00
   outer loop
     vertex  1.817365e+01  8.500000e+01  1.608035e+01
     vertex  1.812054e+01  8.500000e+01  1.604888e+01
     vertex  1.806659e+01  8.500000e+01  1.601887e+01
   endloop
 endfacet
 facet normal  0.000000e+00  1.000000e+00  0.000000e+00
   outer loop
     vertex  1.891155e+01  8.500000e+01  1.681321e+01
     vertex  1.903004e+01  8.500000e+01  1.702973e+01
     vertex  1.900266e+01  8.500000e+01  1.697440e+01
   endloop
 endfacet
 facet normal  0.000000e+00  1.000000e+00  0.000000e+00
   outer loop
     vertex  1.891155e+01  8.500000e+01  1.681321e+01
     vertex  1.900266e+01  8.500000e+01  1.697440e+01
     vertex  1.894339e+01  8.500000e+01  1.686610e+01
   endloop
 endfacet
 facet normal  0.000000e+00  1.000000e+00  0.000000e+00
   outer loop
     vertex  1.887828e+01  8.500000e+01  1.676122e+01
     vertex  1.910294e+01  8.500000e+01  1.719992e+01
     vertex  1.903004e+01  8.500000e+01  1.702973e+01
   endloop
 endfacet
 facet normal  0.000000e+00  1.000000e+00  0.000000e+00
   outer loop
     vertex  1.887828e+01  8.500000e+01  1.676122e+01
     vertex  1.903004e+01  8.500000e+01  1.702973e+01
     vertex  1.891155e+01  8.500000e+01  1.681321e+01
   endloop
 endfacet
 facet normal  0.000000e+00  1.000000e+00  0.000000e+00
   outer loop
     vertex  1.827717e+01  8.500000e+01  1.614761e+01
     vertex  1.822587e+01  8.500000e+01  1.611327e+01
     vertex  1.817365e+01  8.500000e+01  1.608035e+01
   endloop
 endfacet
 facet normal  0.000000e+00  1.000000e+00  0.000000e+00
   outer loop
     vertex  1.837684e+01  8.500000e+01  1.622045e+01
     vertex  1.832751e+01  8.500000e+01  1.618335e+01
     vertex  1.827717e+01  8.500000e+01  1.614761e+01
   endloop
 endfacet
 facet normal  0.000000e+00  1.000000e+00  0.000000e+00
   outer loop
     vertex  1.877006e+01  8.500000e+01  1.661098e+01
     vertex  1.884358e+01  8.500000e+01  1.671016e+01
     vertex  1.880750e+01  8.500000e+01  1.666006e+01
   endloop
 endfacet
 facet normal  0.000000e+00  1.000000e+00  0.000000e+00
   outer loop
     vertex  1.877006e+01  8.500000e+01  1.661098e+01
     vertex  1.887828e+01  8.500000e+01  1.676122e+01
     vertex  1.884358e+01  8.500000e+01  1.671016e+01
   endloop
 endfacet
 facet normal  0.000000e+00  1.000000e+00  0.000000e+00
   outer loop
     vertex  1.842515e+01  8.500000e+01  1.625889e+01
     vertex  1.827717e+01  8.500000e+01  1.614761e+01
     vertex  1.817365e+01  8.500000e+01  1.608035e+01
   endloop
 endfacet
 facet normal  0.000000e+00  1.000000e+00  0.000000e+00
   outer loop
     vertex  1.842515e+01  8.500000e+01  1.625889e+01
     vertex  1.837684e+01  8.500000e+01  1.622045e+01
     vertex  1.827717e+01  8.500000e+01  1.614761e+01
   endloop
 endfacet
 facet normal  0.000000e+00  1.000000e+00  0.000000e+00
   outer loop
     vertex  1.847238e+01  8.500000e+01  1.629864e+01
     vertex  1.842515e+01  8.500000e+01  1.625889e+01
     vertex  1.817365e+01  8.500000e+01  1.608035e+01
   endloop
 endfacet
 facet normal  0.000000e+00  1.000000e+00  0.000000e+00
   outer loop
     vertex  1.851850e+01  8.500000e+01  1.633968e+01
     vertex  1.847238e+01  8.500000e+01  1.629864e+01
     vertex  1.817365e+01  8.500000e+01  1.608035e+01
   endloop
 endfacet
 facet normal  0.000000e+00  1.000000e+00  0.000000e+00
   outer loop
     vertex  1.864987e+01  8.500000e+01  1.647015e+01
     vertex  1.873129e+01  8.500000e+01  1.656294e+01
     vertex  1.869122e+01  8.500000e+01  1.651599e+01
   endloop
 endfacet
 facet normal  0.000000e+00  1.000000e+00  0.000000e+00
   outer loop
     vertex  1.864987e+01  8.500000e+01  1.647015e+01
     vertex  1.877006e+01  8.500000e+01  1.661098e+01
     vertex  1.873129e+01  8.500000e+01  1.656294e+01
   endloop
 endfacet
 facet normal  0.000000e+00  1.000000e+00  0.000000e+00
   outer loop
     vertex  1.864987e+01  8.500000e+01  1.647015e+01
     vertex  1.887828e+01  8.500000e+01  1.676122e+01
     vertex  1.877006e+01  8.500000e+01  1.661098e+01
   endloop
 endfacet
 facet normal  0.000000e+00  1.000000e+00  0.000000e+00
   outer loop
     vertex  1.856347e+01  8.500000e+01  1.638196e+01
     vertex  1.851850e+01  8.500000e+01  1.633968e+01
     vertex  1.817365e+01  8.500000e+01  1.608035e+01
   endloop
 endfacet
 facet normal  0.000000e+00  1.000000e+00 -0.000000e+00
   outer loop
     vertex  1.860728e+01  8.500000e+01  1.642546e+01
     vertex  1.552762e+01  8.500000e+01  1.629864e+01
     vertex  1.911372e+01  8.500000e+01  1.877116e+01
   endloop
 endfacet
 facet normal  0.000000e+00  1.000000e+00  0.000000e+00
   outer loop
     vertex  1.860728e+01  8.500000e+01  1.642546e+01
     vertex  1.924868e+01  8.500000e+01  1.792285e+01
     vertex  1.910294e+01  8.500000e+01  1.719992e+01
   endloop
 endfacet
 facet normal  0.000000e+00  1.000000e+00  0.000000e+00
   outer loop
     vertex  1.860728e+01  8.500000e+01  1.642546e+01
     vertex  1.910294e+01  8.500000e+01  1.719992e+01
     vertex  1.887828e+01  8.500000e+01  1.676122e+01
   endloop
 endfacet
 facet normal  0.000000e+00  1.000000e+00  0.000000e+00
   outer loop
     vertex  1.860728e+01  8.500000e+01  1.642546e+01
     vertex  1.657051e+01  8.500000e+01  1.579137e+01
     vertex  1.552762e+01  8.500000e+01  1.629864e+01
   endloop
 endfacet
 facet normal  0.000000e+00  1.000000e+00  0.000000e+00
   outer loop
     vertex  1.860728e+01  8.500000e+01  1.642546e+01
     vertex  1.817365e+01  8.500000e+01  1.608035e+01
     vertex  1.748992e+01  8.500000e+01  1.580399e+01
   endloop
 endfacet
 facet normal  0.000000e+00  1.000000e+00  0.000000e+00
   outer loop
     vertex  1.860728e+01  8.500000e+01  1.642546e+01
     vertex  1.911372e+01  8.500000e+01  1.877116e+01
     vertex  1.923810e+01  8.500000e+01  1.823110e+01
   endloop
 endfacet
 facet normal  0.000000e+00  1.000000e+00  0.000000e+00
   outer loop
     vertex  1.860728e+01  8.500000e+01  1.642546e+01
     vertex  1.856347e+01  8.500000e+01  1.638196e+01
     vertex  1.817365e+01  8.500000e+01  1.608035e+01
   endloop
 endfacet
 facet normal  0.000000e+00  1.000000e+00  0.000000e+00
   outer loop
     vertex  1.860728e+01  8.500000e+01  1.642546e+01
     vertex  1.923810e+01  8.500000e+01  1.823110e+01
     vertex  1.924868e+01  8.500000e+01  1.792285e+01
   endloop
 endfacet
 facet normal  0.000000e+00  1.000000e+00  0.000000e+00
   outer loop
     vertex  1.860728e+01  8.500000e+01  1.642546e+01
     vertex  1.887828e+01  8.500000e+01  1.676122e+01
     vertex  1.864987e+01  8.500000e+01  1.647015e+01
   endloop
 endfacet
 facet normal  0.000000e+00  1.000000e+00  0.000000e+00
   outer loop
     vertex  1.860728e+01  8.500000e+01  1.642546e+01
     vertex  1.748992e+01  8.500000e+01  1.580399e+01
     vertex  1.657051e+01  8.500000e+01  1.579137e+01
   endloop
 endfacet
 facet normal  1.000000e+00  0.000000e+00  0.000000e+00
   outer loop
     vertex  1.475000e+02  9.007092e+01  1.864470e+01
     vertex  1.475000e+02  9.005283e+01  1.867383e+01
     vertex  1.475000e+02  9.003395e+01  1.870246e+01
   endloop
 endfacet
 facet normal  1.000000e+00  0.000000e+00  0.000000e+00
   outer loop
     vertex  1.475000e+02  8.960759e+01  1.909240e+01
     vertex  1.475000e+02  8.966660e+01  1.905743e+01
     vertex  1.475000e+02  8.963733e+01  1.907532e+01
   endloop
 endfacet
 facet normal  1.000000e+00  0.000000e+00  0.000000e+00
   outer loop
     vertex  1.475000e+02  9.013509e+01  1.852352e+01
     vertex  1.475000e+02  9.010467e+01  1.858499e+01
     vertex  1.475000e+02  9.008820e+01  1.861507e+01
   endloop
 endfacet
 facet normal  1.000000e+00  0.000000e+00  0.000000e+00
   outer loop
     vertex  1.475000e+02  9.013509e+01  1.852352e+01
     vertex  1.475000e+02  9.012030e+01  1.855446e+01
     vertex  1.475000e+02  9.010467e+01  1.858499e+01
   endloop
 endfacet
 facet normal  1.000000e+00  0.000000e+00  0.000000e+00
   outer loop
     vertex  1.475000e+02  9.017429e+01  1.842842e+01
     vertex  1.475000e+02  9.016209e+01  1.846047e+01
     vertex  1.475000e+02  9.014902e+01  1.849218e+01
   endloop
 endfacet
 facet normal  1.000000e+00  0.000000e+00  0.000000e+00
   outer loop
     vertex  1.475000e+02  9.018560e+01  1.839604e+01
     vertex  1.475000e+02  9.014902e+01  1.849218e+01
     vertex  1.475000e+02  9.013509e+01  1.852352e+01
   endloop
 endfacet
 facet normal  1.000000e+00  0.000000e+00  0.000000e+00
   outer loop
     vertex  1.475000e+02  9.018560e+01  1.839604e+01
     vertex  1.475000e+02  9.017429e+01  1.842842e+01
     vertex  1.475000e+02  9.014902e+01  1.849218e+01
   endloop
 endfacet
 facet normal  1.000000e+00  0.000000e+00  0.000000e+00
   outer loop
     vertex  1.475000e+02  8.935516e+01  1.919848e+01
     vertex  1.475000e+02  8.942036e+01  1.917720e+01
     vertex  1.475000e+02  8.938790e+01  1.918829e+01
   endloop
 endfacet
 facet normal  1.000000e+00  0.000000e+00  0.000000e+00
   outer loop
     vertex  1.475000e+02  8.935516e+01  1.919848e+01
     vertex  1.475000e+02  8.945249e+01  1.916523e+01
     vertex  1.475000e+02  8.942036e+01  1.917720e+01
   endloop
 endfacet
 facet normal  1.000000e+00  0.000000e+00  0.000000e+00
   outer loop
     vertex  1.475000e+02  9.020554e+01  1.833042e+01
     vertex  1.475000e+02  9.019602e+01  1.836337e+01
     vertex  1.475000e+02  9.018560e+01  1.839604e+01
   endloop
 endfacet
 facet normal  1.000000e+00  0.000000e+00  0.000000e+00
   outer loop
     vertex  1.475000e+02  9.021415e+01  1.829722e+01
     vertex  1.475000e+02  9.020554e+01  1.833042e+01
     vertex  1.475000e+02  9.018560e+01  1.839604e+01
   endloop
 endfacet
 facet normal  1.000000e+00  0.000000e+00  0.000000e+00
   outer loop
     vertex  1.475000e+02  8.928889e+01  1.921616e+01
     vertex  1.475000e+02  8.935516e+01  1.919848e+01
     vertex  1.475000e+02  8.932214e+01  1.920778e+01
   endloop
 endfacet
 facet normal  1.000000e+00  0.000000e+00  0.000000e+00
   outer loop
     vertex  1.475000e+02  9.022862e+01  1.823018e+01
     vertex  1.475000e+02  9.022185e+01  1.826380e+01
     vertex  1.475000e+02  9.021415e+01  1.829722e+01
   endloop
 endfacet
 facet normal  1.000000e+00  0.000000e+00  0.000000e+00
   outer loop
     vertex  1.475000e+02  8.918792e+01  1.923579e+01
     vertex  1.475000e+02  8.925541e+01  1.922363e+01
     vertex  1.475000e+02  8.922175e+01  1.923017e+01
   endloop
 endfacet
 facet normal  1.000000e+00  0.000000e+00  0.000000e+00
   outer loop
     vertex  1.475000e+02  8.911985e+01  1.924424e+01
     vertex  1.475000e+02  8.918792e+01  1.923579e+01
     vertex  1.475000e+02  8.915394e+01  1.924048e+01
   endloop
 endfacet
 facet normal  1.000000e+00  0.000000e+00  0.000000e+00
   outer loop
     vertex  1.475000e+02  9.024644e+01  1.809423e+01
     vertex  1.475000e+02  9.024339e+01  1.812839e+01
     vertex  1.475000e+02  9.023940e+01  1.816245e+01
   endloop
 endfacet
 facet normal  1.000000e+00  0.000000e+00  0.000000e+00
   outer loop
     vertex  1.475000e+02  8.905143e+01  1.924894e+01
     vertex  1.475000e+02  8.911985e+01  1.924424e+01
     vertex  1.475000e+02  8.908567e+01  1.924706e+01
   endloop
 endfacet
 facet normal  1.000000e+00  0.000000e+00  0.000000e+00
   outer loop
     vertex  1.475000e+02  9.024997e+01  1.799143e+01
     vertex  1.475000e+02  9.024974e+01  1.802572e+01
     vertex  1.475000e+02  9.024856e+01  1.806000e+01
   endloop
 endfacet
 facet normal  1.000000e+00  0.000000e+00  0.000000e+00
   outer loop
     vertex  1.475000e+02  9.024503e+01  1.788868e+01
     vertex  1.475000e+02  9.024926e+01  1.795714e+01
     vertex  1.475000e+02  9.024997e+01  1.799143e+01
   endloop
 endfacet
 facet normal  1.000000e+00  0.000000e+00  0.000000e+00
   outer loop
     vertex  1.475000e+02  9.024503e+01  1.788868e+01
     vertex  1.475000e+02  9.024762e+01  1.792288e+01
     vertex  1.475000e+02  9.024926e+01  1.795714e+01
   endloop
 endfacet
 facet normal  1.000000e+00  0.000000e+00  0.000000e+00
   outer loop
     vertex  1.475000e+02  8.884606e+01  1.924048e+01
     vertex  1.475000e+02  8.891433e+01  1.924706e+01
     vertex  1.475000e+02  8.888015e+01  1.924424e+01
   endloop
 endfacet
 facet normal  1.000000e+00  0.000000e+00  0.000000e+00
   outer loop
     vertex  1.475000e+02  8.884606e+01  1.924048e+01
     vertex  1.475000e+02  8.894857e+01  1.924894e+01
     vertex  1.475000e+02  8.891433e+01  1.924706e+01
   endloop
 endfacet
 facet normal  1.000000e+00  0.000000e+00  0.000000e+00
   outer loop
     vertex  1.475000e+02  9.022535e+01  1.775298e+01
     vertex  1.475000e+02  9.024151e+01  1.785457e+01
     vertex  1.475000e+02  9.024503e+01  1.788868e+01
   endloop
 endfacet
 facet normal  1.000000e+00  0.000000e+00  0.000000e+00
   outer loop
     vertex  1.475000e+02  9.022535e+01  1.775298e+01
     vertex  1.475000e+02  9.023705e+01  1.782056e+01
     vertex  1.475000e+02  9.024151e+01  1.785457e+01
   endloop
 endfacet
 facet normal  1.000000e+00  0.000000e+00  0.000000e+00
   outer loop
     vertex  1.475000e+02  9.022535e+01  1.775298e+01
     vertex  1.475000e+02  9.023167e+01  1.778669e+01
     vertex  1.475000e+02  9.023705e+01  1.782056e+01
   endloop
 endfacet
 facet normal  1.000000e+00  0.000000e+00  0.000000e+00
   outer loop
     vertex  1.475000e+02  8.871111e+01  1.921616e+01
     vertex  1.475000e+02  8.945249e+01  1.916523e+01
     vertex  1.475000e+02  8.935516e+01  1.919848e+01
   endloop
 endfacet
 facet normal  1.000000e+00  0.000000e+00  0.000000e+00
   outer loop
     vertex  1.475000e+02  8.871111e+01  1.921616e+01
     vertex  1.475000e+02  8.877825e+01  1.923017e+01
     vertex  1.475000e+02  8.874459e+01  1.922363e+01
   endloop
 endfacet
 facet normal  1.000000e+00  0.000000e+00  0.000000e+00
   outer loop
     vertex  1.475000e+02  8.871111e+01  1.921616e+01
     vertex  1.475000e+02  8.881208e+01  1.923579e+01
     vertex  1.475000e+02  8.877825e+01  1.923017e+01
   endloop
 endfacet
 facet normal  1.000000e+00  0.000000e+00  0.000000e+00
   outer loop
     vertex  1.475000e+02  8.871111e+01  1.921616e+01
     vertex  1.475000e+02  8.884606e+01  1.924048e+01
     vertex  1.475000e+02  8.881208e+01  1.923579e+01
   endloop
 endfacet
 facet normal  1.000000e+00  0.000000e+00  0.000000e+00
   outer loop
     vertex  1.475000e+02  8.871111e+01  1.921616e+01
     vertex  1.475000e+02  8.925541e+01  1.922363e+01
     vertex  1.475000e+02  8.918792e+01  1.923579e+01
   endloop
 endfacet
 facet normal  1.000000e+00  0.000000e+00  0.000000e+00
   outer loop
     vertex  1.475000e+02  8.871111e+01  1.921616e+01
     vertex  1.475000e+02  8.898285e+01  1.924988e+01
     vertex  1.475000e+02  8.894857e+01  1.924894e+01
   endloop
 endfacet
 facet normal  1.000000e+00  0.000000e+00  0.000000e+00
   outer loop
     vertex  1.475000e+02  8.871111e+01  1.921616e+01
     vertex  1.475000e+02  8.901715e+01  1.924988e+01
     vertex  1.475000e+02  8.898285e+01  1.924988e+01
   endloop
 endfacet
 facet normal  1.000000e+00  0.000000e+00  0.000000e+00
   outer loop
     vertex  1.475000e+02  8.871111e+01  1.921616e+01
     vertex  1.475000e+02  8.905143e+01  1.924894e+01
     vertex  1.475000e+02  8.901715e+01  1.924988e+01
   endloop
 endfacet
 facet normal  1.000000e+00 -0.000000e+00  0.000000e+00
   outer loop
     vertex  1.475000e+02  8.871111e+01  1.921616e+01
     vertex  1.475000e+02  8.928889e+01  1.921616e+01
     vertex  1.475000e+02  8.925541e+01  1.922363e+01
   endloop
 endfacet
 facet normal  1.000000e+00  0.000000e+00  0.000000e+00
   outer loop
     vertex  1.475000e+02  8.871111e+01  1.921616e+01
     vertex  1.475000e+02  8.948429e+01  1.915237e+01
     vertex  1.475000e+02  8.945249e+01  1.916523e+01
   endloop
 endfacet
 facet normal  1.000000e+00  0.000000e+00  0.000000e+00
   outer loop
     vertex  1.475000e+02  8.871111e+01  1.921616e+01
     vertex  1.475000e+02  8.951572e+01  1.913865e+01
     vertex  1.475000e+02  8.948429e+01  1.915237e+01
   endloop
 endfacet
 facet normal  1.000000e+00  0.000000e+00  0.000000e+00
   outer loop
     vertex  1.475000e+02  8.871111e+01  1.921616e+01
     vertex  1.475000e+02  8.954676e+01  1.912408e+01
     vertex  1.475000e+02  8.951572e+01  1.913865e+01
   endloop
 endfacet
 facet normal  1.000000e+00  0.000000e+00  0.000000e+00
   outer loop
     vertex  1.475000e+02  8.871111e+01  1.921616e+01
     vertex  1.475000e+02  8.957740e+01  1.910865e+01
     vertex  1.475000e+02  8.954676e+01  1.912408e+01
   endloop
 endfacet
 facet normal  1.000000e+00  0.000000e+00  0.000000e+00
   outer loop
     vertex  1.475000e+02  8.871111e+01  1.921616e+01
     vertex  1.475000e+02  8.960759e+01  1.909240e+01
     vertex  1.475000e+02  8.957740e+01  1.910865e+01
   endloop
 endfacet
 facet normal  1.000000e+00  0.000000e+00  0.000000e+00
   outer loop
     vertex  1.475000e+02  8.871111e+01  1.921616e+01
     vertex  1.475000e+02  8.918792e+01  1.923579e+01
     vertex  1.475000e+02  8.911985e+01  1.924424e+01
   endloop
 endfacet
 facet normal  1.000000e+00  0.000000e+00  0.000000e+00
   outer loop
     vertex  1.475000e+02  8.871111e+01  1.921616e+01
     vertex  1.475000e+02  8.911985e+01  1.924424e+01
     vertex  1.475000e+02  8.905143e+01  1.924894e+01
   endloop
 endfacet
 facet normal  1.000000e+00  0.000000e+00  0.000000e+00
   outer loop
     vertex  1.475000e+02  8.871111e+01  1.921616e+01
     vertex  1.475000e+02  8.969535e+01  1.903874e+01
     vertex  1.475000e+02  8.966660e+01  1.905743e+01
   endloop
 endfacet
 facet normal  1.000000e+00  0.000000e+00  0.000000e+00
   outer loop
     vertex  1.475000e+02  8.871111e+01  1.921616e+01
     vertex  1.475000e+02  8.972359e+01  1.901927e+01
     vertex  1.475000e+02  8.969535e+01  1.903874e+01
   endloop
 endfacet
 facet normal  1.000000e+00  0.000000e+00  0.000000e+00
   outer loop
     vertex  1.475000e+02  8.871111e+01  1.921616e+01
     vertex  1.475000e+02  8.975128e+01  1.899904e+01
     vertex  1.475000e+02  8.972359e+01  1.901927e+01
   endloop
 endfacet
 facet normal  1.000000e+00  0.000000e+00  0.000000e+00
   outer loop
     vertex  1.475000e+02  8.871111e+01  1.921616e+01
     vertex  1.475000e+02  8.977840e+01  1.897805e+01
     vertex  1.475000e+02  8.975128e+01  1.899904e+01
   endloop
 endfacet
 facet normal  1.000000e+00  0.000000e+00  0.000000e+00
   outer loop
     vertex  1.475000e+02  8.871111e+01  1.921616e+01
     vertex  1.475000e+02  8.980494e+01  1.895633e+01
     vertex  1.475000e+02  8.977840e+01  1.897805e+01
   endloop
 endfacet
 facet normal  1.000000e+00  0.000000e+00  0.000000e+00
   outer loop
     vertex  1.475000e+02  8.871111e+01  1.921616e+01
     vertex  1.475000e+02  8.983088e+01  1.893389e+01
     vertex  1.475000e+02  8.980494e+01  1.895633e+01
   endloop
 endfacet
 facet normal  1.000000e+00  0.000000e+00  0.000000e+00
   outer loop
     vertex  1.475000e+02  8.871111e+01  1.921616e+01
     vertex  1.475000e+02  8.985618e+01  1.891074e+01
     vertex  1.475000e+02  8.983088e+01  1.893389e+01
   endloop
 endfacet
 facet normal  1.000000e+00  0.000000e+00  0.000000e+00
   outer loop
     vertex  1.475000e+02  8.871111e+01  1.921616e+01
     vertex  1.475000e+02  8.988085e+01  1.888691e+01
     vertex  1.475000e+02  8.985618e+01  1.891074e+01
   endloop
 endfacet
 facet normal  1.000000e+00  0.000000e+00  0.000000e+00
   outer loop
     vertex  1.475000e+02  8.871111e+01  1.921616e+01
     vertex  1.475000e+02  8.990485e+01  1.886241e+01
     vertex  1.475000e+02  8.988085e+01  1.888691e+01
   endloop
 endfacet
 facet normal  1.000000e+00  0.000000e+00  0.000000e+00
   outer loop
     vertex  1.475000e+02  8.871111e+01  1.921616e+01
     vertex  1.475000e+02  8.992817e+01  1.883726e+01
     vertex  1.475000e+02  8.990485e+01  1.886241e+01
   endloop
 endfacet
 facet normal  1.000000e+00  0.000000e+00  0.000000e+00
   outer loop
     vertex  1.475000e+02  8.871111e+01  1.921616e+01
     vertex  1.475000e+02  8.995079e+01  1.881148e+01
     vertex  1.475000e+02  8.992817e+01  1.883726e+01
   endloop
 endfacet
 facet normal  1.000000e+00  0.000000e+00  0.000000e+00
   outer loop
     vertex  1.475000e+02  8.871111e+01  1.921616e+01
     vertex  1.475000e+02  8.997269e+01  1.878509e+01
     vertex  1.475000e+02  8.995079e+01  1.881148e+01
   endloop
 endfacet
 facet normal  1.000000e+00  0.000000e+00  0.000000e+00
   outer loop
     vertex  1.475000e+02  8.871111e+01  1.921616e+01
     vertex  1.475000e+02  8.999386e+01  1.875811e+01
     vertex  1.475000e+02  8.997269e+01  1.878509e+01
   endloop
 endfacet
 facet normal  1.000000e+00  0.000000e+00  0.000000e+00
   outer loop
     vertex  1.475000e+02  8.871111e+01  1.921616e+01
     vertex  1.475000e+02  9.001429e+01  1.873056e+01
     vertex  1.475000e+02  8.999386e+01  1.875811e+01
   endloop
 endfacet
 facet normal  1.000000e+00  0.000000e+00  0.000000e+00
   outer loop
     vertex  1.475000e+02  8.871111e+01  1.921616e+01
     vertex  1.475000e+02  9.003395e+01  1.870246e+01
     vertex  1.475000e+02  9.001429e+01  1.873056e+01
   endloop
 endfacet
 facet normal  1.000000e+00  0.000000e+00  0.000000e+00
   outer loop
     vertex  1.475000e+02  8.871111e+01  1.921616e+01
     vertex  1.475000e+02  8.966660e+01  1.905743e+01
     vertex  1.475000e+02  8.960759e+01  1.909240e+01
   endloop
 endfacet
 facet normal  1.000000e+00  0.000000e+00  0.000000e+00
   outer loop
     vertex  1.475000e+02  8.871111e+01  1.921616e+01
     vertex  1.475000e+02  8.894857e+01  1.924894e+01
     vertex  1.475000e+02  8.884606e+01  1.924048e+01
   endloop
 endfacet
 facet normal  1.000000e+00  0.000000e+00  0.000000e+00
   outer loop
     vertex  1.475000e+02  8.871111e+01  1.921616e+01
     vertex  1.475000e+02  8.935516e+01  1.919848e+01
     vertex  1.475000e+02  8.928889e+01  1.921616e+01
   endloop
 endfacet
 facet normal  1.000000e+00  0.000000e+00  0.000000e+00
   outer loop
     vertex  1.475000e+02  8.861210e+01  1.918829e+01
     vertex  1.475000e+02  8.867786e+01  1.920778e+01
     vertex  1.475000e+02  8.864484e+01  1.919848e+01
   endloop
 endfacet
 facet normal  1.000000e+00  0.000000e+00  0.000000e+00
   outer loop
     vertex  1.475000e+02  8.861210e+01  1.918829e+01
     vertex  1.475000e+02  8.871111e+01  1.921616e+01
     vertex  1.475000e+02  8.867786e+01  1.920778e+01
   endloop
 endfacet
 facet normal  1.000000e+00  0.000000e+00  0.000000e+00
   outer loop
     vertex  1.475000e+02  9.018006e+01  1.758773e+01
     vertex  1.475000e+02  9.020996e+01  1.768615e+01
     vertex  1.475000e+02  9.021811e+01  1.771946e+01
   endloop
 endfacet
 facet normal  1.000000e+00  0.000000e+00  0.000000e+00
   outer loop
     vertex  1.475000e+02  9.018006e+01  1.758773e+01
     vertex  1.475000e+02  9.020089e+01  1.765307e+01
     vertex  1.475000e+02  9.020996e+01  1.768615e+01
   endloop
 endfacet
 facet normal  1.000000e+00  0.000000e+00  0.000000e+00
   outer loop
     vertex  1.475000e+02  9.018006e+01  1.758773e+01
     vertex  1.475000e+02  9.019092e+01  1.762026e+01
     vertex  1.475000e+02  9.020089e+01  1.765307e+01
   endloop
 endfacet
 facet normal  1.000000e+00  0.000000e+00  0.000000e+00
   outer loop
     vertex  1.475000e+02  8.857964e+01  1.917720e+01
     vertex  1.475000e+02  8.871111e+01  1.921616e+01
     vertex  1.475000e+02  8.861210e+01  1.918829e+01
   endloop
 endfacet
 facet normal  1.000000e+00  0.000000e+00  0.000000e+00
   outer loop
     vertex  1.475000e+02  9.016830e+01  1.755551e+01
     vertex  1.475000e+02  9.018006e+01  1.758773e+01
     vertex  1.475000e+02  9.021811e+01  1.771946e+01
   endloop
 endfacet
 facet normal  1.000000e+00  0.000000e+00  0.000000e+00
   outer loop
     vertex  1.475000e+02  9.015567e+01  1.752363e+01
     vertex  1.475000e+02  9.016830e+01  1.755551e+01
     vertex  1.475000e+02  9.021811e+01  1.771946e+01
   endloop
 endfacet
 facet normal  1.000000e+00  0.000000e+00  0.000000e+00
   outer loop
     vertex  1.475000e+02  8.851571e+01  1.915237e+01
     vertex  1.475000e+02  8.857964e+01  1.917720e+01
     vertex  1.475000e+02  8.854751e+01  1.916523e+01
   endloop
 endfacet
 facet normal  1.000000e+00  0.000000e+00  0.000000e+00
   outer loop
     vertex  1.475000e+02  8.848428e+01  1.913865e+01
     vertex  1.475000e+02  8.857964e+01  1.917720e+01
     vertex  1.475000e+02  8.851571e+01  1.915237e+01
   endloop
 endfacet
 facet normal  1.000000e+00  0.000000e+00  0.000000e+00
   outer loop
     vertex  1.475000e+02  9.012780e+01  1.746096e+01
     vertex  1.475000e+02  9.015567e+01  1.752363e+01
     vertex  1.475000e+02  9.021811e+01  1.771946e+01
   endloop
 endfacet
 facet normal  1.000000e+00  0.000000e+00  0.000000e+00
   outer loop
     vertex  1.475000e+02  9.012780e+01  1.746096e+01
     vertex  1.475000e+02  9.021811e+01  1.771946e+01
     vertex  1.475000e+02  9.022535e+01  1.775298e+01
   endloop
 endfacet
 facet normal  1.000000e+00  0.000000e+00  0.000000e+00
   outer loop
     vertex  1.475000e+02  9.012780e+01  1.746096e+01
     vertex  1.475000e+02  9.014216e+01  1.749210e+01
     vertex  1.475000e+02  9.015567e+01  1.752363e+01
   endloop
 endfacet
 facet normal  1.000000e+00  0.000000e+00  0.000000e+00
   outer loop
     vertex  1.475000e+02  9.011259e+01  1.743022e+01
     vertex  1.475000e+02  9.012780e+01  1.746096e+01
     vertex  1.475000e+02  9.022535e+01  1.775298e+01
   endloop
 endfacet
 facet normal  1.000000e+00  0.000000e+00  0.000000e+00
   outer loop
     vertex  1.475000e+02  9.009654e+01  1.739991e+01
     vertex  1.475000e+02  9.024997e+01  1.799143e+01
     vertex  1.475000e+02  9.024856e+01  1.806000e+01
   endloop
 endfacet
 facet normal  1.000000e+00  0.000000e+00  0.000000e+00
   outer loop
     vertex  1.475000e+02  9.009654e+01  1.739991e+01
     vertex  1.475000e+02  9.011259e+01  1.743022e+01
     vertex  1.475000e+02  9.022535e+01  1.775298e+01
   endloop
 endfacet
 facet normal  1.000000e+00  0.000000e+00  0.000000e+00
   outer loop
     vertex  1.475000e+02  9.009654e+01  1.739991e+01
     vertex  1.475000e+02  9.024503e+01  1.788868e+01
     vertex  1.475000e+02  9.024997e+01  1.799143e+01
   endloop
 endfacet
 facet normal  1.000000e+00  0.000000e+00  0.000000e+00
   outer loop
     vertex  1.475000e+02  9.009654e+01  1.739991e+01
     vertex  1.475000e+02  9.022535e+01  1.775298e+01
     vertex  1.475000e+02  9.024503e+01  1.788868e+01
   endloop
 endfacet
 facet normal  1.000000e+00  0.000000e+00  0.000000e+00
   outer loop
     vertex  1.475000e+02  9.009654e+01  1.739991e+01
     vertex  1.475000e+02  9.024856e+01  1.806000e+01
     vertex  1.475000e+02  9.024644e+01  1.809423e+01
   endloop
 endfacet
 facet normal  1.000000e+00  0.000000e+00  0.000000e+00
   outer loop
     vertex  1.475000e+02  8.839241e+01  1.909240e+01
     vertex  1.475000e+02  8.845324e+01  1.912408e+01
     vertex  1.475000e+02  8.842260e+01  1.910865e+01
   endloop
 endfacet
 facet normal  1.000000e+00  0.000000e+00  0.000000e+00
   outer loop
     vertex  1.475000e+02  8.836267e+01  1.907532e+01
     vertex  1.475000e+02  8.845324e+01  1.912408e+01
     vertex  1.475000e+02  8.839241e+01  1.909240e+01
   endloop
 endfacet
 facet normal  1.000000e+00  0.000000e+00  0.000000e+00
   outer loop
     vertex  1.475000e+02  8.836267e+01  1.907532e+01
     vertex  1.475000e+02  8.848428e+01  1.913865e+01
     vertex  1.475000e+02  8.845324e+01  1.912408e+01
   endloop
 endfacet
 facet normal  1.000000e+00  0.000000e+00  0.000000e+00
   outer loop
     vertex  1.475000e+02  9.006197e+01  1.734067e+01
     vertex  1.475000e+02  9.007966e+01  1.737006e+01
     vertex  1.475000e+02  9.009654e+01  1.739991e+01
   endloop
 endfacet
 facet normal  1.000000e+00  0.000000e+00  0.000000e+00
   outer loop
     vertex  1.475000e+02  8.830465e+01  1.903874e+01
     vertex  1.475000e+02  8.836267e+01  1.907532e+01
     vertex  1.475000e+02  8.833340e+01  1.905743e+01
   endloop
 endfacet
 facet normal  1.000000e+00  0.000000e+00  0.000000e+00
   outer loop
     vertex  1.475000e+02  8.824872e+01  1.899904e+01
     vertex  1.475000e+02  8.830465e+01  1.903874e+01
     vertex  1.475000e+02  8.827641e+01  1.901927e+01
   endloop
 endfacet
 facet normal  1.000000e+00  0.000000e+00  0.000000e+00
   outer loop
     vertex  1.475000e+02  8.822160e+01  1.897805e+01
     vertex  1.475000e+02  8.830465e+01  1.903874e+01
     vertex  1.475000e+02  8.824872e+01  1.899904e+01
   endloop
 endfacet
 facet normal  1.000000e+00  0.000000e+00  0.000000e+00
   outer loop
     vertex  1.475000e+02  8.996183e+01  1.720164e+01
     vertex  1.475000e+02  9.006197e+01  1.734067e+01
     vertex  1.475000e+02  9.009654e+01  1.739991e+01
   endloop
 endfacet
 facet normal  1.000000e+00  0.000000e+00  0.000000e+00
   outer loop
     vertex  1.475000e+02  8.996183e+01  1.720164e+01
     vertex  1.475000e+02  9.004349e+01  1.731179e+01
     vertex  1.475000e+02  9.006197e+01  1.734067e+01
   endloop
 endfacet
 facet normal  1.000000e+00  0.000000e+00  0.000000e+00
   outer loop
     vertex  1.475000e+02  8.996183e+01  1.720164e+01
     vertex  1.475000e+02  9.002421e+01  1.728342e+01
     vertex  1.475000e+02  9.004349e+01  1.731179e+01
   endloop
 endfacet
 facet normal  1.000000e+00  0.000000e+00  0.000000e+00
   outer loop
     vertex  1.475000e+02  8.996183e+01  1.720164e+01
     vertex  1.475000e+02  9.000417e+01  1.725559e+01
     vertex  1.475000e+02  9.002421e+01  1.728342e+01
   endloop
 endfacet
 facet normal  1.000000e+00  0.000000e+00  0.000000e+00
   outer loop
     vertex  1.475000e+02  8.996183e+01  1.720164e+01
     vertex  1.475000e+02  8.998337e+01  1.722832e+01
     vertex  1.475000e+02  9.000417e+01  1.725559e+01
   endloop
 endfacet
 facet normal  1.000000e+00  0.000000e+00  0.000000e+00
   outer loop
     vertex  1.475000e+02  8.991659e+01  1.715008e+01
     vertex  1.475000e+02  8.993956e+01  1.717555e+01
     vertex  1.475000e+02  8.996183e+01  1.720164e+01
   endloop
 endfacet
 facet normal  1.000000e+00  0.000000e+00  0.000000e+00
   outer loop
     vertex  1.475000e+02  8.814382e+01  1.891074e+01
     vertex  1.475000e+02  8.819506e+01  1.895633e+01
     vertex  1.475000e+02  8.816912e+01  1.893389e+01
   endloop
 endfacet
 facet normal  1.000000e+00  0.000000e+00  0.000000e+00
   outer loop
     vertex  1.475000e+02  8.811915e+01  1.888691e+01
     vertex  1.475000e+02  8.836267e+01  1.907532e+01
     vertex  1.475000e+02  8.830465e+01  1.903874e+01
   endloop
 endfacet
 facet normal  1.000000e+00  0.000000e+00  0.000000e+00
   outer loop
     vertex  1.475000e+02  8.811915e+01  1.888691e+01
     vertex  1.475000e+02  8.830465e+01  1.903874e+01
     vertex  1.475000e+02  8.822160e+01  1.897805e+01
   endloop
 endfacet
 facet normal  1.000000e+00  0.000000e+00  0.000000e+00
   outer loop
     vertex  1.475000e+02  8.811915e+01  1.888691e+01
     vertex  1.475000e+02  8.819506e+01  1.895633e+01
     vertex  1.475000e+02  8.814382e+01  1.891074e+01
   endloop
 endfacet
 facet normal  1.000000e+00  0.000000e+00  0.000000e+00
   outer loop
     vertex  1.475000e+02  8.811915e+01  1.888691e+01
     vertex  1.475000e+02  8.822160e+01  1.897805e+01
     vertex  1.475000e+02  8.819506e+01  1.895633e+01
   endloop
 endfacet
 facet normal  1.000000e+00  0.000000e+00  0.000000e+00
   outer loop
     vertex  1.475000e+02  8.981799e+01  1.705480e+01
     vertex  1.475000e+02  8.984361e+01  1.707760e+01
     vertex  1.475000e+02  8.986860e+01  1.710109e+01
   endloop
 endfacet
 facet normal  1.000000e+00  0.000000e+00  0.000000e+00
   outer loop
     vertex  1.475000e+02  8.981799e+01  1.705480e+01
     vertex  1.475000e+02  8.989293e+01  1.712526e+01
     vertex  1.475000e+02  8.991659e+01  1.715008e+01
   endloop
 endfacet
 facet normal  1.000000e+00  0.000000e+00  0.000000e+00
   outer loop
     vertex  1.475000e+02  8.981799e+01  1.705480e+01
     vertex  1.475000e+02  8.986860e+01  1.710109e+01
     vertex  1.475000e+02  8.989293e+01  1.712526e+01
   endloop
 endfacet
 facet normal  1.000000e+00  0.000000e+00  0.000000e+00
   outer loop
     vertex  1.475000e+02  8.804921e+01  1.881148e+01
     vertex  1.475000e+02  8.857964e+01  1.917720e+01
     vertex  1.475000e+02  8.848428e+01  1.913865e+01
   endloop
 endfacet
 facet normal  1.000000e+00  0.000000e+00  0.000000e+00
   outer loop
     vertex  1.475000e+02  8.804921e+01  1.881148e+01
     vertex  1.475000e+02  8.836267e+01  1.907532e+01
     vertex  1.475000e+02  8.811915e+01  1.888691e+01
   endloop
 endfacet
 facet normal  1.000000e+00  0.000000e+00  0.000000e+00
   outer loop
     vertex  1.475000e+02  8.804921e+01  1.881148e+01
     vertex  1.475000e+02  8.809515e+01  1.886241e+01
     vertex  1.475000e+02  8.807183e+01  1.883726e+01
   endloop
 endfacet
 facet normal  1.000000e+00  0.000000e+00  0.000000e+00
   outer loop
     vertex  1.475000e+02  8.804921e+01  1.881148e+01
     vertex  1.475000e+02  8.811915e+01  1.888691e+01
     vertex  1.475000e+02  8.809515e+01  1.886241e+01
   endloop
 endfacet
 facet normal  1.000000e+00  0.000000e+00  0.000000e+00
   outer loop
     vertex  1.475000e+02  8.804921e+01  1.881148e+01
     vertex  1.475000e+02  8.848428e+01  1.913865e+01
     vertex  1.475000e+02  8.836267e+01  1.907532e+01
   endloop
 endfacet
 facet normal  1.000000e+00  0.000000e+00  0.000000e+00
   outer loop
     vertex  1.475000e+02  8.979175e+01  1.703272e+01
     vertex  1.475000e+02  8.991659e+01  1.715008e+01
     vertex  1.475000e+02  8.996183e+01  1.720164e+01
   endloop
 endfacet
 facet normal  1.000000e+00  0.000000e+00  0.000000e+00
   outer loop
     vertex  1.475000e+02  8.979175e+01  1.703272e+01
     vertex  1.475000e+02  8.981799e+01  1.705480e+01
     vertex  1.475000e+02  8.991659e+01  1.715008e+01
   endloop
 endfacet
 facet normal  1.000000e+00  0.000000e+00  0.000000e+00
   outer loop
     vertex  1.475000e+02  8.800614e+01  1.875811e+01
     vertex  1.475000e+02  8.804921e+01  1.881148e+01
     vertex  1.475000e+02  8.802731e+01  1.878509e+01
   endloop
 endfacet
 facet normal  1.000000e+00  0.000000e+00  0.000000e+00
   outer loop
     vertex  1.475000e+02  8.973750e+01  1.699075e+01
     vertex  1.475000e+02  8.976491e+01  1.701136e+01
     vertex  1.475000e+02  8.979175e+01  1.703272e+01
   endloop
 endfacet
 facet normal  1.000000e+00  0.000000e+00  0.000000e+00
   outer loop
     vertex  1.475000e+02  8.973750e+01  1.699075e+01
     vertex  1.475000e+02  8.979175e+01  1.703272e+01
     vertex  1.475000e+02  8.996183e+01  1.720164e+01
   endloop
 endfacet
 facet normal  1.000000e+00  0.000000e+00  0.000000e+00
   outer loop
     vertex  1.475000e+02  8.796605e+01  1.870246e+01
     vertex  1.475000e+02  8.800614e+01  1.875811e+01
     vertex  1.475000e+02  8.798571e+01  1.873056e+01
   endloop
 endfacet
 facet normal  1.000000e+00  0.000000e+00  0.000000e+00
   outer loop
     vertex  1.475000e+02  8.796605e+01  1.870246e+01
     vertex  1.475000e+02  8.804921e+01  1.881148e+01
     vertex  1.475000e+02  8.800614e+01  1.875811e+01
   endloop
 endfacet
 facet normal  1.000000e+00  0.000000e+00  0.000000e+00
   outer loop
     vertex  1.475000e+02  8.794717e+01  1.867383e+01
     vertex  1.475000e+02  8.804921e+01  1.881148e+01
     vertex  1.475000e+02  8.796605e+01  1.870246e+01
   endloop
 endfacet
 facet normal  1.000000e+00  0.000000e+00  0.000000e+00
   outer loop
     vertex  1.475000e+02  8.965203e+01  1.693353e+01
     vertex  1.475000e+02  8.970954e+01  1.697090e+01
     vertex  1.475000e+02  8.973750e+01  1.699075e+01
   endloop
 endfacet
 facet normal  1.000000e+00  0.000000e+00  0.000000e+00
   outer loop
     vertex  1.475000e+02  8.965203e+01  1.693353e+01
     vertex  1.475000e+02  8.968104e+01  1.695182e+01
     vertex  1.475000e+02  8.970954e+01  1.697090e+01
   endloop
 endfacet
 facet normal  1.000000e+00  0.000000e+00  0.000000e+00
   outer loop
     vertex  1.475000e+02  8.791180e+01  1.861507e+01
     vertex  1.475000e+02  8.794717e+01  1.867383e+01
     vertex  1.475000e+02  8.792908e+01  1.864470e+01
   endloop
 endfacet
 facet normal  1.000000e+00  0.000000e+00  0.000000e+00
   outer loop
     vertex  1.475000e+02  8.789533e+01  1.858499e+01
     vertex  1.475000e+02  8.794717e+01  1.867383e+01
     vertex  1.475000e+02  8.791180e+01  1.861507e+01
   endloop
 endfacet
 facet normal  1.000000e+00  0.000000e+00  0.000000e+00
   outer loop
     vertex  1.475000e+02  8.956213e+01  1.688353e+01
     vertex  1.475000e+02  8.962252e+01  1.691604e+01
     vertex  1.475000e+02  8.965203e+01  1.693353e+01
   endloop
 endfacet
 facet normal  1.000000e+00  0.000000e+00  0.000000e+00
   outer loop
     vertex  1.475000e+02  8.956213e+01  1.688353e+01
     vertex  1.475000e+02  8.959255e+01  1.689937e+01
     vertex  1.475000e+02  8.962252e+01  1.691604e+01
   endloop
 endfacet
 facet normal  1.000000e+00  0.000000e+00  0.000000e+00
   outer loop
     vertex  1.475000e+02  8.956213e+01  1.688353e+01
     vertex  1.475000e+02  8.965203e+01  1.693353e+01
     vertex  1.475000e+02  8.973750e+01  1.699075e+01
   endloop
 endfacet
 facet normal  1.000000e+00  0.000000e+00  0.000000e+00
   outer loop
     vertex  1.475000e+02  8.953129e+01  1.686853e+01
     vertex  1.475000e+02  8.956213e+01  1.688353e+01
     vertex  1.475000e+02  8.973750e+01  1.699075e+01
   endloop
 endfacet
 facet normal  1.000000e+00  0.000000e+00  0.000000e+00
   outer loop
     vertex  1.475000e+02  8.786491e+01  1.852352e+01
     vertex  1.475000e+02  9.022862e+01  1.823018e+01
     vertex  1.475000e+02  9.021415e+01  1.829722e+01
   endloop
 endfacet
 facet normal  1.000000e+00  0.000000e+00  0.000000e+00
   outer loop
     vertex  1.475000e+02  8.786491e+01  1.852352e+01
     vertex  1.475000e+02  9.008820e+01  1.861507e+01
     vertex  1.475000e+02  9.007092e+01  1.864470e+01
   endloop
 endfacet
 facet normal  1.000000e+00  0.000000e+00  0.000000e+00
   outer loop
     vertex  1.475000e+02  8.786491e+01  1.852352e+01
     vertex  1.475000e+02  9.003395e+01  1.870246e+01
     vertex  1.475000e+02  8.871111e+01  1.921616e+01
   endloop
 endfacet
 facet normal  1.000000e+00  0.000000e+00  0.000000e+00
   outer loop
     vertex  1.475000e+02  8.786491e+01  1.852352e+01
     vertex  1.475000e+02  8.804921e+01  1.881148e+01
     vertex  1.475000e+02  8.794717e+01  1.867383e+01
   endloop
 endfacet
 facet normal  1.000000e+00  0.000000e+00  0.000000e+00
   outer loop
     vertex  1.475000e+02  8.786491e+01  1.852352e+01
     vertex  1.475000e+02  8.857964e+01  1.917720e+01
     vertex  1.475000e+02  8.804921e+01  1.881148e+01
   endloop
 endfacet
 facet normal  1.000000e+00  0.000000e+00  0.000000e+00
   outer loop
     vertex  1.475000e+02  8.786491e+01  1.852352e+01
     vertex  1.475000e+02  9.023448e+01  1.819639e+01
     vertex  1.475000e+02  9.022862e+01  1.823018e+01
   endloop
 endfacet
 facet normal  1.000000e+00  0.000000e+00  0.000000e+00
   outer loop
     vertex  1.475000e+02  8.786491e+01  1.852352e+01
     vertex  1.475000e+02  9.023940e+01  1.816245e+01
     vertex  1.475000e+02  9.023448e+01  1.819639e+01
   endloop
 endfacet
 facet normal  1.000000e+00  0.000000e+00  0.000000e+00
   outer loop
     vertex  1.475000e+02  8.786491e+01  1.852352e+01
     vertex  1.475000e+02  9.007092e+01  1.864470e+01
     vertex  1.475000e+02  9.003395e+01  1.870246e+01
   endloop
 endfacet
 facet normal  1.000000e+00  0.000000e+00  0.000000e+00
   outer loop
     vertex  1.475000e+02  8.786491e+01  1.852352e+01
     vertex  1.475000e+02  8.789533e+01  1.858499e+01
     vertex  1.475000e+02  8.787970e+01  1.855446e+01
   endloop
 endfacet
 facet normal  1.000000e+00 -0.000000e+00  0.000000e+00
   outer loop
     vertex  1.475000e+02  8.786491e+01  1.852352e+01
     vertex  1.475000e+02  9.013509e+01  1.852352e+01
     vertex  1.475000e+02  9.008820e+01  1.861507e+01
   endloop
 endfacet
 facet normal  1.000000e+00  0.000000e+00  0.000000e+00
   outer loop
     vertex  1.475000e+02  8.786491e+01  1.852352e+01
     vertex  1.475000e+02  8.871111e+01  1.921616e+01
     vertex  1.475000e+02  8.857964e+01  1.917720e+01
   endloop
 endfacet
 facet normal  1.000000e+00  0.000000e+00  0.000000e+00
   outer loop
     vertex  1.475000e+02  8.786491e+01  1.852352e+01
     vertex  1.475000e+02  9.018560e+01  1.839604e+01
     vertex  1.475000e+02  9.013509e+01  1.852352e+01
   endloop
 endfacet
 facet normal  1.000000e+00  0.000000e+00  0.000000e+00
   outer loop
     vertex  1.475000e+02  8.786491e+01  1.852352e+01
     vertex  1.475000e+02  8.794717e+01  1.867383e+01
     vertex  1.475000e+02  8.789533e+01  1.858499e+01
   endloop
 endfacet
 facet normal  1.000000e+00  0.000000e+00  0.000000e+00
   outer loop
     vertex  1.475000e+02  8.786491e+01  1.852352e+01
     vertex  1.475000e+02  9.021415e+01  1.829722e+01
     vertex  1.475000e+02  9.018560e+01  1.839604e+01
   endloop
 endfacet
 facet normal  1.000000e+00  0.000000e+00  0.000000e+00
   outer loop
     vertex  1.475000e+02  8.946843e+01  1.684109e+01
     vertex  1.475000e+02  8.950005e+01  1.685438e+01
     vertex  1.475000e+02  8.953129e+01  1.686853e+01
   endloop
 endfacet
 facet normal  1.000000e+00  0.000000e+00  0.000000e+00
   outer loop
     vertex  1.475000e+02  8.940417e+01  1.681714e+01
     vertex  1.475000e+02  8.943647e+01  1.682868e+01
     vertex  1.475000e+02  8.946843e+01  1.684109e+01
   endloop
 endfacet
 facet normal  1.000000e+00  0.000000e+00  0.000000e+00
   outer loop
     vertex  1.475000e+02  8.940417e+01  1.681714e+01
     vertex  1.475000e+02  8.946843e+01  1.684109e+01
     vertex  1.475000e+02  8.953129e+01  1.686853e+01
   endloop
 endfacet
 facet normal  1.000000e+00  0.000000e+00  0.000000e+00
   outer loop
     vertex  1.475000e+02  8.781440e+01  1.839604e+01
     vertex  1.475000e+02  8.783791e+01  1.846047e+01
     vertex  1.475000e+02  8.782571e+01  1.842842e+01
   endloop
 endfacet
 facet normal  1.000000e+00  0.000000e+00  0.000000e+00
   outer loop
     vertex  1.475000e+02  8.781440e+01  1.839604e+01
     vertex  1.475000e+02  8.785098e+01  1.849218e+01
     vertex  1.475000e+02  8.783791e+01  1.846047e+01
   endloop
 endfacet
 facet normal  1.000000e+00  0.000000e+00  0.000000e+00
   outer loop
     vertex  1.475000e+02  8.781440e+01  1.839604e+01
     vertex  1.475000e+02  8.786491e+01  1.852352e+01
     vertex  1.475000e+02  8.785098e+01  1.849218e+01
   endloop
 endfacet
 facet normal  1.000000e+00  0.000000e+00  0.000000e+00
   outer loop
     vertex  1.475000e+02  8.937156e+01  1.680650e+01
     vertex  1.475000e+02  8.940417e+01  1.681714e+01
     vertex  1.475000e+02  8.953129e+01  1.686853e+01
   endloop
 endfacet
 facet normal  1.000000e+00  0.000000e+00  0.000000e+00
   outer loop
     vertex  1.475000e+02  8.933868e+01  1.679676e+01
     vertex  1.475000e+02  8.937156e+01  1.680650e+01
     vertex  1.475000e+02  8.953129e+01  1.686853e+01
   endloop
 endfacet
 facet normal  1.000000e+00  0.000000e+00  0.000000e+00
   outer loop
     vertex  1.475000e+02  8.933868e+01  1.679676e+01
     vertex  1.475000e+02  8.953129e+01  1.686853e+01
     vertex  1.475000e+02  8.973750e+01  1.699075e+01
   endloop
 endfacet
 facet normal  1.000000e+00  0.000000e+00  0.000000e+00
   outer loop
     vertex  1.475000e+02  8.777815e+01  1.826380e+01
     vertex  1.475000e+02  8.779446e+01  1.833042e+01
     vertex  1.475000e+02  8.778585e+01  1.829722e+01
   endloop
 endfacet
 facet normal  1.000000e+00  0.000000e+00  0.000000e+00
   outer loop
     vertex  1.475000e+02  8.777815e+01  1.826380e+01
     vertex  1.475000e+02  8.780398e+01  1.836337e+01
     vertex  1.475000e+02  8.779446e+01  1.833042e+01
   endloop
 endfacet
 facet normal  1.000000e+00  0.000000e+00  0.000000e+00
   outer loop
     vertex  1.475000e+02  8.923860e+01  1.677298e+01
     vertex  1.475000e+02  8.930554e+01  1.678792e+01
     vertex  1.475000e+02  8.933868e+01  1.679676e+01
   endloop
 endfacet
 facet normal  1.000000e+00  0.000000e+00  0.000000e+00
   outer loop
     vertex  1.475000e+02  8.923860e+01  1.677298e+01
     vertex  1.475000e+02  8.927218e+01  1.677999e+01
     vertex  1.475000e+02  8.930554e+01  1.678792e+01
   endloop
 endfacet
 facet normal  1.000000e+00  0.000000e+00  0.000000e+00
   outer loop
     vertex  1.475000e+02  8.923860e+01  1.677298e+01
     vertex  1.475000e+02  8.933868e+01  1.679676e+01
     vertex  1.475000e+02  8.973750e+01  1.699075e+01
   endloop
 endfacet
 facet normal  1.000000e+00  0.000000e+00  0.000000e+00
   outer loop
     vertex  1.475000e+02  8.777138e+01  1.823018e+01
     vertex  1.475000e+02  8.780398e+01  1.836337e+01
     vertex  1.475000e+02  8.777815e+01  1.826380e+01
   endloop
 endfacet
 facet normal  1.000000e+00  0.000000e+00  0.000000e+00
   outer loop
     vertex  1.475000e+02  8.777138e+01  1.823018e+01
     vertex  1.475000e+02  8.781440e+01  1.839604e+01
     vertex  1.475000e+02  8.780398e+01  1.836337e+01
   endloop
 endfacet
 facet normal  1.000000e+00  0.000000e+00  0.000000e+00
   outer loop
     vertex  1.475000e+02  8.917095e+01  1.676174e+01
     vertex  1.475000e+02  8.920485e+01  1.676690e+01
     vertex  1.475000e+02  8.923860e+01  1.677298e+01
   endloop
 endfacet
 facet normal  1.000000e+00  0.000000e+00  0.000000e+00
   outer loop
     vertex  1.475000e+02  8.913691e+01  1.675752e+01
     vertex  1.475000e+02  8.917095e+01  1.676174e+01
     vertex  1.475000e+02  8.923860e+01  1.677298e+01
   endloop
 endfacet
 facet normal  1.000000e+00  0.000000e+00  0.000000e+00
   outer loop
     vertex  1.475000e+02  8.775356e+01  1.809423e+01
     vertex  1.475000e+02  8.776060e+01  1.816245e+01
     vertex  1.475000e+02  8.775661e+01  1.812839e+01
   endloop
 endfacet
 facet normal  1.000000e+00  0.000000e+00  0.000000e+00
   outer loop
     vertex  1.475000e+02  8.775356e+01  1.809423e+01
     vertex  1.475000e+02  8.776552e+01  1.819639e+01
     vertex  1.475000e+02  8.776060e+01  1.816245e+01
   endloop
 endfacet
 facet normal  1.000000e+00  0.000000e+00  0.000000e+00
   outer loop
     vertex  1.475000e+02  8.775356e+01  1.809423e+01
     vertex  1.475000e+02  8.777138e+01  1.823018e+01
     vertex  1.475000e+02  8.776552e+01  1.819639e+01
   endloop
 endfacet
 facet normal  1.000000e+00  0.000000e+00  0.000000e+00
   outer loop
     vertex  1.475000e+02  8.903429e+01  1.675047e+01
     vertex  1.475000e+02  8.906856e+01  1.675188e+01
     vertex  1.475000e+02  8.910277e+01  1.675423e+01
   endloop
 endfacet
 facet normal  1.000000e+00  0.000000e+00  0.000000e+00
   outer loop
     vertex  1.475000e+02  8.900000e+01  1.675000e+01
     vertex  1.475000e+02  8.903429e+01  1.675047e+01
     vertex  1.475000e+02  8.910277e+01  1.675423e+01
   endloop
 endfacet
 facet normal  1.000000e+00  0.000000e+00  0.000000e+00
   outer loop
     vertex  1.475000e+02  8.775003e+01  1.799143e+01
     vertex  1.475000e+02  8.777138e+01  1.823018e+01
     vertex  1.475000e+02  8.775356e+01  1.809423e+01
   endloop
 endfacet
 facet normal  1.000000e+00  0.000000e+00  0.000000e+00
   outer loop
     vertex  1.475000e+02  8.775003e+01  1.799143e+01
     vertex  1.475000e+02  8.775144e+01  1.806000e+01
     vertex  1.475000e+02  8.775026e+01  1.802572e+01
   endloop
 endfacet
 facet normal  1.000000e+00  0.000000e+00  0.000000e+00
   outer loop
     vertex  1.475000e+02  8.775003e+01  1.799143e+01
     vertex  1.475000e+02  8.775356e+01  1.809423e+01
     vertex  1.475000e+02  8.775144e+01  1.806000e+01
   endloop
 endfacet
 facet normal  1.000000e+00 -0.000000e+00  0.000000e+00
   outer loop
     vertex  1.475000e+02  8.896571e+01  1.675047e+01
     vertex  1.475000e+02  8.900000e+01  1.675000e+01
     vertex  1.475000e+02  8.910277e+01  1.675423e+01
   endloop
 endfacet
 facet normal  1.000000e+00  0.000000e+00  0.000000e+00
   outer loop
     vertex  1.475000e+02  8.893144e+01  1.675188e+01
     vertex  1.475000e+02  8.910277e+01  1.675423e+01
     vertex  1.475000e+02  8.913691e+01  1.675752e+01
   endloop
 endfacet
 facet normal  1.000000e+00 -0.000000e+00  0.000000e+00
   outer loop
     vertex  1.475000e+02  8.893144e+01  1.675188e+01
     vertex  1.475000e+02  8.896571e+01  1.675047e+01
     vertex  1.475000e+02  8.910277e+01  1.675423e+01
   endloop
 endfacet
 facet normal  1.000000e+00  0.000000e+00  0.000000e+00
   outer loop
     vertex  1.475000e+02  8.775238e+01  1.792288e+01
     vertex  1.475000e+02  8.775003e+01  1.799143e+01
     vertex  1.475000e+02  8.775074e+01  1.795714e+01
   endloop
 endfacet
 facet normal  1.000000e+00 -0.000000e+00  0.000000e+00
   outer loop
     vertex  1.475000e+02  8.889723e+01  1.675423e+01
     vertex  1.475000e+02  8.893144e+01  1.675188e+01
     vertex  1.475000e+02  8.913691e+01  1.675752e+01
   endloop
 endfacet
 facet normal  1.000000e+00  0.000000e+00  0.000000e+00
   outer loop
     vertex  1.475000e+02  8.775849e+01  1.785457e+01
     vertex  1.475000e+02  8.786491e+01  1.852352e+01
     vertex  1.475000e+02  8.781440e+01  1.839604e+01
   endloop
 endfacet
 facet normal  1.000000e+00  0.000000e+00  0.000000e+00
   outer loop
     vertex  1.475000e+02  8.775849e+01  1.785457e+01
     vertex  1.475000e+02  8.781440e+01  1.839604e+01
     vertex  1.475000e+02  8.777138e+01  1.823018e+01
   endloop
 endfacet
 facet normal  1.000000e+00  0.000000e+00  0.000000e+00
   outer loop
     vertex  1.475000e+02  8.775849e+01  1.785457e+01
     vertex  1.475000e+02  8.775003e+01  1.799143e+01
     vertex  1.475000e+02  8.775238e+01  1.792288e+01
   endloop
 endfacet
 facet normal  1.000000e+00  0.000000e+00  0.000000e+00
   outer loop
     vertex  1.475000e+02  8.775849e+01  1.785457e+01
     vertex  1.475000e+02  8.775238e+01  1.792288e+01
     vertex  1.475000e+02  8.775497e+01  1.788868e+01
   endloop
 endfacet
 facet normal  1.000000e+00  0.000000e+00 -0.000000e+00
   outer loop
     vertex  1.475000e+02  8.775849e+01  1.785457e+01
     vertex  1.475000e+02  8.777138e+01  1.823018e+01
     vertex  1.475000e+02  8.775003e+01  1.799143e+01
   endloop
 endfacet
 facet normal  1.000000e+00  0.000000e+00  0.000000e+00
   outer loop
     vertex  1.475000e+02  8.879515e+01  1.676690e+01
     vertex  1.475000e+02  8.886309e+01  1.675752e+01
     vertex  1.475000e+02  8.889723e+01  1.675423e+01
   endloop
 endfacet
 facet normal  1.000000e+00  0.000000e+00  0.000000e+00
   outer loop
     vertex  1.475000e+02  8.879515e+01  1.676690e+01
     vertex  1.475000e+02  8.882905e+01  1.676174e+01
     vertex  1.475000e+02  8.886309e+01  1.675752e+01
   endloop
 endfacet
 facet normal  1.000000e+00  0.000000e+00  0.000000e+00
   outer loop
     vertex  1.475000e+02  8.777465e+01  1.775298e+01
     vertex  1.475000e+02  9.023940e+01  1.816245e+01
     vertex  1.475000e+02  8.786491e+01  1.852352e+01
   endloop
 endfacet
 facet normal  1.000000e+00  0.000000e+00  0.000000e+00
   outer loop
     vertex  1.475000e+02  8.777465e+01  1.775298e+01
     vertex  1.475000e+02  9.024644e+01  1.809423e+01
     vertex  1.475000e+02  9.023940e+01  1.816245e+01
   endloop
 endfacet
 facet normal  1.000000e+00  0.000000e+00  0.000000e+00
   outer loop
     vertex  1.475000e+02  8.777465e+01  1.775298e+01
     vertex  1.475000e+02  8.776295e+01  1.782056e+01
     vertex  1.475000e+02  8.776833e+01  1.778669e+01
   endloop
 endfacet
 facet normal  1.000000e+00  0.000000e+00  0.000000e+00
   outer loop
     vertex  1.475000e+02  8.777465e+01  1.775298e+01
     vertex  1.475000e+02  8.775849e+01  1.785457e+01
     vertex  1.475000e+02  8.776295e+01  1.782056e+01
   endloop
 endfacet
 facet normal  1.000000e+00  0.000000e+00 -0.000000e+00
   outer loop
     vertex  1.475000e+02  8.777465e+01  1.775298e+01
     vertex  1.475000e+02  8.786491e+01  1.852352e+01
     vertex  1.475000e+02  8.775849e+01  1.785457e+01
   endloop
 endfacet
 facet normal  1.000000e+00  0.000000e+00  0.000000e+00
   outer loop
     vertex  1.475000e+02  8.872782e+01  1.677999e+01
     vertex  1.475000e+02  8.876140e+01  1.677298e+01
     vertex  1.475000e+02  8.879515e+01  1.676690e+01
   endloop
 endfacet
 facet normal  1.000000e+00  0.000000e+00  0.000000e+00
   outer loop
     vertex  1.475000e+02  8.872782e+01  1.677999e+01
     vertex  1.475000e+02  8.879515e+01  1.676690e+01
     vertex  1.475000e+02  8.889723e+01  1.675423e+01
   endloop
 endfacet
 facet normal  1.000000e+00  0.000000e+00  0.000000e+00
   outer loop
     vertex  1.475000e+02  8.872782e+01  1.677999e+01
     vertex  1.475000e+02  8.889723e+01  1.675423e+01
     vertex  1.475000e+02  8.913691e+01  1.675752e+01
   endloop
 endfacet
 facet normal  1.000000e+00  0.000000e+00  0.000000e+00
   outer loop
     vertex  1.475000e+02  8.779911e+01  1.765307e+01
     vertex  1.475000e+02  8.778189e+01  1.771946e+01
     vertex  1.475000e+02  8.779004e+01  1.768615e+01
   endloop
 endfacet
 facet normal  1.000000e+00  0.000000e+00  0.000000e+00
   outer loop
     vertex  1.475000e+02  8.862844e+01  1.680650e+01
     vertex  1.475000e+02  8.866132e+01  1.679676e+01
     vertex  1.475000e+02  8.869446e+01  1.678792e+01
   endloop
 endfacet
 facet normal  1.000000e+00  0.000000e+00  0.000000e+00
   outer loop
     vertex  1.475000e+02  8.780908e+01  1.762026e+01
     vertex  1.475000e+02  8.778189e+01  1.771946e+01
     vertex  1.475000e+02  8.779911e+01  1.765307e+01
   endloop
 endfacet
 facet normal  1.000000e+00  0.000000e+00  0.000000e+00
   outer loop
     vertex  1.475000e+02  8.859583e+01  1.681714e+01
     vertex  1.475000e+02  8.862844e+01  1.680650e+01
     vertex  1.475000e+02  8.869446e+01  1.678792e+01
   endloop
 endfacet
 facet normal  1.000000e+00  0.000000e+00  0.000000e+00
   outer loop
     vertex  1.475000e+02  8.859583e+01  1.681714e+01
     vertex  1.475000e+02  8.869446e+01  1.678792e+01
     vertex  1.475000e+02  8.872782e+01  1.677999e+01
   endloop
 endfacet
 facet normal  1.000000e+00  0.000000e+00  0.000000e+00
   outer loop
     vertex  1.475000e+02  8.781994e+01  1.758773e+01
     vertex  1.475000e+02  8.778189e+01  1.771946e+01
     vertex  1.475000e+02  8.780908e+01  1.762026e+01
   endloop
 endfacet
 facet normal  1.000000e+00  0.000000e+00  0.000000e+00
   outer loop
     vertex  1.475000e+02  8.783170e+01  1.755551e+01
     vertex  1.475000e+02  8.778189e+01  1.771946e+01
     vertex  1.475000e+02  8.781994e+01  1.758773e+01
   endloop
 endfacet
 facet normal  1.000000e+00  0.000000e+00  0.000000e+00
   outer loop
     vertex  1.475000e+02  8.853157e+01  1.684109e+01
     vertex  1.475000e+02  8.859583e+01  1.681714e+01
     vertex  1.475000e+02  8.872782e+01  1.677999e+01
   endloop
 endfacet
 facet normal  1.000000e+00  0.000000e+00  0.000000e+00
   outer loop
     vertex  1.475000e+02  8.853157e+01  1.684109e+01
     vertex  1.475000e+02  8.856353e+01  1.682868e+01
     vertex  1.475000e+02  8.859583e+01  1.681714e+01
   endloop
 endfacet
 facet normal  1.000000e+00  0.000000e+00  0.000000e+00
   outer loop
     vertex  1.475000e+02  8.784433e+01  1.752363e+01
     vertex  1.475000e+02  8.777465e+01  1.775298e+01
     vertex  1.475000e+02  8.778189e+01  1.771946e+01
   endloop
 endfacet
 facet normal  1.000000e+00  0.000000e+00  0.000000e+00
   outer loop
     vertex  1.475000e+02  8.784433e+01  1.752363e+01
     vertex  1.475000e+02  8.778189e+01  1.771946e+01
     vertex  1.475000e+02  8.783170e+01  1.755551e+01
   endloop
 endfacet
 facet normal  1.000000e+00  0.000000e+00  0.000000e+00
   outer loop
     vertex  1.475000e+02  8.849995e+01  1.685438e+01
     vertex  1.475000e+02  8.853157e+01  1.684109e+01
     vertex  1.475000e+02  8.872782e+01  1.677999e+01
   endloop
 endfacet
 facet normal  1.000000e+00  0.000000e+00  0.000000e+00
   outer loop
     vertex  1.475000e+02  8.785784e+01  1.749210e+01
     vertex  1.475000e+02  8.777465e+01  1.775298e+01
     vertex  1.475000e+02  8.784433e+01  1.752363e+01
   endloop
 endfacet
 facet normal  1.000000e+00  0.000000e+00  0.000000e+00
   outer loop
     vertex  1.475000e+02  8.843787e+01  1.688353e+01
     vertex  1.475000e+02  8.846871e+01  1.686853e+01
     vertex  1.475000e+02  8.849995e+01  1.685438e+01
   endloop
 endfacet
 facet normal  1.000000e+00  0.000000e+00  0.000000e+00
   outer loop
     vertex  1.475000e+02  8.840745e+01  1.689937e+01
     vertex  1.475000e+02  8.843787e+01  1.688353e+01
     vertex  1.475000e+02  8.849995e+01  1.685438e+01
   endloop
 endfacet
 facet normal  1.000000e+00  0.000000e+00  0.000000e+00
   outer loop
     vertex  1.475000e+02  8.790346e+01  1.739991e+01
     vertex  1.475000e+02  8.787220e+01  1.746096e+01
     vertex  1.475000e+02  8.788741e+01  1.743022e+01
   endloop
 endfacet
 facet normal  1.000000e+00  0.000000e+00  0.000000e+00
   outer loop
     vertex  1.475000e+02  8.790346e+01  1.739991e+01
     vertex  1.475000e+02  8.785784e+01  1.749210e+01
     vertex  1.475000e+02  8.787220e+01  1.746096e+01
   endloop
 endfacet
 facet normal  1.000000e+00  0.000000e+00  0.000000e+00
   outer loop
     vertex  1.475000e+02  8.834797e+01  1.693353e+01
     vertex  1.475000e+02  8.837748e+01  1.691604e+01
     vertex  1.475000e+02  8.840745e+01  1.689937e+01
   endloop
 endfacet
 facet normal  1.000000e+00  0.000000e+00  0.000000e+00
   outer loop
     vertex  1.475000e+02  8.834797e+01  1.693353e+01
     vertex  1.475000e+02  8.840745e+01  1.689937e+01
     vertex  1.475000e+02  8.849995e+01  1.685438e+01
   endloop
 endfacet
 facet normal  1.000000e+00  0.000000e+00  0.000000e+00
   outer loop
     vertex  1.475000e+02  8.793803e+01  1.734067e+01
     vertex  1.475000e+02  8.790346e+01  1.739991e+01
     vertex  1.475000e+02  8.792034e+01  1.737006e+01
   endloop
 endfacet
 facet normal  1.000000e+00  0.000000e+00  0.000000e+00
   outer loop
     vertex  1.475000e+02  8.793803e+01  1.734067e+01
     vertex  1.475000e+02  8.785784e+01  1.749210e+01
     vertex  1.475000e+02  8.790346e+01  1.739991e+01
   endloop
 endfacet
 facet normal  1.000000e+00  0.000000e+00  0.000000e+00
   outer loop
     vertex  1.475000e+02  8.826250e+01  1.699075e+01
     vertex  1.475000e+02  8.831896e+01  1.695182e+01
     vertex  1.475000e+02  8.834797e+01  1.693353e+01
   endloop
 endfacet
 facet normal  1.000000e+00  0.000000e+00  0.000000e+00
   outer loop
     vertex  1.475000e+02  8.826250e+01  1.699075e+01
     vertex  1.475000e+02  8.829046e+01  1.697090e+01
     vertex  1.475000e+02  8.831896e+01  1.695182e+01
   endloop
 endfacet
 facet normal  1.000000e+00  0.000000e+00  0.000000e+00
   outer loop
     vertex  1.475000e+02  8.799583e+01  1.725559e+01
     vertex  1.475000e+02  8.795651e+01  1.731179e+01
     vertex  1.475000e+02  8.797579e+01  1.728342e+01
   endloop
 endfacet
 facet normal  1.000000e+00  0.000000e+00  0.000000e+00
   outer loop
     vertex  1.475000e+02  8.823509e+01  1.701136e+01
     vertex  1.475000e+02  8.849995e+01  1.685438e+01
     vertex  1.475000e+02  8.872782e+01  1.677999e+01
   endloop
 endfacet
 facet normal  1.000000e+00  0.000000e+00  0.000000e+00
   outer loop
     vertex  1.475000e+02  8.823509e+01  1.701136e+01
     vertex  1.475000e+02  8.834797e+01  1.693353e+01
     vertex  1.475000e+02  8.849995e+01  1.685438e+01
   endloop
 endfacet
 facet normal  1.000000e+00  0.000000e+00  0.000000e+00
   outer loop
     vertex  1.475000e+02  8.823509e+01  1.701136e+01
     vertex  1.475000e+02  8.826250e+01  1.699075e+01
     vertex  1.475000e+02  8.834797e+01  1.693353e+01
   endloop
 endfacet
 facet normal  1.000000e+00  0.000000e+00  0.000000e+00
   outer loop
     vertex  1.475000e+02  8.801663e+01  1.722832e+01
     vertex  1.475000e+02  8.793803e+01  1.734067e+01
     vertex  1.475000e+02  8.795651e+01  1.731179e+01
   endloop
 endfacet
 facet normal  1.000000e+00  0.000000e+00  0.000000e+00
   outer loop
     vertex  1.475000e+02  8.801663e+01  1.722832e+01
     vertex  1.475000e+02  8.795651e+01  1.731179e+01
     vertex  1.475000e+02  8.799583e+01  1.725559e+01
   endloop
 endfacet
 facet normal  1.000000e+00  0.000000e+00  0.000000e+00
   outer loop
     vertex  1.475000e+02  8.820825e+01  1.703272e+01
     vertex  1.475000e+02  8.823509e+01  1.701136e+01
     vertex  1.475000e+02  8.872782e+01  1.677999e+01
   endloop
 endfacet
 facet normal  1.000000e+00  0.000000e+00  0.000000e+00
   outer loop
     vertex  1.475000e+02  8.806044e+01  1.717555e+01
     vertex  1.475000e+02  8.801663e+01  1.722832e+01
     vertex  1.475000e+02  8.803817e+01  1.720164e+01
   endloop
 endfacet
 facet normal  1.000000e+00  0.000000e+00  0.000000e+00
   outer loop
     vertex  1.475000e+02  8.806044e+01  1.717555e+01
     vertex  1.475000e+02  8.793803e+01  1.734067e+01
     vertex  1.475000e+02  8.801663e+01  1.722832e+01
   endloop
 endfacet
 facet normal  1.000000e+00  0.000000e+00  0.000000e+00
   outer loop
     vertex  1.475000e+02  8.815639e+01  1.707760e+01
     vertex  1.475000e+02  8.818201e+01  1.705480e+01
     vertex  1.475000e+02  8.820825e+01  1.703272e+01
   endloop
 endfacet
 facet normal  1.000000e+00  0.000000e+00  0.000000e+00
   outer loop
     vertex  1.475000e+02  8.810707e+01  1.712526e+01
     vertex  1.475000e+02  8.872782e+01  1.677999e+01
     vertex  1.475000e+02  8.913691e+01  1.675752e+01
   endloop
 endfacet
 facet normal  1.000000e+00  0.000000e+00  0.000000e+00
   outer loop
     vertex  1.475000e+02  8.810707e+01  1.712526e+01
     vertex  1.475000e+02  9.009654e+01  1.739991e+01
     vertex  1.475000e+02  9.024644e+01  1.809423e+01
   endloop
 endfacet
 facet normal  1.000000e+00  0.000000e+00  0.000000e+00
   outer loop
     vertex  1.475000e+02  8.810707e+01  1.712526e+01
     vertex  1.475000e+02  8.777465e+01  1.775298e+01
     vertex  1.475000e+02  8.785784e+01  1.749210e+01
   endloop
 endfacet
 facet normal  1.000000e+00  0.000000e+00  0.000000e+00
   outer loop
     vertex  1.475000e+02  8.810707e+01  1.712526e+01
     vertex  1.475000e+02  8.813140e+01  1.710109e+01
     vertex  1.475000e+02  8.815639e+01  1.707760e+01
   endloop
 endfacet
 facet normal  1.000000e+00  0.000000e+00  0.000000e+00
   outer loop
     vertex  1.475000e+02  8.810707e+01  1.712526e+01
     vertex  1.475000e+02  8.996183e+01  1.720164e+01
     vertex  1.475000e+02  9.009654e+01  1.739991e+01
   endloop
 endfacet
 facet normal  1.000000e+00  0.000000e+00  0.000000e+00
   outer loop
     vertex  1.475000e+02  8.810707e+01  1.712526e+01
     vertex  1.475000e+02  8.806044e+01  1.717555e+01
     vertex  1.475000e+02  8.808341e+01  1.715008e+01
   endloop
 endfacet
 facet normal  1.000000e+00  0.000000e+00  0.000000e+00
   outer loop
     vertex  1.475000e+02  8.810707e+01  1.712526e+01
     vertex  1.475000e+02  8.785784e+01  1.749210e+01
     vertex  1.475000e+02  8.793803e+01  1.734067e+01
   endloop
 endfacet
 facet normal  1.000000e+00  0.000000e+00  0.000000e+00
   outer loop
     vertex  1.475000e+02  8.810707e+01  1.712526e+01
     vertex  1.475000e+02  8.923860e+01  1.677298e+01
     vertex  1.475000e+02  8.973750e+01  1.699075e+01
   endloop
 endfacet
 facet normal  1.000000e+00  0.000000e+00  0.000000e+00
   outer loop
     vertex  1.475000e+02  8.810707e+01  1.712526e+01
     vertex  1.475000e+02  8.913691e+01  1.675752e+01
     vertex  1.475000e+02  8.923860e+01  1.677298e+01
   endloop
 endfacet
 facet normal  1.000000e+00 -0.000000e+00  0.000000e+00
   outer loop
     vertex  1.475000e+02  8.810707e+01  1.712526e+01
     vertex  1.475000e+02  8.973750e+01  1.699075e+01
     vertex  1.475000e+02  8.996183e+01  1.720164e+01
   endloop
 endfacet
 facet normal  1.000000e+00  0.000000e+00  0.000000e+00
   outer loop
     vertex  1.475000e+02  8.810707e+01  1.712526e+01
     vertex  1.475000e+02  8.820825e+01  1.703272e+01
     vertex  1.475000e+02  8.872782e+01  1.677999e+01
   endloop
 endfacet
 facet normal  1.000000e+00  0.000000e+00 -0.000000e+00
   outer loop
     vertex  1.475000e+02  8.810707e+01  1.712526e+01
     vertex  1.475000e+02  9.024644e+01  1.809423e+01
     vertex  1.475000e+02  8.777465e+01  1.775298e+01
   endloop
 endfacet
 facet normal  1.000000e+00  0.000000e+00  0.000000e+00
   outer loop
     vertex  1.475000e+02  8.810707e+01  1.712526e+01
     vertex  1.475000e+02  8.815639e+01  1.707760e+01
     vertex  1.475000e+02  8.820825e+01  1.703272e+01
   endloop
 endfacet
 facet normal  1.000000e+00  0.000000e+00  0.000000e+00
   outer loop
     vertex  1.475000e+02  8.810707e+01  1.712526e+01
     vertex  1.475000e+02  8.793803e+01  1.734067e+01
     vertex  1.475000e+02  8.806044e+01  1.717555e+01
   endloop
 endfacet
endsolid
