solid 
 facet normal  0.000000e+00  0.000000e+00  1.000000e+00
   outer loop
     vertex  1.180000e+02  2.685000e+01  3.600000e+01
     vertex  0.000000e+00  2.685000e+01  3.600000e+01
     vertex  0.000000e+00  0.000000e+00  3.600000e+01
   endloop
 endfacet
 facet normal  0.000000e+00  0.000000e+00  1.000000e+00
   outer loop
     vertex  1.510000e+02 -6.000000e-15  3.600000e+01
     vertex  1.180000e+02  2.685000e+01  3.600000e+01
     vertex  0.000000e+00  0.000000e+00  3.600000e+01
   endloop
 endfacet
 facet normal  0.000000e+00  0.000000e+00  1.000000e+00
   outer loop
     vertex  1.525000e+02  1.500000e+00  3.600000e+01
     vertex  1.180000e+02  2.685000e+01  3.600000e+01
     vertex  1.510000e+02 -6.000000e-15  3.600000e+01
   endloop
 endfacet
 facet normal  0.000000e+00  0.000000e+00  1.000000e+00
   outer loop
     vertex  1.180000e+02  1.098500e+02  3.600000e+01
     vertex  0.000000e+00  1.367000e+02  3.600000e+01
     vertex  0.000000e+00  1.098500e+02  3.600000e+01
   endloop
 endfacet
 facet normal  0.000000e+00  0.000000e+00  1.000000e+00
   outer loop
     vertex  1.180000e+02  1.098500e+02  3.600000e+01
     vertex  1.180000e+02  2.685000e+01  3.600000e+01
     vertex  1.525000e+02  1.500000e+00  3.600000e+01
   endloop
 endfacet
 facet normal  0.000000e+00  0.000000e+00  1.000000e+00
   outer loop
     vertex  1.525000e+02  1.367000e+02  3.600000e+01
     vertex  1.180000e+02  1.098500e+02  3.600000e+01
     vertex  1.525000e+02  1.500000e+00  3.600000e+01
   endloop
 endfacet
 facet normal  0.000000e+00  0.000000e+00  1.000000e+00
   outer loop
     vertex  1.525000e+02  1.367000e+02  3.600000e+01
     vertex  0.000000e+00  1.367000e+02  3.600000e+01
     vertex  1.180000e+02  1.098500e+02  3.600000e+01
   endloop
 endfacet
 facet normal  1.000000e+00 -0.000000e+00  0.000000e+00
   outer loop
     vertex  1.525000e+02  7.535000e+01  1.100000e+01
     vertex  1.525000e+02  1.367000e+02  0.000000e+00
     vertex  1.525000e+02  1.367000e+02  3.600000e+01
   endloop
 endfacet
 facet normal  1.000000e+00  0.000000e+00  0.000000e+00
   outer loop
     vertex  1.525000e+02  7.535000e+01  1.100000e+01
     vertex  1.525000e+02  7.535000e+01  3.000000e+00
     vertex  1.525000e+02  1.367000e+02  0.000000e+00
   endloop
 endfacet
 facet normal  1.000000e+00  0.000000e+00  0.000000e+00
   outer loop
     vertex  1.525000e+02  1.500000e+00  0.000000e+00
     vertex  1.525000e+02  6.135000e+01  3.000000e+00
     vertex  1.525000e+02  6.135000e+01  1.100000e+01
   endloop
 endfacet
 facet normal  1.000000e+00  0.000000e+00  0.000000e+00
   outer loop
     vertex  1.525000e+02  1.500000e+00  3.600000e+01
     vertex  1.525000e+02  6.135000e+01  1.100000e+01
     vertex  1.525000e+02  7.535000e+01  1.100000e+01
   endloop
 endfacet
 facet normal  1.000000e+00 -0.000000e+00  0.000000e+00
   outer loop
     vertex  1.525000e+02  1.500000e+00  3.600000e+01
     vertex  1.525000e+02  7.535000e+01  1.100000e+01
     vertex  1.525000e+02  1.367000e+02  3.600000e+01
   endloop
 endfacet
 facet normal  1.000000e+00  0.000000e+00  0.000000e+00
   outer loop
     vertex  1.525000e+02  1.500000e+00  3.600000e+01
     vertex  1.525000e+02  1.500000e+00  0.000000e+00
     vertex  1.525000e+02  6.135000e+01  1.100000e+01
   endloop
 endfacet
 facet normal  1.000000e+00  0.000000e+00  0.000000e+00
   outer loop
     vertex  1.525000e+02  1.500000e+00  0.000000e+00
     vertex  1.525000e+02  1.367000e+02  0.000000e+00
     vertex  1.525000e+02  7.535000e+01  3.000000e+00
   endloop
 endfacet
 facet normal  1.000000e+00  0.000000e+00  0.000000e+00
   outer loop
     vertex  1.525000e+02  1.500000e+00  0.000000e+00
     vertex  1.525000e+02  7.535000e+01  3.000000e+00
     vertex  1.525000e+02  6.135000e+01  3.000000e+00
   endloop
 endfacet
 facet normal  7.071068e-01 -7.071068e-01  0.000000e+00
   outer loop
     vertex  1.510000e+02 -6.000000e-15  3.600000e+01
     vertex  1.510000e+02 -6.000000e-15  0.000000e+00
     vertex  1.525000e+02  1.500000e+00  0.000000e+00
   endloop
 endfacet
 facet normal  7.071068e-01 -7.071068e-01  0.000000e+00
   outer loop
     vertex  1.525000e+02  1.500000e+00  3.600000e+01
     vertex  1.510000e+02 -6.000000e-15  3.600000e+01
     vertex  1.525000e+02  1.500000e+00  0.000000e+00
   endloop
 endfacet
 facet normal  0.000000e+00  1.000000e+00  0.000000e+00
   outer loop
     vertex  1.543653e+01  1.367000e+02  1.638196e+01
     vertex  0.000000e+00  1.367000e+02  0.000000e+00
     vertex  1.539272e+01  1.367000e+02  1.642546e+01
   endloop
 endfacet
 facet normal  0.000000e+00  1.000000e+00  0.000000e+00
   outer loop
     vertex  1.535013e+01  1.367000e+02  1.647015e+01
     vertex  1.539272e+01  1.367000e+02  1.642546e+01
     vertex  0.000000e+00  1.367000e+02  0.000000e+00
   endloop
 endfacet
 facet normal  0.000000e+00  1.000000e+00  0.000000e+00
   outer loop
     vertex  1.548150e+01  1.367000e+02  1.633968e+01
     vertex  0.000000e+00  1.367000e+02  0.000000e+00
     vertex  1.543653e+01  1.367000e+02  1.638196e+01
   endloop
 endfacet
 facet normal  0.000000e+00  1.000000e+00  0.000000e+00
   outer loop
     vertex  1.530878e+01  1.367000e+02  1.651599e+01
     vertex  1.535013e+01  1.367000e+02  1.647015e+01
     vertex  0.000000e+00  1.367000e+02  0.000000e+00
   endloop
 endfacet
 facet normal  0.000000e+00  1.000000e+00  0.000000e+00
   outer loop
     vertex  1.552762e+01  1.367000e+02  1.629864e+01
     vertex  0.000000e+00  1.367000e+02  0.000000e+00
     vertex  1.548150e+01  1.367000e+02  1.633968e+01
   endloop
 endfacet
 facet normal  0.000000e+00  1.000000e+00  0.000000e+00
   outer loop
     vertex  1.526871e+01  1.367000e+02  1.656294e+01
     vertex  1.530878e+01  1.367000e+02  1.651599e+01
     vertex  0.000000e+00  1.367000e+02  0.000000e+00
   endloop
 endfacet
 facet normal  0.000000e+00  1.000000e+00  0.000000e+00
   outer loop
     vertex  1.557485e+01  1.367000e+02  1.625889e+01
     vertex  0.000000e+00  1.367000e+02  0.000000e+00
     vertex  1.552762e+01  1.367000e+02  1.629864e+01
   endloop
 endfacet
 facet normal  0.000000e+00  1.000000e+00  0.000000e+00
   outer loop
     vertex  1.522994e+01  1.367000e+02  1.661098e+01
     vertex  1.526871e+01  1.367000e+02  1.656294e+01
     vertex  0.000000e+00  1.367000e+02  0.000000e+00
   endloop
 endfacet
 facet normal  0.000000e+00  1.000000e+00  0.000000e+00
   outer loop
     vertex  1.562316e+01  1.367000e+02  1.622045e+01
     vertex  0.000000e+00  1.367000e+02  0.000000e+00
     vertex  1.557485e+01  1.367000e+02  1.625889e+01
   endloop
 endfacet
 facet normal  0.000000e+00  1.000000e+00  0.000000e+00
   outer loop
     vertex  1.519250e+01  1.367000e+02  1.666006e+01
     vertex  1.522994e+01  1.367000e+02  1.661098e+01
     vertex  0.000000e+00  1.367000e+02  0.000000e+00
   endloop
 endfacet
 facet normal  0.000000e+00  1.000000e+00  0.000000e+00
   outer loop
     vertex  1.567249e+01  1.367000e+02  1.618335e+01
     vertex  0.000000e+00  1.367000e+02  0.000000e+00
     vertex  1.562316e+01  1.367000e+02  1.622045e+01
   endloop
 endfacet
 facet normal  0.000000e+00  1.000000e+00  0.000000e+00
   outer loop
     vertex  1.515642e+01  1.367000e+02  1.671016e+01
     vertex  1.519250e+01  1.367000e+02  1.666006e+01
     vertex  0.000000e+00  1.367000e+02  0.000000e+00
   endloop
 endfacet
 facet normal  0.000000e+00  1.000000e+00  0.000000e+00
   outer loop
     vertex  1.572283e+01  1.367000e+02  1.614761e+01
     vertex  0.000000e+00  1.367000e+02  0.000000e+00
     vertex  1.567249e+01  1.367000e+02  1.618335e+01
   endloop
 endfacet
 facet normal  0.000000e+00  1.000000e+00  0.000000e+00
   outer loop
     vertex  1.512172e+01  1.367000e+02  1.676122e+01
     vertex  1.515642e+01  1.367000e+02  1.671016e+01
     vertex  0.000000e+00  1.367000e+02  0.000000e+00
   endloop
 endfacet
 facet normal  0.000000e+00  1.000000e+00  0.000000e+00
   outer loop
     vertex  1.577413e+01  1.367000e+02  1.611327e+01
     vertex  0.000000e+00  1.367000e+02  0.000000e+00
     vertex  1.572283e+01  1.367000e+02  1.614761e+01
   endloop
 endfacet
 facet normal  0.000000e+00  1.000000e+00  0.000000e+00
   outer loop
     vertex  1.508845e+01  1.367000e+02  1.681321e+01
     vertex  1.512172e+01  1.367000e+02  1.676122e+01
     vertex  0.000000e+00  1.367000e+02  0.000000e+00
   endloop
 endfacet
 facet normal  0.000000e+00  1.000000e+00  0.000000e+00
   outer loop
     vertex  1.582635e+01  1.367000e+02  1.608035e+01
     vertex  0.000000e+00  1.367000e+02  0.000000e+00
     vertex  1.577413e+01  1.367000e+02  1.611327e+01
   endloop
 endfacet
 facet normal  0.000000e+00  1.000000e+00  0.000000e+00
   outer loop
     vertex  1.505661e+01  1.367000e+02  1.686610e+01
     vertex  1.508845e+01  1.367000e+02  1.681321e+01
     vertex  0.000000e+00  1.367000e+02  0.000000e+00
   endloop
 endfacet
 facet normal  0.000000e+00  1.000000e+00  0.000000e+00
   outer loop
     vertex  1.587946e+01  1.367000e+02  1.604888e+01
     vertex  0.000000e+00  1.367000e+02  0.000000e+00
     vertex  1.582635e+01  1.367000e+02  1.608035e+01
   endloop
 endfacet
 facet normal  0.000000e+00  1.000000e+00  0.000000e+00
   outer loop
     vertex  1.502623e+01  1.367000e+02  1.691984e+01
     vertex  1.505661e+01  1.367000e+02  1.686610e+01
     vertex  0.000000e+00  1.367000e+02  0.000000e+00
   endloop
 endfacet
 facet normal  0.000000e+00  1.000000e+00  0.000000e+00
   outer loop
     vertex  1.593341e+01  1.367000e+02  1.601887e+01
     vertex  0.000000e+00  1.367000e+02  0.000000e+00
     vertex  1.587946e+01  1.367000e+02  1.604888e+01
   endloop
 endfacet
 facet normal  0.000000e+00  1.000000e+00  0.000000e+00
   outer loop
     vertex  1.499734e+01  1.367000e+02  1.697440e+01
     vertex  1.502623e+01  1.367000e+02  1.691984e+01
     vertex  0.000000e+00  1.367000e+02  0.000000e+00
   endloop
 endfacet
 facet normal  0.000000e+00  1.000000e+00  0.000000e+00
   outer loop
     vertex  1.598816e+01  1.367000e+02  1.599035e+01
     vertex  0.000000e+00  1.367000e+02  0.000000e+00
     vertex  1.593341e+01  1.367000e+02  1.601887e+01
   endloop
 endfacet
 facet normal  0.000000e+00  1.000000e+00  0.000000e+00
   outer loop
     vertex  1.496996e+01  1.367000e+02  1.702973e+01
     vertex  1.499734e+01  1.367000e+02  1.697440e+01
     vertex  0.000000e+00  1.367000e+02  0.000000e+00
   endloop
 endfacet
 facet normal  0.000000e+00  1.000000e+00  0.000000e+00
   outer loop
     vertex  1.604367e+01  1.367000e+02  1.596335e+01
     vertex  0.000000e+00  1.367000e+02  0.000000e+00
     vertex  1.598816e+01  1.367000e+02  1.599035e+01
   endloop
 endfacet
 facet normal  0.000000e+00  1.000000e+00  0.000000e+00
   outer loop
     vertex  1.494410e+01  1.367000e+02  1.708578e+01
     vertex  1.496996e+01  1.367000e+02  1.702973e+01
     vertex  0.000000e+00  1.367000e+02  0.000000e+00
   endloop
 endfacet
 facet normal  0.000000e+00  1.000000e+00  0.000000e+00
   outer loop
     vertex  1.609991e+01  1.367000e+02  1.593788e+01
     vertex  0.000000e+00  1.367000e+02  0.000000e+00
     vertex  1.604367e+01  1.367000e+02  1.596335e+01
   endloop
 endfacet
 facet normal  0.000000e+00  1.000000e+00  0.000000e+00
   outer loop
     vertex  1.491980e+01  1.367000e+02  1.714253e+01
     vertex  1.494410e+01  1.367000e+02  1.708578e+01
     vertex  0.000000e+00  1.367000e+02  0.000000e+00
   endloop
 endfacet
 facet normal  0.000000e+00  1.000000e+00  0.000000e+00
   outer loop
     vertex  1.615682e+01  1.367000e+02  1.591396e+01
     vertex  0.000000e+00  1.367000e+02  0.000000e+00
     vertex  1.609991e+01  1.367000e+02  1.593788e+01
   endloop
 endfacet
 facet normal  0.000000e+00  1.000000e+00  0.000000e+00
   outer loop
     vertex  1.489706e+01  1.367000e+02  1.719992e+01
     vertex  1.491980e+01  1.367000e+02  1.714253e+01
     vertex  0.000000e+00  1.367000e+02  0.000000e+00
   endloop
 endfacet
 facet normal  0.000000e+00  1.000000e+00  0.000000e+00
   outer loop
     vertex  1.621436e+01  1.367000e+02  1.589162e+01
     vertex  0.000000e+00  1.367000e+02  0.000000e+00
     vertex  1.615682e+01  1.367000e+02  1.591396e+01
   endloop
 endfacet
 facet normal  0.000000e+00  1.000000e+00  0.000000e+00
   outer loop
     vertex  1.487590e+01  1.367000e+02  1.725791e+01
     vertex  1.489706e+01  1.367000e+02  1.719992e+01
     vertex  0.000000e+00  1.367000e+02  0.000000e+00
   endloop
 endfacet
 facet normal  0.000000e+00  1.000000e+00  0.000000e+00
   outer loop
     vertex  1.627250e+01  1.367000e+02  1.587086e+01
     vertex  0.000000e+00  1.367000e+02  0.000000e+00
     vertex  1.621436e+01  1.367000e+02  1.589162e+01
   endloop
 endfacet
 facet normal  0.000000e+00  1.000000e+00  0.000000e+00
   outer loop
     vertex  1.485634e+01  1.367000e+02  1.731646e+01
     vertex  1.487590e+01  1.367000e+02  1.725791e+01
     vertex  0.000000e+00  1.367000e+02  0.000000e+00
   endloop
 endfacet
 facet normal  0.000000e+00  1.000000e+00  0.000000e+00
   outer loop
     vertex  1.633118e+01  1.367000e+02  1.585170e+01
     vertex  0.000000e+00  1.367000e+02  0.000000e+00
     vertex  1.627250e+01  1.367000e+02  1.587086e+01
   endloop
 endfacet
 facet normal  0.000000e+00  1.000000e+00  0.000000e+00
   outer loop
     vertex  1.483839e+01  1.367000e+02  1.737553e+01
     vertex  1.485634e+01  1.367000e+02  1.731646e+01
     vertex  0.000000e+00  1.367000e+02  0.000000e+00
   endloop
 endfacet
 facet normal  0.000000e+00  1.000000e+00  0.000000e+00
   outer loop
     vertex  1.639037e+01  1.367000e+02  1.583416e+01
     vertex  0.000000e+00  1.367000e+02  0.000000e+00
     vertex  1.633118e+01  1.367000e+02  1.585170e+01
   endloop
 endfacet
 facet normal  0.000000e+00  1.000000e+00  0.000000e+00
   outer loop
     vertex  1.482208e+01  1.367000e+02  1.743507e+01
     vertex  1.483839e+01  1.367000e+02  1.737553e+01
     vertex  0.000000e+00  1.367000e+02  0.000000e+00
   endloop
 endfacet
 facet normal  0.000000e+00  1.000000e+00  0.000000e+00
   outer loop
     vertex  1.645002e+01  1.367000e+02  1.581825e+01
     vertex  0.000000e+00  1.367000e+02  0.000000e+00
     vertex  1.639037e+01  1.367000e+02  1.583416e+01
   endloop
 endfacet
 facet normal  0.000000e+00  1.000000e+00  0.000000e+00
   outer loop
     vertex  1.480740e+01  1.367000e+02  1.749503e+01
     vertex  1.482208e+01  1.367000e+02  1.743507e+01
     vertex  0.000000e+00  1.367000e+02  0.000000e+00
   endloop
 endfacet
 facet normal  0.000000e+00  1.000000e+00  0.000000e+00
   outer loop
     vertex  1.651008e+01  1.367000e+02  1.580399e+01
     vertex  0.000000e+00  1.367000e+02  0.000000e+00
     vertex  1.645002e+01  1.367000e+02  1.581825e+01
   endloop
 endfacet
 facet normal  0.000000e+00  1.000000e+00  0.000000e+00
   outer loop
     vertex  1.479437e+01  1.367000e+02  1.755537e+01
     vertex  1.480740e+01  1.367000e+02  1.749503e+01
     vertex  0.000000e+00  1.367000e+02  0.000000e+00
   endloop
 endfacet
 facet normal  0.000000e+00  1.000000e+00  0.000000e+00
   outer loop
     vertex  1.657051e+01  1.367000e+02  1.579137e+01
     vertex  0.000000e+00  1.367000e+02  0.000000e+00
     vertex  1.651008e+01  1.367000e+02  1.580399e+01
   endloop
 endfacet
 facet normal  0.000000e+00  1.000000e+00  0.000000e+00
   outer loop
     vertex  1.478300e+01  1.367000e+02  1.761605e+01
     vertex  1.479437e+01  1.367000e+02  1.755537e+01
     vertex  0.000000e+00  1.367000e+02  0.000000e+00
   endloop
 endfacet
 facet normal  0.000000e+00  1.000000e+00  0.000000e+00
   outer loop
     vertex  1.663126e+01  1.367000e+02  1.578042e+01
     vertex  0.000000e+00  1.367000e+02  0.000000e+00
     vertex  1.657051e+01  1.367000e+02  1.579137e+01
   endloop
 endfacet
 facet normal  0.000000e+00  1.000000e+00  0.000000e+00
   outer loop
     vertex  1.477330e+01  1.367000e+02  1.767701e+01
     vertex  1.478300e+01  1.367000e+02  1.761605e+01
     vertex  0.000000e+00  1.367000e+02  0.000000e+00
   endloop
 endfacet
 facet normal  0.000000e+00  1.000000e+00  0.000000e+00
   outer loop
     vertex  1.669230e+01  1.367000e+02  1.577114e+01
     vertex  0.000000e+00  1.367000e+02  0.000000e+00
     vertex  1.663126e+01  1.367000e+02  1.578042e+01
   endloop
 endfacet
 facet normal  0.000000e+00  1.000000e+00  0.000000e+00
   outer loop
     vertex  1.476528e+01  1.367000e+02  1.773822e+01
     vertex  1.477330e+01  1.367000e+02  1.767701e+01
     vertex  0.000000e+00  1.367000e+02  0.000000e+00
   endloop
 endfacet
 facet normal  0.000000e+00  1.000000e+00  0.000000e+00
   outer loop
     vertex  1.675356e+01  1.367000e+02  1.576354e+01
     vertex  0.000000e+00  1.367000e+02  0.000000e+00
     vertex  1.669230e+01  1.367000e+02  1.577114e+01
   endloop
 endfacet
 facet normal  0.000000e+00  1.000000e+00  0.000000e+00
   outer loop
     vertex  1.475894e+01  1.367000e+02  1.779963e+01
     vertex  1.476528e+01  1.367000e+02  1.773822e+01
     vertex  0.000000e+00  1.367000e+02  0.000000e+00
   endloop
 endfacet
 facet normal  0.000000e+00  1.000000e+00  0.000000e+00
   outer loop
     vertex  1.681501e+01  1.367000e+02  1.575762e+01
     vertex  0.000000e+00  1.367000e+02  0.000000e+00
     vertex  1.675356e+01  1.367000e+02  1.576354e+01
   endloop
 endfacet
 facet normal  0.000000e+00  1.000000e+00  0.000000e+00
   outer loop
     vertex  1.475429e+01  1.367000e+02  1.786119e+01
     vertex  1.475894e+01  1.367000e+02  1.779963e+01
     vertex  0.000000e+00  1.367000e+02  0.000000e+00
   endloop
 endfacet
 facet normal  0.000000e+00  1.000000e+00  0.000000e+00
   outer loop
     vertex  1.687659e+01  1.367000e+02  1.575339e+01
     vertex  0.000000e+00  1.367000e+02  0.000000e+00
     vertex  1.681501e+01  1.367000e+02  1.575762e+01
   endloop
 endfacet
 facet normal  0.000000e+00  1.000000e+00  0.000000e+00
   outer loop
     vertex  1.475132e+01  1.367000e+02  1.792285e+01
     vertex  1.475429e+01  1.367000e+02  1.786119e+01
     vertex  0.000000e+00  1.367000e+02  0.000000e+00
   endloop
 endfacet
 facet normal  0.000000e+00  1.000000e+00  0.000000e+00
   outer loop
     vertex  1.693827e+01  1.367000e+02  1.575085e+01
     vertex  0.000000e+00  1.367000e+02  0.000000e+00
     vertex  1.687659e+01  1.367000e+02  1.575339e+01
   endloop
 endfacet
 facet normal  0.000000e+00  1.000000e+00  0.000000e+00
   outer loop
     vertex  1.475005e+01  1.367000e+02  1.798457e+01
     vertex  1.475132e+01  1.367000e+02  1.792285e+01
     vertex  0.000000e+00  1.367000e+02  0.000000e+00
   endloop
 endfacet
 facet normal  0.000000e+00  1.000000e+00  0.000000e+00
   outer loop
     vertex  1.700000e+01  1.367000e+02  1.575000e+01
     vertex  0.000000e+00  1.367000e+02  0.000000e+00
     vertex  1.693827e+01  1.367000e+02  1.575085e+01
   endloop
 endfacet
 facet normal  0.000000e+00  1.000000e+00  0.000000e+00
   outer loop
     vertex  1.706173e+01  1.367000e+02  1.575085e+01
     vertex  0.000000e+00  1.367000e+02  0.000000e+00
     vertex  1.700000e+01  1.367000e+02  1.575000e+01
   endloop
 endfacet
 facet normal  0.000000e+00  1.000000e+00  0.000000e+00
   outer loop
     vertex  1.712341e+01  1.367000e+02  1.575339e+01
     vertex  0.000000e+00  1.367000e+02  0.000000e+00
     vertex  1.706173e+01  1.367000e+02  1.575085e+01
   endloop
 endfacet
 facet normal  0.000000e+00  1.000000e+00  0.000000e+00
   outer loop
     vertex  1.718499e+01  1.367000e+02  1.575762e+01
     vertex  0.000000e+00  1.367000e+02  0.000000e+00
     vertex  1.712341e+01  1.367000e+02  1.575339e+01
   endloop
 endfacet
 facet normal  0.000000e+00  1.000000e+00  0.000000e+00
   outer loop
     vertex  1.724644e+01  1.367000e+02  1.576354e+01
     vertex  0.000000e+00  1.367000e+02  0.000000e+00
     vertex  1.718499e+01  1.367000e+02  1.575762e+01
   endloop
 endfacet
 facet normal  0.000000e+00  1.000000e+00  0.000000e+00
   outer loop
     vertex  1.730770e+01  1.367000e+02  1.577114e+01
     vertex  0.000000e+00  1.367000e+02  0.000000e+00
     vertex  1.724644e+01  1.367000e+02  1.576354e+01
   endloop
 endfacet
 facet normal  0.000000e+00  1.000000e+00  0.000000e+00
   outer loop
     vertex  1.736874e+01  1.367000e+02  1.578042e+01
     vertex  0.000000e+00  1.367000e+02  0.000000e+00
     vertex  1.730770e+01  1.367000e+02  1.577114e+01
   endloop
 endfacet
 facet normal  0.000000e+00  1.000000e+00  0.000000e+00
   outer loop
     vertex  1.742949e+01  1.367000e+02  1.579137e+01
     vertex  0.000000e+00  1.367000e+02  0.000000e+00
     vertex  1.736874e+01  1.367000e+02  1.578042e+01
   endloop
 endfacet
 facet normal  0.000000e+00  1.000000e+00  0.000000e+00
   outer loop
     vertex  1.748992e+01  1.367000e+02  1.580399e+01
     vertex  0.000000e+00  1.367000e+02  0.000000e+00
     vertex  1.742949e+01  1.367000e+02  1.579137e+01
   endloop
 endfacet
 facet normal  0.000000e+00  1.000000e+00  0.000000e+00
   outer loop
     vertex  1.754998e+01  1.367000e+02  1.581825e+01
     vertex  0.000000e+00  1.367000e+02  0.000000e+00
     vertex  1.748992e+01  1.367000e+02  1.580399e+01
   endloop
 endfacet
 facet normal  0.000000e+00  1.000000e+00  0.000000e+00
   outer loop
     vertex  1.760963e+01  1.367000e+02  1.583416e+01
     vertex  0.000000e+00  1.367000e+02  0.000000e+00
     vertex  1.754998e+01  1.367000e+02  1.581825e+01
   endloop
 endfacet
 facet normal  0.000000e+00  1.000000e+00  0.000000e+00
   outer loop
     vertex  1.766882e+01  1.367000e+02  1.585170e+01
     vertex  0.000000e+00  1.367000e+02  0.000000e+00
     vertex  1.760963e+01  1.367000e+02  1.583416e+01
   endloop
 endfacet
 facet normal  0.000000e+00  1.000000e+00  0.000000e+00
   outer loop
     vertex  1.772750e+01  1.367000e+02  1.587086e+01
     vertex  0.000000e+00  1.367000e+02  0.000000e+00
     vertex  1.766882e+01  1.367000e+02  1.585170e+01
   endloop
 endfacet
 facet normal  0.000000e+00  1.000000e+00  0.000000e+00
   outer loop
     vertex  1.778564e+01  1.367000e+02  1.589162e+01
     vertex  0.000000e+00  1.367000e+02  0.000000e+00
     vertex  1.772750e+01  1.367000e+02  1.587086e+01
   endloop
 endfacet
 facet normal  0.000000e+00  1.000000e+00  0.000000e+00
   outer loop
     vertex  1.784318e+01  1.367000e+02  1.591396e+01
     vertex  0.000000e+00  1.367000e+02  0.000000e+00
     vertex  1.778564e+01  1.367000e+02  1.589162e+01
   endloop
 endfacet
 facet normal  0.000000e+00  1.000000e+00  0.000000e+00
   outer loop
     vertex  1.790009e+01  1.367000e+02  1.593788e+01
     vertex  0.000000e+00  1.367000e+02  0.000000e+00
     vertex  1.784318e+01  1.367000e+02  1.591396e+01
   endloop
 endfacet
 facet normal  0.000000e+00  1.000000e+00  0.000000e+00
   outer loop
     vertex  1.795633e+01  1.367000e+02  1.596335e+01
     vertex  0.000000e+00  1.367000e+02  0.000000e+00
     vertex  1.790009e+01  1.367000e+02  1.593788e+01
   endloop
 endfacet
 facet normal  0.000000e+00  1.000000e+00  0.000000e+00
   outer loop
     vertex  1.801184e+01  1.367000e+02  1.599035e+01
     vertex  0.000000e+00  1.367000e+02  0.000000e+00
     vertex  1.795633e+01  1.367000e+02  1.596335e+01
   endloop
 endfacet
 facet normal  0.000000e+00  1.000000e+00  0.000000e+00
   outer loop
     vertex  1.806659e+01  1.367000e+02  1.601887e+01
     vertex  0.000000e+00  1.367000e+02  0.000000e+00
     vertex  1.801184e+01  1.367000e+02  1.599035e+01
   endloop
 endfacet
 facet normal  0.000000e+00  1.000000e+00  0.000000e+00
   outer loop
     vertex  1.812054e+01  1.367000e+02  1.604888e+01
     vertex  0.000000e+00  1.367000e+02  0.000000e+00
     vertex  1.806659e+01  1.367000e+02  1.601887e+01
   endloop
 endfacet
 facet normal  0.000000e+00  1.000000e+00  0.000000e+00
   outer loop
     vertex  1.817365e+01  1.367000e+02  1.608035e+01
     vertex  0.000000e+00  1.367000e+02  0.000000e+00
     vertex  1.812054e+01  1.367000e+02  1.604888e+01
   endloop
 endfacet
 facet normal  0.000000e+00  1.000000e+00  0.000000e+00
   outer loop
     vertex  1.822587e+01  1.367000e+02  1.611327e+01
     vertex  0.000000e+00  1.367000e+02  0.000000e+00
     vertex  1.817365e+01  1.367000e+02  1.608035e+01
   endloop
 endfacet
 facet normal  0.000000e+00  1.000000e+00  0.000000e+00
   outer loop
     vertex  1.827717e+01  1.367000e+02  1.614761e+01
     vertex  0.000000e+00  1.367000e+02  0.000000e+00
     vertex  1.822587e+01  1.367000e+02  1.611327e+01
   endloop
 endfacet
 facet normal  0.000000e+00  1.000000e+00  0.000000e+00
   outer loop
     vertex  0.000000e+00  1.367000e+02  3.600000e+01
     vertex  1.596069e+01  1.367000e+02  1.999558e+01
     vertex  1.590633e+01  1.367000e+02  1.996631e+01
   endloop
 endfacet
 facet normal  0.000000e+00  1.000000e+00  0.000000e+00
   outer loop
     vertex  0.000000e+00  1.367000e+02  3.600000e+01
     vertex  1.590633e+01  1.367000e+02  1.996631e+01
     vertex  1.585280e+01  1.367000e+02  1.993557e+01
   endloop
 endfacet
 facet normal  0.000000e+00  1.000000e+00  0.000000e+00
   outer loop
     vertex  0.000000e+00  1.367000e+02  3.600000e+01
     vertex  1.585280e+01  1.367000e+02  1.993557e+01
     vertex  1.580013e+01  1.367000e+02  1.990337e+01
   endloop
 endfacet
 facet normal  0.000000e+00  1.000000e+00  0.000000e+00
   outer loop
     vertex  0.000000e+00  1.367000e+02  3.600000e+01
     vertex  1.580013e+01  1.367000e+02  1.990337e+01
     vertex  1.574836e+01  1.367000e+02  1.986973e+01
   endloop
 endfacet
 facet normal  0.000000e+00  1.000000e+00  0.000000e+00
   outer loop
     vertex  0.000000e+00  1.367000e+02  3.600000e+01
     vertex  1.574836e+01  1.367000e+02  1.986973e+01
     vertex  1.569754e+01  1.367000e+02  1.983469e+01
   endloop
 endfacet
 facet normal  0.000000e+00  1.000000e+00  0.000000e+00
   outer loop
     vertex  0.000000e+00  1.367000e+02  3.600000e+01
     vertex  1.569754e+01  1.367000e+02  1.983469e+01
     vertex  1.564770e+01  1.367000e+02  1.979827e+01
   endloop
 endfacet
 facet normal  0.000000e+00  1.000000e+00  0.000000e+00
   outer loop
     vertex  0.000000e+00  1.367000e+02  3.600000e+01
     vertex  1.564770e+01  1.367000e+02  1.979827e+01
     vertex  1.559887e+01  1.367000e+02  1.976049e+01
   endloop
 endfacet
 facet normal  0.000000e+00  1.000000e+00  0.000000e+00
   outer loop
     vertex  0.000000e+00  1.367000e+02  3.600000e+01
     vertex  1.559887e+01  1.367000e+02  1.976049e+01
     vertex  1.555110e+01  1.367000e+02  1.972139e+01
   endloop
 endfacet
 facet normal  0.000000e+00  1.000000e+00  0.000000e+00
   outer loop
     vertex  0.000000e+00  1.367000e+02  3.600000e+01
     vertex  1.555110e+01  1.367000e+02  1.972139e+01
     vertex  1.550442e+01  1.367000e+02  1.968100e+01
   endloop
 endfacet
 facet normal  0.000000e+00  1.000000e+00  0.000000e+00
   outer loop
     vertex  0.000000e+00  1.367000e+02  3.600000e+01
     vertex  1.550442e+01  1.367000e+02  1.968100e+01
     vertex  1.545887e+01  1.367000e+02  1.963933e+01
   endloop
 endfacet
 facet normal  0.000000e+00  1.000000e+00  0.000000e+00
   outer loop
     vertex  0.000000e+00  1.367000e+02  3.600000e+01
     vertex  1.545887e+01  1.367000e+02  1.963933e+01
     vertex  1.541448e+01  1.367000e+02  1.959644e+01
   endloop
 endfacet
 facet normal  0.000000e+00  1.000000e+00  0.000000e+00
   outer loop
     vertex  0.000000e+00  1.367000e+02  3.600000e+01
     vertex  1.541448e+01  1.367000e+02  1.959644e+01
     vertex  1.537128e+01  1.367000e+02  1.955234e+01
   endloop
 endfacet
 facet normal  0.000000e+00  1.000000e+00  0.000000e+00
   outer loop
     vertex  0.000000e+00  1.367000e+02  3.600000e+01
     vertex  1.537128e+01  1.367000e+02  1.955234e+01
     vertex  1.532930e+01  1.367000e+02  1.950707e+01
   endloop
 endfacet
 facet normal  0.000000e+00  1.000000e+00  0.000000e+00
   outer loop
     vertex  0.000000e+00  1.367000e+02  3.600000e+01
     vertex  1.532930e+01  1.367000e+02  1.950707e+01
     vertex  1.528859e+01  1.367000e+02  1.946067e+01
   endloop
 endfacet
 facet normal  0.000000e+00  1.000000e+00  0.000000e+00
   outer loop
     vertex  0.000000e+00  1.367000e+02  3.600000e+01
     vertex  1.528859e+01  1.367000e+02  1.946067e+01
     vertex  1.524916e+01  1.367000e+02  1.941317e+01
   endloop
 endfacet
 facet normal  0.000000e+00  1.000000e+00  0.000000e+00
   outer loop
     vertex  0.000000e+00  1.367000e+02  3.600000e+01
     vertex  1.524916e+01  1.367000e+02  1.941317e+01
     vertex  1.521105e+01  1.367000e+02  1.936461e+01
   endloop
 endfacet
 facet normal  0.000000e+00  1.000000e+00  0.000000e+00
   outer loop
     vertex  0.000000e+00  1.367000e+02  3.600000e+01
     vertex  1.521105e+01  1.367000e+02  1.936461e+01
     vertex  1.517428e+01  1.367000e+02  1.931501e+01
   endloop
 endfacet
 facet normal  0.000000e+00  1.000000e+00  0.000000e+00
   outer loop
     vertex  0.000000e+00  1.367000e+02  3.600000e+01
     vertex  1.517428e+01  1.367000e+02  1.931501e+01
     vertex  1.513890e+01  1.367000e+02  1.926443e+01
   endloop
 endfacet
 facet normal  0.000000e+00  1.000000e+00  0.000000e+00
   outer loop
     vertex  0.000000e+00  1.367000e+02  3.600000e+01
     vertex  1.513890e+01  1.367000e+02  1.926443e+01
     vertex  1.510491e+01  1.367000e+02  1.921290e+01
   endloop
 endfacet
 facet normal  0.000000e+00  1.000000e+00  0.000000e+00
   outer loop
     vertex  0.000000e+00  1.367000e+02  3.600000e+01
     vertex  1.510491e+01  1.367000e+02  1.921290e+01
     vertex  1.507235e+01  1.367000e+02  1.916045e+01
   endloop
 endfacet
 facet normal  0.000000e+00  1.000000e+00  0.000000e+00
   outer loop
     vertex  0.000000e+00  1.367000e+02  3.600000e+01
     vertex  1.507235e+01  1.367000e+02  1.916045e+01
     vertex  1.504124e+01  1.367000e+02  1.910713e+01
   endloop
 endfacet
 facet normal  0.000000e+00  1.000000e+00  0.000000e+00
   outer loop
     vertex  0.000000e+00  1.367000e+02  3.600000e+01
     vertex  1.504124e+01  1.367000e+02  1.910713e+01
     vertex  1.501160e+01  1.367000e+02  1.905298e+01
   endloop
 endfacet
 facet normal  0.000000e+00  1.000000e+00  0.000000e+00
   outer loop
     vertex  0.000000e+00  1.367000e+02  3.600000e+01
     vertex  1.501160e+01  1.367000e+02  1.905298e+01
     vertex  1.498346e+01  1.367000e+02  1.899803e+01
   endloop
 endfacet
 facet normal  0.000000e+00  1.000000e+00  0.000000e+00
   outer loop
     vertex  0.000000e+00  1.367000e+02  3.600000e+01
     vertex  1.498346e+01  1.367000e+02  1.899803e+01
     vertex  1.495684e+01  1.367000e+02  1.894233e+01
   endloop
 endfacet
 facet normal  0.000000e+00  1.000000e+00  0.000000e+00
   outer loop
     vertex  0.000000e+00  1.367000e+02  3.600000e+01
     vertex  1.495684e+01  1.367000e+02  1.894233e+01
     vertex  1.493176e+01  1.367000e+02  1.888593e+01
   endloop
 endfacet
 facet normal  0.000000e+00  1.000000e+00  0.000000e+00
   outer loop
     vertex  0.000000e+00  1.367000e+02  3.600000e+01
     vertex  1.493176e+01  1.367000e+02  1.888593e+01
     vertex  1.490823e+01  1.367000e+02  1.882885e+01
   endloop
 endfacet
 facet normal  0.000000e+00  1.000000e+00  0.000000e+00
   outer loop
     vertex  0.000000e+00  1.367000e+02  3.600000e+01
     vertex  1.490823e+01  1.367000e+02  1.882885e+01
     vertex  1.488628e+01  1.367000e+02  1.877116e+01
   endloop
 endfacet
 facet normal  0.000000e+00  1.000000e+00  0.000000e+00
   outer loop
     vertex  0.000000e+00  1.367000e+02  3.600000e+01
     vertex  1.488628e+01  1.367000e+02  1.877116e+01
     vertex  1.486592e+01  1.367000e+02  1.871288e+01
   endloop
 endfacet
 facet normal  0.000000e+00  1.000000e+00  0.000000e+00
   outer loop
     vertex  0.000000e+00  1.367000e+02  3.600000e+01
     vertex  1.486592e+01  1.367000e+02  1.871288e+01
     vertex  1.484716e+01  1.367000e+02  1.865406e+01
   endloop
 endfacet
 facet normal  0.000000e+00  1.000000e+00  0.000000e+00
   outer loop
     vertex  0.000000e+00  1.367000e+02  3.600000e+01
     vertex  1.484716e+01  1.367000e+02  1.865406e+01
     vertex  1.483003e+01  1.367000e+02  1.859476e+01
   endloop
 endfacet
 facet normal  0.000000e+00  1.000000e+00  0.000000e+00
   outer loop
     vertex  0.000000e+00  1.367000e+02  3.600000e+01
     vertex  1.483003e+01  1.367000e+02  1.859476e+01
     vertex  1.481453e+01  1.367000e+02  1.853500e+01
   endloop
 endfacet
 facet normal  0.000000e+00  1.000000e+00  0.000000e+00
   outer loop
     vertex  0.000000e+00  1.367000e+02  3.600000e+01
     vertex  1.481453e+01  1.367000e+02  1.853500e+01
     vertex  1.480068e+01  1.367000e+02  1.847484e+01
   endloop
 endfacet
 facet normal  0.000000e+00  1.000000e+00  0.000000e+00
   outer loop
     vertex  0.000000e+00  1.367000e+02  3.600000e+01
     vertex  1.480068e+01  1.367000e+02  1.847484e+01
     vertex  1.478848e+01  1.367000e+02  1.841433e+01
   endloop
 endfacet
 facet normal  0.000000e+00  1.000000e+00  0.000000e+00
   outer loop
     vertex  0.000000e+00  1.367000e+02  3.600000e+01
     vertex  1.478848e+01  1.367000e+02  1.841433e+01
     vertex  1.477794e+01  1.367000e+02  1.835350e+01
   endloop
 endfacet
 facet normal  0.000000e+00  1.000000e+00  0.000000e+00
   outer loop
     vertex  0.000000e+00  1.367000e+02  3.600000e+01
     vertex  1.477794e+01  1.367000e+02  1.835350e+01
     vertex  1.476908e+01  1.367000e+02  1.829241e+01
   endloop
 endfacet
 facet normal  0.000000e+00  1.000000e+00  0.000000e+00
   outer loop
     vertex  0.000000e+00  1.367000e+02  3.600000e+01
     vertex  1.476908e+01  1.367000e+02  1.829241e+01
     vertex  1.476190e+01  1.367000e+02  1.823110e+01
   endloop
 endfacet
 facet normal  0.000000e+00  1.000000e+00  0.000000e+00
   outer loop
     vertex  0.000000e+00  1.367000e+02  3.600000e+01
     vertex  1.476190e+01  1.367000e+02  1.823110e+01
     vertex  1.475640e+01  1.367000e+02  1.816961e+01
   endloop
 endfacet
 facet normal  0.000000e+00  1.000000e+00  0.000000e+00
   outer loop
     vertex  0.000000e+00  1.367000e+02  3.600000e+01
     vertex  1.475640e+01  1.367000e+02  1.816961e+01
     vertex  1.475259e+01  1.367000e+02  1.810799e+01
   endloop
 endfacet
 facet normal  0.000000e+00  1.000000e+00  0.000000e+00
   outer loop
     vertex  0.000000e+00  1.367000e+02  3.600000e+01
     vertex  1.475259e+01  1.367000e+02  1.810799e+01
     vertex  1.475048e+01  1.367000e+02  1.804630e+01
   endloop
 endfacet
 facet normal  0.000000e+00  1.000000e+00  0.000000e+00
   outer loop
     vertex  0.000000e+00  1.367000e+02  3.600000e+01
     vertex  1.475048e+01  1.367000e+02  1.804630e+01
     vertex  1.475005e+01  1.367000e+02  1.798457e+01
   endloop
 endfacet
 facet normal  0.000000e+00  1.000000e+00  0.000000e+00
   outer loop
     vertex  0.000000e+00  1.367000e+02  3.600000e+01
     vertex  1.475005e+01  1.367000e+02  1.798457e+01
     vertex  0.000000e+00  1.367000e+02  0.000000e+00
   endloop
 endfacet
 facet normal  0.000000e+00  1.000000e+00  0.000000e+00
   outer loop
     vertex  1.601582e+01  1.367000e+02  2.002334e+01
     vertex  1.596069e+01  1.367000e+02  1.999558e+01
     vertex  0.000000e+00  1.367000e+02  3.600000e+01
   endloop
 endfacet
 facet normal  0.000000e+00  1.000000e+00  0.000000e+00
   outer loop
     vertex  1.607170e+01  1.367000e+02  2.004958e+01
     vertex  1.601582e+01  1.367000e+02  2.002334e+01
     vertex  0.000000e+00  1.367000e+02  3.600000e+01
   endloop
 endfacet
 facet normal  0.000000e+00  1.000000e+00  0.000000e+00
   outer loop
     vertex  1.612828e+01  1.367000e+02  2.007427e+01
     vertex  1.607170e+01  1.367000e+02  2.004958e+01
     vertex  0.000000e+00  1.367000e+02  3.600000e+01
   endloop
 endfacet
 facet normal  0.000000e+00  1.000000e+00  0.000000e+00
   outer loop
     vertex  1.618551e+01  1.367000e+02  2.009741e+01
     vertex  1.612828e+01  1.367000e+02  2.007427e+01
     vertex  0.000000e+00  1.367000e+02  3.600000e+01
   endloop
 endfacet
 facet normal  0.000000e+00  1.000000e+00  0.000000e+00
   outer loop
     vertex  1.624336e+01  1.367000e+02  2.011896e+01
     vertex  1.618551e+01  1.367000e+02  2.009741e+01
     vertex  0.000000e+00  1.367000e+02  3.600000e+01
   endloop
 endfacet
 facet normal  0.000000e+00  1.000000e+00  0.000000e+00
   outer loop
     vertex  1.630178e+01  1.367000e+02  2.013892e+01
     vertex  1.624336e+01  1.367000e+02  2.011896e+01
     vertex  0.000000e+00  1.367000e+02  3.600000e+01
   endloop
 endfacet
 facet normal  0.000000e+00  1.000000e+00  0.000000e+00
   outer loop
     vertex  1.636072e+01  1.367000e+02  2.015727e+01
     vertex  1.630178e+01  1.367000e+02  2.013892e+01
     vertex  0.000000e+00  1.367000e+02  3.600000e+01
   endloop
 endfacet
 facet normal  0.000000e+00  1.000000e+00  0.000000e+00
   outer loop
     vertex  1.642014e+01  1.367000e+02  2.017400e+01
     vertex  1.636072e+01  1.367000e+02  2.015727e+01
     vertex  0.000000e+00  1.367000e+02  3.600000e+01
   endloop
 endfacet
 facet normal  0.000000e+00  1.000000e+00  0.000000e+00
   outer loop
     vertex  1.648000e+01  1.367000e+02  2.018909e+01
     vertex  1.642014e+01  1.367000e+02  2.017400e+01
     vertex  0.000000e+00  1.367000e+02  3.600000e+01
   endloop
 endfacet
 facet normal  0.000000e+00  1.000000e+00  0.000000e+00
   outer loop
     vertex  1.654025e+01  1.367000e+02  2.020253e+01
     vertex  1.648000e+01  1.367000e+02  2.018909e+01
     vertex  0.000000e+00  1.367000e+02  3.600000e+01
   endloop
 endfacet
 facet normal  0.000000e+00  1.000000e+00  0.000000e+00
   outer loop
     vertex  1.660085e+01  1.367000e+02  2.021431e+01
     vertex  1.654025e+01  1.367000e+02  2.020253e+01
     vertex  0.000000e+00  1.367000e+02  3.600000e+01
   endloop
 endfacet
 facet normal  0.000000e+00  1.000000e+00  0.000000e+00
   outer loop
     vertex  1.666175e+01  1.367000e+02  2.022443e+01
     vertex  1.660085e+01  1.367000e+02  2.021431e+01
     vertex  0.000000e+00  1.367000e+02  3.600000e+01
   endloop
 endfacet
 facet normal  0.000000e+00  1.000000e+00  0.000000e+00
   outer loop
     vertex  1.672290e+01  1.367000e+02  2.023287e+01
     vertex  1.666175e+01  1.367000e+02  2.022443e+01
     vertex  0.000000e+00  1.367000e+02  3.600000e+01
   endloop
 endfacet
 facet normal  0.000000e+00  1.000000e+00  0.000000e+00
   outer loop
     vertex  1.678426e+01  1.367000e+02  2.023963e+01
     vertex  1.672290e+01  1.367000e+02  2.023287e+01
     vertex  0.000000e+00  1.367000e+02  3.600000e+01
   endloop
 endfacet
 facet normal  0.000000e+00  1.000000e+00  0.000000e+00
   outer loop
     vertex  1.684579e+01  1.367000e+02  2.024471e+01
     vertex  1.678426e+01  1.367000e+02  2.023963e+01
     vertex  0.000000e+00  1.367000e+02  3.600000e+01
   endloop
 endfacet
 facet normal  0.000000e+00  1.000000e+00  0.000000e+00
   outer loop
     vertex  1.690742e+01  1.367000e+02  2.024809e+01
     vertex  1.684579e+01  1.367000e+02  2.024471e+01
     vertex  0.000000e+00  1.367000e+02  3.600000e+01
   endloop
 endfacet
 facet normal  0.000000e+00  1.000000e+00  0.000000e+00
   outer loop
     vertex  1.696913e+01  1.367000e+02  2.024979e+01
     vertex  1.690742e+01  1.367000e+02  2.024809e+01
     vertex  0.000000e+00  1.367000e+02  3.600000e+01
   endloop
 endfacet
 facet normal  0.000000e+00  1.000000e+00  0.000000e+00
   outer loop
     vertex  1.703087e+01  1.367000e+02  2.024979e+01
     vertex  1.696913e+01  1.367000e+02  2.024979e+01
     vertex  0.000000e+00  1.367000e+02  3.600000e+01
   endloop
 endfacet
 facet normal  0.000000e+00  1.000000e+00  0.000000e+00
   outer loop
     vertex  1.709258e+01  1.367000e+02  2.024809e+01
     vertex  1.703087e+01  1.367000e+02  2.024979e+01
     vertex  0.000000e+00  1.367000e+02  3.600000e+01
   endloop
 endfacet
 facet normal  0.000000e+00  1.000000e+00  0.000000e+00
   outer loop
     vertex  1.715421e+01  1.367000e+02  2.024471e+01
     vertex  1.709258e+01  1.367000e+02  2.024809e+01
     vertex  0.000000e+00  1.367000e+02  3.600000e+01
   endloop
 endfacet
 facet normal  0.000000e+00  1.000000e+00  0.000000e+00
   outer loop
     vertex  1.721574e+01  1.367000e+02  2.023963e+01
     vertex  1.715421e+01  1.367000e+02  2.024471e+01
     vertex  0.000000e+00  1.367000e+02  3.600000e+01
   endloop
 endfacet
 facet normal  0.000000e+00  1.000000e+00  0.000000e+00
   outer loop
     vertex  1.727710e+01  1.367000e+02  2.023287e+01
     vertex  1.721574e+01  1.367000e+02  2.023963e+01
     vertex  0.000000e+00  1.367000e+02  3.600000e+01
   endloop
 endfacet
 facet normal  0.000000e+00  1.000000e+00  0.000000e+00
   outer loop
     vertex  1.733825e+01  1.367000e+02  2.022443e+01
     vertex  1.727710e+01  1.367000e+02  2.023287e+01
     vertex  0.000000e+00  1.367000e+02  3.600000e+01
   endloop
 endfacet
 facet normal  0.000000e+00  1.000000e+00  0.000000e+00
   outer loop
     vertex  1.739915e+01  1.367000e+02  2.021431e+01
     vertex  1.733825e+01  1.367000e+02  2.022443e+01
     vertex  0.000000e+00  1.367000e+02  3.600000e+01
   endloop
 endfacet
 facet normal  0.000000e+00  1.000000e+00  0.000000e+00
   outer loop
     vertex  1.745975e+01  1.367000e+02  2.020253e+01
     vertex  1.739915e+01  1.367000e+02  2.021431e+01
     vertex  0.000000e+00  1.367000e+02  3.600000e+01
   endloop
 endfacet
 facet normal  0.000000e+00  1.000000e+00  0.000000e+00
   outer loop
     vertex  1.752000e+01  1.367000e+02  2.018909e+01
     vertex  1.745975e+01  1.367000e+02  2.020253e+01
     vertex  0.000000e+00  1.367000e+02  3.600000e+01
   endloop
 endfacet
 facet normal  0.000000e+00  1.000000e+00  0.000000e+00
   outer loop
     vertex  1.757986e+01  1.367000e+02  2.017400e+01
     vertex  1.752000e+01  1.367000e+02  2.018909e+01
     vertex  0.000000e+00  1.367000e+02  3.600000e+01
   endloop
 endfacet
 facet normal  0.000000e+00  1.000000e+00  0.000000e+00
   outer loop
     vertex  1.763928e+01  1.367000e+02  2.015727e+01
     vertex  1.757986e+01  1.367000e+02  2.017400e+01
     vertex  0.000000e+00  1.367000e+02  3.600000e+01
   endloop
 endfacet
 facet normal  0.000000e+00  1.000000e+00  0.000000e+00
   outer loop
     vertex  1.769822e+01  1.367000e+02  2.013892e+01
     vertex  1.763928e+01  1.367000e+02  2.015727e+01
     vertex  0.000000e+00  1.367000e+02  3.600000e+01
   endloop
 endfacet
 facet normal  0.000000e+00  1.000000e+00  0.000000e+00
   outer loop
     vertex  1.775664e+01  1.367000e+02  2.011896e+01
     vertex  1.769822e+01  1.367000e+02  2.013892e+01
     vertex  0.000000e+00  1.367000e+02  3.600000e+01
   endloop
 endfacet
 facet normal  0.000000e+00  1.000000e+00  0.000000e+00
   outer loop
     vertex  1.781449e+01  1.367000e+02  2.009741e+01
     vertex  1.775664e+01  1.367000e+02  2.011896e+01
     vertex  0.000000e+00  1.367000e+02  3.600000e+01
   endloop
 endfacet
 facet normal  0.000000e+00  1.000000e+00  0.000000e+00
   outer loop
     vertex  1.787172e+01  1.367000e+02  2.007427e+01
     vertex  1.781449e+01  1.367000e+02  2.009741e+01
     vertex  0.000000e+00  1.367000e+02  3.600000e+01
   endloop
 endfacet
 facet normal  0.000000e+00  1.000000e+00  0.000000e+00
   outer loop
     vertex  1.792830e+01  1.367000e+02  2.004958e+01
     vertex  1.787172e+01  1.367000e+02  2.007427e+01
     vertex  0.000000e+00  1.367000e+02  3.600000e+01
   endloop
 endfacet
 facet normal  0.000000e+00  1.000000e+00  0.000000e+00
   outer loop
     vertex  1.798418e+01  1.367000e+02  2.002334e+01
     vertex  1.792830e+01  1.367000e+02  2.004958e+01
     vertex  0.000000e+00  1.367000e+02  3.600000e+01
   endloop
 endfacet
 facet normal  0.000000e+00  1.000000e+00  0.000000e+00
   outer loop
     vertex  1.803931e+01  1.367000e+02  1.999558e+01
     vertex  1.798418e+01  1.367000e+02  2.002334e+01
     vertex  0.000000e+00  1.367000e+02  3.600000e+01
   endloop
 endfacet
 facet normal  0.000000e+00  1.000000e+00  0.000000e+00
   outer loop
     vertex  1.809367e+01  1.367000e+02  1.996631e+01
     vertex  1.803931e+01  1.367000e+02  1.999558e+01
     vertex  0.000000e+00  1.367000e+02  3.600000e+01
   endloop
 endfacet
 facet normal  0.000000e+00  1.000000e+00  0.000000e+00
   outer loop
     vertex  1.814720e+01  1.367000e+02  1.993557e+01
     vertex  1.809367e+01  1.367000e+02  1.996631e+01
     vertex  0.000000e+00  1.367000e+02  3.600000e+01
   endloop
 endfacet
 facet normal  0.000000e+00  1.000000e+00  0.000000e+00
   outer loop
     vertex  1.819987e+01  1.367000e+02  1.990337e+01
     vertex  1.814720e+01  1.367000e+02  1.993557e+01
     vertex  0.000000e+00  1.367000e+02  3.600000e+01
   endloop
 endfacet
 facet normal  0.000000e+00  1.000000e+00  0.000000e+00
   outer loop
     vertex  1.825164e+01  1.367000e+02  1.986973e+01
     vertex  1.819987e+01  1.367000e+02  1.990337e+01
     vertex  0.000000e+00  1.367000e+02  3.600000e+01
   endloop
 endfacet
 facet normal  0.000000e+00  1.000000e+00  0.000000e+00
   outer loop
     vertex  1.334365e+02  1.367000e+02  1.638196e+01
     vertex  1.860728e+01  1.367000e+02  1.642546e+01
     vertex  1.333927e+02  1.367000e+02  1.642546e+01
   endloop
 endfacet
 facet normal  0.000000e+00  1.000000e+00  0.000000e+00
   outer loop
     vertex  1.334365e+02  1.367000e+02  1.638196e+01
     vertex  1.856347e+01  1.367000e+02  1.638196e+01
     vertex  1.860728e+01  1.367000e+02  1.642546e+01
   endloop
 endfacet
 facet normal  0.000000e+00  1.000000e+00  0.000000e+00
   outer loop
     vertex  1.333501e+02  1.367000e+02  1.647015e+01
     vertex  1.333927e+02  1.367000e+02  1.642546e+01
     vertex  1.860728e+01  1.367000e+02  1.642546e+01
   endloop
 endfacet
 facet normal  0.000000e+00  1.000000e+00  0.000000e+00
   outer loop
     vertex  1.333501e+02  1.367000e+02  1.647015e+01
     vertex  1.860728e+01  1.367000e+02  1.642546e+01
     vertex  1.864987e+01  1.367000e+02  1.647015e+01
   endloop
 endfacet
 facet normal  0.000000e+00  1.000000e+00  0.000000e+00
   outer loop
     vertex  1.333501e+02  1.367000e+02  1.647015e+01
     vertex  1.864987e+01  1.367000e+02  1.647015e+01
     vertex  1.869122e+01  1.367000e+02  1.651599e+01
   endloop
 endfacet
 facet normal  0.000000e+00  1.000000e+00  0.000000e+00
   outer loop
     vertex  1.334815e+02  1.367000e+02  1.633968e+01
     vertex  1.856347e+01  1.367000e+02  1.638196e+01
     vertex  1.334365e+02  1.367000e+02  1.638196e+01
   endloop
 endfacet
 facet normal  0.000000e+00  1.000000e+00  0.000000e+00
   outer loop
     vertex  1.334815e+02  1.367000e+02  1.633968e+01
     vertex  1.851850e+01  1.367000e+02  1.633968e+01
     vertex  1.856347e+01  1.367000e+02  1.638196e+01
   endloop
 endfacet
 facet normal  0.000000e+00  1.000000e+00  0.000000e+00
   outer loop
     vertex  1.333088e+02  1.367000e+02  1.651599e+01
     vertex  1.333501e+02  1.367000e+02  1.647015e+01
     vertex  1.869122e+01  1.367000e+02  1.651599e+01
   endloop
 endfacet
 facet normal  0.000000e+00  1.000000e+00  0.000000e+00
   outer loop
     vertex  1.335276e+02  1.367000e+02  1.629864e+01
     vertex  1.851850e+01  1.367000e+02  1.633968e+01
     vertex  1.334815e+02  1.367000e+02  1.633968e+01
   endloop
 endfacet
 facet normal  0.000000e+00  1.000000e+00  0.000000e+00
   outer loop
     vertex  1.335276e+02  1.367000e+02  1.629864e+01
     vertex  1.847238e+01  1.367000e+02  1.629864e+01
     vertex  1.851850e+01  1.367000e+02  1.633968e+01
   endloop
 endfacet
 facet normal  0.000000e+00  1.000000e+00  0.000000e+00
   outer loop
     vertex  1.332687e+02  1.367000e+02  1.656294e+01
     vertex  1.869122e+01  1.367000e+02  1.651599e+01
     vertex  1.873129e+01  1.367000e+02  1.656294e+01
   endloop
 endfacet
 facet normal  0.000000e+00  1.000000e+00  0.000000e+00
   outer loop
     vertex  1.332687e+02  1.367000e+02  1.656294e+01
     vertex  1.333088e+02  1.367000e+02  1.651599e+01
     vertex  1.869122e+01  1.367000e+02  1.651599e+01
   endloop
 endfacet
 facet normal  0.000000e+00  1.000000e+00  0.000000e+00
   outer loop
     vertex  1.335749e+02  1.367000e+02  1.625889e+01
     vertex  1.842515e+01  1.367000e+02  1.625889e+01
     vertex  1.847238e+01  1.367000e+02  1.629864e+01
   endloop
 endfacet
 facet normal  0.000000e+00  1.000000e+00  0.000000e+00
   outer loop
     vertex  1.335749e+02  1.367000e+02  1.625889e+01
     vertex  1.847238e+01  1.367000e+02  1.629864e+01
     vertex  1.335276e+02  1.367000e+02  1.629864e+01
   endloop
 endfacet
 facet normal  0.000000e+00  1.000000e+00  0.000000e+00
   outer loop
     vertex  1.332299e+02  1.367000e+02  1.661098e+01
     vertex  1.332687e+02  1.367000e+02  1.656294e+01
     vertex  1.873129e+01  1.367000e+02  1.656294e+01
   endloop
 endfacet
 facet normal  0.000000e+00  1.000000e+00  0.000000e+00
   outer loop
     vertex  1.332299e+02  1.367000e+02  1.661098e+01
     vertex  1.873129e+01  1.367000e+02  1.656294e+01
     vertex  1.877006e+01  1.367000e+02  1.661098e+01
   endloop
 endfacet
 facet normal  0.000000e+00  1.000000e+00  0.000000e+00
   outer loop
     vertex  1.332299e+02  1.367000e+02  1.661098e+01
     vertex  1.877006e+01  1.367000e+02  1.661098e+01
     vertex  1.880750e+01  1.367000e+02  1.666006e+01
   endloop
 endfacet
 facet normal  0.000000e+00  1.000000e+00  0.000000e+00
   outer loop
     vertex  1.336232e+02  1.367000e+02  1.622045e+01
     vertex  1.837684e+01  1.367000e+02  1.622045e+01
     vertex  1.842515e+01  1.367000e+02  1.625889e+01
   endloop
 endfacet
 facet normal  0.000000e+00  1.000000e+00  0.000000e+00
   outer loop
     vertex  1.336232e+02  1.367000e+02  1.622045e+01
     vertex  1.842515e+01  1.367000e+02  1.625889e+01
     vertex  1.335749e+02  1.367000e+02  1.625889e+01
   endloop
 endfacet
 facet normal  0.000000e+00  1.000000e+00  0.000000e+00
   outer loop
     vertex  1.331925e+02  1.367000e+02  1.666006e+01
     vertex  1.332299e+02  1.367000e+02  1.661098e+01
     vertex  1.880750e+01  1.367000e+02  1.666006e+01
   endloop
 endfacet
 facet normal  0.000000e+00  1.000000e+00  0.000000e+00
   outer loop
     vertex  1.331925e+02  1.367000e+02  1.666006e+01
     vertex  1.880750e+01  1.367000e+02  1.666006e+01
     vertex  1.884358e+01  1.367000e+02  1.671016e+01
   endloop
 endfacet
 facet normal  0.000000e+00  1.000000e+00  0.000000e+00
   outer loop
     vertex  1.336725e+02  1.367000e+02  1.618335e+01
     vertex  1.832751e+01  1.367000e+02  1.618335e+01
     vertex  1.837684e+01  1.367000e+02  1.622045e+01
   endloop
 endfacet
 facet normal  0.000000e+00  1.000000e+00  0.000000e+00
   outer loop
     vertex  1.336725e+02  1.367000e+02  1.618335e+01
     vertex  1.837684e+01  1.367000e+02  1.622045e+01
     vertex  1.336232e+02  1.367000e+02  1.622045e+01
   endloop
 endfacet
 facet normal  0.000000e+00  1.000000e+00  0.000000e+00
   outer loop
     vertex  1.331564e+02  1.367000e+02  1.671016e+01
     vertex  1.331925e+02  1.367000e+02  1.666006e+01
     vertex  1.884358e+01  1.367000e+02  1.671016e+01
   endloop
 endfacet
 facet normal  0.000000e+00  1.000000e+00  0.000000e+00
   outer loop
     vertex  1.337228e+02  1.367000e+02  1.614761e+01
     vertex  1.827717e+01  1.367000e+02  1.614761e+01
     vertex  1.832751e+01  1.367000e+02  1.618335e+01
   endloop
 endfacet
 facet normal  0.000000e+00  1.000000e+00  0.000000e+00
   outer loop
     vertex  1.337228e+02  1.367000e+02  1.614761e+01
     vertex  1.832751e+01  1.367000e+02  1.618335e+01
     vertex  1.336725e+02  1.367000e+02  1.618335e+01
   endloop
 endfacet
 facet normal  0.000000e+00  1.000000e+00  0.000000e+00
   outer loop
     vertex  1.337228e+02  1.367000e+02  1.614761e+01
     vertex  0.000000e+00  1.367000e+02  0.000000e+00
     vertex  1.827717e+01  1.367000e+02  1.614761e+01
   endloop
 endfacet
 facet normal  0.000000e+00  1.000000e+00  0.000000e+00
   outer loop
     vertex  1.331217e+02  1.367000e+02  1.676122e+01
     vertex  1.884358e+01  1.367000e+02  1.671016e+01
     vertex  1.887828e+01  1.367000e+02  1.676122e+01
   endloop
 endfacet
 facet normal  0.000000e+00  1.000000e+00  0.000000e+00
   outer loop
     vertex  1.331217e+02  1.367000e+02  1.676122e+01
     vertex  1.887828e+01  1.367000e+02  1.676122e+01
     vertex  1.891155e+01  1.367000e+02  1.681321e+01
   endloop
 endfacet
 facet normal  0.000000e+00  1.000000e+00  0.000000e+00
   outer loop
     vertex  1.331217e+02  1.367000e+02  1.676122e+01
     vertex  1.331564e+02  1.367000e+02  1.671016e+01
     vertex  1.884358e+01  1.367000e+02  1.671016e+01
   endloop
 endfacet
 facet normal  0.000000e+00  1.000000e+00  0.000000e+00
   outer loop
     vertex  1.330884e+02  1.367000e+02  1.681321e+01
     vertex  1.331217e+02  1.367000e+02  1.676122e+01
     vertex  1.891155e+01  1.367000e+02  1.681321e+01
   endloop
 endfacet
 facet normal  0.000000e+00  1.000000e+00  0.000000e+00
   outer loop
     vertex  1.330566e+02  1.367000e+02  1.686610e+01
     vertex  1.330884e+02  1.367000e+02  1.681321e+01
     vertex  1.891155e+01  1.367000e+02  1.681321e+01
   endloop
 endfacet
 facet normal  0.000000e+00  1.000000e+00  0.000000e+00
   outer loop
     vertex  1.330566e+02  1.367000e+02  1.686610e+01
     vertex  1.891155e+01  1.367000e+02  1.681321e+01
     vertex  1.894339e+01  1.367000e+02  1.686610e+01
   endloop
 endfacet
 facet normal  0.000000e+00  1.000000e+00  0.000000e+00
   outer loop
     vertex  1.330262e+02  1.367000e+02  1.691984e+01
     vertex  1.894339e+01  1.367000e+02  1.686610e+01
     vertex  1.897377e+01  1.367000e+02  1.691984e+01
   endloop
 endfacet
 facet normal  0.000000e+00  1.000000e+00  0.000000e+00
   outer loop
     vertex  1.330262e+02  1.367000e+02  1.691984e+01
     vertex  1.330566e+02  1.367000e+02  1.686610e+01
     vertex  1.894339e+01  1.367000e+02  1.686610e+01
   endloop
 endfacet
 facet normal  0.000000e+00  1.000000e+00  0.000000e+00
   outer loop
     vertex  1.329973e+02  1.367000e+02  1.697440e+01
     vertex  1.897377e+01  1.367000e+02  1.691984e+01
     vertex  1.900266e+01  1.367000e+02  1.697440e+01
   endloop
 endfacet
 facet normal  0.000000e+00  1.000000e+00  0.000000e+00
   outer loop
     vertex  1.329973e+02  1.367000e+02  1.697440e+01
     vertex  1.330262e+02  1.367000e+02  1.691984e+01
     vertex  1.897377e+01  1.367000e+02  1.691984e+01
   endloop
 endfacet
 facet normal  0.000000e+00  1.000000e+00  0.000000e+00
   outer loop
     vertex  1.329700e+02  1.367000e+02  1.702973e+01
     vertex  1.900266e+01  1.367000e+02  1.697440e+01
     vertex  1.903004e+01  1.367000e+02  1.702973e+01
   endloop
 endfacet
 facet normal  0.000000e+00  1.000000e+00  0.000000e+00
   outer loop
     vertex  1.329700e+02  1.367000e+02  1.702973e+01
     vertex  1.903004e+01  1.367000e+02  1.702973e+01
     vertex  1.905590e+01  1.367000e+02  1.708578e+01
   endloop
 endfacet
 facet normal  0.000000e+00  1.000000e+00  0.000000e+00
   outer loop
     vertex  1.329700e+02  1.367000e+02  1.702973e+01
     vertex  1.329973e+02  1.367000e+02  1.697440e+01
     vertex  1.900266e+01  1.367000e+02  1.697440e+01
   endloop
 endfacet
 facet normal  0.000000e+00  1.000000e+00  0.000000e+00
   outer loop
     vertex  1.329441e+02  1.367000e+02  1.708578e+01
     vertex  1.329700e+02  1.367000e+02  1.702973e+01
     vertex  1.905590e+01  1.367000e+02  1.708578e+01
   endloop
 endfacet
 facet normal  0.000000e+00  1.000000e+00  0.000000e+00
   outer loop
     vertex  1.329198e+02  1.367000e+02  1.714253e+01
     vertex  1.905590e+01  1.367000e+02  1.708578e+01
     vertex  1.908020e+01  1.367000e+02  1.714253e+01
   endloop
 endfacet
 facet normal  0.000000e+00  1.000000e+00  0.000000e+00
   outer loop
     vertex  1.329198e+02  1.367000e+02  1.714253e+01
     vertex  1.329441e+02  1.367000e+02  1.708578e+01
     vertex  1.905590e+01  1.367000e+02  1.708578e+01
   endloop
 endfacet
 facet normal  0.000000e+00  1.000000e+00  0.000000e+00
   outer loop
     vertex  1.328971e+02  1.367000e+02  1.719992e+01
     vertex  1.908020e+01  1.367000e+02  1.714253e+01
     vertex  1.910294e+01  1.367000e+02  1.719992e+01
   endloop
 endfacet
 facet normal  0.000000e+00  1.000000e+00  0.000000e+00
   outer loop
     vertex  1.328971e+02  1.367000e+02  1.719992e+01
     vertex  1.329198e+02  1.367000e+02  1.714253e+01
     vertex  1.908020e+01  1.367000e+02  1.714253e+01
   endloop
 endfacet
 facet normal  0.000000e+00  1.000000e+00  0.000000e+00
   outer loop
     vertex  1.328759e+02  1.367000e+02  1.725791e+01
     vertex  1.328971e+02  1.367000e+02  1.719992e+01
     vertex  1.910294e+01  1.367000e+02  1.719992e+01
   endloop
 endfacet
 facet normal  0.000000e+00  1.000000e+00  0.000000e+00
   outer loop
     vertex  1.328759e+02  1.367000e+02  1.725791e+01
     vertex  1.910294e+01  1.367000e+02  1.719992e+01
     vertex  1.912410e+01  1.367000e+02  1.725791e+01
   endloop
 endfacet
 facet normal  0.000000e+00  1.000000e+00  0.000000e+00
   outer loop
     vertex  1.328563e+02  1.367000e+02  1.731646e+01
     vertex  1.912410e+01  1.367000e+02  1.725791e+01
     vertex  1.914366e+01  1.367000e+02  1.731646e+01
   endloop
 endfacet
 facet normal  0.000000e+00  1.000000e+00  0.000000e+00
   outer loop
     vertex  1.328563e+02  1.367000e+02  1.731646e+01
     vertex  1.328759e+02  1.367000e+02  1.725791e+01
     vertex  1.912410e+01  1.367000e+02  1.725791e+01
   endloop
 endfacet
 facet normal  0.000000e+00  1.000000e+00  0.000000e+00
   outer loop
     vertex  1.328384e+02  1.367000e+02  1.737553e+01
     vertex  1.914366e+01  1.367000e+02  1.731646e+01
     vertex  1.916161e+01  1.367000e+02  1.737553e+01
   endloop
 endfacet
 facet normal  0.000000e+00  1.000000e+00  0.000000e+00
   outer loop
     vertex  1.328384e+02  1.367000e+02  1.737553e+01
     vertex  1.328563e+02  1.367000e+02  1.731646e+01
     vertex  1.914366e+01  1.367000e+02  1.731646e+01
   endloop
 endfacet
 facet normal  0.000000e+00  1.000000e+00  0.000000e+00
   outer loop
     vertex  1.328221e+02  1.367000e+02  1.743507e+01
     vertex  1.328384e+02  1.367000e+02  1.737553e+01
     vertex  1.916161e+01  1.367000e+02  1.737553e+01
   endloop
 endfacet
 facet normal  0.000000e+00  1.000000e+00  0.000000e+00
   outer loop
     vertex  1.328221e+02  1.367000e+02  1.743507e+01
     vertex  1.916161e+01  1.367000e+02  1.737553e+01
     vertex  1.917792e+01  1.367000e+02  1.743507e+01
   endloop
 endfacet
 facet normal  0.000000e+00  1.000000e+00  0.000000e+00
   outer loop
     vertex  1.328074e+02  1.367000e+02  1.749503e+01
     vertex  1.917792e+01  1.367000e+02  1.743507e+01
     vertex  1.919260e+01  1.367000e+02  1.749503e+01
   endloop
 endfacet
 facet normal  0.000000e+00  1.000000e+00  0.000000e+00
   outer loop
     vertex  1.328074e+02  1.367000e+02  1.749503e+01
     vertex  1.328221e+02  1.367000e+02  1.743507e+01
     vertex  1.917792e+01  1.367000e+02  1.743507e+01
   endloop
 endfacet
 facet normal  0.000000e+00  1.000000e+00  0.000000e+00
   outer loop
     vertex  1.327944e+02  1.367000e+02  1.755537e+01
     vertex  1.919260e+01  1.367000e+02  1.749503e+01
     vertex  1.920563e+01  1.367000e+02  1.755537e+01
   endloop
 endfacet
 facet normal  0.000000e+00  1.000000e+00  0.000000e+00
   outer loop
     vertex  1.327944e+02  1.367000e+02  1.755537e+01
     vertex  1.328074e+02  1.367000e+02  1.749503e+01
     vertex  1.919260e+01  1.367000e+02  1.749503e+01
   endloop
 endfacet
 facet normal  0.000000e+00  1.000000e+00  0.000000e+00
   outer loop
     vertex  1.327830e+02  1.367000e+02  1.761605e+01
     vertex  1.327944e+02  1.367000e+02  1.755537e+01
     vertex  1.920563e+01  1.367000e+02  1.755537e+01
   endloop
 endfacet
 facet normal  0.000000e+00  1.000000e+00  0.000000e+00
   outer loop
     vertex  1.327830e+02  1.367000e+02  1.761605e+01
     vertex  1.920563e+01  1.367000e+02  1.755537e+01
     vertex  1.921700e+01  1.367000e+02  1.761605e+01
   endloop
 endfacet
 facet normal  0.000000e+00  1.000000e+00  0.000000e+00
   outer loop
     vertex  1.327733e+02  1.367000e+02  1.767701e+01
     vertex  1.327830e+02  1.367000e+02  1.761605e+01
     vertex  1.921700e+01  1.367000e+02  1.761605e+01
   endloop
 endfacet
 facet normal  0.000000e+00  1.000000e+00  0.000000e+00
   outer loop
     vertex  1.327733e+02  1.367000e+02  1.767701e+01
     vertex  1.921700e+01  1.367000e+02  1.761605e+01
     vertex  1.922670e+01  1.367000e+02  1.767701e+01
   endloop
 endfacet
 facet normal  0.000000e+00  1.000000e+00  0.000000e+00
   outer loop
     vertex  1.327653e+02  1.367000e+02  1.773822e+01
     vertex  1.922670e+01  1.367000e+02  1.767701e+01
     vertex  1.923472e+01  1.367000e+02  1.773822e+01
   endloop
 endfacet
 facet normal  0.000000e+00  1.000000e+00  0.000000e+00
   outer loop
     vertex  1.327653e+02  1.367000e+02  1.773822e+01
     vertex  1.327733e+02  1.367000e+02  1.767701e+01
     vertex  1.922670e+01  1.367000e+02  1.767701e+01
   endloop
 endfacet
 facet normal  0.000000e+00  1.000000e+00  0.000000e+00
   outer loop
     vertex  1.327589e+02  1.367000e+02  1.779963e+01
     vertex  1.327653e+02  1.367000e+02  1.773822e+01
     vertex  1.923472e+01  1.367000e+02  1.773822e+01
   endloop
 endfacet
 facet normal  0.000000e+00  1.000000e+00  0.000000e+00
   outer loop
     vertex  1.327589e+02  1.367000e+02  1.779963e+01
     vertex  1.923472e+01  1.367000e+02  1.773822e+01
     vertex  1.924106e+01  1.367000e+02  1.779963e+01
   endloop
 endfacet
 facet normal  0.000000e+00  1.000000e+00  0.000000e+00
   outer loop
     vertex  1.327543e+02  1.367000e+02  1.786119e+01
     vertex  1.924106e+01  1.367000e+02  1.779963e+01
     vertex  1.924571e+01  1.367000e+02  1.786119e+01
   endloop
 endfacet
 facet normal  0.000000e+00  1.000000e+00  0.000000e+00
   outer loop
     vertex  1.327543e+02  1.367000e+02  1.786119e+01
     vertex  1.924571e+01  1.367000e+02  1.786119e+01
     vertex  1.924868e+01  1.367000e+02  1.792285e+01
   endloop
 endfacet
 facet normal  0.000000e+00  1.000000e+00  0.000000e+00
   outer loop
     vertex  1.327543e+02  1.367000e+02  1.786119e+01
     vertex  1.327589e+02  1.367000e+02  1.779963e+01
     vertex  1.924106e+01  1.367000e+02  1.779963e+01
   endloop
 endfacet
 facet normal  0.000000e+00  1.000000e+00  0.000000e+00
   outer loop
     vertex  1.327513e+02  1.367000e+02  1.792285e+01
     vertex  1.327543e+02  1.367000e+02  1.786119e+01
     vertex  1.924868e+01  1.367000e+02  1.792285e+01
   endloop
 endfacet
 facet normal  0.000000e+00  1.000000e+00  0.000000e+00
   outer loop
     vertex  1.327501e+02  1.367000e+02  1.798457e+01
     vertex  1.924868e+01  1.367000e+02  1.792285e+01
     vertex  1.924995e+01  1.367000e+02  1.798457e+01
   endloop
 endfacet
 facet normal  0.000000e+00  1.000000e+00  0.000000e+00
   outer loop
     vertex  1.327501e+02  1.367000e+02  1.798457e+01
     vertex  1.924995e+01  1.367000e+02  1.798457e+01
     vertex  1.924952e+01  1.367000e+02  1.804630e+01
   endloop
 endfacet
 facet normal  0.000000e+00  1.000000e+00  0.000000e+00
   outer loop
     vertex  1.327501e+02  1.367000e+02  1.798457e+01
     vertex  1.327513e+02  1.367000e+02  1.792285e+01
     vertex  1.924868e+01  1.367000e+02  1.792285e+01
   endloop
 endfacet
 facet normal  0.000000e+00  1.000000e+00  0.000000e+00
   outer loop
     vertex  1.327505e+02  1.367000e+02  1.804630e+01
     vertex  1.327501e+02  1.367000e+02  1.798457e+01
     vertex  1.924952e+01  1.367000e+02  1.804630e+01
   endloop
 endfacet
 facet normal  0.000000e+00  1.000000e+00  0.000000e+00
   outer loop
     vertex  1.327526e+02  1.367000e+02  1.810799e+01
     vertex  1.327505e+02  1.367000e+02  1.804630e+01
     vertex  1.924952e+01  1.367000e+02  1.804630e+01
   endloop
 endfacet
 facet normal  0.000000e+00  1.000000e+00  0.000000e+00
   outer loop
     vertex  1.327526e+02  1.367000e+02  1.810799e+01
     vertex  1.924952e+01  1.367000e+02  1.804630e+01
     vertex  1.924741e+01  1.367000e+02  1.810799e+01
   endloop
 endfacet
 facet normal  0.000000e+00  1.000000e+00  0.000000e+00
   outer loop
     vertex  1.327564e+02  1.367000e+02  1.816961e+01
     vertex  1.327526e+02  1.367000e+02  1.810799e+01
     vertex  1.924741e+01  1.367000e+02  1.810799e+01
   endloop
 endfacet
 facet normal  0.000000e+00  1.000000e+00  0.000000e+00
   outer loop
     vertex  1.327564e+02  1.367000e+02  1.816961e+01
     vertex  1.924741e+01  1.367000e+02  1.810799e+01
     vertex  1.924360e+01  1.367000e+02  1.816961e+01
   endloop
 endfacet
 facet normal  0.000000e+00  1.000000e+00  0.000000e+00
   outer loop
     vertex  1.327619e+02  1.367000e+02  1.823110e+01
     vertex  1.327564e+02  1.367000e+02  1.816961e+01
     vertex  1.924360e+01  1.367000e+02  1.816961e+01
   endloop
 endfacet
 facet normal  0.000000e+00  1.000000e+00  0.000000e+00
   outer loop
     vertex  1.327619e+02  1.367000e+02  1.823110e+01
     vertex  1.924360e+01  1.367000e+02  1.816961e+01
     vertex  1.923810e+01  1.367000e+02  1.823110e+01
   endloop
 endfacet
 facet normal  0.000000e+00  1.000000e+00  0.000000e+00
   outer loop
     vertex  1.327691e+02  1.367000e+02  1.829241e+01
     vertex  1.327619e+02  1.367000e+02  1.823110e+01
     vertex  1.923810e+01  1.367000e+02  1.823110e+01
   endloop
 endfacet
 facet normal  0.000000e+00  1.000000e+00  0.000000e+00
   outer loop
     vertex  1.327691e+02  1.367000e+02  1.829241e+01
     vertex  1.923810e+01  1.367000e+02  1.823110e+01
     vertex  1.923092e+01  1.367000e+02  1.829241e+01
   endloop
 endfacet
 facet normal  0.000000e+00  1.000000e+00  0.000000e+00
   outer loop
     vertex  1.327779e+02  1.367000e+02  1.835350e+01
     vertex  1.327691e+02  1.367000e+02  1.829241e+01
     vertex  1.923092e+01  1.367000e+02  1.829241e+01
   endloop
 endfacet
 facet normal  0.000000e+00  1.000000e+00  0.000000e+00
   outer loop
     vertex  1.327779e+02  1.367000e+02  1.835350e+01
     vertex  1.923092e+01  1.367000e+02  1.829241e+01
     vertex  1.922206e+01  1.367000e+02  1.835350e+01
   endloop
 endfacet
 facet normal  0.000000e+00  1.000000e+00  0.000000e+00
   outer loop
     vertex  1.327885e+02  1.367000e+02  1.841433e+01
     vertex  1.922206e+01  1.367000e+02  1.835350e+01
     vertex  1.921152e+01  1.367000e+02  1.841433e+01
   endloop
 endfacet
 facet normal  0.000000e+00  1.000000e+00  0.000000e+00
   outer loop
     vertex  1.327885e+02  1.367000e+02  1.841433e+01
     vertex  1.327779e+02  1.367000e+02  1.835350e+01
     vertex  1.922206e+01  1.367000e+02  1.835350e+01
   endloop
 endfacet
 facet normal  0.000000e+00  1.000000e+00  0.000000e+00
   outer loop
     vertex  1.328007e+02  1.367000e+02  1.847484e+01
     vertex  1.327885e+02  1.367000e+02  1.841433e+01
     vertex  1.921152e+01  1.367000e+02  1.841433e+01
   endloop
 endfacet
 facet normal  0.000000e+00  1.000000e+00  0.000000e+00
   outer loop
     vertex  1.328007e+02  1.367000e+02  1.847484e+01
     vertex  1.921152e+01  1.367000e+02  1.841433e+01
     vertex  1.919932e+01  1.367000e+02  1.847484e+01
   endloop
 endfacet
 facet normal  0.000000e+00  1.000000e+00  0.000000e+00
   outer loop
     vertex  1.328145e+02  1.367000e+02  1.853500e+01
     vertex  1.328007e+02  1.367000e+02  1.847484e+01
     vertex  1.919932e+01  1.367000e+02  1.847484e+01
   endloop
 endfacet
 facet normal  0.000000e+00  1.000000e+00  0.000000e+00
   outer loop
     vertex  1.328145e+02  1.367000e+02  1.853500e+01
     vertex  1.919932e+01  1.367000e+02  1.847484e+01
     vertex  1.918547e+01  1.367000e+02  1.853500e+01
   endloop
 endfacet
 facet normal  0.000000e+00  1.000000e+00  0.000000e+00
   outer loop
     vertex  1.328300e+02  1.367000e+02  1.859476e+01
     vertex  1.918547e+01  1.367000e+02  1.853500e+01
     vertex  1.916997e+01  1.367000e+02  1.859476e+01
   endloop
 endfacet
 facet normal  0.000000e+00  1.000000e+00  0.000000e+00
   outer loop
     vertex  1.328300e+02  1.367000e+02  1.859476e+01
     vertex  1.328145e+02  1.367000e+02  1.853500e+01
     vertex  1.918547e+01  1.367000e+02  1.853500e+01
   endloop
 endfacet
 facet normal  0.000000e+00  1.000000e+00  0.000000e+00
   outer loop
     vertex  1.328472e+02  1.367000e+02  1.865406e+01
     vertex  1.328300e+02  1.367000e+02  1.859476e+01
     vertex  1.916997e+01  1.367000e+02  1.859476e+01
   endloop
 endfacet
 facet normal  0.000000e+00  1.000000e+00  0.000000e+00
   outer loop
     vertex  1.328472e+02  1.367000e+02  1.865406e+01
     vertex  1.916997e+01  1.367000e+02  1.859476e+01
     vertex  1.915284e+01  1.367000e+02  1.865406e+01
   endloop
 endfacet
 facet normal  0.000000e+00  1.000000e+00  0.000000e+00
   outer loop
     vertex  1.328659e+02  1.367000e+02  1.871288e+01
     vertex  1.328472e+02  1.367000e+02  1.865406e+01
     vertex  1.915284e+01  1.367000e+02  1.865406e+01
   endloop
 endfacet
 facet normal  0.000000e+00  1.000000e+00  0.000000e+00
   outer loop
     vertex  1.328659e+02  1.367000e+02  1.871288e+01
     vertex  1.915284e+01  1.367000e+02  1.865406e+01
     vertex  1.913408e+01  1.367000e+02  1.871288e+01
   endloop
 endfacet
 facet normal  0.000000e+00  1.000000e+00  0.000000e+00
   outer loop
     vertex  1.328863e+02  1.367000e+02  1.877116e+01
     vertex  1.328659e+02  1.367000e+02  1.871288e+01
     vertex  1.913408e+01  1.367000e+02  1.871288e+01
   endloop
 endfacet
 facet normal  0.000000e+00  1.000000e+00  0.000000e+00
   outer loop
     vertex  1.328863e+02  1.367000e+02  1.877116e+01
     vertex  1.913408e+01  1.367000e+02  1.871288e+01
     vertex  1.911372e+01  1.367000e+02  1.877116e+01
   endloop
 endfacet
 facet normal  0.000000e+00  1.000000e+00  0.000000e+00
   outer loop
     vertex  1.329082e+02  1.367000e+02  1.882885e+01
     vertex  1.911372e+01  1.367000e+02  1.877116e+01
     vertex  1.909177e+01  1.367000e+02  1.882885e+01
   endloop
 endfacet
 facet normal  0.000000e+00  1.000000e+00  0.000000e+00
   outer loop
     vertex  1.329082e+02  1.367000e+02  1.882885e+01
     vertex  1.909177e+01  1.367000e+02  1.882885e+01
     vertex  1.906824e+01  1.367000e+02  1.888593e+01
   endloop
 endfacet
 facet normal  0.000000e+00  1.000000e+00  0.000000e+00
   outer loop
     vertex  1.329082e+02  1.367000e+02  1.882885e+01
     vertex  1.328863e+02  1.367000e+02  1.877116e+01
     vertex  1.911372e+01  1.367000e+02  1.877116e+01
   endloop
 endfacet
 facet normal  0.000000e+00  1.000000e+00  0.000000e+00
   outer loop
     vertex  1.329318e+02  1.367000e+02  1.888593e+01
     vertex  1.329082e+02  1.367000e+02  1.882885e+01
     vertex  1.906824e+01  1.367000e+02  1.888593e+01
   endloop
 endfacet
 facet normal  0.000000e+00  1.000000e+00  0.000000e+00
   outer loop
     vertex  1.329568e+02  1.367000e+02  1.894233e+01
     vertex  1.906824e+01  1.367000e+02  1.888593e+01
     vertex  1.904316e+01  1.367000e+02  1.894233e+01
   endloop
 endfacet
 facet normal  0.000000e+00  1.000000e+00  0.000000e+00
   outer loop
     vertex  1.329568e+02  1.367000e+02  1.894233e+01
     vertex  1.904316e+01  1.367000e+02  1.894233e+01
     vertex  1.901654e+01  1.367000e+02  1.899803e+01
   endloop
 endfacet
 facet normal  0.000000e+00  1.000000e+00  0.000000e+00
   outer loop
     vertex  1.329568e+02  1.367000e+02  1.894233e+01
     vertex  1.329318e+02  1.367000e+02  1.888593e+01
     vertex  1.906824e+01  1.367000e+02  1.888593e+01
   endloop
 endfacet
 facet normal  0.000000e+00  1.000000e+00  0.000000e+00
   outer loop
     vertex  1.329835e+02  1.367000e+02  1.899803e+01
     vertex  1.329568e+02  1.367000e+02  1.894233e+01
     vertex  1.901654e+01  1.367000e+02  1.899803e+01
   endloop
 endfacet
 facet normal  0.000000e+00  1.000000e+00  0.000000e+00
   outer loop
     vertex  1.329835e+02  1.367000e+02  1.899803e+01
     vertex  1.901654e+01  1.367000e+02  1.899803e+01
     vertex  1.898840e+01  1.367000e+02  1.905298e+01
   endloop
 endfacet
 facet normal  0.000000e+00  1.000000e+00  0.000000e+00
   outer loop
     vertex  1.330116e+02  1.367000e+02  1.905298e+01
     vertex  1.898840e+01  1.367000e+02  1.905298e+01
     vertex  1.895876e+01  1.367000e+02  1.910713e+01
   endloop
 endfacet
 facet normal  0.000000e+00  1.000000e+00  0.000000e+00
   outer loop
     vertex  1.330116e+02  1.367000e+02  1.905298e+01
     vertex  1.329835e+02  1.367000e+02  1.899803e+01
     vertex  1.898840e+01  1.367000e+02  1.905298e+01
   endloop
 endfacet
 facet normal  0.000000e+00  1.000000e+00  0.000000e+00
   outer loop
     vertex  1.330412e+02  1.367000e+02  1.910713e+01
     vertex  1.330116e+02  1.367000e+02  1.905298e+01
     vertex  1.895876e+01  1.367000e+02  1.910713e+01
   endloop
 endfacet
 facet normal  0.000000e+00  1.000000e+00  0.000000e+00
   outer loop
     vertex  1.330723e+02  1.367000e+02  1.916045e+01
     vertex  1.895876e+01  1.367000e+02  1.910713e+01
     vertex  1.892765e+01  1.367000e+02  1.916045e+01
   endloop
 endfacet
 facet normal  0.000000e+00  1.000000e+00  0.000000e+00
   outer loop
     vertex  1.330723e+02  1.367000e+02  1.916045e+01
     vertex  1.892765e+01  1.367000e+02  1.916045e+01
     vertex  1.889509e+01  1.367000e+02  1.921290e+01
   endloop
 endfacet
 facet normal  0.000000e+00  1.000000e+00  0.000000e+00
   outer loop
     vertex  1.330723e+02  1.367000e+02  1.916045e+01
     vertex  1.330412e+02  1.367000e+02  1.910713e+01
     vertex  1.895876e+01  1.367000e+02  1.910713e+01
   endloop
 endfacet
 facet normal  0.000000e+00  1.000000e+00  0.000000e+00
   outer loop
     vertex  1.331049e+02  1.367000e+02  1.921290e+01
     vertex  1.330723e+02  1.367000e+02  1.916045e+01
     vertex  1.889509e+01  1.367000e+02  1.921290e+01
   endloop
 endfacet
 facet normal  0.000000e+00  1.000000e+00  0.000000e+00
   outer loop
     vertex  1.331389e+02  1.367000e+02  1.926443e+01
     vertex  1.331049e+02  1.367000e+02  1.921290e+01
     vertex  1.889509e+01  1.367000e+02  1.921290e+01
   endloop
 endfacet
 facet normal  0.000000e+00  1.000000e+00  0.000000e+00
   outer loop
     vertex  1.331389e+02  1.367000e+02  1.926443e+01
     vertex  1.889509e+01  1.367000e+02  1.921290e+01
     vertex  1.886110e+01  1.367000e+02  1.926443e+01
   endloop
 endfacet
 facet normal  0.000000e+00  1.000000e+00  0.000000e+00
   outer loop
     vertex  1.331743e+02  1.367000e+02  1.931501e+01
     vertex  1.886110e+01  1.367000e+02  1.926443e+01
     vertex  1.882572e+01  1.367000e+02  1.931501e+01
   endloop
 endfacet
 facet normal  0.000000e+00  1.000000e+00  0.000000e+00
   outer loop
     vertex  1.331743e+02  1.367000e+02  1.931501e+01
     vertex  1.331389e+02  1.367000e+02  1.926443e+01
     vertex  1.886110e+01  1.367000e+02  1.926443e+01
   endloop
 endfacet
 facet normal  0.000000e+00  1.000000e+00  0.000000e+00
   outer loop
     vertex  1.525000e+02  1.367000e+02  0.000000e+00
     vertex  1.350000e+02  1.367000e+02  1.575000e+01
     vertex  1.350617e+02  1.367000e+02  1.575085e+01
   endloop
 endfacet
 facet normal  0.000000e+00  1.000000e+00  0.000000e+00
   outer loop
     vertex  1.525000e+02  1.367000e+02  0.000000e+00
     vertex  1.350617e+02  1.367000e+02  1.575085e+01
     vertex  1.351234e+02  1.367000e+02  1.575339e+01
   endloop
 endfacet
 facet normal  0.000000e+00  1.000000e+00  0.000000e+00
   outer loop
     vertex  1.525000e+02  1.367000e+02  0.000000e+00
     vertex  1.351234e+02  1.367000e+02  1.575339e+01
     vertex  1.351850e+02  1.367000e+02  1.575762e+01
   endloop
 endfacet
 facet normal  0.000000e+00  1.000000e+00  0.000000e+00
   outer loop
     vertex  1.525000e+02  1.367000e+02  0.000000e+00
     vertex  1.351850e+02  1.367000e+02  1.575762e+01
     vertex  1.352464e+02  1.367000e+02  1.576354e+01
   endloop
 endfacet
 facet normal  0.000000e+00  1.000000e+00  0.000000e+00
   outer loop
     vertex  1.525000e+02  1.367000e+02  0.000000e+00
     vertex  1.352464e+02  1.367000e+02  1.576354e+01
     vertex  1.353077e+02  1.367000e+02  1.577114e+01
   endloop
 endfacet
 facet normal  0.000000e+00  1.000000e+00  0.000000e+00
   outer loop
     vertex  1.525000e+02  1.367000e+02  0.000000e+00
     vertex  1.337228e+02  1.367000e+02  1.614761e+01
     vertex  1.337741e+02  1.367000e+02  1.611327e+01
   endloop
 endfacet
 facet normal  0.000000e+00  1.000000e+00  0.000000e+00
   outer loop
     vertex  1.525000e+02  1.367000e+02  0.000000e+00
     vertex  1.353077e+02  1.367000e+02  1.577114e+01
     vertex  1.353687e+02  1.367000e+02  1.578042e+01
   endloop
 endfacet
 facet normal  0.000000e+00  1.000000e+00  0.000000e+00
   outer loop
     vertex  1.525000e+02  1.367000e+02  0.000000e+00
     vertex  1.337741e+02  1.367000e+02  1.611327e+01
     vertex  1.338264e+02  1.367000e+02  1.608035e+01
   endloop
 endfacet
 facet normal  0.000000e+00  1.000000e+00  0.000000e+00
   outer loop
     vertex  1.525000e+02  1.367000e+02  0.000000e+00
     vertex  1.353687e+02  1.367000e+02  1.578042e+01
     vertex  1.354295e+02  1.367000e+02  1.579137e+01
   endloop
 endfacet
 facet normal  0.000000e+00  1.000000e+00  0.000000e+00
   outer loop
     vertex  1.525000e+02  1.367000e+02  0.000000e+00
     vertex  1.338264e+02  1.367000e+02  1.608035e+01
     vertex  1.338795e+02  1.367000e+02  1.604888e+01
   endloop
 endfacet
 facet normal  0.000000e+00  1.000000e+00  0.000000e+00
   outer loop
     vertex  1.525000e+02  1.367000e+02  0.000000e+00
     vertex  1.354295e+02  1.367000e+02  1.579137e+01
     vertex  1.354899e+02  1.367000e+02  1.580399e+01
   endloop
 endfacet
 facet normal  0.000000e+00  1.000000e+00  0.000000e+00
   outer loop
     vertex  1.525000e+02  1.367000e+02  0.000000e+00
     vertex  1.338795e+02  1.367000e+02  1.604888e+01
     vertex  1.339334e+02  1.367000e+02  1.601887e+01
   endloop
 endfacet
 facet normal  0.000000e+00  1.000000e+00  0.000000e+00
   outer loop
     vertex  1.525000e+02  1.367000e+02  0.000000e+00
     vertex  1.354899e+02  1.367000e+02  1.580399e+01
     vertex  1.355500e+02  1.367000e+02  1.581825e+01
   endloop
 endfacet
 facet normal  0.000000e+00  1.000000e+00  0.000000e+00
   outer loop
     vertex  1.525000e+02  1.367000e+02  0.000000e+00
     vertex  1.339334e+02  1.367000e+02  1.601887e+01
     vertex  1.339882e+02  1.367000e+02  1.599035e+01
   endloop
 endfacet
 facet normal  0.000000e+00  1.000000e+00  0.000000e+00
   outer loop
     vertex  1.525000e+02  1.367000e+02  0.000000e+00
     vertex  1.355500e+02  1.367000e+02  1.581825e+01
     vertex  1.356096e+02  1.367000e+02  1.583416e+01
   endloop
 endfacet
 facet normal  0.000000e+00  1.000000e+00  0.000000e+00
   outer loop
     vertex  1.525000e+02  1.367000e+02  0.000000e+00
     vertex  1.339882e+02  1.367000e+02  1.599035e+01
     vertex  1.340437e+02  1.367000e+02  1.596335e+01
   endloop
 endfacet
 facet normal  0.000000e+00  1.000000e+00  0.000000e+00
   outer loop
     vertex  1.525000e+02  1.367000e+02  0.000000e+00
     vertex  1.356096e+02  1.367000e+02  1.583416e+01
     vertex  1.356688e+02  1.367000e+02  1.585170e+01
   endloop
 endfacet
 facet normal  0.000000e+00  1.000000e+00  0.000000e+00
   outer loop
     vertex  1.525000e+02  1.367000e+02  0.000000e+00
     vertex  1.340437e+02  1.367000e+02  1.596335e+01
     vertex  1.340999e+02  1.367000e+02  1.593788e+01
   endloop
 endfacet
 facet normal  0.000000e+00  1.000000e+00  0.000000e+00
   outer loop
     vertex  1.525000e+02  1.367000e+02  0.000000e+00
     vertex  1.356688e+02  1.367000e+02  1.585170e+01
     vertex  1.357275e+02  1.367000e+02  1.587086e+01
   endloop
 endfacet
 facet normal  0.000000e+00  1.000000e+00  0.000000e+00
   outer loop
     vertex  1.525000e+02  1.367000e+02  0.000000e+00
     vertex  1.340999e+02  1.367000e+02  1.593788e+01
     vertex  1.341568e+02  1.367000e+02  1.591396e+01
   endloop
 endfacet
 facet normal  0.000000e+00  1.000000e+00  0.000000e+00
   outer loop
     vertex  1.525000e+02  1.367000e+02  0.000000e+00
     vertex  1.357275e+02  1.367000e+02  1.587086e+01
     vertex  1.357856e+02  1.367000e+02  1.589162e+01
   endloop
 endfacet
 facet normal  0.000000e+00  1.000000e+00  0.000000e+00
   outer loop
     vertex  1.525000e+02  1.367000e+02  0.000000e+00
     vertex  1.341568e+02  1.367000e+02  1.591396e+01
     vertex  1.342144e+02  1.367000e+02  1.589162e+01
   endloop
 endfacet
 facet normal  0.000000e+00  1.000000e+00  0.000000e+00
   outer loop
     vertex  1.525000e+02  1.367000e+02  0.000000e+00
     vertex  1.357856e+02  1.367000e+02  1.589162e+01
     vertex  1.358432e+02  1.367000e+02  1.591396e+01
   endloop
 endfacet
 facet normal  0.000000e+00  1.000000e+00  0.000000e+00
   outer loop
     vertex  1.525000e+02  1.367000e+02  0.000000e+00
     vertex  1.342144e+02  1.367000e+02  1.589162e+01
     vertex  1.342725e+02  1.367000e+02  1.587086e+01
   endloop
 endfacet
 facet normal  0.000000e+00  1.000000e+00  0.000000e+00
   outer loop
     vertex  1.525000e+02  1.367000e+02  0.000000e+00
     vertex  1.358432e+02  1.367000e+02  1.591396e+01
     vertex  1.359001e+02  1.367000e+02  1.593788e+01
   endloop
 endfacet
 facet normal  0.000000e+00  1.000000e+00  0.000000e+00
   outer loop
     vertex  1.525000e+02  1.367000e+02  0.000000e+00
     vertex  0.000000e+00  1.367000e+02  0.000000e+00
     vertex  1.337228e+02  1.367000e+02  1.614761e+01
   endloop
 endfacet
 facet normal  0.000000e+00  1.000000e+00  0.000000e+00
   outer loop
     vertex  1.525000e+02  1.367000e+02  0.000000e+00
     vertex  1.342725e+02  1.367000e+02  1.587086e+01
     vertex  1.343312e+02  1.367000e+02  1.585170e+01
   endloop
 endfacet
 facet normal  0.000000e+00  1.000000e+00  0.000000e+00
   outer loop
     vertex  1.525000e+02  1.367000e+02  0.000000e+00
     vertex  1.359001e+02  1.367000e+02  1.593788e+01
     vertex  1.359563e+02  1.367000e+02  1.596335e+01
   endloop
 endfacet
 facet normal  0.000000e+00  1.000000e+00  0.000000e+00
   outer loop
     vertex  1.525000e+02  1.367000e+02  0.000000e+00
     vertex  1.343312e+02  1.367000e+02  1.585170e+01
     vertex  1.343904e+02  1.367000e+02  1.583416e+01
   endloop
 endfacet
 facet normal  0.000000e+00  1.000000e+00  0.000000e+00
   outer loop
     vertex  1.525000e+02  1.367000e+02  0.000000e+00
     vertex  1.359563e+02  1.367000e+02  1.596335e+01
     vertex  1.360118e+02  1.367000e+02  1.599035e+01
   endloop
 endfacet
 facet normal  0.000000e+00  1.000000e+00  0.000000e+00
   outer loop
     vertex  1.525000e+02  1.367000e+02  0.000000e+00
     vertex  1.343904e+02  1.367000e+02  1.583416e+01
     vertex  1.344500e+02  1.367000e+02  1.581825e+01
   endloop
 endfacet
 facet normal  0.000000e+00  1.000000e+00  0.000000e+00
   outer loop
     vertex  1.525000e+02  1.367000e+02  0.000000e+00
     vertex  1.360118e+02  1.367000e+02  1.599035e+01
     vertex  1.360666e+02  1.367000e+02  1.601887e+01
   endloop
 endfacet
 facet normal  0.000000e+00  1.000000e+00  0.000000e+00
   outer loop
     vertex  1.525000e+02  1.367000e+02  0.000000e+00
     vertex  1.344500e+02  1.367000e+02  1.581825e+01
     vertex  1.345101e+02  1.367000e+02  1.580399e+01
   endloop
 endfacet
 facet normal  0.000000e+00  1.000000e+00  0.000000e+00
   outer loop
     vertex  1.525000e+02  1.367000e+02  0.000000e+00
     vertex  1.360666e+02  1.367000e+02  1.601887e+01
     vertex  1.361205e+02  1.367000e+02  1.604888e+01
   endloop
 endfacet
 facet normal  0.000000e+00  1.000000e+00  0.000000e+00
   outer loop
     vertex  1.525000e+02  1.367000e+02  0.000000e+00
     vertex  1.345101e+02  1.367000e+02  1.580399e+01
     vertex  1.345705e+02  1.367000e+02  1.579137e+01
   endloop
 endfacet
 facet normal  0.000000e+00  1.000000e+00  0.000000e+00
   outer loop
     vertex  1.525000e+02  1.367000e+02  0.000000e+00
     vertex  1.361205e+02  1.367000e+02  1.604888e+01
     vertex  1.361736e+02  1.367000e+02  1.608035e+01
   endloop
 endfacet
 facet normal  0.000000e+00  1.000000e+00  0.000000e+00
   outer loop
     vertex  1.525000e+02  1.367000e+02  0.000000e+00
     vertex  1.345705e+02  1.367000e+02  1.579137e+01
     vertex  1.346313e+02  1.367000e+02  1.578042e+01
   endloop
 endfacet
 facet normal  0.000000e+00  1.000000e+00  0.000000e+00
   outer loop
     vertex  1.525000e+02  1.367000e+02  0.000000e+00
     vertex  1.361736e+02  1.367000e+02  1.608035e+01
     vertex  1.362259e+02  1.367000e+02  1.611327e+01
   endloop
 endfacet
 facet normal  0.000000e+00  1.000000e+00  0.000000e+00
   outer loop
     vertex  1.525000e+02  1.367000e+02  0.000000e+00
     vertex  1.346313e+02  1.367000e+02  1.578042e+01
     vertex  1.346923e+02  1.367000e+02  1.577114e+01
   endloop
 endfacet
 facet normal  0.000000e+00  1.000000e+00  0.000000e+00
   outer loop
     vertex  1.525000e+02  1.367000e+02  0.000000e+00
     vertex  1.362259e+02  1.367000e+02  1.611327e+01
     vertex  1.362772e+02  1.367000e+02  1.614761e+01
   endloop
 endfacet
 facet normal  0.000000e+00  1.000000e+00  0.000000e+00
   outer loop
     vertex  1.525000e+02  1.367000e+02  0.000000e+00
     vertex  1.346923e+02  1.367000e+02  1.577114e+01
     vertex  1.347536e+02  1.367000e+02  1.576354e+01
   endloop
 endfacet
 facet normal  0.000000e+00  1.000000e+00  0.000000e+00
   outer loop
     vertex  1.525000e+02  1.367000e+02  0.000000e+00
     vertex  1.347536e+02  1.367000e+02  1.576354e+01
     vertex  1.348150e+02  1.367000e+02  1.575762e+01
   endloop
 endfacet
 facet normal  0.000000e+00  1.000000e+00  0.000000e+00
   outer loop
     vertex  1.525000e+02  1.367000e+02  0.000000e+00
     vertex  1.348150e+02  1.367000e+02  1.575762e+01
     vertex  1.348766e+02  1.367000e+02  1.575339e+01
   endloop
 endfacet
 facet normal  0.000000e+00  1.000000e+00  0.000000e+00
   outer loop
     vertex  1.525000e+02  1.367000e+02  0.000000e+00
     vertex  1.348766e+02  1.367000e+02  1.575339e+01
     vertex  1.349383e+02  1.367000e+02  1.575085e+01
   endloop
 endfacet
 facet normal  0.000000e+00  1.000000e+00  0.000000e+00
   outer loop
     vertex  1.525000e+02  1.367000e+02  0.000000e+00
     vertex  1.349383e+02  1.367000e+02  1.575085e+01
     vertex  1.350000e+02  1.367000e+02  1.575000e+01
   endloop
 endfacet
 facet normal  0.000000e+00  1.000000e+00  0.000000e+00
   outer loop
     vertex  1.363275e+02  1.367000e+02  1.618335e+01
     vertex  1.525000e+02  1.367000e+02  0.000000e+00
     vertex  1.362772e+02  1.367000e+02  1.614761e+01
   endloop
 endfacet
 facet normal  0.000000e+00  1.000000e+00  0.000000e+00
   outer loop
     vertex  1.332110e+02  1.367000e+02  1.936461e+01
     vertex  1.331743e+02  1.367000e+02  1.931501e+01
     vertex  1.882572e+01  1.367000e+02  1.931501e+01
   endloop
 endfacet
 facet normal  0.000000e+00  1.000000e+00  0.000000e+00
   outer loop
     vertex  1.332110e+02  1.367000e+02  1.936461e+01
     vertex  1.882572e+01  1.367000e+02  1.931501e+01
     vertex  1.878895e+01  1.367000e+02  1.936461e+01
   endloop
 endfacet
 facet normal  0.000000e+00  1.000000e+00  0.000000e+00
   outer loop
     vertex  1.363768e+02  1.367000e+02  1.622045e+01
     vertex  1.525000e+02  1.367000e+02  0.000000e+00
     vertex  1.363275e+02  1.367000e+02  1.618335e+01
   endloop
 endfacet
 facet normal  0.000000e+00  1.000000e+00  0.000000e+00
   outer loop
     vertex  1.332492e+02  1.367000e+02  1.941317e+01
     vertex  1.332110e+02  1.367000e+02  1.936461e+01
     vertex  1.878895e+01  1.367000e+02  1.936461e+01
   endloop
 endfacet
 facet normal  0.000000e+00  1.000000e+00  0.000000e+00
   outer loop
     vertex  1.332492e+02  1.367000e+02  1.941317e+01
     vertex  1.878895e+01  1.367000e+02  1.936461e+01
     vertex  1.875084e+01  1.367000e+02  1.941317e+01
   endloop
 endfacet
 facet normal  0.000000e+00  1.000000e+00  0.000000e+00
   outer loop
     vertex  1.364251e+02  1.367000e+02  1.625889e+01
     vertex  1.525000e+02  1.367000e+02  0.000000e+00
     vertex  1.363768e+02  1.367000e+02  1.622045e+01
   endloop
 endfacet
 facet normal  0.000000e+00  1.000000e+00  0.000000e+00
   outer loop
     vertex  1.332886e+02  1.367000e+02  1.946067e+01
     vertex  1.332492e+02  1.367000e+02  1.941317e+01
     vertex  1.875084e+01  1.367000e+02  1.941317e+01
   endloop
 endfacet
 facet normal  0.000000e+00  1.000000e+00  0.000000e+00
   outer loop
     vertex  1.332886e+02  1.367000e+02  1.946067e+01
     vertex  1.875084e+01  1.367000e+02  1.941317e+01
     vertex  1.871141e+01  1.367000e+02  1.946067e+01
   endloop
 endfacet
 facet normal  0.000000e+00  1.000000e+00  0.000000e+00
   outer loop
     vertex  1.364724e+02  1.367000e+02  1.629864e+01
     vertex  1.525000e+02  1.367000e+02  0.000000e+00
     vertex  1.364251e+02  1.367000e+02  1.625889e+01
   endloop
 endfacet
 facet normal  0.000000e+00  1.000000e+00  0.000000e+00
   outer loop
     vertex  1.333293e+02  1.367000e+02  1.950707e+01
     vertex  1.332886e+02  1.367000e+02  1.946067e+01
     vertex  1.871141e+01  1.367000e+02  1.946067e+01
   endloop
 endfacet
 facet normal  0.000000e+00  1.000000e+00  0.000000e+00
   outer loop
     vertex  1.333293e+02  1.367000e+02  1.950707e+01
     vertex  1.871141e+01  1.367000e+02  1.946067e+01
     vertex  1.867070e+01  1.367000e+02  1.950707e+01
   endloop
 endfacet
 facet normal  0.000000e+00  1.000000e+00  0.000000e+00
   outer loop
     vertex  1.333293e+02  1.367000e+02  1.950707e+01
     vertex  1.867070e+01  1.367000e+02  1.950707e+01
     vertex  1.862872e+01  1.367000e+02  1.955234e+01
   endloop
 endfacet
 facet normal  0.000000e+00  1.000000e+00  0.000000e+00
   outer loop
     vertex  1.365185e+02  1.367000e+02  1.633968e+01
     vertex  1.525000e+02  1.367000e+02  0.000000e+00
     vertex  1.364724e+02  1.367000e+02  1.629864e+01
   endloop
 endfacet
 facet normal  0.000000e+00  1.000000e+00  0.000000e+00
   outer loop
     vertex  1.333713e+02  1.367000e+02  1.955234e+01
     vertex  1.333293e+02  1.367000e+02  1.950707e+01
     vertex  1.862872e+01  1.367000e+02  1.955234e+01
   endloop
 endfacet
 facet normal  0.000000e+00  1.000000e+00  0.000000e+00
   outer loop
     vertex  1.365635e+02  1.367000e+02  1.638196e+01
     vertex  1.525000e+02  1.367000e+02  0.000000e+00
     vertex  1.365185e+02  1.367000e+02  1.633968e+01
   endloop
 endfacet
 facet normal  0.000000e+00  1.000000e+00  0.000000e+00
   outer loop
     vertex  1.334145e+02  1.367000e+02  1.959644e+01
     vertex  1.333713e+02  1.367000e+02  1.955234e+01
     vertex  1.862872e+01  1.367000e+02  1.955234e+01
   endloop
 endfacet
 facet normal  0.000000e+00  1.000000e+00  0.000000e+00
   outer loop
     vertex  1.334145e+02  1.367000e+02  1.959644e+01
     vertex  1.862872e+01  1.367000e+02  1.955234e+01
     vertex  1.858552e+01  1.367000e+02  1.959644e+01
   endloop
 endfacet
 facet normal  0.000000e+00  1.000000e+00  0.000000e+00
   outer loop
     vertex  1.366073e+02  1.367000e+02  1.642546e+01
     vertex  1.525000e+02  1.367000e+02  0.000000e+00
     vertex  1.365635e+02  1.367000e+02  1.638196e+01
   endloop
 endfacet
 facet normal  0.000000e+00  1.000000e+00  0.000000e+00
   outer loop
     vertex  1.334589e+02  1.367000e+02  1.963933e+01
     vertex  1.334145e+02  1.367000e+02  1.959644e+01
     vertex  1.858552e+01  1.367000e+02  1.959644e+01
   endloop
 endfacet
 facet normal  0.000000e+00  1.000000e+00  0.000000e+00
   outer loop
     vertex  1.334589e+02  1.367000e+02  1.963933e+01
     vertex  1.858552e+01  1.367000e+02  1.959644e+01
     vertex  1.854113e+01  1.367000e+02  1.963933e+01
   endloop
 endfacet
 facet normal  0.000000e+00  1.000000e+00  0.000000e+00
   outer loop
     vertex  1.366499e+02  1.367000e+02  1.647015e+01
     vertex  1.525000e+02  1.367000e+02  0.000000e+00
     vertex  1.366073e+02  1.367000e+02  1.642546e+01
   endloop
 endfacet
 facet normal  0.000000e+00  1.000000e+00  0.000000e+00
   outer loop
     vertex  1.335044e+02  1.367000e+02  1.968100e+01
     vertex  1.334589e+02  1.367000e+02  1.963933e+01
     vertex  1.854113e+01  1.367000e+02  1.963933e+01
   endloop
 endfacet
 facet normal  0.000000e+00  1.000000e+00  0.000000e+00
   outer loop
     vertex  1.335044e+02  1.367000e+02  1.968100e+01
     vertex  1.854113e+01  1.367000e+02  1.963933e+01
     vertex  1.849558e+01  1.367000e+02  1.968100e+01
   endloop
 endfacet
 facet normal  0.000000e+00  1.000000e+00  0.000000e+00
   outer loop
     vertex  1.366912e+02  1.367000e+02  1.651599e+01
     vertex  1.525000e+02  1.367000e+02  0.000000e+00
     vertex  1.366499e+02  1.367000e+02  1.647015e+01
   endloop
 endfacet
 facet normal  0.000000e+00  1.000000e+00  0.000000e+00
   outer loop
     vertex  1.335511e+02  1.367000e+02  1.972139e+01
     vertex  1.335044e+02  1.367000e+02  1.968100e+01
     vertex  1.849558e+01  1.367000e+02  1.968100e+01
   endloop
 endfacet
 facet normal  0.000000e+00  1.000000e+00  0.000000e+00
   outer loop
     vertex  1.335511e+02  1.367000e+02  1.972139e+01
     vertex  1.849558e+01  1.367000e+02  1.968100e+01
     vertex  1.844890e+01  1.367000e+02  1.972139e+01
   endloop
 endfacet
 facet normal  0.000000e+00  1.000000e+00  0.000000e+00
   outer loop
     vertex  1.367313e+02  1.367000e+02  1.656294e+01
     vertex  1.525000e+02  1.367000e+02  0.000000e+00
     vertex  1.366912e+02  1.367000e+02  1.651599e+01
   endloop
 endfacet
 facet normal  0.000000e+00  1.000000e+00  0.000000e+00
   outer loop
     vertex  1.335989e+02  1.367000e+02  1.976049e+01
     vertex  1.335511e+02  1.367000e+02  1.972139e+01
     vertex  1.844890e+01  1.367000e+02  1.972139e+01
   endloop
 endfacet
 facet normal  0.000000e+00  1.000000e+00  0.000000e+00
   outer loop
     vertex  1.335989e+02  1.367000e+02  1.976049e+01
     vertex  1.844890e+01  1.367000e+02  1.972139e+01
     vertex  1.840113e+01  1.367000e+02  1.976049e+01
   endloop
 endfacet
 facet normal  0.000000e+00  1.000000e+00  0.000000e+00
   outer loop
     vertex  1.367701e+02  1.367000e+02  1.661098e+01
     vertex  1.525000e+02  1.367000e+02  0.000000e+00
     vertex  1.367313e+02  1.367000e+02  1.656294e+01
   endloop
 endfacet
 facet normal  0.000000e+00  1.000000e+00  0.000000e+00
   outer loop
     vertex  1.336477e+02  1.367000e+02  1.979827e+01
     vertex  1.335989e+02  1.367000e+02  1.976049e+01
     vertex  1.840113e+01  1.367000e+02  1.976049e+01
   endloop
 endfacet
 facet normal  0.000000e+00  1.000000e+00  0.000000e+00
   outer loop
     vertex  1.336477e+02  1.367000e+02  1.979827e+01
     vertex  1.840113e+01  1.367000e+02  1.976049e+01
     vertex  1.835230e+01  1.367000e+02  1.979827e+01
   endloop
 endfacet
 facet normal  0.000000e+00  1.000000e+00  0.000000e+00
   outer loop
     vertex  1.368075e+02  1.367000e+02  1.666006e+01
     vertex  1.525000e+02  1.367000e+02  0.000000e+00
     vertex  1.367701e+02  1.367000e+02  1.661098e+01
   endloop
 endfacet
 facet normal  0.000000e+00  1.000000e+00  0.000000e+00
   outer loop
     vertex  1.336975e+02  1.367000e+02  1.983469e+01
     vertex  1.336477e+02  1.367000e+02  1.979827e+01
     vertex  1.835230e+01  1.367000e+02  1.979827e+01
   endloop
 endfacet
 facet normal  0.000000e+00  1.000000e+00  0.000000e+00
   outer loop
     vertex  1.336975e+02  1.367000e+02  1.983469e+01
     vertex  1.835230e+01  1.367000e+02  1.979827e+01
     vertex  1.830246e+01  1.367000e+02  1.983469e+01
   endloop
 endfacet
 facet normal  0.000000e+00  1.000000e+00  0.000000e+00
   outer loop
     vertex  1.368436e+02  1.367000e+02  1.671016e+01
     vertex  1.525000e+02  1.367000e+02  0.000000e+00
     vertex  1.368075e+02  1.367000e+02  1.666006e+01
   endloop
 endfacet
 facet normal  0.000000e+00  1.000000e+00  0.000000e+00
   outer loop
     vertex  1.337484e+02  1.367000e+02  1.986973e+01
     vertex  1.336975e+02  1.367000e+02  1.983469e+01
     vertex  1.830246e+01  1.367000e+02  1.983469e+01
   endloop
 endfacet
 facet normal  0.000000e+00  1.000000e+00  0.000000e+00
   outer loop
     vertex  1.337484e+02  1.367000e+02  1.986973e+01
     vertex  1.825164e+01  1.367000e+02  1.986973e+01
     vertex  0.000000e+00  1.367000e+02  3.600000e+01
   endloop
 endfacet
 facet normal  0.000000e+00  1.000000e+00  0.000000e+00
   outer loop
     vertex  1.337484e+02  1.367000e+02  1.986973e+01
     vertex  1.830246e+01  1.367000e+02  1.983469e+01
     vertex  1.825164e+01  1.367000e+02  1.986973e+01
   endloop
 endfacet
 facet normal  0.000000e+00  1.000000e+00  0.000000e+00
   outer loop
     vertex  1.368783e+02  1.367000e+02  1.676122e+01
     vertex  1.525000e+02  1.367000e+02  0.000000e+00
     vertex  1.368436e+02  1.367000e+02  1.671016e+01
   endloop
 endfacet
 facet normal  0.000000e+00  1.000000e+00  0.000000e+00
   outer loop
     vertex  1.369116e+02  1.367000e+02  1.681321e+01
     vertex  1.525000e+02  1.367000e+02  0.000000e+00
     vertex  1.368783e+02  1.367000e+02  1.676122e+01
   endloop
 endfacet
 facet normal  0.000000e+00  1.000000e+00  0.000000e+00
   outer loop
     vertex  1.369434e+02  1.367000e+02  1.686610e+01
     vertex  1.525000e+02  1.367000e+02  0.000000e+00
     vertex  1.369116e+02  1.367000e+02  1.681321e+01
   endloop
 endfacet
 facet normal  0.000000e+00  1.000000e+00  0.000000e+00
   outer loop
     vertex  1.369738e+02  1.367000e+02  1.691984e+01
     vertex  1.525000e+02  1.367000e+02  0.000000e+00
     vertex  1.369434e+02  1.367000e+02  1.686610e+01
   endloop
 endfacet
 facet normal  0.000000e+00  1.000000e+00  0.000000e+00
   outer loop
     vertex  1.370027e+02  1.367000e+02  1.697440e+01
     vertex  1.525000e+02  1.367000e+02  0.000000e+00
     vertex  1.369738e+02  1.367000e+02  1.691984e+01
   endloop
 endfacet
 facet normal  0.000000e+00  1.000000e+00  0.000000e+00
   outer loop
     vertex  1.370300e+02  1.367000e+02  1.702973e+01
     vertex  1.525000e+02  1.367000e+02  0.000000e+00
     vertex  1.370027e+02  1.367000e+02  1.697440e+01
   endloop
 endfacet
 facet normal  0.000000e+00  1.000000e+00  0.000000e+00
   outer loop
     vertex  1.370559e+02  1.367000e+02  1.708578e+01
     vertex  1.525000e+02  1.367000e+02  0.000000e+00
     vertex  1.370300e+02  1.367000e+02  1.702973e+01
   endloop
 endfacet
 facet normal  0.000000e+00  1.000000e+00  0.000000e+00
   outer loop
     vertex  1.370802e+02  1.367000e+02  1.714253e+01
     vertex  1.525000e+02  1.367000e+02  0.000000e+00
     vertex  1.370559e+02  1.367000e+02  1.708578e+01
   endloop
 endfacet
 facet normal  0.000000e+00  1.000000e+00  0.000000e+00
   outer loop
     vertex  1.371029e+02  1.367000e+02  1.719992e+01
     vertex  1.525000e+02  1.367000e+02  0.000000e+00
     vertex  1.370802e+02  1.367000e+02  1.714253e+01
   endloop
 endfacet
 facet normal  0.000000e+00  1.000000e+00  0.000000e+00
   outer loop
     vertex  1.371241e+02  1.367000e+02  1.725791e+01
     vertex  1.525000e+02  1.367000e+02  0.000000e+00
     vertex  1.371029e+02  1.367000e+02  1.719992e+01
   endloop
 endfacet
 facet normal  0.000000e+00  1.000000e+00  0.000000e+00
   outer loop
     vertex  1.371437e+02  1.367000e+02  1.731646e+01
     vertex  1.525000e+02  1.367000e+02  0.000000e+00
     vertex  1.371241e+02  1.367000e+02  1.725791e+01
   endloop
 endfacet
 facet normal  0.000000e+00  1.000000e+00  0.000000e+00
   outer loop
     vertex  1.371616e+02  1.367000e+02  1.737553e+01
     vertex  1.525000e+02  1.367000e+02  0.000000e+00
     vertex  1.371437e+02  1.367000e+02  1.731646e+01
   endloop
 endfacet
 facet normal  0.000000e+00  1.000000e+00  0.000000e+00
   outer loop
     vertex  1.371779e+02  1.367000e+02  1.743507e+01
     vertex  1.525000e+02  1.367000e+02  0.000000e+00
     vertex  1.371616e+02  1.367000e+02  1.737553e+01
   endloop
 endfacet
 facet normal  0.000000e+00  1.000000e+00  0.000000e+00
   outer loop
     vertex  1.371926e+02  1.367000e+02  1.749503e+01
     vertex  1.525000e+02  1.367000e+02  0.000000e+00
     vertex  1.371779e+02  1.367000e+02  1.743507e+01
   endloop
 endfacet
 facet normal  0.000000e+00  1.000000e+00  0.000000e+00
   outer loop
     vertex  1.372056e+02  1.367000e+02  1.755537e+01
     vertex  1.525000e+02  1.367000e+02  0.000000e+00
     vertex  1.371926e+02  1.367000e+02  1.749503e+01
   endloop
 endfacet
 facet normal  0.000000e+00  1.000000e+00  0.000000e+00
   outer loop
     vertex  1.372170e+02  1.367000e+02  1.761605e+01
     vertex  1.525000e+02  1.367000e+02  0.000000e+00
     vertex  1.372056e+02  1.367000e+02  1.755537e+01
   endloop
 endfacet
 facet normal  0.000000e+00  1.000000e+00  0.000000e+00
   outer loop
     vertex  1.372267e+02  1.367000e+02  1.767701e+01
     vertex  1.525000e+02  1.367000e+02  0.000000e+00
     vertex  1.372170e+02  1.367000e+02  1.761605e+01
   endloop
 endfacet
 facet normal  0.000000e+00  1.000000e+00  0.000000e+00
   outer loop
     vertex  1.372347e+02  1.367000e+02  1.773822e+01
     vertex  1.525000e+02  1.367000e+02  0.000000e+00
     vertex  1.372267e+02  1.367000e+02  1.767701e+01
   endloop
 endfacet
 facet normal  0.000000e+00  1.000000e+00  0.000000e+00
   outer loop
     vertex  1.372411e+02  1.367000e+02  1.779963e+01
     vertex  1.525000e+02  1.367000e+02  0.000000e+00
     vertex  1.372347e+02  1.367000e+02  1.773822e+01
   endloop
 endfacet
 facet normal  0.000000e+00  1.000000e+00  0.000000e+00
   outer loop
     vertex  1.372457e+02  1.367000e+02  1.786119e+01
     vertex  1.525000e+02  1.367000e+02  0.000000e+00
     vertex  1.372411e+02  1.367000e+02  1.779963e+01
   endloop
 endfacet
 facet normal  0.000000e+00  1.000000e+00  0.000000e+00
   outer loop
     vertex  1.372487e+02  1.367000e+02  1.792285e+01
     vertex  1.525000e+02  1.367000e+02  0.000000e+00
     vertex  1.372457e+02  1.367000e+02  1.786119e+01
   endloop
 endfacet
 facet normal  0.000000e+00  1.000000e+00  0.000000e+00
   outer loop
     vertex  1.372499e+02  1.367000e+02  1.798457e+01
     vertex  1.525000e+02  1.367000e+02  0.000000e+00
     vertex  1.372487e+02  1.367000e+02  1.792285e+01
   endloop
 endfacet
 facet normal  0.000000e+00  1.000000e+00  0.000000e+00
   outer loop
     vertex  1.525000e+02  1.367000e+02  3.600000e+01
     vertex  1.371341e+02  1.367000e+02  1.871288e+01
     vertex  1.371137e+02  1.367000e+02  1.877116e+01
   endloop
 endfacet
 facet normal  0.000000e+00  1.000000e+00  0.000000e+00
   outer loop
     vertex  1.525000e+02  1.367000e+02  3.600000e+01
     vertex  1.371137e+02  1.367000e+02  1.877116e+01
     vertex  1.370918e+02  1.367000e+02  1.882885e+01
   endloop
 endfacet
 facet normal  0.000000e+00  1.000000e+00  0.000000e+00
   outer loop
     vertex  1.525000e+02  1.367000e+02  3.600000e+01
     vertex  1.370918e+02  1.367000e+02  1.882885e+01
     vertex  1.370682e+02  1.367000e+02  1.888593e+01
   endloop
 endfacet
 facet normal  0.000000e+00  1.000000e+00  0.000000e+00
   outer loop
     vertex  1.525000e+02  1.367000e+02  3.600000e+01
     vertex  1.370682e+02  1.367000e+02  1.888593e+01
     vertex  1.370432e+02  1.367000e+02  1.894233e+01
   endloop
 endfacet
 facet normal  0.000000e+00  1.000000e+00  0.000000e+00
   outer loop
     vertex  1.525000e+02  1.367000e+02  3.600000e+01
     vertex  1.370432e+02  1.367000e+02  1.894233e+01
     vertex  1.370165e+02  1.367000e+02  1.899803e+01
   endloop
 endfacet
 facet normal  0.000000e+00  1.000000e+00  0.000000e+00
   outer loop
     vertex  1.525000e+02  1.367000e+02  3.600000e+01
     vertex  1.370165e+02  1.367000e+02  1.899803e+01
     vertex  1.369884e+02  1.367000e+02  1.905298e+01
   endloop
 endfacet
 facet normal  0.000000e+00  1.000000e+00  0.000000e+00
   outer loop
     vertex  1.525000e+02  1.367000e+02  3.600000e+01
     vertex  1.369884e+02  1.367000e+02  1.905298e+01
     vertex  1.369588e+02  1.367000e+02  1.910713e+01
   endloop
 endfacet
 facet normal  0.000000e+00  1.000000e+00  0.000000e+00
   outer loop
     vertex  1.525000e+02  1.367000e+02  3.600000e+01
     vertex  1.369588e+02  1.367000e+02  1.910713e+01
     vertex  1.369277e+02  1.367000e+02  1.916045e+01
   endloop
 endfacet
 facet normal  0.000000e+00  1.000000e+00  0.000000e+00
   outer loop
     vertex  1.525000e+02  1.367000e+02  3.600000e+01
     vertex  1.369277e+02  1.367000e+02  1.916045e+01
     vertex  1.368951e+02  1.367000e+02  1.921290e+01
   endloop
 endfacet
 facet normal  0.000000e+00  1.000000e+00  0.000000e+00
   outer loop
     vertex  1.525000e+02  1.367000e+02  3.600000e+01
     vertex  1.368951e+02  1.367000e+02  1.921290e+01
     vertex  1.368611e+02  1.367000e+02  1.926443e+01
   endloop
 endfacet
 facet normal  0.000000e+00  1.000000e+00  0.000000e+00
   outer loop
     vertex  1.525000e+02  1.367000e+02  3.600000e+01
     vertex  1.368611e+02  1.367000e+02  1.926443e+01
     vertex  1.368257e+02  1.367000e+02  1.931501e+01
   endloop
 endfacet
 facet normal  0.000000e+00  1.000000e+00  0.000000e+00
   outer loop
     vertex  1.525000e+02  1.367000e+02  3.600000e+01
     vertex  1.368257e+02  1.367000e+02  1.931501e+01
     vertex  1.367890e+02  1.367000e+02  1.936461e+01
   endloop
 endfacet
 facet normal  0.000000e+00  1.000000e+00  0.000000e+00
   outer loop
     vertex  1.525000e+02  1.367000e+02  3.600000e+01
     vertex  1.367890e+02  1.367000e+02  1.936461e+01
     vertex  1.367508e+02  1.367000e+02  1.941317e+01
   endloop
 endfacet
 facet normal  0.000000e+00  1.000000e+00  0.000000e+00
   outer loop
     vertex  1.525000e+02  1.367000e+02  3.600000e+01
     vertex  1.367508e+02  1.367000e+02  1.941317e+01
     vertex  1.367114e+02  1.367000e+02  1.946067e+01
   endloop
 endfacet
 facet normal  0.000000e+00  1.000000e+00  0.000000e+00
   outer loop
     vertex  1.525000e+02  1.367000e+02  3.600000e+01
     vertex  1.367114e+02  1.367000e+02  1.946067e+01
     vertex  1.366707e+02  1.367000e+02  1.950707e+01
   endloop
 endfacet
 facet normal  0.000000e+00  1.000000e+00  0.000000e+00
   outer loop
     vertex  1.525000e+02  1.367000e+02  3.600000e+01
     vertex  1.366707e+02  1.367000e+02  1.950707e+01
     vertex  1.366287e+02  1.367000e+02  1.955234e+01
   endloop
 endfacet
 facet normal  0.000000e+00  1.000000e+00  0.000000e+00
   outer loop
     vertex  1.525000e+02  1.367000e+02  3.600000e+01
     vertex  1.366287e+02  1.367000e+02  1.955234e+01
     vertex  1.365855e+02  1.367000e+02  1.959644e+01
   endloop
 endfacet
 facet normal  0.000000e+00  1.000000e+00  0.000000e+00
   outer loop
     vertex  1.525000e+02  1.367000e+02  3.600000e+01
     vertex  1.365855e+02  1.367000e+02  1.959644e+01
     vertex  1.365411e+02  1.367000e+02  1.963933e+01
   endloop
 endfacet
 facet normal  0.000000e+00  1.000000e+00  0.000000e+00
   outer loop
     vertex  1.525000e+02  1.367000e+02  3.600000e+01
     vertex  1.365411e+02  1.367000e+02  1.963933e+01
     vertex  1.364956e+02  1.367000e+02  1.968100e+01
   endloop
 endfacet
 facet normal  0.000000e+00  1.000000e+00  0.000000e+00
   outer loop
     vertex  1.525000e+02  1.367000e+02  3.600000e+01
     vertex  1.364956e+02  1.367000e+02  1.968100e+01
     vertex  1.364489e+02  1.367000e+02  1.972139e+01
   endloop
 endfacet
 facet normal  0.000000e+00  1.000000e+00  0.000000e+00
   outer loop
     vertex  1.525000e+02  1.367000e+02  3.600000e+01
     vertex  1.364489e+02  1.367000e+02  1.972139e+01
     vertex  1.364011e+02  1.367000e+02  1.976049e+01
   endloop
 endfacet
 facet normal  0.000000e+00  1.000000e+00  0.000000e+00
   outer loop
     vertex  1.525000e+02  1.367000e+02  3.600000e+01
     vertex  1.364011e+02  1.367000e+02  1.976049e+01
     vertex  1.363523e+02  1.367000e+02  1.979827e+01
   endloop
 endfacet
 facet normal  0.000000e+00  1.000000e+00  0.000000e+00
   outer loop
     vertex  1.525000e+02  1.367000e+02  3.600000e+01
     vertex  1.363523e+02  1.367000e+02  1.979827e+01
     vertex  1.363025e+02  1.367000e+02  1.983469e+01
   endloop
 endfacet
 facet normal  0.000000e+00  1.000000e+00  0.000000e+00
   outer loop
     vertex  1.525000e+02  1.367000e+02  3.600000e+01
     vertex  1.363025e+02  1.367000e+02  1.983469e+01
     vertex  1.362516e+02  1.367000e+02  1.986973e+01
   endloop
 endfacet
 facet normal  0.000000e+00  1.000000e+00  0.000000e+00
   outer loop
     vertex  1.525000e+02  1.367000e+02  3.600000e+01
     vertex  1.362516e+02  1.367000e+02  1.986973e+01
     vertex  1.361999e+02  1.367000e+02  1.990337e+01
   endloop
 endfacet
 facet normal  0.000000e+00  1.000000e+00  0.000000e+00
   outer loop
     vertex  1.525000e+02  1.367000e+02  3.600000e+01
     vertex  1.361999e+02  1.367000e+02  1.990337e+01
     vertex  1.361472e+02  1.367000e+02  1.993557e+01
   endloop
 endfacet
 facet normal  0.000000e+00  1.000000e+00  0.000000e+00
   outer loop
     vertex  1.525000e+02  1.367000e+02  3.600000e+01
     vertex  1.361472e+02  1.367000e+02  1.993557e+01
     vertex  1.360937e+02  1.367000e+02  1.996631e+01
   endloop
 endfacet
 facet normal  0.000000e+00  1.000000e+00  0.000000e+00
   outer loop
     vertex  1.525000e+02  1.367000e+02  3.600000e+01
     vertex  1.360937e+02  1.367000e+02  1.996631e+01
     vertex  1.360393e+02  1.367000e+02  1.999558e+01
   endloop
 endfacet
 facet normal  0.000000e+00  1.000000e+00  0.000000e+00
   outer loop
     vertex  1.525000e+02  1.367000e+02  3.600000e+01
     vertex  1.360393e+02  1.367000e+02  1.999558e+01
     vertex  1.359842e+02  1.367000e+02  2.002334e+01
   endloop
 endfacet
 facet normal  0.000000e+00  1.000000e+00  0.000000e+00
   outer loop
     vertex  1.525000e+02  1.367000e+02  3.600000e+01
     vertex  1.359842e+02  1.367000e+02  2.002334e+01
     vertex  1.359283e+02  1.367000e+02  2.004958e+01
   endloop
 endfacet
 facet normal  0.000000e+00  1.000000e+00  0.000000e+00
   outer loop
     vertex  1.525000e+02  1.367000e+02  3.600000e+01
     vertex  1.359283e+02  1.367000e+02  2.004958e+01
     vertex  1.358717e+02  1.367000e+02  2.007427e+01
   endloop
 endfacet
 facet normal  0.000000e+00  1.000000e+00  0.000000e+00
   outer loop
     vertex  1.525000e+02  1.367000e+02  3.600000e+01
     vertex  1.358717e+02  1.367000e+02  2.007427e+01
     vertex  1.358145e+02  1.367000e+02  2.009741e+01
   endloop
 endfacet
 facet normal  0.000000e+00  1.000000e+00  0.000000e+00
   outer loop
     vertex  1.525000e+02  1.367000e+02  3.600000e+01
     vertex  1.358145e+02  1.367000e+02  2.009741e+01
     vertex  1.357566e+02  1.367000e+02  2.011896e+01
   endloop
 endfacet
 facet normal  0.000000e+00  1.000000e+00  0.000000e+00
   outer loop
     vertex  1.525000e+02  1.367000e+02  3.600000e+01
     vertex  1.357566e+02  1.367000e+02  2.011896e+01
     vertex  1.356982e+02  1.367000e+02  2.013892e+01
   endloop
 endfacet
 facet normal  0.000000e+00  1.000000e+00  0.000000e+00
   outer loop
     vertex  1.525000e+02  1.367000e+02  3.600000e+01
     vertex  1.356982e+02  1.367000e+02  2.013892e+01
     vertex  1.356393e+02  1.367000e+02  2.015727e+01
   endloop
 endfacet
 facet normal  0.000000e+00  1.000000e+00  0.000000e+00
   outer loop
     vertex  1.525000e+02  1.367000e+02  3.600000e+01
     vertex  1.356393e+02  1.367000e+02  2.015727e+01
     vertex  1.355799e+02  1.367000e+02  2.017400e+01
   endloop
 endfacet
 facet normal  0.000000e+00  1.000000e+00  0.000000e+00
   outer loop
     vertex  1.525000e+02  1.367000e+02  3.600000e+01
     vertex  1.355799e+02  1.367000e+02  2.017400e+01
     vertex  1.355200e+02  1.367000e+02  2.018909e+01
   endloop
 endfacet
 facet normal  0.000000e+00  1.000000e+00  0.000000e+00
   outer loop
     vertex  1.525000e+02  1.367000e+02  3.600000e+01
     vertex  1.355200e+02  1.367000e+02  2.018909e+01
     vertex  1.354597e+02  1.367000e+02  2.020253e+01
   endloop
 endfacet
 facet normal  0.000000e+00  1.000000e+00  0.000000e+00
   outer loop
     vertex  1.525000e+02  1.367000e+02  3.600000e+01
     vertex  1.354597e+02  1.367000e+02  2.020253e+01
     vertex  1.353991e+02  1.367000e+02  2.021431e+01
   endloop
 endfacet
 facet normal  0.000000e+00  1.000000e+00  0.000000e+00
   outer loop
     vertex  1.525000e+02  1.367000e+02  3.600000e+01
     vertex  1.353991e+02  1.367000e+02  2.021431e+01
     vertex  1.353383e+02  1.367000e+02  2.022443e+01
   endloop
 endfacet
 facet normal  0.000000e+00  1.000000e+00  0.000000e+00
   outer loop
     vertex  1.525000e+02  1.367000e+02  3.600000e+01
     vertex  1.353383e+02  1.367000e+02  2.022443e+01
     vertex  1.352771e+02  1.367000e+02  2.023287e+01
   endloop
 endfacet
 facet normal  0.000000e+00  1.000000e+00  0.000000e+00
   outer loop
     vertex  1.525000e+02  1.367000e+02  3.600000e+01
     vertex  1.352771e+02  1.367000e+02  2.023287e+01
     vertex  1.352157e+02  1.367000e+02  2.023963e+01
   endloop
 endfacet
 facet normal  0.000000e+00  1.000000e+00  0.000000e+00
   outer loop
     vertex  1.525000e+02  1.367000e+02  3.600000e+01
     vertex  1.352157e+02  1.367000e+02  2.023963e+01
     vertex  1.351542e+02  1.367000e+02  2.024471e+01
   endloop
 endfacet
 facet normal  0.000000e+00  1.000000e+00  0.000000e+00
   outer loop
     vertex  1.525000e+02  1.367000e+02  3.600000e+01
     vertex  1.351542e+02  1.367000e+02  2.024471e+01
     vertex  1.350926e+02  1.367000e+02  2.024809e+01
   endloop
 endfacet
 facet normal  0.000000e+00  1.000000e+00  0.000000e+00
   outer loop
     vertex  1.525000e+02  1.367000e+02  3.600000e+01
     vertex  1.350926e+02  1.367000e+02  2.024809e+01
     vertex  1.350309e+02  1.367000e+02  2.024979e+01
   endloop
 endfacet
 facet normal  0.000000e+00  1.000000e+00  0.000000e+00
   outer loop
     vertex  1.525000e+02  1.367000e+02  3.600000e+01
     vertex  1.350309e+02  1.367000e+02  2.024979e+01
     vertex  1.349691e+02  1.367000e+02  2.024979e+01
   endloop
 endfacet
 facet normal  0.000000e+00  1.000000e+00  0.000000e+00
   outer loop
     vertex  1.525000e+02  1.367000e+02  3.600000e+01
     vertex  1.349691e+02  1.367000e+02  2.024979e+01
     vertex  1.349074e+02  1.367000e+02  2.024809e+01
   endloop
 endfacet
 facet normal  0.000000e+00  1.000000e+00  0.000000e+00
   outer loop
     vertex  1.525000e+02  1.367000e+02  3.600000e+01
     vertex  1.349074e+02  1.367000e+02  2.024809e+01
     vertex  1.348458e+02  1.367000e+02  2.024471e+01
   endloop
 endfacet
 facet normal  0.000000e+00  1.000000e+00  0.000000e+00
   outer loop
     vertex  1.525000e+02  1.367000e+02  3.600000e+01
     vertex  1.525000e+02  1.367000e+02  0.000000e+00
     vertex  1.372499e+02  1.367000e+02  1.798457e+01
   endloop
 endfacet
 facet normal  0.000000e+00  1.000000e+00  0.000000e+00
   outer loop
     vertex  1.525000e+02  1.367000e+02  3.600000e+01
     vertex  1.348458e+02  1.367000e+02  2.024471e+01
     vertex  1.347843e+02  1.367000e+02  2.023963e+01
   endloop
 endfacet
 facet normal  0.000000e+00  1.000000e+00  0.000000e+00
   outer loop
     vertex  1.525000e+02  1.367000e+02  3.600000e+01
     vertex  1.347843e+02  1.367000e+02  2.023963e+01
     vertex  1.347229e+02  1.367000e+02  2.023287e+01
   endloop
 endfacet
 facet normal  0.000000e+00  1.000000e+00  0.000000e+00
   outer loop
     vertex  1.525000e+02  1.367000e+02  3.600000e+01
     vertex  1.347229e+02  1.367000e+02  2.023287e+01
     vertex  1.346617e+02  1.367000e+02  2.022443e+01
   endloop
 endfacet
 facet normal  0.000000e+00  1.000000e+00  0.000000e+00
   outer loop
     vertex  1.525000e+02  1.367000e+02  3.600000e+01
     vertex  1.346617e+02  1.367000e+02  2.022443e+01
     vertex  1.346009e+02  1.367000e+02  2.021431e+01
   endloop
 endfacet
 facet normal  0.000000e+00  1.000000e+00  0.000000e+00
   outer loop
     vertex  1.525000e+02  1.367000e+02  3.600000e+01
     vertex  1.346009e+02  1.367000e+02  2.021431e+01
     vertex  1.345403e+02  1.367000e+02  2.020253e+01
   endloop
 endfacet
 facet normal  0.000000e+00  1.000000e+00  0.000000e+00
   outer loop
     vertex  1.525000e+02  1.367000e+02  3.600000e+01
     vertex  1.345403e+02  1.367000e+02  2.020253e+01
     vertex  1.344800e+02  1.367000e+02  2.018909e+01
   endloop
 endfacet
 facet normal  0.000000e+00  1.000000e+00  0.000000e+00
   outer loop
     vertex  1.525000e+02  1.367000e+02  3.600000e+01
     vertex  1.344800e+02  1.367000e+02  2.018909e+01
     vertex  1.344201e+02  1.367000e+02  2.017400e+01
   endloop
 endfacet
 facet normal  0.000000e+00  1.000000e+00  0.000000e+00
   outer loop
     vertex  1.525000e+02  1.367000e+02  3.600000e+01
     vertex  1.344201e+02  1.367000e+02  2.017400e+01
     vertex  1.343607e+02  1.367000e+02  2.015727e+01
   endloop
 endfacet
 facet normal  0.000000e+00  1.000000e+00  0.000000e+00
   outer loop
     vertex  1.525000e+02  1.367000e+02  3.600000e+01
     vertex  1.343607e+02  1.367000e+02  2.015727e+01
     vertex  1.343018e+02  1.367000e+02  2.013892e+01
   endloop
 endfacet
 facet normal  0.000000e+00  1.000000e+00  0.000000e+00
   outer loop
     vertex  1.525000e+02  1.367000e+02  3.600000e+01
     vertex  1.343018e+02  1.367000e+02  2.013892e+01
     vertex  1.342434e+02  1.367000e+02  2.011896e+01
   endloop
 endfacet
 facet normal  0.000000e+00  1.000000e+00  0.000000e+00
   outer loop
     vertex  1.525000e+02  1.367000e+02  3.600000e+01
     vertex  1.342434e+02  1.367000e+02  2.011896e+01
     vertex  1.341855e+02  1.367000e+02  2.009741e+01
   endloop
 endfacet
 facet normal  0.000000e+00  1.000000e+00  0.000000e+00
   outer loop
     vertex  1.525000e+02  1.367000e+02  3.600000e+01
     vertex  1.341855e+02  1.367000e+02  2.009741e+01
     vertex  1.341283e+02  1.367000e+02  2.007427e+01
   endloop
 endfacet
 facet normal  0.000000e+00  1.000000e+00  0.000000e+00
   outer loop
     vertex  1.525000e+02  1.367000e+02  3.600000e+01
     vertex  1.341283e+02  1.367000e+02  2.007427e+01
     vertex  1.340717e+02  1.367000e+02  2.004958e+01
   endloop
 endfacet
 facet normal  0.000000e+00  1.000000e+00  0.000000e+00
   outer loop
     vertex  1.525000e+02  1.367000e+02  3.600000e+01
     vertex  1.340717e+02  1.367000e+02  2.004958e+01
     vertex  1.340158e+02  1.367000e+02  2.002334e+01
   endloop
 endfacet
 facet normal  0.000000e+00  1.000000e+00  0.000000e+00
   outer loop
     vertex  1.525000e+02  1.367000e+02  3.600000e+01
     vertex  1.340158e+02  1.367000e+02  2.002334e+01
     vertex  1.339607e+02  1.367000e+02  1.999558e+01
   endloop
 endfacet
 facet normal  0.000000e+00  1.000000e+00  0.000000e+00
   outer loop
     vertex  1.525000e+02  1.367000e+02  3.600000e+01
     vertex  1.339607e+02  1.367000e+02  1.999558e+01
     vertex  1.339063e+02  1.367000e+02  1.996631e+01
   endloop
 endfacet
 facet normal  0.000000e+00  1.000000e+00  0.000000e+00
   outer loop
     vertex  1.525000e+02  1.367000e+02  3.600000e+01
     vertex  1.339063e+02  1.367000e+02  1.996631e+01
     vertex  1.338528e+02  1.367000e+02  1.993557e+01
   endloop
 endfacet
 facet normal  0.000000e+00  1.000000e+00  0.000000e+00
   outer loop
     vertex  1.525000e+02  1.367000e+02  3.600000e+01
     vertex  1.338528e+02  1.367000e+02  1.993557e+01
     vertex  1.338001e+02  1.367000e+02  1.990337e+01
   endloop
 endfacet
 facet normal  0.000000e+00  1.000000e+00  0.000000e+00
   outer loop
     vertex  1.525000e+02  1.367000e+02  3.600000e+01
     vertex  1.337484e+02  1.367000e+02  1.986973e+01
     vertex  0.000000e+00  1.367000e+02  3.600000e+01
   endloop
 endfacet
 facet normal  0.000000e+00  1.000000e+00  0.000000e+00
   outer loop
     vertex  1.525000e+02  1.367000e+02  3.600000e+01
     vertex  1.338001e+02  1.367000e+02  1.990337e+01
     vertex  1.337484e+02  1.367000e+02  1.986973e+01
   endloop
 endfacet
 facet normal  0.000000e+00  1.000000e+00  0.000000e+00
   outer loop
     vertex  1.525000e+02  1.367000e+02  3.600000e+01
     vertex  1.372499e+02  1.367000e+02  1.798457e+01
     vertex  1.372495e+02  1.367000e+02  1.804630e+01
   endloop
 endfacet
 facet normal  0.000000e+00  1.000000e+00  0.000000e+00
   outer loop
     vertex  1.525000e+02  1.367000e+02  3.600000e+01
     vertex  1.372495e+02  1.367000e+02  1.804630e+01
     vertex  1.372474e+02  1.367000e+02  1.810799e+01
   endloop
 endfacet
 facet normal  0.000000e+00  1.000000e+00  0.000000e+00
   outer loop
     vertex  1.525000e+02  1.367000e+02  3.600000e+01
     vertex  1.372474e+02  1.367000e+02  1.810799e+01
     vertex  1.372436e+02  1.367000e+02  1.816961e+01
   endloop
 endfacet
 facet normal  0.000000e+00  1.000000e+00  0.000000e+00
   outer loop
     vertex  1.525000e+02  1.367000e+02  3.600000e+01
     vertex  1.372436e+02  1.367000e+02  1.816961e+01
     vertex  1.372381e+02  1.367000e+02  1.823110e+01
   endloop
 endfacet
 facet normal  0.000000e+00  1.000000e+00  0.000000e+00
   outer loop
     vertex  1.525000e+02  1.367000e+02  3.600000e+01
     vertex  1.372381e+02  1.367000e+02  1.823110e+01
     vertex  1.372309e+02  1.367000e+02  1.829241e+01
   endloop
 endfacet
 facet normal  0.000000e+00  1.000000e+00  0.000000e+00
   outer loop
     vertex  1.525000e+02  1.367000e+02  3.600000e+01
     vertex  1.372309e+02  1.367000e+02  1.829241e+01
     vertex  1.372221e+02  1.367000e+02  1.835350e+01
   endloop
 endfacet
 facet normal  0.000000e+00  1.000000e+00  0.000000e+00
   outer loop
     vertex  1.525000e+02  1.367000e+02  3.600000e+01
     vertex  1.372221e+02  1.367000e+02  1.835350e+01
     vertex  1.372115e+02  1.367000e+02  1.841433e+01
   endloop
 endfacet
 facet normal  0.000000e+00  1.000000e+00  0.000000e+00
   outer loop
     vertex  1.525000e+02  1.367000e+02  3.600000e+01
     vertex  1.372115e+02  1.367000e+02  1.841433e+01
     vertex  1.371993e+02  1.367000e+02  1.847484e+01
   endloop
 endfacet
 facet normal  0.000000e+00  1.000000e+00  0.000000e+00
   outer loop
     vertex  1.525000e+02  1.367000e+02  3.600000e+01
     vertex  1.371993e+02  1.367000e+02  1.847484e+01
     vertex  1.371855e+02  1.367000e+02  1.853500e+01
   endloop
 endfacet
 facet normal  0.000000e+00  1.000000e+00  0.000000e+00
   outer loop
     vertex  1.525000e+02  1.367000e+02  3.600000e+01
     vertex  1.371855e+02  1.367000e+02  1.853500e+01
     vertex  1.371700e+02  1.367000e+02  1.859476e+01
   endloop
 endfacet
 facet normal  0.000000e+00  1.000000e+00  0.000000e+00
   outer loop
     vertex  1.525000e+02  1.367000e+02  3.600000e+01
     vertex  1.371700e+02  1.367000e+02  1.859476e+01
     vertex  1.371528e+02  1.367000e+02  1.865406e+01
   endloop
 endfacet
 facet normal  0.000000e+00  1.000000e+00  0.000000e+00
   outer loop
     vertex  1.525000e+02  1.367000e+02  3.600000e+01
     vertex  1.371528e+02  1.367000e+02  1.865406e+01
     vertex  1.371341e+02  1.367000e+02  1.871288e+01
   endloop
 endfacet
 facet normal  0.000000e+00 -1.000000e+00 -0.000000e+00
   outer loop
     vertex  1.263713e+02  0.000000e+00  1.644766e+01
     vertex  0.000000e+00  0.000000e+00  0.000000e+00
     vertex  1.264145e+02  0.000000e+00  1.640356e+01
   endloop
 endfacet
 facet normal -0.000000e+00 -1.000000e+00  0.000000e+00
   outer loop
     vertex  1.264589e+02  0.000000e+00  1.636067e+01
     vertex  1.264145e+02  0.000000e+00  1.640356e+01
     vertex  0.000000e+00  0.000000e+00  0.000000e+00
   endloop
 endfacet
 facet normal  0.000000e+00 -1.000000e+00 -0.000000e+00
   outer loop
     vertex  1.263293e+02  0.000000e+00  1.649293e+01
     vertex  0.000000e+00  0.000000e+00  0.000000e+00
     vertex  1.263713e+02  0.000000e+00  1.644766e+01
   endloop
 endfacet
 facet normal -0.000000e+00 -1.000000e+00  0.000000e+00
   outer loop
     vertex  1.265044e+02  0.000000e+00  1.631900e+01
     vertex  1.264589e+02  0.000000e+00  1.636067e+01
     vertex  0.000000e+00  0.000000e+00  0.000000e+00
   endloop
 endfacet
 facet normal  0.000000e+00 -1.000000e+00 -0.000000e+00
   outer loop
     vertex  1.262886e+02  0.000000e+00  1.653933e+01
     vertex  0.000000e+00  0.000000e+00  0.000000e+00
     vertex  1.263293e+02  0.000000e+00  1.649293e+01
   endloop
 endfacet
 facet normal -0.000000e+00 -1.000000e+00  0.000000e+00
   outer loop
     vertex  1.265511e+02  0.000000e+00  1.627861e+01
     vertex  1.265044e+02  0.000000e+00  1.631900e+01
     vertex  0.000000e+00  0.000000e+00  0.000000e+00
   endloop
 endfacet
 facet normal  0.000000e+00 -1.000000e+00 -0.000000e+00
   outer loop
     vertex  1.262492e+02  0.000000e+00  1.658683e+01
     vertex  0.000000e+00  0.000000e+00  0.000000e+00
     vertex  1.262886e+02  0.000000e+00  1.653933e+01
   endloop
 endfacet
 facet normal -0.000000e+00 -1.000000e+00  0.000000e+00
   outer loop
     vertex  1.265989e+02  0.000000e+00  1.623951e+01
     vertex  1.265511e+02  0.000000e+00  1.627861e+01
     vertex  0.000000e+00  0.000000e+00  0.000000e+00
   endloop
 endfacet
 facet normal  0.000000e+00 -1.000000e+00 -0.000000e+00
   outer loop
     vertex  1.262110e+02  0.000000e+00  1.663539e+01
     vertex  0.000000e+00  0.000000e+00  0.000000e+00
     vertex  1.262492e+02  0.000000e+00  1.658683e+01
   endloop
 endfacet
 facet normal -0.000000e+00 -1.000000e+00  0.000000e+00
   outer loop
     vertex  1.266477e+02  0.000000e+00  1.620173e+01
     vertex  1.265989e+02  0.000000e+00  1.623951e+01
     vertex  0.000000e+00  0.000000e+00  0.000000e+00
   endloop
 endfacet
 facet normal  0.000000e+00 -1.000000e+00 -0.000000e+00
   outer loop
     vertex  1.261743e+02  0.000000e+00  1.668499e+01
     vertex  0.000000e+00  0.000000e+00  0.000000e+00
     vertex  1.262110e+02  0.000000e+00  1.663539e+01
   endloop
 endfacet
 facet normal -0.000000e+00 -1.000000e+00  0.000000e+00
   outer loop
     vertex  1.266975e+02  0.000000e+00  1.616531e+01
     vertex  1.266477e+02  0.000000e+00  1.620173e+01
     vertex  0.000000e+00  0.000000e+00  0.000000e+00
   endloop
 endfacet
 facet normal  0.000000e+00 -1.000000e+00 -0.000000e+00
   outer loop
     vertex  1.261389e+02  0.000000e+00  1.673557e+01
     vertex  0.000000e+00  0.000000e+00  0.000000e+00
     vertex  1.261743e+02  0.000000e+00  1.668499e+01
   endloop
 endfacet
 facet normal -0.000000e+00 -1.000000e+00  0.000000e+00
   outer loop
     vertex  1.267484e+02  0.000000e+00  1.613027e+01
     vertex  1.266975e+02  0.000000e+00  1.616531e+01
     vertex  0.000000e+00  0.000000e+00  0.000000e+00
   endloop
 endfacet
 facet normal  0.000000e+00 -1.000000e+00 -0.000000e+00
   outer loop
     vertex  1.261049e+02  0.000000e+00  1.678710e+01
     vertex  0.000000e+00  0.000000e+00  0.000000e+00
     vertex  1.261389e+02  0.000000e+00  1.673557e+01
   endloop
 endfacet
 facet normal -0.000000e+00 -1.000000e+00  0.000000e+00
   outer loop
     vertex  1.268001e+02  0.000000e+00  1.609663e+01
     vertex  1.267484e+02  0.000000e+00  1.613027e+01
     vertex  0.000000e+00  0.000000e+00  0.000000e+00
   endloop
 endfacet
 facet normal  0.000000e+00 -1.000000e+00 -0.000000e+00
   outer loop
     vertex  1.260723e+02  0.000000e+00  1.683955e+01
     vertex  0.000000e+00  0.000000e+00  0.000000e+00
     vertex  1.261049e+02  0.000000e+00  1.678710e+01
   endloop
 endfacet
 facet normal -0.000000e+00 -1.000000e+00  0.000000e+00
   outer loop
     vertex  1.268528e+02  0.000000e+00  1.606443e+01
     vertex  1.268001e+02  0.000000e+00  1.609663e+01
     vertex  0.000000e+00  0.000000e+00  0.000000e+00
   endloop
 endfacet
 facet normal  0.000000e+00 -1.000000e+00 -0.000000e+00
   outer loop
     vertex  1.260412e+02  0.000000e+00  1.689287e+01
     vertex  0.000000e+00  0.000000e+00  0.000000e+00
     vertex  1.260723e+02  0.000000e+00  1.683955e+01
   endloop
 endfacet
 facet normal -0.000000e+00 -1.000000e+00  0.000000e+00
   outer loop
     vertex  1.269063e+02  0.000000e+00  1.603369e+01
     vertex  1.268528e+02  0.000000e+00  1.606443e+01
     vertex  0.000000e+00  0.000000e+00  0.000000e+00
   endloop
 endfacet
 facet normal  0.000000e+00 -1.000000e+00 -0.000000e+00
   outer loop
     vertex  1.260116e+02  0.000000e+00  1.694702e+01
     vertex  0.000000e+00  0.000000e+00  0.000000e+00
     vertex  1.260412e+02  0.000000e+00  1.689287e+01
   endloop
 endfacet
 facet normal -0.000000e+00 -1.000000e+00  0.000000e+00
   outer loop
     vertex  1.269607e+02  0.000000e+00  1.600442e+01
     vertex  1.269063e+02  0.000000e+00  1.603369e+01
     vertex  0.000000e+00  0.000000e+00  0.000000e+00
   endloop
 endfacet
 facet normal  0.000000e+00 -1.000000e+00 -0.000000e+00
   outer loop
     vertex  1.259835e+02  0.000000e+00  1.700197e+01
     vertex  0.000000e+00  0.000000e+00  0.000000e+00
     vertex  1.260116e+02  0.000000e+00  1.694702e+01
   endloop
 endfacet
 facet normal -0.000000e+00 -1.000000e+00  0.000000e+00
   outer loop
     vertex  1.270158e+02  0.000000e+00  1.597666e+01
     vertex  1.269607e+02  0.000000e+00  1.600442e+01
     vertex  0.000000e+00  0.000000e+00  0.000000e+00
   endloop
 endfacet
 facet normal  0.000000e+00 -1.000000e+00 -0.000000e+00
   outer loop
     vertex  1.259568e+02  0.000000e+00  1.705767e+01
     vertex  0.000000e+00  0.000000e+00  0.000000e+00
     vertex  1.259835e+02  0.000000e+00  1.700197e+01
   endloop
 endfacet
 facet normal  0.000000e+00 -1.000000e+00 -0.000000e+00
   outer loop
     vertex  1.259318e+02  0.000000e+00  1.711407e+01
     vertex  0.000000e+00  0.000000e+00  0.000000e+00
     vertex  1.259568e+02  0.000000e+00  1.705767e+01
   endloop
 endfacet
 facet normal  0.000000e+00 -1.000000e+00 -0.000000e+00
   outer loop
     vertex  1.259082e+02  0.000000e+00  1.717115e+01
     vertex  0.000000e+00  0.000000e+00  0.000000e+00
     vertex  1.259318e+02  0.000000e+00  1.711407e+01
   endloop
 endfacet
 facet normal  0.000000e+00 -1.000000e+00 -0.000000e+00
   outer loop
     vertex  1.258863e+02  0.000000e+00  1.722884e+01
     vertex  0.000000e+00  0.000000e+00  0.000000e+00
     vertex  1.259082e+02  0.000000e+00  1.717115e+01
   endloop
 endfacet
 facet normal  0.000000e+00 -1.000000e+00 -0.000000e+00
   outer loop
     vertex  1.258659e+02  0.000000e+00  1.728712e+01
     vertex  0.000000e+00  0.000000e+00  0.000000e+00
     vertex  1.258863e+02  0.000000e+00  1.722884e+01
   endloop
 endfacet
 facet normal  0.000000e+00 -1.000000e+00 -0.000000e+00
   outer loop
     vertex  1.258472e+02  0.000000e+00  1.734594e+01
     vertex  0.000000e+00  0.000000e+00  0.000000e+00
     vertex  1.258659e+02  0.000000e+00  1.728712e+01
   endloop
 endfacet
 facet normal  0.000000e+00 -1.000000e+00 -0.000000e+00
   outer loop
     vertex  1.258300e+02  0.000000e+00  1.740524e+01
     vertex  0.000000e+00  0.000000e+00  0.000000e+00
     vertex  1.258472e+02  0.000000e+00  1.734594e+01
   endloop
 endfacet
 facet normal  0.000000e+00 -1.000000e+00 -0.000000e+00
   outer loop
     vertex  1.258145e+02  0.000000e+00  1.746500e+01
     vertex  0.000000e+00  0.000000e+00  0.000000e+00
     vertex  1.258300e+02  0.000000e+00  1.740524e+01
   endloop
 endfacet
 facet normal  0.000000e+00 -1.000000e+00 -0.000000e+00
   outer loop
     vertex  1.258007e+02  0.000000e+00  1.752516e+01
     vertex  0.000000e+00  0.000000e+00  0.000000e+00
     vertex  1.258145e+02  0.000000e+00  1.746500e+01
   endloop
 endfacet
 facet normal  0.000000e+00 -1.000000e+00 -0.000000e+00
   outer loop
     vertex  1.257885e+02  0.000000e+00  1.758567e+01
     vertex  0.000000e+00  0.000000e+00  0.000000e+00
     vertex  1.258007e+02  0.000000e+00  1.752516e+01
   endloop
 endfacet
 facet normal  0.000000e+00 -1.000000e+00 -0.000000e+00
   outer loop
     vertex  1.257779e+02  0.000000e+00  1.764650e+01
     vertex  0.000000e+00  0.000000e+00  0.000000e+00
     vertex  1.257885e+02  0.000000e+00  1.758567e+01
   endloop
 endfacet
 facet normal  0.000000e+00 -1.000000e+00 -0.000000e+00
   outer loop
     vertex  1.257691e+02  0.000000e+00  1.770759e+01
     vertex  0.000000e+00  0.000000e+00  0.000000e+00
     vertex  1.257779e+02  0.000000e+00  1.764650e+01
   endloop
 endfacet
 facet normal  0.000000e+00 -1.000000e+00 -0.000000e+00
   outer loop
     vertex  1.257619e+02  0.000000e+00  1.776890e+01
     vertex  0.000000e+00  0.000000e+00  0.000000e+00
     vertex  1.257691e+02  0.000000e+00  1.770759e+01
   endloop
 endfacet
 facet normal  0.000000e+00 -1.000000e+00 -0.000000e+00
   outer loop
     vertex  1.257564e+02  0.000000e+00  1.783039e+01
     vertex  0.000000e+00  0.000000e+00  0.000000e+00
     vertex  1.257619e+02  0.000000e+00  1.776890e+01
   endloop
 endfacet
 facet normal  0.000000e+00 -1.000000e+00 -0.000000e+00
   outer loop
     vertex  1.257526e+02  0.000000e+00  1.789201e+01
     vertex  0.000000e+00  0.000000e+00  0.000000e+00
     vertex  1.257564e+02  0.000000e+00  1.783039e+01
   endloop
 endfacet
 facet normal  0.000000e+00 -1.000000e+00 -0.000000e+00
   outer loop
     vertex  1.257505e+02  0.000000e+00  1.795370e+01
     vertex  0.000000e+00  0.000000e+00  0.000000e+00
     vertex  1.257526e+02  0.000000e+00  1.789201e+01
   endloop
 endfacet
 facet normal -0.000000e+00 -1.000000e+00  0.000000e+00
   outer loop
     vertex  1.257501e+02  0.000000e+00  1.801543e+01
     vertex  0.000000e+00  0.000000e+00  3.600000e+01
     vertex  0.000000e+00  0.000000e+00  0.000000e+00
   endloop
 endfacet
 facet normal  0.000000e+00 -1.000000e+00 -0.000000e+00
   outer loop
     vertex  1.257501e+02  0.000000e+00  1.801543e+01
     vertex  0.000000e+00  0.000000e+00  0.000000e+00
     vertex  1.257505e+02  0.000000e+00  1.795370e+01
   endloop
 endfacet
 facet normal -0.000000e+00 -1.000000e+00  0.000000e+00
   outer loop
     vertex  1.257513e+02  0.000000e+00  1.807715e+01
     vertex  0.000000e+00  0.000000e+00  3.600000e+01
     vertex  1.257501e+02  0.000000e+00  1.801543e+01
   endloop
 endfacet
 facet normal -0.000000e+00 -1.000000e+00  0.000000e+00
   outer loop
     vertex  1.257543e+02  0.000000e+00  1.813881e+01
     vertex  0.000000e+00  0.000000e+00  3.600000e+01
     vertex  1.257513e+02  0.000000e+00  1.807715e+01
   endloop
 endfacet
 facet normal -0.000000e+00 -1.000000e+00  0.000000e+00
   outer loop
     vertex  1.257589e+02  0.000000e+00  1.820037e+01
     vertex  0.000000e+00  0.000000e+00  3.600000e+01
     vertex  1.257543e+02  0.000000e+00  1.813881e+01
   endloop
 endfacet
 facet normal -0.000000e+00 -1.000000e+00  0.000000e+00
   outer loop
     vertex  1.257653e+02  0.000000e+00  1.826178e+01
     vertex  0.000000e+00  0.000000e+00  3.600000e+01
     vertex  1.257589e+02  0.000000e+00  1.820037e+01
   endloop
 endfacet
 facet normal -0.000000e+00 -1.000000e+00  0.000000e+00
   outer loop
     vertex  1.257733e+02  0.000000e+00  1.832299e+01
     vertex  0.000000e+00  0.000000e+00  3.600000e+01
     vertex  1.257653e+02  0.000000e+00  1.826178e+01
   endloop
 endfacet
 facet normal -0.000000e+00 -1.000000e+00  0.000000e+00
   outer loop
     vertex  1.257830e+02  0.000000e+00  1.838395e+01
     vertex  0.000000e+00  0.000000e+00  3.600000e+01
     vertex  1.257733e+02  0.000000e+00  1.832299e+01
   endloop
 endfacet
 facet normal -0.000000e+00 -1.000000e+00  0.000000e+00
   outer loop
     vertex  1.257944e+02  0.000000e+00  1.844463e+01
     vertex  0.000000e+00  0.000000e+00  3.600000e+01
     vertex  1.257830e+02  0.000000e+00  1.838395e+01
   endloop
 endfacet
 facet normal -0.000000e+00 -1.000000e+00  0.000000e+00
   outer loop
     vertex  1.258074e+02  0.000000e+00  1.850497e+01
     vertex  0.000000e+00  0.000000e+00  3.600000e+01
     vertex  1.257944e+02  0.000000e+00  1.844463e+01
   endloop
 endfacet
 facet normal -0.000000e+00 -1.000000e+00  0.000000e+00
   outer loop
     vertex  1.258221e+02  0.000000e+00  1.856493e+01
     vertex  0.000000e+00  0.000000e+00  3.600000e+01
     vertex  1.258074e+02  0.000000e+00  1.850497e+01
   endloop
 endfacet
 facet normal -0.000000e+00 -1.000000e+00  0.000000e+00
   outer loop
     vertex  1.258384e+02  0.000000e+00  1.862447e+01
     vertex  0.000000e+00  0.000000e+00  3.600000e+01
     vertex  1.258221e+02  0.000000e+00  1.856493e+01
   endloop
 endfacet
 facet normal -0.000000e+00 -1.000000e+00  0.000000e+00
   outer loop
     vertex  1.258563e+02  0.000000e+00  1.868354e+01
     vertex  0.000000e+00  0.000000e+00  3.600000e+01
     vertex  1.258384e+02  0.000000e+00  1.862447e+01
   endloop
 endfacet
 facet normal -0.000000e+00 -1.000000e+00  0.000000e+00
   outer loop
     vertex  1.258759e+02  0.000000e+00  1.874209e+01
     vertex  0.000000e+00  0.000000e+00  3.600000e+01
     vertex  1.258563e+02  0.000000e+00  1.868354e+01
   endloop
 endfacet
 facet normal -0.000000e+00 -1.000000e+00  0.000000e+00
   outer loop
     vertex  1.258971e+02  0.000000e+00  1.880008e+01
     vertex  0.000000e+00  0.000000e+00  3.600000e+01
     vertex  1.258759e+02  0.000000e+00  1.874209e+01
   endloop
 endfacet
 facet normal -0.000000e+00 -1.000000e+00  0.000000e+00
   outer loop
     vertex  1.259198e+02  0.000000e+00  1.885747e+01
     vertex  0.000000e+00  0.000000e+00  3.600000e+01
     vertex  1.258971e+02  0.000000e+00  1.880008e+01
   endloop
 endfacet
 facet normal -0.000000e+00 -1.000000e+00  0.000000e+00
   outer loop
     vertex  1.259441e+02  0.000000e+00  1.891422e+01
     vertex  0.000000e+00  0.000000e+00  3.600000e+01
     vertex  1.259198e+02  0.000000e+00  1.885747e+01
   endloop
 endfacet
 facet normal -0.000000e+00 -1.000000e+00  0.000000e+00
   outer loop
     vertex  1.259700e+02  0.000000e+00  1.897027e+01
     vertex  0.000000e+00  0.000000e+00  3.600000e+01
     vertex  1.259441e+02  0.000000e+00  1.891422e+01
   endloop
 endfacet
 facet normal -0.000000e+00 -1.000000e+00  0.000000e+00
   outer loop
     vertex  1.259973e+02  0.000000e+00  1.902560e+01
     vertex  0.000000e+00  0.000000e+00  3.600000e+01
     vertex  1.259700e+02  0.000000e+00  1.897027e+01
   endloop
 endfacet
 facet normal -0.000000e+00 -1.000000e+00  0.000000e+00
   outer loop
     vertex  1.260262e+02  0.000000e+00  1.908016e+01
     vertex  0.000000e+00  0.000000e+00  3.600000e+01
     vertex  1.259973e+02  0.000000e+00  1.902560e+01
   endloop
 endfacet
 facet normal -0.000000e+00 -1.000000e+00  0.000000e+00
   outer loop
     vertex  1.260566e+02  0.000000e+00  1.913390e+01
     vertex  0.000000e+00  0.000000e+00  3.600000e+01
     vertex  1.260262e+02  0.000000e+00  1.908016e+01
   endloop
 endfacet
 facet normal -0.000000e+00 -1.000000e+00  0.000000e+00
   outer loop
     vertex  1.260884e+02  0.000000e+00  1.918679e+01
     vertex  0.000000e+00  0.000000e+00  3.600000e+01
     vertex  1.260566e+02  0.000000e+00  1.913390e+01
   endloop
 endfacet
 facet normal -0.000000e+00 -1.000000e+00  0.000000e+00
   outer loop
     vertex  1.261217e+02  0.000000e+00  1.923878e+01
     vertex  0.000000e+00  0.000000e+00  3.600000e+01
     vertex  1.260884e+02  0.000000e+00  1.918679e+01
   endloop
 endfacet
 facet normal -0.000000e+00 -1.000000e+00  0.000000e+00
   outer loop
     vertex  1.261564e+02  0.000000e+00  1.928984e+01
     vertex  0.000000e+00  0.000000e+00  3.600000e+01
     vertex  1.261217e+02  0.000000e+00  1.923878e+01
   endloop
 endfacet
 facet normal -0.000000e+00 -1.000000e+00  0.000000e+00
   outer loop
     vertex  1.261925e+02  0.000000e+00  1.933994e+01
     vertex  0.000000e+00  0.000000e+00  3.600000e+01
     vertex  1.261564e+02  0.000000e+00  1.928984e+01
   endloop
 endfacet
 facet normal -0.000000e+00 -1.000000e+00  0.000000e+00
   outer loop
     vertex  1.262299e+02  0.000000e+00  1.938902e+01
     vertex  0.000000e+00  0.000000e+00  3.600000e+01
     vertex  1.261925e+02  0.000000e+00  1.933994e+01
   endloop
 endfacet
 facet normal -0.000000e+00 -1.000000e+00  0.000000e+00
   outer loop
     vertex  1.262687e+02  0.000000e+00  1.943706e+01
     vertex  0.000000e+00  0.000000e+00  3.600000e+01
     vertex  1.262299e+02  0.000000e+00  1.938902e+01
   endloop
 endfacet
 facet normal -0.000000e+00 -1.000000e+00  0.000000e+00
   outer loop
     vertex  1.263088e+02  0.000000e+00  1.948401e+01
     vertex  0.000000e+00  0.000000e+00  3.600000e+01
     vertex  1.262687e+02  0.000000e+00  1.943706e+01
   endloop
 endfacet
 facet normal -0.000000e+00 -1.000000e+00  0.000000e+00
   outer loop
     vertex  1.263501e+02  0.000000e+00  1.952985e+01
     vertex  0.000000e+00  0.000000e+00  3.600000e+01
     vertex  1.263088e+02  0.000000e+00  1.948401e+01
   endloop
 endfacet
 facet normal -0.000000e+00 -1.000000e+00  0.000000e+00
   outer loop
     vertex  1.263927e+02  0.000000e+00  1.957454e+01
     vertex  0.000000e+00  0.000000e+00  3.600000e+01
     vertex  1.263501e+02  0.000000e+00  1.952985e+01
   endloop
 endfacet
 facet normal -0.000000e+00 -1.000000e+00  0.000000e+00
   outer loop
     vertex  1.264365e+02  0.000000e+00  1.961804e+01
     vertex  0.000000e+00  0.000000e+00  3.600000e+01
     vertex  1.263927e+02  0.000000e+00  1.957454e+01
   endloop
 endfacet
 facet normal -0.000000e+00 -1.000000e+00  0.000000e+00
   outer loop
     vertex  1.264815e+02  0.000000e+00  1.966032e+01
     vertex  0.000000e+00  0.000000e+00  3.600000e+01
     vertex  1.264365e+02  0.000000e+00  1.961804e+01
   endloop
 endfacet
 facet normal -0.000000e+00 -1.000000e+00  0.000000e+00
   outer loop
     vertex  1.265276e+02  0.000000e+00  1.970136e+01
     vertex  0.000000e+00  0.000000e+00  3.600000e+01
     vertex  1.264815e+02  0.000000e+00  1.966032e+01
   endloop
 endfacet
 facet normal -0.000000e+00 -1.000000e+00  0.000000e+00
   outer loop
     vertex  1.265749e+02  0.000000e+00  1.974111e+01
     vertex  0.000000e+00  0.000000e+00  3.600000e+01
     vertex  1.265276e+02  0.000000e+00  1.970136e+01
   endloop
 endfacet
 facet normal -0.000000e+00 -1.000000e+00  0.000000e+00
   outer loop
     vertex  1.266232e+02  0.000000e+00  1.977955e+01
     vertex  0.000000e+00  0.000000e+00  3.600000e+01
     vertex  1.265749e+02  0.000000e+00  1.974111e+01
   endloop
 endfacet
 facet normal -0.000000e+00 -1.000000e+00  0.000000e+00
   outer loop
     vertex  1.266725e+02  0.000000e+00  1.981665e+01
     vertex  0.000000e+00  0.000000e+00  3.600000e+01
     vertex  1.266232e+02  0.000000e+00  1.977955e+01
   endloop
 endfacet
 facet normal -0.000000e+00 -1.000000e+00  0.000000e+00
   outer loop
     vertex  1.267228e+02  0.000000e+00  1.985239e+01
     vertex  0.000000e+00  0.000000e+00  3.600000e+01
     vertex  1.266725e+02  0.000000e+00  1.981665e+01
   endloop
 endfacet
 facet normal -0.000000e+00 -1.000000e+00  0.000000e+00
   outer loop
     vertex  1.267741e+02  0.000000e+00  1.988673e+01
     vertex  0.000000e+00  0.000000e+00  3.600000e+01
     vertex  1.267228e+02  0.000000e+00  1.985239e+01
   endloop
 endfacet
 facet normal -0.000000e+00 -1.000000e+00  0.000000e+00
   outer loop
     vertex  1.268264e+02  0.000000e+00  1.991965e+01
     vertex  0.000000e+00  0.000000e+00  3.600000e+01
     vertex  1.267741e+02  0.000000e+00  1.988673e+01
   endloop
 endfacet
 facet normal -0.000000e+00 -1.000000e+00  0.000000e+00
   outer loop
     vertex  1.268795e+02  0.000000e+00  1.995112e+01
     vertex  0.000000e+00  0.000000e+00  3.600000e+01
     vertex  1.268264e+02  0.000000e+00  1.991965e+01
   endloop
 endfacet
 facet normal -0.000000e+00 -1.000000e+00  0.000000e+00
   outer loop
     vertex  1.269334e+02  0.000000e+00  1.998113e+01
     vertex  0.000000e+00  0.000000e+00  3.600000e+01
     vertex  1.268795e+02  0.000000e+00  1.995112e+01
   endloop
 endfacet
 facet normal -0.000000e+00 -1.000000e+00  0.000000e+00
   outer loop
     vertex  1.269882e+02  0.000000e+00  2.000965e+01
     vertex  0.000000e+00  0.000000e+00  3.600000e+01
     vertex  1.269334e+02  0.000000e+00  1.998113e+01
   endloop
 endfacet
 facet normal -2.874440e-16 -1.000000e+00  1.971717e-18
   outer loop
     vertex  1.510000e+02 -6.000000e-15  0.000000e+00
     vertex  1.302499e+02  0.000000e+00  1.801543e+01
     vertex  1.302495e+02  0.000000e+00  1.795370e+01
   endloop
 endfacet
 facet normal -2.808138e-16 -1.000000e+00  9.634809e-18
   outer loop
     vertex  1.510000e+02 -6.000000e-15  0.000000e+00
     vertex  1.302495e+02  0.000000e+00  1.795370e+01
     vertex  1.302474e+02  0.000000e+00  1.789201e+01
   endloop
 endfacet
 facet normal -2.744921e-16 -1.000000e+00  1.696715e-17
   outer loop
     vertex  1.510000e+02 -6.000000e-15  0.000000e+00
     vertex  1.302474e+02  0.000000e+00  1.789201e+01
     vertex  1.302436e+02  0.000000e+00  1.783039e+01
   endloop
 endfacet
 facet normal -2.684492e-16 -1.000000e+00  2.400176e-17
   outer loop
     vertex  1.510000e+02 -6.000000e-15  0.000000e+00
     vertex  1.302436e+02  0.000000e+00  1.783039e+01
     vertex  1.302381e+02  0.000000e+00  1.776890e+01
   endloop
 endfacet
 facet normal -2.626584e-16 -1.000000e+00  3.076800e-17
   outer loop
     vertex  1.510000e+02 -6.000000e-15  0.000000e+00
     vertex  1.302381e+02  0.000000e+00  1.776890e+01
     vertex  1.302309e+02  0.000000e+00  1.770759e+01
   endloop
 endfacet
 facet normal -2.570959e-16 -1.000000e+00  3.729214e-17
   outer loop
     vertex  1.510000e+02 -6.000000e-15  0.000000e+00
     vertex  1.302309e+02  0.000000e+00  1.770759e+01
     vertex  1.302221e+02  0.000000e+00  1.764650e+01
   endloop
 endfacet
 facet normal -2.517406e-16 -1.000000e+00  4.359776e-17
   outer loop
     vertex  1.510000e+02 -6.000000e-15  0.000000e+00
     vertex  1.302221e+02  0.000000e+00  1.764650e+01
     vertex  1.302115e+02  0.000000e+00  1.758567e+01
   endloop
 endfacet
 facet normal -2.465733e-16 -1.000000e+00  4.970617e-17
   outer loop
     vertex  1.510000e+02 -6.000000e-15  0.000000e+00
     vertex  1.302115e+02  0.000000e+00  1.758567e+01
     vertex  1.301993e+02  0.000000e+00  1.752516e+01
   endloop
 endfacet
 facet normal -2.415767e-16 -1.000000e+00  5.563664e-17
   outer loop
     vertex  1.510000e+02 -6.000000e-15  0.000000e+00
     vertex  1.301993e+02  0.000000e+00  1.752516e+01
     vertex  1.301855e+02  0.000000e+00  1.746500e+01
   endloop
 endfacet
 facet normal -2.367351e-16 -1.000000e+00  6.140677e-17
   outer loop
     vertex  1.510000e+02 -6.000000e-15  0.000000e+00
     vertex  1.301855e+02  0.000000e+00  1.746500e+01
     vertex  1.301700e+02  0.000000e+00  1.740524e+01
   endloop
 endfacet
 facet normal -2.320342e-16 -1.000000e+00  6.703264e-17
   outer loop
     vertex  1.510000e+02 -6.000000e-15  0.000000e+00
     vertex  1.301700e+02  0.000000e+00  1.740524e+01
     vertex  1.301528e+02  0.000000e+00  1.734594e+01
   endloop
 endfacet
 facet normal -2.274610e-16 -1.000000e+00  7.252902e-17
   outer loop
     vertex  1.510000e+02 -6.000000e-15  0.000000e+00
     vertex  1.301528e+02  0.000000e+00  1.734594e+01
     vertex  1.301341e+02  0.000000e+00  1.728712e+01
   endloop
 endfacet
 facet normal -2.230032e-16 -1.000000e+00  7.790959e-17
   outer loop
     vertex  1.510000e+02 -6.000000e-15  0.000000e+00
     vertex  1.301341e+02  0.000000e+00  1.728712e+01
     vertex  1.301137e+02  0.000000e+00  1.722884e+01
   endloop
 endfacet
 facet normal -2.186500e-16 -1.000000e+00  8.318702e-17
   outer loop
     vertex  1.510000e+02 -6.000000e-15  0.000000e+00
     vertex  1.301137e+02  0.000000e+00  1.722884e+01
     vertex  1.300918e+02  0.000000e+00  1.717115e+01
   endloop
 endfacet
 facet normal -2.143908e-16 -1.000000e+00  8.837315e-17
   outer loop
     vertex  1.510000e+02 -6.000000e-15  0.000000e+00
     vertex  1.300918e+02  0.000000e+00  1.717115e+01
     vertex  1.300682e+02  0.000000e+00  1.711407e+01
   endloop
 endfacet
 facet normal -2.102161e-16 -1.000000e+00  9.347908e-17
   outer loop
     vertex  1.510000e+02 -6.000000e-15  0.000000e+00
     vertex  1.300682e+02  0.000000e+00  1.711407e+01
     vertex  1.300432e+02  0.000000e+00  1.705767e+01
   endloop
 endfacet
 facet normal -2.061169e-16 -1.000000e+00  9.851528e-17
   outer loop
     vertex  1.510000e+02 -6.000000e-15  0.000000e+00
     vertex  1.300432e+02  0.000000e+00  1.705767e+01
     vertex  1.300165e+02  0.000000e+00  1.700197e+01
   endloop
 endfacet
 facet normal -2.020848e-16 -1.000000e+00  1.034917e-16
   outer loop
     vertex  1.510000e+02 -6.000000e-15  0.000000e+00
     vertex  1.300165e+02  0.000000e+00  1.700197e+01
     vertex  1.299884e+02  0.000000e+00  1.694702e+01
   endloop
 endfacet
 facet normal -1.981116e-16 -1.000000e+00  1.084178e-16
   outer loop
     vertex  1.510000e+02 -6.000000e-15  0.000000e+00
     vertex  1.299884e+02  0.000000e+00  1.694702e+01
     vertex  1.299588e+02  0.000000e+00  1.689287e+01
   endloop
 endfacet
 facet normal -1.941898e-16 -1.000000e+00  1.133027e-16
   outer loop
     vertex  1.510000e+02 -6.000000e-15  0.000000e+00
     vertex  1.299588e+02  0.000000e+00  1.689287e+01
     vertex  1.299277e+02  0.000000e+00  1.683955e+01
   endloop
 endfacet
 facet normal -1.903120e-16 -1.000000e+00  1.181551e-16
   outer loop
     vertex  1.510000e+02 -6.000000e-15  0.000000e+00
     vertex  1.299277e+02  0.000000e+00  1.683955e+01
     vertex  1.298951e+02  0.000000e+00  1.678710e+01
   endloop
 endfacet
 facet normal -1.864713e-16 -1.000000e+00  1.229837e-16
   outer loop
     vertex  1.510000e+02 -6.000000e-15  0.000000e+00
     vertex  1.298951e+02  0.000000e+00  1.678710e+01
     vertex  1.298611e+02  0.000000e+00  1.673557e+01
   endloop
 endfacet
 facet normal -1.826608e-16 -1.000000e+00  1.277968e-16
   outer loop
     vertex  1.510000e+02 -6.000000e-15  0.000000e+00
     vertex  1.298611e+02  0.000000e+00  1.673557e+01
     vertex  1.298257e+02  0.000000e+00  1.668499e+01
   endloop
 endfacet
 facet normal -1.788740e-16 -1.000000e+00  1.326026e-16
   outer loop
     vertex  1.510000e+02 -6.000000e-15  0.000000e+00
     vertex  1.298257e+02  0.000000e+00  1.668499e+01
     vertex  1.297890e+02  0.000000e+00  1.663539e+01
   endloop
 endfacet
 facet normal -1.751042e-16 -1.000000e+00  1.374092e-16
   outer loop
     vertex  1.510000e+02 -6.000000e-15  0.000000e+00
     vertex  1.297890e+02  0.000000e+00  1.663539e+01
     vertex  1.297508e+02  0.000000e+00  1.658683e+01
   endloop
 endfacet
 facet normal -1.713452e-16 -1.000000e+00  1.422248e-16
   outer loop
     vertex  1.510000e+02 -6.000000e-15  0.000000e+00
     vertex  1.297508e+02  0.000000e+00  1.658683e+01
     vertex  1.297114e+02  0.000000e+00  1.653933e+01
   endloop
 endfacet
 facet normal -1.675905e-16 -1.000000e+00  1.470577e-16
   outer loop
     vertex  1.510000e+02 -6.000000e-15  0.000000e+00
     vertex  1.297114e+02  0.000000e+00  1.653933e+01
     vertex  1.296707e+02  0.000000e+00  1.649293e+01
   endloop
 endfacet
 facet normal -1.638338e-16 -1.000000e+00  1.519160e-16
   outer loop
     vertex  1.510000e+02 -6.000000e-15  0.000000e+00
     vertex  1.296707e+02  0.000000e+00  1.649293e+01
     vertex  1.296287e+02  0.000000e+00  1.644766e+01
   endloop
 endfacet
 facet normal -1.600687e-16 -1.000000e+00  1.568082e-16
   outer loop
     vertex  1.510000e+02 -6.000000e-15  0.000000e+00
     vertex  1.296287e+02  0.000000e+00  1.644766e+01
     vertex  1.295855e+02  0.000000e+00  1.640356e+01
   endloop
 endfacet
 facet normal -1.562887e-16 -1.000000e+00  1.617429e-16
   outer loop
     vertex  1.510000e+02 -6.000000e-15  0.000000e+00
     vertex  1.295855e+02  0.000000e+00  1.640356e+01
     vertex  1.295411e+02  0.000000e+00  1.636067e+01
   endloop
 endfacet
 facet normal -1.524871e-16 -1.000000e+00  1.667291e-16
   outer loop
     vertex  1.510000e+02 -6.000000e-15  0.000000e+00
     vertex  1.295411e+02  0.000000e+00  1.636067e+01
     vertex  1.294956e+02  0.000000e+00  1.631900e+01
   endloop
 endfacet
 facet normal -1.486572e-16 -1.000000e+00  1.717759e-16
   outer loop
     vertex  1.510000e+02 -6.000000e-15  0.000000e+00
     vertex  1.294956e+02  0.000000e+00  1.631900e+01
     vertex  1.294489e+02  0.000000e+00  1.627861e+01
   endloop
 endfacet
 facet normal -1.447920e-16 -1.000000e+00  1.768930e-16
   outer loop
     vertex  1.510000e+02 -6.000000e-15  0.000000e+00
     vertex  1.294489e+02  0.000000e+00  1.627861e+01
     vertex  1.294011e+02  0.000000e+00  1.623951e+01
   endloop
 endfacet
 facet normal -1.408842e-16 -1.000000e+00  1.820906e-16
   outer loop
     vertex  1.510000e+02 -6.000000e-15  0.000000e+00
     vertex  1.294011e+02  0.000000e+00  1.623951e+01
     vertex  1.293523e+02  0.000000e+00  1.620173e+01
   endloop
 endfacet
 facet normal -1.369260e-16 -1.000000e+00  1.873792e-16
   outer loop
     vertex  1.510000e+02 -6.000000e-15  0.000000e+00
     vertex  1.293523e+02  0.000000e+00  1.620173e+01
     vertex  1.293025e+02  0.000000e+00  1.616531e+01
   endloop
 endfacet
 facet normal -1.329096e-16 -1.000000e+00  1.927702e-16
   outer loop
     vertex  1.510000e+02 -6.000000e-15  0.000000e+00
     vertex  1.293025e+02  0.000000e+00  1.616531e+01
     vertex  1.292516e+02  0.000000e+00  1.613027e+01
   endloop
 endfacet
 facet normal -1.288262e-16 -1.000000e+00  1.982757e-16
   outer loop
     vertex  1.510000e+02 -6.000000e-15  0.000000e+00
     vertex  1.292516e+02  0.000000e+00  1.613027e+01
     vertex  1.291999e+02  0.000000e+00  1.609663e+01
   endloop
 endfacet
 facet normal -1.246670e-16 -1.000000e+00  2.039087e-16
   outer loop
     vertex  1.510000e+02 -6.000000e-15  0.000000e+00
     vertex  1.291999e+02  0.000000e+00  1.609663e+01
     vertex  1.291472e+02  0.000000e+00  1.606443e+01
   endloop
 endfacet
 facet normal -1.204222e-16 -1.000000e+00  2.096830e-16
   outer loop
     vertex  1.510000e+02 -6.000000e-15  0.000000e+00
     vertex  1.291472e+02  0.000000e+00  1.606443e+01
     vertex  1.290937e+02  0.000000e+00  1.603369e+01
   endloop
 endfacet
 facet normal -1.160813e-16 -1.000000e+00  2.156139e-16
   outer loop
     vertex  1.510000e+02 -6.000000e-15  0.000000e+00
     vertex  1.290937e+02  0.000000e+00  1.603369e+01
     vertex  1.290393e+02  0.000000e+00  1.600442e+01
   endloop
 endfacet
 facet normal -1.116330e-16 -1.000000e+00  2.217176e-16
   outer loop
     vertex  1.510000e+02 -6.000000e-15  0.000000e+00
     vertex  1.290393e+02  0.000000e+00  1.600442e+01
     vertex  1.289842e+02  0.000000e+00  1.597666e+01
   endloop
 endfacet
 facet normal -1.070652e-16 -1.000000e+00  2.280121e-16
   outer loop
     vertex  1.510000e+02 -6.000000e-15  0.000000e+00
     vertex  1.289842e+02  0.000000e+00  1.597666e+01
     vertex  1.289283e+02  0.000000e+00  1.595042e+01
   endloop
 endfacet
 facet normal -1.023643e-16 -1.000000e+00  2.345170e-16
   outer loop
     vertex  1.510000e+02 -6.000000e-15  0.000000e+00
     vertex  1.289283e+02  0.000000e+00  1.595042e+01
     vertex  1.288717e+02  0.000000e+00  1.592573e+01
   endloop
 endfacet
 facet normal -9.751571e-17 -1.000000e+00  2.412540e-16
   outer loop
     vertex  1.510000e+02 -6.000000e-15  0.000000e+00
     vertex  1.288717e+02  0.000000e+00  1.592573e+01
     vertex  1.288145e+02  0.000000e+00  1.590259e+01
   endloop
 endfacet
 facet normal -9.250316e-17 -1.000000e+00  2.482469e-16
   outer loop
     vertex  1.510000e+02 -6.000000e-15  0.000000e+00
     vertex  1.288145e+02  0.000000e+00  1.590259e+01
     vertex  1.287566e+02  0.000000e+00  1.588104e+01
   endloop
 endfacet
 facet normal -8.730868e-17 -1.000000e+00  2.555224e-16
   outer loop
     vertex  1.510000e+02 -6.000000e-15  0.000000e+00
     vertex  1.287566e+02  0.000000e+00  1.588104e+01
     vertex  1.286982e+02  0.000000e+00  1.586108e+01
   endloop
 endfacet
 facet normal -8.191228e-17 -1.000000e+00  2.631101e-16
   outer loop
     vertex  1.510000e+02 -6.000000e-15  0.000000e+00
     vertex  1.286982e+02  0.000000e+00  1.586108e+01
     vertex  1.286393e+02  0.000000e+00  1.584273e+01
   endloop
 endfacet
 facet normal -7.629160e-17 -1.000000e+00  2.710433e-16
   outer loop
     vertex  1.510000e+02 -6.000000e-15  0.000000e+00
     vertex  1.286393e+02  0.000000e+00  1.584273e+01
     vertex  1.285799e+02  0.000000e+00  1.582600e+01
   endloop
 endfacet
 facet normal -7.042149e-17 -1.000000e+00  2.793592e-16
   outer loop
     vertex  1.510000e+02 -6.000000e-15  0.000000e+00
     vertex  1.285799e+02  0.000000e+00  1.582600e+01
     vertex  1.285200e+02  0.000000e+00  1.581091e+01
   endloop
 endfacet
 facet normal -6.427358e-17 -1.000000e+00  2.881004e-16
   outer loop
     vertex  1.510000e+02 -6.000000e-15  0.000000e+00
     vertex  1.285200e+02  0.000000e+00  1.581091e+01
     vertex  1.284597e+02  0.000000e+00  1.579747e+01
   endloop
 endfacet
 facet normal -5.781564e-17 -1.000000e+00  2.973147e-16
   outer loop
     vertex  1.510000e+02 -6.000000e-15  0.000000e+00
     vertex  1.284597e+02  0.000000e+00  1.579747e+01
     vertex  1.283991e+02  0.000000e+00  1.578569e+01
   endloop
 endfacet
 facet normal -5.101094e-17 -1.000000e+00  3.070572e-16
   outer loop
     vertex  1.510000e+02 -6.000000e-15  0.000000e+00
     vertex  1.283991e+02  0.000000e+00  1.578569e+01
     vertex  1.283383e+02  0.000000e+00  1.577557e+01
   endloop
 endfacet
 facet normal -4.381729e-17 -1.000000e+00  3.173910e-16
   outer loop
     vertex  1.510000e+02 -6.000000e-15  0.000000e+00
     vertex  1.283383e+02  0.000000e+00  1.577557e+01
     vertex  1.282771e+02  0.000000e+00  1.576713e+01
   endloop
 endfacet
 facet normal -3.618606e-17 -1.000000e+00  3.283888e-16
   outer loop
     vertex  1.510000e+02 -6.000000e-15  0.000000e+00
     vertex  1.282771e+02  0.000000e+00  1.576713e+01
     vertex  1.282157e+02  0.000000e+00  1.576037e+01
   endloop
 endfacet
 facet normal -2.806077e-17 -1.000000e+00  3.401352e-16
   outer loop
     vertex  1.510000e+02 -6.000000e-15  0.000000e+00
     vertex  1.282157e+02  0.000000e+00  1.576037e+01
     vertex  1.281542e+02  0.000000e+00  1.575529e+01
   endloop
 endfacet
 facet normal -1.937546e-17 -1.000000e+00  3.527293e-16
   outer loop
     vertex  1.510000e+02 -6.000000e-15  0.000000e+00
     vertex  1.281542e+02  0.000000e+00  1.575529e+01
     vertex  1.280926e+02  0.000000e+00  1.575191e+01
   endloop
 endfacet
 facet normal -1.005253e-17 -1.000000e+00  3.662873e-16
   outer loop
     vertex  1.510000e+02 -6.000000e-15  0.000000e+00
     vertex  1.280926e+02  0.000000e+00  1.575191e+01
     vertex  1.280309e+02  0.000000e+00  1.575021e+01
   endloop
 endfacet
 facet normal  0.000000e+00 -1.000000e+00  3.809473e-16
   outer loop
     vertex  1.510000e+02 -6.000000e-15  0.000000e+00
     vertex  1.280309e+02  0.000000e+00  1.575021e+01
     vertex  1.279691e+02  0.000000e+00  1.575021e+01
   endloop
 endfacet
 facet normal  1.089196e-17 -1.000000e+00  3.968741e-16
   outer loop
     vertex  1.510000e+02 -6.000000e-15  0.000000e+00
     vertex  1.279691e+02  0.000000e+00  1.575021e+01
     vertex  1.279074e+02  0.000000e+00  1.575191e+01
   endloop
 endfacet
 facet normal  2.275572e-17 -1.000000e+00  4.142666e-16
   outer loop
     vertex  1.510000e+02 -6.000000e-15  0.000000e+00
     vertex  1.279074e+02  0.000000e+00  1.575191e+01
     vertex  1.278458e+02  0.000000e+00  1.575529e+01
   endloop
 endfacet
 facet normal  3.575225e-17 -1.000000e+00  4.333665e-16
   outer loop
     vertex  1.510000e+02 -6.000000e-15  0.000000e+00
     vertex  1.278458e+02  0.000000e+00  1.575529e+01
     vertex  1.277843e+02  0.000000e+00  1.576037e+01
   endloop
 endfacet
 facet normal  5.007941e-17 -1.000000e+00  4.544711e-16
   outer loop
     vertex  1.510000e+02 -6.000000e-15  0.000000e+00
     vertex  1.277843e+02  0.000000e+00  1.576037e+01
     vertex  1.277229e+02  0.000000e+00  1.576713e+01
   endloop
 endfacet
 facet normal  6.598319e-17 -1.000000e+00  4.779499e-16
   outer loop
     vertex  1.510000e+02 -6.000000e-15  0.000000e+00
     vertex  1.277229e+02  0.000000e+00  1.576713e+01
     vertex  1.276617e+02  0.000000e+00  1.577557e+01
   endloop
 endfacet
 facet normal  8.377333e-17 -1.000000e+00  5.042685e-16
   outer loop
     vertex  1.510000e+02 -6.000000e-15  0.000000e+00
     vertex  1.276617e+02  0.000000e+00  1.577557e+01
     vertex  1.276009e+02  0.000000e+00  1.578569e+01
   endloop
 endfacet
 facet normal  1.038455e-16 -1.000000e+00  5.340215e-16
   outer loop
     vertex  1.510000e+02 -6.000000e-15  0.000000e+00
     vertex  1.276009e+02  0.000000e+00  1.578569e+01
     vertex  1.275403e+02  0.000000e+00  1.579747e+01
   endloop
 endfacet
 facet normal  1.267134e-16 -1.000000e+00  5.679810e-16
   outer loop
     vertex  1.510000e+02 -6.000000e-15  0.000000e+00
     vertex  1.275403e+02  0.000000e+00  1.579747e+01
     vertex  1.274800e+02  0.000000e+00  1.581091e+01
   endloop
 endfacet
 facet normal  1.530563e-16 -1.000000e+00  6.071682e-16
   outer loop
     vertex  1.510000e+02 -6.000000e-15  0.000000e+00
     vertex  1.274800e+02  0.000000e+00  1.581091e+01
     vertex  1.274201e+02  0.000000e+00  1.582600e+01
   endloop
 endfacet
 facet normal  1.837919e-16 -1.000000e+00  6.529625e-16
   outer loop
     vertex  1.510000e+02 -6.000000e-15  0.000000e+00
     vertex  1.274201e+02  0.000000e+00  1.582600e+01
     vertex  1.273607e+02  0.000000e+00  1.584273e+01
   endloop
 endfacet
 facet normal  2.201909e-16 -1.000000e+00  7.072742e-16
   outer loop
     vertex  1.510000e+02 -6.000000e-15  0.000000e+00
     vertex  1.273607e+02  0.000000e+00  1.584273e+01
     vertex  1.273018e+02  0.000000e+00  1.586108e+01
   endloop
 endfacet
 facet normal  2.640649e-16 -1.000000e+00  7.728269e-16
   outer loop
     vertex  1.510000e+02 -6.000000e-15  0.000000e+00
     vertex  1.273018e+02  0.000000e+00  1.586108e+01
     vertex  1.272434e+02  0.000000e+00  1.588104e+01
   endloop
 endfacet
 facet normal  3.180889e-16 -1.000000e+00  8.536421e-16
   outer loop
     vertex  1.510000e+02 -6.000000e-15  0.000000e+00
     vertex  1.272434e+02  0.000000e+00  1.588104e+01
     vertex  1.271855e+02  0.000000e+00  1.590259e+01
   endloop
 endfacet
 facet normal  3.863851e-16 -1.000000e+00  9.559172e-16
   outer loop
     vertex  1.510000e+02 -6.000000e-15  0.000000e+00
     vertex  1.271855e+02  0.000000e+00  1.590259e+01
     vertex  1.271283e+02  0.000000e+00  1.592573e+01
   endloop
 endfacet
 facet normal  4.756553e-16 -1.000000e+00  1.089728e-15
   outer loop
     vertex  1.510000e+02 -6.000000e-15  0.000000e+00
     vertex  1.271283e+02  0.000000e+00  1.592573e+01
     vertex  1.270717e+02  0.000000e+00  1.595042e+01
   endloop
 endfacet
 facet normal  5.975723e-16 -1.000000e+00  1.272624e-15
   outer loop
     vertex  1.510000e+02 -6.000000e-15  0.000000e+00
     vertex  1.270717e+02  0.000000e+00  1.595042e+01
     vertex  1.270158e+02  0.000000e+00  1.597666e+01
   endloop
 endfacet
 facet normal -3.973510e-17 -1.000000e+00  3.158974e-16
   outer loop
     vertex  1.510000e+02 -6.000000e-15  0.000000e+00
     vertex  1.270158e+02  0.000000e+00  1.597666e+01
     vertex  0.000000e+00  0.000000e+00  0.000000e+00
   endloop
 endfacet
 facet normal -2.891559e-16 -1.000000e+00 -0.000000e+00
   outer loop
     vertex  1.510000e+02 -6.000000e-15  3.600000e+01
     vertex  1.302499e+02  0.000000e+00  1.801543e+01
     vertex  1.510000e+02 -6.000000e-15  0.000000e+00
   endloop
 endfacet
 facet normal -5.123860e-18 -1.000000e+00 -3.734699e-16
   outer loop
     vertex  1.510000e+02 -6.000000e-15  3.600000e+01
     vertex  1.280000e+02  0.000000e+00  2.025000e+01
     vertex  1.280617e+02  0.000000e+00  2.024915e+01
   endloop
 endfacet
 facet normal -1.479907e-17 -1.000000e+00 -3.593797e-16
   outer loop
     vertex  1.510000e+02 -6.000000e-15  3.600000e+01
     vertex  1.280617e+02  0.000000e+00  2.024915e+01
     vertex  1.281234e+02  0.000000e+00  2.024661e+01
   endloop
 endfacet
 facet normal -2.379267e-17 -1.000000e+00 -3.463195e-16
   outer loop
     vertex  1.510000e+02 -6.000000e-15  3.600000e+01
     vertex  1.281234e+02  0.000000e+00  2.024661e+01
     vertex  1.281850e+02  0.000000e+00  2.024238e+01
   endloop
 endfacet
 facet normal -3.218905e-17 -1.000000e+00 -3.341626e-16
   outer loop
     vertex  1.510000e+02 -6.000000e-15  3.600000e+01
     vertex  1.281850e+02  0.000000e+00  2.024238e+01
     vertex  1.282464e+02  0.000000e+00  2.023646e+01
   endloop
 endfacet
 facet normal -4.005970e-17 -1.000000e+00 -3.228019e-16
   outer loop
     vertex  1.510000e+02 -6.000000e-15  3.600000e+01
     vertex  1.282464e+02  0.000000e+00  2.023646e+01
     vertex  1.283077e+02  0.000000e+00  2.022886e+01
   endloop
 endfacet
 facet normal -4.746560e-17 -1.000000e+00 -3.121459e-16
   outer loop
     vertex  1.510000e+02 -6.000000e-15  3.600000e+01
     vertex  1.283077e+02  0.000000e+00  2.022886e+01
     vertex  1.283687e+02  0.000000e+00  2.021958e+01
   endloop
 endfacet
 facet normal -5.445913e-17 -1.000000e+00 -3.021162e-16
   outer loop
     vertex  1.510000e+02 -6.000000e-15  3.600000e+01
     vertex  1.283687e+02  0.000000e+00  2.021958e+01
     vertex  1.284295e+02  0.000000e+00  2.020863e+01
   endloop
 endfacet
 facet normal -6.108554e-17 -1.000000e+00 -2.926451e-16
   outer loop
     vertex  1.510000e+02 -6.000000e-15  3.600000e+01
     vertex  1.284295e+02  0.000000e+00  2.020863e+01
     vertex  1.284899e+02  0.000000e+00  2.019601e+01
   endloop
 endfacet
 facet normal -3.973510e-17 -1.000000e+00 -3.155582e-16
   outer loop
     vertex  1.510000e+02 -6.000000e-15  3.600000e+01
     vertex  0.000000e+00  0.000000e+00  3.600000e+01
     vertex  1.269882e+02  0.000000e+00  2.000965e+01
   endloop
 endfacet
 facet normal -6.738418e-17 -1.000000e+00 -2.836738e-16
   outer loop
     vertex  1.510000e+02 -6.000000e-15  3.600000e+01
     vertex  1.284899e+02  0.000000e+00  2.019601e+01
     vertex  1.285500e+02  0.000000e+00  2.018175e+01
   endloop
 endfacet
 facet normal -7.338942e-17 -1.000000e+00 -2.751509e-16
   outer loop
     vertex  1.510000e+02 -6.000000e-15  3.600000e+01
     vertex  1.285500e+02  0.000000e+00  2.018175e+01
     vertex  1.286096e+02  0.000000e+00  2.016584e+01
   endloop
 endfacet
 facet normal  6.770310e-16 -1.000000e+00 -1.391887e-15
   outer loop
     vertex  1.510000e+02 -6.000000e-15  3.600000e+01
     vertex  1.269882e+02  0.000000e+00  2.000965e+01
     vertex  1.270437e+02  0.000000e+00  2.003665e+01
   endloop
 endfacet
 facet normal -7.913148e-17 -1.000000e+00 -2.670313e-16
   outer loop
     vertex  1.510000e+02 -6.000000e-15  3.600000e+01
     vertex  1.286096e+02  0.000000e+00  2.016584e+01
     vertex  1.286688e+02  0.000000e+00  2.014830e+01
   endloop
 endfacet
 facet normal  5.314938e-16 -1.000000e+00 -1.173478e-15
   outer loop
     vertex  1.510000e+02 -6.000000e-15  3.600000e+01
     vertex  1.270437e+02  0.000000e+00  2.003665e+01
     vertex  1.270999e+02  0.000000e+00  2.006212e+01
   endloop
 endfacet
 facet normal -8.463706e-17 -1.000000e+00 -2.592753e-16
   outer loop
     vertex  1.510000e+02 -6.000000e-15  3.600000e+01
     vertex  1.286688e+02  0.000000e+00  2.014830e+01
     vertex  1.287275e+02  0.000000e+00  2.012914e+01
   endloop
 endfacet
 facet normal  4.278277e-16 -1.000000e+00 -1.018022e-15
   outer loop
     vertex  1.510000e+02 -6.000000e-15  3.600000e+01
     vertex  1.270999e+02  0.000000e+00  2.006212e+01
     vertex  1.271568e+02  0.000000e+00  2.008604e+01
   endloop
 endfacet
 facet normal -8.992986e-17 -1.000000e+00 -2.518476e-16
   outer loop
     vertex  1.510000e+02 -6.000000e-15  3.600000e+01
     vertex  1.287275e+02  0.000000e+00  2.012914e+01
     vertex  1.287856e+02  0.000000e+00  2.010838e+01
   endloop
 endfacet
 facet normal  3.501137e-16 -1.000000e+00 -9.015871e-16
   outer loop
     vertex  1.510000e+02 -6.000000e-15  3.600000e+01
     vertex  1.271568e+02  0.000000e+00  2.008604e+01
     vertex  1.272144e+02  0.000000e+00  2.010838e+01
   endloop
 endfacet
 facet normal -9.503101e-17 -1.000000e+00 -2.447169e-16
   outer loop
     vertex  1.510000e+02 -6.000000e-15  3.600000e+01
     vertex  1.287856e+02  0.000000e+00  2.010838e+01
     vertex  1.288432e+02  0.000000e+00  2.008604e+01
   endloop
 endfacet
 facet normal  2.895940e-16 -1.000000e+00 -8.110047e-16
   outer loop
     vertex  1.510000e+02 -6.000000e-15  3.600000e+01
     vertex  1.272144e+02  0.000000e+00  2.010838e+01
     vertex  1.272725e+02  0.000000e+00  2.012914e+01
   endloop
 endfacet
 facet normal -9.995945e-17 -1.000000e+00 -2.378550e-16
   outer loop
     vertex  1.510000e+02 -6.000000e-15  3.600000e+01
     vertex  1.288432e+02  0.000000e+00  2.008604e+01
     vertex  1.289001e+02  0.000000e+00  2.006212e+01
   endloop
 endfacet
 facet normal  2.410517e-16 -1.000000e+00 -7.384322e-16
   outer loop
     vertex  1.510000e+02 -6.000000e-15  3.600000e+01
     vertex  1.272725e+02  0.000000e+00  2.012914e+01
     vertex  1.273312e+02  0.000000e+00  2.014830e+01
   endloop
 endfacet
 facet normal -1.047323e-16 -1.000000e+00 -2.312369e-16
   outer loop
     vertex  1.510000e+02 -6.000000e-15  3.600000e+01
     vertex  1.289001e+02  0.000000e+00  2.006212e+01
     vertex  1.289563e+02  0.000000e+00  2.003665e+01
   endloop
 endfacet
 facet normal  2.011858e-16 -1.000000e+00 -6.789069e-16
   outer loop
     vertex  1.510000e+02 -6.000000e-15  3.600000e+01
     vertex  1.273312e+02  0.000000e+00  2.014830e+01
     vertex  1.273904e+02  0.000000e+00  2.016584e+01
   endloop
 endfacet
 facet normal -1.093649e-16 -1.000000e+00 -2.248398e-16
   outer loop
     vertex  1.510000e+02 -6.000000e-15  3.600000e+01
     vertex  1.289563e+02  0.000000e+00  2.003665e+01
     vertex  1.290118e+02  0.000000e+00  2.000965e+01
   endloop
 endfacet
 facet normal  1.678056e-16 -1.000000e+00 -6.291351e-16
   outer loop
     vertex  1.510000e+02 -6.000000e-15  3.600000e+01
     vertex  1.273904e+02  0.000000e+00  2.016584e+01
     vertex  1.274500e+02  0.000000e+00  2.018175e+01
   endloop
 endfacet
 facet normal -1.138713e-16 -1.000000e+00 -2.186430e-16
   outer loop
     vertex  1.510000e+02 -6.000000e-15  3.600000e+01
     vertex  1.290118e+02  0.000000e+00  2.000965e+01
     vertex  1.290666e+02  0.000000e+00  1.998113e+01
   endloop
 endfacet
 facet normal  1.393998e-16 -1.000000e+00 -5.868450e-16
   outer loop
     vertex  1.510000e+02 -6.000000e-15  3.600000e+01
     vertex  1.274500e+02  0.000000e+00  2.018175e+01
     vertex  1.275101e+02  0.000000e+00  2.019601e+01
   endloop
 endfacet
 facet normal -1.182644e-16 -1.000000e+00 -2.126279e-16
   outer loop
     vertex  1.510000e+02 -6.000000e-15  3.600000e+01
     vertex  1.290666e+02  0.000000e+00  1.998113e+01
     vertex  1.291205e+02  0.000000e+00  1.995112e+01
   endloop
 endfacet
 facet normal  1.148921e-16 -1.000000e+00 -5.504185e-16
   outer loop
     vertex  1.510000e+02 -6.000000e-15  3.600000e+01
     vertex  1.275101e+02  0.000000e+00  2.019601e+01
     vertex  1.275705e+02  0.000000e+00  2.020863e+01
   endloop
 endfacet
 facet normal -1.225559e-16 -1.000000e+00 -2.067773e-16
   outer loop
     vertex  1.510000e+02 -6.000000e-15  3.600000e+01
     vertex  1.291205e+02  0.000000e+00  1.995112e+01
     vertex  1.291736e+02  0.000000e+00  1.991965e+01
   endloop
 endfacet
 facet normal  9.349529e-17 -1.000000e+00 -5.186723e-16
   outer loop
     vertex  1.510000e+02 -6.000000e-15  3.600000e+01
     vertex  1.275705e+02  0.000000e+00  2.020863e+01
     vertex  1.276313e+02  0.000000e+00  2.021958e+01
   endloop
 endfacet
 facet normal -1.267567e-16 -1.000000e+00 -2.010754e-16
   outer loop
     vertex  1.510000e+02 -6.000000e-15  3.600000e+01
     vertex  1.291736e+02  0.000000e+00  1.991965e+01
     vertex  1.292259e+02  0.000000e+00  1.988673e+01
   endloop
 endfacet
 facet normal  7.462007e-17 -1.000000e+00 -4.907206e-16
   outer loop
     vertex  1.510000e+02 -6.000000e-15  3.600000e+01
     vertex  1.276313e+02  0.000000e+00  2.021958e+01
     vertex  1.276923e+02  0.000000e+00  2.022886e+01
   endloop
 endfacet
 facet normal -1.308768e-16 -1.000000e+00 -1.955079e-16
   outer loop
     vertex  1.510000e+02 -6.000000e-15  3.600000e+01
     vertex  1.292259e+02  0.000000e+00  1.988673e+01
     vertex  1.292772e+02  0.000000e+00  1.985239e+01
   endloop
 endfacet
 facet normal  5.781658e-17 -1.000000e+00 -4.658872e-16
   outer loop
     vertex  1.510000e+02 -6.000000e-15  3.600000e+01
     vertex  1.276923e+02  0.000000e+00  2.022886e+01
     vertex  1.277536e+02  0.000000e+00  2.023646e+01
   endloop
 endfacet
 facet normal -1.349256e-16 -1.000000e+00 -1.900612e-16
   outer loop
     vertex  1.510000e+02 -6.000000e-15  3.600000e+01
     vertex  1.292772e+02  0.000000e+00  1.985239e+01
     vertex  1.293275e+02  0.000000e+00  1.981665e+01
   endloop
 endfacet
 facet normal  4.273541e-17 -1.000000e+00 -4.436470e-16
   outer loop
     vertex  1.510000e+02 -6.000000e-15  3.600000e+01
     vertex  1.277536e+02  0.000000e+00  2.023646e+01
     vertex  1.278150e+02  0.000000e+00  2.024238e+01
   endloop
 endfacet
 facet normal -1.389119e-16 -1.000000e+00 -1.847228e-16
   outer loop
     vertex  1.510000e+02 -6.000000e-15  3.600000e+01
     vertex  1.293275e+02  0.000000e+00  1.981665e+01
     vertex  1.293768e+02  0.000000e+00  1.977955e+01
   endloop
 endfacet
 facet normal  2.910100e-17 -1.000000e+00 -4.235860e-16
   outer loop
     vertex  1.510000e+02 -6.000000e-15  3.600000e+01
     vertex  1.278150e+02  0.000000e+00  2.024238e+01
     vertex  1.278766e+02  0.000000e+00  2.024661e+01
   endloop
 endfacet
 facet normal -1.428439e-16 -1.000000e+00 -1.794811e-16
   outer loop
     vertex  1.510000e+02 -6.000000e-15  3.600000e+01
     vertex  1.293768e+02  0.000000e+00  1.977955e+01
     vertex  1.294251e+02  0.000000e+00  1.974111e+01
   endloop
 endfacet
 facet normal  1.669306e-17 -1.000000e+00 -4.053732e-16
   outer loop
     vertex  1.510000e+02 -6.000000e-15  3.600000e+01
     vertex  1.278766e+02  0.000000e+00  2.024661e+01
     vertex  1.279383e+02  0.000000e+00  2.024915e+01
   endloop
 endfacet
 facet normal -1.467295e-16 -1.000000e+00 -1.743251e-16
   outer loop
     vertex  1.510000e+02 -6.000000e-15  3.600000e+01
     vertex  1.294251e+02  0.000000e+00  1.974111e+01
     vertex  1.294724e+02  0.000000e+00  1.970136e+01
   endloop
 endfacet
 facet normal  5.333371e-18 -1.000000e+00 -3.887408e-16
   outer loop
     vertex  1.510000e+02 -6.000000e-15  3.600000e+01
     vertex  1.279383e+02  0.000000e+00  2.024915e+01
     vertex  1.280000e+02  0.000000e+00  2.025000e+01
   endloop
 endfacet
 facet normal -1.505761e-16 -1.000000e+00 -1.692443e-16
   outer loop
     vertex  1.510000e+02 -6.000000e-15  3.600000e+01
     vertex  1.294724e+02  0.000000e+00  1.970136e+01
     vertex  1.295185e+02  0.000000e+00  1.966032e+01
   endloop
 endfacet
 facet normal -1.543910e-16 -1.000000e+00 -1.642290e-16
   outer loop
     vertex  1.510000e+02 -6.000000e-15  3.600000e+01
     vertex  1.295185e+02  0.000000e+00  1.966032e+01
     vertex  1.295635e+02  0.000000e+00  1.961804e+01
   endloop
 endfacet
 facet normal -1.581809e-16 -1.000000e+00 -1.592697e-16
   outer loop
     vertex  1.510000e+02 -6.000000e-15  3.600000e+01
     vertex  1.295635e+02  0.000000e+00  1.961804e+01
     vertex  1.296073e+02  0.000000e+00  1.957454e+01
   endloop
 endfacet
 facet normal -1.619527e-16 -1.000000e+00 -1.543573e-16
   outer loop
     vertex  1.510000e+02 -6.000000e-15  3.600000e+01
     vertex  1.296073e+02  0.000000e+00  1.957454e+01
     vertex  1.296499e+02  0.000000e+00  1.952985e+01
   endloop
 endfacet
 facet normal -1.657128e-16 -1.000000e+00 -1.494831e-16
   outer loop
     vertex  1.510000e+02 -6.000000e-15  3.600000e+01
     vertex  1.296499e+02  0.000000e+00  1.952985e+01
     vertex  1.296912e+02  0.000000e+00  1.948401e+01
   endloop
 endfacet
 facet normal -1.694677e-16 -1.000000e+00 -1.446386e-16
   outer loop
     vertex  1.510000e+02 -6.000000e-15  3.600000e+01
     vertex  1.296912e+02  0.000000e+00  1.948401e+01
     vertex  1.297313e+02  0.000000e+00  1.943706e+01
   endloop
 endfacet
 facet normal -1.732238e-16 -1.000000e+00 -1.398154e-16
   outer loop
     vertex  1.510000e+02 -6.000000e-15  3.600000e+01
     vertex  1.297313e+02  0.000000e+00  1.943706e+01
     vertex  1.297701e+02  0.000000e+00  1.938902e+01
   endloop
 endfacet
 facet normal -1.769874e-16 -1.000000e+00 -1.350053e-16
   outer loop
     vertex  1.510000e+02 -6.000000e-15  3.600000e+01
     vertex  1.297701e+02  0.000000e+00  1.938902e+01
     vertex  1.298075e+02  0.000000e+00  1.933994e+01
   endloop
 endfacet
 facet normal -1.807649e-16 -1.000000e+00 -1.302001e-16
   outer loop
     vertex  1.510000e+02 -6.000000e-15  3.600000e+01
     vertex  1.298075e+02  0.000000e+00  1.933994e+01
     vertex  1.298436e+02  0.000000e+00  1.928984e+01
   endloop
 endfacet
 facet normal -1.845627e-16 -1.000000e+00 -1.253917e-16
   outer loop
     vertex  1.510000e+02 -6.000000e-15  3.600000e+01
     vertex  1.298436e+02  0.000000e+00  1.928984e+01
     vertex  1.298783e+02  0.000000e+00  1.923878e+01
   endloop
 endfacet
 facet normal -1.883875e-16 -1.000000e+00 -1.205719e-16
   outer loop
     vertex  1.510000e+02 -6.000000e-15  3.600000e+01
     vertex  1.298783e+02  0.000000e+00  1.923878e+01
     vertex  1.299116e+02  0.000000e+00  1.918679e+01
   endloop
 endfacet
 facet normal -1.922458e-16 -1.000000e+00 -1.157324e-16
   outer loop
     vertex  1.510000e+02 -6.000000e-15  3.600000e+01
     vertex  1.299116e+02  0.000000e+00  1.918679e+01
     vertex  1.299434e+02  0.000000e+00  1.913390e+01
   endloop
 endfacet
 facet normal -1.961447e-16 -1.000000e+00 -1.108648e-16
   outer loop
     vertex  1.510000e+02 -6.000000e-15  3.600000e+01
     vertex  1.299434e+02  0.000000e+00  1.913390e+01
     vertex  1.299738e+02  0.000000e+00  1.908016e+01
   endloop
 endfacet
 facet normal -2.000913e-16 -1.000000e+00 -1.059605e-16
   outer loop
     vertex  1.510000e+02 -6.000000e-15  3.600000e+01
     vertex  1.299738e+02  0.000000e+00  1.908016e+01
     vertex  1.300027e+02  0.000000e+00  1.902560e+01
   endloop
 endfacet
 facet normal -2.040930e-16 -1.000000e+00 -1.010104e-16
   outer loop
     vertex  1.510000e+02 -6.000000e-15  3.600000e+01
     vertex  1.300027e+02  0.000000e+00  1.902560e+01
     vertex  1.300300e+02  0.000000e+00  1.897027e+01
   endloop
 endfacet
 facet normal -2.081576e-16 -1.000000e+00 -9.600526e-17
   outer loop
     vertex  1.510000e+02 -6.000000e-15  3.600000e+01
     vertex  1.300300e+02  0.000000e+00  1.897027e+01
     vertex  1.300559e+02  0.000000e+00  1.891422e+01
   endloop
 endfacet
 facet normal -2.122935e-16 -1.000000e+00 -9.093547e-17
   outer loop
     vertex  1.510000e+02 -6.000000e-15  3.600000e+01
     vertex  1.300559e+02  0.000000e+00  1.891422e+01
     vertex  1.300802e+02  0.000000e+00  1.885747e+01
   endloop
 endfacet
 facet normal -2.165092e-16 -1.000000e+00 -8.579079e-17
   outer loop
     vertex  1.510000e+02 -6.000000e-15  3.600000e+01
     vertex  1.300802e+02  0.000000e+00  1.885747e+01
     vertex  1.301029e+02  0.000000e+00  1.880008e+01
   endloop
 endfacet
 facet normal -2.208142e-16 -1.000000e+00 -8.056044e-17
   outer loop
     vertex  1.510000e+02 -6.000000e-15  3.600000e+01
     vertex  1.301029e+02  0.000000e+00  1.880008e+01
     vertex  1.301241e+02  0.000000e+00  1.874209e+01
   endloop
 endfacet
 facet normal -2.252184e-16 -1.000000e+00 -7.523297e-17
   outer loop
     vertex  1.510000e+02 -6.000000e-15  3.600000e+01
     vertex  1.301241e+02  0.000000e+00  1.874209e+01
     vertex  1.301437e+02  0.000000e+00  1.868354e+01
   endloop
 endfacet
 facet normal -2.297324e-16 -1.000000e+00 -6.979614e-17
   outer loop
     vertex  1.510000e+02 -6.000000e-15  3.600000e+01
     vertex  1.301437e+02  0.000000e+00  1.868354e+01
     vertex  1.301616e+02  0.000000e+00  1.862447e+01
   endloop
 endfacet
 facet normal -2.343679e-16 -1.000000e+00 -6.423679e-17
   outer loop
     vertex  1.510000e+02 -6.000000e-15  3.600000e+01
     vertex  1.301616e+02  0.000000e+00  1.862447e+01
     vertex  1.301779e+02  0.000000e+00  1.856493e+01
   endloop
 endfacet
 facet normal -2.391375e-16 -1.000000e+00 -5.854071e-17
   outer loop
     vertex  1.510000e+02 -6.000000e-15  3.600000e+01
     vertex  1.301779e+02  0.000000e+00  1.856493e+01
     vertex  1.301926e+02  0.000000e+00  1.850497e+01
   endloop
 endfacet
 facet normal -2.440547e-16 -1.000000e+00 -5.269251e-17
   outer loop
     vertex  1.510000e+02 -6.000000e-15  3.600000e+01
     vertex  1.301926e+02  0.000000e+00  1.850497e+01
     vertex  1.302056e+02  0.000000e+00  1.844463e+01
   endloop
 endfacet
 facet normal -2.491346e-16 -1.000000e+00 -4.667537e-17
   outer loop
     vertex  1.510000e+02 -6.000000e-15  3.600000e+01
     vertex  1.302056e+02  0.000000e+00  1.844463e+01
     vertex  1.302170e+02  0.000000e+00  1.838395e+01
   endloop
 endfacet
 facet normal -2.543936e-16 -1.000000e+00 -4.047089e-17
   outer loop
     vertex  1.510000e+02 -6.000000e-15  3.600000e+01
     vertex  1.302170e+02  0.000000e+00  1.838395e+01
     vertex  1.302267e+02  0.000000e+00  1.832299e+01
   endloop
 endfacet
 facet normal -2.598500e-16 -1.000000e+00 -3.405880e-17
   outer loop
     vertex  1.510000e+02 -6.000000e-15  3.600000e+01
     vertex  1.302267e+02  0.000000e+00  1.832299e+01
     vertex  1.302347e+02  0.000000e+00  1.826178e+01
   endloop
 endfacet
 facet normal -2.655238e-16 -1.000000e+00 -2.741672e-17
   outer loop
     vertex  1.510000e+02 -6.000000e-15  3.600000e+01
     vertex  1.302347e+02  0.000000e+00  1.826178e+01
     vertex  1.302411e+02  0.000000e+00  1.820037e+01
   endloop
 endfacet
 facet normal -2.714376e-16 -1.000000e+00 -2.051976e-17
   outer loop
     vertex  1.510000e+02 -6.000000e-15  3.600000e+01
     vertex  1.302411e+02  0.000000e+00  1.820037e+01
     vertex  1.302457e+02  0.000000e+00  1.813881e+01
   endloop
 endfacet
 facet normal -2.776163e-16 -1.000000e+00 -1.334017e-17
   outer loop
     vertex  1.510000e+02 -6.000000e-15  3.600000e+01
     vertex  1.302457e+02  0.000000e+00  1.813881e+01
     vertex  1.302487e+02  0.000000e+00  1.807715e+01
   endloop
 endfacet
 facet normal -2.840883e-16 -1.000000e+00 -5.846828e-18
   outer loop
     vertex  1.510000e+02 -6.000000e-15  3.600000e+01
     vertex  1.302487e+02  0.000000e+00  1.807715e+01
     vertex  1.302499e+02  0.000000e+00  1.801543e+01
   endloop
 endfacet
 facet normal -1.000000e+00  0.000000e+00 -0.000000e+00
   outer loop
     vertex  0.000000e+00  1.367000e+02  3.600000e+01
     vertex  0.000000e+00  1.367000e+02  0.000000e+00
     vertex  0.000000e+00  1.098500e+02  3.000000e+00
   endloop
 endfacet
 facet normal -1.000000e+00  0.000000e+00  0.000000e+00
   outer loop
     vertex  0.000000e+00  1.098500e+02  3.600000e+01
     vertex  0.000000e+00  1.367000e+02  3.600000e+01
     vertex  0.000000e+00  1.098500e+02  3.000000e+00
   endloop
 endfacet
 facet normal -1.000000e+00  0.000000e+00 -0.000000e+00
   outer loop
     vertex  0.000000e+00  1.590485e+01  1.713759e+01
     vertex  0.000000e+00  2.685000e+01  3.000000e+00
     vertex  0.000000e+00  1.588085e+01  1.711309e+01
   endloop
 endfacet
 facet normal -1.000000e+00  0.000000e+00  0.000000e+00
   outer loop
     vertex  0.000000e+00  1.585618e+01  1.708926e+01
     vertex  0.000000e+00  1.588085e+01  1.711309e+01
     vertex  0.000000e+00  2.685000e+01  3.000000e+00
   endloop
 endfacet
 facet normal -1.000000e+00  0.000000e+00 -0.000000e+00
   outer loop
     vertex  0.000000e+00  1.592817e+01  1.716274e+01
     vertex  0.000000e+00  2.685000e+01  3.000000e+00
     vertex  0.000000e+00  1.590485e+01  1.713759e+01
   endloop
 endfacet
 facet normal -1.000000e+00  0.000000e+00  0.000000e+00
   outer loop
     vertex  0.000000e+00  1.583088e+01  1.706611e+01
     vertex  0.000000e+00  1.585618e+01  1.708926e+01
     vertex  0.000000e+00  2.685000e+01  3.000000e+00
   endloop
 endfacet
 facet normal -1.000000e+00  0.000000e+00 -0.000000e+00
   outer loop
     vertex  0.000000e+00  1.595079e+01  1.718852e+01
     vertex  0.000000e+00  2.685000e+01  3.000000e+00
     vertex  0.000000e+00  1.592817e+01  1.716274e+01
   endloop
 endfacet
 facet normal -1.000000e+00  0.000000e+00  0.000000e+00
   outer loop
     vertex  0.000000e+00  1.580494e+01  1.704367e+01
     vertex  0.000000e+00  1.583088e+01  1.706611e+01
     vertex  0.000000e+00  2.685000e+01  3.000000e+00
   endloop
 endfacet
 facet normal -1.000000e+00  0.000000e+00 -0.000000e+00
   outer loop
     vertex  0.000000e+00  1.597269e+01  1.721491e+01
     vertex  0.000000e+00  2.685000e+01  3.000000e+00
     vertex  0.000000e+00  1.595079e+01  1.718852e+01
   endloop
 endfacet
 facet normal -1.000000e+00  0.000000e+00  0.000000e+00
   outer loop
     vertex  0.000000e+00  1.577840e+01  1.702195e+01
     vertex  0.000000e+00  1.580494e+01  1.704367e+01
     vertex  0.000000e+00  2.685000e+01  3.000000e+00
   endloop
 endfacet
 facet normal -1.000000e+00  0.000000e+00 -0.000000e+00
   outer loop
     vertex  0.000000e+00  1.599386e+01  1.724189e+01
     vertex  0.000000e+00  2.685000e+01  3.000000e+00
     vertex  0.000000e+00  1.597269e+01  1.721491e+01
   endloop
 endfacet
 facet normal -1.000000e+00  0.000000e+00  0.000000e+00
   outer loop
     vertex  0.000000e+00  1.575128e+01  1.700096e+01
     vertex  0.000000e+00  1.577840e+01  1.702195e+01
     vertex  0.000000e+00  2.685000e+01  3.000000e+00
   endloop
 endfacet
 facet normal -1.000000e+00  0.000000e+00 -0.000000e+00
   outer loop
     vertex  0.000000e+00  1.601429e+01  1.726944e+01
     vertex  0.000000e+00  2.685000e+01  3.000000e+00
     vertex  0.000000e+00  1.599386e+01  1.724189e+01
   endloop
 endfacet
 facet normal -1.000000e+00  0.000000e+00  0.000000e+00
   outer loop
     vertex  0.000000e+00  1.572359e+01  1.698073e+01
     vertex  0.000000e+00  1.575128e+01  1.700096e+01
     vertex  0.000000e+00  2.685000e+01  3.000000e+00
   endloop
 endfacet
 facet normal -1.000000e+00  0.000000e+00 -0.000000e+00
   outer loop
     vertex  0.000000e+00  1.603395e+01  1.729754e+01
     vertex  0.000000e+00  2.685000e+01  3.000000e+00
     vertex  0.000000e+00  1.601429e+01  1.726944e+01
   endloop
 endfacet
 facet normal -1.000000e+00  0.000000e+00  0.000000e+00
   outer loop
     vertex  0.000000e+00  1.569535e+01  1.696126e+01
     vertex  0.000000e+00  1.572359e+01  1.698073e+01
     vertex  0.000000e+00  2.685000e+01  3.000000e+00
   endloop
 endfacet
 facet normal -1.000000e+00  0.000000e+00 -0.000000e+00
   outer loop
     vertex  0.000000e+00  1.605283e+01  1.732617e+01
     vertex  0.000000e+00  2.685000e+01  3.000000e+00
     vertex  0.000000e+00  1.603395e+01  1.729754e+01
   endloop
 endfacet
 facet normal -1.000000e+00  0.000000e+00  0.000000e+00
   outer loop
     vertex  0.000000e+00  1.566660e+01  1.694257e+01
     vertex  0.000000e+00  1.569535e+01  1.696126e+01
     vertex  0.000000e+00  2.685000e+01  3.000000e+00
   endloop
 endfacet
 facet normal -1.000000e+00  0.000000e+00 -0.000000e+00
   outer loop
     vertex  0.000000e+00  1.607092e+01  1.735530e+01
     vertex  0.000000e+00  2.685000e+01  3.000000e+00
     vertex  0.000000e+00  1.605283e+01  1.732617e+01
   endloop
 endfacet
 facet normal -1.000000e+00  0.000000e+00  0.000000e+00
   outer loop
     vertex  0.000000e+00  1.563733e+01  1.692468e+01
     vertex  0.000000e+00  1.566660e+01  1.694257e+01
     vertex  0.000000e+00  2.685000e+01  3.000000e+00
   endloop
 endfacet
 facet normal -1.000000e+00  0.000000e+00 -0.000000e+00
   outer loop
     vertex  0.000000e+00  1.608820e+01  1.738493e+01
     vertex  0.000000e+00  2.685000e+01  3.000000e+00
     vertex  0.000000e+00  1.607092e+01  1.735530e+01
   endloop
 endfacet
 facet normal -1.000000e+00  0.000000e+00  0.000000e+00
   outer loop
     vertex  0.000000e+00  1.560759e+01  1.690760e+01
     vertex  0.000000e+00  1.563733e+01  1.692468e+01
     vertex  0.000000e+00  2.685000e+01  3.000000e+00
   endloop
 endfacet
 facet normal -1.000000e+00  0.000000e+00 -0.000000e+00
   outer loop
     vertex  0.000000e+00  1.610467e+01  1.741501e+01
     vertex  0.000000e+00  2.685000e+01  3.000000e+00
     vertex  0.000000e+00  1.608820e+01  1.738493e+01
   endloop
 endfacet
 facet normal -1.000000e+00  0.000000e+00  0.000000e+00
   outer loop
     vertex  0.000000e+00  1.557740e+01  1.689135e+01
     vertex  0.000000e+00  1.560759e+01  1.690760e+01
     vertex  0.000000e+00  2.685000e+01  3.000000e+00
   endloop
 endfacet
 facet normal -1.000000e+00  0.000000e+00 -0.000000e+00
   outer loop
     vertex  0.000000e+00  1.612030e+01  1.744554e+01
     vertex  0.000000e+00  2.685000e+01  3.000000e+00
     vertex  0.000000e+00  1.610467e+01  1.741501e+01
   endloop
 endfacet
 facet normal -1.000000e+00  0.000000e+00  0.000000e+00
   outer loop
     vertex  0.000000e+00  1.554676e+01  1.687592e+01
     vertex  0.000000e+00  1.557740e+01  1.689135e+01
     vertex  0.000000e+00  2.685000e+01  3.000000e+00
   endloop
 endfacet
 facet normal -1.000000e+00  0.000000e+00 -0.000000e+00
   outer loop
     vertex  0.000000e+00  1.613509e+01  1.747648e+01
     vertex  0.000000e+00  2.685000e+01  3.000000e+00
     vertex  0.000000e+00  1.612030e+01  1.744554e+01
   endloop
 endfacet
 facet normal -1.000000e+00  0.000000e+00  0.000000e+00
   outer loop
     vertex  0.000000e+00  1.551572e+01  1.686135e+01
     vertex  0.000000e+00  1.554676e+01  1.687592e+01
     vertex  0.000000e+00  2.685000e+01  3.000000e+00
   endloop
 endfacet
 facet normal -1.000000e+00  0.000000e+00 -0.000000e+00
   outer loop
     vertex  0.000000e+00  1.614902e+01  1.750782e+01
     vertex  0.000000e+00  2.685000e+01  3.000000e+00
     vertex  0.000000e+00  1.613509e+01  1.747648e+01
   endloop
 endfacet
 facet normal -1.000000e+00  0.000000e+00  0.000000e+00
   outer loop
     vertex  0.000000e+00  1.548429e+01  1.684763e+01
     vertex  0.000000e+00  1.551572e+01  1.686135e+01
     vertex  0.000000e+00  2.685000e+01  3.000000e+00
   endloop
 endfacet
 facet normal -1.000000e+00  0.000000e+00 -0.000000e+00
   outer loop
     vertex  0.000000e+00  1.616209e+01  1.753953e+01
     vertex  0.000000e+00  2.685000e+01  3.000000e+00
     vertex  0.000000e+00  1.614902e+01  1.750782e+01
   endloop
 endfacet
 facet normal -1.000000e+00  0.000000e+00  0.000000e+00
   outer loop
     vertex  0.000000e+00  1.545249e+01  1.683477e+01
     vertex  0.000000e+00  1.548429e+01  1.684763e+01
     vertex  0.000000e+00  2.685000e+01  3.000000e+00
   endloop
 endfacet
 facet normal -1.000000e+00  0.000000e+00 -0.000000e+00
   outer loop
     vertex  0.000000e+00  1.617429e+01  1.757158e+01
     vertex  0.000000e+00  2.685000e+01  3.000000e+00
     vertex  0.000000e+00  1.616209e+01  1.753953e+01
   endloop
 endfacet
 facet normal -1.000000e+00  0.000000e+00  0.000000e+00
   outer loop
     vertex  0.000000e+00  1.542036e+01  1.682280e+01
     vertex  0.000000e+00  1.545249e+01  1.683477e+01
     vertex  0.000000e+00  2.685000e+01  3.000000e+00
   endloop
 endfacet
 facet normal -1.000000e+00  0.000000e+00 -0.000000e+00
   outer loop
     vertex  0.000000e+00  1.618560e+01  1.760396e+01
     vertex  0.000000e+00  2.685000e+01  3.000000e+00
     vertex  0.000000e+00  1.617429e+01  1.757158e+01
   endloop
 endfacet
 facet normal -1.000000e+00  0.000000e+00  0.000000e+00
   outer loop
     vertex  0.000000e+00  1.538790e+01  1.681171e+01
     vertex  0.000000e+00  1.542036e+01  1.682280e+01
     vertex  0.000000e+00  2.685000e+01  3.000000e+00
   endloop
 endfacet
 facet normal -1.000000e+00  0.000000e+00 -0.000000e+00
   outer loop
     vertex  0.000000e+00  1.619602e+01  1.763663e+01
     vertex  0.000000e+00  2.685000e+01  3.000000e+00
     vertex  0.000000e+00  1.618560e+01  1.760396e+01
   endloop
 endfacet
 facet normal -1.000000e+00  0.000000e+00  0.000000e+00
   outer loop
     vertex  0.000000e+00  1.535516e+01  1.680152e+01
     vertex  0.000000e+00  1.538790e+01  1.681171e+01
     vertex  0.000000e+00  2.685000e+01  3.000000e+00
   endloop
 endfacet
 facet normal -1.000000e+00  0.000000e+00 -0.000000e+00
   outer loop
     vertex  0.000000e+00  1.620554e+01  1.766958e+01
     vertex  0.000000e+00  2.685000e+01  3.000000e+00
     vertex  0.000000e+00  1.619602e+01  1.763663e+01
   endloop
 endfacet
 facet normal -1.000000e+00  0.000000e+00  0.000000e+00
   outer loop
     vertex  0.000000e+00  1.532214e+01  1.679222e+01
     vertex  0.000000e+00  1.535516e+01  1.680152e+01
     vertex  0.000000e+00  2.685000e+01  3.000000e+00
   endloop
 endfacet
 facet normal -1.000000e+00  0.000000e+00 -0.000000e+00
   outer loop
     vertex  0.000000e+00  1.621415e+01  1.770278e+01
     vertex  0.000000e+00  2.685000e+01  3.000000e+00
     vertex  0.000000e+00  1.620554e+01  1.766958e+01
   endloop
 endfacet
 facet normal -1.000000e+00  0.000000e+00  0.000000e+00
   outer loop
     vertex  0.000000e+00  1.528889e+01  1.678384e+01
     vertex  0.000000e+00  1.532214e+01  1.679222e+01
     vertex  0.000000e+00  2.685000e+01  3.000000e+00
   endloop
 endfacet
 facet normal -1.000000e+00  0.000000e+00 -0.000000e+00
   outer loop
     vertex  0.000000e+00  1.622185e+01  1.773620e+01
     vertex  0.000000e+00  2.685000e+01  3.000000e+00
     vertex  0.000000e+00  1.621415e+01  1.770278e+01
   endloop
 endfacet
 facet normal -1.000000e+00  0.000000e+00  0.000000e+00
   outer loop
     vertex  0.000000e+00  1.525541e+01  1.677637e+01
     vertex  0.000000e+00  1.528889e+01  1.678384e+01
     vertex  0.000000e+00  2.685000e+01  3.000000e+00
   endloop
 endfacet
 facet normal -1.000000e+00  0.000000e+00 -0.000000e+00
   outer loop
     vertex  0.000000e+00  1.622862e+01  1.776982e+01
     vertex  0.000000e+00  2.685000e+01  3.000000e+00
     vertex  0.000000e+00  1.622185e+01  1.773620e+01
   endloop
 endfacet
 facet normal -1.000000e+00  0.000000e+00  0.000000e+00
   outer loop
     vertex  0.000000e+00  1.522175e+01  1.676983e+01
     vertex  0.000000e+00  1.525541e+01  1.677637e+01
     vertex  0.000000e+00  2.685000e+01  3.000000e+00
   endloop
 endfacet
 facet normal -1.000000e+00  0.000000e+00 -0.000000e+00
   outer loop
     vertex  0.000000e+00  1.623448e+01  1.780361e+01
     vertex  0.000000e+00  2.685000e+01  3.000000e+00
     vertex  0.000000e+00  1.622862e+01  1.776982e+01
   endloop
 endfacet
 facet normal -1.000000e+00  0.000000e+00  0.000000e+00
   outer loop
     vertex  0.000000e+00  1.518792e+01  1.676421e+01
     vertex  0.000000e+00  1.522175e+01  1.676983e+01
     vertex  0.000000e+00  2.685000e+01  3.000000e+00
   endloop
 endfacet
 facet normal -1.000000e+00  0.000000e+00 -0.000000e+00
   outer loop
     vertex  0.000000e+00  1.623940e+01  1.783755e+01
     vertex  0.000000e+00  2.685000e+01  3.000000e+00
     vertex  0.000000e+00  1.623448e+01  1.780361e+01
   endloop
 endfacet
 facet normal -1.000000e+00  0.000000e+00  0.000000e+00
   outer loop
     vertex  0.000000e+00  1.515394e+01  1.675952e+01
     vertex  0.000000e+00  1.518792e+01  1.676421e+01
     vertex  0.000000e+00  2.685000e+01  3.000000e+00
   endloop
 endfacet
 facet normal -1.000000e+00  0.000000e+00 -0.000000e+00
   outer loop
     vertex  0.000000e+00  1.624339e+01  1.787161e+01
     vertex  0.000000e+00  2.685000e+01  3.000000e+00
     vertex  0.000000e+00  1.623940e+01  1.783755e+01
   endloop
 endfacet
 facet normal -1.000000e+00  0.000000e+00  0.000000e+00
   outer loop
     vertex  0.000000e+00  1.511985e+01  1.675576e+01
     vertex  0.000000e+00  1.515394e+01  1.675952e+01
     vertex  0.000000e+00  2.685000e+01  3.000000e+00
   endloop
 endfacet
 facet normal -1.000000e+00  0.000000e+00 -0.000000e+00
   outer loop
     vertex  0.000000e+00  1.624644e+01  1.790577e+01
     vertex  0.000000e+00  2.685000e+01  3.000000e+00
     vertex  0.000000e+00  1.624339e+01  1.787161e+01
   endloop
 endfacet
 facet normal -1.000000e+00  0.000000e+00  0.000000e+00
   outer loop
     vertex  0.000000e+00  1.508567e+01  1.675294e+01
     vertex  0.000000e+00  1.511985e+01  1.675576e+01
     vertex  0.000000e+00  2.685000e+01  3.000000e+00
   endloop
 endfacet
 facet normal -1.000000e+00  0.000000e+00 -0.000000e+00
   outer loop
     vertex  0.000000e+00  1.624856e+01  1.794000e+01
     vertex  0.000000e+00  2.685000e+01  3.000000e+00
     vertex  0.000000e+00  1.624644e+01  1.790577e+01
   endloop
 endfacet
 facet normal -1.000000e+00  0.000000e+00  0.000000e+00
   outer loop
     vertex  0.000000e+00  1.505143e+01  1.675106e+01
     vertex  0.000000e+00  1.508567e+01  1.675294e+01
     vertex  0.000000e+00  2.685000e+01  3.000000e+00
   endloop
 endfacet
 facet normal -1.000000e+00  0.000000e+00 -0.000000e+00
   outer loop
     vertex  0.000000e+00  1.624974e+01  1.797428e+01
     vertex  0.000000e+00  2.685000e+01  3.000000e+00
     vertex  0.000000e+00  1.624856e+01  1.794000e+01
   endloop
 endfacet
 facet normal -1.000000e+00  0.000000e+00  0.000000e+00
   outer loop
     vertex  0.000000e+00  1.501715e+01  1.675012e+01
     vertex  0.000000e+00  1.505143e+01  1.675106e+01
     vertex  0.000000e+00  2.685000e+01  3.000000e+00
   endloop
 endfacet
 facet normal -1.000000e+00  0.000000e+00 -0.000000e+00
   outer loop
     vertex  0.000000e+00  1.624997e+01  1.800857e+01
     vertex  0.000000e+00  2.685000e+01  3.000000e+00
     vertex  0.000000e+00  1.624974e+01  1.797428e+01
   endloop
 endfacet
 facet normal -1.000000e+00  0.000000e+00  0.000000e+00
   outer loop
     vertex  0.000000e+00  1.498285e+01  1.675012e+01
     vertex  0.000000e+00  1.501715e+01  1.675012e+01
     vertex  0.000000e+00  2.685000e+01  3.000000e+00
   endloop
 endfacet
 facet normal -1.000000e+00  0.000000e+00  0.000000e+00
   outer loop
     vertex  0.000000e+00  1.624926e+01  1.804286e+01
     vertex  0.000000e+00  2.685000e+01  3.000000e+00
     vertex  0.000000e+00  1.624997e+01  1.800857e+01
   endloop
 endfacet
 facet normal -1.000000e+00  0.000000e+00  0.000000e+00
   outer loop
     vertex  0.000000e+00  1.494857e+01  1.675106e+01
     vertex  0.000000e+00  1.498285e+01  1.675012e+01
     vertex  0.000000e+00  2.685000e+01  3.000000e+00
   endloop
 endfacet
 facet normal -1.000000e+00  0.000000e+00  0.000000e+00
   outer loop
     vertex  0.000000e+00  1.624762e+01  1.807712e+01
     vertex  0.000000e+00  2.685000e+01  3.000000e+00
     vertex  0.000000e+00  1.624926e+01  1.804286e+01
   endloop
 endfacet
 facet normal -1.000000e+00  0.000000e+00  0.000000e+00
   outer loop
     vertex  0.000000e+00  1.491433e+01  1.675294e+01
     vertex  0.000000e+00  1.494857e+01  1.675106e+01
     vertex  0.000000e+00  2.685000e+01  3.000000e+00
   endloop
 endfacet
 facet normal -1.000000e+00  0.000000e+00  0.000000e+00
   outer loop
     vertex  0.000000e+00  1.624503e+01  1.811132e+01
     vertex  0.000000e+00  2.685000e+01  3.000000e+00
     vertex  0.000000e+00  1.624762e+01  1.807712e+01
   endloop
 endfacet
 facet normal -1.000000e+00  0.000000e+00  0.000000e+00
   outer loop
     vertex  0.000000e+00  1.488015e+01  1.675576e+01
     vertex  0.000000e+00  1.491433e+01  1.675294e+01
     vertex  0.000000e+00  2.685000e+01  3.000000e+00
   endloop
 endfacet
 facet normal -1.000000e+00  0.000000e+00 -0.000000e+00
   outer loop
     vertex  0.000000e+00  1.484606e+01  1.675952e+01
     vertex  0.000000e+00  2.685000e+01  3.000000e+00
     vertex  0.000000e+00  0.000000e+00  0.000000e+00
   endloop
 endfacet
 facet normal -1.000000e+00  0.000000e+00  0.000000e+00
   outer loop
     vertex  0.000000e+00  1.484606e+01  1.675952e+01
     vertex  0.000000e+00  1.488015e+01  1.675576e+01
     vertex  0.000000e+00  2.685000e+01  3.000000e+00
   endloop
 endfacet
 facet normal -1.000000e+00  0.000000e+00 -0.000000e+00
   outer loop
     vertex  0.000000e+00  1.481208e+01  1.676421e+01
     vertex  0.000000e+00  1.484606e+01  1.675952e+01
     vertex  0.000000e+00  0.000000e+00  0.000000e+00
   endloop
 endfacet
 facet normal -1.000000e+00  0.000000e+00 -0.000000e+00
   outer loop
     vertex  0.000000e+00  1.477825e+01  1.676983e+01
     vertex  0.000000e+00  1.481208e+01  1.676421e+01
     vertex  0.000000e+00  0.000000e+00  0.000000e+00
   endloop
 endfacet
 facet normal -1.000000e+00  0.000000e+00 -0.000000e+00
   outer loop
     vertex  0.000000e+00  1.474459e+01  1.677637e+01
     vertex  0.000000e+00  1.477825e+01  1.676983e+01
     vertex  0.000000e+00  0.000000e+00  0.000000e+00
   endloop
 endfacet
 facet normal -1.000000e+00  0.000000e+00 -0.000000e+00
   outer loop
     vertex  0.000000e+00  1.471111e+01  1.678384e+01
     vertex  0.000000e+00  1.474459e+01  1.677637e+01
     vertex  0.000000e+00  0.000000e+00  0.000000e+00
   endloop
 endfacet
 facet normal -1.000000e+00  0.000000e+00 -0.000000e+00
   outer loop
     vertex  0.000000e+00  1.467786e+01  1.679222e+01
     vertex  0.000000e+00  1.471111e+01  1.678384e+01
     vertex  0.000000e+00  0.000000e+00  0.000000e+00
   endloop
 endfacet
 facet normal -1.000000e+00  0.000000e+00 -0.000000e+00
   outer loop
     vertex  0.000000e+00  1.464484e+01  1.680152e+01
     vertex  0.000000e+00  1.467786e+01  1.679222e+01
     vertex  0.000000e+00  0.000000e+00  0.000000e+00
   endloop
 endfacet
 facet normal -1.000000e+00  0.000000e+00 -0.000000e+00
   outer loop
     vertex  0.000000e+00  1.461210e+01  1.681171e+01
     vertex  0.000000e+00  1.464484e+01  1.680152e+01
     vertex  0.000000e+00  0.000000e+00  0.000000e+00
   endloop
 endfacet
 facet normal -1.000000e+00  0.000000e+00 -0.000000e+00
   outer loop
     vertex  0.000000e+00  1.457964e+01  1.682280e+01
     vertex  0.000000e+00  1.461210e+01  1.681171e+01
     vertex  0.000000e+00  0.000000e+00  0.000000e+00
   endloop
 endfacet
 facet normal -1.000000e+00  0.000000e+00 -0.000000e+00
   outer loop
     vertex  0.000000e+00  1.454751e+01  1.683477e+01
     vertex  0.000000e+00  1.457964e+01  1.682280e+01
     vertex  0.000000e+00  0.000000e+00  0.000000e+00
   endloop
 endfacet
 facet normal -1.000000e+00  0.000000e+00 -0.000000e+00
   outer loop
     vertex  0.000000e+00  1.451571e+01  1.684763e+01
     vertex  0.000000e+00  1.454751e+01  1.683477e+01
     vertex  0.000000e+00  0.000000e+00  0.000000e+00
   endloop
 endfacet
 facet normal -1.000000e+00  0.000000e+00 -0.000000e+00
   outer loop
     vertex  0.000000e+00  1.448428e+01  1.686135e+01
     vertex  0.000000e+00  1.451571e+01  1.684763e+01
     vertex  0.000000e+00  0.000000e+00  0.000000e+00
   endloop
 endfacet
 facet normal -1.000000e+00  0.000000e+00 -0.000000e+00
   outer loop
     vertex  0.000000e+00  1.445324e+01  1.687592e+01
     vertex  0.000000e+00  1.448428e+01  1.686135e+01
     vertex  0.000000e+00  0.000000e+00  0.000000e+00
   endloop
 endfacet
 facet normal -1.000000e+00  0.000000e+00 -0.000000e+00
   outer loop
     vertex  0.000000e+00  1.442260e+01  1.689135e+01
     vertex  0.000000e+00  1.445324e+01  1.687592e+01
     vertex  0.000000e+00  0.000000e+00  0.000000e+00
   endloop
 endfacet
 facet normal -1.000000e+00  0.000000e+00 -0.000000e+00
   outer loop
     vertex  0.000000e+00  1.439241e+01  1.690760e+01
     vertex  0.000000e+00  1.442260e+01  1.689135e+01
     vertex  0.000000e+00  0.000000e+00  0.000000e+00
   endloop
 endfacet
 facet normal -1.000000e+00  0.000000e+00 -0.000000e+00
   outer loop
     vertex  0.000000e+00  1.436267e+01  1.692468e+01
     vertex  0.000000e+00  1.439241e+01  1.690760e+01
     vertex  0.000000e+00  0.000000e+00  0.000000e+00
   endloop
 endfacet
 facet normal -1.000000e+00  0.000000e+00 -0.000000e+00
   outer loop
     vertex  0.000000e+00  1.433340e+01  1.694257e+01
     vertex  0.000000e+00  1.436267e+01  1.692468e+01
     vertex  0.000000e+00  0.000000e+00  0.000000e+00
   endloop
 endfacet
 facet normal -1.000000e+00  0.000000e+00 -0.000000e+00
   outer loop
     vertex  0.000000e+00  1.430465e+01  1.696126e+01
     vertex  0.000000e+00  1.433340e+01  1.694257e+01
     vertex  0.000000e+00  0.000000e+00  0.000000e+00
   endloop
 endfacet
 facet normal -1.000000e+00  0.000000e+00 -0.000000e+00
   outer loop
     vertex  0.000000e+00  1.427641e+01  1.698073e+01
     vertex  0.000000e+00  1.430465e+01  1.696126e+01
     vertex  0.000000e+00  0.000000e+00  0.000000e+00
   endloop
 endfacet
 facet normal -1.000000e+00  0.000000e+00 -0.000000e+00
   outer loop
     vertex  0.000000e+00  1.424872e+01  1.700096e+01
     vertex  0.000000e+00  1.427641e+01  1.698073e+01
     vertex  0.000000e+00  0.000000e+00  0.000000e+00
   endloop
 endfacet
 facet normal -1.000000e+00  0.000000e+00 -0.000000e+00
   outer loop
     vertex  0.000000e+00  1.422160e+01  1.702195e+01
     vertex  0.000000e+00  1.424872e+01  1.700096e+01
     vertex  0.000000e+00  0.000000e+00  0.000000e+00
   endloop
 endfacet
 facet normal -1.000000e+00  0.000000e+00 -0.000000e+00
   outer loop
     vertex  0.000000e+00  1.419506e+01  1.704367e+01
     vertex  0.000000e+00  1.422160e+01  1.702195e+01
     vertex  0.000000e+00  0.000000e+00  0.000000e+00
   endloop
 endfacet
 facet normal -1.000000e+00  0.000000e+00 -0.000000e+00
   outer loop
     vertex  0.000000e+00  1.416912e+01  1.706611e+01
     vertex  0.000000e+00  1.419506e+01  1.704367e+01
     vertex  0.000000e+00  0.000000e+00  0.000000e+00
   endloop
 endfacet
 facet normal -1.000000e+00  0.000000e+00 -0.000000e+00
   outer loop
     vertex  0.000000e+00  1.414382e+01  1.708926e+01
     vertex  0.000000e+00  1.416912e+01  1.706611e+01
     vertex  0.000000e+00  0.000000e+00  0.000000e+00
   endloop
 endfacet
 facet normal -1.000000e+00  0.000000e+00 -0.000000e+00
   outer loop
     vertex  0.000000e+00  1.411915e+01  1.711309e+01
     vertex  0.000000e+00  1.414382e+01  1.708926e+01
     vertex  0.000000e+00  0.000000e+00  0.000000e+00
   endloop
 endfacet
 facet normal -1.000000e+00  0.000000e+00 -0.000000e+00
   outer loop
     vertex  0.000000e+00  1.409515e+01  1.713759e+01
     vertex  0.000000e+00  1.411915e+01  1.711309e+01
     vertex  0.000000e+00  0.000000e+00  0.000000e+00
   endloop
 endfacet
 facet normal -1.000000e+00  0.000000e+00 -0.000000e+00
   outer loop
     vertex  0.000000e+00  1.407183e+01  1.716274e+01
     vertex  0.000000e+00  1.409515e+01  1.713759e+01
     vertex  0.000000e+00  0.000000e+00  0.000000e+00
   endloop
 endfacet
 facet normal -1.000000e+00  0.000000e+00 -0.000000e+00
   outer loop
     vertex  0.000000e+00  1.404921e+01  1.718852e+01
     vertex  0.000000e+00  1.407183e+01  1.716274e+01
     vertex  0.000000e+00  0.000000e+00  0.000000e+00
   endloop
 endfacet
 facet normal -1.000000e+00  0.000000e+00 -0.000000e+00
   outer loop
     vertex  0.000000e+00  1.402731e+01  1.721491e+01
     vertex  0.000000e+00  1.404921e+01  1.718852e+01
     vertex  0.000000e+00  0.000000e+00  0.000000e+00
   endloop
 endfacet
 facet normal -1.000000e+00  0.000000e+00 -0.000000e+00
   outer loop
     vertex  0.000000e+00  1.400614e+01  1.724189e+01
     vertex  0.000000e+00  1.402731e+01  1.721491e+01
     vertex  0.000000e+00  0.000000e+00  0.000000e+00
   endloop
 endfacet
 facet normal -1.000000e+00  0.000000e+00 -0.000000e+00
   outer loop
     vertex  0.000000e+00  1.398571e+01  1.726944e+01
     vertex  0.000000e+00  1.400614e+01  1.724189e+01
     vertex  0.000000e+00  0.000000e+00  0.000000e+00
   endloop
 endfacet
 facet normal -1.000000e+00  0.000000e+00 -0.000000e+00
   outer loop
     vertex  0.000000e+00  1.396605e+01  1.729754e+01
     vertex  0.000000e+00  1.398571e+01  1.726944e+01
     vertex  0.000000e+00  0.000000e+00  0.000000e+00
   endloop
 endfacet
 facet normal -1.000000e+00  0.000000e+00 -0.000000e+00
   outer loop
     vertex  0.000000e+00  1.394717e+01  1.732617e+01
     vertex  0.000000e+00  1.396605e+01  1.729754e+01
     vertex  0.000000e+00  0.000000e+00  0.000000e+00
   endloop
 endfacet
 facet normal -1.000000e+00  0.000000e+00 -0.000000e+00
   outer loop
     vertex  0.000000e+00  1.392908e+01  1.735530e+01
     vertex  0.000000e+00  1.394717e+01  1.732617e+01
     vertex  0.000000e+00  0.000000e+00  0.000000e+00
   endloop
 endfacet
 facet normal -1.000000e+00  0.000000e+00 -0.000000e+00
   outer loop
     vertex  0.000000e+00  1.391180e+01  1.738493e+01
     vertex  0.000000e+00  1.392908e+01  1.735530e+01
     vertex  0.000000e+00  0.000000e+00  0.000000e+00
   endloop
 endfacet
 facet normal -1.000000e+00  0.000000e+00 -0.000000e+00
   outer loop
     vertex  0.000000e+00  1.389533e+01  1.741501e+01
     vertex  0.000000e+00  1.391180e+01  1.738493e+01
     vertex  0.000000e+00  0.000000e+00  0.000000e+00
   endloop
 endfacet
 facet normal -1.000000e+00  0.000000e+00 -0.000000e+00
   outer loop
     vertex  0.000000e+00  1.387970e+01  1.744554e+01
     vertex  0.000000e+00  1.389533e+01  1.741501e+01
     vertex  0.000000e+00  0.000000e+00  0.000000e+00
   endloop
 endfacet
 facet normal -1.000000e+00  0.000000e+00 -0.000000e+00
   outer loop
     vertex  0.000000e+00  1.386491e+01  1.747648e+01
     vertex  0.000000e+00  1.387970e+01  1.744554e+01
     vertex  0.000000e+00  0.000000e+00  0.000000e+00
   endloop
 endfacet
 facet normal -1.000000e+00  0.000000e+00 -0.000000e+00
   outer loop
     vertex  0.000000e+00  1.385098e+01  1.750782e+01
     vertex  0.000000e+00  1.386491e+01  1.747648e+01
     vertex  0.000000e+00  0.000000e+00  0.000000e+00
   endloop
 endfacet
 facet normal -1.000000e+00  0.000000e+00 -0.000000e+00
   outer loop
     vertex  0.000000e+00  1.383791e+01  1.753953e+01
     vertex  0.000000e+00  1.385098e+01  1.750782e+01
     vertex  0.000000e+00  0.000000e+00  0.000000e+00
   endloop
 endfacet
 facet normal -1.000000e+00  0.000000e+00 -0.000000e+00
   outer loop
     vertex  0.000000e+00  1.382571e+01  1.757158e+01
     vertex  0.000000e+00  1.383791e+01  1.753953e+01
     vertex  0.000000e+00  0.000000e+00  0.000000e+00
   endloop
 endfacet
 facet normal -1.000000e+00  0.000000e+00 -0.000000e+00
   outer loop
     vertex  0.000000e+00  1.381440e+01  1.760396e+01
     vertex  0.000000e+00  1.382571e+01  1.757158e+01
     vertex  0.000000e+00  0.000000e+00  0.000000e+00
   endloop
 endfacet
 facet normal -1.000000e+00  0.000000e+00 -0.000000e+00
   outer loop
     vertex  0.000000e+00  1.380398e+01  1.763663e+01
     vertex  0.000000e+00  1.381440e+01  1.760396e+01
     vertex  0.000000e+00  0.000000e+00  0.000000e+00
   endloop
 endfacet
 facet normal -1.000000e+00  0.000000e+00 -0.000000e+00
   outer loop
     vertex  0.000000e+00  1.379446e+01  1.766958e+01
     vertex  0.000000e+00  1.380398e+01  1.763663e+01
     vertex  0.000000e+00  0.000000e+00  0.000000e+00
   endloop
 endfacet
 facet normal -1.000000e+00  0.000000e+00 -0.000000e+00
   outer loop
     vertex  0.000000e+00  1.378585e+01  1.770278e+01
     vertex  0.000000e+00  1.379446e+01  1.766958e+01
     vertex  0.000000e+00  0.000000e+00  0.000000e+00
   endloop
 endfacet
 facet normal -1.000000e+00  0.000000e+00 -0.000000e+00
   outer loop
     vertex  0.000000e+00  1.377815e+01  1.773620e+01
     vertex  0.000000e+00  1.378585e+01  1.770278e+01
     vertex  0.000000e+00  0.000000e+00  0.000000e+00
   endloop
 endfacet
 facet normal -1.000000e+00  0.000000e+00 -0.000000e+00
   outer loop
     vertex  0.000000e+00  1.377138e+01  1.776982e+01
     vertex  0.000000e+00  1.377815e+01  1.773620e+01
     vertex  0.000000e+00  0.000000e+00  0.000000e+00
   endloop
 endfacet
 facet normal -1.000000e+00  0.000000e+00 -0.000000e+00
   outer loop
     vertex  0.000000e+00  1.376552e+01  1.780361e+01
     vertex  0.000000e+00  1.377138e+01  1.776982e+01
     vertex  0.000000e+00  0.000000e+00  0.000000e+00
   endloop
 endfacet
 facet normal -1.000000e+00  0.000000e+00 -0.000000e+00
   outer loop
     vertex  0.000000e+00  1.376060e+01  1.783755e+01
     vertex  0.000000e+00  1.376552e+01  1.780361e+01
     vertex  0.000000e+00  0.000000e+00  0.000000e+00
   endloop
 endfacet
 facet normal -1.000000e+00  0.000000e+00 -0.000000e+00
   outer loop
     vertex  0.000000e+00  1.375661e+01  1.787161e+01
     vertex  0.000000e+00  1.376060e+01  1.783755e+01
     vertex  0.000000e+00  0.000000e+00  0.000000e+00
   endloop
 endfacet
 facet normal -1.000000e+00  0.000000e+00 -0.000000e+00
   outer loop
     vertex  0.000000e+00  1.375356e+01  1.790577e+01
     vertex  0.000000e+00  1.375661e+01  1.787161e+01
     vertex  0.000000e+00  0.000000e+00  0.000000e+00
   endloop
 endfacet
 facet normal -1.000000e+00  0.000000e+00 -0.000000e+00
   outer loop
     vertex  0.000000e+00  1.375144e+01  1.794000e+01
     vertex  0.000000e+00  1.375356e+01  1.790577e+01
     vertex  0.000000e+00  0.000000e+00  0.000000e+00
   endloop
 endfacet
 facet normal -1.000000e+00  0.000000e+00 -0.000000e+00
   outer loop
     vertex  0.000000e+00  1.375026e+01  1.797428e+01
     vertex  0.000000e+00  1.375144e+01  1.794000e+01
     vertex  0.000000e+00  0.000000e+00  0.000000e+00
   endloop
 endfacet
 facet normal -1.000000e+00  0.000000e+00 -0.000000e+00
   outer loop
     vertex  0.000000e+00  1.375003e+01  1.800857e+01
     vertex  0.000000e+00  1.375026e+01  1.797428e+01
     vertex  0.000000e+00  0.000000e+00  0.000000e+00
   endloop
 endfacet
 facet normal -1.000000e+00  0.000000e+00  0.000000e+00
   outer loop
     vertex  0.000000e+00  2.685000e+01  3.600000e+01
     vertex  0.000000e+00  1.604349e+01  1.868821e+01
     vertex  0.000000e+00  1.602421e+01  1.871658e+01
   endloop
 endfacet
 facet normal -1.000000e+00  0.000000e+00  0.000000e+00
   outer loop
     vertex  0.000000e+00  2.685000e+01  3.600000e+01
     vertex  0.000000e+00  1.602421e+01  1.871658e+01
     vertex  0.000000e+00  1.600417e+01  1.874441e+01
   endloop
 endfacet
 facet normal -1.000000e+00  0.000000e+00  0.000000e+00
   outer loop
     vertex  0.000000e+00  2.685000e+01  3.600000e+01
     vertex  0.000000e+00  1.600417e+01  1.874441e+01
     vertex  0.000000e+00  1.598337e+01  1.877168e+01
   endloop
 endfacet
 facet normal -1.000000e+00  0.000000e+00  0.000000e+00
   outer loop
     vertex  0.000000e+00  2.685000e+01  3.600000e+01
     vertex  0.000000e+00  1.598337e+01  1.877168e+01
     vertex  0.000000e+00  1.596183e+01  1.879836e+01
   endloop
 endfacet
 facet normal -1.000000e+00  0.000000e+00  0.000000e+00
   outer loop
     vertex  0.000000e+00  2.685000e+01  3.600000e+01
     vertex  0.000000e+00  1.596183e+01  1.879836e+01
     vertex  0.000000e+00  1.593956e+01  1.882445e+01
   endloop
 endfacet
 facet normal -1.000000e+00  0.000000e+00  0.000000e+00
   outer loop
     vertex  0.000000e+00  2.685000e+01  3.600000e+01
     vertex  0.000000e+00  1.593956e+01  1.882445e+01
     vertex  0.000000e+00  1.591659e+01  1.884992e+01
   endloop
 endfacet
 facet normal -1.000000e+00  0.000000e+00  0.000000e+00
   outer loop
     vertex  0.000000e+00  2.685000e+01  3.600000e+01
     vertex  0.000000e+00  1.591659e+01  1.884992e+01
     vertex  0.000000e+00  1.589293e+01  1.887474e+01
   endloop
 endfacet
 facet normal -1.000000e+00  0.000000e+00  0.000000e+00
   outer loop
     vertex  0.000000e+00  2.685000e+01  3.600000e+01
     vertex  0.000000e+00  1.589293e+01  1.887474e+01
     vertex  0.000000e+00  1.586860e+01  1.889891e+01
   endloop
 endfacet
 facet normal -1.000000e+00  0.000000e+00  0.000000e+00
   outer loop
     vertex  0.000000e+00  2.685000e+01  3.600000e+01
     vertex  0.000000e+00  1.586860e+01  1.889891e+01
     vertex  0.000000e+00  1.584361e+01  1.892240e+01
   endloop
 endfacet
 facet normal -1.000000e+00  0.000000e+00  0.000000e+00
   outer loop
     vertex  0.000000e+00  2.685000e+01  3.600000e+01
     vertex  0.000000e+00  1.584361e+01  1.892240e+01
     vertex  0.000000e+00  1.581799e+01  1.894520e+01
   endloop
 endfacet
 facet normal -1.000000e+00  0.000000e+00  0.000000e+00
   outer loop
     vertex  0.000000e+00  2.685000e+01  3.600000e+01
     vertex  0.000000e+00  1.500000e+01  1.925000e+01
     vertex  0.000000e+00  1.496571e+01  1.924953e+01
   endloop
 endfacet
 facet normal -1.000000e+00  0.000000e+00  0.000000e+00
   outer loop
     vertex  0.000000e+00  2.685000e+01  3.600000e+01
     vertex  0.000000e+00  1.581799e+01  1.894520e+01
     vertex  0.000000e+00  1.579175e+01  1.896728e+01
   endloop
 endfacet
 facet normal -1.000000e+00  0.000000e+00  0.000000e+00
   outer loop
     vertex  0.000000e+00  2.685000e+01  3.600000e+01
     vertex  0.000000e+00  1.496571e+01  1.924953e+01
     vertex  0.000000e+00  1.493144e+01  1.924812e+01
   endloop
 endfacet
 facet normal -1.000000e+00  0.000000e+00  0.000000e+00
   outer loop
     vertex  0.000000e+00  2.685000e+01  3.600000e+01
     vertex  0.000000e+00  1.579175e+01  1.896728e+01
     vertex  0.000000e+00  1.576491e+01  1.898864e+01
   endloop
 endfacet
 facet normal -1.000000e+00  0.000000e+00  0.000000e+00
   outer loop
     vertex  0.000000e+00  2.685000e+01  3.600000e+01
     vertex  0.000000e+00  1.493144e+01  1.924812e+01
     vertex  0.000000e+00  1.489723e+01  1.924577e+01
   endloop
 endfacet
 facet normal -1.000000e+00  0.000000e+00  0.000000e+00
   outer loop
     vertex  0.000000e+00  2.685000e+01  3.600000e+01
     vertex  0.000000e+00  1.576491e+01  1.898864e+01
     vertex  0.000000e+00  1.573750e+01  1.900925e+01
   endloop
 endfacet
 facet normal -1.000000e+00  0.000000e+00  0.000000e+00
   outer loop
     vertex  0.000000e+00  2.685000e+01  3.600000e+01
     vertex  0.000000e+00  1.489723e+01  1.924577e+01
     vertex  0.000000e+00  1.486309e+01  1.924248e+01
   endloop
 endfacet
 facet normal -1.000000e+00  0.000000e+00  0.000000e+00
   outer loop
     vertex  0.000000e+00  2.685000e+01  3.600000e+01
     vertex  0.000000e+00  1.573750e+01  1.900925e+01
     vertex  0.000000e+00  1.570954e+01  1.902910e+01
   endloop
 endfacet
 facet normal -1.000000e+00  0.000000e+00  0.000000e+00
   outer loop
     vertex  0.000000e+00  2.685000e+01  3.600000e+01
     vertex  0.000000e+00  1.570954e+01  1.902910e+01
     vertex  0.000000e+00  1.568104e+01  1.904818e+01
   endloop
 endfacet
 facet normal -1.000000e+00  0.000000e+00  0.000000e+00
   outer loop
     vertex  0.000000e+00  2.685000e+01  3.600000e+01
     vertex  0.000000e+00  1.568104e+01  1.904818e+01
     vertex  0.000000e+00  1.565203e+01  1.906647e+01
   endloop
 endfacet
 facet normal -1.000000e+00  0.000000e+00  0.000000e+00
   outer loop
     vertex  0.000000e+00  2.685000e+01  3.600000e+01
     vertex  0.000000e+00  1.565203e+01  1.906647e+01
     vertex  0.000000e+00  1.562252e+01  1.908396e+01
   endloop
 endfacet
 facet normal -1.000000e+00  0.000000e+00  0.000000e+00
   outer loop
     vertex  0.000000e+00  2.685000e+01  3.600000e+01
     vertex  0.000000e+00  1.562252e+01  1.908396e+01
     vertex  0.000000e+00  1.559255e+01  1.910063e+01
   endloop
 endfacet
 facet normal -1.000000e+00  0.000000e+00  0.000000e+00
   outer loop
     vertex  0.000000e+00  2.685000e+01  3.600000e+01
     vertex  0.000000e+00  1.559255e+01  1.910063e+01
     vertex  0.000000e+00  1.556213e+01  1.911647e+01
   endloop
 endfacet
 facet normal -1.000000e+00  0.000000e+00  0.000000e+00
   outer loop
     vertex  0.000000e+00  2.685000e+01  3.600000e+01
     vertex  0.000000e+00  1.556213e+01  1.911647e+01
     vertex  0.000000e+00  1.553129e+01  1.913147e+01
   endloop
 endfacet
 facet normal -1.000000e+00  0.000000e+00  0.000000e+00
   outer loop
     vertex  0.000000e+00  2.685000e+01  3.600000e+01
     vertex  0.000000e+00  1.553129e+01  1.913147e+01
     vertex  0.000000e+00  1.550005e+01  1.914562e+01
   endloop
 endfacet
 facet normal -1.000000e+00  0.000000e+00  0.000000e+00
   outer loop
     vertex  0.000000e+00  2.685000e+01  3.600000e+01
     vertex  0.000000e+00  1.550005e+01  1.914562e+01
     vertex  0.000000e+00  1.546843e+01  1.915891e+01
   endloop
 endfacet
 facet normal -1.000000e+00  0.000000e+00  0.000000e+00
   outer loop
     vertex  0.000000e+00  2.685000e+01  3.600000e+01
     vertex  0.000000e+00  1.546843e+01  1.915891e+01
     vertex  0.000000e+00  1.543647e+01  1.917132e+01
   endloop
 endfacet
 facet normal -1.000000e+00  0.000000e+00  0.000000e+00
   outer loop
     vertex  0.000000e+00  2.685000e+01  3.600000e+01
     vertex  0.000000e+00  1.543647e+01  1.917132e+01
     vertex  0.000000e+00  1.540417e+01  1.918286e+01
   endloop
 endfacet
 facet normal -1.000000e+00  0.000000e+00  0.000000e+00
   outer loop
     vertex  0.000000e+00  2.685000e+01  3.600000e+01
     vertex  0.000000e+00  1.540417e+01  1.918286e+01
     vertex  0.000000e+00  1.537156e+01  1.919350e+01
   endloop
 endfacet
 facet normal -1.000000e+00  0.000000e+00  0.000000e+00
   outer loop
     vertex  0.000000e+00  2.685000e+01  3.600000e+01
     vertex  0.000000e+00  1.537156e+01  1.919350e+01
     vertex  0.000000e+00  1.533868e+01  1.920324e+01
   endloop
 endfacet
 facet normal -1.000000e+00  0.000000e+00  0.000000e+00
   outer loop
     vertex  0.000000e+00  2.685000e+01  3.600000e+01
     vertex  0.000000e+00  1.533868e+01  1.920324e+01
     vertex  0.000000e+00  1.530554e+01  1.921208e+01
   endloop
 endfacet
 facet normal -1.000000e+00  0.000000e+00  0.000000e+00
   outer loop
     vertex  0.000000e+00  2.685000e+01  3.600000e+01
     vertex  0.000000e+00  1.530554e+01  1.921208e+01
     vertex  0.000000e+00  1.527218e+01  1.922001e+01
   endloop
 endfacet
 facet normal -1.000000e+00  0.000000e+00  0.000000e+00
   outer loop
     vertex  0.000000e+00  2.685000e+01  3.600000e+01
     vertex  0.000000e+00  1.527218e+01  1.922001e+01
     vertex  0.000000e+00  1.523860e+01  1.922702e+01
   endloop
 endfacet
 facet normal -1.000000e+00  0.000000e+00  0.000000e+00
   outer loop
     vertex  0.000000e+00  2.685000e+01  3.600000e+01
     vertex  0.000000e+00  1.523860e+01  1.922702e+01
     vertex  0.000000e+00  1.520485e+01  1.923310e+01
   endloop
 endfacet
 facet normal -1.000000e+00  0.000000e+00  0.000000e+00
   outer loop
     vertex  0.000000e+00  2.685000e+01  3.600000e+01
     vertex  0.000000e+00  1.520485e+01  1.923310e+01
     vertex  0.000000e+00  1.517095e+01  1.923826e+01
   endloop
 endfacet
 facet normal -1.000000e+00  0.000000e+00  0.000000e+00
   outer loop
     vertex  0.000000e+00  2.685000e+01  3.600000e+01
     vertex  0.000000e+00  1.517095e+01  1.923826e+01
     vertex  0.000000e+00  1.513691e+01  1.924248e+01
   endloop
 endfacet
 facet normal -1.000000e+00  0.000000e+00  0.000000e+00
   outer loop
     vertex  0.000000e+00  2.685000e+01  3.600000e+01
     vertex  0.000000e+00  1.513691e+01  1.924248e+01
     vertex  0.000000e+00  1.510277e+01  1.924577e+01
   endloop
 endfacet
 facet normal -1.000000e+00  0.000000e+00  0.000000e+00
   outer loop
     vertex  0.000000e+00  2.685000e+01  3.600000e+01
     vertex  0.000000e+00  1.510277e+01  1.924577e+01
     vertex  0.000000e+00  1.506856e+01  1.924812e+01
   endloop
 endfacet
 facet normal -1.000000e+00  0.000000e+00  0.000000e+00
   outer loop
     vertex  0.000000e+00  2.685000e+01  3.600000e+01
     vertex  0.000000e+00  1.506856e+01  1.924812e+01
     vertex  0.000000e+00  1.503429e+01  1.924953e+01
   endloop
 endfacet
 facet normal -1.000000e+00  0.000000e+00  0.000000e+00
   outer loop
     vertex  0.000000e+00  2.685000e+01  3.600000e+01
     vertex  0.000000e+00  1.503429e+01  1.924953e+01
     vertex  0.000000e+00  1.500000e+01  1.925000e+01
   endloop
 endfacet
 facet normal -1.000000e+00  0.000000e+00 -0.000000e+00
   outer loop
     vertex  0.000000e+00  2.685000e+01  3.600000e+01
     vertex  0.000000e+00  2.685000e+01  3.000000e+00
     vertex  0.000000e+00  1.624503e+01  1.811132e+01
   endloop
 endfacet
 facet normal -1.000000e+00  0.000000e+00  0.000000e+00
   outer loop
     vertex  0.000000e+00  2.685000e+01  3.600000e+01
     vertex  0.000000e+00  1.624503e+01  1.811132e+01
     vertex  0.000000e+00  1.624151e+01  1.814543e+01
   endloop
 endfacet
 facet normal -1.000000e+00  0.000000e+00  0.000000e+00
   outer loop
     vertex  0.000000e+00  2.685000e+01  3.600000e+01
     vertex  0.000000e+00  1.624151e+01  1.814543e+01
     vertex  0.000000e+00  1.623705e+01  1.817944e+01
   endloop
 endfacet
 facet normal -1.000000e+00  0.000000e+00  0.000000e+00
   outer loop
     vertex  0.000000e+00  2.685000e+01  3.600000e+01
     vertex  0.000000e+00  1.623705e+01  1.817944e+01
     vertex  0.000000e+00  1.623167e+01  1.821331e+01
   endloop
 endfacet
 facet normal -1.000000e+00  0.000000e+00  0.000000e+00
   outer loop
     vertex  0.000000e+00  2.685000e+01  3.600000e+01
     vertex  0.000000e+00  1.623167e+01  1.821331e+01
     vertex  0.000000e+00  1.622535e+01  1.824702e+01
   endloop
 endfacet
 facet normal -1.000000e+00  0.000000e+00  0.000000e+00
   outer loop
     vertex  0.000000e+00  2.685000e+01  3.600000e+01
     vertex  0.000000e+00  1.622535e+01  1.824702e+01
     vertex  0.000000e+00  1.621811e+01  1.828054e+01
   endloop
 endfacet
 facet normal -1.000000e+00  0.000000e+00  0.000000e+00
   outer loop
     vertex  0.000000e+00  2.685000e+01  3.600000e+01
     vertex  0.000000e+00  1.621811e+01  1.828054e+01
     vertex  0.000000e+00  1.620996e+01  1.831385e+01
   endloop
 endfacet
 facet normal -1.000000e+00  0.000000e+00  0.000000e+00
   outer loop
     vertex  0.000000e+00  2.685000e+01  3.600000e+01
     vertex  0.000000e+00  1.620996e+01  1.831385e+01
     vertex  0.000000e+00  1.620089e+01  1.834693e+01
   endloop
 endfacet
 facet normal -1.000000e+00  0.000000e+00  0.000000e+00
   outer loop
     vertex  0.000000e+00  2.685000e+01  3.600000e+01
     vertex  0.000000e+00  1.620089e+01  1.834693e+01
     vertex  0.000000e+00  1.619092e+01  1.837974e+01
   endloop
 endfacet
 facet normal -1.000000e+00  0.000000e+00  0.000000e+00
   outer loop
     vertex  0.000000e+00  2.685000e+01  3.600000e+01
     vertex  0.000000e+00  1.619092e+01  1.837974e+01
     vertex  0.000000e+00  1.618006e+01  1.841227e+01
   endloop
 endfacet
 facet normal -1.000000e+00  0.000000e+00  0.000000e+00
   outer loop
     vertex  0.000000e+00  2.685000e+01  3.600000e+01
     vertex  0.000000e+00  1.618006e+01  1.841227e+01
     vertex  0.000000e+00  1.616830e+01  1.844449e+01
   endloop
 endfacet
 facet normal -1.000000e+00  0.000000e+00  0.000000e+00
   outer loop
     vertex  0.000000e+00  2.685000e+01  3.600000e+01
     vertex  0.000000e+00  1.616830e+01  1.844449e+01
     vertex  0.000000e+00  1.615567e+01  1.847637e+01
   endloop
 endfacet
 facet normal -1.000000e+00  0.000000e+00  0.000000e+00
   outer loop
     vertex  0.000000e+00  2.685000e+01  3.600000e+01
     vertex  0.000000e+00  1.615567e+01  1.847637e+01
     vertex  0.000000e+00  1.614216e+01  1.850790e+01
   endloop
 endfacet
 facet normal -1.000000e+00  0.000000e+00  0.000000e+00
   outer loop
     vertex  0.000000e+00  2.685000e+01  3.600000e+01
     vertex  0.000000e+00  1.614216e+01  1.850790e+01
     vertex  0.000000e+00  1.612780e+01  1.853904e+01
   endloop
 endfacet
 facet normal -1.000000e+00  0.000000e+00  0.000000e+00
   outer loop
     vertex  0.000000e+00  2.685000e+01  3.600000e+01
     vertex  0.000000e+00  1.612780e+01  1.853904e+01
     vertex  0.000000e+00  1.611259e+01  1.856978e+01
   endloop
 endfacet
 facet normal -1.000000e+00  0.000000e+00  0.000000e+00
   outer loop
     vertex  0.000000e+00  2.685000e+01  3.600000e+01
     vertex  0.000000e+00  1.611259e+01  1.856978e+01
     vertex  0.000000e+00  1.609654e+01  1.860009e+01
   endloop
 endfacet
 facet normal -1.000000e+00  0.000000e+00  0.000000e+00
   outer loop
     vertex  0.000000e+00  2.685000e+01  3.600000e+01
     vertex  0.000000e+00  1.609654e+01  1.860009e+01
     vertex  0.000000e+00  1.607966e+01  1.862994e+01
   endloop
 endfacet
 facet normal -1.000000e+00  0.000000e+00  0.000000e+00
   outer loop
     vertex  0.000000e+00  2.685000e+01  3.600000e+01
     vertex  0.000000e+00  1.607966e+01  1.862994e+01
     vertex  0.000000e+00  1.606197e+01  1.865933e+01
   endloop
 endfacet
 facet normal -1.000000e+00  0.000000e+00  0.000000e+00
   outer loop
     vertex  0.000000e+00  2.685000e+01  3.600000e+01
     vertex  0.000000e+00  1.606197e+01  1.865933e+01
     vertex  0.000000e+00  1.604349e+01  1.868821e+01
   endloop
 endfacet
 facet normal -1.000000e+00  0.000000e+00  0.000000e+00
   outer loop
     vertex  0.000000e+00  0.000000e+00  3.600000e+01
     vertex  0.000000e+00  1.486309e+01  1.924248e+01
     vertex  0.000000e+00  1.482905e+01  1.923826e+01
   endloop
 endfacet
 facet normal -1.000000e+00  0.000000e+00  0.000000e+00
   outer loop
     vertex  0.000000e+00  0.000000e+00  3.600000e+01
     vertex  0.000000e+00  1.482905e+01  1.923826e+01
     vertex  0.000000e+00  1.479515e+01  1.923310e+01
   endloop
 endfacet
 facet normal -1.000000e+00  0.000000e+00  0.000000e+00
   outer loop
     vertex  0.000000e+00  0.000000e+00  3.600000e+01
     vertex  0.000000e+00  1.479515e+01  1.923310e+01
     vertex  0.000000e+00  1.476140e+01  1.922702e+01
   endloop
 endfacet
 facet normal -1.000000e+00  0.000000e+00  0.000000e+00
   outer loop
     vertex  0.000000e+00  0.000000e+00  3.600000e+01
     vertex  0.000000e+00  1.476140e+01  1.922702e+01
     vertex  0.000000e+00  1.472782e+01  1.922001e+01
   endloop
 endfacet
 facet normal -1.000000e+00  0.000000e+00  0.000000e+00
   outer loop
     vertex  0.000000e+00  0.000000e+00  3.600000e+01
     vertex  0.000000e+00  1.472782e+01  1.922001e+01
     vertex  0.000000e+00  1.469446e+01  1.921208e+01
   endloop
 endfacet
 facet normal -1.000000e+00  0.000000e+00  0.000000e+00
   outer loop
     vertex  0.000000e+00  0.000000e+00  3.600000e+01
     vertex  0.000000e+00  1.469446e+01  1.921208e+01
     vertex  0.000000e+00  1.466132e+01  1.920324e+01
   endloop
 endfacet
 facet normal -1.000000e+00  0.000000e+00  0.000000e+00
   outer loop
     vertex  0.000000e+00  0.000000e+00  3.600000e+01
     vertex  0.000000e+00  1.466132e+01  1.920324e+01
     vertex  0.000000e+00  1.462844e+01  1.919350e+01
   endloop
 endfacet
 facet normal -1.000000e+00  0.000000e+00  0.000000e+00
   outer loop
     vertex  0.000000e+00  0.000000e+00  3.600000e+01
     vertex  0.000000e+00  1.462844e+01  1.919350e+01
     vertex  0.000000e+00  1.459583e+01  1.918286e+01
   endloop
 endfacet
 facet normal -1.000000e+00  0.000000e+00  0.000000e+00
   outer loop
     vertex  0.000000e+00  0.000000e+00  3.600000e+01
     vertex  0.000000e+00  1.459583e+01  1.918286e+01
     vertex  0.000000e+00  1.456353e+01  1.917132e+01
   endloop
 endfacet
 facet normal -1.000000e+00  0.000000e+00  0.000000e+00
   outer loop
     vertex  0.000000e+00  0.000000e+00  3.600000e+01
     vertex  0.000000e+00  1.456353e+01  1.917132e+01
     vertex  0.000000e+00  1.453157e+01  1.915891e+01
   endloop
 endfacet
 facet normal -1.000000e+00  0.000000e+00  0.000000e+00
   outer loop
     vertex  0.000000e+00  0.000000e+00  3.600000e+01
     vertex  0.000000e+00  1.453157e+01  1.915891e+01
     vertex  0.000000e+00  1.449995e+01  1.914562e+01
   endloop
 endfacet
 facet normal -1.000000e+00  0.000000e+00  0.000000e+00
   outer loop
     vertex  0.000000e+00  0.000000e+00  3.600000e+01
     vertex  0.000000e+00  2.685000e+01  3.600000e+01
     vertex  0.000000e+00  1.486309e+01  1.924248e+01
   endloop
 endfacet
 facet normal -1.000000e+00  0.000000e+00  0.000000e+00
   outer loop
     vertex  0.000000e+00  0.000000e+00  3.600000e+01
     vertex  0.000000e+00  1.449995e+01  1.914562e+01
     vertex  0.000000e+00  1.446871e+01  1.913147e+01
   endloop
 endfacet
 facet normal -1.000000e+00  0.000000e+00  0.000000e+00
   outer loop
     vertex  0.000000e+00  0.000000e+00  3.600000e+01
     vertex  0.000000e+00  1.446871e+01  1.913147e+01
     vertex  0.000000e+00  1.443787e+01  1.911647e+01
   endloop
 endfacet
 facet normal -1.000000e+00  0.000000e+00  0.000000e+00
   outer loop
     vertex  0.000000e+00  0.000000e+00  3.600000e+01
     vertex  0.000000e+00  1.443787e+01  1.911647e+01
     vertex  0.000000e+00  1.440745e+01  1.910063e+01
   endloop
 endfacet
 facet normal -1.000000e+00  0.000000e+00  0.000000e+00
   outer loop
     vertex  0.000000e+00  0.000000e+00  3.600000e+01
     vertex  0.000000e+00  1.440745e+01  1.910063e+01
     vertex  0.000000e+00  1.437748e+01  1.908396e+01
   endloop
 endfacet
 facet normal -1.000000e+00  0.000000e+00  0.000000e+00
   outer loop
     vertex  0.000000e+00  0.000000e+00  3.600000e+01
     vertex  0.000000e+00  1.437748e+01  1.908396e+01
     vertex  0.000000e+00  1.434797e+01  1.906647e+01
   endloop
 endfacet
 facet normal -1.000000e+00  0.000000e+00  0.000000e+00
   outer loop
     vertex  0.000000e+00  0.000000e+00  3.600000e+01
     vertex  0.000000e+00  1.434797e+01  1.906647e+01
     vertex  0.000000e+00  1.431896e+01  1.904818e+01
   endloop
 endfacet
 facet normal -1.000000e+00  0.000000e+00  0.000000e+00
   outer loop
     vertex  0.000000e+00  0.000000e+00  3.600000e+01
     vertex  0.000000e+00  1.431896e+01  1.904818e+01
     vertex  0.000000e+00  1.429046e+01  1.902910e+01
   endloop
 endfacet
 facet normal -1.000000e+00  0.000000e+00  0.000000e+00
   outer loop
     vertex  0.000000e+00  0.000000e+00  3.600000e+01
     vertex  0.000000e+00  1.429046e+01  1.902910e+01
     vertex  0.000000e+00  1.426250e+01  1.900925e+01
   endloop
 endfacet
 facet normal -1.000000e+00  0.000000e+00  0.000000e+00
   outer loop
     vertex  0.000000e+00  0.000000e+00  3.600000e+01
     vertex  0.000000e+00  1.426250e+01  1.900925e+01
     vertex  0.000000e+00  1.423509e+01  1.898864e+01
   endloop
 endfacet
 facet normal -1.000000e+00  0.000000e+00  0.000000e+00
   outer loop
     vertex  0.000000e+00  0.000000e+00  3.600000e+01
     vertex  0.000000e+00  1.423509e+01  1.898864e+01
     vertex  0.000000e+00  1.420825e+01  1.896728e+01
   endloop
 endfacet
 facet normal -1.000000e+00  0.000000e+00  0.000000e+00
   outer loop
     vertex  0.000000e+00  0.000000e+00  3.600000e+01
     vertex  0.000000e+00  1.420825e+01  1.896728e+01
     vertex  0.000000e+00  1.418201e+01  1.894520e+01
   endloop
 endfacet
 facet normal -1.000000e+00  0.000000e+00  0.000000e+00
   outer loop
     vertex  0.000000e+00  0.000000e+00  3.600000e+01
     vertex  0.000000e+00  1.418201e+01  1.894520e+01
     vertex  0.000000e+00  1.415639e+01  1.892240e+01
   endloop
 endfacet
 facet normal -1.000000e+00  0.000000e+00  0.000000e+00
   outer loop
     vertex  0.000000e+00  0.000000e+00  3.600000e+01
     vertex  0.000000e+00  1.415639e+01  1.892240e+01
     vertex  0.000000e+00  1.413140e+01  1.889891e+01
   endloop
 endfacet
 facet normal -1.000000e+00  0.000000e+00  0.000000e+00
   outer loop
     vertex  0.000000e+00  0.000000e+00  3.600000e+01
     vertex  0.000000e+00  1.413140e+01  1.889891e+01
     vertex  0.000000e+00  1.410707e+01  1.887474e+01
   endloop
 endfacet
 facet normal -1.000000e+00  0.000000e+00  0.000000e+00
   outer loop
     vertex  0.000000e+00  0.000000e+00  3.600000e+01
     vertex  0.000000e+00  1.410707e+01  1.887474e+01
     vertex  0.000000e+00  1.408341e+01  1.884992e+01
   endloop
 endfacet
 facet normal -1.000000e+00  0.000000e+00  0.000000e+00
   outer loop
     vertex  0.000000e+00  0.000000e+00  3.600000e+01
     vertex  0.000000e+00  1.408341e+01  1.884992e+01
     vertex  0.000000e+00  1.406044e+01  1.882445e+01
   endloop
 endfacet
 facet normal -1.000000e+00  0.000000e+00  0.000000e+00
   outer loop
     vertex  0.000000e+00  0.000000e+00  3.600000e+01
     vertex  0.000000e+00  1.406044e+01  1.882445e+01
     vertex  0.000000e+00  1.403817e+01  1.879836e+01
   endloop
 endfacet
 facet normal -1.000000e+00  0.000000e+00  0.000000e+00
   outer loop
     vertex  0.000000e+00  0.000000e+00  3.600000e+01
     vertex  0.000000e+00  1.403817e+01  1.879836e+01
     vertex  0.000000e+00  1.401663e+01  1.877168e+01
   endloop
 endfacet
 facet normal -1.000000e+00  0.000000e+00  0.000000e+00
   outer loop
     vertex  0.000000e+00  0.000000e+00  3.600000e+01
     vertex  0.000000e+00  1.401663e+01  1.877168e+01
     vertex  0.000000e+00  1.399583e+01  1.874441e+01
   endloop
 endfacet
 facet normal -1.000000e+00  0.000000e+00  0.000000e+00
   outer loop
     vertex  0.000000e+00  0.000000e+00  3.600000e+01
     vertex  0.000000e+00  1.399583e+01  1.874441e+01
     vertex  0.000000e+00  1.397579e+01  1.871658e+01
   endloop
 endfacet
 facet normal -1.000000e+00  0.000000e+00  0.000000e+00
   outer loop
     vertex  0.000000e+00  0.000000e+00  3.600000e+01
     vertex  0.000000e+00  1.397579e+01  1.871658e+01
     vertex  0.000000e+00  1.395651e+01  1.868821e+01
   endloop
 endfacet
 facet normal -1.000000e+00  0.000000e+00  0.000000e+00
   outer loop
     vertex  0.000000e+00  0.000000e+00  3.600000e+01
     vertex  0.000000e+00  1.395651e+01  1.868821e+01
     vertex  0.000000e+00  1.393803e+01  1.865933e+01
   endloop
 endfacet
 facet normal -1.000000e+00  0.000000e+00  0.000000e+00
   outer loop
     vertex  0.000000e+00  0.000000e+00  3.600000e+01
     vertex  0.000000e+00  1.393803e+01  1.865933e+01
     vertex  0.000000e+00  1.392034e+01  1.862994e+01
   endloop
 endfacet
 facet normal -1.000000e+00  0.000000e+00  0.000000e+00
   outer loop
     vertex  0.000000e+00  0.000000e+00  3.600000e+01
     vertex  0.000000e+00  1.392034e+01  1.862994e+01
     vertex  0.000000e+00  1.390346e+01  1.860009e+01
   endloop
 endfacet
 facet normal -1.000000e+00  0.000000e+00  0.000000e+00
   outer loop
     vertex  0.000000e+00  0.000000e+00  3.600000e+01
     vertex  0.000000e+00  1.390346e+01  1.860009e+01
     vertex  0.000000e+00  1.388741e+01  1.856978e+01
   endloop
 endfacet
 facet normal -1.000000e+00  0.000000e+00  0.000000e+00
   outer loop
     vertex  0.000000e+00  0.000000e+00  3.600000e+01
     vertex  0.000000e+00  1.388741e+01  1.856978e+01
     vertex  0.000000e+00  1.387220e+01  1.853904e+01
   endloop
 endfacet
 facet normal -1.000000e+00  0.000000e+00  0.000000e+00
   outer loop
     vertex  0.000000e+00  0.000000e+00  3.600000e+01
     vertex  0.000000e+00  1.387220e+01  1.853904e+01
     vertex  0.000000e+00  1.385784e+01  1.850790e+01
   endloop
 endfacet
 facet normal -1.000000e+00  0.000000e+00  0.000000e+00
   outer loop
     vertex  0.000000e+00  0.000000e+00  3.600000e+01
     vertex  0.000000e+00  1.385784e+01  1.850790e+01
     vertex  0.000000e+00  1.384433e+01  1.847637e+01
   endloop
 endfacet
 facet normal -1.000000e+00  0.000000e+00  0.000000e+00
   outer loop
     vertex  0.000000e+00  0.000000e+00  3.600000e+01
     vertex  0.000000e+00  1.384433e+01  1.847637e+01
     vertex  0.000000e+00  1.383170e+01  1.844449e+01
   endloop
 endfacet
 facet normal -1.000000e+00  0.000000e+00  0.000000e+00
   outer loop
     vertex  0.000000e+00  0.000000e+00  3.600000e+01
     vertex  0.000000e+00  1.383170e+01  1.844449e+01
     vertex  0.000000e+00  1.381994e+01  1.841227e+01
   endloop
 endfacet
 facet normal -1.000000e+00  0.000000e+00  0.000000e+00
   outer loop
     vertex  0.000000e+00  0.000000e+00  3.600000e+01
     vertex  0.000000e+00  1.381994e+01  1.841227e+01
     vertex  0.000000e+00  1.380908e+01  1.837974e+01
   endloop
 endfacet
 facet normal -1.000000e+00  0.000000e+00  0.000000e+00
   outer loop
     vertex  0.000000e+00  0.000000e+00  3.600000e+01
     vertex  0.000000e+00  1.380908e+01  1.837974e+01
     vertex  0.000000e+00  1.379911e+01  1.834693e+01
   endloop
 endfacet
 facet normal -1.000000e+00  0.000000e+00  0.000000e+00
   outer loop
     vertex  0.000000e+00  0.000000e+00  3.600000e+01
     vertex  0.000000e+00  1.379911e+01  1.834693e+01
     vertex  0.000000e+00  1.379004e+01  1.831385e+01
   endloop
 endfacet
 facet normal -1.000000e+00  0.000000e+00  0.000000e+00
   outer loop
     vertex  0.000000e+00  0.000000e+00  3.600000e+01
     vertex  0.000000e+00  1.379004e+01  1.831385e+01
     vertex  0.000000e+00  1.378189e+01  1.828054e+01
   endloop
 endfacet
 facet normal -1.000000e+00  0.000000e+00  0.000000e+00
   outer loop
     vertex  0.000000e+00  0.000000e+00  3.600000e+01
     vertex  0.000000e+00  1.378189e+01  1.828054e+01
     vertex  0.000000e+00  1.377465e+01  1.824702e+01
   endloop
 endfacet
 facet normal -1.000000e+00  0.000000e+00  0.000000e+00
   outer loop
     vertex  0.000000e+00  0.000000e+00  3.600000e+01
     vertex  0.000000e+00  1.377465e+01  1.824702e+01
     vertex  0.000000e+00  1.376833e+01  1.821331e+01
   endloop
 endfacet
 facet normal -1.000000e+00  0.000000e+00  0.000000e+00
   outer loop
     vertex  0.000000e+00  0.000000e+00  3.600000e+01
     vertex  0.000000e+00  1.376833e+01  1.821331e+01
     vertex  0.000000e+00  1.376295e+01  1.817944e+01
   endloop
 endfacet
 facet normal -1.000000e+00  0.000000e+00  0.000000e+00
   outer loop
     vertex  0.000000e+00  0.000000e+00  3.600000e+01
     vertex  0.000000e+00  1.376295e+01  1.817944e+01
     vertex  0.000000e+00  1.375849e+01  1.814543e+01
   endloop
 endfacet
 facet normal -1.000000e+00  0.000000e+00  0.000000e+00
   outer loop
     vertex  0.000000e+00  0.000000e+00  3.600000e+01
     vertex  0.000000e+00  1.375849e+01  1.814543e+01
     vertex  0.000000e+00  1.375497e+01  1.811132e+01
   endloop
 endfacet
 facet normal -1.000000e+00  0.000000e+00  0.000000e+00
   outer loop
     vertex  0.000000e+00  0.000000e+00  3.600000e+01
     vertex  0.000000e+00  1.375497e+01  1.811132e+01
     vertex  0.000000e+00  1.375238e+01  1.807712e+01
   endloop
 endfacet
 facet normal -1.000000e+00  0.000000e+00  0.000000e+00
   outer loop
     vertex  0.000000e+00  0.000000e+00  3.600000e+01
     vertex  0.000000e+00  1.375238e+01  1.807712e+01
     vertex  0.000000e+00  1.375074e+01  1.804286e+01
   endloop
 endfacet
 facet normal -1.000000e+00  0.000000e+00  0.000000e+00
   outer loop
     vertex  0.000000e+00  0.000000e+00  3.600000e+01
     vertex  0.000000e+00  1.375074e+01  1.804286e+01
     vertex  0.000000e+00  1.375003e+01  1.800857e+01
   endloop
 endfacet
 facet normal -1.000000e+00  0.000000e+00  0.000000e+00
   outer loop
     vertex  0.000000e+00  0.000000e+00  3.600000e+01
     vertex  0.000000e+00  1.375003e+01  1.800857e+01
     vertex  0.000000e+00  0.000000e+00  0.000000e+00
   endloop
 endfacet
 facet normal -1.000000e+00  0.000000e+00  0.000000e+00
   outer loop
     vertex  0.000000e+00  0.000000e+00  0.000000e+00
     vertex  0.000000e+00  1.098500e+02  3.000000e+00
     vertex  0.000000e+00  1.367000e+02  0.000000e+00
   endloop
 endfacet
 facet normal -1.000000e+00  0.000000e+00  0.000000e+00
   outer loop
     vertex  0.000000e+00  0.000000e+00  0.000000e+00
     vertex  0.000000e+00  2.685000e+01  3.000000e+00
     vertex  0.000000e+00  1.098500e+02  3.000000e+00
   endloop
 endfacet
 facet normal  0.000000e+00 -1.000000e+00 -0.000000e+00
   outer loop
     vertex  1.180000e+02  1.098500e+02  3.600000e+01
     vertex  0.000000e+00  1.098500e+02  3.000000e+00
     vertex  1.180000e+02  1.098500e+02  3.000000e+00
   endloop
 endfacet
 facet normal -0.000000e+00 -1.000000e+00  0.000000e+00
   outer loop
     vertex  1.180000e+02  1.098500e+02  3.600000e+01
     vertex  0.000000e+00  1.098500e+02  3.600000e+01
     vertex  0.000000e+00  1.098500e+02  3.000000e+00
   endloop
 endfacet
 facet normal  0.000000e+00  1.000000e+00  0.000000e+00
   outer loop
     vertex  1.180000e+02  2.685000e+01  3.600000e+01
     vertex  1.180000e+02  2.685000e+01  3.000000e+00
     vertex  0.000000e+00  2.685000e+01  3.000000e+00
   endloop
 endfacet
 facet normal  0.000000e+00  1.000000e+00  0.000000e+00
   outer loop
     vertex  1.180000e+02  2.685000e+01  3.600000e+01
     vertex  0.000000e+00  2.685000e+01  3.000000e+00
     vertex  0.000000e+00  2.685000e+01  3.600000e+01
   endloop
 endfacet
 facet normal -1.000000e+00  0.000000e+00  0.000000e+00
   outer loop
     vertex  1.180000e+02  7.535000e+01  1.100000e+01
     vertex  1.180000e+02  1.098500e+02  3.000000e+00
     vertex  1.180000e+02  7.535000e+01  3.000000e+00
   endloop
 endfacet
 facet normal -1.000000e+00  0.000000e+00  0.000000e+00
   outer loop
     vertex  1.180000e+02  7.535000e+01  1.100000e+01
     vertex  1.180000e+02  1.098500e+02  3.600000e+01
     vertex  1.180000e+02  1.098500e+02  3.000000e+00
   endloop
 endfacet
 facet normal -1.000000e+00  0.000000e+00  0.000000e+00
   outer loop
     vertex  1.180000e+02  6.135000e+01  1.100000e+01
     vertex  1.180000e+02  1.098500e+02  3.600000e+01
     vertex  1.180000e+02  7.535000e+01  1.100000e+01
   endloop
 endfacet
 facet normal -1.000000e+00  0.000000e+00  0.000000e+00
   outer loop
     vertex  1.180000e+02  2.685000e+01  3.000000e+00
     vertex  1.180000e+02  6.135000e+01  1.100000e+01
     vertex  1.180000e+02  6.135000e+01  3.000000e+00
   endloop
 endfacet
 facet normal -1.000000e+00  0.000000e+00  0.000000e+00
   outer loop
     vertex  1.180000e+02  2.685000e+01  3.600000e+01
     vertex  1.180000e+02  6.135000e+01  1.100000e+01
     vertex  1.180000e+02  2.685000e+01  3.000000e+00
   endloop
 endfacet
 facet normal -1.000000e+00  0.000000e+00  0.000000e+00
   outer loop
     vertex  1.180000e+02  2.685000e+01  3.600000e+01
     vertex  1.180000e+02  1.098500e+02  3.600000e+01
     vertex  1.180000e+02  6.135000e+01  1.100000e+01
   endloop
 endfacet
 facet normal  0.000000e+00  0.000000e+00 -1.000000e+00
   outer loop
     vertex  1.510000e+02 -6.000000e-15  0.000000e+00
     vertex  0.000000e+00  0.000000e+00  0.000000e+00
     vertex  0.000000e+00  1.367000e+02  0.000000e+00
   endloop
 endfacet
 facet normal  0.000000e+00 -0.000000e+00 -1.000000e+00
   outer loop
     vertex  1.525000e+02  1.367000e+02  0.000000e+00
     vertex  1.525000e+02  1.500000e+00  0.000000e+00
     vertex  1.510000e+02 -6.000000e-15  0.000000e+00
   endloop
 endfacet
 facet normal -0.000000e+00  0.000000e+00 -1.000000e+00
   outer loop
     vertex  1.525000e+02  1.367000e+02  0.000000e+00
     vertex  1.510000e+02 -6.000000e-15  0.000000e+00
     vertex  0.000000e+00  1.367000e+02  0.000000e+00
   endloop
 endfacet
 facet normal  0.000000e+00  0.000000e+00  1.000000e+00
   outer loop
     vertex  1.525000e+02  7.535000e+01  3.000000e+00
     vertex  1.180000e+02  7.535000e+01  3.000000e+00
     vertex  1.180000e+02  6.135000e+01  3.000000e+00
   endloop
 endfacet
 facet normal  0.000000e+00  0.000000e+00  1.000000e+00
   outer loop
     vertex  1.525000e+02  7.535000e+01  3.000000e+00
     vertex  1.180000e+02  6.135000e+01  3.000000e+00
     vertex  1.525000e+02  6.135000e+01  3.000000e+00
   endloop
 endfacet
 facet normal  0.000000e+00 -1.000000e+00 -0.000000e+00
   outer loop
     vertex  1.525000e+02  7.535000e+01  1.100000e+01
     vertex  1.180000e+02  7.535000e+01  3.000000e+00
     vertex  1.525000e+02  7.535000e+01  3.000000e+00
   endloop
 endfacet
 facet normal -0.000000e+00 -1.000000e+00  0.000000e+00
   outer loop
     vertex  1.525000e+02  7.535000e+01  1.100000e+01
     vertex  1.180000e+02  7.535000e+01  1.100000e+01
     vertex  1.180000e+02  7.535000e+01  3.000000e+00
   endloop
 endfacet
 facet normal -0.000000e+00  0.000000e+00 -1.000000e+00
   outer loop
     vertex  1.525000e+02  7.535000e+01  1.100000e+01
     vertex  1.180000e+02  6.135000e+01  1.100000e+01
     vertex  1.180000e+02  7.535000e+01  1.100000e+01
   endloop
 endfacet
 facet normal  0.000000e+00 -0.000000e+00 -1.000000e+00
   outer loop
     vertex  1.525000e+02  7.535000e+01  1.100000e+01
     vertex  1.525000e+02  6.135000e+01  1.100000e+01
     vertex  1.180000e+02  6.135000e+01  1.100000e+01
   endloop
 endfacet
 facet normal  0.000000e+00  1.000000e+00  0.000000e+00
   outer loop
     vertex  1.525000e+02  6.135000e+01  1.100000e+01
     vertex  1.525000e+02  6.135000e+01  3.000000e+00
     vertex  1.180000e+02  6.135000e+01  3.000000e+00
   endloop
 endfacet
 facet normal  0.000000e+00  1.000000e+00  0.000000e+00
   outer loop
     vertex  1.525000e+02  6.135000e+01  1.100000e+01
     vertex  1.180000e+02  6.135000e+01  3.000000e+00
     vertex  1.180000e+02  6.135000e+01  1.100000e+01
   endloop
 endfacet
 facet normal -1.371831e-02  0.000000e+00  9.999059e-01
   outer loop
     vertex  1.706173e+01  1.307000e+02  1.575085e+01
     vertex  1.700000e+01  1.367000e+02  1.575000e+01
     vertex  1.700000e+01  1.307000e+02  1.575000e+01
   endloop
 endfacet
 facet normal -1.371831e-02  0.000000e+00  9.999059e-01
   outer loop
     vertex  1.706173e+01  1.307000e+02  1.575085e+01
     vertex  1.706173e+01  1.367000e+02  1.575085e+01
     vertex  1.700000e+01  1.367000e+02  1.575000e+01
   endloop
 endfacet
 facet normal -4.114462e-02  0.000000e+00  9.991532e-01
   outer loop
     vertex  1.712341e+01  1.307000e+02  1.575339e+01
     vertex  1.712341e+01  1.367000e+02  1.575339e+01
     vertex  1.706173e+01  1.367000e+02  1.575085e+01
   endloop
 endfacet
 facet normal -4.114462e-02  0.000000e+00  9.991532e-01
   outer loop
     vertex  1.712341e+01  1.307000e+02  1.575339e+01
     vertex  1.706173e+01  1.367000e+02  1.575085e+01
     vertex  1.706173e+01  1.307000e+02  1.575085e+01
   endloop
 endfacet
 facet normal -6.853995e-02  0.000000e+00  9.976484e-01
   outer loop
     vertex  1.718499e+01  1.307000e+02  1.575762e+01
     vertex  1.718499e+01  1.367000e+02  1.575762e+01
     vertex  1.712341e+01  1.367000e+02  1.575339e+01
   endloop
 endfacet
 facet normal -6.853995e-02  0.000000e+00  9.976484e-01
   outer loop
     vertex  1.718499e+01  1.307000e+02  1.575762e+01
     vertex  1.712341e+01  1.367000e+02  1.575339e+01
     vertex  1.712341e+01  1.307000e+02  1.575339e+01
   endloop
 endfacet
 facet normal -9.588368e-02  0.000000e+00  9.953925e-01
   outer loop
     vertex  1.724644e+01  1.307000e+02  1.576354e+01
     vertex  1.724644e+01  1.367000e+02  1.576354e+01
     vertex  1.718499e+01  1.367000e+02  1.575762e+01
   endloop
 endfacet
 facet normal -9.588368e-02  0.000000e+00  9.953925e-01
   outer loop
     vertex  1.724644e+01  1.307000e+02  1.576354e+01
     vertex  1.718499e+01  1.367000e+02  1.575762e+01
     vertex  1.718499e+01  1.307000e+02  1.575762e+01
   endloop
 endfacet
 facet normal -1.231552e-01  0.000000e+00  9.923874e-01
   outer loop
     vertex  1.730770e+01  1.307000e+02  1.577114e+01
     vertex  1.730770e+01  1.367000e+02  1.577114e+01
     vertex  1.724644e+01  1.367000e+02  1.576354e+01
   endloop
 endfacet
 facet normal -1.231552e-01  0.000000e+00  9.923874e-01
   outer loop
     vertex  1.730770e+01  1.307000e+02  1.577114e+01
     vertex  1.724644e+01  1.367000e+02  1.576354e+01
     vertex  1.724644e+01  1.307000e+02  1.576354e+01
   endloop
 endfacet
 facet normal -1.503341e-01  0.000000e+00  9.886353e-01
   outer loop
     vertex  1.736874e+01  1.307000e+02  1.578042e+01
     vertex  1.736874e+01  1.367000e+02  1.578042e+01
     vertex  1.730770e+01  1.367000e+02  1.577114e+01
   endloop
 endfacet
 facet normal -1.773998e-01  0.000000e+00  9.841389e-01
   outer loop
     vertex  1.736874e+01  1.307000e+02  1.578042e+01
     vertex  1.742949e+01  1.367000e+02  1.579137e+01
     vertex  1.736874e+01  1.367000e+02  1.578042e+01
   endloop
 endfacet
 facet normal -1.503341e-01  0.000000e+00  9.886353e-01
   outer loop
     vertex  1.736874e+01  1.307000e+02  1.578042e+01
     vertex  1.730770e+01  1.367000e+02  1.577114e+01
     vertex  1.730770e+01  1.307000e+02  1.577114e+01
   endloop
 endfacet
 facet normal -1.773998e-01  0.000000e+00  9.841389e-01
   outer loop
     vertex  1.742949e+01  1.307000e+02  1.579137e+01
     vertex  1.742949e+01  1.367000e+02  1.579137e+01
     vertex  1.736874e+01  1.307000e+02  1.578042e+01
   endloop
 endfacet
 facet normal -2.043319e-01  0.000000e+00  9.789017e-01
   outer loop
     vertex  1.748992e+01  1.307000e+02  1.580399e+01
     vertex  1.748992e+01  1.367000e+02  1.580399e+01
     vertex  1.742949e+01  1.367000e+02  1.579137e+01
   endloop
 endfacet
 facet normal -2.043319e-01  0.000000e+00  9.789017e-01
   outer loop
     vertex  1.748992e+01  1.307000e+02  1.580399e+01
     vertex  1.742949e+01  1.367000e+02  1.579137e+01
     vertex  1.742949e+01  1.307000e+02  1.579137e+01
   endloop
 endfacet
 facet normal -2.311102e-01  0.000000e+00  9.729276e-01
   outer loop
     vertex  1.754998e+01  1.307000e+02  1.581825e+01
     vertex  1.754998e+01  1.367000e+02  1.581825e+01
     vertex  1.748992e+01  1.367000e+02  1.580399e+01
   endloop
 endfacet
 facet normal -2.311102e-01  0.000000e+00  9.729276e-01
   outer loop
     vertex  1.754998e+01  1.307000e+02  1.581825e+01
     vertex  1.748992e+01  1.367000e+02  1.580399e+01
     vertex  1.748992e+01  1.307000e+02  1.580399e+01
   endloop
 endfacet
 facet normal -2.577146e-01  0.000000e+00  9.662211e-01
   outer loop
     vertex  1.760963e+01  1.307000e+02  1.583416e+01
     vertex  1.754998e+01  1.367000e+02  1.581825e+01
     vertex  1.754998e+01  1.307000e+02  1.581825e+01
   endloop
 endfacet
 facet normal -2.577146e-01  0.000000e+00  9.662211e-01
   outer loop
     vertex  1.760963e+01  1.307000e+02  1.583416e+01
     vertex  1.760963e+01  1.367000e+02  1.583416e+01
     vertex  1.754998e+01  1.367000e+02  1.581825e+01
   endloop
 endfacet
 facet normal -2.841250e-01  0.000000e+00  9.587873e-01
   outer loop
     vertex  1.760963e+01  1.307000e+02  1.583416e+01
     vertex  1.766882e+01  1.367000e+02  1.585170e+01
     vertex  1.760963e+01  1.367000e+02  1.583416e+01
   endloop
 endfacet
 facet normal -2.841250e-01  0.000000e+00  9.587873e-01
   outer loop
     vertex  1.766882e+01  1.307000e+02  1.585170e+01
     vertex  1.766882e+01  1.367000e+02  1.585170e+01
     vertex  1.760963e+01  1.307000e+02  1.583416e+01
   endloop
 endfacet
 facet normal -3.103214e-01  0.000000e+00  9.506317e-01
   outer loop
     vertex  1.766882e+01  1.307000e+02  1.585170e+01
     vertex  1.772750e+01  1.367000e+02  1.587086e+01
     vertex  1.766882e+01  1.367000e+02  1.585170e+01
   endloop
 endfacet
 facet normal -3.103214e-01  0.000000e+00  9.506317e-01
   outer loop
     vertex  1.772750e+01  1.307000e+02  1.587086e+01
     vertex  1.772750e+01  1.367000e+02  1.587086e+01
     vertex  1.766882e+01  1.307000e+02  1.585170e+01
   endloop
 endfacet
 facet normal -3.362843e-01  0.000000e+00  9.417605e-01
   outer loop
     vertex  1.772750e+01  1.307000e+02  1.587086e+01
     vertex  1.778564e+01  1.367000e+02  1.589162e+01
     vertex  1.772750e+01  1.367000e+02  1.587086e+01
   endloop
 endfacet
 facet normal -3.362843e-01  0.000000e+00  9.417605e-01
   outer loop
     vertex  1.778564e+01  1.307000e+02  1.589162e+01
     vertex  1.778564e+01  1.367000e+02  1.589162e+01
     vertex  1.772750e+01  1.307000e+02  1.587086e+01
   endloop
 endfacet
 facet normal -3.619940e-01  0.000000e+00  9.321804e-01
   outer loop
     vertex  1.784318e+01  1.307000e+02  1.591396e+01
     vertex  1.778564e+01  1.367000e+02  1.589162e+01
     vertex  1.778564e+01  1.307000e+02  1.589162e+01
   endloop
 endfacet
 facet normal -3.619940e-01  0.000000e+00  9.321804e-01
   outer loop
     vertex  1.784318e+01  1.307000e+02  1.591396e+01
     vertex  1.784318e+01  1.367000e+02  1.591396e+01
     vertex  1.778564e+01  1.367000e+02  1.589162e+01
   endloop
 endfacet
 facet normal -3.874313e-01  0.000000e+00  9.218986e-01
   outer loop
     vertex  1.790009e+01  1.307000e+02  1.593788e+01
     vertex  1.784318e+01  1.367000e+02  1.591396e+01
     vertex  1.784318e+01  1.307000e+02  1.591396e+01
   endloop
 endfacet
 facet normal -3.874313e-01  0.000000e+00  9.218986e-01
   outer loop
     vertex  1.790009e+01  1.307000e+02  1.593788e+01
     vertex  1.790009e+01  1.367000e+02  1.593788e+01
     vertex  1.784318e+01  1.367000e+02  1.591396e+01
   endloop
 endfacet
 facet normal -4.125769e-01  0.000000e+00  9.109228e-01
   outer loop
     vertex  1.795633e+01  1.307000e+02  1.596335e+01
     vertex  1.790009e+01  1.367000e+02  1.593788e+01
     vertex  1.790009e+01  1.307000e+02  1.593788e+01
   endloop
 endfacet
 facet normal -4.125769e-01  0.000000e+00  9.109228e-01
   outer loop
     vertex  1.795633e+01  1.307000e+02  1.596335e+01
     vertex  1.795633e+01  1.367000e+02  1.596335e+01
     vertex  1.790009e+01  1.367000e+02  1.593788e+01
   endloop
 endfacet
 facet normal -4.374119e-01  0.000000e+00  8.992613e-01
   outer loop
     vertex  1.801184e+01  1.307000e+02  1.599035e+01
     vertex  1.795633e+01  1.367000e+02  1.596335e+01
     vertex  1.795633e+01  1.307000e+02  1.596335e+01
   endloop
 endfacet
 facet normal -4.374119e-01  0.000000e+00  8.992613e-01
   outer loop
     vertex  1.801184e+01  1.307000e+02  1.599035e+01
     vertex  1.801184e+01  1.367000e+02  1.599035e+01
     vertex  1.795633e+01  1.367000e+02  1.596335e+01
   endloop
 endfacet
 facet normal -4.619176e-01  0.000000e+00  8.869228e-01
   outer loop
     vertex  1.806659e+01  1.307000e+02  1.601887e+01
     vertex  1.801184e+01  1.367000e+02  1.599035e+01
     vertex  1.801184e+01  1.307000e+02  1.599035e+01
   endloop
 endfacet
 facet normal -4.619176e-01  0.000000e+00  8.869228e-01
   outer loop
     vertex  1.806659e+01  1.307000e+02  1.601887e+01
     vertex  1.806659e+01  1.367000e+02  1.601887e+01
     vertex  1.801184e+01  1.367000e+02  1.599035e+01
   endloop
 endfacet
 facet normal -4.860756e-01  0.000000e+00  8.739167e-01
   outer loop
     vertex  1.812054e+01  1.307000e+02  1.604888e+01
     vertex  1.806659e+01  1.367000e+02  1.601887e+01
     vertex  1.806659e+01  1.307000e+02  1.601887e+01
   endloop
 endfacet
 facet normal -4.860756e-01  0.000000e+00  8.739167e-01
   outer loop
     vertex  1.812054e+01  1.307000e+02  1.604888e+01
     vertex  1.812054e+01  1.367000e+02  1.604888e+01
     vertex  1.806659e+01  1.367000e+02  1.601887e+01
   endloop
 endfacet
 facet normal -5.098678e-01  0.000000e+00  8.602528e-01
   outer loop
     vertex  1.817365e+01  1.307000e+02  1.608035e+01
     vertex  1.812054e+01  1.367000e+02  1.604888e+01
     vertex  1.812054e+01  1.307000e+02  1.604888e+01
   endloop
 endfacet
 facet normal -5.098678e-01  0.000000e+00  8.602528e-01
   outer loop
     vertex  1.817365e+01  1.307000e+02  1.608035e+01
     vertex  1.817365e+01  1.367000e+02  1.608035e+01
     vertex  1.812054e+01  1.367000e+02  1.604888e+01
   endloop
 endfacet
 facet normal -5.332761e-01  0.000000e+00  8.459413e-01
   outer loop
     vertex  1.822587e+01  1.307000e+02  1.611327e+01
     vertex  1.817365e+01  1.367000e+02  1.608035e+01
     vertex  1.817365e+01  1.307000e+02  1.608035e+01
   endloop
 endfacet
 facet normal -5.332761e-01  0.000000e+00  8.459413e-01
   outer loop
     vertex  1.822587e+01  1.307000e+02  1.611327e+01
     vertex  1.822587e+01  1.367000e+02  1.611327e+01
     vertex  1.817365e+01  1.367000e+02  1.608035e+01
   endloop
 endfacet
 facet normal -5.562829e-01  0.000000e+00  8.309929e-01
   outer loop
     vertex  1.827717e+01  1.307000e+02  1.614761e+01
     vertex  1.827717e+01  1.367000e+02  1.614761e+01
     vertex  1.822587e+01  1.367000e+02  1.611327e+01
   endloop
 endfacet
 facet normal -5.562829e-01  0.000000e+00  8.309929e-01
   outer loop
     vertex  1.827717e+01  1.307000e+02  1.614761e+01
     vertex  1.822587e+01  1.367000e+02  1.611327e+01
     vertex  1.822587e+01  1.307000e+02  1.611327e+01
   endloop
 endfacet
 facet normal -5.788711e-01  0.000000e+00  8.154191e-01
   outer loop
     vertex  1.832751e+01  1.307000e+02  1.618335e+01
     vertex  1.832751e+01  1.367000e+02  1.618335e+01
     vertex  1.827717e+01  1.367000e+02  1.614761e+01
   endloop
 endfacet
 facet normal -5.788711e-01  0.000000e+00  8.154191e-01
   outer loop
     vertex  1.832751e+01  1.307000e+02  1.618335e+01
     vertex  1.827717e+01  1.367000e+02  1.614761e+01
     vertex  1.827717e+01  1.307000e+02  1.614761e+01
   endloop
 endfacet
 facet normal -6.010234e-01  0.000000e+00  7.992314e-01
   outer loop
     vertex  1.837684e+01  1.307000e+02  1.622045e+01
     vertex  1.837684e+01  1.367000e+02  1.622045e+01
     vertex  1.832751e+01  1.367000e+02  1.618335e+01
   endloop
 endfacet
 facet normal -6.010234e-01  0.000000e+00  7.992314e-01
   outer loop
     vertex  1.837684e+01  1.307000e+02  1.622045e+01
     vertex  1.832751e+01  1.367000e+02  1.618335e+01
     vertex  1.832751e+01  1.307000e+02  1.618335e+01
   endloop
 endfacet
 facet normal -6.227234e-01  0.000000e+00  7.824421e-01
   outer loop
     vertex  1.842515e+01  1.307000e+02  1.625889e+01
     vertex  1.842515e+01  1.367000e+02  1.625889e+01
     vertex  1.837684e+01  1.367000e+02  1.622045e+01
   endloop
 endfacet
 facet normal -6.227234e-01  0.000000e+00  7.824421e-01
   outer loop
     vertex  1.842515e+01  1.307000e+02  1.625889e+01
     vertex  1.837684e+01  1.367000e+02  1.622045e+01
     vertex  1.837684e+01  1.307000e+02  1.622045e+01
   endloop
 endfacet
 facet normal -6.439545e-01  0.000000e+00  7.650637e-01
   outer loop
     vertex  1.847238e+01  1.307000e+02  1.629864e+01
     vertex  1.847238e+01  1.367000e+02  1.629864e+01
     vertex  1.842515e+01  1.367000e+02  1.625889e+01
   endloop
 endfacet
 facet normal -6.439545e-01  0.000000e+00  7.650637e-01
   outer loop
     vertex  1.847238e+01  1.307000e+02  1.629864e+01
     vertex  1.842515e+01  1.367000e+02  1.625889e+01
     vertex  1.842515e+01  1.307000e+02  1.625889e+01
   endloop
 endfacet
 facet normal -6.647010e-01  0.000000e+00  7.471095e-01
   outer loop
     vertex  1.851850e+01  1.307000e+02  1.633968e+01
     vertex  1.851850e+01  1.367000e+02  1.633968e+01
     vertex  1.847238e+01  1.367000e+02  1.629864e+01
   endloop
 endfacet
 facet normal -6.849470e-01  0.000000e+00  7.285929e-01
   outer loop
     vertex  1.851850e+01  1.307000e+02  1.633968e+01
     vertex  1.856347e+01  1.367000e+02  1.638196e+01
     vertex  1.851850e+01  1.367000e+02  1.633968e+01
   endloop
 endfacet
 facet normal -6.647010e-01  0.000000e+00  7.471095e-01
   outer loop
     vertex  1.851850e+01  1.307000e+02  1.633968e+01
     vertex  1.847238e+01  1.367000e+02  1.629864e+01
     vertex  1.847238e+01  1.307000e+02  1.629864e+01
   endloop
 endfacet
 facet normal -6.849470e-01  0.000000e+00  7.285929e-01
   outer loop
     vertex  1.856347e+01  1.307000e+02  1.638196e+01
     vertex  1.856347e+01  1.367000e+02  1.638196e+01
     vertex  1.851850e+01  1.307000e+02  1.633968e+01
   endloop
 endfacet
 facet normal -7.046775e-01  0.000000e+00  7.095278e-01
   outer loop
     vertex  1.860728e+01  1.307000e+02  1.642546e+01
     vertex  1.860728e+01  1.367000e+02  1.642546e+01
     vertex  1.856347e+01  1.367000e+02  1.638196e+01
   endloop
 endfacet
 facet normal -7.238775e-01  0.000000e+00  6.899286e-01
   outer loop
     vertex  1.860728e+01  1.307000e+02  1.642546e+01
     vertex  1.864987e+01  1.367000e+02  1.647015e+01
     vertex  1.860728e+01  1.367000e+02  1.642546e+01
   endloop
 endfacet
 facet normal -7.046775e-01  0.000000e+00  7.095278e-01
   outer loop
     vertex  1.860728e+01  1.307000e+02  1.642546e+01
     vertex  1.856347e+01  1.367000e+02  1.638196e+01
     vertex  1.856347e+01  1.307000e+02  1.638196e+01
   endloop
 endfacet
 facet normal -7.238775e-01  0.000000e+00  6.899286e-01
   outer loop
     vertex  1.864987e+01  1.307000e+02  1.647015e+01
     vertex  1.864987e+01  1.367000e+02  1.647015e+01
     vertex  1.860728e+01  1.307000e+02  1.642546e+01
   endloop
 endfacet
 facet normal -7.425325e-01  0.000000e+00  6.698100e-01
   outer loop
     vertex  1.869122e+01  1.307000e+02  1.651599e+01
     vertex  1.869122e+01  1.367000e+02  1.651599e+01
     vertex  1.864987e+01  1.367000e+02  1.647015e+01
   endloop
 endfacet
 facet normal -7.425325e-01  0.000000e+00  6.698100e-01
   outer loop
     vertex  1.869122e+01  1.307000e+02  1.651599e+01
     vertex  1.864987e+01  1.367000e+02  1.647015e+01
     vertex  1.864987e+01  1.307000e+02  1.647015e+01
   endloop
 endfacet
 facet normal -7.606287e-01  0.000000e+00  6.491872e-01
   outer loop
     vertex  1.873129e+01  1.307000e+02  1.656294e+01
     vertex  1.873129e+01  1.367000e+02  1.656294e+01
     vertex  1.869122e+01  1.367000e+02  1.651599e+01
   endloop
 endfacet
 facet normal -7.781522e-01  0.000000e+00  6.280757e-01
   outer loop
     vertex  1.873129e+01  1.307000e+02  1.656294e+01
     vertex  1.877006e+01  1.367000e+02  1.661098e+01
     vertex  1.873129e+01  1.367000e+02  1.656294e+01
   endloop
 endfacet
 facet normal -7.606287e-01  0.000000e+00  6.491872e-01
   outer loop
     vertex  1.873129e+01  1.307000e+02  1.656294e+01
     vertex  1.869122e+01  1.367000e+02  1.651599e+01
     vertex  1.869122e+01  1.307000e+02  1.651599e+01
   endloop
 endfacet
 facet normal -7.950900e-01  0.000000e+00  6.064915e-01
   outer loop
     vertex  1.877006e+01  1.307000e+02  1.661098e+01
     vertex  1.880750e+01  1.367000e+02  1.666006e+01
     vertex  1.877006e+01  1.367000e+02  1.661098e+01
   endloop
 endfacet
 facet normal -7.781522e-01  0.000000e+00  6.280757e-01
   outer loop
     vertex  1.877006e+01  1.307000e+02  1.661098e+01
     vertex  1.877006e+01  1.367000e+02  1.661098e+01
     vertex  1.873129e+01  1.307000e+02  1.656294e+01
   endloop
 endfacet
 facet normal -7.950900e-01  0.000000e+00  6.064915e-01
   outer loop
     vertex  1.880750e+01  1.307000e+02  1.666006e+01
     vertex  1.880750e+01  1.367000e+02  1.666006e+01
     vertex  1.877006e+01  1.307000e+02  1.661098e+01
   endloop
 endfacet
 facet normal -8.114292e-01  0.000000e+00  5.844507e-01
   outer loop
     vertex  1.884358e+01  1.307000e+02  1.671016e+01
     vertex  1.880750e+01  1.367000e+02  1.666006e+01
     vertex  1.880750e+01  1.307000e+02  1.666006e+01
   endloop
 endfacet
 facet normal -8.114292e-01  0.000000e+00  5.844507e-01
   outer loop
     vertex  1.884358e+01  1.307000e+02  1.671016e+01
     vertex  1.884358e+01  1.367000e+02  1.671016e+01
     vertex  1.880750e+01  1.367000e+02  1.666006e+01
   endloop
 endfacet
 facet normal -8.271577e-01  0.000000e+00  5.619699e-01
   outer loop
     vertex  1.887828e+01  1.307000e+02  1.676122e+01
     vertex  1.887828e+01  1.367000e+02  1.676122e+01
     vertex  1.884358e+01  1.367000e+02  1.671016e+01
   endloop
 endfacet
 facet normal -8.271577e-01  0.000000e+00  5.619699e-01
   outer loop
     vertex  1.887828e+01  1.307000e+02  1.676122e+01
     vertex  1.884358e+01  1.367000e+02  1.671016e+01
     vertex  1.884358e+01  1.307000e+02  1.671016e+01
   endloop
 endfacet
 facet normal -8.422635e-01  0.000000e+00  5.390661e-01
   outer loop
     vertex  1.891155e+01  1.307000e+02  1.681321e+01
     vertex  1.887828e+01  1.367000e+02  1.676122e+01
     vertex  1.887828e+01  1.307000e+02  1.676122e+01
   endloop
 endfacet
 facet normal -8.422635e-01  0.000000e+00  5.390661e-01
   outer loop
     vertex  1.891155e+01  1.307000e+02  1.681321e+01
     vertex  1.891155e+01  1.367000e+02  1.681321e+01
     vertex  1.887828e+01  1.367000e+02  1.676122e+01
   endloop
 endfacet
 facet normal -8.567352e-01  0.000000e+00  5.157565e-01
   outer loop
     vertex  1.894339e+01  1.307000e+02  1.686610e+01
     vertex  1.891155e+01  1.367000e+02  1.681321e+01
     vertex  1.891155e+01  1.307000e+02  1.681321e+01
   endloop
 endfacet
 facet normal -8.567352e-01  0.000000e+00  5.157565e-01
   outer loop
     vertex  1.894339e+01  1.307000e+02  1.686610e+01
     vertex  1.894339e+01  1.367000e+02  1.686610e+01
     vertex  1.891155e+01  1.367000e+02  1.681321e+01
   endloop
 endfacet
 facet normal -8.705620e-01  0.000000e+00  4.920587e-01
   outer loop
     vertex  1.897377e+01  1.307000e+02  1.691984e+01
     vertex  1.894339e+01  1.367000e+02  1.686610e+01
     vertex  1.894339e+01  1.307000e+02  1.686610e+01
   endloop
 endfacet
 facet normal -8.705620e-01  0.000000e+00  4.920587e-01
   outer loop
     vertex  1.897377e+01  1.307000e+02  1.691984e+01
     vertex  1.897377e+01  1.367000e+02  1.691984e+01
     vertex  1.894339e+01  1.367000e+02  1.686610e+01
   endloop
 endfacet
 facet normal -8.837335e-01  0.000000e+00  4.679904e-01
   outer loop
     vertex  1.900266e+01  1.307000e+02  1.697440e+01
     vertex  1.897377e+01  1.367000e+02  1.691984e+01
     vertex  1.897377e+01  1.307000e+02  1.691984e+01
   endloop
 endfacet
 facet normal -8.837335e-01  0.000000e+00  4.679904e-01
   outer loop
     vertex  1.900266e+01  1.307000e+02  1.697440e+01
     vertex  1.900266e+01  1.367000e+02  1.697440e+01
     vertex  1.897377e+01  1.367000e+02  1.691984e+01
   endloop
 endfacet
 facet normal -8.962398e-01  0.000000e+00  4.435699e-01
   outer loop
     vertex  1.903004e+01  1.307000e+02  1.702973e+01
     vertex  1.900266e+01  1.367000e+02  1.697440e+01
     vertex  1.900266e+01  1.307000e+02  1.697440e+01
   endloop
 endfacet
 facet normal -8.962398e-01  0.000000e+00  4.435699e-01
   outer loop
     vertex  1.903004e+01  1.307000e+02  1.702973e+01
     vertex  1.903004e+01  1.367000e+02  1.702973e+01
     vertex  1.900266e+01  1.367000e+02  1.697440e+01
   endloop
 endfacet
 facet normal -9.080714e-01  0.000000e+00  4.188155e-01
   outer loop
     vertex  1.905590e+01  1.307000e+02  1.708578e+01
     vertex  1.903004e+01  1.367000e+02  1.702973e+01
     vertex  1.903004e+01  1.307000e+02  1.702973e+01
   endloop
 endfacet
 facet normal -9.080714e-01  0.000000e+00  4.188155e-01
   outer loop
     vertex  1.905590e+01  1.307000e+02  1.708578e+01
     vertex  1.905590e+01  1.367000e+02  1.708578e+01
     vertex  1.903004e+01  1.367000e+02  1.702973e+01
   endloop
 endfacet
 facet normal -9.192194e-01  0.000000e+00  3.937458e-01
   outer loop
     vertex  1.908020e+01  1.307000e+02  1.714253e+01
     vertex  1.905590e+01  1.367000e+02  1.708578e+01
     vertex  1.905590e+01  1.307000e+02  1.708578e+01
   endloop
 endfacet
 facet normal -9.192194e-01  0.000000e+00  3.937458e-01
   outer loop
     vertex  1.908020e+01  1.307000e+02  1.714253e+01
     vertex  1.908020e+01  1.367000e+02  1.714253e+01
     vertex  1.905590e+01  1.367000e+02  1.708578e+01
   endloop
 endfacet
 facet normal -9.296754e-01  0.000000e+00  3.683796e-01
   outer loop
     vertex  1.910294e+01  1.307000e+02  1.719992e+01
     vertex  1.908020e+01  1.367000e+02  1.714253e+01
     vertex  1.908020e+01  1.307000e+02  1.714253e+01
   endloop
 endfacet
 facet normal -9.296754e-01  0.000000e+00  3.683796e-01
   outer loop
     vertex  1.910294e+01  1.307000e+02  1.719992e+01
     vertex  1.910294e+01  1.367000e+02  1.719992e+01
     vertex  1.908020e+01  1.367000e+02  1.714253e+01
   endloop
 endfacet
 facet normal -9.394317e-01  0.000000e+00  3.427362e-01
   outer loop
     vertex  1.910294e+01  1.307000e+02  1.719992e+01
     vertex  1.912410e+01  1.367000e+02  1.725791e+01
     vertex  1.910294e+01  1.367000e+02  1.719992e+01
   endloop
 endfacet
 facet normal -9.394317e-01  0.000000e+00  3.427362e-01
   outer loop
     vertex  1.912410e+01  1.307000e+02  1.725791e+01
     vertex  1.912410e+01  1.367000e+02  1.725791e+01
     vertex  1.910294e+01  1.307000e+02  1.719992e+01
   endloop
 endfacet
 facet normal -9.484807e-01  0.000000e+00  3.168348e-01
   outer loop
     vertex  1.914366e+01  1.307000e+02  1.731646e+01
     vertex  1.912410e+01  1.367000e+02  1.725791e+01
     vertex  1.912410e+01  1.307000e+02  1.725791e+01
   endloop
 endfacet
 facet normal -9.484807e-01  0.000000e+00  3.168348e-01
   outer loop
     vertex  1.914366e+01  1.307000e+02  1.731646e+01
     vertex  1.914366e+01  1.367000e+02  1.731646e+01
     vertex  1.912410e+01  1.367000e+02  1.725791e+01
   endloop
 endfacet
 facet normal -9.568158e-01  0.000000e+00  2.906949e-01
   outer loop
     vertex  1.916161e+01  1.307000e+02  1.737553e+01
     vertex  1.914366e+01  1.367000e+02  1.731646e+01
     vertex  1.914366e+01  1.307000e+02  1.731646e+01
   endloop
 endfacet
 facet normal -9.568158e-01  0.000000e+00  2.906949e-01
   outer loop
     vertex  1.916161e+01  1.307000e+02  1.737553e+01
     vertex  1.916161e+01  1.367000e+02  1.737553e+01
     vertex  1.914366e+01  1.367000e+02  1.731646e+01
   endloop
 endfacet
 facet normal -9.644306e-01  0.000000e+00  2.643362e-01
   outer loop
     vertex  1.917792e+01  1.307000e+02  1.743507e+01
     vertex  1.916161e+01  1.367000e+02  1.737553e+01
     vertex  1.916161e+01  1.307000e+02  1.737553e+01
   endloop
 endfacet
 facet normal -9.644306e-01  0.000000e+00  2.643362e-01
   outer loop
     vertex  1.917792e+01  1.307000e+02  1.743507e+01
     vertex  1.917792e+01  1.367000e+02  1.743507e+01
     vertex  1.916161e+01  1.367000e+02  1.737553e+01
   endloop
 endfacet
 facet normal -9.713194e-01  0.000000e+00  2.377784e-01
   outer loop
     vertex  1.919260e+01  1.307000e+02  1.749503e+01
     vertex  1.917792e+01  1.367000e+02  1.743507e+01
     vertex  1.917792e+01  1.307000e+02  1.743507e+01
   endloop
 endfacet
 facet normal -9.713194e-01  0.000000e+00  2.377784e-01
   outer loop
     vertex  1.919260e+01  1.307000e+02  1.749503e+01
     vertex  1.919260e+01  1.367000e+02  1.749503e+01
     vertex  1.917792e+01  1.367000e+02  1.743507e+01
   endloop
 endfacet
 facet normal -9.774771e-01  0.000000e+00  2.110417e-01
   outer loop
     vertex  1.920563e+01  1.307000e+02  1.755537e+01
     vertex  1.919260e+01  1.367000e+02  1.749503e+01
     vertex  1.919260e+01  1.307000e+02  1.749503e+01
   endloop
 endfacet
 facet normal -9.774771e-01  0.000000e+00  2.110417e-01
   outer loop
     vertex  1.920563e+01  1.307000e+02  1.755537e+01
     vertex  1.920563e+01  1.367000e+02  1.755537e+01
     vertex  1.919260e+01  1.367000e+02  1.749503e+01
   endloop
 endfacet
 facet normal -9.828989e-01  0.000000e+00  1.841461e-01
   outer loop
     vertex  1.921700e+01  1.307000e+02  1.761605e+01
     vertex  1.920563e+01  1.367000e+02  1.755537e+01
     vertex  1.920563e+01  1.307000e+02  1.755537e+01
   endloop
 endfacet
 facet normal -9.828989e-01  0.000000e+00  1.841461e-01
   outer loop
     vertex  1.921700e+01  1.307000e+02  1.761605e+01
     vertex  1.921700e+01  1.367000e+02  1.761605e+01
     vertex  1.920563e+01  1.367000e+02  1.755537e+01
   endloop
 endfacet
 facet normal -9.875808e-01  0.000000e+00  1.571119e-01
   outer loop
     vertex  1.921700e+01  1.307000e+02  1.761605e+01
     vertex  1.922670e+01  1.367000e+02  1.767701e+01
     vertex  1.921700e+01  1.367000e+02  1.761605e+01
   endloop
 endfacet
 facet normal -9.875808e-01  0.000000e+00  1.571119e-01
   outer loop
     vertex  1.922670e+01  1.307000e+02  1.767701e+01
     vertex  1.922670e+01  1.367000e+02  1.767701e+01
     vertex  1.921700e+01  1.307000e+02  1.761605e+01
   endloop
 endfacet
 facet normal -9.915193e-01  0.000000e+00  1.299594e-01
   outer loop
     vertex  1.922670e+01  1.307000e+02  1.767701e+01
     vertex  1.923472e+01  1.367000e+02  1.773822e+01
     vertex  1.922670e+01  1.367000e+02  1.767701e+01
   endloop
 endfacet
 facet normal -9.915193e-01  0.000000e+00  1.299594e-01
   outer loop
     vertex  1.923472e+01  1.307000e+02  1.773822e+01
     vertex  1.923472e+01  1.367000e+02  1.773822e+01
     vertex  1.922670e+01  1.307000e+02  1.767701e+01
   endloop
 endfacet
 facet normal -9.947114e-01  0.000000e+00  1.027091e-01
   outer loop
     vertex  1.924106e+01  1.307000e+02  1.779963e+01
     vertex  1.923472e+01  1.367000e+02  1.773822e+01
     vertex  1.923472e+01  1.307000e+02  1.773822e+01
   endloop
 endfacet
 facet normal -9.947114e-01  0.000000e+00  1.027091e-01
   outer loop
     vertex  1.924106e+01  1.307000e+02  1.779963e+01
     vertex  1.924106e+01  1.367000e+02  1.779963e+01
     vertex  1.923472e+01  1.367000e+02  1.773822e+01
   endloop
 endfacet
 facet normal -9.971548e-01  0.000000e+00  7.538152e-02
   outer loop
     vertex  1.924571e+01  1.307000e+02  1.786119e+01
     vertex  1.924106e+01  1.367000e+02  1.779963e+01
     vertex  1.924106e+01  1.307000e+02  1.779963e+01
   endloop
 endfacet
 facet normal -9.971548e-01  0.000000e+00  7.538152e-02
   outer loop
     vertex  1.924571e+01  1.307000e+02  1.786119e+01
     vertex  1.924571e+01  1.367000e+02  1.786119e+01
     vertex  1.924106e+01  1.367000e+02  1.779963e+01
   endloop
 endfacet
 facet normal -9.988475e-01  0.000000e+00  4.799716e-02
   outer loop
     vertex  1.924868e+01  1.307000e+02  1.792285e+01
     vertex  1.924571e+01  1.367000e+02  1.786119e+01
     vertex  1.924571e+01  1.307000e+02  1.786119e+01
   endloop
 endfacet
 facet normal -9.988475e-01  0.000000e+00  4.799716e-02
   outer loop
     vertex  1.924868e+01  1.307000e+02  1.792285e+01
     vertex  1.924868e+01  1.367000e+02  1.792285e+01
     vertex  1.924571e+01  1.367000e+02  1.786119e+01
   endloop
 endfacet
 facet normal -9.997883e-01  0.000000e+00  2.057667e-02
   outer loop
     vertex  1.924995e+01  1.307000e+02  1.798457e+01
     vertex  1.924995e+01  1.367000e+02  1.798457e+01
     vertex  1.924868e+01  1.367000e+02  1.792285e+01
   endloop
 endfacet
 facet normal -9.997883e-01  0.000000e+00  2.057667e-02
   outer loop
     vertex  1.924995e+01  1.307000e+02  1.798457e+01
     vertex  1.924868e+01  1.367000e+02  1.792285e+01
     vertex  1.924868e+01  1.307000e+02  1.792285e+01
   endloop
 endfacet
 facet normal -9.999765e-01  0.000000e+00 -6.859319e-03
   outer loop
     vertex  1.924995e+01  1.307000e+02  1.798457e+01
     vertex  1.924952e+01  1.367000e+02  1.804630e+01
     vertex  1.924995e+01  1.367000e+02  1.798457e+01
   endloop
 endfacet
 facet normal -9.999765e-01  0.000000e+00 -6.859319e-03
   outer loop
     vertex  1.924952e+01  1.307000e+02  1.804630e+01
     vertex  1.924952e+01  1.367000e+02  1.804630e+01
     vertex  1.924995e+01  1.307000e+02  1.798457e+01
   endloop
 endfacet
 facet normal -9.994119e-01  0.000000e+00 -3.429014e-02
   outer loop
     vertex  1.924741e+01  1.307000e+02  1.810799e+01
     vertex  1.924741e+01  1.367000e+02  1.810799e+01
     vertex  1.924952e+01  1.367000e+02  1.804630e+01
   endloop
 endfacet
 facet normal -9.994119e-01  0.000000e+00 -3.429014e-02
   outer loop
     vertex  1.924741e+01  1.307000e+02  1.810799e+01
     vertex  1.924952e+01  1.367000e+02  1.804630e+01
     vertex  1.924952e+01  1.307000e+02  1.804630e+01
   endloop
 endfacet
 facet normal -9.980950e-01  0.000000e+00 -6.169515e-02
   outer loop
     vertex  1.924360e+01  1.307000e+02  1.816961e+01
     vertex  1.924360e+01  1.367000e+02  1.816961e+01
     vertex  1.924741e+01  1.367000e+02  1.810799e+01
   endloop
 endfacet
 facet normal -9.960268e-01  0.000000e+00 -8.905371e-02
   outer loop
     vertex  1.924360e+01  1.307000e+02  1.816961e+01
     vertex  1.923810e+01  1.367000e+02  1.823110e+01
     vertex  1.924360e+01  1.367000e+02  1.816961e+01
   endloop
 endfacet
 facet normal -9.980950e-01  0.000000e+00 -6.169515e-02
   outer loop
     vertex  1.924360e+01  1.307000e+02  1.816961e+01
     vertex  1.924741e+01  1.367000e+02  1.810799e+01
     vertex  1.924741e+01  1.307000e+02  1.810799e+01
   endloop
 endfacet
 facet normal -9.960268e-01  0.000000e+00 -8.905371e-02
   outer loop
     vertex  1.923810e+01  1.307000e+02  1.823110e+01
     vertex  1.923810e+01  1.367000e+02  1.823110e+01
     vertex  1.924360e+01  1.307000e+02  1.816961e+01
   endloop
 endfacet
 facet normal -9.932088e-01  0.000000e+00 -1.163452e-01
   outer loop
     vertex  1.923092e+01  1.307000e+02  1.829241e+01
     vertex  1.923810e+01  1.367000e+02  1.823110e+01
     vertex  1.923810e+01  1.307000e+02  1.823110e+01
   endloop
 endfacet
 facet normal -9.932088e-01  0.000000e+00 -1.163452e-01
   outer loop
     vertex  1.923092e+01  1.307000e+02  1.829241e+01
     vertex  1.923092e+01  1.367000e+02  1.829241e+01
     vertex  1.923810e+01  1.367000e+02  1.823110e+01
   endloop
 endfacet
 facet normal -9.896432e-01  0.000000e+00 -1.435492e-01
   outer loop
     vertex  1.922206e+01  1.307000e+02  1.835350e+01
     vertex  1.923092e+01  1.367000e+02  1.829241e+01
     vertex  1.923092e+01  1.307000e+02  1.829241e+01
   endloop
 endfacet
 facet normal -9.896432e-01  0.000000e+00 -1.435492e-01
   outer loop
     vertex  1.922206e+01  1.307000e+02  1.835350e+01
     vertex  1.922206e+01  1.367000e+02  1.835350e+01
     vertex  1.923092e+01  1.367000e+02  1.829241e+01
   endloop
 endfacet
 facet normal -9.853326e-01  0.000000e+00 -1.706451e-01
   outer loop
     vertex  1.922206e+01  1.307000e+02  1.835350e+01
     vertex  1.921152e+01  1.367000e+02  1.841433e+01
     vertex  1.922206e+01  1.367000e+02  1.835350e+01
   endloop
 endfacet
 facet normal -9.853326e-01  0.000000e+00 -1.706451e-01
   outer loop
     vertex  1.921152e+01  1.307000e+02  1.841433e+01
     vertex  1.921152e+01  1.367000e+02  1.841433e+01
     vertex  1.922206e+01  1.307000e+02  1.835350e+01
   endloop
 endfacet
 facet normal -9.802802e-01  0.000000e+00 -1.976125e-01
   outer loop
     vertex  1.919932e+01  1.307000e+02  1.847484e+01
     vertex  1.921152e+01  1.367000e+02  1.841433e+01
     vertex  1.921152e+01  1.307000e+02  1.841433e+01
   endloop
 endfacet
 facet normal -9.802802e-01  0.000000e+00 -1.976125e-01
   outer loop
     vertex  1.919932e+01  1.307000e+02  1.847484e+01
     vertex  1.919932e+01  1.367000e+02  1.847484e+01
     vertex  1.921152e+01  1.367000e+02  1.841433e+01
   endloop
 endfacet
 facet normal -9.744899e-01  0.000000e+00 -2.244312e-01
   outer loop
     vertex  1.918547e+01  1.307000e+02  1.853500e+01
     vertex  1.919932e+01  1.367000e+02  1.847484e+01
     vertex  1.919932e+01  1.307000e+02  1.847484e+01
   endloop
 endfacet
 facet normal -9.744899e-01  0.000000e+00 -2.244312e-01
   outer loop
     vertex  1.918547e+01  1.307000e+02  1.853500e+01
     vertex  1.918547e+01  1.367000e+02  1.853500e+01
     vertex  1.919932e+01  1.367000e+02  1.847484e+01
   endloop
 endfacet
 facet normal -9.679661e-01  0.000000e+00 -2.510809e-01
   outer loop
     vertex  1.918547e+01  1.307000e+02  1.853500e+01
     vertex  1.916997e+01  1.367000e+02  1.859476e+01
     vertex  1.918547e+01  1.367000e+02  1.853500e+01
   endloop
 endfacet
 facet normal -9.679661e-01  0.000000e+00 -2.510809e-01
   outer loop
     vertex  1.916997e+01  1.307000e+02  1.859476e+01
     vertex  1.916997e+01  1.367000e+02  1.859476e+01
     vertex  1.918547e+01  1.307000e+02  1.853500e+01
   endloop
 endfacet
 facet normal -9.607136e-01  0.000000e+00 -2.775416e-01
   outer loop
     vertex  1.915284e+01  1.307000e+02  1.865406e+01
     vertex  1.916997e+01  1.367000e+02  1.859476e+01
     vertex  1.916997e+01  1.307000e+02  1.859476e+01
   endloop
 endfacet
 facet normal -9.607136e-01  0.000000e+00 -2.775416e-01
   outer loop
     vertex  1.915284e+01  1.307000e+02  1.865406e+01
     vertex  1.915284e+01  1.367000e+02  1.865406e+01
     vertex  1.916997e+01  1.367000e+02  1.859476e+01
   endloop
 endfacet
 facet normal -9.527379e-01  0.000000e+00 -3.037934e-01
   outer loop
     vertex  1.913408e+01  1.307000e+02  1.871288e+01
     vertex  1.915284e+01  1.367000e+02  1.865406e+01
     vertex  1.915284e+01  1.307000e+02  1.865406e+01
   endloop
 endfacet
 facet normal -9.527379e-01  0.000000e+00 -3.037934e-01
   outer loop
     vertex  1.913408e+01  1.307000e+02  1.871288e+01
     vertex  1.913408e+01  1.367000e+02  1.871288e+01
     vertex  1.915284e+01  1.367000e+02  1.865406e+01
   endloop
 endfacet
 facet normal -9.440450e-01  0.000000e+00 -3.298166e-01
   outer loop
     vertex  1.911372e+01  1.307000e+02  1.877116e+01
     vertex  1.913408e+01  1.367000e+02  1.871288e+01
     vertex  1.913408e+01  1.307000e+02  1.871288e+01
   endloop
 endfacet
 facet normal -9.440450e-01  0.000000e+00 -3.298166e-01
   outer loop
     vertex  1.911372e+01  1.307000e+02  1.877116e+01
     vertex  1.911372e+01  1.367000e+02  1.877116e+01
     vertex  1.913408e+01  1.367000e+02  1.871288e+01
   endloop
 endfacet
 facet normal -9.346415e-01  0.000000e+00 -3.555914e-01
   outer loop
     vertex  1.911372e+01  1.307000e+02  1.877116e+01
     vertex  1.909177e+01  1.367000e+02  1.882885e+01
     vertex  1.911372e+01  1.367000e+02  1.877116e+01
   endloop
 endfacet
 facet normal -9.346415e-01  0.000000e+00 -3.555914e-01
   outer loop
     vertex  1.909177e+01  1.307000e+02  1.882885e+01
     vertex  1.909177e+01  1.367000e+02  1.882885e+01
     vertex  1.911372e+01  1.307000e+02  1.877116e+01
   endloop
 endfacet
 facet normal -9.137314e-01  0.000000e+00 -4.063188e-01
   outer loop
     vertex  1.906824e+01  1.307000e+02  1.888593e+01
     vertex  1.904316e+01  1.367000e+02  1.894233e+01
     vertex  1.906824e+01  1.367000e+02  1.888593e+01
   endloop
 endfacet
 facet normal -9.245344e-01  0.000000e+00 -3.810986e-01
   outer loop
     vertex  1.906824e+01  1.307000e+02  1.888593e+01
     vertex  1.909177e+01  1.367000e+02  1.882885e+01
     vertex  1.909177e+01  1.307000e+02  1.882885e+01
   endloop
 endfacet
 facet normal -9.245344e-01  0.000000e+00 -3.810986e-01
   outer loop
     vertex  1.906824e+01  1.307000e+02  1.888593e+01
     vertex  1.906824e+01  1.367000e+02  1.888593e+01
     vertex  1.909177e+01  1.367000e+02  1.882885e+01
   endloop
 endfacet
 facet normal -9.137314e-01  0.000000e+00 -4.063188e-01
   outer loop
     vertex  1.904316e+01  1.307000e+02  1.894233e+01
     vertex  1.904316e+01  1.367000e+02  1.894233e+01
     vertex  1.906824e+01  1.307000e+02  1.888593e+01
   endloop
 endfacet
 facet normal -9.022405e-01  0.000000e+00 -4.312333e-01
   outer loop
     vertex  1.901654e+01  1.307000e+02  1.899803e+01
     vertex  1.901654e+01  1.367000e+02  1.899803e+01
     vertex  1.904316e+01  1.367000e+02  1.894233e+01
   endloop
 endfacet
 facet normal -9.022405e-01  0.000000e+00 -4.312333e-01
   outer loop
     vertex  1.901654e+01  1.307000e+02  1.899803e+01
     vertex  1.904316e+01  1.367000e+02  1.894233e+01
     vertex  1.904316e+01  1.307000e+02  1.894233e+01
   endloop
 endfacet
 facet normal -8.900704e-01  0.000000e+00 -4.558231e-01
   outer loop
     vertex  1.898840e+01  1.307000e+02  1.905298e+01
     vertex  1.898840e+01  1.367000e+02  1.905298e+01
     vertex  1.901654e+01  1.367000e+02  1.899803e+01
   endloop
 endfacet
 facet normal -8.772303e-01  0.000000e+00 -4.800697e-01
   outer loop
     vertex  1.898840e+01  1.307000e+02  1.905298e+01
     vertex  1.895876e+01  1.367000e+02  1.910713e+01
     vertex  1.898840e+01  1.367000e+02  1.905298e+01
   endloop
 endfacet
 facet normal -8.900704e-01  0.000000e+00 -4.558231e-01
   outer loop
     vertex  1.898840e+01  1.307000e+02  1.905298e+01
     vertex  1.901654e+01  1.367000e+02  1.899803e+01
     vertex  1.901654e+01  1.307000e+02  1.899803e+01
   endloop
 endfacet
 facet normal -8.772303e-01  0.000000e+00 -4.800697e-01
   outer loop
     vertex  1.895876e+01  1.307000e+02  1.910713e+01
     vertex  1.895876e+01  1.367000e+02  1.910713e+01
     vertex  1.898840e+01  1.307000e+02  1.905298e+01
   endloop
 endfacet
 facet normal -8.637299e-01  0.000000e+00 -5.039550e-01
   outer loop
     vertex  1.892765e+01  1.307000e+02  1.916045e+01
     vertex  1.892765e+01  1.367000e+02  1.916045e+01
     vertex  1.895876e+01  1.367000e+02  1.910713e+01
   endloop
 endfacet
 facet normal -8.637299e-01  0.000000e+00 -5.039550e-01
   outer loop
     vertex  1.892765e+01  1.307000e+02  1.916045e+01
     vertex  1.895876e+01  1.367000e+02  1.910713e+01
     vertex  1.895876e+01  1.307000e+02  1.910713e+01
   endloop
 endfacet
 facet normal -8.495793e-01  0.000000e+00 -5.274609e-01
   outer loop
     vertex  1.889509e+01  1.307000e+02  1.921290e+01
     vertex  1.889509e+01  1.367000e+02  1.921290e+01
     vertex  1.892765e+01  1.367000e+02  1.916045e+01
   endloop
 endfacet
 facet normal -8.347891e-01  0.000000e+00 -5.505698e-01
   outer loop
     vertex  1.889509e+01  1.307000e+02  1.921290e+01
     vertex  1.886110e+01  1.367000e+02  1.926443e+01
     vertex  1.889509e+01  1.367000e+02  1.921290e+01
   endloop
 endfacet
 facet normal -8.495793e-01  0.000000e+00 -5.274609e-01
   outer loop
     vertex  1.889509e+01  1.307000e+02  1.921290e+01
     vertex  1.892765e+01  1.367000e+02  1.916045e+01
     vertex  1.892765e+01  1.307000e+02  1.916045e+01
   endloop
 endfacet
 facet normal -8.347891e-01  0.000000e+00 -5.505698e-01
   outer loop
     vertex  1.886110e+01  1.307000e+02  1.926443e+01
     vertex  1.886110e+01  1.367000e+02  1.926443e+01
     vertex  1.889509e+01  1.307000e+02  1.921290e+01
   endloop
 endfacet
 facet normal -8.193706e-01  0.000000e+00 -5.732642e-01
   outer loop
     vertex  1.882572e+01  1.307000e+02  1.931501e+01
     vertex  1.882572e+01  1.367000e+02  1.931501e+01
     vertex  1.886110e+01  1.367000e+02  1.926443e+01
   endloop
 endfacet
 facet normal -8.193706e-01  0.000000e+00 -5.732642e-01
   outer loop
     vertex  1.882572e+01  1.307000e+02  1.931501e+01
     vertex  1.886110e+01  1.367000e+02  1.926443e+01
     vertex  1.886110e+01  1.307000e+02  1.926443e+01
   endloop
 endfacet
 facet normal -8.033352e-01  0.000000e+00 -5.955271e-01
   outer loop
     vertex  1.878895e+01  1.307000e+02  1.936461e+01
     vertex  1.878895e+01  1.367000e+02  1.936461e+01
     vertex  1.882572e+01  1.367000e+02  1.931501e+01
   endloop
 endfacet
 facet normal -7.866951e-01  0.000000e+00 -6.173417e-01
   outer loop
     vertex  1.878895e+01  1.307000e+02  1.936461e+01
     vertex  1.875084e+01  1.367000e+02  1.941317e+01
     vertex  1.878895e+01  1.367000e+02  1.936461e+01
   endloop
 endfacet
 facet normal -8.033352e-01  0.000000e+00 -5.955271e-01
   outer loop
     vertex  1.878895e+01  1.307000e+02  1.936461e+01
     vertex  1.882572e+01  1.367000e+02  1.931501e+01
     vertex  1.882572e+01  1.307000e+02  1.931501e+01
   endloop
 endfacet
 facet normal -7.866951e-01  0.000000e+00 -6.173417e-01
   outer loop
     vertex  1.875084e+01  1.307000e+02  1.941317e+01
     vertex  1.875084e+01  1.367000e+02  1.941317e+01
     vertex  1.878895e+01  1.307000e+02  1.936461e+01
   endloop
 endfacet
 facet normal -7.694628e-01  0.000000e+00 -6.386916e-01
   outer loop
     vertex  1.871141e+01  1.307000e+02  1.946067e+01
     vertex  1.871141e+01  1.367000e+02  1.946067e+01
     vertex  1.875084e+01  1.367000e+02  1.941317e+01
   endloop
 endfacet
 facet normal -7.694628e-01  0.000000e+00 -6.386916e-01
   outer loop
     vertex  1.871141e+01  1.307000e+02  1.946067e+01
     vertex  1.875084e+01  1.367000e+02  1.941317e+01
     vertex  1.875084e+01  1.307000e+02  1.941317e+01
   endloop
 endfacet
 facet normal -7.516513e-01  0.000000e+00 -6.595607e-01
   outer loop
     vertex  1.867070e+01  1.307000e+02  1.950707e+01
     vertex  1.867070e+01  1.367000e+02  1.950707e+01
     vertex  1.871141e+01  1.367000e+02  1.946067e+01
   endloop
 endfacet
 facet normal -7.516513e-01  0.000000e+00 -6.595607e-01
   outer loop
     vertex  1.867070e+01  1.307000e+02  1.950707e+01
     vertex  1.871141e+01  1.367000e+02  1.946067e+01
     vertex  1.871141e+01  1.307000e+02  1.946067e+01
   endloop
 endfacet
 facet normal -7.332740e-01  0.000000e+00 -6.799333e-01
   outer loop
     vertex  1.862872e+01  1.307000e+02  1.955234e+01
     vertex  1.862872e+01  1.367000e+02  1.955234e+01
     vertex  1.867070e+01  1.367000e+02  1.950707e+01
   endloop
 endfacet
 facet normal -7.143447e-01  0.000000e+00 -6.997940e-01
   outer loop
     vertex  1.862872e+01  1.307000e+02  1.955234e+01
     vertex  1.858552e+01  1.367000e+02  1.959644e+01
     vertex  1.862872e+01  1.367000e+02  1.955234e+01
   endloop
 endfacet
 facet normal -7.332740e-01  0.000000e+00 -6.799333e-01
   outer loop
     vertex  1.862872e+01  1.307000e+02  1.955234e+01
     vertex  1.867070e+01  1.367000e+02  1.950707e+01
     vertex  1.867070e+01  1.307000e+02  1.950707e+01
   endloop
 endfacet
 facet normal -7.143447e-01  0.000000e+00 -6.997940e-01
   outer loop
     vertex  1.858552e+01  1.307000e+02  1.959644e+01
     vertex  1.858552e+01  1.367000e+02  1.959644e+01
     vertex  1.862872e+01  1.307000e+02  1.955234e+01
   endloop
 endfacet
 facet normal -6.948776e-01  0.000000e+00 -7.191280e-01
   outer loop
     vertex  1.858552e+01  1.307000e+02  1.959644e+01
     vertex  1.854113e+01  1.367000e+02  1.963933e+01
     vertex  1.858552e+01  1.367000e+02  1.959644e+01
   endloop
 endfacet
 facet normal -6.948776e-01  0.000000e+00 -7.191280e-01
   outer loop
     vertex  1.854113e+01  1.307000e+02  1.963933e+01
     vertex  1.854113e+01  1.367000e+02  1.963933e+01
     vertex  1.858552e+01  1.307000e+02  1.959644e+01
   endloop
 endfacet
 facet normal -6.748875e-01  0.000000e+00 -7.379206e-01
   outer loop
     vertex  1.854113e+01  1.307000e+02  1.963933e+01
     vertex  1.849558e+01  1.367000e+02  1.968100e+01
     vertex  1.854113e+01  1.367000e+02  1.963933e+01
   endloop
 endfacet
 facet normal -6.748875e-01  0.000000e+00 -7.379206e-01
   outer loop
     vertex  1.849558e+01  1.307000e+02  1.968100e+01
     vertex  1.849558e+01  1.367000e+02  1.968100e+01
     vertex  1.854113e+01  1.307000e+02  1.963933e+01
   endloop
 endfacet
 facet normal -6.543893e-01  0.000000e+00 -7.561578e-01
   outer loop
     vertex  1.844890e+01  1.307000e+02  1.972139e+01
     vertex  1.849558e+01  1.367000e+02  1.968100e+01
     vertex  1.849558e+01  1.307000e+02  1.968100e+01
   endloop
 endfacet
 facet normal -6.543893e-01  0.000000e+00 -7.561578e-01
   outer loop
     vertex  1.844890e+01  1.307000e+02  1.972139e+01
     vertex  1.844890e+01  1.367000e+02  1.972139e+01
     vertex  1.849558e+01  1.367000e+02  1.968100e+01
   endloop
 endfacet
 facet normal -6.333986e-01  0.000000e+00 -7.738257e-01
   outer loop
     vertex  1.844890e+01  1.307000e+02  1.972139e+01
     vertex  1.840113e+01  1.367000e+02  1.976049e+01
     vertex  1.844890e+01  1.367000e+02  1.972139e+01
   endloop
 endfacet
 facet normal -6.333986e-01  0.000000e+00 -7.738257e-01
   outer loop
     vertex  1.840113e+01  1.307000e+02  1.976049e+01
     vertex  1.840113e+01  1.367000e+02  1.976049e+01
     vertex  1.844890e+01  1.307000e+02  1.972139e+01
   endloop
 endfacet
 facet normal -6.119310e-01  0.000000e+00 -7.909112e-01
   outer loop
     vertex  1.835230e+01  1.307000e+02  1.979827e+01
     vertex  1.835230e+01  1.367000e+02  1.979827e+01
     vertex  1.840113e+01  1.367000e+02  1.976049e+01
   endloop
 endfacet
 facet normal -6.119310e-01  0.000000e+00 -7.909112e-01
   outer loop
     vertex  1.835230e+01  1.307000e+02  1.979827e+01
     vertex  1.840113e+01  1.367000e+02  1.976049e+01
     vertex  1.840113e+01  1.307000e+02  1.976049e+01
   endloop
 endfacet
 facet normal -5.900028e-01  0.000000e+00 -8.074012e-01
   outer loop
     vertex  1.830246e+01  1.307000e+02  1.983469e+01
     vertex  1.835230e+01  1.367000e+02  1.979827e+01
     vertex  1.835230e+01  1.307000e+02  1.979827e+01
   endloop
 endfacet
 facet normal -5.900028e-01  0.000000e+00 -8.074012e-01
   outer loop
     vertex  1.830246e+01  1.307000e+02  1.983469e+01
     vertex  1.830246e+01  1.367000e+02  1.983469e+01
     vertex  1.835230e+01  1.367000e+02  1.979827e+01
   endloop
 endfacet
 facet normal -5.676304e-01  0.000000e+00 -8.232835e-01
   outer loop
     vertex  1.830246e+01  1.307000e+02  1.983469e+01
     vertex  1.825164e+01  1.367000e+02  1.986973e+01
     vertex  1.830246e+01  1.367000e+02  1.983469e+01
   endloop
 endfacet
 facet normal -5.448308e-01  0.000000e+00 -8.385460e-01
   outer loop
     vertex  1.825164e+01  1.307000e+02  1.986973e+01
     vertex  1.819987e+01  1.367000e+02  1.990337e+01
     vertex  1.825164e+01  1.367000e+02  1.986973e+01
   endloop
 endfacet
 facet normal -5.676304e-01  0.000000e+00 -8.232835e-01
   outer loop
     vertex  1.825164e+01  1.307000e+02  1.986973e+01
     vertex  1.825164e+01  1.367000e+02  1.986973e+01
     vertex  1.830246e+01  1.307000e+02  1.983469e+01
   endloop
 endfacet
 facet normal -5.448308e-01  0.000000e+00 -8.385460e-01
   outer loop
     vertex  1.819987e+01  1.307000e+02  1.990337e+01
     vertex  1.819987e+01  1.367000e+02  1.990337e+01
     vertex  1.825164e+01  1.307000e+02  1.986973e+01
   endloop
 endfacet
 facet normal -5.216210e-01  0.000000e+00 -8.531773e-01
   outer loop
     vertex  1.814720e+01  1.307000e+02  1.993557e+01
     vertex  1.814720e+01  1.367000e+02  1.993557e+01
     vertex  1.819987e+01  1.367000e+02  1.990337e+01
   endloop
 endfacet
 facet normal -4.980186e-01  0.000000e+00 -8.671664e-01
   outer loop
     vertex  1.814720e+01  1.307000e+02  1.993557e+01
     vertex  1.809367e+01  1.367000e+02  1.996631e+01
     vertex  1.814720e+01  1.367000e+02  1.993557e+01
   endloop
 endfacet
 facet normal -5.216210e-01  0.000000e+00 -8.531773e-01
   outer loop
     vertex  1.814720e+01  1.307000e+02  1.993557e+01
     vertex  1.819987e+01  1.367000e+02  1.990337e+01
     vertex  1.819987e+01  1.307000e+02  1.990337e+01
   endloop
 endfacet
 facet normal -4.980186e-01  0.000000e+00 -8.671664e-01
   outer loop
     vertex  1.809367e+01  1.307000e+02  1.996631e+01
     vertex  1.809367e+01  1.367000e+02  1.996631e+01
     vertex  1.814720e+01  1.307000e+02  1.993557e+01
   endloop
 endfacet
 facet normal -4.740412e-01  0.000000e+00 -8.805026e-01
   outer loop
     vertex  1.803931e+01  1.307000e+02  1.999558e+01
     vertex  1.803931e+01  1.367000e+02  1.999558e+01
     vertex  1.809367e+01  1.367000e+02  1.996631e+01
   endloop
 endfacet
 facet normal -4.740412e-01  0.000000e+00 -8.805026e-01
   outer loop
     vertex  1.803931e+01  1.307000e+02  1.999558e+01
     vertex  1.809367e+01  1.367000e+02  1.996631e+01
     vertex  1.809367e+01  1.307000e+02  1.996631e+01
   endloop
 endfacet
 facet normal -4.497071e-01  0.000000e+00 -8.931761e-01
   outer loop
     vertex  1.798418e+01  1.307000e+02  2.002334e+01
     vertex  1.798418e+01  1.367000e+02  2.002334e+01
     vertex  1.803931e+01  1.367000e+02  1.999558e+01
   endloop
 endfacet
 facet normal -4.250344e-01  0.000000e+00 -9.051772e-01
   outer loop
     vertex  1.798418e+01  1.307000e+02  2.002334e+01
     vertex  1.792830e+01  1.367000e+02  2.004958e+01
     vertex  1.798418e+01  1.367000e+02  2.002334e+01
   endloop
 endfacet
 facet normal -4.497071e-01  0.000000e+00 -8.931761e-01
   outer loop
     vertex  1.798418e+01  1.307000e+02  2.002334e+01
     vertex  1.803931e+01  1.367000e+02  1.999558e+01
     vertex  1.803931e+01  1.307000e+02  1.999558e+01
   endloop
 endfacet
 facet normal -4.250344e-01  0.000000e+00 -9.051772e-01
   outer loop
     vertex  1.792830e+01  1.307000e+02  2.004958e+01
     vertex  1.792830e+01  1.367000e+02  2.004958e+01
     vertex  1.798418e+01  1.307000e+02  2.002334e+01
   endloop
 endfacet
 facet normal -4.000417e-01  0.000000e+00 -9.164969e-01
   outer loop
     vertex  1.787172e+01  1.307000e+02  2.007427e+01
     vertex  1.787172e+01  1.367000e+02  2.007427e+01
     vertex  1.792830e+01  1.367000e+02  2.004958e+01
   endloop
 endfacet
 facet normal -4.000417e-01  0.000000e+00 -9.164969e-01
   outer loop
     vertex  1.787172e+01  1.307000e+02  2.007427e+01
     vertex  1.792830e+01  1.367000e+02  2.004958e+01
     vertex  1.792830e+01  1.307000e+02  2.004958e+01
   endloop
 endfacet
 facet normal -3.747479e-01  0.000000e+00 -9.271267e-01
   outer loop
     vertex  1.781449e+01  1.307000e+02  2.009741e+01
     vertex  1.781449e+01  1.367000e+02  2.009741e+01
     vertex  1.787172e+01  1.367000e+02  2.007427e+01
   endloop
 endfacet
 facet normal -3.491720e-01  0.000000e+00 -9.370586e-01
   outer loop
     vertex  1.781449e+01  1.307000e+02  2.009741e+01
     vertex  1.775664e+01  1.367000e+02  2.011896e+01
     vertex  1.781449e+01  1.367000e+02  2.009741e+01
   endloop
 endfacet
 facet normal -3.747479e-01  0.000000e+00 -9.271267e-01
   outer loop
     vertex  1.781449e+01  1.307000e+02  2.009741e+01
     vertex  1.787172e+01  1.367000e+02  2.007427e+01
     vertex  1.787172e+01  1.307000e+02  2.007427e+01
   endloop
 endfacet
 facet normal -3.491720e-01  0.000000e+00 -9.370586e-01
   outer loop
     vertex  1.775664e+01  1.307000e+02  2.011896e+01
     vertex  1.775664e+01  1.367000e+02  2.011896e+01
     vertex  1.781449e+01  1.307000e+02  2.009741e+01
   endloop
 endfacet
 facet normal -3.233333e-01  0.000000e+00 -9.462851e-01
   outer loop
     vertex  1.769822e+01  1.307000e+02  2.013892e+01
     vertex  1.769822e+01  1.367000e+02  2.013892e+01
     vertex  1.775664e+01  1.367000e+02  2.011896e+01
   endloop
 endfacet
 facet normal -3.233333e-01  0.000000e+00 -9.462851e-01
   outer loop
     vertex  1.769822e+01  1.307000e+02  2.013892e+01
     vertex  1.775664e+01  1.367000e+02  2.011896e+01
     vertex  1.775664e+01  1.307000e+02  2.011896e+01
   endloop
 endfacet
 facet normal -2.972512e-01  0.000000e+00 -9.547993e-01
   outer loop
     vertex  1.763928e+01  1.307000e+02  2.015727e+01
     vertex  1.763928e+01  1.367000e+02  2.015727e+01
     vertex  1.769822e+01  1.367000e+02  2.013892e+01
   endloop
 endfacet
 facet normal -2.709453e-01  0.000000e+00 -9.625948e-01
   outer loop
     vertex  1.763928e+01  1.307000e+02  2.015727e+01
     vertex  1.757986e+01  1.367000e+02  2.017400e+01
     vertex  1.763928e+01  1.367000e+02  2.015727e+01
   endloop
 endfacet
 facet normal -2.972512e-01  0.000000e+00 -9.547993e-01
   outer loop
     vertex  1.763928e+01  1.307000e+02  2.015727e+01
     vertex  1.769822e+01  1.367000e+02  2.013892e+01
     vertex  1.769822e+01  1.307000e+02  2.013892e+01
   endloop
 endfacet
 facet normal -2.709453e-01  0.000000e+00 -9.625948e-01
   outer loop
     vertex  1.757986e+01  1.307000e+02  2.017400e+01
     vertex  1.757986e+01  1.367000e+02  2.017400e+01
     vertex  1.763928e+01  1.307000e+02  2.015727e+01
   endloop
 endfacet
 facet normal -2.444354e-01  0.000000e+00 -9.696656e-01
   outer loop
     vertex  1.752000e+01  1.307000e+02  2.018909e+01
     vertex  1.752000e+01  1.367000e+02  2.018909e+01
     vertex  1.757986e+01  1.367000e+02  2.017400e+01
   endloop
 endfacet
 facet normal -2.444354e-01  0.000000e+00 -9.696656e-01
   outer loop
     vertex  1.752000e+01  1.307000e+02  2.018909e+01
     vertex  1.757986e+01  1.367000e+02  2.017400e+01
     vertex  1.757986e+01  1.307000e+02  2.017400e+01
   endloop
 endfacet
 facet normal -2.177416e-01  0.000000e+00 -9.760065e-01
   outer loop
     vertex  1.745975e+01  1.307000e+02  2.020253e+01
     vertex  1.745975e+01  1.367000e+02  2.020253e+01
     vertex  1.752000e+01  1.367000e+02  2.018909e+01
   endloop
 endfacet
 facet normal -1.908838e-01  0.000000e+00 -9.816126e-01
   outer loop
     vertex  1.745975e+01  1.307000e+02  2.020253e+01
     vertex  1.739915e+01  1.367000e+02  2.021431e+01
     vertex  1.745975e+01  1.367000e+02  2.020253e+01
   endloop
 endfacet
 facet normal -2.177416e-01  0.000000e+00 -9.760065e-01
   outer loop
     vertex  1.745975e+01  1.307000e+02  2.020253e+01
     vertex  1.752000e+01  1.367000e+02  2.018909e+01
     vertex  1.752000e+01  1.307000e+02  2.018909e+01
   endloop
 endfacet
 facet normal -1.908838e-01  0.000000e+00 -9.816126e-01
   outer loop
     vertex  1.739915e+01  1.307000e+02  2.021431e+01
     vertex  1.739915e+01  1.367000e+02  2.021431e+01
     vertex  1.745975e+01  1.307000e+02  2.020253e+01
   endloop
 endfacet
 facet normal -1.638824e-01  0.000000e+00 -9.864799e-01
   outer loop
     vertex  1.733825e+01  1.307000e+02  2.022443e+01
     vertex  1.733825e+01  1.367000e+02  2.022443e+01
     vertex  1.739915e+01  1.367000e+02  2.021431e+01
   endloop
 endfacet
 facet normal -1.638824e-01  0.000000e+00 -9.864799e-01
   outer loop
     vertex  1.733825e+01  1.307000e+02  2.022443e+01
     vertex  1.739915e+01  1.367000e+02  2.021431e+01
     vertex  1.739915e+01  1.307000e+02  2.021431e+01
   endloop
 endfacet
 facet normal -1.367575e-01  0.000000e+00 -9.906046e-01
   outer loop
     vertex  1.727710e+01  1.307000e+02  2.023287e+01
     vertex  1.727710e+01  1.367000e+02  2.023287e+01
     vertex  1.733825e+01  1.367000e+02  2.022443e+01
   endloop
 endfacet
 facet normal -1.095298e-01  0.000000e+00 -9.939835e-01
   outer loop
     vertex  1.727710e+01  1.307000e+02  2.023287e+01
     vertex  1.721574e+01  1.367000e+02  2.023963e+01
     vertex  1.727710e+01  1.367000e+02  2.023287e+01
   endloop
 endfacet
 facet normal -1.367575e-01  0.000000e+00 -9.906046e-01
   outer loop
     vertex  1.727710e+01  1.307000e+02  2.023287e+01
     vertex  1.733825e+01  1.367000e+02  2.022443e+01
     vertex  1.733825e+01  1.307000e+02  2.022443e+01
   endloop
 endfacet
 facet normal -1.095298e-01  0.000000e+00 -9.939835e-01
   outer loop
     vertex  1.721574e+01  1.307000e+02  2.023963e+01
     vertex  1.721574e+01  1.367000e+02  2.023963e+01
     vertex  1.727710e+01  1.307000e+02  2.023287e+01
   endloop
 endfacet
 facet normal -8.221955e-02  0.000000e+00 -9.966142e-01
   outer loop
     vertex  1.715421e+01  1.307000e+02  2.024471e+01
     vertex  1.721574e+01  1.367000e+02  2.023963e+01
     vertex  1.721574e+01  1.307000e+02  2.023963e+01
   endloop
 endfacet
 facet normal -8.221955e-02  0.000000e+00 -9.966142e-01
   outer loop
     vertex  1.715421e+01  1.307000e+02  2.024471e+01
     vertex  1.715421e+01  1.367000e+02  2.024471e+01
     vertex  1.721574e+01  1.367000e+02  2.023963e+01
   endloop
 endfacet
 facet normal -5.484744e-02  0.000000e+00 -9.984947e-01
   outer loop
     vertex  1.715421e+01  1.307000e+02  2.024471e+01
     vertex  1.709258e+01  1.367000e+02  2.024809e+01
     vertex  1.715421e+01  1.367000e+02  2.024471e+01
   endloop
 endfacet
 facet normal -5.484744e-02  0.000000e+00 -9.984947e-01
   outer loop
     vertex  1.709258e+01  1.307000e+02  2.024809e+01
     vertex  1.709258e+01  1.367000e+02  2.024809e+01
     vertex  1.715421e+01  1.307000e+02  2.024471e+01
   endloop
 endfacet
 facet normal -2.743405e-02  0.000000e+00 -9.996236e-01
   outer loop
     vertex  1.709258e+01  1.307000e+02  2.024809e+01
     vertex  1.703087e+01  1.367000e+02  2.024979e+01
     vertex  1.709258e+01  1.367000e+02  2.024809e+01
   endloop
 endfacet
 facet normal -2.743405e-02  0.000000e+00 -9.996236e-01
   outer loop
     vertex  1.703087e+01  1.307000e+02  2.024979e+01
     vertex  1.703087e+01  1.367000e+02  2.024979e+01
     vertex  1.709258e+01  1.307000e+02  2.024809e+01
   endloop
 endfacet
 facet normal  0.000000e+00  0.000000e+00 -1.000000e+00
   outer loop
     vertex  1.703087e+01  1.307000e+02  2.024979e+01
     vertex  1.696913e+01  1.367000e+02  2.024979e+01
     vertex  1.703087e+01  1.367000e+02  2.024979e+01
   endloop
 endfacet
 facet normal  0.000000e+00  0.000000e+00 -1.000000e+00
   outer loop
     vertex  1.696913e+01  1.307000e+02  2.024979e+01
     vertex  1.696913e+01  1.367000e+02  2.024979e+01
     vertex  1.703087e+01  1.307000e+02  2.024979e+01
   endloop
 endfacet
 facet normal  2.743405e-02  0.000000e+00 -9.996236e-01
   outer loop
     vertex  1.690742e+01  1.307000e+02  2.024809e+01
     vertex  1.696913e+01  1.367000e+02  2.024979e+01
     vertex  1.696913e+01  1.307000e+02  2.024979e+01
   endloop
 endfacet
 facet normal  2.743405e-02  0.000000e+00 -9.996236e-01
   outer loop
     vertex  1.690742e+01  1.307000e+02  2.024809e+01
     vertex  1.690742e+01  1.367000e+02  2.024809e+01
     vertex  1.696913e+01  1.367000e+02  2.024979e+01
   endloop
 endfacet
 facet normal  5.484744e-02  0.000000e+00 -9.984947e-01
   outer loop
     vertex  1.684579e+01  1.307000e+02  2.024471e+01
     vertex  1.690742e+01  1.367000e+02  2.024809e+01
     vertex  1.690742e+01  1.307000e+02  2.024809e+01
   endloop
 endfacet
 facet normal  5.484744e-02  0.000000e+00 -9.984947e-01
   outer loop
     vertex  1.684579e+01  1.307000e+02  2.024471e+01
     vertex  1.684579e+01  1.367000e+02  2.024471e+01
     vertex  1.690742e+01  1.367000e+02  2.024809e+01
   endloop
 endfacet
 facet normal  8.221955e-02  0.000000e+00 -9.966142e-01
   outer loop
     vertex  1.678426e+01  1.307000e+02  2.023963e+01
     vertex  1.684579e+01  1.367000e+02  2.024471e+01
     vertex  1.684579e+01  1.307000e+02  2.024471e+01
   endloop
 endfacet
 facet normal  8.221955e-02  0.000000e+00 -9.966142e-01
   outer loop
     vertex  1.678426e+01  1.307000e+02  2.023963e+01
     vertex  1.678426e+01  1.367000e+02  2.023963e+01
     vertex  1.684579e+01  1.367000e+02  2.024471e+01
   endloop
 endfacet
 facet normal  1.095298e-01  0.000000e+00 -9.939835e-01
   outer loop
     vertex  1.678426e+01  1.307000e+02  2.023963e+01
     vertex  1.672290e+01  1.367000e+02  2.023287e+01
     vertex  1.678426e+01  1.367000e+02  2.023963e+01
   endloop
 endfacet
 facet normal  1.095298e-01  0.000000e+00 -9.939835e-01
   outer loop
     vertex  1.672290e+01  1.307000e+02  2.023287e+01
     vertex  1.672290e+01  1.367000e+02  2.023287e+01
     vertex  1.678426e+01  1.307000e+02  2.023963e+01
   endloop
 endfacet
 facet normal  1.367575e-01  0.000000e+00 -9.906046e-01
   outer loop
     vertex  1.672290e+01  1.307000e+02  2.023287e+01
     vertex  1.666175e+01  1.367000e+02  2.022443e+01
     vertex  1.672290e+01  1.367000e+02  2.023287e+01
   endloop
 endfacet
 facet normal  1.367575e-01  0.000000e+00 -9.906046e-01
   outer loop
     vertex  1.666175e+01  1.307000e+02  2.022443e+01
     vertex  1.666175e+01  1.367000e+02  2.022443e+01
     vertex  1.672290e+01  1.307000e+02  2.023287e+01
   endloop
 endfacet
 facet normal  1.638824e-01  0.000000e+00 -9.864799e-01
   outer loop
     vertex  1.666175e+01  1.307000e+02  2.022443e+01
     vertex  1.660085e+01  1.367000e+02  2.021431e+01
     vertex  1.666175e+01  1.367000e+02  2.022443e+01
   endloop
 endfacet
 facet normal  1.638824e-01  0.000000e+00 -9.864799e-01
   outer loop
     vertex  1.660085e+01  1.307000e+02  2.021431e+01
     vertex  1.660085e+01  1.367000e+02  2.021431e+01
     vertex  1.666175e+01  1.307000e+02  2.022443e+01
   endloop
 endfacet
 facet normal  1.908838e-01  0.000000e+00 -9.816126e-01
   outer loop
     vertex  1.654025e+01  1.307000e+02  2.020253e+01
     vertex  1.660085e+01  1.367000e+02  2.021431e+01
     vertex  1.660085e+01  1.307000e+02  2.021431e+01
   endloop
 endfacet
 facet normal  1.908838e-01  0.000000e+00 -9.816126e-01
   outer loop
     vertex  1.654025e+01  1.307000e+02  2.020253e+01
     vertex  1.654025e+01  1.367000e+02  2.020253e+01
     vertex  1.660085e+01  1.367000e+02  2.021431e+01
   endloop
 endfacet
 facet normal  2.177416e-01  0.000000e+00 -9.760065e-01
   outer loop
     vertex  1.654025e+01  1.307000e+02  2.020253e+01
     vertex  1.648000e+01  1.367000e+02  2.018909e+01
     vertex  1.654025e+01  1.367000e+02  2.020253e+01
   endloop
 endfacet
 facet normal  2.177416e-01  0.000000e+00 -9.760065e-01
   outer loop
     vertex  1.648000e+01  1.307000e+02  2.018909e+01
     vertex  1.648000e+01  1.367000e+02  2.018909e+01
     vertex  1.654025e+01  1.307000e+02  2.020253e+01
   endloop
 endfacet
 facet normal  2.444354e-01  0.000000e+00 -9.696656e-01
   outer loop
     vertex  1.642014e+01  1.307000e+02  2.017400e+01
     vertex  1.642014e+01  1.367000e+02  2.017400e+01
     vertex  1.648000e+01  1.367000e+02  2.018909e+01
   endloop
 endfacet
 facet normal  2.709453e-01  0.000000e+00 -9.625948e-01
   outer loop
     vertex  1.642014e+01  1.307000e+02  2.017400e+01
     vertex  1.636072e+01  1.367000e+02  2.015727e+01
     vertex  1.642014e+01  1.367000e+02  2.017400e+01
   endloop
 endfacet
 facet normal  2.444354e-01  0.000000e+00 -9.696656e-01
   outer loop
     vertex  1.642014e+01  1.307000e+02  2.017400e+01
     vertex  1.648000e+01  1.367000e+02  2.018909e+01
     vertex  1.648000e+01  1.307000e+02  2.018909e+01
   endloop
 endfacet
 facet normal  2.709453e-01  0.000000e+00 -9.625948e-01
   outer loop
     vertex  1.636072e+01  1.307000e+02  2.015727e+01
     vertex  1.636072e+01  1.367000e+02  2.015727e+01
     vertex  1.642014e+01  1.307000e+02  2.017400e+01
   endloop
 endfacet
 facet normal  2.972512e-01  0.000000e+00 -9.547993e-01
   outer loop
     vertex  1.630178e+01  1.307000e+02  2.013892e+01
     vertex  1.630178e+01  1.367000e+02  2.013892e+01
     vertex  1.636072e+01  1.367000e+02  2.015727e+01
   endloop
 endfacet
 facet normal  2.972512e-01  0.000000e+00 -9.547993e-01
   outer loop
     vertex  1.630178e+01  1.307000e+02  2.013892e+01
     vertex  1.636072e+01  1.367000e+02  2.015727e+01
     vertex  1.636072e+01  1.307000e+02  2.015727e+01
   endloop
 endfacet
 facet normal  3.233333e-01  0.000000e+00 -9.462851e-01
   outer loop
     vertex  1.624336e+01  1.307000e+02  2.011896e+01
     vertex  1.624336e+01  1.367000e+02  2.011896e+01
     vertex  1.630178e+01  1.367000e+02  2.013892e+01
   endloop
 endfacet
 facet normal  3.491720e-01  0.000000e+00 -9.370586e-01
   outer loop
     vertex  1.624336e+01  1.307000e+02  2.011896e+01
     vertex  1.618551e+01  1.367000e+02  2.009741e+01
     vertex  1.624336e+01  1.367000e+02  2.011896e+01
   endloop
 endfacet
 facet normal  3.233333e-01  0.000000e+00 -9.462851e-01
   outer loop
     vertex  1.624336e+01  1.307000e+02  2.011896e+01
     vertex  1.630178e+01  1.367000e+02  2.013892e+01
     vertex  1.630178e+01  1.307000e+02  2.013892e+01
   endloop
 endfacet
 facet normal  3.491720e-01  0.000000e+00 -9.370586e-01
   outer loop
     vertex  1.618551e+01  1.307000e+02  2.009741e+01
     vertex  1.618551e+01  1.367000e+02  2.009741e+01
     vertex  1.624336e+01  1.307000e+02  2.011896e+01
   endloop
 endfacet
 facet normal  3.747479e-01  0.000000e+00 -9.271267e-01
   outer loop
     vertex  1.612828e+01  1.307000e+02  2.007427e+01
     vertex  1.612828e+01  1.367000e+02  2.007427e+01
     vertex  1.618551e+01  1.367000e+02  2.009741e+01
   endloop
 endfacet
 facet normal  3.747479e-01  0.000000e+00 -9.271267e-01
   outer loop
     vertex  1.612828e+01  1.307000e+02  2.007427e+01
     vertex  1.618551e+01  1.367000e+02  2.009741e+01
     vertex  1.618551e+01  1.307000e+02  2.009741e+01
   endloop
 endfacet
 facet normal  4.000417e-01  0.000000e+00 -9.164969e-01
   outer loop
     vertex  1.607170e+01  1.307000e+02  2.004958e+01
     vertex  1.607170e+01  1.367000e+02  2.004958e+01
     vertex  1.612828e+01  1.367000e+02  2.007427e+01
   endloop
 endfacet
 facet normal  4.250344e-01  0.000000e+00 -9.051772e-01
   outer loop
     vertex  1.607170e+01  1.307000e+02  2.004958e+01
     vertex  1.601582e+01  1.367000e+02  2.002334e+01
     vertex  1.607170e+01  1.367000e+02  2.004958e+01
   endloop
 endfacet
 facet normal  4.000417e-01  0.000000e+00 -9.164969e-01
   outer loop
     vertex  1.607170e+01  1.307000e+02  2.004958e+01
     vertex  1.612828e+01  1.367000e+02  2.007427e+01
     vertex  1.612828e+01  1.307000e+02  2.007427e+01
   endloop
 endfacet
 facet normal  4.497071e-01  0.000000e+00 -8.931761e-01
   outer loop
     vertex  1.601582e+01  1.307000e+02  2.002334e+01
     vertex  1.596069e+01  1.367000e+02  1.999558e+01
     vertex  1.601582e+01  1.367000e+02  2.002334e+01
   endloop
 endfacet
 facet normal  4.250344e-01  0.000000e+00 -9.051772e-01
   outer loop
     vertex  1.601582e+01  1.307000e+02  2.002334e+01
     vertex  1.601582e+01  1.367000e+02  2.002334e+01
     vertex  1.607170e+01  1.307000e+02  2.004958e+01
   endloop
 endfacet
 facet normal  4.497071e-01  0.000000e+00 -8.931761e-01
   outer loop
     vertex  1.596069e+01  1.307000e+02  1.999558e+01
     vertex  1.596069e+01  1.367000e+02  1.999558e+01
     vertex  1.601582e+01  1.307000e+02  2.002334e+01
   endloop
 endfacet
 facet normal  4.740412e-01  0.000000e+00 -8.805026e-01
   outer loop
     vertex  1.590633e+01  1.307000e+02  1.996631e+01
     vertex  1.590633e+01  1.367000e+02  1.996631e+01
     vertex  1.596069e+01  1.367000e+02  1.999558e+01
   endloop
 endfacet
 facet normal  4.740412e-01  0.000000e+00 -8.805026e-01
   outer loop
     vertex  1.590633e+01  1.307000e+02  1.996631e+01
     vertex  1.596069e+01  1.367000e+02  1.999558e+01
     vertex  1.596069e+01  1.307000e+02  1.999558e+01
   endloop
 endfacet
 facet normal  4.980186e-01  0.000000e+00 -8.671664e-01
   outer loop
     vertex  1.585280e+01  1.307000e+02  1.993557e+01
     vertex  1.585280e+01  1.367000e+02  1.993557e+01
     vertex  1.590633e+01  1.367000e+02  1.996631e+01
   endloop
 endfacet
 facet normal  5.216210e-01  0.000000e+00 -8.531773e-01
   outer loop
     vertex  1.585280e+01  1.307000e+02  1.993557e+01
     vertex  1.580013e+01  1.367000e+02  1.990337e+01
     vertex  1.585280e+01  1.367000e+02  1.993557e+01
   endloop
 endfacet
 facet normal  4.980186e-01  0.000000e+00 -8.671664e-01
   outer loop
     vertex  1.585280e+01  1.307000e+02  1.993557e+01
     vertex  1.590633e+01  1.367000e+02  1.996631e+01
     vertex  1.590633e+01  1.307000e+02  1.996631e+01
   endloop
 endfacet
 facet normal  5.216210e-01  0.000000e+00 -8.531773e-01
   outer loop
     vertex  1.580013e+01  1.307000e+02  1.990337e+01
     vertex  1.580013e+01  1.367000e+02  1.990337e+01
     vertex  1.585280e+01  1.307000e+02  1.993557e+01
   endloop
 endfacet
 facet normal  5.448308e-01  0.000000e+00 -8.385460e-01
   outer loop
     vertex  1.574836e+01  1.307000e+02  1.986973e+01
     vertex  1.580013e+01  1.367000e+02  1.990337e+01
     vertex  1.580013e+01  1.307000e+02  1.990337e+01
   endloop
 endfacet
 facet normal  5.448308e-01  0.000000e+00 -8.385460e-01
   outer loop
     vertex  1.574836e+01  1.307000e+02  1.986973e+01
     vertex  1.574836e+01  1.367000e+02  1.986973e+01
     vertex  1.580013e+01  1.367000e+02  1.990337e+01
   endloop
 endfacet
 facet normal  5.676304e-01  0.000000e+00 -8.232835e-01
   outer loop
     vertex  1.574836e+01  1.307000e+02  1.986973e+01
     vertex  1.569754e+01  1.367000e+02  1.983469e+01
     vertex  1.574836e+01  1.367000e+02  1.986973e+01
   endloop
 endfacet
 facet normal  5.676304e-01  0.000000e+00 -8.232835e-01
   outer loop
     vertex  1.569754e+01  1.307000e+02  1.983469e+01
     vertex  1.569754e+01  1.367000e+02  1.983469e+01
     vertex  1.574836e+01  1.307000e+02  1.986973e+01
   endloop
 endfacet
 facet normal  5.900028e-01  0.000000e+00 -8.074012e-01
   outer loop
     vertex  1.569754e+01  1.307000e+02  1.983469e+01
     vertex  1.564770e+01  1.367000e+02  1.979827e+01
     vertex  1.569754e+01  1.367000e+02  1.983469e+01
   endloop
 endfacet
 facet normal  5.900028e-01  0.000000e+00 -8.074012e-01
   outer loop
     vertex  1.564770e+01  1.307000e+02  1.979827e+01
     vertex  1.564770e+01  1.367000e+02  1.979827e+01
     vertex  1.569754e+01  1.307000e+02  1.983469e+01
   endloop
 endfacet
 facet normal  6.119310e-01  0.000000e+00 -7.909112e-01
   outer loop
     vertex  1.559887e+01  1.307000e+02  1.976049e+01
     vertex  1.564770e+01  1.367000e+02  1.979827e+01
     vertex  1.564770e+01  1.307000e+02  1.979827e+01
   endloop
 endfacet
 facet normal  6.119310e-01  0.000000e+00 -7.909112e-01
   outer loop
     vertex  1.559887e+01  1.307000e+02  1.976049e+01
     vertex  1.559887e+01  1.367000e+02  1.976049e+01
     vertex  1.564770e+01  1.367000e+02  1.979827e+01
   endloop
 endfacet
 facet normal  6.333986e-01  0.000000e+00 -7.738257e-01
   outer loop
     vertex  1.559887e+01  1.307000e+02  1.976049e+01
     vertex  1.555110e+01  1.367000e+02  1.972139e+01
     vertex  1.559887e+01  1.367000e+02  1.976049e+01
   endloop
 endfacet
 facet normal  6.333986e-01  0.000000e+00 -7.738257e-01
   outer loop
     vertex  1.555110e+01  1.307000e+02  1.972139e+01
     vertex  1.555110e+01  1.367000e+02  1.972139e+01
     vertex  1.559887e+01  1.307000e+02  1.976049e+01
   endloop
 endfacet
 facet normal  6.543893e-01  0.000000e+00 -7.561578e-01
   outer loop
     vertex  1.550442e+01  1.307000e+02  1.968100e+01
     vertex  1.555110e+01  1.367000e+02  1.972139e+01
     vertex  1.555110e+01  1.307000e+02  1.972139e+01
   endloop
 endfacet
 facet normal  6.543893e-01  0.000000e+00 -7.561578e-01
   outer loop
     vertex  1.550442e+01  1.307000e+02  1.968100e+01
     vertex  1.550442e+01  1.367000e+02  1.968100e+01
     vertex  1.555110e+01  1.367000e+02  1.972139e+01
   endloop
 endfacet
 facet normal  6.748875e-01  0.000000e+00 -7.379206e-01
   outer loop
     vertex  1.550442e+01  1.307000e+02  1.968100e+01
     vertex  1.545887e+01  1.367000e+02  1.963933e+01
     vertex  1.550442e+01  1.367000e+02  1.968100e+01
   endloop
 endfacet
 facet normal  6.748875e-01  0.000000e+00 -7.379206e-01
   outer loop
     vertex  1.545887e+01  1.307000e+02  1.963933e+01
     vertex  1.545887e+01  1.367000e+02  1.963933e+01
     vertex  1.550442e+01  1.307000e+02  1.968100e+01
   endloop
 endfacet
 facet normal  6.948776e-01  0.000000e+00 -7.191280e-01
   outer loop
     vertex  1.545887e+01  1.307000e+02  1.963933e+01
     vertex  1.541448e+01  1.367000e+02  1.959644e+01
     vertex  1.545887e+01  1.367000e+02  1.963933e+01
   endloop
 endfacet
 facet normal  6.948776e-01  0.000000e+00 -7.191280e-01
   outer loop
     vertex  1.541448e+01  1.307000e+02  1.959644e+01
     vertex  1.541448e+01  1.367000e+02  1.959644e+01
     vertex  1.545887e+01  1.307000e+02  1.963933e+01
   endloop
 endfacet
 facet normal  7.143447e-01  0.000000e+00 -6.997940e-01
   outer loop
     vertex  1.541448e+01  1.307000e+02  1.959644e+01
     vertex  1.537128e+01  1.367000e+02  1.955234e+01
     vertex  1.541448e+01  1.367000e+02  1.959644e+01
   endloop
 endfacet
 facet normal  7.143447e-01  0.000000e+00 -6.997940e-01
   outer loop
     vertex  1.537128e+01  1.307000e+02  1.955234e+01
     vertex  1.537128e+01  1.367000e+02  1.955234e+01
     vertex  1.541448e+01  1.307000e+02  1.959644e+01
   endloop
 endfacet
 facet normal  7.332740e-01  0.000000e+00 -6.799333e-01
   outer loop
     vertex  1.532930e+01  1.307000e+02  1.950707e+01
     vertex  1.537128e+01  1.367000e+02  1.955234e+01
     vertex  1.537128e+01  1.307000e+02  1.955234e+01
   endloop
 endfacet
 facet normal  7.332740e-01  0.000000e+00 -6.799333e-01
   outer loop
     vertex  1.532930e+01  1.307000e+02  1.950707e+01
     vertex  1.532930e+01  1.367000e+02  1.950707e+01
     vertex  1.537128e+01  1.367000e+02  1.955234e+01
   endloop
 endfacet
 facet normal  7.516513e-01  0.000000e+00 -6.595607e-01
   outer loop
     vertex  1.528859e+01  1.307000e+02  1.946067e+01
     vertex  1.532930e+01  1.367000e+02  1.950707e+01
     vertex  1.532930e+01  1.307000e+02  1.950707e+01
   endloop
 endfacet
 facet normal  7.516513e-01  0.000000e+00 -6.595607e-01
   outer loop
     vertex  1.528859e+01  1.307000e+02  1.946067e+01
     vertex  1.528859e+01  1.367000e+02  1.946067e+01
     vertex  1.532930e+01  1.367000e+02  1.950707e+01
   endloop
 endfacet
 facet normal  7.694628e-01  0.000000e+00 -6.386916e-01
   outer loop
     vertex  1.528859e+01  1.307000e+02  1.946067e+01
     vertex  1.524916e+01  1.367000e+02  1.941317e+01
     vertex  1.528859e+01  1.367000e+02  1.946067e+01
   endloop
 endfacet
 facet normal  7.694628e-01  0.000000e+00 -6.386916e-01
   outer loop
     vertex  1.524916e+01  1.307000e+02  1.941317e+01
     vertex  1.524916e+01  1.367000e+02  1.941317e+01
     vertex  1.528859e+01  1.307000e+02  1.946067e+01
   endloop
 endfacet
 facet normal  7.866951e-01  0.000000e+00 -6.173417e-01
   outer loop
     vertex  1.521105e+01  1.307000e+02  1.936461e+01
     vertex  1.524916e+01  1.367000e+02  1.941317e+01
     vertex  1.524916e+01  1.307000e+02  1.941317e+01
   endloop
 endfacet
 facet normal  7.866951e-01  0.000000e+00 -6.173417e-01
   outer loop
     vertex  1.521105e+01  1.307000e+02  1.936461e+01
     vertex  1.521105e+01  1.367000e+02  1.936461e+01
     vertex  1.524916e+01  1.367000e+02  1.941317e+01
   endloop
 endfacet
 facet normal  8.033352e-01  0.000000e+00 -5.955271e-01
   outer loop
     vertex  1.521105e+01  1.307000e+02  1.936461e+01
     vertex  1.517428e+01  1.367000e+02  1.931501e+01
     vertex  1.521105e+01  1.367000e+02  1.936461e+01
   endloop
 endfacet
 facet normal  8.033352e-01  0.000000e+00 -5.955271e-01
   outer loop
     vertex  1.517428e+01  1.307000e+02  1.931501e+01
     vertex  1.517428e+01  1.367000e+02  1.931501e+01
     vertex  1.521105e+01  1.307000e+02  1.936461e+01
   endloop
 endfacet
 facet normal  8.193706e-01  0.000000e+00 -5.732642e-01
   outer loop
     vertex  1.517428e+01  1.307000e+02  1.931501e+01
     vertex  1.513890e+01  1.367000e+02  1.926443e+01
     vertex  1.517428e+01  1.367000e+02  1.931501e+01
   endloop
 endfacet
 facet normal  8.193706e-01  0.000000e+00 -5.732642e-01
   outer loop
     vertex  1.513890e+01  1.307000e+02  1.926443e+01
     vertex  1.513890e+01  1.367000e+02  1.926443e+01
     vertex  1.517428e+01  1.307000e+02  1.931501e+01
   endloop
 endfacet
 facet normal  8.347891e-01  0.000000e+00 -5.505698e-01
   outer loop
     vertex  1.513890e+01  1.307000e+02  1.926443e+01
     vertex  1.510491e+01  1.367000e+02  1.921290e+01
     vertex  1.513890e+01  1.367000e+02  1.926443e+01
   endloop
 endfacet
 facet normal  8.347891e-01  0.000000e+00 -5.505698e-01
   outer loop
     vertex  1.510491e+01  1.307000e+02  1.921290e+01
     vertex  1.510491e+01  1.367000e+02  1.921290e+01
     vertex  1.513890e+01  1.307000e+02  1.926443e+01
   endloop
 endfacet
 facet normal  8.495793e-01  0.000000e+00 -5.274609e-01
   outer loop
     vertex  1.507235e+01  1.307000e+02  1.916045e+01
     vertex  1.510491e+01  1.367000e+02  1.921290e+01
     vertex  1.510491e+01  1.307000e+02  1.921290e+01
   endloop
 endfacet
 facet normal  8.495793e-01  0.000000e+00 -5.274609e-01
   outer loop
     vertex  1.507235e+01  1.307000e+02  1.916045e+01
     vertex  1.507235e+01  1.367000e+02  1.916045e+01
     vertex  1.510491e+01  1.367000e+02  1.921290e+01
   endloop
 endfacet
 facet normal  8.637299e-01  0.000000e+00 -5.039550e-01
   outer loop
     vertex  1.507235e+01  1.307000e+02  1.916045e+01
     vertex  1.504124e+01  1.367000e+02  1.910713e+01
     vertex  1.507235e+01  1.367000e+02  1.916045e+01
   endloop
 endfacet
 facet normal  8.637299e-01  0.000000e+00 -5.039550e-01
   outer loop
     vertex  1.504124e+01  1.307000e+02  1.910713e+01
     vertex  1.504124e+01  1.367000e+02  1.910713e+01
     vertex  1.507235e+01  1.307000e+02  1.916045e+01
   endloop
 endfacet
 facet normal  8.772303e-01  0.000000e+00 -4.800697e-01
   outer loop
     vertex  1.501160e+01  1.307000e+02  1.905298e+01
     vertex  1.504124e+01  1.367000e+02  1.910713e+01
     vertex  1.504124e+01  1.307000e+02  1.910713e+01
   endloop
 endfacet
 facet normal  8.772303e-01  0.000000e+00 -4.800697e-01
   outer loop
     vertex  1.501160e+01  1.307000e+02  1.905298e+01
     vertex  1.501160e+01  1.367000e+02  1.905298e+01
     vertex  1.504124e+01  1.367000e+02  1.910713e+01
   endloop
 endfacet
 facet normal  8.900704e-01  0.000000e+00 -4.558231e-01
   outer loop
     vertex  1.501160e+01  1.307000e+02  1.905298e+01
     vertex  1.498346e+01  1.367000e+02  1.899803e+01
     vertex  1.501160e+01  1.367000e+02  1.905298e+01
   endloop
 endfacet
 facet normal  8.900704e-01  0.000000e+00 -4.558231e-01
   outer loop
     vertex  1.498346e+01  1.307000e+02  1.899803e+01
     vertex  1.498346e+01  1.367000e+02  1.899803e+01
     vertex  1.501160e+01  1.307000e+02  1.905298e+01
   endloop
 endfacet
 facet normal  9.022405e-01  0.000000e+00 -4.312333e-01
   outer loop
     vertex  1.495684e+01  1.307000e+02  1.894233e+01
     vertex  1.498346e+01  1.367000e+02  1.899803e+01
     vertex  1.498346e+01  1.307000e+02  1.899803e+01
   endloop
 endfacet
 facet normal  9.022405e-01  0.000000e+00 -4.312333e-01
   outer loop
     vertex  1.495684e+01  1.307000e+02  1.894233e+01
     vertex  1.495684e+01  1.367000e+02  1.894233e+01
     vertex  1.498346e+01  1.367000e+02  1.899803e+01
   endloop
 endfacet
 facet normal  9.137314e-01  0.000000e+00 -4.063188e-01
   outer loop
     vertex  1.493176e+01  1.307000e+02  1.888593e+01
     vertex  1.495684e+01  1.367000e+02  1.894233e+01
     vertex  1.495684e+01  1.307000e+02  1.894233e+01
   endloop
 endfacet
 facet normal  9.137314e-01  0.000000e+00 -4.063188e-01
   outer loop
     vertex  1.493176e+01  1.307000e+02  1.888593e+01
     vertex  1.493176e+01  1.367000e+02  1.888593e+01
     vertex  1.495684e+01  1.367000e+02  1.894233e+01
   endloop
 endfacet
 facet normal  9.245344e-01  0.000000e+00 -3.810986e-01
   outer loop
     vertex  1.493176e+01  1.307000e+02  1.888593e+01
     vertex  1.490823e+01  1.367000e+02  1.882885e+01
     vertex  1.493176e+01  1.367000e+02  1.888593e+01
   endloop
 endfacet
 facet normal  9.245344e-01  0.000000e+00 -3.810986e-01
   outer loop
     vertex  1.490823e+01  1.307000e+02  1.882885e+01
     vertex  1.490823e+01  1.367000e+02  1.882885e+01
     vertex  1.493176e+01  1.307000e+02  1.888593e+01
   endloop
 endfacet
 facet normal  9.346415e-01  0.000000e+00 -3.555914e-01
   outer loop
     vertex  1.488628e+01  1.307000e+02  1.877116e+01
     vertex  1.488628e+01  1.367000e+02  1.877116e+01
     vertex  1.490823e+01  1.367000e+02  1.882885e+01
   endloop
 endfacet
 facet normal  9.346415e-01  0.000000e+00 -3.555914e-01
   outer loop
     vertex  1.488628e+01  1.307000e+02  1.877116e+01
     vertex  1.490823e+01  1.367000e+02  1.882885e+01
     vertex  1.490823e+01  1.307000e+02  1.882885e+01
   endloop
 endfacet
 facet normal  9.440450e-01  0.000000e+00 -3.298166e-01
   outer loop
     vertex  1.486592e+01  1.307000e+02  1.871288e+01
     vertex  1.486592e+01  1.367000e+02  1.871288e+01
     vertex  1.488628e+01  1.367000e+02  1.877116e+01
   endloop
 endfacet
 facet normal  9.527379e-01  0.000000e+00 -3.037934e-01
   outer loop
     vertex  1.486592e+01  1.307000e+02  1.871288e+01
     vertex  1.484716e+01  1.367000e+02  1.865406e+01
     vertex  1.486592e+01  1.367000e+02  1.871288e+01
   endloop
 endfacet
 facet normal  9.440450e-01  0.000000e+00 -3.298166e-01
   outer loop
     vertex  1.486592e+01  1.307000e+02  1.871288e+01
     vertex  1.488628e+01  1.367000e+02  1.877116e+01
     vertex  1.488628e+01  1.307000e+02  1.877116e+01
   endloop
 endfacet
 facet normal  9.607136e-01  0.000000e+00 -2.775416e-01
   outer loop
     vertex  1.484716e+01  1.307000e+02  1.865406e+01
     vertex  1.483003e+01  1.367000e+02  1.859476e+01
     vertex  1.484716e+01  1.367000e+02  1.865406e+01
   endloop
 endfacet
 facet normal  9.527379e-01  0.000000e+00 -3.037934e-01
   outer loop
     vertex  1.484716e+01  1.307000e+02  1.865406e+01
     vertex  1.484716e+01  1.367000e+02  1.865406e+01
     vertex  1.486592e+01  1.307000e+02  1.871288e+01
   endloop
 endfacet
 facet normal  9.607136e-01  0.000000e+00 -2.775416e-01
   outer loop
     vertex  1.483003e+01  1.307000e+02  1.859476e+01
     vertex  1.483003e+01  1.367000e+02  1.859476e+01
     vertex  1.484716e+01  1.307000e+02  1.865406e+01
   endloop
 endfacet
 facet normal  9.679661e-01  0.000000e+00 -2.510809e-01
   outer loop
     vertex  1.481453e+01  1.307000e+02  1.853500e+01
     vertex  1.483003e+01  1.367000e+02  1.859476e+01
     vertex  1.483003e+01  1.307000e+02  1.859476e+01
   endloop
 endfacet
 facet normal  9.679661e-01  0.000000e+00 -2.510809e-01
   outer loop
     vertex  1.481453e+01  1.307000e+02  1.853500e+01
     vertex  1.481453e+01  1.367000e+02  1.853500e+01
     vertex  1.483003e+01  1.367000e+02  1.859476e+01
   endloop
 endfacet
 facet normal  9.744899e-01  0.000000e+00 -2.244312e-01
   outer loop
     vertex  1.481453e+01  1.307000e+02  1.853500e+01
     vertex  1.480068e+01  1.367000e+02  1.847484e+01
     vertex  1.481453e+01  1.367000e+02  1.853500e+01
   endloop
 endfacet
 facet normal  9.744899e-01  0.000000e+00 -2.244312e-01
   outer loop
     vertex  1.480068e+01  1.307000e+02  1.847484e+01
     vertex  1.480068e+01  1.367000e+02  1.847484e+01
     vertex  1.481453e+01  1.307000e+02  1.853500e+01
   endloop
 endfacet
 facet normal  9.802802e-01  0.000000e+00 -1.976125e-01
   outer loop
     vertex  1.478848e+01  1.307000e+02  1.841433e+01
     vertex  1.480068e+01  1.367000e+02  1.847484e+01
     vertex  1.480068e+01  1.307000e+02  1.847484e+01
   endloop
 endfacet
 facet normal  9.802802e-01  0.000000e+00 -1.976125e-01
   outer loop
     vertex  1.478848e+01  1.307000e+02  1.841433e+01
     vertex  1.478848e+01  1.367000e+02  1.841433e+01
     vertex  1.480068e+01  1.367000e+02  1.847484e+01
   endloop
 endfacet
 facet normal  9.853326e-01  0.000000e+00 -1.706451e-01
   outer loop
     vertex  1.478848e+01  1.307000e+02  1.841433e+01
     vertex  1.477794e+01  1.367000e+02  1.835350e+01
     vertex  1.478848e+01  1.367000e+02  1.841433e+01
   endloop
 endfacet
 facet normal  9.853326e-01  0.000000e+00 -1.706451e-01
   outer loop
     vertex  1.477794e+01  1.307000e+02  1.835350e+01
     vertex  1.477794e+01  1.367000e+02  1.835350e+01
     vertex  1.478848e+01  1.307000e+02  1.841433e+01
   endloop
 endfacet
 facet normal  9.896432e-01  0.000000e+00 -1.435492e-01
   outer loop
     vertex  1.477794e+01  1.307000e+02  1.835350e+01
     vertex  1.476908e+01  1.367000e+02  1.829241e+01
     vertex  1.477794e+01  1.367000e+02  1.835350e+01
   endloop
 endfacet
 facet normal  9.896432e-01  0.000000e+00 -1.435492e-01
   outer loop
     vertex  1.476908e+01  1.307000e+02  1.829241e+01
     vertex  1.476908e+01  1.367000e+02  1.829241e+01
     vertex  1.477794e+01  1.307000e+02  1.835350e+01
   endloop
 endfacet
 facet normal  9.932088e-01  0.000000e+00 -1.163452e-01
   outer loop
     vertex  1.476908e+01  1.307000e+02  1.829241e+01
     vertex  1.476190e+01  1.367000e+02  1.823110e+01
     vertex  1.476908e+01  1.367000e+02  1.829241e+01
   endloop
 endfacet
 facet normal  9.932088e-01  0.000000e+00 -1.163452e-01
   outer loop
     vertex  1.476190e+01  1.307000e+02  1.823110e+01
     vertex  1.476190e+01  1.367000e+02  1.823110e+01
     vertex  1.476908e+01  1.307000e+02  1.829241e+01
   endloop
 endfacet
 facet normal  9.960268e-01  0.000000e+00 -8.905371e-02
   outer loop
     vertex  1.475640e+01  1.307000e+02  1.816961e+01
     vertex  1.476190e+01  1.367000e+02  1.823110e+01
     vertex  1.476190e+01  1.307000e+02  1.823110e+01
   endloop
 endfacet
 facet normal  9.960268e-01  0.000000e+00 -8.905371e-02
   outer loop
     vertex  1.475640e+01  1.307000e+02  1.816961e+01
     vertex  1.475640e+01  1.367000e+02  1.816961e+01
     vertex  1.476190e+01  1.367000e+02  1.823110e+01
   endloop
 endfacet
 facet normal  9.980950e-01  0.000000e+00 -6.169515e-02
   outer loop
     vertex  1.475640e+01  1.307000e+02  1.816961e+01
     vertex  1.475259e+01  1.367000e+02  1.810799e+01
     vertex  1.475640e+01  1.367000e+02  1.816961e+01
   endloop
 endfacet
 facet normal  9.980950e-01  0.000000e+00 -6.169515e-02
   outer loop
     vertex  1.475259e+01  1.307000e+02  1.810799e+01
     vertex  1.475259e+01  1.367000e+02  1.810799e+01
     vertex  1.475640e+01  1.307000e+02  1.816961e+01
   endloop
 endfacet
 facet normal  9.994119e-01  0.000000e+00 -3.429014e-02
   outer loop
     vertex  1.475048e+01  1.307000e+02  1.804630e+01
     vertex  1.475259e+01  1.367000e+02  1.810799e+01
     vertex  1.475259e+01  1.307000e+02  1.810799e+01
   endloop
 endfacet
 facet normal  9.994119e-01  0.000000e+00 -3.429014e-02
   outer loop
     vertex  1.475048e+01  1.307000e+02  1.804630e+01
     vertex  1.475048e+01  1.367000e+02  1.804630e+01
     vertex  1.475259e+01  1.367000e+02  1.810799e+01
   endloop
 endfacet
 facet normal  9.999765e-01  0.000000e+00 -6.859319e-03
   outer loop
     vertex  1.475048e+01  1.307000e+02  1.804630e+01
     vertex  1.475005e+01  1.367000e+02  1.798457e+01
     vertex  1.475048e+01  1.367000e+02  1.804630e+01
   endloop
 endfacet
 facet normal  9.999765e-01  0.000000e+00 -6.859319e-03
   outer loop
     vertex  1.475005e+01  1.307000e+02  1.798457e+01
     vertex  1.475005e+01  1.367000e+02  1.798457e+01
     vertex  1.475048e+01  1.307000e+02  1.804630e+01
   endloop
 endfacet
 facet normal  9.988475e-01 -0.000000e+00  4.799716e-02
   outer loop
     vertex  1.475132e+01  1.307000e+02  1.792285e+01
     vertex  1.475429e+01  1.367000e+02  1.786119e+01
     vertex  1.475132e+01  1.367000e+02  1.792285e+01
   endloop
 endfacet
 facet normal  9.997883e-01  0.000000e+00  2.057667e-02
   outer loop
     vertex  1.475132e+01  1.307000e+02  1.792285e+01
     vertex  1.475005e+01  1.367000e+02  1.798457e+01
     vertex  1.475005e+01  1.307000e+02  1.798457e+01
   endloop
 endfacet
 facet normal  9.997883e-01 -0.000000e+00  2.057667e-02
   outer loop
     vertex  1.475132e+01  1.307000e+02  1.792285e+01
     vertex  1.475132e+01  1.367000e+02  1.792285e+01
     vertex  1.475005e+01  1.367000e+02  1.798457e+01
   endloop
 endfacet
 facet normal  9.988475e-01 -0.000000e+00  4.799716e-02
   outer loop
     vertex  1.475429e+01  1.307000e+02  1.786119e+01
     vertex  1.475429e+01  1.367000e+02  1.786119e+01
     vertex  1.475132e+01  1.307000e+02  1.792285e+01
   endloop
 endfacet
 facet normal  9.971548e-01 -0.000000e+00  7.538152e-02
   outer loop
     vertex  1.475894e+01  1.307000e+02  1.779963e+01
     vertex  1.475894e+01  1.367000e+02  1.779963e+01
     vertex  1.475429e+01  1.367000e+02  1.786119e+01
   endloop
 endfacet
 facet normal  9.971548e-01  0.000000e+00  7.538152e-02
   outer loop
     vertex  1.475894e+01  1.307000e+02  1.779963e+01
     vertex  1.475429e+01  1.367000e+02  1.786119e+01
     vertex  1.475429e+01  1.307000e+02  1.786119e+01
   endloop
 endfacet
 facet normal  9.947114e-01 -0.000000e+00  1.027091e-01
   outer loop
     vertex  1.476528e+01  1.307000e+02  1.773822e+01
     vertex  1.476528e+01  1.367000e+02  1.773822e+01
     vertex  1.475894e+01  1.367000e+02  1.779963e+01
   endloop
 endfacet
 facet normal  9.947114e-01  0.000000e+00  1.027091e-01
   outer loop
     vertex  1.476528e+01  1.307000e+02  1.773822e+01
     vertex  1.475894e+01  1.367000e+02  1.779963e+01
     vertex  1.475894e+01  1.307000e+02  1.779963e+01
   endloop
 endfacet
 facet normal  9.915193e-01 -0.000000e+00  1.299594e-01
   outer loop
     vertex  1.477330e+01  1.307000e+02  1.767701e+01
     vertex  1.477330e+01  1.367000e+02  1.767701e+01
     vertex  1.476528e+01  1.367000e+02  1.773822e+01
   endloop
 endfacet
 facet normal  9.915193e-01  0.000000e+00  1.299594e-01
   outer loop
     vertex  1.477330e+01  1.307000e+02  1.767701e+01
     vertex  1.476528e+01  1.367000e+02  1.773822e+01
     vertex  1.476528e+01  1.307000e+02  1.773822e+01
   endloop
 endfacet
 facet normal  9.875808e-01 -0.000000e+00  1.571119e-01
   outer loop
     vertex  1.478300e+01  1.307000e+02  1.761605e+01
     vertex  1.478300e+01  1.367000e+02  1.761605e+01
     vertex  1.477330e+01  1.367000e+02  1.767701e+01
   endloop
 endfacet
 facet normal  9.828989e-01 -0.000000e+00  1.841461e-01
   outer loop
     vertex  1.478300e+01  1.307000e+02  1.761605e+01
     vertex  1.479437e+01  1.367000e+02  1.755537e+01
     vertex  1.478300e+01  1.367000e+02  1.761605e+01
   endloop
 endfacet
 facet normal  9.875808e-01  0.000000e+00  1.571119e-01
   outer loop
     vertex  1.478300e+01  1.307000e+02  1.761605e+01
     vertex  1.477330e+01  1.367000e+02  1.767701e+01
     vertex  1.477330e+01  1.307000e+02  1.767701e+01
   endloop
 endfacet
 facet normal  9.774771e-01 -0.000000e+00  2.110417e-01
   outer loop
     vertex  1.479437e+01  1.307000e+02  1.755537e+01
     vertex  1.480740e+01  1.367000e+02  1.749503e+01
     vertex  1.479437e+01  1.367000e+02  1.755537e+01
   endloop
 endfacet
 facet normal  9.828989e-01 -0.000000e+00  1.841461e-01
   outer loop
     vertex  1.479437e+01  1.307000e+02  1.755537e+01
     vertex  1.479437e+01  1.367000e+02  1.755537e+01
     vertex  1.478300e+01  1.307000e+02  1.761605e+01
   endloop
 endfacet
 facet normal  9.713194e-01 -0.000000e+00  2.377784e-01
   outer loop
     vertex  1.480740e+01  1.307000e+02  1.749503e+01
     vertex  1.482208e+01  1.367000e+02  1.743507e+01
     vertex  1.480740e+01  1.367000e+02  1.749503e+01
   endloop
 endfacet
 facet normal  9.774771e-01 -0.000000e+00  2.110417e-01
   outer loop
     vertex  1.480740e+01  1.307000e+02  1.749503e+01
     vertex  1.480740e+01  1.367000e+02  1.749503e+01
     vertex  1.479437e+01  1.307000e+02  1.755537e+01
   endloop
 endfacet
 facet normal  9.644306e-01 -0.000000e+00  2.643362e-01
   outer loop
     vertex  1.482208e+01  1.307000e+02  1.743507e+01
     vertex  1.483839e+01  1.367000e+02  1.737553e+01
     vertex  1.482208e+01  1.367000e+02  1.743507e+01
   endloop
 endfacet
 facet normal  9.713194e-01 -0.000000e+00  2.377784e-01
   outer loop
     vertex  1.482208e+01  1.307000e+02  1.743507e+01
     vertex  1.482208e+01  1.367000e+02  1.743507e+01
     vertex  1.480740e+01  1.307000e+02  1.749503e+01
   endloop
 endfacet
 facet normal  9.644306e-01 -0.000000e+00  2.643362e-01
   outer loop
     vertex  1.483839e+01  1.307000e+02  1.737553e+01
     vertex  1.483839e+01  1.367000e+02  1.737553e+01
     vertex  1.482208e+01  1.307000e+02  1.743507e+01
   endloop
 endfacet
 facet normal  9.568158e-01 -0.000000e+00  2.906949e-01
   outer loop
     vertex  1.485634e+01  1.307000e+02  1.731646e+01
     vertex  1.485634e+01  1.367000e+02  1.731646e+01
     vertex  1.483839e+01  1.367000e+02  1.737553e+01
   endloop
 endfacet
 facet normal  9.568158e-01  0.000000e+00  2.906949e-01
   outer loop
     vertex  1.485634e+01  1.307000e+02  1.731646e+01
     vertex  1.483839e+01  1.367000e+02  1.737553e+01
     vertex  1.483839e+01  1.307000e+02  1.737553e+01
   endloop
 endfacet
 facet normal  9.484807e-01 -0.000000e+00  3.168348e-01
   outer loop
     vertex  1.487590e+01  1.307000e+02  1.725791e+01
     vertex  1.487590e+01  1.367000e+02  1.725791e+01
     vertex  1.485634e+01  1.367000e+02  1.731646e+01
   endloop
 endfacet
 facet normal  9.394317e-01 -0.000000e+00  3.427362e-01
   outer loop
     vertex  1.487590e+01  1.307000e+02  1.725791e+01
     vertex  1.489706e+01  1.367000e+02  1.719992e+01
     vertex  1.487590e+01  1.367000e+02  1.725791e+01
   endloop
 endfacet
 facet normal  9.484807e-01  0.000000e+00  3.168348e-01
   outer loop
     vertex  1.487590e+01  1.307000e+02  1.725791e+01
     vertex  1.485634e+01  1.367000e+02  1.731646e+01
     vertex  1.485634e+01  1.307000e+02  1.731646e+01
   endloop
 endfacet
 facet normal  9.394317e-01 -0.000000e+00  3.427362e-01
   outer loop
     vertex  1.489706e+01  1.307000e+02  1.719992e+01
     vertex  1.489706e+01  1.367000e+02  1.719992e+01
     vertex  1.487590e+01  1.307000e+02  1.725791e+01
   endloop
 endfacet
 facet normal  9.296754e-01 -0.000000e+00  3.683796e-01
   outer loop
     vertex  1.491980e+01  1.307000e+02  1.714253e+01
     vertex  1.491980e+01  1.367000e+02  1.714253e+01
     vertex  1.489706e+01  1.367000e+02  1.719992e+01
   endloop
 endfacet
 facet normal  9.296754e-01  0.000000e+00  3.683796e-01
   outer loop
     vertex  1.491980e+01  1.307000e+02  1.714253e+01
     vertex  1.489706e+01  1.367000e+02  1.719992e+01
     vertex  1.489706e+01  1.307000e+02  1.719992e+01
   endloop
 endfacet
 facet normal  9.192194e-01  0.000000e+00  3.937458e-01
   outer loop
     vertex  1.494410e+01  1.307000e+02  1.708578e+01
     vertex  1.491980e+01  1.367000e+02  1.714253e+01
     vertex  1.491980e+01  1.307000e+02  1.714253e+01
   endloop
 endfacet
 facet normal  9.192194e-01 -0.000000e+00  3.937458e-01
   outer loop
     vertex  1.494410e+01  1.307000e+02  1.708578e+01
     vertex  1.494410e+01  1.367000e+02  1.708578e+01
     vertex  1.491980e+01  1.367000e+02  1.714253e+01
   endloop
 endfacet
 facet normal  9.080714e-01 -0.000000e+00  4.188155e-01
   outer loop
     vertex  1.494410e+01  1.307000e+02  1.708578e+01
     vertex  1.496996e+01  1.367000e+02  1.702973e+01
     vertex  1.494410e+01  1.367000e+02  1.708578e+01
   endloop
 endfacet
 facet normal  9.080714e-01 -0.000000e+00  4.188155e-01
   outer loop
     vertex  1.496996e+01  1.307000e+02  1.702973e+01
     vertex  1.496996e+01  1.367000e+02  1.702973e+01
     vertex  1.494410e+01  1.307000e+02  1.708578e+01
   endloop
 endfacet
 facet normal  8.962398e-01 -0.000000e+00  4.435699e-01
   outer loop
     vertex  1.499734e+01  1.307000e+02  1.697440e+01
     vertex  1.499734e+01  1.367000e+02  1.697440e+01
     vertex  1.496996e+01  1.367000e+02  1.702973e+01
   endloop
 endfacet
 facet normal  8.837335e-01 -0.000000e+00  4.679904e-01
   outer loop
     vertex  1.499734e+01  1.307000e+02  1.697440e+01
     vertex  1.502623e+01  1.367000e+02  1.691984e+01
     vertex  1.499734e+01  1.367000e+02  1.697440e+01
   endloop
 endfacet
 facet normal  8.962398e-01  0.000000e+00  4.435699e-01
   outer loop
     vertex  1.499734e+01  1.307000e+02  1.697440e+01
     vertex  1.496996e+01  1.367000e+02  1.702973e+01
     vertex  1.496996e+01  1.307000e+02  1.702973e+01
   endloop
 endfacet
 facet normal  8.837335e-01 -0.000000e+00  4.679904e-01
   outer loop
     vertex  1.502623e+01  1.307000e+02  1.691984e+01
     vertex  1.502623e+01  1.367000e+02  1.691984e+01
     vertex  1.499734e+01  1.307000e+02  1.697440e+01
   endloop
 endfacet
 facet normal  8.705620e-01 -0.000000e+00  4.920587e-01
   outer loop
     vertex  1.502623e+01  1.307000e+02  1.691984e+01
     vertex  1.505661e+01  1.367000e+02  1.686610e+01
     vertex  1.502623e+01  1.367000e+02  1.691984e+01
   endloop
 endfacet
 facet normal  8.705620e-01 -0.000000e+00  4.920587e-01
   outer loop
     vertex  1.505661e+01  1.307000e+02  1.686610e+01
     vertex  1.505661e+01  1.367000e+02  1.686610e+01
     vertex  1.502623e+01  1.307000e+02  1.691984e+01
   endloop
 endfacet
 facet normal  8.567352e-01 -0.000000e+00  5.157565e-01
   outer loop
     vertex  1.505661e+01  1.307000e+02  1.686610e+01
     vertex  1.508845e+01  1.367000e+02  1.681321e+01
     vertex  1.505661e+01  1.367000e+02  1.686610e+01
   endloop
 endfacet
 facet normal  8.567352e-01 -0.000000e+00  5.157565e-01
   outer loop
     vertex  1.508845e+01  1.307000e+02  1.681321e+01
     vertex  1.508845e+01  1.367000e+02  1.681321e+01
     vertex  1.505661e+01  1.307000e+02  1.686610e+01
   endloop
 endfacet
 facet normal  8.422635e-01 -0.000000e+00  5.390661e-01
   outer loop
     vertex  1.512172e+01  1.307000e+02  1.676122e+01
     vertex  1.512172e+01  1.367000e+02  1.676122e+01
     vertex  1.508845e+01  1.367000e+02  1.681321e+01
   endloop
 endfacet
 facet normal  8.422635e-01  0.000000e+00  5.390661e-01
   outer loop
     vertex  1.512172e+01  1.307000e+02  1.676122e+01
     vertex  1.508845e+01  1.367000e+02  1.681321e+01
     vertex  1.508845e+01  1.307000e+02  1.681321e+01
   endloop
 endfacet
 facet normal  8.271577e-01 -0.000000e+00  5.619699e-01
   outer loop
     vertex  1.515642e+01  1.307000e+02  1.671016e+01
     vertex  1.515642e+01  1.367000e+02  1.671016e+01
     vertex  1.512172e+01  1.367000e+02  1.676122e+01
   endloop
 endfacet
 facet normal  8.114292e-01 -0.000000e+00  5.844507e-01
   outer loop
     vertex  1.515642e+01  1.307000e+02  1.671016e+01
     vertex  1.519250e+01  1.367000e+02  1.666006e+01
     vertex  1.515642e+01  1.367000e+02  1.671016e+01
   endloop
 endfacet
 facet normal  8.271577e-01  0.000000e+00  5.619699e-01
   outer loop
     vertex  1.515642e+01  1.307000e+02  1.671016e+01
     vertex  1.512172e+01  1.367000e+02  1.676122e+01
     vertex  1.512172e+01  1.307000e+02  1.676122e+01
   endloop
 endfacet
 facet normal  8.114292e-01 -0.000000e+00  5.844507e-01
   outer loop
     vertex  1.519250e+01  1.307000e+02  1.666006e+01
     vertex  1.519250e+01  1.367000e+02  1.666006e+01
     vertex  1.515642e+01  1.307000e+02  1.671016e+01
   endloop
 endfacet
 facet normal  7.950900e-01 -0.000000e+00  6.064915e-01
   outer loop
     vertex  1.522994e+01  1.307000e+02  1.661098e+01
     vertex  1.522994e+01  1.367000e+02  1.661098e+01
     vertex  1.519250e+01  1.367000e+02  1.666006e+01
   endloop
 endfacet
 facet normal  7.781522e-01 -0.000000e+00  6.280757e-01
   outer loop
     vertex  1.522994e+01  1.307000e+02  1.661098e+01
     vertex  1.526871e+01  1.367000e+02  1.656294e+01
     vertex  1.522994e+01  1.367000e+02  1.661098e+01
   endloop
 endfacet
 facet normal  7.950900e-01  0.000000e+00  6.064915e-01
   outer loop
     vertex  1.522994e+01  1.307000e+02  1.661098e+01
     vertex  1.519250e+01  1.367000e+02  1.666006e+01
     vertex  1.519250e+01  1.307000e+02  1.666006e+01
   endloop
 endfacet
 facet normal  7.781522e-01 -0.000000e+00  6.280757e-01
   outer loop
     vertex  1.526871e+01  1.307000e+02  1.656294e+01
     vertex  1.526871e+01  1.367000e+02  1.656294e+01
     vertex  1.522994e+01  1.307000e+02  1.661098e+01
   endloop
 endfacet
 facet normal  7.606287e-01 -0.000000e+00  6.491872e-01
   outer loop
     vertex  1.526871e+01  1.307000e+02  1.656294e+01
     vertex  1.530878e+01  1.367000e+02  1.651599e+01
     vertex  1.526871e+01  1.367000e+02  1.656294e+01
   endloop
 endfacet
 facet normal  7.606287e-01 -0.000000e+00  6.491872e-01
   outer loop
     vertex  1.530878e+01  1.307000e+02  1.651599e+01
     vertex  1.530878e+01  1.367000e+02  1.651599e+01
     vertex  1.526871e+01  1.307000e+02  1.656294e+01
   endloop
 endfacet
 facet normal  7.425325e-01 -0.000000e+00  6.698100e-01
   outer loop
     vertex  1.535013e+01  1.307000e+02  1.647015e+01
     vertex  1.535013e+01  1.367000e+02  1.647015e+01
     vertex  1.530878e+01  1.367000e+02  1.651599e+01
   endloop
 endfacet
 facet normal  7.425325e-01  0.000000e+00  6.698100e-01
   outer loop
     vertex  1.535013e+01  1.307000e+02  1.647015e+01
     vertex  1.530878e+01  1.367000e+02  1.651599e+01
     vertex  1.530878e+01  1.307000e+02  1.651599e+01
   endloop
 endfacet
 facet normal  7.238775e-01 -0.000000e+00  6.899286e-01
   outer loop
     vertex  1.539272e+01  1.307000e+02  1.642546e+01
     vertex  1.539272e+01  1.367000e+02  1.642546e+01
     vertex  1.535013e+01  1.367000e+02  1.647015e+01
   endloop
 endfacet
 facet normal  7.238775e-01  0.000000e+00  6.899286e-01
   outer loop
     vertex  1.539272e+01  1.307000e+02  1.642546e+01
     vertex  1.535013e+01  1.367000e+02  1.647015e+01
     vertex  1.535013e+01  1.307000e+02  1.647015e+01
   endloop
 endfacet
 facet normal  7.046775e-01 -0.000000e+00  7.095278e-01
   outer loop
     vertex  1.543653e+01  1.307000e+02  1.638196e+01
     vertex  1.543653e+01  1.367000e+02  1.638196e+01
     vertex  1.539272e+01  1.367000e+02  1.642546e+01
   endloop
 endfacet
 facet normal  7.046775e-01  0.000000e+00  7.095278e-01
   outer loop
     vertex  1.543653e+01  1.307000e+02  1.638196e+01
     vertex  1.539272e+01  1.367000e+02  1.642546e+01
     vertex  1.539272e+01  1.307000e+02  1.642546e+01
   endloop
 endfacet
 facet normal  6.849470e-01 -0.000000e+00  7.285929e-01
   outer loop
     vertex  1.548150e+01  1.307000e+02  1.633968e+01
     vertex  1.548150e+01  1.367000e+02  1.633968e+01
     vertex  1.543653e+01  1.367000e+02  1.638196e+01
   endloop
 endfacet
 facet normal  6.849470e-01  0.000000e+00  7.285929e-01
   outer loop
     vertex  1.548150e+01  1.307000e+02  1.633968e+01
     vertex  1.543653e+01  1.367000e+02  1.638196e+01
     vertex  1.543653e+01  1.307000e+02  1.638196e+01
   endloop
 endfacet
 facet normal  6.647010e-01 -0.000000e+00  7.471095e-01
   outer loop
     vertex  1.552762e+01  1.307000e+02  1.629864e+01
     vertex  1.552762e+01  1.367000e+02  1.629864e+01
     vertex  1.548150e+01  1.367000e+02  1.633968e+01
   endloop
 endfacet
 facet normal  6.647010e-01  0.000000e+00  7.471095e-01
   outer loop
     vertex  1.552762e+01  1.307000e+02  1.629864e+01
     vertex  1.548150e+01  1.367000e+02  1.633968e+01
     vertex  1.548150e+01  1.307000e+02  1.633968e+01
   endloop
 endfacet
 facet normal  6.439545e-01 -0.000000e+00  7.650637e-01
   outer loop
     vertex  1.557485e+01  1.307000e+02  1.625889e+01
     vertex  1.557485e+01  1.367000e+02  1.625889e+01
     vertex  1.552762e+01  1.367000e+02  1.629864e+01
   endloop
 endfacet
 facet normal  6.439545e-01  0.000000e+00  7.650637e-01
   outer loop
     vertex  1.557485e+01  1.307000e+02  1.625889e+01
     vertex  1.552762e+01  1.367000e+02  1.629864e+01
     vertex  1.552762e+01  1.307000e+02  1.629864e+01
   endloop
 endfacet
 facet normal  6.227234e-01 -0.000000e+00  7.824421e-01
   outer loop
     vertex  1.562316e+01  1.307000e+02  1.622045e+01
     vertex  1.562316e+01  1.367000e+02  1.622045e+01
     vertex  1.557485e+01  1.367000e+02  1.625889e+01
   endloop
 endfacet
 facet normal  6.227234e-01  0.000000e+00  7.824421e-01
   outer loop
     vertex  1.562316e+01  1.307000e+02  1.622045e+01
     vertex  1.557485e+01  1.367000e+02  1.625889e+01
     vertex  1.557485e+01  1.307000e+02  1.625889e+01
   endloop
 endfacet
 facet normal  6.010234e-01 -0.000000e+00  7.992314e-01
   outer loop
     vertex  1.567249e+01  1.307000e+02  1.618335e+01
     vertex  1.567249e+01  1.367000e+02  1.618335e+01
     vertex  1.562316e+01  1.367000e+02  1.622045e+01
   endloop
 endfacet
 facet normal  6.010234e-01  0.000000e+00  7.992314e-01
   outer loop
     vertex  1.567249e+01  1.307000e+02  1.618335e+01
     vertex  1.562316e+01  1.367000e+02  1.622045e+01
     vertex  1.562316e+01  1.307000e+02  1.622045e+01
   endloop
 endfacet
 facet normal  5.788711e-01 -0.000000e+00  8.154191e-01
   outer loop
     vertex  1.572283e+01  1.307000e+02  1.614761e+01
     vertex  1.572283e+01  1.367000e+02  1.614761e+01
     vertex  1.567249e+01  1.367000e+02  1.618335e+01
   endloop
 endfacet
 facet normal  5.562829e-01 -0.000000e+00  8.309929e-01
   outer loop
     vertex  1.572283e+01  1.307000e+02  1.614761e+01
     vertex  1.577413e+01  1.367000e+02  1.611327e+01
     vertex  1.572283e+01  1.367000e+02  1.614761e+01
   endloop
 endfacet
 facet normal  5.788711e-01  0.000000e+00  8.154191e-01
   outer loop
     vertex  1.572283e+01  1.307000e+02  1.614761e+01
     vertex  1.567249e+01  1.367000e+02  1.618335e+01
     vertex  1.567249e+01  1.307000e+02  1.618335e+01
   endloop
 endfacet
 facet normal  5.562829e-01 -0.000000e+00  8.309929e-01
   outer loop
     vertex  1.577413e+01  1.307000e+02  1.611327e+01
     vertex  1.577413e+01  1.367000e+02  1.611327e+01
     vertex  1.572283e+01  1.307000e+02  1.614761e+01
   endloop
 endfacet
 facet normal  5.332761e-01 -0.000000e+00  8.459413e-01
   outer loop
     vertex  1.582635e+01  1.307000e+02  1.608035e+01
     vertex  1.582635e+01  1.367000e+02  1.608035e+01
     vertex  1.577413e+01  1.367000e+02  1.611327e+01
   endloop
 endfacet
 facet normal  5.098678e-01 -0.000000e+00  8.602528e-01
   outer loop
     vertex  1.582635e+01  1.307000e+02  1.608035e+01
     vertex  1.587946e+01  1.367000e+02  1.604888e+01
     vertex  1.582635e+01  1.367000e+02  1.608035e+01
   endloop
 endfacet
 facet normal  5.332761e-01  0.000000e+00  8.459413e-01
   outer loop
     vertex  1.582635e+01  1.307000e+02  1.608035e+01
     vertex  1.577413e+01  1.367000e+02  1.611327e+01
     vertex  1.577413e+01  1.307000e+02  1.611327e+01
   endloop
 endfacet
 facet normal  5.098678e-01 -0.000000e+00  8.602528e-01
   outer loop
     vertex  1.587946e+01  1.307000e+02  1.604888e+01
     vertex  1.587946e+01  1.367000e+02  1.604888e+01
     vertex  1.582635e+01  1.307000e+02  1.608035e+01
   endloop
 endfacet
 facet normal  4.860756e-01 -0.000000e+00  8.739167e-01
   outer loop
     vertex  1.593341e+01  1.307000e+02  1.601887e+01
     vertex  1.593341e+01  1.367000e+02  1.601887e+01
     vertex  1.587946e+01  1.367000e+02  1.604888e+01
   endloop
 endfacet
 facet normal  4.860756e-01  0.000000e+00  8.739167e-01
   outer loop
     vertex  1.593341e+01  1.307000e+02  1.601887e+01
     vertex  1.587946e+01  1.367000e+02  1.604888e+01
     vertex  1.587946e+01  1.307000e+02  1.604888e+01
   endloop
 endfacet
 facet normal  4.619176e-01  0.000000e+00  8.869228e-01
   outer loop
     vertex  1.598816e+01  1.307000e+02  1.599035e+01
     vertex  1.593341e+01  1.367000e+02  1.601887e+01
     vertex  1.593341e+01  1.307000e+02  1.601887e+01
   endloop
 endfacet
 facet normal  4.619176e-01 -0.000000e+00  8.869228e-01
   outer loop
     vertex  1.598816e+01  1.307000e+02  1.599035e+01
     vertex  1.598816e+01  1.367000e+02  1.599035e+01
     vertex  1.593341e+01  1.367000e+02  1.601887e+01
   endloop
 endfacet
 facet normal  4.374119e-01 -0.000000e+00  8.992613e-01
   outer loop
     vertex  1.598816e+01  1.307000e+02  1.599035e+01
     vertex  1.604367e+01  1.367000e+02  1.596335e+01
     vertex  1.598816e+01  1.367000e+02  1.599035e+01
   endloop
 endfacet
 facet normal  4.374119e-01 -0.000000e+00  8.992613e-01
   outer loop
     vertex  1.604367e+01  1.307000e+02  1.596335e+01
     vertex  1.604367e+01  1.367000e+02  1.596335e+01
     vertex  1.598816e+01  1.307000e+02  1.599035e+01
   endloop
 endfacet
 facet normal  4.125769e-01  0.000000e+00  9.109228e-01
   outer loop
     vertex  1.609991e+01  1.307000e+02  1.593788e+01
     vertex  1.604367e+01  1.367000e+02  1.596335e+01
     vertex  1.604367e+01  1.307000e+02  1.596335e+01
   endloop
 endfacet
 facet normal  4.125769e-01 -0.000000e+00  9.109228e-01
   outer loop
     vertex  1.609991e+01  1.307000e+02  1.593788e+01
     vertex  1.609991e+01  1.367000e+02  1.593788e+01
     vertex  1.604367e+01  1.367000e+02  1.596335e+01
   endloop
 endfacet
 facet normal  3.874313e-01  0.000000e+00  9.218986e-01
   outer loop
     vertex  1.615682e+01  1.307000e+02  1.591396e+01
     vertex  1.609991e+01  1.367000e+02  1.593788e+01
     vertex  1.609991e+01  1.307000e+02  1.593788e+01
   endloop
 endfacet
 facet normal  3.874313e-01 -0.000000e+00  9.218986e-01
   outer loop
     vertex  1.615682e+01  1.307000e+02  1.591396e+01
     vertex  1.615682e+01  1.367000e+02  1.591396e+01
     vertex  1.609991e+01  1.367000e+02  1.593788e+01
   endloop
 endfacet
 facet normal  3.619940e-01  0.000000e+00  9.321804e-01
   outer loop
     vertex  1.621436e+01  1.307000e+02  1.589162e+01
     vertex  1.615682e+01  1.367000e+02  1.591396e+01
     vertex  1.615682e+01  1.307000e+02  1.591396e+01
   endloop
 endfacet
 facet normal  3.619940e-01 -0.000000e+00  9.321804e-01
   outer loop
     vertex  1.621436e+01  1.307000e+02  1.589162e+01
     vertex  1.621436e+01  1.367000e+02  1.589162e+01
     vertex  1.615682e+01  1.367000e+02  1.591396e+01
   endloop
 endfacet
 facet normal  3.362843e-01  0.000000e+00  9.417605e-01
   outer loop
     vertex  1.627250e+01  1.307000e+02  1.587086e+01
     vertex  1.621436e+01  1.367000e+02  1.589162e+01
     vertex  1.621436e+01  1.307000e+02  1.589162e+01
   endloop
 endfacet
 facet normal  3.362843e-01 -0.000000e+00  9.417605e-01
   outer loop
     vertex  1.627250e+01  1.307000e+02  1.587086e+01
     vertex  1.627250e+01  1.367000e+02  1.587086e+01
     vertex  1.621436e+01  1.367000e+02  1.589162e+01
   endloop
 endfacet
 facet normal  3.103214e-01  0.000000e+00  9.506317e-01
   outer loop
     vertex  1.633118e+01  1.307000e+02  1.585170e+01
     vertex  1.627250e+01  1.367000e+02  1.587086e+01
     vertex  1.627250e+01  1.307000e+02  1.587086e+01
   endloop
 endfacet
 facet normal  3.103214e-01 -0.000000e+00  9.506317e-01
   outer loop
     vertex  1.633118e+01  1.307000e+02  1.585170e+01
     vertex  1.633118e+01  1.367000e+02  1.585170e+01
     vertex  1.627250e+01  1.367000e+02  1.587086e+01
   endloop
 endfacet
 facet normal  2.841250e-01 -0.000000e+00  9.587873e-01
   outer loop
     vertex  1.633118e+01  1.307000e+02  1.585170e+01
     vertex  1.639037e+01  1.367000e+02  1.583416e+01
     vertex  1.633118e+01  1.367000e+02  1.585170e+01
   endloop
 endfacet
 facet normal  2.841250e-01 -0.000000e+00  9.587873e-01
   outer loop
     vertex  1.639037e+01  1.307000e+02  1.583416e+01
     vertex  1.639037e+01  1.367000e+02  1.583416e+01
     vertex  1.633118e+01  1.307000e+02  1.585170e+01
   endloop
 endfacet
 facet normal  2.577146e-01  0.000000e+00  9.662211e-01
   outer loop
     vertex  1.645002e+01  1.307000e+02  1.581825e+01
     vertex  1.639037e+01  1.367000e+02  1.583416e+01
     vertex  1.639037e+01  1.307000e+02  1.583416e+01
   endloop
 endfacet
 facet normal  2.577146e-01 -0.000000e+00  9.662211e-01
   outer loop
     vertex  1.645002e+01  1.307000e+02  1.581825e+01
     vertex  1.645002e+01  1.367000e+02  1.581825e+01
     vertex  1.639037e+01  1.367000e+02  1.583416e+01
   endloop
 endfacet
 facet normal  2.311102e-01  0.000000e+00  9.729276e-01
   outer loop
     vertex  1.651008e+01  1.307000e+02  1.580399e+01
     vertex  1.645002e+01  1.367000e+02  1.581825e+01
     vertex  1.645002e+01  1.307000e+02  1.581825e+01
   endloop
 endfacet
 facet normal  2.311102e-01 -0.000000e+00  9.729276e-01
   outer loop
     vertex  1.651008e+01  1.307000e+02  1.580399e+01
     vertex  1.651008e+01  1.367000e+02  1.580399e+01
     vertex  1.645002e+01  1.367000e+02  1.581825e+01
   endloop
 endfacet
 facet normal  2.043319e-01  0.000000e+00  9.789017e-01
   outer loop
     vertex  1.657051e+01  1.307000e+02  1.579137e+01
     vertex  1.651008e+01  1.367000e+02  1.580399e+01
     vertex  1.651008e+01  1.307000e+02  1.580399e+01
   endloop
 endfacet
 facet normal  2.043319e-01 -0.000000e+00  9.789017e-01
   outer loop
     vertex  1.657051e+01  1.307000e+02  1.579137e+01
     vertex  1.657051e+01  1.367000e+02  1.579137e+01
     vertex  1.651008e+01  1.367000e+02  1.580399e+01
   endloop
 endfacet
 facet normal  1.773998e-01  0.000000e+00  9.841389e-01
   outer loop
     vertex  1.663126e+01  1.307000e+02  1.578042e+01
     vertex  1.657051e+01  1.367000e+02  1.579137e+01
     vertex  1.657051e+01  1.307000e+02  1.579137e+01
   endloop
 endfacet
 facet normal  1.773998e-01 -0.000000e+00  9.841389e-01
   outer loop
     vertex  1.663126e+01  1.307000e+02  1.578042e+01
     vertex  1.663126e+01  1.367000e+02  1.578042e+01
     vertex  1.657051e+01  1.367000e+02  1.579137e+01
   endloop
 endfacet
 facet normal  1.503341e-01  0.000000e+00  9.886353e-01
   outer loop
     vertex  1.669230e+01  1.307000e+02  1.577114e+01
     vertex  1.663126e+01  1.367000e+02  1.578042e+01
     vertex  1.663126e+01  1.307000e+02  1.578042e+01
   endloop
 endfacet
 facet normal  1.503341e-01 -0.000000e+00  9.886353e-01
   outer loop
     vertex  1.669230e+01  1.307000e+02  1.577114e+01
     vertex  1.669230e+01  1.367000e+02  1.577114e+01
     vertex  1.663126e+01  1.367000e+02  1.578042e+01
   endloop
 endfacet
 facet normal  1.231552e-01 -0.000000e+00  9.923874e-01
   outer loop
     vertex  1.669230e+01  1.307000e+02  1.577114e+01
     vertex  1.675356e+01  1.367000e+02  1.576354e+01
     vertex  1.669230e+01  1.367000e+02  1.577114e+01
   endloop
 endfacet
 facet normal  1.231552e-01 -0.000000e+00  9.923874e-01
   outer loop
     vertex  1.675356e+01  1.307000e+02  1.576354e+01
     vertex  1.675356e+01  1.367000e+02  1.576354e+01
     vertex  1.669230e+01  1.307000e+02  1.577114e+01
   endloop
 endfacet
 facet normal  9.588368e-02 -0.000000e+00  9.953925e-01
   outer loop
     vertex  1.681501e+01  1.307000e+02  1.575762e+01
     vertex  1.681501e+01  1.367000e+02  1.575762e+01
     vertex  1.675356e+01  1.367000e+02  1.576354e+01
   endloop
 endfacet
 facet normal  6.853995e-02 -0.000000e+00  9.976484e-01
   outer loop
     vertex  1.681501e+01  1.307000e+02  1.575762e+01
     vertex  1.687659e+01  1.367000e+02  1.575339e+01
     vertex  1.681501e+01  1.367000e+02  1.575762e+01
   endloop
 endfacet
 facet normal  9.588368e-02  0.000000e+00  9.953925e-01
   outer loop
     vertex  1.681501e+01  1.307000e+02  1.575762e+01
     vertex  1.675356e+01  1.367000e+02  1.576354e+01
     vertex  1.675356e+01  1.307000e+02  1.576354e+01
   endloop
 endfacet
 facet normal  6.853995e-02 -0.000000e+00  9.976484e-01
   outer loop
     vertex  1.687659e+01  1.307000e+02  1.575339e+01
     vertex  1.687659e+01  1.367000e+02  1.575339e+01
     vertex  1.681501e+01  1.307000e+02  1.575762e+01
   endloop
 endfacet
 facet normal  4.114462e-02 -0.000000e+00  9.991532e-01
   outer loop
     vertex  1.693827e+01  1.307000e+02  1.575085e+01
     vertex  1.693827e+01  1.367000e+02  1.575085e+01
     vertex  1.687659e+01  1.367000e+02  1.575339e+01
   endloop
 endfacet
 facet normal  4.114462e-02  0.000000e+00  9.991532e-01
   outer loop
     vertex  1.693827e+01  1.307000e+02  1.575085e+01
     vertex  1.687659e+01  1.367000e+02  1.575339e+01
     vertex  1.687659e+01  1.307000e+02  1.575339e+01
   endloop
 endfacet
 facet normal  1.371831e-02 -0.000000e+00  9.999059e-01
   outer loop
     vertex  1.700000e+01  1.307000e+02  1.575000e+01
     vertex  1.700000e+01  1.367000e+02  1.575000e+01
     vertex  1.693827e+01  1.367000e+02  1.575085e+01
   endloop
 endfacet
 facet normal  1.371831e-02  0.000000e+00  9.999059e-01
   outer loop
     vertex  1.700000e+01  1.307000e+02  1.575000e+01
     vertex  1.693827e+01  1.367000e+02  1.575085e+01
     vertex  1.693827e+01  1.307000e+02  1.575085e+01
   endloop
 endfacet
 facet normal -1.371831e-02  0.000000e+00  9.999059e-01
   outer loop
     vertex  1.350617e+02  1.307000e+02  1.575085e+01
     vertex  1.350000e+02  1.367000e+02  1.575000e+01
     vertex  1.350000e+02  1.307000e+02  1.575000e+01
   endloop
 endfacet
 facet normal -1.371831e-02  0.000000e+00  9.999059e-01
   outer loop
     vertex  1.350617e+02  1.307000e+02  1.575085e+01
     vertex  1.350617e+02  1.367000e+02  1.575085e+01
     vertex  1.350000e+02  1.367000e+02  1.575000e+01
   endloop
 endfacet
 facet normal -4.114462e-02  0.000000e+00  9.991532e-01
   outer loop
     vertex  1.351234e+02  1.307000e+02  1.575339e+01
     vertex  1.351234e+02  1.367000e+02  1.575339e+01
     vertex  1.350617e+02  1.367000e+02  1.575085e+01
   endloop
 endfacet
 facet normal -4.114462e-02  0.000000e+00  9.991532e-01
   outer loop
     vertex  1.351234e+02  1.307000e+02  1.575339e+01
     vertex  1.350617e+02  1.367000e+02  1.575085e+01
     vertex  1.350617e+02  1.307000e+02  1.575085e+01
   endloop
 endfacet
 facet normal -6.853995e-02  0.000000e+00  9.976484e-01
   outer loop
     vertex  1.351850e+02  1.307000e+02  1.575762e+01
     vertex  1.351850e+02  1.367000e+02  1.575762e+01
     vertex  1.351234e+02  1.367000e+02  1.575339e+01
   endloop
 endfacet
 facet normal -6.853995e-02  0.000000e+00  9.976484e-01
   outer loop
     vertex  1.351850e+02  1.307000e+02  1.575762e+01
     vertex  1.351234e+02  1.367000e+02  1.575339e+01
     vertex  1.351234e+02  1.307000e+02  1.575339e+01
   endloop
 endfacet
 facet normal -9.588368e-02  0.000000e+00  9.953925e-01
   outer loop
     vertex  1.352464e+02  1.307000e+02  1.576354e+01
     vertex  1.352464e+02  1.367000e+02  1.576354e+01
     vertex  1.351850e+02  1.367000e+02  1.575762e+01
   endloop
 endfacet
 facet normal -9.588368e-02  0.000000e+00  9.953925e-01
   outer loop
     vertex  1.352464e+02  1.307000e+02  1.576354e+01
     vertex  1.351850e+02  1.367000e+02  1.575762e+01
     vertex  1.351850e+02  1.307000e+02  1.575762e+01
   endloop
 endfacet
 facet normal -1.231552e-01  0.000000e+00  9.923874e-01
   outer loop
     vertex  1.353077e+02  1.307000e+02  1.577114e+01
     vertex  1.353077e+02  1.367000e+02  1.577114e+01
     vertex  1.352464e+02  1.367000e+02  1.576354e+01
   endloop
 endfacet
 facet normal -1.231552e-01  0.000000e+00  9.923874e-01
   outer loop
     vertex  1.353077e+02  1.307000e+02  1.577114e+01
     vertex  1.352464e+02  1.367000e+02  1.576354e+01
     vertex  1.352464e+02  1.307000e+02  1.576354e+01
   endloop
 endfacet
 facet normal -1.503341e-01  0.000000e+00  9.886353e-01
   outer loop
     vertex  1.353687e+02  1.307000e+02  1.578042e+01
     vertex  1.353687e+02  1.367000e+02  1.578042e+01
     vertex  1.353077e+02  1.367000e+02  1.577114e+01
   endloop
 endfacet
 facet normal -1.773998e-01  0.000000e+00  9.841389e-01
   outer loop
     vertex  1.353687e+02  1.307000e+02  1.578042e+01
     vertex  1.354295e+02  1.367000e+02  1.579137e+01
     vertex  1.353687e+02  1.367000e+02  1.578042e+01
   endloop
 endfacet
 facet normal -1.503341e-01  0.000000e+00  9.886353e-01
   outer loop
     vertex  1.353687e+02  1.307000e+02  1.578042e+01
     vertex  1.353077e+02  1.367000e+02  1.577114e+01
     vertex  1.353077e+02  1.307000e+02  1.577114e+01
   endloop
 endfacet
 facet normal -1.773998e-01  0.000000e+00  9.841389e-01
   outer loop
     vertex  1.354295e+02  1.307000e+02  1.579137e+01
     vertex  1.354295e+02  1.367000e+02  1.579137e+01
     vertex  1.353687e+02  1.307000e+02  1.578042e+01
   endloop
 endfacet
 facet normal -2.043319e-01  0.000000e+00  9.789017e-01
   outer loop
     vertex  1.354899e+02  1.307000e+02  1.580399e+01
     vertex  1.354899e+02  1.367000e+02  1.580399e+01
     vertex  1.354295e+02  1.367000e+02  1.579137e+01
   endloop
 endfacet
 facet normal -2.043319e-01  0.000000e+00  9.789017e-01
   outer loop
     vertex  1.354899e+02  1.307000e+02  1.580399e+01
     vertex  1.354295e+02  1.367000e+02  1.579137e+01
     vertex  1.354295e+02  1.307000e+02  1.579137e+01
   endloop
 endfacet
 facet normal -2.311102e-01  0.000000e+00  9.729276e-01
   outer loop
     vertex  1.355500e+02  1.307000e+02  1.581825e+01
     vertex  1.355500e+02  1.367000e+02  1.581825e+01
     vertex  1.354899e+02  1.367000e+02  1.580399e+01
   endloop
 endfacet
 facet normal -2.311102e-01  0.000000e+00  9.729276e-01
   outer loop
     vertex  1.355500e+02  1.307000e+02  1.581825e+01
     vertex  1.354899e+02  1.367000e+02  1.580399e+01
     vertex  1.354899e+02  1.307000e+02  1.580399e+01
   endloop
 endfacet
 facet normal -2.577146e-01  0.000000e+00  9.662211e-01
   outer loop
     vertex  1.356096e+02  1.307000e+02  1.583416e+01
     vertex  1.355500e+02  1.367000e+02  1.581825e+01
     vertex  1.355500e+02  1.307000e+02  1.581825e+01
   endloop
 endfacet
 facet normal -2.577146e-01  0.000000e+00  9.662211e-01
   outer loop
     vertex  1.356096e+02  1.307000e+02  1.583416e+01
     vertex  1.356096e+02  1.367000e+02  1.583416e+01
     vertex  1.355500e+02  1.367000e+02  1.581825e+01
   endloop
 endfacet
 facet normal -2.841250e-01  0.000000e+00  9.587873e-01
   outer loop
     vertex  1.356096e+02  1.307000e+02  1.583416e+01
     vertex  1.356688e+02  1.367000e+02  1.585170e+01
     vertex  1.356096e+02  1.367000e+02  1.583416e+01
   endloop
 endfacet
 facet normal -2.841250e-01  0.000000e+00  9.587873e-01
   outer loop
     vertex  1.356688e+02  1.307000e+02  1.585170e+01
     vertex  1.356688e+02  1.367000e+02  1.585170e+01
     vertex  1.356096e+02  1.307000e+02  1.583416e+01
   endloop
 endfacet
 facet normal -3.103214e-01  0.000000e+00  9.506317e-01
   outer loop
     vertex  1.356688e+02  1.307000e+02  1.585170e+01
     vertex  1.357275e+02  1.367000e+02  1.587086e+01
     vertex  1.356688e+02  1.367000e+02  1.585170e+01
   endloop
 endfacet
 facet normal -3.103214e-01  0.000000e+00  9.506317e-01
   outer loop
     vertex  1.357275e+02  1.307000e+02  1.587086e+01
     vertex  1.357275e+02  1.367000e+02  1.587086e+01
     vertex  1.356688e+02  1.307000e+02  1.585170e+01
   endloop
 endfacet
 facet normal -3.362843e-01  0.000000e+00  9.417605e-01
   outer loop
     vertex  1.357275e+02  1.307000e+02  1.587086e+01
     vertex  1.357856e+02  1.367000e+02  1.589162e+01
     vertex  1.357275e+02  1.367000e+02  1.587086e+01
   endloop
 endfacet
 facet normal -3.362843e-01  0.000000e+00  9.417605e-01
   outer loop
     vertex  1.357856e+02  1.307000e+02  1.589162e+01
     vertex  1.357856e+02  1.367000e+02  1.589162e+01
     vertex  1.357275e+02  1.307000e+02  1.587086e+01
   endloop
 endfacet
 facet normal -3.619940e-01  0.000000e+00  9.321804e-01
   outer loop
     vertex  1.358432e+02  1.307000e+02  1.591396e+01
     vertex  1.357856e+02  1.367000e+02  1.589162e+01
     vertex  1.357856e+02  1.307000e+02  1.589162e+01
   endloop
 endfacet
 facet normal -3.619940e-01  0.000000e+00  9.321804e-01
   outer loop
     vertex  1.358432e+02  1.307000e+02  1.591396e+01
     vertex  1.358432e+02  1.367000e+02  1.591396e+01
     vertex  1.357856e+02  1.367000e+02  1.589162e+01
   endloop
 endfacet
 facet normal -3.874313e-01  0.000000e+00  9.218986e-01
   outer loop
     vertex  1.359001e+02  1.307000e+02  1.593788e+01
     vertex  1.358432e+02  1.367000e+02  1.591396e+01
     vertex  1.358432e+02  1.307000e+02  1.591396e+01
   endloop
 endfacet
 facet normal -3.874313e-01  0.000000e+00  9.218986e-01
   outer loop
     vertex  1.359001e+02  1.307000e+02  1.593788e+01
     vertex  1.359001e+02  1.367000e+02  1.593788e+01
     vertex  1.358432e+02  1.367000e+02  1.591396e+01
   endloop
 endfacet
 facet normal -4.125769e-01  0.000000e+00  9.109228e-01
   outer loop
     vertex  1.359563e+02  1.307000e+02  1.596335e+01
     vertex  1.359001e+02  1.367000e+02  1.593788e+01
     vertex  1.359001e+02  1.307000e+02  1.593788e+01
   endloop
 endfacet
 facet normal -4.125769e-01  0.000000e+00  9.109228e-01
   outer loop
     vertex  1.359563e+02  1.307000e+02  1.596335e+01
     vertex  1.359563e+02  1.367000e+02  1.596335e+01
     vertex  1.359001e+02  1.367000e+02  1.593788e+01
   endloop
 endfacet
 facet normal -4.374119e-01  0.000000e+00  8.992613e-01
   outer loop
     vertex  1.360118e+02  1.307000e+02  1.599035e+01
     vertex  1.359563e+02  1.367000e+02  1.596335e+01
     vertex  1.359563e+02  1.307000e+02  1.596335e+01
   endloop
 endfacet
 facet normal -4.374119e-01  0.000000e+00  8.992613e-01
   outer loop
     vertex  1.360118e+02  1.307000e+02  1.599035e+01
     vertex  1.360118e+02  1.367000e+02  1.599035e+01
     vertex  1.359563e+02  1.367000e+02  1.596335e+01
   endloop
 endfacet
 facet normal -4.619176e-01  0.000000e+00  8.869228e-01
   outer loop
     vertex  1.360666e+02  1.307000e+02  1.601887e+01
     vertex  1.360118e+02  1.367000e+02  1.599035e+01
     vertex  1.360118e+02  1.307000e+02  1.599035e+01
   endloop
 endfacet
 facet normal -4.619176e-01  0.000000e+00  8.869228e-01
   outer loop
     vertex  1.360666e+02  1.307000e+02  1.601887e+01
     vertex  1.360666e+02  1.367000e+02  1.601887e+01
     vertex  1.360118e+02  1.367000e+02  1.599035e+01
   endloop
 endfacet
 facet normal -4.860756e-01  0.000000e+00  8.739167e-01
   outer loop
     vertex  1.361205e+02  1.307000e+02  1.604888e+01
     vertex  1.360666e+02  1.367000e+02  1.601887e+01
     vertex  1.360666e+02  1.307000e+02  1.601887e+01
   endloop
 endfacet
 facet normal -4.860756e-01  0.000000e+00  8.739167e-01
   outer loop
     vertex  1.361205e+02  1.307000e+02  1.604888e+01
     vertex  1.361205e+02  1.367000e+02  1.604888e+01
     vertex  1.360666e+02  1.367000e+02  1.601887e+01
   endloop
 endfacet
 facet normal -5.098678e-01  0.000000e+00  8.602528e-01
   outer loop
     vertex  1.361736e+02  1.307000e+02  1.608035e+01
     vertex  1.361205e+02  1.367000e+02  1.604888e+01
     vertex  1.361205e+02  1.307000e+02  1.604888e+01
   endloop
 endfacet
 facet normal -5.098678e-01  0.000000e+00  8.602528e-01
   outer loop
     vertex  1.361736e+02  1.307000e+02  1.608035e+01
     vertex  1.361736e+02  1.367000e+02  1.608035e+01
     vertex  1.361205e+02  1.367000e+02  1.604888e+01
   endloop
 endfacet
 facet normal -5.332761e-01  0.000000e+00  8.459413e-01
   outer loop
     vertex  1.362259e+02  1.307000e+02  1.611327e+01
     vertex  1.361736e+02  1.367000e+02  1.608035e+01
     vertex  1.361736e+02  1.307000e+02  1.608035e+01
   endloop
 endfacet
 facet normal -5.332761e-01  0.000000e+00  8.459413e-01
   outer loop
     vertex  1.362259e+02  1.307000e+02  1.611327e+01
     vertex  1.362259e+02  1.367000e+02  1.611327e+01
     vertex  1.361736e+02  1.367000e+02  1.608035e+01
   endloop
 endfacet
 facet normal -5.562829e-01  0.000000e+00  8.309929e-01
   outer loop
     vertex  1.362772e+02  1.307000e+02  1.614761e+01
     vertex  1.362772e+02  1.367000e+02  1.614761e+01
     vertex  1.362259e+02  1.367000e+02  1.611327e+01
   endloop
 endfacet
 facet normal -5.562829e-01  0.000000e+00  8.309929e-01
   outer loop
     vertex  1.362772e+02  1.307000e+02  1.614761e+01
     vertex  1.362259e+02  1.367000e+02  1.611327e+01
     vertex  1.362259e+02  1.307000e+02  1.611327e+01
   endloop
 endfacet
 facet normal -5.788711e-01  0.000000e+00  8.154191e-01
   outer loop
     vertex  1.363275e+02  1.307000e+02  1.618335e+01
     vertex  1.363275e+02  1.367000e+02  1.618335e+01
     vertex  1.362772e+02  1.367000e+02  1.614761e+01
   endloop
 endfacet
 facet normal -5.788711e-01  0.000000e+00  8.154191e-01
   outer loop
     vertex  1.363275e+02  1.307000e+02  1.618335e+01
     vertex  1.362772e+02  1.367000e+02  1.614761e+01
     vertex  1.362772e+02  1.307000e+02  1.614761e+01
   endloop
 endfacet
 facet normal -6.010234e-01  0.000000e+00  7.992314e-01
   outer loop
     vertex  1.363768e+02  1.307000e+02  1.622045e+01
     vertex  1.363768e+02  1.367000e+02  1.622045e+01
     vertex  1.363275e+02  1.367000e+02  1.618335e+01
   endloop
 endfacet
 facet normal -6.010234e-01  0.000000e+00  7.992314e-01
   outer loop
     vertex  1.363768e+02  1.307000e+02  1.622045e+01
     vertex  1.363275e+02  1.367000e+02  1.618335e+01
     vertex  1.363275e+02  1.307000e+02  1.618335e+01
   endloop
 endfacet
 facet normal -6.227234e-01  0.000000e+00  7.824421e-01
   outer loop
     vertex  1.364251e+02  1.307000e+02  1.625889e+01
     vertex  1.364251e+02  1.367000e+02  1.625889e+01
     vertex  1.363768e+02  1.367000e+02  1.622045e+01
   endloop
 endfacet
 facet normal -6.227234e-01  0.000000e+00  7.824421e-01
   outer loop
     vertex  1.364251e+02  1.307000e+02  1.625889e+01
     vertex  1.363768e+02  1.367000e+02  1.622045e+01
     vertex  1.363768e+02  1.307000e+02  1.622045e+01
   endloop
 endfacet
 facet normal -6.439545e-01  0.000000e+00  7.650637e-01
   outer loop
     vertex  1.364724e+02  1.307000e+02  1.629864e+01
     vertex  1.364724e+02  1.367000e+02  1.629864e+01
     vertex  1.364251e+02  1.367000e+02  1.625889e+01
   endloop
 endfacet
 facet normal -6.439545e-01  0.000000e+00  7.650637e-01
   outer loop
     vertex  1.364724e+02  1.307000e+02  1.629864e+01
     vertex  1.364251e+02  1.367000e+02  1.625889e+01
     vertex  1.364251e+02  1.307000e+02  1.625889e+01
   endloop
 endfacet
 facet normal -6.647010e-01  0.000000e+00  7.471095e-01
   outer loop
     vertex  1.365185e+02  1.307000e+02  1.633968e+01
     vertex  1.365185e+02  1.367000e+02  1.633968e+01
     vertex  1.364724e+02  1.367000e+02  1.629864e+01
   endloop
 endfacet
 facet normal -6.849470e-01  0.000000e+00  7.285929e-01
   outer loop
     vertex  1.365185e+02  1.307000e+02  1.633968e+01
     vertex  1.365635e+02  1.367000e+02  1.638196e+01
     vertex  1.365185e+02  1.367000e+02  1.633968e+01
   endloop
 endfacet
 facet normal -6.647010e-01  0.000000e+00  7.471095e-01
   outer loop
     vertex  1.365185e+02  1.307000e+02  1.633968e+01
     vertex  1.364724e+02  1.367000e+02  1.629864e+01
     vertex  1.364724e+02  1.307000e+02  1.629864e+01
   endloop
 endfacet
 facet normal -6.849470e-01  0.000000e+00  7.285929e-01
   outer loop
     vertex  1.365635e+02  1.307000e+02  1.638196e+01
     vertex  1.365635e+02  1.367000e+02  1.638196e+01
     vertex  1.365185e+02  1.307000e+02  1.633968e+01
   endloop
 endfacet
 facet normal -7.046775e-01  0.000000e+00  7.095278e-01
   outer loop
     vertex  1.366073e+02  1.307000e+02  1.642546e+01
     vertex  1.366073e+02  1.367000e+02  1.642546e+01
     vertex  1.365635e+02  1.367000e+02  1.638196e+01
   endloop
 endfacet
 facet normal -7.238775e-01  0.000000e+00  6.899286e-01
   outer loop
     vertex  1.366073e+02  1.307000e+02  1.642546e+01
     vertex  1.366499e+02  1.367000e+02  1.647015e+01
     vertex  1.366073e+02  1.367000e+02  1.642546e+01
   endloop
 endfacet
 facet normal -7.046775e-01  0.000000e+00  7.095278e-01
   outer loop
     vertex  1.366073e+02  1.307000e+02  1.642546e+01
     vertex  1.365635e+02  1.367000e+02  1.638196e+01
     vertex  1.365635e+02  1.307000e+02  1.638196e+01
   endloop
 endfacet
 facet normal -7.238775e-01  0.000000e+00  6.899286e-01
   outer loop
     vertex  1.366499e+02  1.307000e+02  1.647015e+01
     vertex  1.366499e+02  1.367000e+02  1.647015e+01
     vertex  1.366073e+02  1.307000e+02  1.642546e+01
   endloop
 endfacet
 facet normal -7.425325e-01  0.000000e+00  6.698100e-01
   outer loop
     vertex  1.366912e+02  1.307000e+02  1.651599e+01
     vertex  1.366912e+02  1.367000e+02  1.651599e+01
     vertex  1.366499e+02  1.367000e+02  1.647015e+01
   endloop
 endfacet
 facet normal -7.425325e-01  0.000000e+00  6.698100e-01
   outer loop
     vertex  1.366912e+02  1.307000e+02  1.651599e+01
     vertex  1.366499e+02  1.367000e+02  1.647015e+01
     vertex  1.366499e+02  1.307000e+02  1.647015e+01
   endloop
 endfacet
 facet normal -7.606287e-01  0.000000e+00  6.491872e-01
   outer loop
     vertex  1.367313e+02  1.307000e+02  1.656294e+01
     vertex  1.367313e+02  1.367000e+02  1.656294e+01
     vertex  1.366912e+02  1.367000e+02  1.651599e+01
   endloop
 endfacet
 facet normal -7.781522e-01  0.000000e+00  6.280757e-01
   outer loop
     vertex  1.367313e+02  1.307000e+02  1.656294e+01
     vertex  1.367701e+02  1.367000e+02  1.661098e+01
     vertex  1.367313e+02  1.367000e+02  1.656294e+01
   endloop
 endfacet
 facet normal -7.606287e-01  0.000000e+00  6.491872e-01
   outer loop
     vertex  1.367313e+02  1.307000e+02  1.656294e+01
     vertex  1.366912e+02  1.367000e+02  1.651599e+01
     vertex  1.366912e+02  1.307000e+02  1.651599e+01
   endloop
 endfacet
 facet normal -7.950900e-01  0.000000e+00  6.064915e-01
   outer loop
     vertex  1.367701e+02  1.307000e+02  1.661098e+01
     vertex  1.368075e+02  1.367000e+02  1.666006e+01
     vertex  1.367701e+02  1.367000e+02  1.661098e+01
   endloop
 endfacet
 facet normal -7.781522e-01  0.000000e+00  6.280757e-01
   outer loop
     vertex  1.367701e+02  1.307000e+02  1.661098e+01
     vertex  1.367701e+02  1.367000e+02  1.661098e+01
     vertex  1.367313e+02  1.307000e+02  1.656294e+01
   endloop
 endfacet
 facet normal -7.950900e-01  0.000000e+00  6.064915e-01
   outer loop
     vertex  1.368075e+02  1.307000e+02  1.666006e+01
     vertex  1.368075e+02  1.367000e+02  1.666006e+01
     vertex  1.367701e+02  1.307000e+02  1.661098e+01
   endloop
 endfacet
 facet normal -8.114292e-01  0.000000e+00  5.844507e-01
   outer loop
     vertex  1.368436e+02  1.307000e+02  1.671016e+01
     vertex  1.368075e+02  1.367000e+02  1.666006e+01
     vertex  1.368075e+02  1.307000e+02  1.666006e+01
   endloop
 endfacet
 facet normal -8.114292e-01  0.000000e+00  5.844507e-01
   outer loop
     vertex  1.368436e+02  1.307000e+02  1.671016e+01
     vertex  1.368436e+02  1.367000e+02  1.671016e+01
     vertex  1.368075e+02  1.367000e+02  1.666006e+01
   endloop
 endfacet
 facet normal -8.271577e-01  0.000000e+00  5.619699e-01
   outer loop
     vertex  1.368783e+02  1.307000e+02  1.676122e+01
     vertex  1.368783e+02  1.367000e+02  1.676122e+01
     vertex  1.368436e+02  1.367000e+02  1.671016e+01
   endloop
 endfacet
 facet normal -8.271577e-01  0.000000e+00  5.619699e-01
   outer loop
     vertex  1.368783e+02  1.307000e+02  1.676122e+01
     vertex  1.368436e+02  1.367000e+02  1.671016e+01
     vertex  1.368436e+02  1.307000e+02  1.671016e+01
   endloop
 endfacet
 facet normal -8.422635e-01  0.000000e+00  5.390661e-01
   outer loop
     vertex  1.369116e+02  1.307000e+02  1.681321e+01
     vertex  1.368783e+02  1.367000e+02  1.676122e+01
     vertex  1.368783e+02  1.307000e+02  1.676122e+01
   endloop
 endfacet
 facet normal -8.422635e-01  0.000000e+00  5.390661e-01
   outer loop
     vertex  1.369116e+02  1.307000e+02  1.681321e+01
     vertex  1.369116e+02  1.367000e+02  1.681321e+01
     vertex  1.368783e+02  1.367000e+02  1.676122e+01
   endloop
 endfacet
 facet normal -8.567352e-01  0.000000e+00  5.157565e-01
   outer loop
     vertex  1.369434e+02  1.307000e+02  1.686610e+01
     vertex  1.369116e+02  1.367000e+02  1.681321e+01
     vertex  1.369116e+02  1.307000e+02  1.681321e+01
   endloop
 endfacet
 facet normal -8.567352e-01  0.000000e+00  5.157565e-01
   outer loop
     vertex  1.369434e+02  1.307000e+02  1.686610e+01
     vertex  1.369434e+02  1.367000e+02  1.686610e+01
     vertex  1.369116e+02  1.367000e+02  1.681321e+01
   endloop
 endfacet
 facet normal -8.705620e-01  0.000000e+00  4.920587e-01
   outer loop
     vertex  1.369738e+02  1.307000e+02  1.691984e+01
     vertex  1.369434e+02  1.367000e+02  1.686610e+01
     vertex  1.369434e+02  1.307000e+02  1.686610e+01
   endloop
 endfacet
 facet normal -8.705620e-01  0.000000e+00  4.920587e-01
   outer loop
     vertex  1.369738e+02  1.307000e+02  1.691984e+01
     vertex  1.369738e+02  1.367000e+02  1.691984e+01
     vertex  1.369434e+02  1.367000e+02  1.686610e+01
   endloop
 endfacet
 facet normal -8.837335e-01  0.000000e+00  4.679904e-01
   outer loop
     vertex  1.370027e+02  1.307000e+02  1.697440e+01
     vertex  1.369738e+02  1.367000e+02  1.691984e+01
     vertex  1.369738e+02  1.307000e+02  1.691984e+01
   endloop
 endfacet
 facet normal -8.837335e-01  0.000000e+00  4.679904e-01
   outer loop
     vertex  1.370027e+02  1.307000e+02  1.697440e+01
     vertex  1.370027e+02  1.367000e+02  1.697440e+01
     vertex  1.369738e+02  1.367000e+02  1.691984e+01
   endloop
 endfacet
 facet normal -8.962398e-01  0.000000e+00  4.435699e-01
   outer loop
     vertex  1.370300e+02  1.307000e+02  1.702973e+01
     vertex  1.370027e+02  1.367000e+02  1.697440e+01
     vertex  1.370027e+02  1.307000e+02  1.697440e+01
   endloop
 endfacet
 facet normal -8.962398e-01  0.000000e+00  4.435699e-01
   outer loop
     vertex  1.370300e+02  1.307000e+02  1.702973e+01
     vertex  1.370300e+02  1.367000e+02  1.702973e+01
     vertex  1.370027e+02  1.367000e+02  1.697440e+01
   endloop
 endfacet
 facet normal -9.080714e-01  0.000000e+00  4.188155e-01
   outer loop
     vertex  1.370559e+02  1.307000e+02  1.708578e+01
     vertex  1.370300e+02  1.367000e+02  1.702973e+01
     vertex  1.370300e+02  1.307000e+02  1.702973e+01
   endloop
 endfacet
 facet normal -9.080714e-01  0.000000e+00  4.188155e-01
   outer loop
     vertex  1.370559e+02  1.307000e+02  1.708578e+01
     vertex  1.370559e+02  1.367000e+02  1.708578e+01
     vertex  1.370300e+02  1.367000e+02  1.702973e+01
   endloop
 endfacet
 facet normal -9.192194e-01  0.000000e+00  3.937458e-01
   outer loop
     vertex  1.370802e+02  1.307000e+02  1.714253e+01
     vertex  1.370559e+02  1.367000e+02  1.708578e+01
     vertex  1.370559e+02  1.307000e+02  1.708578e+01
   endloop
 endfacet
 facet normal -9.192194e-01  0.000000e+00  3.937458e-01
   outer loop
     vertex  1.370802e+02  1.307000e+02  1.714253e+01
     vertex  1.370802e+02  1.367000e+02  1.714253e+01
     vertex  1.370559e+02  1.367000e+02  1.708578e+01
   endloop
 endfacet
 facet normal -9.296754e-01  0.000000e+00  3.683796e-01
   outer loop
     vertex  1.371029e+02  1.307000e+02  1.719992e+01
     vertex  1.370802e+02  1.367000e+02  1.714253e+01
     vertex  1.370802e+02  1.307000e+02  1.714253e+01
   endloop
 endfacet
 facet normal -9.296754e-01  0.000000e+00  3.683796e-01
   outer loop
     vertex  1.371029e+02  1.307000e+02  1.719992e+01
     vertex  1.371029e+02  1.367000e+02  1.719992e+01
     vertex  1.370802e+02  1.367000e+02  1.714253e+01
   endloop
 endfacet
 facet normal -9.394317e-01  0.000000e+00  3.427362e-01
   outer loop
     vertex  1.371029e+02  1.307000e+02  1.719992e+01
     vertex  1.371241e+02  1.367000e+02  1.725791e+01
     vertex  1.371029e+02  1.367000e+02  1.719992e+01
   endloop
 endfacet
 facet normal -9.394317e-01  0.000000e+00  3.427362e-01
   outer loop
     vertex  1.371241e+02  1.307000e+02  1.725791e+01
     vertex  1.371241e+02  1.367000e+02  1.725791e+01
     vertex  1.371029e+02  1.307000e+02  1.719992e+01
   endloop
 endfacet
 facet normal -9.484807e-01  0.000000e+00  3.168348e-01
   outer loop
     vertex  1.371437e+02  1.307000e+02  1.731646e+01
     vertex  1.371241e+02  1.367000e+02  1.725791e+01
     vertex  1.371241e+02  1.307000e+02  1.725791e+01
   endloop
 endfacet
 facet normal -9.484807e-01  0.000000e+00  3.168348e-01
   outer loop
     vertex  1.371437e+02  1.307000e+02  1.731646e+01
     vertex  1.371437e+02  1.367000e+02  1.731646e+01
     vertex  1.371241e+02  1.367000e+02  1.725791e+01
   endloop
 endfacet
 facet normal -9.568158e-01  0.000000e+00  2.906949e-01
   outer loop
     vertex  1.371616e+02  1.307000e+02  1.737553e+01
     vertex  1.371437e+02  1.367000e+02  1.731646e+01
     vertex  1.371437e+02  1.307000e+02  1.731646e+01
   endloop
 endfacet
 facet normal -9.568158e-01  0.000000e+00  2.906949e-01
   outer loop
     vertex  1.371616e+02  1.307000e+02  1.737553e+01
     vertex  1.371616e+02  1.367000e+02  1.737553e+01
     vertex  1.371437e+02  1.367000e+02  1.731646e+01
   endloop
 endfacet
 facet normal -9.644306e-01  0.000000e+00  2.643362e-01
   outer loop
     vertex  1.371779e+02  1.307000e+02  1.743507e+01
     vertex  1.371616e+02  1.367000e+02  1.737553e+01
     vertex  1.371616e+02  1.307000e+02  1.737553e+01
   endloop
 endfacet
 facet normal -9.644306e-01  0.000000e+00  2.643362e-01
   outer loop
     vertex  1.371779e+02  1.307000e+02  1.743507e+01
     vertex  1.371779e+02  1.367000e+02  1.743507e+01
     vertex  1.371616e+02  1.367000e+02  1.737553e+01
   endloop
 endfacet
 facet normal -9.713194e-01  0.000000e+00  2.377784e-01
   outer loop
     vertex  1.371926e+02  1.307000e+02  1.749503e+01
     vertex  1.371779e+02  1.367000e+02  1.743507e+01
     vertex  1.371779e+02  1.307000e+02  1.743507e+01
   endloop
 endfacet
 facet normal -9.713194e-01  0.000000e+00  2.377784e-01
   outer loop
     vertex  1.371926e+02  1.307000e+02  1.749503e+01
     vertex  1.371926e+02  1.367000e+02  1.749503e+01
     vertex  1.371779e+02  1.367000e+02  1.743507e+01
   endloop
 endfacet
 facet normal -9.774771e-01  0.000000e+00  2.110417e-01
   outer loop
     vertex  1.372056e+02  1.307000e+02  1.755537e+01
     vertex  1.371926e+02  1.367000e+02  1.749503e+01
     vertex  1.371926e+02  1.307000e+02  1.749503e+01
   endloop
 endfacet
 facet normal -9.774771e-01  0.000000e+00  2.110417e-01
   outer loop
     vertex  1.372056e+02  1.307000e+02  1.755537e+01
     vertex  1.372056e+02  1.367000e+02  1.755537e+01
     vertex  1.371926e+02  1.367000e+02  1.749503e+01
   endloop
 endfacet
 facet normal -9.828989e-01  0.000000e+00  1.841461e-01
   outer loop
     vertex  1.372170e+02  1.307000e+02  1.761605e+01
     vertex  1.372056e+02  1.367000e+02  1.755537e+01
     vertex  1.372056e+02  1.307000e+02  1.755537e+01
   endloop
 endfacet
 facet normal -9.828989e-01  0.000000e+00  1.841461e-01
   outer loop
     vertex  1.372170e+02  1.307000e+02  1.761605e+01
     vertex  1.372170e+02  1.367000e+02  1.761605e+01
     vertex  1.372056e+02  1.367000e+02  1.755537e+01
   endloop
 endfacet
 facet normal -9.875808e-01  0.000000e+00  1.571119e-01
   outer loop
     vertex  1.372170e+02  1.307000e+02  1.761605e+01
     vertex  1.372267e+02  1.367000e+02  1.767701e+01
     vertex  1.372170e+02  1.367000e+02  1.761605e+01
   endloop
 endfacet
 facet normal -9.875808e-01  0.000000e+00  1.571119e-01
   outer loop
     vertex  1.372267e+02  1.307000e+02  1.767701e+01
     vertex  1.372267e+02  1.367000e+02  1.767701e+01
     vertex  1.372170e+02  1.307000e+02  1.761605e+01
   endloop
 endfacet
 facet normal -9.915193e-01  0.000000e+00  1.299594e-01
   outer loop
     vertex  1.372267e+02  1.307000e+02  1.767701e+01
     vertex  1.372347e+02  1.367000e+02  1.773822e+01
     vertex  1.372267e+02  1.367000e+02  1.767701e+01
   endloop
 endfacet
 facet normal -9.915193e-01  0.000000e+00  1.299594e-01
   outer loop
     vertex  1.372347e+02  1.307000e+02  1.773822e+01
     vertex  1.372347e+02  1.367000e+02  1.773822e+01
     vertex  1.372267e+02  1.307000e+02  1.767701e+01
   endloop
 endfacet
 facet normal -9.947114e-01  0.000000e+00  1.027091e-01
   outer loop
     vertex  1.372411e+02  1.307000e+02  1.779963e+01
     vertex  1.372347e+02  1.367000e+02  1.773822e+01
     vertex  1.372347e+02  1.307000e+02  1.773822e+01
   endloop
 endfacet
 facet normal -9.947114e-01  0.000000e+00  1.027091e-01
   outer loop
     vertex  1.372411e+02  1.307000e+02  1.779963e+01
     vertex  1.372411e+02  1.367000e+02  1.779963e+01
     vertex  1.372347e+02  1.367000e+02  1.773822e+01
   endloop
 endfacet
 facet normal -9.971548e-01  0.000000e+00  7.538152e-02
   outer loop
     vertex  1.372457e+02  1.307000e+02  1.786119e+01
     vertex  1.372411e+02  1.367000e+02  1.779963e+01
     vertex  1.372411e+02  1.307000e+02  1.779963e+01
   endloop
 endfacet
 facet normal -9.971548e-01  0.000000e+00  7.538152e-02
   outer loop
     vertex  1.372457e+02  1.307000e+02  1.786119e+01
     vertex  1.372457e+02  1.367000e+02  1.786119e+01
     vertex  1.372411e+02  1.367000e+02  1.779963e+01
   endloop
 endfacet
 facet normal -9.988475e-01  0.000000e+00  4.799716e-02
   outer loop
     vertex  1.372487e+02  1.307000e+02  1.792285e+01
     vertex  1.372457e+02  1.367000e+02  1.786119e+01
     vertex  1.372457e+02  1.307000e+02  1.786119e+01
   endloop
 endfacet
 facet normal -9.988475e-01  0.000000e+00  4.799716e-02
   outer loop
     vertex  1.372487e+02  1.307000e+02  1.792285e+01
     vertex  1.372487e+02  1.367000e+02  1.792285e+01
     vertex  1.372457e+02  1.367000e+02  1.786119e+01
   endloop
 endfacet
 facet normal -9.997883e-01  0.000000e+00  2.057667e-02
   outer loop
     vertex  1.372499e+02  1.307000e+02  1.798457e+01
     vertex  1.372499e+02  1.367000e+02  1.798457e+01
     vertex  1.372487e+02  1.367000e+02  1.792285e+01
   endloop
 endfacet
 facet normal -9.997883e-01  0.000000e+00  2.057667e-02
   outer loop
     vertex  1.372499e+02  1.307000e+02  1.798457e+01
     vertex  1.372487e+02  1.367000e+02  1.792285e+01
     vertex  1.372487e+02  1.307000e+02  1.792285e+01
   endloop
 endfacet
 facet normal -9.999765e-01  0.000000e+00 -6.859319e-03
   outer loop
     vertex  1.372499e+02  1.307000e+02  1.798457e+01
     vertex  1.372495e+02  1.367000e+02  1.804630e+01
     vertex  1.372499e+02  1.367000e+02  1.798457e+01
   endloop
 endfacet
 facet normal -9.999765e-01  0.000000e+00 -6.859319e-03
   outer loop
     vertex  1.372495e+02  1.307000e+02  1.804630e+01
     vertex  1.372495e+02  1.367000e+02  1.804630e+01
     vertex  1.372499e+02  1.307000e+02  1.798457e+01
   endloop
 endfacet
 facet normal -9.994119e-01  0.000000e+00 -3.429014e-02
   outer loop
     vertex  1.372474e+02  1.307000e+02  1.810799e+01
     vertex  1.372474e+02  1.367000e+02  1.810799e+01
     vertex  1.372495e+02  1.367000e+02  1.804630e+01
   endloop
 endfacet
 facet normal -9.994119e-01  0.000000e+00 -3.429014e-02
   outer loop
     vertex  1.372474e+02  1.307000e+02  1.810799e+01
     vertex  1.372495e+02  1.367000e+02  1.804630e+01
     vertex  1.372495e+02  1.307000e+02  1.804630e+01
   endloop
 endfacet
 facet normal -9.980950e-01  0.000000e+00 -6.169515e-02
   outer loop
     vertex  1.372436e+02  1.307000e+02  1.816961e+01
     vertex  1.372436e+02  1.367000e+02  1.816961e+01
     vertex  1.372474e+02  1.367000e+02  1.810799e+01
   endloop
 endfacet
 facet normal -9.960268e-01  0.000000e+00 -8.905371e-02
   outer loop
     vertex  1.372436e+02  1.307000e+02  1.816961e+01
     vertex  1.372381e+02  1.367000e+02  1.823110e+01
     vertex  1.372436e+02  1.367000e+02  1.816961e+01
   endloop
 endfacet
 facet normal -9.980950e-01  0.000000e+00 -6.169515e-02
   outer loop
     vertex  1.372436e+02  1.307000e+02  1.816961e+01
     vertex  1.372474e+02  1.367000e+02  1.810799e+01
     vertex  1.372474e+02  1.307000e+02  1.810799e+01
   endloop
 endfacet
 facet normal -9.960268e-01  0.000000e+00 -8.905371e-02
   outer loop
     vertex  1.372381e+02  1.307000e+02  1.823110e+01
     vertex  1.372381e+02  1.367000e+02  1.823110e+01
     vertex  1.372436e+02  1.307000e+02  1.816961e+01
   endloop
 endfacet
 facet normal -9.932088e-01  0.000000e+00 -1.163452e-01
   outer loop
     vertex  1.372309e+02  1.307000e+02  1.829241e+01
     vertex  1.372381e+02  1.367000e+02  1.823110e+01
     vertex  1.372381e+02  1.307000e+02  1.823110e+01
   endloop
 endfacet
 facet normal -9.932088e-01  0.000000e+00 -1.163452e-01
   outer loop
     vertex  1.372309e+02  1.307000e+02  1.829241e+01
     vertex  1.372309e+02  1.367000e+02  1.829241e+01
     vertex  1.372381e+02  1.367000e+02  1.823110e+01
   endloop
 endfacet
 facet normal -9.896432e-01  0.000000e+00 -1.435492e-01
   outer loop
     vertex  1.372221e+02  1.307000e+02  1.835350e+01
     vertex  1.372309e+02  1.367000e+02  1.829241e+01
     vertex  1.372309e+02  1.307000e+02  1.829241e+01
   endloop
 endfacet
 facet normal -9.896432e-01  0.000000e+00 -1.435492e-01
   outer loop
     vertex  1.372221e+02  1.307000e+02  1.835350e+01
     vertex  1.372221e+02  1.367000e+02  1.835350e+01
     vertex  1.372309e+02  1.367000e+02  1.829241e+01
   endloop
 endfacet
 facet normal -9.853326e-01  0.000000e+00 -1.706451e-01
   outer loop
     vertex  1.372221e+02  1.307000e+02  1.835350e+01
     vertex  1.372115e+02  1.367000e+02  1.841433e+01
     vertex  1.372221e+02  1.367000e+02  1.835350e+01
   endloop
 endfacet
 facet normal -9.853326e-01  0.000000e+00 -1.706451e-01
   outer loop
     vertex  1.372115e+02  1.307000e+02  1.841433e+01
     vertex  1.372115e+02  1.367000e+02  1.841433e+01
     vertex  1.372221e+02  1.307000e+02  1.835350e+01
   endloop
 endfacet
 facet normal -9.802802e-01  0.000000e+00 -1.976125e-01
   outer loop
     vertex  1.371993e+02  1.307000e+02  1.847484e+01
     vertex  1.372115e+02  1.367000e+02  1.841433e+01
     vertex  1.372115e+02  1.307000e+02  1.841433e+01
   endloop
 endfacet
 facet normal -9.802802e-01  0.000000e+00 -1.976125e-01
   outer loop
     vertex  1.371993e+02  1.307000e+02  1.847484e+01
     vertex  1.371993e+02  1.367000e+02  1.847484e+01
     vertex  1.372115e+02  1.367000e+02  1.841433e+01
   endloop
 endfacet
 facet normal -9.744899e-01  0.000000e+00 -2.244312e-01
   outer loop
     vertex  1.371855e+02  1.307000e+02  1.853500e+01
     vertex  1.371993e+02  1.367000e+02  1.847484e+01
     vertex  1.371993e+02  1.307000e+02  1.847484e+01
   endloop
 endfacet
 facet normal -9.744899e-01  0.000000e+00 -2.244312e-01
   outer loop
     vertex  1.371855e+02  1.307000e+02  1.853500e+01
     vertex  1.371855e+02  1.367000e+02  1.853500e+01
     vertex  1.371993e+02  1.367000e+02  1.847484e+01
   endloop
 endfacet
 facet normal -9.679661e-01  0.000000e+00 -2.510809e-01
   outer loop
     vertex  1.371855e+02  1.307000e+02  1.853500e+01
     vertex  1.371700e+02  1.367000e+02  1.859476e+01
     vertex  1.371855e+02  1.367000e+02  1.853500e+01
   endloop
 endfacet
 facet normal -9.679661e-01  0.000000e+00 -2.510809e-01
   outer loop
     vertex  1.371700e+02  1.307000e+02  1.859476e+01
     vertex  1.371700e+02  1.367000e+02  1.859476e+01
     vertex  1.371855e+02  1.307000e+02  1.853500e+01
   endloop
 endfacet
 facet normal -9.607136e-01  0.000000e+00 -2.775416e-01
   outer loop
     vertex  1.371528e+02  1.307000e+02  1.865406e+01
     vertex  1.371700e+02  1.367000e+02  1.859476e+01
     vertex  1.371700e+02  1.307000e+02  1.859476e+01
   endloop
 endfacet
 facet normal -9.607136e-01  0.000000e+00 -2.775416e-01
   outer loop
     vertex  1.371528e+02  1.307000e+02  1.865406e+01
     vertex  1.371528e+02  1.367000e+02  1.865406e+01
     vertex  1.371700e+02  1.367000e+02  1.859476e+01
   endloop
 endfacet
 facet normal -9.527379e-01  0.000000e+00 -3.037934e-01
   outer loop
     vertex  1.371341e+02  1.307000e+02  1.871288e+01
     vertex  1.371528e+02  1.367000e+02  1.865406e+01
     vertex  1.371528e+02  1.307000e+02  1.865406e+01
   endloop
 endfacet
 facet normal -9.527379e-01  0.000000e+00 -3.037934e-01
   outer loop
     vertex  1.371341e+02  1.307000e+02  1.871288e+01
     vertex  1.371341e+02  1.367000e+02  1.871288e+01
     vertex  1.371528e+02  1.367000e+02  1.865406e+01
   endloop
 endfacet
 facet normal -9.440450e-01  0.000000e+00 -3.298166e-01
   outer loop
     vertex  1.371137e+02  1.307000e+02  1.877116e+01
     vertex  1.371341e+02  1.367000e+02  1.871288e+01
     vertex  1.371341e+02  1.307000e+02  1.871288e+01
   endloop
 endfacet
 facet normal -9.440450e-01  0.000000e+00 -3.298166e-01
   outer loop
     vertex  1.371137e+02  1.307000e+02  1.877116e+01
     vertex  1.371137e+02  1.367000e+02  1.877116e+01
     vertex  1.371341e+02  1.367000e+02  1.871288e+01
   endloop
 endfacet
 facet normal -9.346415e-01  0.000000e+00 -3.555914e-01
   outer loop
     vertex  1.371137e+02  1.307000e+02  1.877116e+01
     vertex  1.370918e+02  1.367000e+02  1.882885e+01
     vertex  1.371137e+02  1.367000e+02  1.877116e+01
   endloop
 endfacet
 facet normal -9.346415e-01  0.000000e+00 -3.555914e-01
   outer loop
     vertex  1.370918e+02  1.307000e+02  1.882885e+01
     vertex  1.370918e+02  1.367000e+02  1.882885e+01
     vertex  1.371137e+02  1.307000e+02  1.877116e+01
   endloop
 endfacet
 facet normal -9.137314e-01  0.000000e+00 -4.063188e-01
   outer loop
     vertex  1.370682e+02  1.307000e+02  1.888593e+01
     vertex  1.370432e+02  1.367000e+02  1.894233e+01
     vertex  1.370682e+02  1.367000e+02  1.888593e+01
   endloop
 endfacet
 facet normal -9.245344e-01  0.000000e+00 -3.810986e-01
   outer loop
     vertex  1.370682e+02  1.307000e+02  1.888593e+01
     vertex  1.370918e+02  1.367000e+02  1.882885e+01
     vertex  1.370918e+02  1.307000e+02  1.882885e+01
   endloop
 endfacet
 facet normal -9.245344e-01  0.000000e+00 -3.810986e-01
   outer loop
     vertex  1.370682e+02  1.307000e+02  1.888593e+01
     vertex  1.370682e+02  1.367000e+02  1.888593e+01
     vertex  1.370918e+02  1.367000e+02  1.882885e+01
   endloop
 endfacet
 facet normal -9.137314e-01  0.000000e+00 -4.063188e-01
   outer loop
     vertex  1.370432e+02  1.307000e+02  1.894233e+01
     vertex  1.370432e+02  1.367000e+02  1.894233e+01
     vertex  1.370682e+02  1.307000e+02  1.888593e+01
   endloop
 endfacet
 facet normal -9.022405e-01  0.000000e+00 -4.312333e-01
   outer loop
     vertex  1.370165e+02  1.307000e+02  1.899803e+01
     vertex  1.370165e+02  1.367000e+02  1.899803e+01
     vertex  1.370432e+02  1.367000e+02  1.894233e+01
   endloop
 endfacet
 facet normal -9.022405e-01  0.000000e+00 -4.312333e-01
   outer loop
     vertex  1.370165e+02  1.307000e+02  1.899803e+01
     vertex  1.370432e+02  1.367000e+02  1.894233e+01
     vertex  1.370432e+02  1.307000e+02  1.894233e+01
   endloop
 endfacet
 facet normal -8.900704e-01  0.000000e+00 -4.558231e-01
   outer loop
     vertex  1.369884e+02  1.307000e+02  1.905298e+01
     vertex  1.369884e+02  1.367000e+02  1.905298e+01
     vertex  1.370165e+02  1.367000e+02  1.899803e+01
   endloop
 endfacet
 facet normal -8.772303e-01  0.000000e+00 -4.800697e-01
   outer loop
     vertex  1.369884e+02  1.307000e+02  1.905298e+01
     vertex  1.369588e+02  1.367000e+02  1.910713e+01
     vertex  1.369884e+02  1.367000e+02  1.905298e+01
   endloop
 endfacet
 facet normal -8.900704e-01  0.000000e+00 -4.558231e-01
   outer loop
     vertex  1.369884e+02  1.307000e+02  1.905298e+01
     vertex  1.370165e+02  1.367000e+02  1.899803e+01
     vertex  1.370165e+02  1.307000e+02  1.899803e+01
   endloop
 endfacet
 facet normal -8.772303e-01  0.000000e+00 -4.800697e-01
   outer loop
     vertex  1.369588e+02  1.307000e+02  1.910713e+01
     vertex  1.369588e+02  1.367000e+02  1.910713e+01
     vertex  1.369884e+02  1.307000e+02  1.905298e+01
   endloop
 endfacet
 facet normal -8.637299e-01  0.000000e+00 -5.039550e-01
   outer loop
     vertex  1.369277e+02  1.307000e+02  1.916045e+01
     vertex  1.369277e+02  1.367000e+02  1.916045e+01
     vertex  1.369588e+02  1.367000e+02  1.910713e+01
   endloop
 endfacet
 facet normal -8.637299e-01  0.000000e+00 -5.039550e-01
   outer loop
     vertex  1.369277e+02  1.307000e+02  1.916045e+01
     vertex  1.369588e+02  1.367000e+02  1.910713e+01
     vertex  1.369588e+02  1.307000e+02  1.910713e+01
   endloop
 endfacet
 facet normal -8.495793e-01  0.000000e+00 -5.274609e-01
   outer loop
     vertex  1.368951e+02  1.307000e+02  1.921290e+01
     vertex  1.368951e+02  1.367000e+02  1.921290e+01
     vertex  1.369277e+02  1.367000e+02  1.916045e+01
   endloop
 endfacet
 facet normal -8.347891e-01  0.000000e+00 -5.505698e-01
   outer loop
     vertex  1.368951e+02  1.307000e+02  1.921290e+01
     vertex  1.368611e+02  1.367000e+02  1.926443e+01
     vertex  1.368951e+02  1.367000e+02  1.921290e+01
   endloop
 endfacet
 facet normal -8.495793e-01  0.000000e+00 -5.274609e-01
   outer loop
     vertex  1.368951e+02  1.307000e+02  1.921290e+01
     vertex  1.369277e+02  1.367000e+02  1.916045e+01
     vertex  1.369277e+02  1.307000e+02  1.916045e+01
   endloop
 endfacet
 facet normal -8.347891e-01  0.000000e+00 -5.505698e-01
   outer loop
     vertex  1.368611e+02  1.307000e+02  1.926443e+01
     vertex  1.368611e+02  1.367000e+02  1.926443e+01
     vertex  1.368951e+02  1.307000e+02  1.921290e+01
   endloop
 endfacet
 facet normal -8.193706e-01  0.000000e+00 -5.732642e-01
   outer loop
     vertex  1.368257e+02  1.307000e+02  1.931501e+01
     vertex  1.368257e+02  1.367000e+02  1.931501e+01
     vertex  1.368611e+02  1.367000e+02  1.926443e+01
   endloop
 endfacet
 facet normal -8.193706e-01  0.000000e+00 -5.732642e-01
   outer loop
     vertex  1.368257e+02  1.307000e+02  1.931501e+01
     vertex  1.368611e+02  1.367000e+02  1.926443e+01
     vertex  1.368611e+02  1.307000e+02  1.926443e+01
   endloop
 endfacet
 facet normal -8.033352e-01  0.000000e+00 -5.955271e-01
   outer loop
     vertex  1.367890e+02  1.307000e+02  1.936461e+01
     vertex  1.367890e+02  1.367000e+02  1.936461e+01
     vertex  1.368257e+02  1.367000e+02  1.931501e+01
   endloop
 endfacet
 facet normal -7.866951e-01  0.000000e+00 -6.173417e-01
   outer loop
     vertex  1.367890e+02  1.307000e+02  1.936461e+01
     vertex  1.367508e+02  1.367000e+02  1.941317e+01
     vertex  1.367890e+02  1.367000e+02  1.936461e+01
   endloop
 endfacet
 facet normal -8.033352e-01  0.000000e+00 -5.955271e-01
   outer loop
     vertex  1.367890e+02  1.307000e+02  1.936461e+01
     vertex  1.368257e+02  1.367000e+02  1.931501e+01
     vertex  1.368257e+02  1.307000e+02  1.931501e+01
   endloop
 endfacet
 facet normal -7.866951e-01  0.000000e+00 -6.173417e-01
   outer loop
     vertex  1.367508e+02  1.307000e+02  1.941317e+01
     vertex  1.367508e+02  1.367000e+02  1.941317e+01
     vertex  1.367890e+02  1.307000e+02  1.936461e+01
   endloop
 endfacet
 facet normal -7.694628e-01  0.000000e+00 -6.386916e-01
   outer loop
     vertex  1.367114e+02  1.307000e+02  1.946067e+01
     vertex  1.367114e+02  1.367000e+02  1.946067e+01
     vertex  1.367508e+02  1.367000e+02  1.941317e+01
   endloop
 endfacet
 facet normal -7.694628e-01  0.000000e+00 -6.386916e-01
   outer loop
     vertex  1.367114e+02  1.307000e+02  1.946067e+01
     vertex  1.367508e+02  1.367000e+02  1.941317e+01
     vertex  1.367508e+02  1.307000e+02  1.941317e+01
   endloop
 endfacet
 facet normal -7.516513e-01  0.000000e+00 -6.595607e-01
   outer loop
     vertex  1.366707e+02  1.307000e+02  1.950707e+01
     vertex  1.366707e+02  1.367000e+02  1.950707e+01
     vertex  1.367114e+02  1.367000e+02  1.946067e+01
   endloop
 endfacet
 facet normal -7.516513e-01  0.000000e+00 -6.595607e-01
   outer loop
     vertex  1.366707e+02  1.307000e+02  1.950707e+01
     vertex  1.367114e+02  1.367000e+02  1.946067e+01
     vertex  1.367114e+02  1.307000e+02  1.946067e+01
   endloop
 endfacet
 facet normal -7.332740e-01  0.000000e+00 -6.799333e-01
   outer loop
     vertex  1.366287e+02  1.307000e+02  1.955234e+01
     vertex  1.366287e+02  1.367000e+02  1.955234e+01
     vertex  1.366707e+02  1.367000e+02  1.950707e+01
   endloop
 endfacet
 facet normal -7.143447e-01  0.000000e+00 -6.997940e-01
   outer loop
     vertex  1.366287e+02  1.307000e+02  1.955234e+01
     vertex  1.365855e+02  1.367000e+02  1.959644e+01
     vertex  1.366287e+02  1.367000e+02  1.955234e+01
   endloop
 endfacet
 facet normal -7.332740e-01  0.000000e+00 -6.799333e-01
   outer loop
     vertex  1.366287e+02  1.307000e+02  1.955234e+01
     vertex  1.366707e+02  1.367000e+02  1.950707e+01
     vertex  1.366707e+02  1.307000e+02  1.950707e+01
   endloop
 endfacet
 facet normal -7.143447e-01  0.000000e+00 -6.997940e-01
   outer loop
     vertex  1.365855e+02  1.307000e+02  1.959644e+01
     vertex  1.365855e+02  1.367000e+02  1.959644e+01
     vertex  1.366287e+02  1.307000e+02  1.955234e+01
   endloop
 endfacet
 facet normal -6.948776e-01  0.000000e+00 -7.191280e-01
   outer loop
     vertex  1.365855e+02  1.307000e+02  1.959644e+01
     vertex  1.365411e+02  1.367000e+02  1.963933e+01
     vertex  1.365855e+02  1.367000e+02  1.959644e+01
   endloop
 endfacet
 facet normal -6.948776e-01  0.000000e+00 -7.191280e-01
   outer loop
     vertex  1.365411e+02  1.307000e+02  1.963933e+01
     vertex  1.365411e+02  1.367000e+02  1.963933e+01
     vertex  1.365855e+02  1.307000e+02  1.959644e+01
   endloop
 endfacet
 facet normal -6.748875e-01  0.000000e+00 -7.379206e-01
   outer loop
     vertex  1.365411e+02  1.307000e+02  1.963933e+01
     vertex  1.364956e+02  1.367000e+02  1.968100e+01
     vertex  1.365411e+02  1.367000e+02  1.963933e+01
   endloop
 endfacet
 facet normal -6.748875e-01  0.000000e+00 -7.379206e-01
   outer loop
     vertex  1.364956e+02  1.307000e+02  1.968100e+01
     vertex  1.364956e+02  1.367000e+02  1.968100e+01
     vertex  1.365411e+02  1.307000e+02  1.963933e+01
   endloop
 endfacet
 facet normal -6.543893e-01  0.000000e+00 -7.561578e-01
   outer loop
     vertex  1.364489e+02  1.307000e+02  1.972139e+01
     vertex  1.364956e+02  1.367000e+02  1.968100e+01
     vertex  1.364956e+02  1.307000e+02  1.968100e+01
   endloop
 endfacet
 facet normal -6.543893e-01  0.000000e+00 -7.561578e-01
   outer loop
     vertex  1.364489e+02  1.307000e+02  1.972139e+01
     vertex  1.364489e+02  1.367000e+02  1.972139e+01
     vertex  1.364956e+02  1.367000e+02  1.968100e+01
   endloop
 endfacet
 facet normal -6.333986e-01  0.000000e+00 -7.738257e-01
   outer loop
     vertex  1.364489e+02  1.307000e+02  1.972139e+01
     vertex  1.364011e+02  1.367000e+02  1.976049e+01
     vertex  1.364489e+02  1.367000e+02  1.972139e+01
   endloop
 endfacet
 facet normal -6.333986e-01  0.000000e+00 -7.738257e-01
   outer loop
     vertex  1.364011e+02  1.307000e+02  1.976049e+01
     vertex  1.364011e+02  1.367000e+02  1.976049e+01
     vertex  1.364489e+02  1.307000e+02  1.972139e+01
   endloop
 endfacet
 facet normal -6.119310e-01  0.000000e+00 -7.909112e-01
   outer loop
     vertex  1.363523e+02  1.307000e+02  1.979827e+01
     vertex  1.363523e+02  1.367000e+02  1.979827e+01
     vertex  1.364011e+02  1.367000e+02  1.976049e+01
   endloop
 endfacet
 facet normal -6.119310e-01  0.000000e+00 -7.909112e-01
   outer loop
     vertex  1.363523e+02  1.307000e+02  1.979827e+01
     vertex  1.364011e+02  1.367000e+02  1.976049e+01
     vertex  1.364011e+02  1.307000e+02  1.976049e+01
   endloop
 endfacet
 facet normal -5.900028e-01  0.000000e+00 -8.074012e-01
   outer loop
     vertex  1.363025e+02  1.307000e+02  1.983469e+01
     vertex  1.363523e+02  1.367000e+02  1.979827e+01
     vertex  1.363523e+02  1.307000e+02  1.979827e+01
   endloop
 endfacet
 facet normal -5.900028e-01  0.000000e+00 -8.074012e-01
   outer loop
     vertex  1.363025e+02  1.307000e+02  1.983469e+01
     vertex  1.363025e+02  1.367000e+02  1.983469e+01
     vertex  1.363523e+02  1.367000e+02  1.979827e+01
   endloop
 endfacet
 facet normal -5.676304e-01  0.000000e+00 -8.232835e-01
   outer loop
     vertex  1.363025e+02  1.307000e+02  1.983469e+01
     vertex  1.362516e+02  1.367000e+02  1.986973e+01
     vertex  1.363025e+02  1.367000e+02  1.983469e+01
   endloop
 endfacet
 facet normal -5.448308e-01  0.000000e+00 -8.385460e-01
   outer loop
     vertex  1.362516e+02  1.307000e+02  1.986973e+01
     vertex  1.361999e+02  1.367000e+02  1.990337e+01
     vertex  1.362516e+02  1.367000e+02  1.986973e+01
   endloop
 endfacet
 facet normal -5.676304e-01  0.000000e+00 -8.232835e-01
   outer loop
     vertex  1.362516e+02  1.307000e+02  1.986973e+01
     vertex  1.362516e+02  1.367000e+02  1.986973e+01
     vertex  1.363025e+02  1.307000e+02  1.983469e+01
   endloop
 endfacet
 facet normal -5.448308e-01  0.000000e+00 -8.385460e-01
   outer loop
     vertex  1.361999e+02  1.307000e+02  1.990337e+01
     vertex  1.361999e+02  1.367000e+02  1.990337e+01
     vertex  1.362516e+02  1.307000e+02  1.986973e+01
   endloop
 endfacet
 facet normal -5.216210e-01  0.000000e+00 -8.531773e-01
   outer loop
     vertex  1.361472e+02  1.307000e+02  1.993557e+01
     vertex  1.361472e+02  1.367000e+02  1.993557e+01
     vertex  1.361999e+02  1.367000e+02  1.990337e+01
   endloop
 endfacet
 facet normal -4.980186e-01  0.000000e+00 -8.671664e-01
   outer loop
     vertex  1.361472e+02  1.307000e+02  1.993557e+01
     vertex  1.360937e+02  1.367000e+02  1.996631e+01
     vertex  1.361472e+02  1.367000e+02  1.993557e+01
   endloop
 endfacet
 facet normal -5.216210e-01  0.000000e+00 -8.531773e-01
   outer loop
     vertex  1.361472e+02  1.307000e+02  1.993557e+01
     vertex  1.361999e+02  1.367000e+02  1.990337e+01
     vertex  1.361999e+02  1.307000e+02  1.990337e+01
   endloop
 endfacet
 facet normal -4.980186e-01  0.000000e+00 -8.671664e-01
   outer loop
     vertex  1.360937e+02  1.307000e+02  1.996631e+01
     vertex  1.360937e+02  1.367000e+02  1.996631e+01
     vertex  1.361472e+02  1.307000e+02  1.993557e+01
   endloop
 endfacet
 facet normal -4.740412e-01  0.000000e+00 -8.805026e-01
   outer loop
     vertex  1.360393e+02  1.307000e+02  1.999558e+01
     vertex  1.360393e+02  1.367000e+02  1.999558e+01
     vertex  1.360937e+02  1.367000e+02  1.996631e+01
   endloop
 endfacet
 facet normal -4.740412e-01  0.000000e+00 -8.805026e-01
   outer loop
     vertex  1.360393e+02  1.307000e+02  1.999558e+01
     vertex  1.360937e+02  1.367000e+02  1.996631e+01
     vertex  1.360937e+02  1.307000e+02  1.996631e+01
   endloop
 endfacet
 facet normal -4.497071e-01  0.000000e+00 -8.931761e-01
   outer loop
     vertex  1.359842e+02  1.307000e+02  2.002334e+01
     vertex  1.359842e+02  1.367000e+02  2.002334e+01
     vertex  1.360393e+02  1.367000e+02  1.999558e+01
   endloop
 endfacet
 facet normal -4.250344e-01  0.000000e+00 -9.051772e-01
   outer loop
     vertex  1.359842e+02  1.307000e+02  2.002334e+01
     vertex  1.359283e+02  1.367000e+02  2.004958e+01
     vertex  1.359842e+02  1.367000e+02  2.002334e+01
   endloop
 endfacet
 facet normal -4.497071e-01  0.000000e+00 -8.931761e-01
   outer loop
     vertex  1.359842e+02  1.307000e+02  2.002334e+01
     vertex  1.360393e+02  1.367000e+02  1.999558e+01
     vertex  1.360393e+02  1.307000e+02  1.999558e+01
   endloop
 endfacet
 facet normal -4.250344e-01  0.000000e+00 -9.051772e-01
   outer loop
     vertex  1.359283e+02  1.307000e+02  2.004958e+01
     vertex  1.359283e+02  1.367000e+02  2.004958e+01
     vertex  1.359842e+02  1.307000e+02  2.002334e+01
   endloop
 endfacet
 facet normal -4.000417e-01  0.000000e+00 -9.164969e-01
   outer loop
     vertex  1.358717e+02  1.307000e+02  2.007427e+01
     vertex  1.358717e+02  1.367000e+02  2.007427e+01
     vertex  1.359283e+02  1.367000e+02  2.004958e+01
   endloop
 endfacet
 facet normal -4.000417e-01  0.000000e+00 -9.164969e-01
   outer loop
     vertex  1.358717e+02  1.307000e+02  2.007427e+01
     vertex  1.359283e+02  1.367000e+02  2.004958e+01
     vertex  1.359283e+02  1.307000e+02  2.004958e+01
   endloop
 endfacet
 facet normal -3.747479e-01  0.000000e+00 -9.271267e-01
   outer loop
     vertex  1.358145e+02  1.307000e+02  2.009741e+01
     vertex  1.358145e+02  1.367000e+02  2.009741e+01
     vertex  1.358717e+02  1.367000e+02  2.007427e+01
   endloop
 endfacet
 facet normal -3.491720e-01  0.000000e+00 -9.370586e-01
   outer loop
     vertex  1.358145e+02  1.307000e+02  2.009741e+01
     vertex  1.357566e+02  1.367000e+02  2.011896e+01
     vertex  1.358145e+02  1.367000e+02  2.009741e+01
   endloop
 endfacet
 facet normal -3.747479e-01  0.000000e+00 -9.271267e-01
   outer loop
     vertex  1.358145e+02  1.307000e+02  2.009741e+01
     vertex  1.358717e+02  1.367000e+02  2.007427e+01
     vertex  1.358717e+02  1.307000e+02  2.007427e+01
   endloop
 endfacet
 facet normal -3.491720e-01  0.000000e+00 -9.370586e-01
   outer loop
     vertex  1.357566e+02  1.307000e+02  2.011896e+01
     vertex  1.357566e+02  1.367000e+02  2.011896e+01
     vertex  1.358145e+02  1.307000e+02  2.009741e+01
   endloop
 endfacet
 facet normal -3.233333e-01  0.000000e+00 -9.462851e-01
   outer loop
     vertex  1.356982e+02  1.307000e+02  2.013892e+01
     vertex  1.356982e+02  1.367000e+02  2.013892e+01
     vertex  1.357566e+02  1.367000e+02  2.011896e+01
   endloop
 endfacet
 facet normal -3.233333e-01  0.000000e+00 -9.462851e-01
   outer loop
     vertex  1.356982e+02  1.307000e+02  2.013892e+01
     vertex  1.357566e+02  1.367000e+02  2.011896e+01
     vertex  1.357566e+02  1.307000e+02  2.011896e+01
   endloop
 endfacet
 facet normal -2.972512e-01  0.000000e+00 -9.547993e-01
   outer loop
     vertex  1.356393e+02  1.307000e+02  2.015727e+01
     vertex  1.356393e+02  1.367000e+02  2.015727e+01
     vertex  1.356982e+02  1.367000e+02  2.013892e+01
   endloop
 endfacet
 facet normal -2.709453e-01  0.000000e+00 -9.625948e-01
   outer loop
     vertex  1.356393e+02  1.307000e+02  2.015727e+01
     vertex  1.355799e+02  1.367000e+02  2.017400e+01
     vertex  1.356393e+02  1.367000e+02  2.015727e+01
   endloop
 endfacet
 facet normal -2.972512e-01  0.000000e+00 -9.547993e-01
   outer loop
     vertex  1.356393e+02  1.307000e+02  2.015727e+01
     vertex  1.356982e+02  1.367000e+02  2.013892e+01
     vertex  1.356982e+02  1.307000e+02  2.013892e+01
   endloop
 endfacet
 facet normal -2.709453e-01  0.000000e+00 -9.625948e-01
   outer loop
     vertex  1.355799e+02  1.307000e+02  2.017400e+01
     vertex  1.355799e+02  1.367000e+02  2.017400e+01
     vertex  1.356393e+02  1.307000e+02  2.015727e+01
   endloop
 endfacet
 facet normal -2.444354e-01  0.000000e+00 -9.696656e-01
   outer loop
     vertex  1.355200e+02  1.307000e+02  2.018909e+01
     vertex  1.355200e+02  1.367000e+02  2.018909e+01
     vertex  1.355799e+02  1.367000e+02  2.017400e+01
   endloop
 endfacet
 facet normal -2.444354e-01  0.000000e+00 -9.696656e-01
   outer loop
     vertex  1.355200e+02  1.307000e+02  2.018909e+01
     vertex  1.355799e+02  1.367000e+02  2.017400e+01
     vertex  1.355799e+02  1.307000e+02  2.017400e+01
   endloop
 endfacet
 facet normal -2.177416e-01  0.000000e+00 -9.760065e-01
   outer loop
     vertex  1.354597e+02  1.307000e+02  2.020253e+01
     vertex  1.354597e+02  1.367000e+02  2.020253e+01
     vertex  1.355200e+02  1.367000e+02  2.018909e+01
   endloop
 endfacet
 facet normal -1.908838e-01  0.000000e+00 -9.816126e-01
   outer loop
     vertex  1.354597e+02  1.307000e+02  2.020253e+01
     vertex  1.353991e+02  1.367000e+02  2.021431e+01
     vertex  1.354597e+02  1.367000e+02  2.020253e+01
   endloop
 endfacet
 facet normal -2.177416e-01  0.000000e+00 -9.760065e-01
   outer loop
     vertex  1.354597e+02  1.307000e+02  2.020253e+01
     vertex  1.355200e+02  1.367000e+02  2.018909e+01
     vertex  1.355200e+02  1.307000e+02  2.018909e+01
   endloop
 endfacet
 facet normal -1.908838e-01  0.000000e+00 -9.816126e-01
   outer loop
     vertex  1.353991e+02  1.307000e+02  2.021431e+01
     vertex  1.353991e+02  1.367000e+02  2.021431e+01
     vertex  1.354597e+02  1.307000e+02  2.020253e+01
   endloop
 endfacet
 facet normal -1.638824e-01  0.000000e+00 -9.864799e-01
   outer loop
     vertex  1.353383e+02  1.307000e+02  2.022443e+01
     vertex  1.353383e+02  1.367000e+02  2.022443e+01
     vertex  1.353991e+02  1.367000e+02  2.021431e+01
   endloop
 endfacet
 facet normal -1.638824e-01  0.000000e+00 -9.864799e-01
   outer loop
     vertex  1.353383e+02  1.307000e+02  2.022443e+01
     vertex  1.353991e+02  1.367000e+02  2.021431e+01
     vertex  1.353991e+02  1.307000e+02  2.021431e+01
   endloop
 endfacet
 facet normal -1.367575e-01  0.000000e+00 -9.906046e-01
   outer loop
     vertex  1.352771e+02  1.307000e+02  2.023287e+01
     vertex  1.352771e+02  1.367000e+02  2.023287e+01
     vertex  1.353383e+02  1.367000e+02  2.022443e+01
   endloop
 endfacet
 facet normal -1.095298e-01  0.000000e+00 -9.939835e-01
   outer loop
     vertex  1.352771e+02  1.307000e+02  2.023287e+01
     vertex  1.352157e+02  1.367000e+02  2.023963e+01
     vertex  1.352771e+02  1.367000e+02  2.023287e+01
   endloop
 endfacet
 facet normal -1.367575e-01  0.000000e+00 -9.906046e-01
   outer loop
     vertex  1.352771e+02  1.307000e+02  2.023287e+01
     vertex  1.353383e+02  1.367000e+02  2.022443e+01
     vertex  1.353383e+02  1.307000e+02  2.022443e+01
   endloop
 endfacet
 facet normal -1.095298e-01  0.000000e+00 -9.939835e-01
   outer loop
     vertex  1.352157e+02  1.307000e+02  2.023963e+01
     vertex  1.352157e+02  1.367000e+02  2.023963e+01
     vertex  1.352771e+02  1.307000e+02  2.023287e+01
   endloop
 endfacet
 facet normal -8.221955e-02  0.000000e+00 -9.966142e-01
   outer loop
     vertex  1.351542e+02  1.307000e+02  2.024471e+01
     vertex  1.352157e+02  1.367000e+02  2.023963e+01
     vertex  1.352157e+02  1.307000e+02  2.023963e+01
   endloop
 endfacet
 facet normal -8.221955e-02  0.000000e+00 -9.966142e-01
   outer loop
     vertex  1.351542e+02  1.307000e+02  2.024471e+01
     vertex  1.351542e+02  1.367000e+02  2.024471e+01
     vertex  1.352157e+02  1.367000e+02  2.023963e+01
   endloop
 endfacet
 facet normal -5.484744e-02  0.000000e+00 -9.984947e-01
   outer loop
     vertex  1.351542e+02  1.307000e+02  2.024471e+01
     vertex  1.350926e+02  1.367000e+02  2.024809e+01
     vertex  1.351542e+02  1.367000e+02  2.024471e+01
   endloop
 endfacet
 facet normal -5.484744e-02  0.000000e+00 -9.984947e-01
   outer loop
     vertex  1.350926e+02  1.307000e+02  2.024809e+01
     vertex  1.350926e+02  1.367000e+02  2.024809e+01
     vertex  1.351542e+02  1.307000e+02  2.024471e+01
   endloop
 endfacet
 facet normal -2.743405e-02  0.000000e+00 -9.996236e-01
   outer loop
     vertex  1.350926e+02  1.307000e+02  2.024809e+01
     vertex  1.350309e+02  1.367000e+02  2.024979e+01
     vertex  1.350926e+02  1.367000e+02  2.024809e+01
   endloop
 endfacet
 facet normal -2.743405e-02  0.000000e+00 -9.996236e-01
   outer loop
     vertex  1.350309e+02  1.307000e+02  2.024979e+01
     vertex  1.350309e+02  1.367000e+02  2.024979e+01
     vertex  1.350926e+02  1.307000e+02  2.024809e+01
   endloop
 endfacet
 facet normal  0.000000e+00  0.000000e+00 -1.000000e+00
   outer loop
     vertex  1.350309e+02  1.307000e+02  2.024979e+01
     vertex  1.349691e+02  1.367000e+02  2.024979e+01
     vertex  1.350309e+02  1.367000e+02  2.024979e+01
   endloop
 endfacet
 facet normal  0.000000e+00  0.000000e+00 -1.000000e+00
   outer loop
     vertex  1.349691e+02  1.307000e+02  2.024979e+01
     vertex  1.349691e+02  1.367000e+02  2.024979e+01
     vertex  1.350309e+02  1.307000e+02  2.024979e+01
   endloop
 endfacet
 facet normal  2.743405e-02  0.000000e+00 -9.996236e-01
   outer loop
     vertex  1.349074e+02  1.307000e+02  2.024809e+01
     vertex  1.349691e+02  1.367000e+02  2.024979e+01
     vertex  1.349691e+02  1.307000e+02  2.024979e+01
   endloop
 endfacet
 facet normal  2.743405e-02  0.000000e+00 -9.996236e-01
   outer loop
     vertex  1.349074e+02  1.307000e+02  2.024809e+01
     vertex  1.349074e+02  1.367000e+02  2.024809e+01
     vertex  1.349691e+02  1.367000e+02  2.024979e+01
   endloop
 endfacet
 facet normal  5.484744e-02  0.000000e+00 -9.984947e-01
   outer loop
     vertex  1.348458e+02  1.307000e+02  2.024471e+01
     vertex  1.349074e+02  1.367000e+02  2.024809e+01
     vertex  1.349074e+02  1.307000e+02  2.024809e+01
   endloop
 endfacet
 facet normal  5.484744e-02  0.000000e+00 -9.984947e-01
   outer loop
     vertex  1.348458e+02  1.307000e+02  2.024471e+01
     vertex  1.348458e+02  1.367000e+02  2.024471e+01
     vertex  1.349074e+02  1.367000e+02  2.024809e+01
   endloop
 endfacet
 facet normal  8.221955e-02  0.000000e+00 -9.966142e-01
   outer loop
     vertex  1.347843e+02  1.307000e+02  2.023963e+01
     vertex  1.348458e+02  1.367000e+02  2.024471e+01
     vertex  1.348458e+02  1.307000e+02  2.024471e+01
   endloop
 endfacet
 facet normal  8.221955e-02  0.000000e+00 -9.966142e-01
   outer loop
     vertex  1.347843e+02  1.307000e+02  2.023963e+01
     vertex  1.347843e+02  1.367000e+02  2.023963e+01
     vertex  1.348458e+02  1.367000e+02  2.024471e+01
   endloop
 endfacet
 facet normal  1.095298e-01  0.000000e+00 -9.939835e-01
   outer loop
     vertex  1.347843e+02  1.307000e+02  2.023963e+01
     vertex  1.347229e+02  1.367000e+02  2.023287e+01
     vertex  1.347843e+02  1.367000e+02  2.023963e+01
   endloop
 endfacet
 facet normal  1.095298e-01  0.000000e+00 -9.939835e-01
   outer loop
     vertex  1.347229e+02  1.307000e+02  2.023287e+01
     vertex  1.347229e+02  1.367000e+02  2.023287e+01
     vertex  1.347843e+02  1.307000e+02  2.023963e+01
   endloop
 endfacet
 facet normal  1.367575e-01  0.000000e+00 -9.906046e-01
   outer loop
     vertex  1.347229e+02  1.307000e+02  2.023287e+01
     vertex  1.346617e+02  1.367000e+02  2.022443e+01
     vertex  1.347229e+02  1.367000e+02  2.023287e+01
   endloop
 endfacet
 facet normal  1.367575e-01  0.000000e+00 -9.906046e-01
   outer loop
     vertex  1.346617e+02  1.307000e+02  2.022443e+01
     vertex  1.346617e+02  1.367000e+02  2.022443e+01
     vertex  1.347229e+02  1.307000e+02  2.023287e+01
   endloop
 endfacet
 facet normal  1.638824e-01  0.000000e+00 -9.864799e-01
   outer loop
     vertex  1.346617e+02  1.307000e+02  2.022443e+01
     vertex  1.346009e+02  1.367000e+02  2.021431e+01
     vertex  1.346617e+02  1.367000e+02  2.022443e+01
   endloop
 endfacet
 facet normal  1.638824e-01  0.000000e+00 -9.864799e-01
   outer loop
     vertex  1.346009e+02  1.307000e+02  2.021431e+01
     vertex  1.346009e+02  1.367000e+02  2.021431e+01
     vertex  1.346617e+02  1.307000e+02  2.022443e+01
   endloop
 endfacet
 facet normal  1.908838e-01  0.000000e+00 -9.816126e-01
   outer loop
     vertex  1.345403e+02  1.307000e+02  2.020253e+01
     vertex  1.346009e+02  1.367000e+02  2.021431e+01
     vertex  1.346009e+02  1.307000e+02  2.021431e+01
   endloop
 endfacet
 facet normal  1.908838e-01  0.000000e+00 -9.816126e-01
   outer loop
     vertex  1.345403e+02  1.307000e+02  2.020253e+01
     vertex  1.345403e+02  1.367000e+02  2.020253e+01
     vertex  1.346009e+02  1.367000e+02  2.021431e+01
   endloop
 endfacet
 facet normal  2.177416e-01  0.000000e+00 -9.760065e-01
   outer loop
     vertex  1.345403e+02  1.307000e+02  2.020253e+01
     vertex  1.344800e+02  1.367000e+02  2.018909e+01
     vertex  1.345403e+02  1.367000e+02  2.020253e+01
   endloop
 endfacet
 facet normal  2.177416e-01  0.000000e+00 -9.760065e-01
   outer loop
     vertex  1.344800e+02  1.307000e+02  2.018909e+01
     vertex  1.344800e+02  1.367000e+02  2.018909e+01
     vertex  1.345403e+02  1.307000e+02  2.020253e+01
   endloop
 endfacet
 facet normal  2.444354e-01  0.000000e+00 -9.696656e-01
   outer loop
     vertex  1.344201e+02  1.307000e+02  2.017400e+01
     vertex  1.344201e+02  1.367000e+02  2.017400e+01
     vertex  1.344800e+02  1.367000e+02  2.018909e+01
   endloop
 endfacet
 facet normal  2.709453e-01  0.000000e+00 -9.625948e-01
   outer loop
     vertex  1.344201e+02  1.307000e+02  2.017400e+01
     vertex  1.343607e+02  1.367000e+02  2.015727e+01
     vertex  1.344201e+02  1.367000e+02  2.017400e+01
   endloop
 endfacet
 facet normal  2.444354e-01  0.000000e+00 -9.696656e-01
   outer loop
     vertex  1.344201e+02  1.307000e+02  2.017400e+01
     vertex  1.344800e+02  1.367000e+02  2.018909e+01
     vertex  1.344800e+02  1.307000e+02  2.018909e+01
   endloop
 endfacet
 facet normal  2.709453e-01  0.000000e+00 -9.625948e-01
   outer loop
     vertex  1.343607e+02  1.307000e+02  2.015727e+01
     vertex  1.343607e+02  1.367000e+02  2.015727e+01
     vertex  1.344201e+02  1.307000e+02  2.017400e+01
   endloop
 endfacet
 facet normal  2.972512e-01  0.000000e+00 -9.547993e-01
   outer loop
     vertex  1.343018e+02  1.307000e+02  2.013892e+01
     vertex  1.343018e+02  1.367000e+02  2.013892e+01
     vertex  1.343607e+02  1.367000e+02  2.015727e+01
   endloop
 endfacet
 facet normal  2.972512e-01  0.000000e+00 -9.547993e-01
   outer loop
     vertex  1.343018e+02  1.307000e+02  2.013892e+01
     vertex  1.343607e+02  1.367000e+02  2.015727e+01
     vertex  1.343607e+02  1.307000e+02  2.015727e+01
   endloop
 endfacet
 facet normal  3.233333e-01  0.000000e+00 -9.462851e-01
   outer loop
     vertex  1.342434e+02  1.307000e+02  2.011896e+01
     vertex  1.342434e+02  1.367000e+02  2.011896e+01
     vertex  1.343018e+02  1.367000e+02  2.013892e+01
   endloop
 endfacet
 facet normal  3.491720e-01  0.000000e+00 -9.370586e-01
   outer loop
     vertex  1.342434e+02  1.307000e+02  2.011896e+01
     vertex  1.341855e+02  1.367000e+02  2.009741e+01
     vertex  1.342434e+02  1.367000e+02  2.011896e+01
   endloop
 endfacet
 facet normal  3.233333e-01  0.000000e+00 -9.462851e-01
   outer loop
     vertex  1.342434e+02  1.307000e+02  2.011896e+01
     vertex  1.343018e+02  1.367000e+02  2.013892e+01
     vertex  1.343018e+02  1.307000e+02  2.013892e+01
   endloop
 endfacet
 facet normal  3.491720e-01  0.000000e+00 -9.370586e-01
   outer loop
     vertex  1.341855e+02  1.307000e+02  2.009741e+01
     vertex  1.341855e+02  1.367000e+02  2.009741e+01
     vertex  1.342434e+02  1.307000e+02  2.011896e+01
   endloop
 endfacet
 facet normal  3.747479e-01  0.000000e+00 -9.271267e-01
   outer loop
     vertex  1.341283e+02  1.307000e+02  2.007427e+01
     vertex  1.341283e+02  1.367000e+02  2.007427e+01
     vertex  1.341855e+02  1.367000e+02  2.009741e+01
   endloop
 endfacet
 facet normal  3.747479e-01  0.000000e+00 -9.271267e-01
   outer loop
     vertex  1.341283e+02  1.307000e+02  2.007427e+01
     vertex  1.341855e+02  1.367000e+02  2.009741e+01
     vertex  1.341855e+02  1.307000e+02  2.009741e+01
   endloop
 endfacet
 facet normal  4.000417e-01  0.000000e+00 -9.164969e-01
   outer loop
     vertex  1.340717e+02  1.307000e+02  2.004958e+01
     vertex  1.340717e+02  1.367000e+02  2.004958e+01
     vertex  1.341283e+02  1.367000e+02  2.007427e+01
   endloop
 endfacet
 facet normal  4.250344e-01  0.000000e+00 -9.051772e-01
   outer loop
     vertex  1.340717e+02  1.307000e+02  2.004958e+01
     vertex  1.340158e+02  1.367000e+02  2.002334e+01
     vertex  1.340717e+02  1.367000e+02  2.004958e+01
   endloop
 endfacet
 facet normal  4.000417e-01  0.000000e+00 -9.164969e-01
   outer loop
     vertex  1.340717e+02  1.307000e+02  2.004958e+01
     vertex  1.341283e+02  1.367000e+02  2.007427e+01
     vertex  1.341283e+02  1.307000e+02  2.007427e+01
   endloop
 endfacet
 facet normal  4.497071e-01  0.000000e+00 -8.931761e-01
   outer loop
     vertex  1.340158e+02  1.307000e+02  2.002334e+01
     vertex  1.339607e+02  1.367000e+02  1.999558e+01
     vertex  1.340158e+02  1.367000e+02  2.002334e+01
   endloop
 endfacet
 facet normal  4.250344e-01  0.000000e+00 -9.051772e-01
   outer loop
     vertex  1.340158e+02  1.307000e+02  2.002334e+01
     vertex  1.340158e+02  1.367000e+02  2.002334e+01
     vertex  1.340717e+02  1.307000e+02  2.004958e+01
   endloop
 endfacet
 facet normal  4.497071e-01  0.000000e+00 -8.931761e-01
   outer loop
     vertex  1.339607e+02  1.307000e+02  1.999558e+01
     vertex  1.339607e+02  1.367000e+02  1.999558e+01
     vertex  1.340158e+02  1.307000e+02  2.002334e+01
   endloop
 endfacet
 facet normal  4.740412e-01  0.000000e+00 -8.805026e-01
   outer loop
     vertex  1.339063e+02  1.307000e+02  1.996631e+01
     vertex  1.339063e+02  1.367000e+02  1.996631e+01
     vertex  1.339607e+02  1.367000e+02  1.999558e+01
   endloop
 endfacet
 facet normal  4.740412e-01  0.000000e+00 -8.805026e-01
   outer loop
     vertex  1.339063e+02  1.307000e+02  1.996631e+01
     vertex  1.339607e+02  1.367000e+02  1.999558e+01
     vertex  1.339607e+02  1.307000e+02  1.999558e+01
   endloop
 endfacet
 facet normal  4.980186e-01  0.000000e+00 -8.671664e-01
   outer loop
     vertex  1.338528e+02  1.307000e+02  1.993557e+01
     vertex  1.338528e+02  1.367000e+02  1.993557e+01
     vertex  1.339063e+02  1.367000e+02  1.996631e+01
   endloop
 endfacet
 facet normal  5.216210e-01  0.000000e+00 -8.531773e-01
   outer loop
     vertex  1.338528e+02  1.307000e+02  1.993557e+01
     vertex  1.338001e+02  1.367000e+02  1.990337e+01
     vertex  1.338528e+02  1.367000e+02  1.993557e+01
   endloop
 endfacet
 facet normal  4.980186e-01  0.000000e+00 -8.671664e-01
   outer loop
     vertex  1.338528e+02  1.307000e+02  1.993557e+01
     vertex  1.339063e+02  1.367000e+02  1.996631e+01
     vertex  1.339063e+02  1.307000e+02  1.996631e+01
   endloop
 endfacet
 facet normal  5.216210e-01  0.000000e+00 -8.531773e-01
   outer loop
     vertex  1.338001e+02  1.307000e+02  1.990337e+01
     vertex  1.338001e+02  1.367000e+02  1.990337e+01
     vertex  1.338528e+02  1.307000e+02  1.993557e+01
   endloop
 endfacet
 facet normal  5.448308e-01  0.000000e+00 -8.385460e-01
   outer loop
     vertex  1.337484e+02  1.307000e+02  1.986973e+01
     vertex  1.338001e+02  1.367000e+02  1.990337e+01
     vertex  1.338001e+02  1.307000e+02  1.990337e+01
   endloop
 endfacet
 facet normal  5.448308e-01  0.000000e+00 -8.385460e-01
   outer loop
     vertex  1.337484e+02  1.307000e+02  1.986973e+01
     vertex  1.337484e+02  1.367000e+02  1.986973e+01
     vertex  1.338001e+02  1.367000e+02  1.990337e+01
   endloop
 endfacet
 facet normal  5.676304e-01  0.000000e+00 -8.232835e-01
   outer loop
     vertex  1.337484e+02  1.307000e+02  1.986973e+01
     vertex  1.336975e+02  1.367000e+02  1.983469e+01
     vertex  1.337484e+02  1.367000e+02  1.986973e+01
   endloop
 endfacet
 facet normal  5.676304e-01  0.000000e+00 -8.232835e-01
   outer loop
     vertex  1.336975e+02  1.307000e+02  1.983469e+01
     vertex  1.336975e+02  1.367000e+02  1.983469e+01
     vertex  1.337484e+02  1.307000e+02  1.986973e+01
   endloop
 endfacet
 facet normal  5.900028e-01  0.000000e+00 -8.074012e-01
   outer loop
     vertex  1.336975e+02  1.307000e+02  1.983469e+01
     vertex  1.336477e+02  1.367000e+02  1.979827e+01
     vertex  1.336975e+02  1.367000e+02  1.983469e+01
   endloop
 endfacet
 facet normal  5.900028e-01  0.000000e+00 -8.074012e-01
   outer loop
     vertex  1.336477e+02  1.307000e+02  1.979827e+01
     vertex  1.336477e+02  1.367000e+02  1.979827e+01
     vertex  1.336975e+02  1.307000e+02  1.983469e+01
   endloop
 endfacet
 facet normal  6.119310e-01  0.000000e+00 -7.909112e-01
   outer loop
     vertex  1.335989e+02  1.307000e+02  1.976049e+01
     vertex  1.336477e+02  1.367000e+02  1.979827e+01
     vertex  1.336477e+02  1.307000e+02  1.979827e+01
   endloop
 endfacet
 facet normal  6.119310e-01  0.000000e+00 -7.909112e-01
   outer loop
     vertex  1.335989e+02  1.307000e+02  1.976049e+01
     vertex  1.335989e+02  1.367000e+02  1.976049e+01
     vertex  1.336477e+02  1.367000e+02  1.979827e+01
   endloop
 endfacet
 facet normal  6.333986e-01  0.000000e+00 -7.738257e-01
   outer loop
     vertex  1.335989e+02  1.307000e+02  1.976049e+01
     vertex  1.335511e+02  1.367000e+02  1.972139e+01
     vertex  1.335989e+02  1.367000e+02  1.976049e+01
   endloop
 endfacet
 facet normal  6.333986e-01  0.000000e+00 -7.738257e-01
   outer loop
     vertex  1.335511e+02  1.307000e+02  1.972139e+01
     vertex  1.335511e+02  1.367000e+02  1.972139e+01
     vertex  1.335989e+02  1.307000e+02  1.976049e+01
   endloop
 endfacet
 facet normal  6.543893e-01  0.000000e+00 -7.561578e-01
   outer loop
     vertex  1.335044e+02  1.307000e+02  1.968100e+01
     vertex  1.335511e+02  1.367000e+02  1.972139e+01
     vertex  1.335511e+02  1.307000e+02  1.972139e+01
   endloop
 endfacet
 facet normal  6.543893e-01  0.000000e+00 -7.561578e-01
   outer loop
     vertex  1.335044e+02  1.307000e+02  1.968100e+01
     vertex  1.335044e+02  1.367000e+02  1.968100e+01
     vertex  1.335511e+02  1.367000e+02  1.972139e+01
   endloop
 endfacet
 facet normal  6.748875e-01  0.000000e+00 -7.379206e-01
   outer loop
     vertex  1.335044e+02  1.307000e+02  1.968100e+01
     vertex  1.334589e+02  1.367000e+02  1.963933e+01
     vertex  1.335044e+02  1.367000e+02  1.968100e+01
   endloop
 endfacet
 facet normal  6.748875e-01  0.000000e+00 -7.379206e-01
   outer loop
     vertex  1.334589e+02  1.307000e+02  1.963933e+01
     vertex  1.334589e+02  1.367000e+02  1.963933e+01
     vertex  1.335044e+02  1.307000e+02  1.968100e+01
   endloop
 endfacet
 facet normal  6.948776e-01  0.000000e+00 -7.191280e-01
   outer loop
     vertex  1.334589e+02  1.307000e+02  1.963933e+01
     vertex  1.334145e+02  1.367000e+02  1.959644e+01
     vertex  1.334589e+02  1.367000e+02  1.963933e+01
   endloop
 endfacet
 facet normal  6.948776e-01  0.000000e+00 -7.191280e-01
   outer loop
     vertex  1.334145e+02  1.307000e+02  1.959644e+01
     vertex  1.334145e+02  1.367000e+02  1.959644e+01
     vertex  1.334589e+02  1.307000e+02  1.963933e+01
   endloop
 endfacet
 facet normal  7.143447e-01  0.000000e+00 -6.997940e-01
   outer loop
     vertex  1.334145e+02  1.307000e+02  1.959644e+01
     vertex  1.333713e+02  1.367000e+02  1.955234e+01
     vertex  1.334145e+02  1.367000e+02  1.959644e+01
   endloop
 endfacet
 facet normal  7.143447e-01  0.000000e+00 -6.997940e-01
   outer loop
     vertex  1.333713e+02  1.307000e+02  1.955234e+01
     vertex  1.333713e+02  1.367000e+02  1.955234e+01
     vertex  1.334145e+02  1.307000e+02  1.959644e+01
   endloop
 endfacet
 facet normal  7.332740e-01  0.000000e+00 -6.799333e-01
   outer loop
     vertex  1.333293e+02  1.307000e+02  1.950707e+01
     vertex  1.333713e+02  1.367000e+02  1.955234e+01
     vertex  1.333713e+02  1.307000e+02  1.955234e+01
   endloop
 endfacet
 facet normal  7.332740e-01  0.000000e+00 -6.799333e-01
   outer loop
     vertex  1.333293e+02  1.307000e+02  1.950707e+01
     vertex  1.333293e+02  1.367000e+02  1.950707e+01
     vertex  1.333713e+02  1.367000e+02  1.955234e+01
   endloop
 endfacet
 facet normal  7.516513e-01  0.000000e+00 -6.595607e-01
   outer loop
     vertex  1.332886e+02  1.307000e+02  1.946067e+01
     vertex  1.333293e+02  1.367000e+02  1.950707e+01
     vertex  1.333293e+02  1.307000e+02  1.950707e+01
   endloop
 endfacet
 facet normal  7.516513e-01  0.000000e+00 -6.595607e-01
   outer loop
     vertex  1.332886e+02  1.307000e+02  1.946067e+01
     vertex  1.332886e+02  1.367000e+02  1.946067e+01
     vertex  1.333293e+02  1.367000e+02  1.950707e+01
   endloop
 endfacet
 facet normal  7.694628e-01  0.000000e+00 -6.386916e-01
   outer loop
     vertex  1.332886e+02  1.307000e+02  1.946067e+01
     vertex  1.332492e+02  1.367000e+02  1.941317e+01
     vertex  1.332886e+02  1.367000e+02  1.946067e+01
   endloop
 endfacet
 facet normal  7.694628e-01  0.000000e+00 -6.386916e-01
   outer loop
     vertex  1.332492e+02  1.307000e+02  1.941317e+01
     vertex  1.332492e+02  1.367000e+02  1.941317e+01
     vertex  1.332886e+02  1.307000e+02  1.946067e+01
   endloop
 endfacet
 facet normal  7.866951e-01  0.000000e+00 -6.173417e-01
   outer loop
     vertex  1.332110e+02  1.307000e+02  1.936461e+01
     vertex  1.332492e+02  1.367000e+02  1.941317e+01
     vertex  1.332492e+02  1.307000e+02  1.941317e+01
   endloop
 endfacet
 facet normal  7.866951e-01  0.000000e+00 -6.173417e-01
   outer loop
     vertex  1.332110e+02  1.307000e+02  1.936461e+01
     vertex  1.332110e+02  1.367000e+02  1.936461e+01
     vertex  1.332492e+02  1.367000e+02  1.941317e+01
   endloop
 endfacet
 facet normal  8.033352e-01  0.000000e+00 -5.955271e-01
   outer loop
     vertex  1.332110e+02  1.307000e+02  1.936461e+01
     vertex  1.331743e+02  1.367000e+02  1.931501e+01
     vertex  1.332110e+02  1.367000e+02  1.936461e+01
   endloop
 endfacet
 facet normal  8.033352e-01  0.000000e+00 -5.955271e-01
   outer loop
     vertex  1.331743e+02  1.307000e+02  1.931501e+01
     vertex  1.331743e+02  1.367000e+02  1.931501e+01
     vertex  1.332110e+02  1.307000e+02  1.936461e+01
   endloop
 endfacet
 facet normal  8.193706e-01  0.000000e+00 -5.732642e-01
   outer loop
     vertex  1.331743e+02  1.307000e+02  1.931501e+01
     vertex  1.331389e+02  1.367000e+02  1.926443e+01
     vertex  1.331743e+02  1.367000e+02  1.931501e+01
   endloop
 endfacet
 facet normal  8.193706e-01  0.000000e+00 -5.732642e-01
   outer loop
     vertex  1.331389e+02  1.307000e+02  1.926443e+01
     vertex  1.331389e+02  1.367000e+02  1.926443e+01
     vertex  1.331743e+02  1.307000e+02  1.931501e+01
   endloop
 endfacet
 facet normal  8.347891e-01  0.000000e+00 -5.505698e-01
   outer loop
     vertex  1.331389e+02  1.307000e+02  1.926443e+01
     vertex  1.331049e+02  1.367000e+02  1.921290e+01
     vertex  1.331389e+02  1.367000e+02  1.926443e+01
   endloop
 endfacet
 facet normal  8.347891e-01  0.000000e+00 -5.505698e-01
   outer loop
     vertex  1.331049e+02  1.307000e+02  1.921290e+01
     vertex  1.331049e+02  1.367000e+02  1.921290e+01
     vertex  1.331389e+02  1.307000e+02  1.926443e+01
   endloop
 endfacet
 facet normal  8.495793e-01  0.000000e+00 -5.274609e-01
   outer loop
     vertex  1.330723e+02  1.307000e+02  1.916045e+01
     vertex  1.331049e+02  1.367000e+02  1.921290e+01
     vertex  1.331049e+02  1.307000e+02  1.921290e+01
   endloop
 endfacet
 facet normal  8.495793e-01  0.000000e+00 -5.274609e-01
   outer loop
     vertex  1.330723e+02  1.307000e+02  1.916045e+01
     vertex  1.330723e+02  1.367000e+02  1.916045e+01
     vertex  1.331049e+02  1.367000e+02  1.921290e+01
   endloop
 endfacet
 facet normal  8.637299e-01  0.000000e+00 -5.039550e-01
   outer loop
     vertex  1.330723e+02  1.307000e+02  1.916045e+01
     vertex  1.330412e+02  1.367000e+02  1.910713e+01
     vertex  1.330723e+02  1.367000e+02  1.916045e+01
   endloop
 endfacet
 facet normal  8.637299e-01  0.000000e+00 -5.039550e-01
   outer loop
     vertex  1.330412e+02  1.307000e+02  1.910713e+01
     vertex  1.330412e+02  1.367000e+02  1.910713e+01
     vertex  1.330723e+02  1.307000e+02  1.916045e+01
   endloop
 endfacet
 facet normal  8.772303e-01  0.000000e+00 -4.800697e-01
   outer loop
     vertex  1.330116e+02  1.307000e+02  1.905298e+01
     vertex  1.330412e+02  1.367000e+02  1.910713e+01
     vertex  1.330412e+02  1.307000e+02  1.910713e+01
   endloop
 endfacet
 facet normal  8.772303e-01  0.000000e+00 -4.800697e-01
   outer loop
     vertex  1.330116e+02  1.307000e+02  1.905298e+01
     vertex  1.330116e+02  1.367000e+02  1.905298e+01
     vertex  1.330412e+02  1.367000e+02  1.910713e+01
   endloop
 endfacet
 facet normal  8.900704e-01  0.000000e+00 -4.558231e-01
   outer loop
     vertex  1.330116e+02  1.307000e+02  1.905298e+01
     vertex  1.329835e+02  1.367000e+02  1.899803e+01
     vertex  1.330116e+02  1.367000e+02  1.905298e+01
   endloop
 endfacet
 facet normal  8.900704e-01  0.000000e+00 -4.558231e-01
   outer loop
     vertex  1.329835e+02  1.307000e+02  1.899803e+01
     vertex  1.329835e+02  1.367000e+02  1.899803e+01
     vertex  1.330116e+02  1.307000e+02  1.905298e+01
   endloop
 endfacet
 facet normal  9.022405e-01  0.000000e+00 -4.312333e-01
   outer loop
     vertex  1.329568e+02  1.307000e+02  1.894233e+01
     vertex  1.329835e+02  1.367000e+02  1.899803e+01
     vertex  1.329835e+02  1.307000e+02  1.899803e+01
   endloop
 endfacet
 facet normal  9.022405e-01  0.000000e+00 -4.312333e-01
   outer loop
     vertex  1.329568e+02  1.307000e+02  1.894233e+01
     vertex  1.329568e+02  1.367000e+02  1.894233e+01
     vertex  1.329835e+02  1.367000e+02  1.899803e+01
   endloop
 endfacet
 facet normal  9.137314e-01  0.000000e+00 -4.063188e-01
   outer loop
     vertex  1.329318e+02  1.307000e+02  1.888593e+01
     vertex  1.329568e+02  1.367000e+02  1.894233e+01
     vertex  1.329568e+02  1.307000e+02  1.894233e+01
   endloop
 endfacet
 facet normal  9.137314e-01  0.000000e+00 -4.063188e-01
   outer loop
     vertex  1.329318e+02  1.307000e+02  1.888593e+01
     vertex  1.329318e+02  1.367000e+02  1.888593e+01
     vertex  1.329568e+02  1.367000e+02  1.894233e+01
   endloop
 endfacet
 facet normal  9.245344e-01  0.000000e+00 -3.810986e-01
   outer loop
     vertex  1.329318e+02  1.307000e+02  1.888593e+01
     vertex  1.329082e+02  1.367000e+02  1.882885e+01
     vertex  1.329318e+02  1.367000e+02  1.888593e+01
   endloop
 endfacet
 facet normal  9.245344e-01  0.000000e+00 -3.810986e-01
   outer loop
     vertex  1.329082e+02  1.307000e+02  1.882885e+01
     vertex  1.329082e+02  1.367000e+02  1.882885e+01
     vertex  1.329318e+02  1.307000e+02  1.888593e+01
   endloop
 endfacet
 facet normal  9.346415e-01  0.000000e+00 -3.555914e-01
   outer loop
     vertex  1.328863e+02  1.307000e+02  1.877116e+01
     vertex  1.328863e+02  1.367000e+02  1.877116e+01
     vertex  1.329082e+02  1.367000e+02  1.882885e+01
   endloop
 endfacet
 facet normal  9.346415e-01  0.000000e+00 -3.555914e-01
   outer loop
     vertex  1.328863e+02  1.307000e+02  1.877116e+01
     vertex  1.329082e+02  1.367000e+02  1.882885e+01
     vertex  1.329082e+02  1.307000e+02  1.882885e+01
   endloop
 endfacet
 facet normal  9.440450e-01  0.000000e+00 -3.298166e-01
   outer loop
     vertex  1.328659e+02  1.307000e+02  1.871288e+01
     vertex  1.328659e+02  1.367000e+02  1.871288e+01
     vertex  1.328863e+02  1.367000e+02  1.877116e+01
   endloop
 endfacet
 facet normal  9.527379e-01  0.000000e+00 -3.037934e-01
   outer loop
     vertex  1.328659e+02  1.307000e+02  1.871288e+01
     vertex  1.328472e+02  1.367000e+02  1.865406e+01
     vertex  1.328659e+02  1.367000e+02  1.871288e+01
   endloop
 endfacet
 facet normal  9.440450e-01  0.000000e+00 -3.298166e-01
   outer loop
     vertex  1.328659e+02  1.307000e+02  1.871288e+01
     vertex  1.328863e+02  1.367000e+02  1.877116e+01
     vertex  1.328863e+02  1.307000e+02  1.877116e+01
   endloop
 endfacet
 facet normal  9.607136e-01  0.000000e+00 -2.775416e-01
   outer loop
     vertex  1.328472e+02  1.307000e+02  1.865406e+01
     vertex  1.328300e+02  1.367000e+02  1.859476e+01
     vertex  1.328472e+02  1.367000e+02  1.865406e+01
   endloop
 endfacet
 facet normal  9.527379e-01  0.000000e+00 -3.037934e-01
   outer loop
     vertex  1.328472e+02  1.307000e+02  1.865406e+01
     vertex  1.328472e+02  1.367000e+02  1.865406e+01
     vertex  1.328659e+02  1.307000e+02  1.871288e+01
   endloop
 endfacet
 facet normal  9.607136e-01  0.000000e+00 -2.775416e-01
   outer loop
     vertex  1.328300e+02  1.307000e+02  1.859476e+01
     vertex  1.328300e+02  1.367000e+02  1.859476e+01
     vertex  1.328472e+02  1.307000e+02  1.865406e+01
   endloop
 endfacet
 facet normal  9.679661e-01  0.000000e+00 -2.510809e-01
   outer loop
     vertex  1.328145e+02  1.307000e+02  1.853500e+01
     vertex  1.328300e+02  1.367000e+02  1.859476e+01
     vertex  1.328300e+02  1.307000e+02  1.859476e+01
   endloop
 endfacet
 facet normal  9.679661e-01  0.000000e+00 -2.510809e-01
   outer loop
     vertex  1.328145e+02  1.307000e+02  1.853500e+01
     vertex  1.328145e+02  1.367000e+02  1.853500e+01
     vertex  1.328300e+02  1.367000e+02  1.859476e+01
   endloop
 endfacet
 facet normal  9.744899e-01  0.000000e+00 -2.244312e-01
   outer loop
     vertex  1.328145e+02  1.307000e+02  1.853500e+01
     vertex  1.328007e+02  1.367000e+02  1.847484e+01
     vertex  1.328145e+02  1.367000e+02  1.853500e+01
   endloop
 endfacet
 facet normal  9.744899e-01  0.000000e+00 -2.244312e-01
   outer loop
     vertex  1.328007e+02  1.307000e+02  1.847484e+01
     vertex  1.328007e+02  1.367000e+02  1.847484e+01
     vertex  1.328145e+02  1.307000e+02  1.853500e+01
   endloop
 endfacet
 facet normal  9.802802e-01  0.000000e+00 -1.976125e-01
   outer loop
     vertex  1.327885e+02  1.307000e+02  1.841433e+01
     vertex  1.328007e+02  1.367000e+02  1.847484e+01
     vertex  1.328007e+02  1.307000e+02  1.847484e+01
   endloop
 endfacet
 facet normal  9.802802e-01  0.000000e+00 -1.976125e-01
   outer loop
     vertex  1.327885e+02  1.307000e+02  1.841433e+01
     vertex  1.327885e+02  1.367000e+02  1.841433e+01
     vertex  1.328007e+02  1.367000e+02  1.847484e+01
   endloop
 endfacet
 facet normal  9.853326e-01  0.000000e+00 -1.706451e-01
   outer loop
     vertex  1.327885e+02  1.307000e+02  1.841433e+01
     vertex  1.327779e+02  1.367000e+02  1.835350e+01
     vertex  1.327885e+02  1.367000e+02  1.841433e+01
   endloop
 endfacet
 facet normal  9.853326e-01  0.000000e+00 -1.706451e-01
   outer loop
     vertex  1.327779e+02  1.307000e+02  1.835350e+01
     vertex  1.327779e+02  1.367000e+02  1.835350e+01
     vertex  1.327885e+02  1.307000e+02  1.841433e+01
   endloop
 endfacet
 facet normal  9.896432e-01  0.000000e+00 -1.435492e-01
   outer loop
     vertex  1.327779e+02  1.307000e+02  1.835350e+01
     vertex  1.327691e+02  1.367000e+02  1.829241e+01
     vertex  1.327779e+02  1.367000e+02  1.835350e+01
   endloop
 endfacet
 facet normal  9.896432e-01  0.000000e+00 -1.435492e-01
   outer loop
     vertex  1.327691e+02  1.307000e+02  1.829241e+01
     vertex  1.327691e+02  1.367000e+02  1.829241e+01
     vertex  1.327779e+02  1.307000e+02  1.835350e+01
   endloop
 endfacet
 facet normal  9.932088e-01  0.000000e+00 -1.163452e-01
   outer loop
     vertex  1.327691e+02  1.307000e+02  1.829241e+01
     vertex  1.327619e+02  1.367000e+02  1.823110e+01
     vertex  1.327691e+02  1.367000e+02  1.829241e+01
   endloop
 endfacet
 facet normal  9.932088e-01  0.000000e+00 -1.163452e-01
   outer loop
     vertex  1.327619e+02  1.307000e+02  1.823110e+01
     vertex  1.327619e+02  1.367000e+02  1.823110e+01
     vertex  1.327691e+02  1.307000e+02  1.829241e+01
   endloop
 endfacet
 facet normal  9.960268e-01  0.000000e+00 -8.905371e-02
   outer loop
     vertex  1.327564e+02  1.307000e+02  1.816961e+01
     vertex  1.327619e+02  1.367000e+02  1.823110e+01
     vertex  1.327619e+02  1.307000e+02  1.823110e+01
   endloop
 endfacet
 facet normal  9.960268e-01  0.000000e+00 -8.905371e-02
   outer loop
     vertex  1.327564e+02  1.307000e+02  1.816961e+01
     vertex  1.327564e+02  1.367000e+02  1.816961e+01
     vertex  1.327619e+02  1.367000e+02  1.823110e+01
   endloop
 endfacet
 facet normal  9.980950e-01  0.000000e+00 -6.169515e-02
   outer loop
     vertex  1.327564e+02  1.307000e+02  1.816961e+01
     vertex  1.327526e+02  1.367000e+02  1.810799e+01
     vertex  1.327564e+02  1.367000e+02  1.816961e+01
   endloop
 endfacet
 facet normal  9.980950e-01  0.000000e+00 -6.169515e-02
   outer loop
     vertex  1.327526e+02  1.307000e+02  1.810799e+01
     vertex  1.327526e+02  1.367000e+02  1.810799e+01
     vertex  1.327564e+02  1.307000e+02  1.816961e+01
   endloop
 endfacet
 facet normal  9.994119e-01  0.000000e+00 -3.429014e-02
   outer loop
     vertex  1.327505e+02  1.307000e+02  1.804630e+01
     vertex  1.327526e+02  1.367000e+02  1.810799e+01
     vertex  1.327526e+02  1.307000e+02  1.810799e+01
   endloop
 endfacet
 facet normal  9.994119e-01  0.000000e+00 -3.429014e-02
   outer loop
     vertex  1.327505e+02  1.307000e+02  1.804630e+01
     vertex  1.327505e+02  1.367000e+02  1.804630e+01
     vertex  1.327526e+02  1.367000e+02  1.810799e+01
   endloop
 endfacet
 facet normal  9.999765e-01  0.000000e+00 -6.859319e-03
   outer loop
     vertex  1.327505e+02  1.307000e+02  1.804630e+01
     vertex  1.327501e+02  1.367000e+02  1.798457e+01
     vertex  1.327505e+02  1.367000e+02  1.804630e+01
   endloop
 endfacet
 facet normal  9.999765e-01  0.000000e+00 -6.859319e-03
   outer loop
     vertex  1.327501e+02  1.307000e+02  1.798457e+01
     vertex  1.327501e+02  1.367000e+02  1.798457e+01
     vertex  1.327505e+02  1.307000e+02  1.804630e+01
   endloop
 endfacet
 facet normal  9.988475e-01 -0.000000e+00  4.799716e-02
   outer loop
     vertex  1.327513e+02  1.307000e+02  1.792285e+01
     vertex  1.327543e+02  1.367000e+02  1.786119e+01
     vertex  1.327513e+02  1.367000e+02  1.792285e+01
   endloop
 endfacet
 facet normal  9.997883e-01  0.000000e+00  2.057667e-02
   outer loop
     vertex  1.327513e+02  1.307000e+02  1.792285e+01
     vertex  1.327501e+02  1.367000e+02  1.798457e+01
     vertex  1.327501e+02  1.307000e+02  1.798457e+01
   endloop
 endfacet
 facet normal  9.997883e-01 -0.000000e+00  2.057667e-02
   outer loop
     vertex  1.327513e+02  1.307000e+02  1.792285e+01
     vertex  1.327513e+02  1.367000e+02  1.792285e+01
     vertex  1.327501e+02  1.367000e+02  1.798457e+01
   endloop
 endfacet
 facet normal  9.988475e-01 -0.000000e+00  4.799716e-02
   outer loop
     vertex  1.327543e+02  1.307000e+02  1.786119e+01
     vertex  1.327543e+02  1.367000e+02  1.786119e+01
     vertex  1.327513e+02  1.307000e+02  1.792285e+01
   endloop
 endfacet
 facet normal  9.971548e-01 -0.000000e+00  7.538152e-02
   outer loop
     vertex  1.327589e+02  1.307000e+02  1.779963e+01
     vertex  1.327589e+02  1.367000e+02  1.779963e+01
     vertex  1.327543e+02  1.367000e+02  1.786119e+01
   endloop
 endfacet
 facet normal  9.971548e-01  0.000000e+00  7.538152e-02
   outer loop
     vertex  1.327589e+02  1.307000e+02  1.779963e+01
     vertex  1.327543e+02  1.367000e+02  1.786119e+01
     vertex  1.327543e+02  1.307000e+02  1.786119e+01
   endloop
 endfacet
 facet normal  9.947114e-01 -0.000000e+00  1.027091e-01
   outer loop
     vertex  1.327653e+02  1.307000e+02  1.773822e+01
     vertex  1.327653e+02  1.367000e+02  1.773822e+01
     vertex  1.327589e+02  1.367000e+02  1.779963e+01
   endloop
 endfacet
 facet normal  9.947114e-01  0.000000e+00  1.027091e-01
   outer loop
     vertex  1.327653e+02  1.307000e+02  1.773822e+01
     vertex  1.327589e+02  1.367000e+02  1.779963e+01
     vertex  1.327589e+02  1.307000e+02  1.779963e+01
   endloop
 endfacet
 facet normal  9.915193e-01 -0.000000e+00  1.299594e-01
   outer loop
     vertex  1.327733e+02  1.307000e+02  1.767701e+01
     vertex  1.327733e+02  1.367000e+02  1.767701e+01
     vertex  1.327653e+02  1.367000e+02  1.773822e+01
   endloop
 endfacet
 facet normal  9.915193e-01  0.000000e+00  1.299594e-01
   outer loop
     vertex  1.327733e+02  1.307000e+02  1.767701e+01
     vertex  1.327653e+02  1.367000e+02  1.773822e+01
     vertex  1.327653e+02  1.307000e+02  1.773822e+01
   endloop
 endfacet
 facet normal  9.875808e-01 -0.000000e+00  1.571119e-01
   outer loop
     vertex  1.327830e+02  1.307000e+02  1.761605e+01
     vertex  1.327830e+02  1.367000e+02  1.761605e+01
     vertex  1.327733e+02  1.367000e+02  1.767701e+01
   endloop
 endfacet
 facet normal  9.828989e-01 -0.000000e+00  1.841461e-01
   outer loop
     vertex  1.327830e+02  1.307000e+02  1.761605e+01
     vertex  1.327944e+02  1.367000e+02  1.755537e+01
     vertex  1.327830e+02  1.367000e+02  1.761605e+01
   endloop
 endfacet
 facet normal  9.875808e-01  0.000000e+00  1.571119e-01
   outer loop
     vertex  1.327830e+02  1.307000e+02  1.761605e+01
     vertex  1.327733e+02  1.367000e+02  1.767701e+01
     vertex  1.327733e+02  1.307000e+02  1.767701e+01
   endloop
 endfacet
 facet normal  9.774771e-01 -0.000000e+00  2.110417e-01
   outer loop
     vertex  1.327944e+02  1.307000e+02  1.755537e+01
     vertex  1.328074e+02  1.367000e+02  1.749503e+01
     vertex  1.327944e+02  1.367000e+02  1.755537e+01
   endloop
 endfacet
 facet normal  9.828989e-01 -0.000000e+00  1.841461e-01
   outer loop
     vertex  1.327944e+02  1.307000e+02  1.755537e+01
     vertex  1.327944e+02  1.367000e+02  1.755537e+01
     vertex  1.327830e+02  1.307000e+02  1.761605e+01
   endloop
 endfacet
 facet normal  9.713194e-01 -0.000000e+00  2.377784e-01
   outer loop
     vertex  1.328074e+02  1.307000e+02  1.749503e+01
     vertex  1.328221e+02  1.367000e+02  1.743507e+01
     vertex  1.328074e+02  1.367000e+02  1.749503e+01
   endloop
 endfacet
 facet normal  9.774771e-01 -0.000000e+00  2.110417e-01
   outer loop
     vertex  1.328074e+02  1.307000e+02  1.749503e+01
     vertex  1.328074e+02  1.367000e+02  1.749503e+01
     vertex  1.327944e+02  1.307000e+02  1.755537e+01
   endloop
 endfacet
 facet normal  9.644306e-01 -0.000000e+00  2.643362e-01
   outer loop
     vertex  1.328221e+02  1.307000e+02  1.743507e+01
     vertex  1.328384e+02  1.367000e+02  1.737553e+01
     vertex  1.328221e+02  1.367000e+02  1.743507e+01
   endloop
 endfacet
 facet normal  9.713194e-01 -0.000000e+00  2.377784e-01
   outer loop
     vertex  1.328221e+02  1.307000e+02  1.743507e+01
     vertex  1.328221e+02  1.367000e+02  1.743507e+01
     vertex  1.328074e+02  1.307000e+02  1.749503e+01
   endloop
 endfacet
 facet normal  9.644306e-01 -0.000000e+00  2.643362e-01
   outer loop
     vertex  1.328384e+02  1.307000e+02  1.737553e+01
     vertex  1.328384e+02  1.367000e+02  1.737553e+01
     vertex  1.328221e+02  1.307000e+02  1.743507e+01
   endloop
 endfacet
 facet normal  9.568158e-01 -0.000000e+00  2.906949e-01
   outer loop
     vertex  1.328563e+02  1.307000e+02  1.731646e+01
     vertex  1.328563e+02  1.367000e+02  1.731646e+01
     vertex  1.328384e+02  1.367000e+02  1.737553e+01
   endloop
 endfacet
 facet normal  9.568158e-01  0.000000e+00  2.906949e-01
   outer loop
     vertex  1.328563e+02  1.307000e+02  1.731646e+01
     vertex  1.328384e+02  1.367000e+02  1.737553e+01
     vertex  1.328384e+02  1.307000e+02  1.737553e+01
   endloop
 endfacet
 facet normal  9.484807e-01 -0.000000e+00  3.168348e-01
   outer loop
     vertex  1.328759e+02  1.307000e+02  1.725791e+01
     vertex  1.328759e+02  1.367000e+02  1.725791e+01
     vertex  1.328563e+02  1.367000e+02  1.731646e+01
   endloop
 endfacet
 facet normal  9.394317e-01 -0.000000e+00  3.427362e-01
   outer loop
     vertex  1.328759e+02  1.307000e+02  1.725791e+01
     vertex  1.328971e+02  1.367000e+02  1.719992e+01
     vertex  1.328759e+02  1.367000e+02  1.725791e+01
   endloop
 endfacet
 facet normal  9.484807e-01  0.000000e+00  3.168348e-01
   outer loop
     vertex  1.328759e+02  1.307000e+02  1.725791e+01
     vertex  1.328563e+02  1.367000e+02  1.731646e+01
     vertex  1.328563e+02  1.307000e+02  1.731646e+01
   endloop
 endfacet
 facet normal  9.394317e-01 -0.000000e+00  3.427362e-01
   outer loop
     vertex  1.328971e+02  1.307000e+02  1.719992e+01
     vertex  1.328971e+02  1.367000e+02  1.719992e+01
     vertex  1.328759e+02  1.307000e+02  1.725791e+01
   endloop
 endfacet
 facet normal  9.296754e-01 -0.000000e+00  3.683796e-01
   outer loop
     vertex  1.329198e+02  1.307000e+02  1.714253e+01
     vertex  1.329198e+02  1.367000e+02  1.714253e+01
     vertex  1.328971e+02  1.367000e+02  1.719992e+01
   endloop
 endfacet
 facet normal  9.296754e-01  0.000000e+00  3.683796e-01
   outer loop
     vertex  1.329198e+02  1.307000e+02  1.714253e+01
     vertex  1.328971e+02  1.367000e+02  1.719992e+01
     vertex  1.328971e+02  1.307000e+02  1.719992e+01
   endloop
 endfacet
 facet normal  9.192194e-01  0.000000e+00  3.937458e-01
   outer loop
     vertex  1.329441e+02  1.307000e+02  1.708578e+01
     vertex  1.329198e+02  1.367000e+02  1.714253e+01
     vertex  1.329198e+02  1.307000e+02  1.714253e+01
   endloop
 endfacet
 facet normal  9.192194e-01 -0.000000e+00  3.937458e-01
   outer loop
     vertex  1.329441e+02  1.307000e+02  1.708578e+01
     vertex  1.329441e+02  1.367000e+02  1.708578e+01
     vertex  1.329198e+02  1.367000e+02  1.714253e+01
   endloop
 endfacet
 facet normal  9.080714e-01 -0.000000e+00  4.188155e-01
   outer loop
     vertex  1.329441e+02  1.307000e+02  1.708578e+01
     vertex  1.329700e+02  1.367000e+02  1.702973e+01
     vertex  1.329441e+02  1.367000e+02  1.708578e+01
   endloop
 endfacet
 facet normal  9.080714e-01 -0.000000e+00  4.188155e-01
   outer loop
     vertex  1.329700e+02  1.307000e+02  1.702973e+01
     vertex  1.329700e+02  1.367000e+02  1.702973e+01
     vertex  1.329441e+02  1.307000e+02  1.708578e+01
   endloop
 endfacet
 facet normal  8.962398e-01 -0.000000e+00  4.435699e-01
   outer loop
     vertex  1.329973e+02  1.307000e+02  1.697440e+01
     vertex  1.329973e+02  1.367000e+02  1.697440e+01
     vertex  1.329700e+02  1.367000e+02  1.702973e+01
   endloop
 endfacet
 facet normal  8.837335e-01 -0.000000e+00  4.679904e-01
   outer loop
     vertex  1.329973e+02  1.307000e+02  1.697440e+01
     vertex  1.330262e+02  1.367000e+02  1.691984e+01
     vertex  1.329973e+02  1.367000e+02  1.697440e+01
   endloop
 endfacet
 facet normal  8.962398e-01  0.000000e+00  4.435699e-01
   outer loop
     vertex  1.329973e+02  1.307000e+02  1.697440e+01
     vertex  1.329700e+02  1.367000e+02  1.702973e+01
     vertex  1.329700e+02  1.307000e+02  1.702973e+01
   endloop
 endfacet
 facet normal  8.837335e-01 -0.000000e+00  4.679904e-01
   outer loop
     vertex  1.330262e+02  1.307000e+02  1.691984e+01
     vertex  1.330262e+02  1.367000e+02  1.691984e+01
     vertex  1.329973e+02  1.307000e+02  1.697440e+01
   endloop
 endfacet
 facet normal  8.705620e-01 -0.000000e+00  4.920587e-01
   outer loop
     vertex  1.330262e+02  1.307000e+02  1.691984e+01
     vertex  1.330566e+02  1.367000e+02  1.686610e+01
     vertex  1.330262e+02  1.367000e+02  1.691984e+01
   endloop
 endfacet
 facet normal  8.705620e-01 -0.000000e+00  4.920587e-01
   outer loop
     vertex  1.330566e+02  1.307000e+02  1.686610e+01
     vertex  1.330566e+02  1.367000e+02  1.686610e+01
     vertex  1.330262e+02  1.307000e+02  1.691984e+01
   endloop
 endfacet
 facet normal  8.567352e-01 -0.000000e+00  5.157565e-01
   outer loop
     vertex  1.330566e+02  1.307000e+02  1.686610e+01
     vertex  1.330884e+02  1.367000e+02  1.681321e+01
     vertex  1.330566e+02  1.367000e+02  1.686610e+01
   endloop
 endfacet
 facet normal  8.567352e-01 -0.000000e+00  5.157565e-01
   outer loop
     vertex  1.330884e+02  1.307000e+02  1.681321e+01
     vertex  1.330884e+02  1.367000e+02  1.681321e+01
     vertex  1.330566e+02  1.307000e+02  1.686610e+01
   endloop
 endfacet
 facet normal  8.422635e-01 -0.000000e+00  5.390661e-01
   outer loop
     vertex  1.331217e+02  1.307000e+02  1.676122e+01
     vertex  1.331217e+02  1.367000e+02  1.676122e+01
     vertex  1.330884e+02  1.367000e+02  1.681321e+01
   endloop
 endfacet
 facet normal  8.422635e-01  0.000000e+00  5.390661e-01
   outer loop
     vertex  1.331217e+02  1.307000e+02  1.676122e+01
     vertex  1.330884e+02  1.367000e+02  1.681321e+01
     vertex  1.330884e+02  1.307000e+02  1.681321e+01
   endloop
 endfacet
 facet normal  8.271577e-01 -0.000000e+00  5.619699e-01
   outer loop
     vertex  1.331564e+02  1.307000e+02  1.671016e+01
     vertex  1.331564e+02  1.367000e+02  1.671016e+01
     vertex  1.331217e+02  1.367000e+02  1.676122e+01
   endloop
 endfacet
 facet normal  8.114292e-01 -0.000000e+00  5.844507e-01
   outer loop
     vertex  1.331564e+02  1.307000e+02  1.671016e+01
     vertex  1.331925e+02  1.367000e+02  1.666006e+01
     vertex  1.331564e+02  1.367000e+02  1.671016e+01
   endloop
 endfacet
 facet normal  8.271577e-01  0.000000e+00  5.619699e-01
   outer loop
     vertex  1.331564e+02  1.307000e+02  1.671016e+01
     vertex  1.331217e+02  1.367000e+02  1.676122e+01
     vertex  1.331217e+02  1.307000e+02  1.676122e+01
   endloop
 endfacet
 facet normal  8.114292e-01 -0.000000e+00  5.844507e-01
   outer loop
     vertex  1.331925e+02  1.307000e+02  1.666006e+01
     vertex  1.331925e+02  1.367000e+02  1.666006e+01
     vertex  1.331564e+02  1.307000e+02  1.671016e+01
   endloop
 endfacet
 facet normal  7.950900e-01 -0.000000e+00  6.064915e-01
   outer loop
     vertex  1.332299e+02  1.307000e+02  1.661098e+01
     vertex  1.332299e+02  1.367000e+02  1.661098e+01
     vertex  1.331925e+02  1.367000e+02  1.666006e+01
   endloop
 endfacet
 facet normal  7.781522e-01 -0.000000e+00  6.280757e-01
   outer loop
     vertex  1.332299e+02  1.307000e+02  1.661098e+01
     vertex  1.332687e+02  1.367000e+02  1.656294e+01
     vertex  1.332299e+02  1.367000e+02  1.661098e+01
   endloop
 endfacet
 facet normal  7.950900e-01  0.000000e+00  6.064915e-01
   outer loop
     vertex  1.332299e+02  1.307000e+02  1.661098e+01
     vertex  1.331925e+02  1.367000e+02  1.666006e+01
     vertex  1.331925e+02  1.307000e+02  1.666006e+01
   endloop
 endfacet
 facet normal  7.781522e-01 -0.000000e+00  6.280757e-01
   outer loop
     vertex  1.332687e+02  1.307000e+02  1.656294e+01
     vertex  1.332687e+02  1.367000e+02  1.656294e+01
     vertex  1.332299e+02  1.307000e+02  1.661098e+01
   endloop
 endfacet
 facet normal  7.606287e-01 -0.000000e+00  6.491872e-01
   outer loop
     vertex  1.332687e+02  1.307000e+02  1.656294e+01
     vertex  1.333088e+02  1.367000e+02  1.651599e+01
     vertex  1.332687e+02  1.367000e+02  1.656294e+01
   endloop
 endfacet
 facet normal  7.606287e-01 -0.000000e+00  6.491872e-01
   outer loop
     vertex  1.333088e+02  1.307000e+02  1.651599e+01
     vertex  1.333088e+02  1.367000e+02  1.651599e+01
     vertex  1.332687e+02  1.307000e+02  1.656294e+01
   endloop
 endfacet
 facet normal  7.425325e-01 -0.000000e+00  6.698100e-01
   outer loop
     vertex  1.333501e+02  1.307000e+02  1.647015e+01
     vertex  1.333501e+02  1.367000e+02  1.647015e+01
     vertex  1.333088e+02  1.367000e+02  1.651599e+01
   endloop
 endfacet
 facet normal  7.425325e-01  0.000000e+00  6.698100e-01
   outer loop
     vertex  1.333501e+02  1.307000e+02  1.647015e+01
     vertex  1.333088e+02  1.367000e+02  1.651599e+01
     vertex  1.333088e+02  1.307000e+02  1.651599e+01
   endloop
 endfacet
 facet normal  7.238775e-01 -0.000000e+00  6.899286e-01
   outer loop
     vertex  1.333927e+02  1.307000e+02  1.642546e+01
     vertex  1.333927e+02  1.367000e+02  1.642546e+01
     vertex  1.333501e+02  1.367000e+02  1.647015e+01
   endloop
 endfacet
 facet normal  7.238775e-01  0.000000e+00  6.899286e-01
   outer loop
     vertex  1.333927e+02  1.307000e+02  1.642546e+01
     vertex  1.333501e+02  1.367000e+02  1.647015e+01
     vertex  1.333501e+02  1.307000e+02  1.647015e+01
   endloop
 endfacet
 facet normal  7.046775e-01 -0.000000e+00  7.095278e-01
   outer loop
     vertex  1.334365e+02  1.307000e+02  1.638196e+01
     vertex  1.334365e+02  1.367000e+02  1.638196e+01
     vertex  1.333927e+02  1.367000e+02  1.642546e+01
   endloop
 endfacet
 facet normal  7.046775e-01  0.000000e+00  7.095278e-01
   outer loop
     vertex  1.334365e+02  1.307000e+02  1.638196e+01
     vertex  1.333927e+02  1.367000e+02  1.642546e+01
     vertex  1.333927e+02  1.307000e+02  1.642546e+01
   endloop
 endfacet
 facet normal  6.849470e-01 -0.000000e+00  7.285929e-01
   outer loop
     vertex  1.334815e+02  1.307000e+02  1.633968e+01
     vertex  1.334815e+02  1.367000e+02  1.633968e+01
     vertex  1.334365e+02  1.367000e+02  1.638196e+01
   endloop
 endfacet
 facet normal  6.849470e-01  0.000000e+00  7.285929e-01
   outer loop
     vertex  1.334815e+02  1.307000e+02  1.633968e+01
     vertex  1.334365e+02  1.367000e+02  1.638196e+01
     vertex  1.334365e+02  1.307000e+02  1.638196e+01
   endloop
 endfacet
 facet normal  6.647010e-01 -0.000000e+00  7.471095e-01
   outer loop
     vertex  1.335276e+02  1.307000e+02  1.629864e+01
     vertex  1.335276e+02  1.367000e+02  1.629864e+01
     vertex  1.334815e+02  1.367000e+02  1.633968e+01
   endloop
 endfacet
 facet normal  6.647010e-01  0.000000e+00  7.471095e-01
   outer loop
     vertex  1.335276e+02  1.307000e+02  1.629864e+01
     vertex  1.334815e+02  1.367000e+02  1.633968e+01
     vertex  1.334815e+02  1.307000e+02  1.633968e+01
   endloop
 endfacet
 facet normal  6.439545e-01 -0.000000e+00  7.650637e-01
   outer loop
     vertex  1.335749e+02  1.307000e+02  1.625889e+01
     vertex  1.335749e+02  1.367000e+02  1.625889e+01
     vertex  1.335276e+02  1.367000e+02  1.629864e+01
   endloop
 endfacet
 facet normal  6.439545e-01  0.000000e+00  7.650637e-01
   outer loop
     vertex  1.335749e+02  1.307000e+02  1.625889e+01
     vertex  1.335276e+02  1.367000e+02  1.629864e+01
     vertex  1.335276e+02  1.307000e+02  1.629864e+01
   endloop
 endfacet
 facet normal  6.227234e-01 -0.000000e+00  7.824421e-01
   outer loop
     vertex  1.336232e+02  1.307000e+02  1.622045e+01
     vertex  1.336232e+02  1.367000e+02  1.622045e+01
     vertex  1.335749e+02  1.367000e+02  1.625889e+01
   endloop
 endfacet
 facet normal  6.227234e-01  0.000000e+00  7.824421e-01
   outer loop
     vertex  1.336232e+02  1.307000e+02  1.622045e+01
     vertex  1.335749e+02  1.367000e+02  1.625889e+01
     vertex  1.335749e+02  1.307000e+02  1.625889e+01
   endloop
 endfacet
 facet normal  6.010234e-01 -0.000000e+00  7.992314e-01
   outer loop
     vertex  1.336725e+02  1.307000e+02  1.618335e+01
     vertex  1.336725e+02  1.367000e+02  1.618335e+01
     vertex  1.336232e+02  1.367000e+02  1.622045e+01
   endloop
 endfacet
 facet normal  6.010234e-01  0.000000e+00  7.992314e-01
   outer loop
     vertex  1.336725e+02  1.307000e+02  1.618335e+01
     vertex  1.336232e+02  1.367000e+02  1.622045e+01
     vertex  1.336232e+02  1.307000e+02  1.622045e+01
   endloop
 endfacet
 facet normal  5.788711e-01 -0.000000e+00  8.154191e-01
   outer loop
     vertex  1.337228e+02  1.307000e+02  1.614761e+01
     vertex  1.337228e+02  1.367000e+02  1.614761e+01
     vertex  1.336725e+02  1.367000e+02  1.618335e+01
   endloop
 endfacet
 facet normal  5.562829e-01 -0.000000e+00  8.309929e-01
   outer loop
     vertex  1.337228e+02  1.307000e+02  1.614761e+01
     vertex  1.337741e+02  1.367000e+02  1.611327e+01
     vertex  1.337228e+02  1.367000e+02  1.614761e+01
   endloop
 endfacet
 facet normal  5.788711e-01  0.000000e+00  8.154191e-01
   outer loop
     vertex  1.337228e+02  1.307000e+02  1.614761e+01
     vertex  1.336725e+02  1.367000e+02  1.618335e+01
     vertex  1.336725e+02  1.307000e+02  1.618335e+01
   endloop
 endfacet
 facet normal  5.562829e-01 -0.000000e+00  8.309929e-01
   outer loop
     vertex  1.337741e+02  1.307000e+02  1.611327e+01
     vertex  1.337741e+02  1.367000e+02  1.611327e+01
     vertex  1.337228e+02  1.307000e+02  1.614761e+01
   endloop
 endfacet
 facet normal  5.332761e-01 -0.000000e+00  8.459413e-01
   outer loop
     vertex  1.338264e+02  1.307000e+02  1.608035e+01
     vertex  1.338264e+02  1.367000e+02  1.608035e+01
     vertex  1.337741e+02  1.367000e+02  1.611327e+01
   endloop
 endfacet
 facet normal  5.098678e-01 -0.000000e+00  8.602528e-01
   outer loop
     vertex  1.338264e+02  1.307000e+02  1.608035e+01
     vertex  1.338795e+02  1.367000e+02  1.604888e+01
     vertex  1.338264e+02  1.367000e+02  1.608035e+01
   endloop
 endfacet
 facet normal  5.332761e-01  0.000000e+00  8.459413e-01
   outer loop
     vertex  1.338264e+02  1.307000e+02  1.608035e+01
     vertex  1.337741e+02  1.367000e+02  1.611327e+01
     vertex  1.337741e+02  1.307000e+02  1.611327e+01
   endloop
 endfacet
 facet normal  5.098678e-01 -0.000000e+00  8.602528e-01
   outer loop
     vertex  1.338795e+02  1.307000e+02  1.604888e+01
     vertex  1.338795e+02  1.367000e+02  1.604888e+01
     vertex  1.338264e+02  1.307000e+02  1.608035e+01
   endloop
 endfacet
 facet normal  4.860756e-01 -0.000000e+00  8.739167e-01
   outer loop
     vertex  1.339334e+02  1.307000e+02  1.601887e+01
     vertex  1.339334e+02  1.367000e+02  1.601887e+01
     vertex  1.338795e+02  1.367000e+02  1.604888e+01
   endloop
 endfacet
 facet normal  4.860756e-01  0.000000e+00  8.739167e-01
   outer loop
     vertex  1.339334e+02  1.307000e+02  1.601887e+01
     vertex  1.338795e+02  1.367000e+02  1.604888e+01
     vertex  1.338795e+02  1.307000e+02  1.604888e+01
   endloop
 endfacet
 facet normal  4.619176e-01  0.000000e+00  8.869228e-01
   outer loop
     vertex  1.339882e+02  1.307000e+02  1.599035e+01
     vertex  1.339334e+02  1.367000e+02  1.601887e+01
     vertex  1.339334e+02  1.307000e+02  1.601887e+01
   endloop
 endfacet
 facet normal  4.619176e-01 -0.000000e+00  8.869228e-01
   outer loop
     vertex  1.339882e+02  1.307000e+02  1.599035e+01
     vertex  1.339882e+02  1.367000e+02  1.599035e+01
     vertex  1.339334e+02  1.367000e+02  1.601887e+01
   endloop
 endfacet
 facet normal  4.374119e-01 -0.000000e+00  8.992613e-01
   outer loop
     vertex  1.339882e+02  1.307000e+02  1.599035e+01
     vertex  1.340437e+02  1.367000e+02  1.596335e+01
     vertex  1.339882e+02  1.367000e+02  1.599035e+01
   endloop
 endfacet
 facet normal  4.374119e-01 -0.000000e+00  8.992613e-01
   outer loop
     vertex  1.340437e+02  1.307000e+02  1.596335e+01
     vertex  1.340437e+02  1.367000e+02  1.596335e+01
     vertex  1.339882e+02  1.307000e+02  1.599035e+01
   endloop
 endfacet
 facet normal  4.125769e-01  0.000000e+00  9.109228e-01
   outer loop
     vertex  1.340999e+02  1.307000e+02  1.593788e+01
     vertex  1.340437e+02  1.367000e+02  1.596335e+01
     vertex  1.340437e+02  1.307000e+02  1.596335e+01
   endloop
 endfacet
 facet normal  4.125769e-01 -0.000000e+00  9.109228e-01
   outer loop
     vertex  1.340999e+02  1.307000e+02  1.593788e+01
     vertex  1.340999e+02  1.367000e+02  1.593788e+01
     vertex  1.340437e+02  1.367000e+02  1.596335e+01
   endloop
 endfacet
 facet normal  3.874313e-01  0.000000e+00  9.218986e-01
   outer loop
     vertex  1.341568e+02  1.307000e+02  1.591396e+01
     vertex  1.340999e+02  1.367000e+02  1.593788e+01
     vertex  1.340999e+02  1.307000e+02  1.593788e+01
   endloop
 endfacet
 facet normal  3.874313e-01 -0.000000e+00  9.218986e-01
   outer loop
     vertex  1.341568e+02  1.307000e+02  1.591396e+01
     vertex  1.341568e+02  1.367000e+02  1.591396e+01
     vertex  1.340999e+02  1.367000e+02  1.593788e+01
   endloop
 endfacet
 facet normal  3.619940e-01  0.000000e+00  9.321804e-01
   outer loop
     vertex  1.342144e+02  1.307000e+02  1.589162e+01
     vertex  1.341568e+02  1.367000e+02  1.591396e+01
     vertex  1.341568e+02  1.307000e+02  1.591396e+01
   endloop
 endfacet
 facet normal  3.619940e-01 -0.000000e+00  9.321804e-01
   outer loop
     vertex  1.342144e+02  1.307000e+02  1.589162e+01
     vertex  1.342144e+02  1.367000e+02  1.589162e+01
     vertex  1.341568e+02  1.367000e+02  1.591396e+01
   endloop
 endfacet
 facet normal  3.362843e-01  0.000000e+00  9.417605e-01
   outer loop
     vertex  1.342725e+02  1.307000e+02  1.587086e+01
     vertex  1.342144e+02  1.367000e+02  1.589162e+01
     vertex  1.342144e+02  1.307000e+02  1.589162e+01
   endloop
 endfacet
 facet normal  3.362843e-01 -0.000000e+00  9.417605e-01
   outer loop
     vertex  1.342725e+02  1.307000e+02  1.587086e+01
     vertex  1.342725e+02  1.367000e+02  1.587086e+01
     vertex  1.342144e+02  1.367000e+02  1.589162e+01
   endloop
 endfacet
 facet normal  3.103214e-01  0.000000e+00  9.506317e-01
   outer loop
     vertex  1.343312e+02  1.307000e+02  1.585170e+01
     vertex  1.342725e+02  1.367000e+02  1.587086e+01
     vertex  1.342725e+02  1.307000e+02  1.587086e+01
   endloop
 endfacet
 facet normal  3.103214e-01 -0.000000e+00  9.506317e-01
   outer loop
     vertex  1.343312e+02  1.307000e+02  1.585170e+01
     vertex  1.343312e+02  1.367000e+02  1.585170e+01
     vertex  1.342725e+02  1.367000e+02  1.587086e+01
   endloop
 endfacet
 facet normal  2.841250e-01 -0.000000e+00  9.587873e-01
   outer loop
     vertex  1.343312e+02  1.307000e+02  1.585170e+01
     vertex  1.343904e+02  1.367000e+02  1.583416e+01
     vertex  1.343312e+02  1.367000e+02  1.585170e+01
   endloop
 endfacet
 facet normal  2.841250e-01 -0.000000e+00  9.587873e-01
   outer loop
     vertex  1.343904e+02  1.307000e+02  1.583416e+01
     vertex  1.343904e+02  1.367000e+02  1.583416e+01
     vertex  1.343312e+02  1.307000e+02  1.585170e+01
   endloop
 endfacet
 facet normal  2.577146e-01  0.000000e+00  9.662211e-01
   outer loop
     vertex  1.344500e+02  1.307000e+02  1.581825e+01
     vertex  1.343904e+02  1.367000e+02  1.583416e+01
     vertex  1.343904e+02  1.307000e+02  1.583416e+01
   endloop
 endfacet
 facet normal  2.577146e-01 -0.000000e+00  9.662211e-01
   outer loop
     vertex  1.344500e+02  1.307000e+02  1.581825e+01
     vertex  1.344500e+02  1.367000e+02  1.581825e+01
     vertex  1.343904e+02  1.367000e+02  1.583416e+01
   endloop
 endfacet
 facet normal  2.311102e-01  0.000000e+00  9.729276e-01
   outer loop
     vertex  1.345101e+02  1.307000e+02  1.580399e+01
     vertex  1.344500e+02  1.367000e+02  1.581825e+01
     vertex  1.344500e+02  1.307000e+02  1.581825e+01
   endloop
 endfacet
 facet normal  2.311102e-01 -0.000000e+00  9.729276e-01
   outer loop
     vertex  1.345101e+02  1.307000e+02  1.580399e+01
     vertex  1.345101e+02  1.367000e+02  1.580399e+01
     vertex  1.344500e+02  1.367000e+02  1.581825e+01
   endloop
 endfacet
 facet normal  2.043319e-01  0.000000e+00  9.789017e-01
   outer loop
     vertex  1.345705e+02  1.307000e+02  1.579137e+01
     vertex  1.345101e+02  1.367000e+02  1.580399e+01
     vertex  1.345101e+02  1.307000e+02  1.580399e+01
   endloop
 endfacet
 facet normal  2.043319e-01 -0.000000e+00  9.789017e-01
   outer loop
     vertex  1.345705e+02  1.307000e+02  1.579137e+01
     vertex  1.345705e+02  1.367000e+02  1.579137e+01
     vertex  1.345101e+02  1.367000e+02  1.580399e+01
   endloop
 endfacet
 facet normal  1.773998e-01  0.000000e+00  9.841389e-01
   outer loop
     vertex  1.346313e+02  1.307000e+02  1.578042e+01
     vertex  1.345705e+02  1.367000e+02  1.579137e+01
     vertex  1.345705e+02  1.307000e+02  1.579137e+01
   endloop
 endfacet
 facet normal  1.773998e-01 -0.000000e+00  9.841389e-01
   outer loop
     vertex  1.346313e+02  1.307000e+02  1.578042e+01
     vertex  1.346313e+02  1.367000e+02  1.578042e+01
     vertex  1.345705e+02  1.367000e+02  1.579137e+01
   endloop
 endfacet
 facet normal  1.503341e-01  0.000000e+00  9.886353e-01
   outer loop
     vertex  1.346923e+02  1.307000e+02  1.577114e+01
     vertex  1.346313e+02  1.367000e+02  1.578042e+01
     vertex  1.346313e+02  1.307000e+02  1.578042e+01
   endloop
 endfacet
 facet normal  1.503341e-01 -0.000000e+00  9.886353e-01
   outer loop
     vertex  1.346923e+02  1.307000e+02  1.577114e+01
     vertex  1.346923e+02  1.367000e+02  1.577114e+01
     vertex  1.346313e+02  1.367000e+02  1.578042e+01
   endloop
 endfacet
 facet normal  1.231552e-01 -0.000000e+00  9.923874e-01
   outer loop
     vertex  1.346923e+02  1.307000e+02  1.577114e+01
     vertex  1.347536e+02  1.367000e+02  1.576354e+01
     vertex  1.346923e+02  1.367000e+02  1.577114e+01
   endloop
 endfacet
 facet normal  1.231552e-01 -0.000000e+00  9.923874e-01
   outer loop
     vertex  1.347536e+02  1.307000e+02  1.576354e+01
     vertex  1.347536e+02  1.367000e+02  1.576354e+01
     vertex  1.346923e+02  1.307000e+02  1.577114e+01
   endloop
 endfacet
 facet normal  9.588368e-02 -0.000000e+00  9.953925e-01
   outer loop
     vertex  1.348150e+02  1.307000e+02  1.575762e+01
     vertex  1.348150e+02  1.367000e+02  1.575762e+01
     vertex  1.347536e+02  1.367000e+02  1.576354e+01
   endloop
 endfacet
 facet normal  6.853995e-02 -0.000000e+00  9.976484e-01
   outer loop
     vertex  1.348150e+02  1.307000e+02  1.575762e+01
     vertex  1.348766e+02  1.367000e+02  1.575339e+01
     vertex  1.348150e+02  1.367000e+02  1.575762e+01
   endloop
 endfacet
 facet normal  9.588368e-02  0.000000e+00  9.953925e-01
   outer loop
     vertex  1.348150e+02  1.307000e+02  1.575762e+01
     vertex  1.347536e+02  1.367000e+02  1.576354e+01
     vertex  1.347536e+02  1.307000e+02  1.576354e+01
   endloop
 endfacet
 facet normal  6.853995e-02 -0.000000e+00  9.976484e-01
   outer loop
     vertex  1.348766e+02  1.307000e+02  1.575339e+01
     vertex  1.348766e+02  1.367000e+02  1.575339e+01
     vertex  1.348150e+02  1.307000e+02  1.575762e+01
   endloop
 endfacet
 facet normal  4.114462e-02 -0.000000e+00  9.991532e-01
   outer loop
     vertex  1.349383e+02  1.307000e+02  1.575085e+01
     vertex  1.349383e+02  1.367000e+02  1.575085e+01
     vertex  1.348766e+02  1.367000e+02  1.575339e+01
   endloop
 endfacet
 facet normal  4.114462e-02  0.000000e+00  9.991532e-01
   outer loop
     vertex  1.349383e+02  1.307000e+02  1.575085e+01
     vertex  1.348766e+02  1.367000e+02  1.575339e+01
     vertex  1.348766e+02  1.307000e+02  1.575339e+01
   endloop
 endfacet
 facet normal  1.371831e-02 -0.000000e+00  9.999059e-01
   outer loop
     vertex  1.350000e+02  1.307000e+02  1.575000e+01
     vertex  1.350000e+02  1.367000e+02  1.575000e+01
     vertex  1.349383e+02  1.367000e+02  1.575085e+01
   endloop
 endfacet
 facet normal  1.371831e-02  0.000000e+00  9.999059e-01
   outer loop
     vertex  1.350000e+02  1.307000e+02  1.575000e+01
     vertex  1.349383e+02  1.367000e+02  1.575085e+01
     vertex  1.349383e+02  1.307000e+02  1.575085e+01
   endloop
 endfacet
 facet normal -1.371831e-02  0.000000e+00 -9.999059e-01
   outer loop
     vertex  1.280617e+02  6.000000e+00  2.024915e+01
     vertex  1.280000e+02  0.000000e+00  2.025000e+01
     vertex  1.280000e+02  6.000000e+00  2.025000e+01
   endloop
 endfacet
 facet normal -1.371831e-02 -0.000000e+00 -9.999059e-01
   outer loop
     vertex  1.280617e+02  6.000000e+00  2.024915e+01
     vertex  1.280617e+02  0.000000e+00  2.024915e+01
     vertex  1.280000e+02  0.000000e+00  2.025000e+01
   endloop
 endfacet
 facet normal -4.114462e-02 -0.000000e+00 -9.991532e-01
   outer loop
     vertex  1.281234e+02  6.000000e+00  2.024661e+01
     vertex  1.281234e+02  0.000000e+00  2.024661e+01
     vertex  1.280617e+02  0.000000e+00  2.024915e+01
   endloop
 endfacet
 facet normal -4.114462e-02  0.000000e+00 -9.991532e-01
   outer loop
     vertex  1.281234e+02  6.000000e+00  2.024661e+01
     vertex  1.280617e+02  0.000000e+00  2.024915e+01
     vertex  1.280617e+02  6.000000e+00  2.024915e+01
   endloop
 endfacet
 facet normal -6.853995e-02 -0.000000e+00 -9.976484e-01
   outer loop
     vertex  1.281850e+02  6.000000e+00  2.024238e+01
     vertex  1.281850e+02  0.000000e+00  2.024238e+01
     vertex  1.281234e+02  0.000000e+00  2.024661e+01
   endloop
 endfacet
 facet normal -6.853995e-02  0.000000e+00 -9.976484e-01
   outer loop
     vertex  1.281850e+02  6.000000e+00  2.024238e+01
     vertex  1.281234e+02  0.000000e+00  2.024661e+01
     vertex  1.281234e+02  6.000000e+00  2.024661e+01
   endloop
 endfacet
 facet normal -9.588368e-02 -0.000000e+00 -9.953925e-01
   outer loop
     vertex  1.282464e+02  6.000000e+00  2.023646e+01
     vertex  1.282464e+02  0.000000e+00  2.023646e+01
     vertex  1.281850e+02  0.000000e+00  2.024238e+01
   endloop
 endfacet
 facet normal -9.588368e-02  0.000000e+00 -9.953925e-01
   outer loop
     vertex  1.282464e+02  6.000000e+00  2.023646e+01
     vertex  1.281850e+02  0.000000e+00  2.024238e+01
     vertex  1.281850e+02  6.000000e+00  2.024238e+01
   endloop
 endfacet
 facet normal -1.231552e-01 -0.000000e+00 -9.923874e-01
   outer loop
     vertex  1.283077e+02  6.000000e+00  2.022886e+01
     vertex  1.283077e+02  0.000000e+00  2.022886e+01
     vertex  1.282464e+02  0.000000e+00  2.023646e+01
   endloop
 endfacet
 facet normal -1.231552e-01  0.000000e+00 -9.923874e-01
   outer loop
     vertex  1.283077e+02  6.000000e+00  2.022886e+01
     vertex  1.282464e+02  0.000000e+00  2.023646e+01
     vertex  1.282464e+02  6.000000e+00  2.023646e+01
   endloop
 endfacet
 facet normal -1.503341e-01 -0.000000e+00 -9.886353e-01
   outer loop
     vertex  1.283687e+02  6.000000e+00  2.021958e+01
     vertex  1.283687e+02  0.000000e+00  2.021958e+01
     vertex  1.283077e+02  0.000000e+00  2.022886e+01
   endloop
 endfacet
 facet normal -1.773998e-01 -0.000000e+00 -9.841389e-01
   outer loop
     vertex  1.283687e+02  6.000000e+00  2.021958e+01
     vertex  1.284295e+02  0.000000e+00  2.020863e+01
     vertex  1.283687e+02  0.000000e+00  2.021958e+01
   endloop
 endfacet
 facet normal -1.503341e-01  0.000000e+00 -9.886353e-01
   outer loop
     vertex  1.283687e+02  6.000000e+00  2.021958e+01
     vertex  1.283077e+02  0.000000e+00  2.022886e+01
     vertex  1.283077e+02  6.000000e+00  2.022886e+01
   endloop
 endfacet
 facet normal -1.773998e-01 -0.000000e+00 -9.841389e-01
   outer loop
     vertex  1.284295e+02  6.000000e+00  2.020863e+01
     vertex  1.284295e+02  0.000000e+00  2.020863e+01
     vertex  1.283687e+02  6.000000e+00  2.021958e+01
   endloop
 endfacet
 facet normal -2.043319e-01 -0.000000e+00 -9.789017e-01
   outer loop
     vertex  1.284899e+02  6.000000e+00  2.019601e+01
     vertex  1.284899e+02  0.000000e+00  2.019601e+01
     vertex  1.284295e+02  0.000000e+00  2.020863e+01
   endloop
 endfacet
 facet normal -2.043319e-01  0.000000e+00 -9.789017e-01
   outer loop
     vertex  1.284899e+02  6.000000e+00  2.019601e+01
     vertex  1.284295e+02  0.000000e+00  2.020863e+01
     vertex  1.284295e+02  6.000000e+00  2.020863e+01
   endloop
 endfacet
 facet normal -2.311102e-01 -0.000000e+00 -9.729276e-01
   outer loop
     vertex  1.285500e+02  6.000000e+00  2.018175e+01
     vertex  1.285500e+02  0.000000e+00  2.018175e+01
     vertex  1.284899e+02  0.000000e+00  2.019601e+01
   endloop
 endfacet
 facet normal -2.311102e-01  0.000000e+00 -9.729276e-01
   outer loop
     vertex  1.285500e+02  6.000000e+00  2.018175e+01
     vertex  1.284899e+02  0.000000e+00  2.019601e+01
     vertex  1.284899e+02  6.000000e+00  2.019601e+01
   endloop
 endfacet
 facet normal -2.577146e-01  0.000000e+00 -9.662211e-01
   outer loop
     vertex  1.286096e+02  6.000000e+00  2.016584e+01
     vertex  1.285500e+02  0.000000e+00  2.018175e+01
     vertex  1.285500e+02  6.000000e+00  2.018175e+01
   endloop
 endfacet
 facet normal -2.577146e-01 -0.000000e+00 -9.662211e-01
   outer loop
     vertex  1.286096e+02  6.000000e+00  2.016584e+01
     vertex  1.286096e+02  0.000000e+00  2.016584e+01
     vertex  1.285500e+02  0.000000e+00  2.018175e+01
   endloop
 endfacet
 facet normal -2.841250e-01 -0.000000e+00 -9.587873e-01
   outer loop
     vertex  1.286096e+02  6.000000e+00  2.016584e+01
     vertex  1.286688e+02  0.000000e+00  2.014830e+01
     vertex  1.286096e+02  0.000000e+00  2.016584e+01
   endloop
 endfacet
 facet normal -2.841250e-01 -0.000000e+00 -9.587873e-01
   outer loop
     vertex  1.286688e+02  6.000000e+00  2.014830e+01
     vertex  1.286688e+02  0.000000e+00  2.014830e+01
     vertex  1.286096e+02  6.000000e+00  2.016584e+01
   endloop
 endfacet
 facet normal -3.103214e-01 -0.000000e+00 -9.506317e-01
   outer loop
     vertex  1.286688e+02  6.000000e+00  2.014830e+01
     vertex  1.287275e+02  0.000000e+00  2.012914e+01
     vertex  1.286688e+02  0.000000e+00  2.014830e+01
   endloop
 endfacet
 facet normal -3.103214e-01 -0.000000e+00 -9.506317e-01
   outer loop
     vertex  1.287275e+02  6.000000e+00  2.012914e+01
     vertex  1.287275e+02  0.000000e+00  2.012914e+01
     vertex  1.286688e+02  6.000000e+00  2.014830e+01
   endloop
 endfacet
 facet normal -3.362843e-01 -0.000000e+00 -9.417605e-01
   outer loop
     vertex  1.287275e+02  6.000000e+00  2.012914e+01
     vertex  1.287856e+02  0.000000e+00  2.010838e+01
     vertex  1.287275e+02  0.000000e+00  2.012914e+01
   endloop
 endfacet
 facet normal -3.362843e-01 -0.000000e+00 -9.417605e-01
   outer loop
     vertex  1.287856e+02  6.000000e+00  2.010838e+01
     vertex  1.287856e+02  0.000000e+00  2.010838e+01
     vertex  1.287275e+02  6.000000e+00  2.012914e+01
   endloop
 endfacet
 facet normal -3.619940e-01  0.000000e+00 -9.321804e-01
   outer loop
     vertex  1.288432e+02  6.000000e+00  2.008604e+01
     vertex  1.287856e+02  0.000000e+00  2.010838e+01
     vertex  1.287856e+02  6.000000e+00  2.010838e+01
   endloop
 endfacet
 facet normal -3.619940e-01 -0.000000e+00 -9.321804e-01
   outer loop
     vertex  1.288432e+02  6.000000e+00  2.008604e+01
     vertex  1.288432e+02  0.000000e+00  2.008604e+01
     vertex  1.287856e+02  0.000000e+00  2.010838e+01
   endloop
 endfacet
 facet normal -3.874313e-01  0.000000e+00 -9.218986e-01
   outer loop
     vertex  1.289001e+02  6.000000e+00  2.006212e+01
     vertex  1.288432e+02  0.000000e+00  2.008604e+01
     vertex  1.288432e+02  6.000000e+00  2.008604e+01
   endloop
 endfacet
 facet normal -3.874313e-01 -0.000000e+00 -9.218986e-01
   outer loop
     vertex  1.289001e+02  6.000000e+00  2.006212e+01
     vertex  1.289001e+02  0.000000e+00  2.006212e+01
     vertex  1.288432e+02  0.000000e+00  2.008604e+01
   endloop
 endfacet
 facet normal -4.125769e-01  0.000000e+00 -9.109228e-01
   outer loop
     vertex  1.289563e+02  6.000000e+00  2.003665e+01
     vertex  1.289001e+02  0.000000e+00  2.006212e+01
     vertex  1.289001e+02  6.000000e+00  2.006212e+01
   endloop
 endfacet
 facet normal -4.125769e-01 -0.000000e+00 -9.109228e-01
   outer loop
     vertex  1.289563e+02  6.000000e+00  2.003665e+01
     vertex  1.289563e+02  0.000000e+00  2.003665e+01
     vertex  1.289001e+02  0.000000e+00  2.006212e+01
   endloop
 endfacet
 facet normal -4.374119e-01  0.000000e+00 -8.992613e-01
   outer loop
     vertex  1.290118e+02  6.000000e+00  2.000965e+01
     vertex  1.289563e+02  0.000000e+00  2.003665e+01
     vertex  1.289563e+02  6.000000e+00  2.003665e+01
   endloop
 endfacet
 facet normal -4.374119e-01 -0.000000e+00 -8.992613e-01
   outer loop
     vertex  1.290118e+02  6.000000e+00  2.000965e+01
     vertex  1.290118e+02  0.000000e+00  2.000965e+01
     vertex  1.289563e+02  0.000000e+00  2.003665e+01
   endloop
 endfacet
 facet normal -4.619176e-01  0.000000e+00 -8.869228e-01
   outer loop
     vertex  1.290666e+02  6.000000e+00  1.998113e+01
     vertex  1.290118e+02  0.000000e+00  2.000965e+01
     vertex  1.290118e+02  6.000000e+00  2.000965e+01
   endloop
 endfacet
 facet normal -4.619176e-01 -0.000000e+00 -8.869228e-01
   outer loop
     vertex  1.290666e+02  6.000000e+00  1.998113e+01
     vertex  1.290666e+02  0.000000e+00  1.998113e+01
     vertex  1.290118e+02  0.000000e+00  2.000965e+01
   endloop
 endfacet
 facet normal -4.860756e-01  0.000000e+00 -8.739167e-01
   outer loop
     vertex  1.291205e+02  6.000000e+00  1.995112e+01
     vertex  1.290666e+02  0.000000e+00  1.998113e+01
     vertex  1.290666e+02  6.000000e+00  1.998113e+01
   endloop
 endfacet
 facet normal -4.860756e-01 -0.000000e+00 -8.739167e-01
   outer loop
     vertex  1.291205e+02  6.000000e+00  1.995112e+01
     vertex  1.291205e+02  0.000000e+00  1.995112e+01
     vertex  1.290666e+02  0.000000e+00  1.998113e+01
   endloop
 endfacet
 facet normal -5.098678e-01  0.000000e+00 -8.602528e-01
   outer loop
     vertex  1.291736e+02  6.000000e+00  1.991965e+01
     vertex  1.291205e+02  0.000000e+00  1.995112e+01
     vertex  1.291205e+02  6.000000e+00  1.995112e+01
   endloop
 endfacet
 facet normal -5.098678e-01 -0.000000e+00 -8.602528e-01
   outer loop
     vertex  1.291736e+02  6.000000e+00  1.991965e+01
     vertex  1.291736e+02  0.000000e+00  1.991965e+01
     vertex  1.291205e+02  0.000000e+00  1.995112e+01
   endloop
 endfacet
 facet normal -5.332761e-01  0.000000e+00 -8.459413e-01
   outer loop
     vertex  1.292259e+02  6.000000e+00  1.988673e+01
     vertex  1.291736e+02  0.000000e+00  1.991965e+01
     vertex  1.291736e+02  6.000000e+00  1.991965e+01
   endloop
 endfacet
 facet normal -5.332761e-01 -0.000000e+00 -8.459413e-01
   outer loop
     vertex  1.292259e+02  6.000000e+00  1.988673e+01
     vertex  1.292259e+02  0.000000e+00  1.988673e+01
     vertex  1.291736e+02  0.000000e+00  1.991965e+01
   endloop
 endfacet
 facet normal -5.562829e-01 -0.000000e+00 -8.309929e-01
   outer loop
     vertex  1.292772e+02  6.000000e+00  1.985239e+01
     vertex  1.292772e+02  0.000000e+00  1.985239e+01
     vertex  1.292259e+02  0.000000e+00  1.988673e+01
   endloop
 endfacet
 facet normal -5.562829e-01  0.000000e+00 -8.309929e-01
   outer loop
     vertex  1.292772e+02  6.000000e+00  1.985239e+01
     vertex  1.292259e+02  0.000000e+00  1.988673e+01
     vertex  1.292259e+02  6.000000e+00  1.988673e+01
   endloop
 endfacet
 facet normal -5.788711e-01 -0.000000e+00 -8.154191e-01
   outer loop
     vertex  1.293275e+02  6.000000e+00  1.981665e+01
     vertex  1.293275e+02  0.000000e+00  1.981665e+01
     vertex  1.292772e+02  0.000000e+00  1.985239e+01
   endloop
 endfacet
 facet normal -5.788711e-01  0.000000e+00 -8.154191e-01
   outer loop
     vertex  1.293275e+02  6.000000e+00  1.981665e+01
     vertex  1.292772e+02  0.000000e+00  1.985239e+01
     vertex  1.292772e+02  6.000000e+00  1.985239e+01
   endloop
 endfacet
 facet normal -6.010234e-01 -0.000000e+00 -7.992314e-01
   outer loop
     vertex  1.293768e+02  6.000000e+00  1.977955e+01
     vertex  1.293768e+02  0.000000e+00  1.977955e+01
     vertex  1.293275e+02  0.000000e+00  1.981665e+01
   endloop
 endfacet
 facet normal -6.010234e-01  0.000000e+00 -7.992314e-01
   outer loop
     vertex  1.293768e+02  6.000000e+00  1.977955e+01
     vertex  1.293275e+02  0.000000e+00  1.981665e+01
     vertex  1.293275e+02  6.000000e+00  1.981665e+01
   endloop
 endfacet
 facet normal -6.227234e-01 -0.000000e+00 -7.824421e-01
   outer loop
     vertex  1.294251e+02  6.000000e+00  1.974111e+01
     vertex  1.294251e+02  0.000000e+00  1.974111e+01
     vertex  1.293768e+02  0.000000e+00  1.977955e+01
   endloop
 endfacet
 facet normal -6.227234e-01  0.000000e+00 -7.824421e-01
   outer loop
     vertex  1.294251e+02  6.000000e+00  1.974111e+01
     vertex  1.293768e+02  0.000000e+00  1.977955e+01
     vertex  1.293768e+02  6.000000e+00  1.977955e+01
   endloop
 endfacet
 facet normal -6.439545e-01 -0.000000e+00 -7.650637e-01
   outer loop
     vertex  1.294724e+02  6.000000e+00  1.970136e+01
     vertex  1.294724e+02  0.000000e+00  1.970136e+01
     vertex  1.294251e+02  0.000000e+00  1.974111e+01
   endloop
 endfacet
 facet normal -6.439545e-01  0.000000e+00 -7.650637e-01
   outer loop
     vertex  1.294724e+02  6.000000e+00  1.970136e+01
     vertex  1.294251e+02  0.000000e+00  1.974111e+01
     vertex  1.294251e+02  6.000000e+00  1.974111e+01
   endloop
 endfacet
 facet normal -6.647010e-01 -0.000000e+00 -7.471095e-01
   outer loop
     vertex  1.295185e+02  6.000000e+00  1.966032e+01
     vertex  1.295185e+02  0.000000e+00  1.966032e+01
     vertex  1.294724e+02  0.000000e+00  1.970136e+01
   endloop
 endfacet
 facet normal -6.849470e-01 -0.000000e+00 -7.285929e-01
   outer loop
     vertex  1.295185e+02  6.000000e+00  1.966032e+01
     vertex  1.295635e+02  0.000000e+00  1.961804e+01
     vertex  1.295185e+02  0.000000e+00  1.966032e+01
   endloop
 endfacet
 facet normal -6.647010e-01  0.000000e+00 -7.471095e-01
   outer loop
     vertex  1.295185e+02  6.000000e+00  1.966032e+01
     vertex  1.294724e+02  0.000000e+00  1.970136e+01
     vertex  1.294724e+02  6.000000e+00  1.970136e+01
   endloop
 endfacet
 facet normal -6.849470e-01 -0.000000e+00 -7.285929e-01
   outer loop
     vertex  1.295635e+02  6.000000e+00  1.961804e+01
     vertex  1.295635e+02  0.000000e+00  1.961804e+01
     vertex  1.295185e+02  6.000000e+00  1.966032e+01
   endloop
 endfacet
 facet normal -7.046775e-01 -0.000000e+00 -7.095278e-01
   outer loop
     vertex  1.296073e+02  6.000000e+00  1.957454e+01
     vertex  1.296073e+02  0.000000e+00  1.957454e+01
     vertex  1.295635e+02  0.000000e+00  1.961804e+01
   endloop
 endfacet
 facet normal -7.238775e-01 -0.000000e+00 -6.899286e-01
   outer loop
     vertex  1.296073e+02  6.000000e+00  1.957454e+01
     vertex  1.296499e+02  0.000000e+00  1.952985e+01
     vertex  1.296073e+02  0.000000e+00  1.957454e+01
   endloop
 endfacet
 facet normal -7.046775e-01  0.000000e+00 -7.095278e-01
   outer loop
     vertex  1.296073e+02  6.000000e+00  1.957454e+01
     vertex  1.295635e+02  0.000000e+00  1.961804e+01
     vertex  1.295635e+02  6.000000e+00  1.961804e+01
   endloop
 endfacet
 facet normal -7.238775e-01 -0.000000e+00 -6.899286e-01
   outer loop
     vertex  1.296499e+02  6.000000e+00  1.952985e+01
     vertex  1.296499e+02  0.000000e+00  1.952985e+01
     vertex  1.296073e+02  6.000000e+00  1.957454e+01
   endloop
 endfacet
 facet normal -7.425325e-01 -0.000000e+00 -6.698100e-01
   outer loop
     vertex  1.296912e+02  6.000000e+00  1.948401e+01
     vertex  1.296912e+02  0.000000e+00  1.948401e+01
     vertex  1.296499e+02  0.000000e+00  1.952985e+01
   endloop
 endfacet
 facet normal -7.425325e-01  0.000000e+00 -6.698100e-01
   outer loop
     vertex  1.296912e+02  6.000000e+00  1.948401e+01
     vertex  1.296499e+02  0.000000e+00  1.952985e+01
     vertex  1.296499e+02  6.000000e+00  1.952985e+01
   endloop
 endfacet
 facet normal -7.606287e-01 -0.000000e+00 -6.491872e-01
   outer loop
     vertex  1.297313e+02  6.000000e+00  1.943706e+01
     vertex  1.297313e+02  0.000000e+00  1.943706e+01
     vertex  1.296912e+02  0.000000e+00  1.948401e+01
   endloop
 endfacet
 facet normal -7.781522e-01 -0.000000e+00 -6.280757e-01
   outer loop
     vertex  1.297313e+02  6.000000e+00  1.943706e+01
     vertex  1.297701e+02  0.000000e+00  1.938902e+01
     vertex  1.297313e+02  0.000000e+00  1.943706e+01
   endloop
 endfacet
 facet normal -7.606287e-01  0.000000e+00 -6.491872e-01
   outer loop
     vertex  1.297313e+02  6.000000e+00  1.943706e+01
     vertex  1.296912e+02  0.000000e+00  1.948401e+01
     vertex  1.296912e+02  6.000000e+00  1.948401e+01
   endloop
 endfacet
 facet normal -7.950900e-01 -0.000000e+00 -6.064915e-01
   outer loop
     vertex  1.297701e+02  6.000000e+00  1.938902e+01
     vertex  1.298075e+02  0.000000e+00  1.933994e+01
     vertex  1.297701e+02  0.000000e+00  1.938902e+01
   endloop
 endfacet
 facet normal -7.781522e-01 -0.000000e+00 -6.280757e-01
   outer loop
     vertex  1.297701e+02  6.000000e+00  1.938902e+01
     vertex  1.297701e+02  0.000000e+00  1.938902e+01
     vertex  1.297313e+02  6.000000e+00  1.943706e+01
   endloop
 endfacet
 facet normal -7.950900e-01 -0.000000e+00 -6.064915e-01
   outer loop
     vertex  1.298075e+02  6.000000e+00  1.933994e+01
     vertex  1.298075e+02  0.000000e+00  1.933994e+01
     vertex  1.297701e+02  6.000000e+00  1.938902e+01
   endloop
 endfacet
 facet normal -8.114292e-01  0.000000e+00 -5.844507e-01
   outer loop
     vertex  1.298436e+02  6.000000e+00  1.928984e+01
     vertex  1.298075e+02  0.000000e+00  1.933994e+01
     vertex  1.298075e+02  6.000000e+00  1.933994e+01
   endloop
 endfacet
 facet normal -8.114292e-01 -0.000000e+00 -5.844507e-01
   outer loop
     vertex  1.298436e+02  6.000000e+00  1.928984e+01
     vertex  1.298436e+02  0.000000e+00  1.928984e+01
     vertex  1.298075e+02  0.000000e+00  1.933994e+01
   endloop
 endfacet
 facet normal -8.271577e-01 -0.000000e+00 -5.619699e-01
   outer loop
     vertex  1.298783e+02  6.000000e+00  1.923878e+01
     vertex  1.298783e+02  0.000000e+00  1.923878e+01
     vertex  1.298436e+02  0.000000e+00  1.928984e+01
   endloop
 endfacet
 facet normal -8.271577e-01  0.000000e+00 -5.619699e-01
   outer loop
     vertex  1.298783e+02  6.000000e+00  1.923878e+01
     vertex  1.298436e+02  0.000000e+00  1.928984e+01
     vertex  1.298436e+02  6.000000e+00  1.928984e+01
   endloop
 endfacet
 facet normal -8.422635e-01  0.000000e+00 -5.390661e-01
   outer loop
     vertex  1.299116e+02  6.000000e+00  1.918679e+01
     vertex  1.298783e+02  0.000000e+00  1.923878e+01
     vertex  1.298783e+02  6.000000e+00  1.923878e+01
   endloop
 endfacet
 facet normal -8.422635e-01 -0.000000e+00 -5.390661e-01
   outer loop
     vertex  1.299116e+02  6.000000e+00  1.918679e+01
     vertex  1.299116e+02  0.000000e+00  1.918679e+01
     vertex  1.298783e+02  0.000000e+00  1.923878e+01
   endloop
 endfacet
 facet normal -8.567352e-01  0.000000e+00 -5.157565e-01
   outer loop
     vertex  1.299434e+02  6.000000e+00  1.913390e+01
     vertex  1.299116e+02  0.000000e+00  1.918679e+01
     vertex  1.299116e+02  6.000000e+00  1.918679e+01
   endloop
 endfacet
 facet normal -8.567352e-01 -0.000000e+00 -5.157565e-01
   outer loop
     vertex  1.299434e+02  6.000000e+00  1.913390e+01
     vertex  1.299434e+02  0.000000e+00  1.913390e+01
     vertex  1.299116e+02  0.000000e+00  1.918679e+01
   endloop
 endfacet
 facet normal -8.705620e-01  0.000000e+00 -4.920587e-01
   outer loop
     vertex  1.299738e+02  6.000000e+00  1.908016e+01
     vertex  1.299434e+02  0.000000e+00  1.913390e+01
     vertex  1.299434e+02  6.000000e+00  1.913390e+01
   endloop
 endfacet
 facet normal -8.705620e-01 -0.000000e+00 -4.920587e-01
   outer loop
     vertex  1.299738e+02  6.000000e+00  1.908016e+01
     vertex  1.299738e+02  0.000000e+00  1.908016e+01
     vertex  1.299434e+02  0.000000e+00  1.913390e+01
   endloop
 endfacet
 facet normal -8.837335e-01  0.000000e+00 -4.679904e-01
   outer loop
     vertex  1.300027e+02  6.000000e+00  1.902560e+01
     vertex  1.299738e+02  0.000000e+00  1.908016e+01
     vertex  1.299738e+02  6.000000e+00  1.908016e+01
   endloop
 endfacet
 facet normal -8.837335e-01 -0.000000e+00 -4.679904e-01
   outer loop
     vertex  1.300027e+02  6.000000e+00  1.902560e+01
     vertex  1.300027e+02  0.000000e+00  1.902560e+01
     vertex  1.299738e+02  0.000000e+00  1.908016e+01
   endloop
 endfacet
 facet normal -8.962398e-01  0.000000e+00 -4.435699e-01
   outer loop
     vertex  1.300300e+02  6.000000e+00  1.897027e+01
     vertex  1.300027e+02  0.000000e+00  1.902560e+01
     vertex  1.300027e+02  6.000000e+00  1.902560e+01
   endloop
 endfacet
 facet normal -8.962398e-01 -0.000000e+00 -4.435699e-01
   outer loop
     vertex  1.300300e+02  6.000000e+00  1.897027e+01
     vertex  1.300300e+02  0.000000e+00  1.897027e+01
     vertex  1.300027e+02  0.000000e+00  1.902560e+01
   endloop
 endfacet
 facet normal -9.080714e-01  0.000000e+00 -4.188155e-01
   outer loop
     vertex  1.300559e+02  6.000000e+00  1.891422e+01
     vertex  1.300300e+02  0.000000e+00  1.897027e+01
     vertex  1.300300e+02  6.000000e+00  1.897027e+01
   endloop
 endfacet
 facet normal -9.080714e-01 -0.000000e+00 -4.188155e-01
   outer loop
     vertex  1.300559e+02  6.000000e+00  1.891422e+01
     vertex  1.300559e+02  0.000000e+00  1.891422e+01
     vertex  1.300300e+02  0.000000e+00  1.897027e+01
   endloop
 endfacet
 facet normal -9.192194e-01  0.000000e+00 -3.937458e-01
   outer loop
     vertex  1.300802e+02  6.000000e+00  1.885747e+01
     vertex  1.300559e+02  0.000000e+00  1.891422e+01
     vertex  1.300559e+02  6.000000e+00  1.891422e+01
   endloop
 endfacet
 facet normal -9.192194e-01 -0.000000e+00 -3.937458e-01
   outer loop
     vertex  1.300802e+02  6.000000e+00  1.885747e+01
     vertex  1.300802e+02  0.000000e+00  1.885747e+01
     vertex  1.300559e+02  0.000000e+00  1.891422e+01
   endloop
 endfacet
 facet normal -9.296754e-01  0.000000e+00 -3.683796e-01
   outer loop
     vertex  1.301029e+02  6.000000e+00  1.880008e+01
     vertex  1.300802e+02  0.000000e+00  1.885747e+01
     vertex  1.300802e+02  6.000000e+00  1.885747e+01
   endloop
 endfacet
 facet normal -9.296754e-01 -0.000000e+00 -3.683796e-01
   outer loop
     vertex  1.301029e+02  6.000000e+00  1.880008e+01
     vertex  1.301029e+02  0.000000e+00  1.880008e+01
     vertex  1.300802e+02  0.000000e+00  1.885747e+01
   endloop
 endfacet
 facet normal -9.394317e-01 -0.000000e+00 -3.427362e-01
   outer loop
     vertex  1.301029e+02  6.000000e+00  1.880008e+01
     vertex  1.301241e+02  0.000000e+00  1.874209e+01
     vertex  1.301029e+02  0.000000e+00  1.880008e+01
   endloop
 endfacet
 facet normal -9.394317e-01 -0.000000e+00 -3.427362e-01
   outer loop
     vertex  1.301241e+02  6.000000e+00  1.874209e+01
     vertex  1.301241e+02  0.000000e+00  1.874209e+01
     vertex  1.301029e+02  6.000000e+00  1.880008e+01
   endloop
 endfacet
 facet normal -9.484807e-01  0.000000e+00 -3.168348e-01
   outer loop
     vertex  1.301437e+02  6.000000e+00  1.868354e+01
     vertex  1.301241e+02  0.000000e+00  1.874209e+01
     vertex  1.301241e+02  6.000000e+00  1.874209e+01
   endloop
 endfacet
 facet normal -9.484807e-01 -0.000000e+00 -3.168348e-01
   outer loop
     vertex  1.301437e+02  6.000000e+00  1.868354e+01
     vertex  1.301437e+02  0.000000e+00  1.868354e+01
     vertex  1.301241e+02  0.000000e+00  1.874209e+01
   endloop
 endfacet
 facet normal -9.568158e-01  0.000000e+00 -2.906949e-01
   outer loop
     vertex  1.301616e+02  6.000000e+00  1.862447e+01
     vertex  1.301437e+02  0.000000e+00  1.868354e+01
     vertex  1.301437e+02  6.000000e+00  1.868354e+01
   endloop
 endfacet
 facet normal -9.568158e-01 -0.000000e+00 -2.906949e-01
   outer loop
     vertex  1.301616e+02  6.000000e+00  1.862447e+01
     vertex  1.301616e+02  0.000000e+00  1.862447e+01
     vertex  1.301437e+02  0.000000e+00  1.868354e+01
   endloop
 endfacet
 facet normal -9.644306e-01  0.000000e+00 -2.643362e-01
   outer loop
     vertex  1.301779e+02  6.000000e+00  1.856493e+01
     vertex  1.301616e+02  0.000000e+00  1.862447e+01
     vertex  1.301616e+02  6.000000e+00  1.862447e+01
   endloop
 endfacet
 facet normal -9.644306e-01 -0.000000e+00 -2.643362e-01
   outer loop
     vertex  1.301779e+02  6.000000e+00  1.856493e+01
     vertex  1.301779e+02  0.000000e+00  1.856493e+01
     vertex  1.301616e+02  0.000000e+00  1.862447e+01
   endloop
 endfacet
 facet normal -9.713194e-01  0.000000e+00 -2.377784e-01
   outer loop
     vertex  1.301926e+02  6.000000e+00  1.850497e+01
     vertex  1.301779e+02  0.000000e+00  1.856493e+01
     vertex  1.301779e+02  6.000000e+00  1.856493e+01
   endloop
 endfacet
 facet normal -9.713194e-01 -0.000000e+00 -2.377784e-01
   outer loop
     vertex  1.301926e+02  6.000000e+00  1.850497e+01
     vertex  1.301926e+02  0.000000e+00  1.850497e+01
     vertex  1.301779e+02  0.000000e+00  1.856493e+01
   endloop
 endfacet
 facet normal -9.774771e-01  0.000000e+00 -2.110417e-01
   outer loop
     vertex  1.302056e+02  6.000000e+00  1.844463e+01
     vertex  1.301926e+02  0.000000e+00  1.850497e+01
     vertex  1.301926e+02  6.000000e+00  1.850497e+01
   endloop
 endfacet
 facet normal -9.774771e-01 -0.000000e+00 -2.110417e-01
   outer loop
     vertex  1.302056e+02  6.000000e+00  1.844463e+01
     vertex  1.302056e+02  0.000000e+00  1.844463e+01
     vertex  1.301926e+02  0.000000e+00  1.850497e+01
   endloop
 endfacet
 facet normal -9.828989e-01  0.000000e+00 -1.841461e-01
   outer loop
     vertex  1.302170e+02  6.000000e+00  1.838395e+01
     vertex  1.302056e+02  0.000000e+00  1.844463e+01
     vertex  1.302056e+02  6.000000e+00  1.844463e+01
   endloop
 endfacet
 facet normal -9.828989e-01 -0.000000e+00 -1.841461e-01
   outer loop
     vertex  1.302170e+02  6.000000e+00  1.838395e+01
     vertex  1.302170e+02  0.000000e+00  1.838395e+01
     vertex  1.302056e+02  0.000000e+00  1.844463e+01
   endloop
 endfacet
 facet normal -9.875808e-01 -0.000000e+00 -1.571119e-01
   outer loop
     vertex  1.302170e+02  6.000000e+00  1.838395e+01
     vertex  1.302267e+02  0.000000e+00  1.832299e+01
     vertex  1.302170e+02  0.000000e+00  1.838395e+01
   endloop
 endfacet
 facet normal -9.875808e-01 -0.000000e+00 -1.571119e-01
   outer loop
     vertex  1.302267e+02  6.000000e+00  1.832299e+01
     vertex  1.302267e+02  0.000000e+00  1.832299e+01
     vertex  1.302170e+02  6.000000e+00  1.838395e+01
   endloop
 endfacet
 facet normal -9.915193e-01 -0.000000e+00 -1.299594e-01
   outer loop
     vertex  1.302267e+02  6.000000e+00  1.832299e+01
     vertex  1.302347e+02  0.000000e+00  1.826178e+01
     vertex  1.302267e+02  0.000000e+00  1.832299e+01
   endloop
 endfacet
 facet normal -9.915193e-01 -0.000000e+00 -1.299594e-01
   outer loop
     vertex  1.302347e+02  6.000000e+00  1.826178e+01
     vertex  1.302347e+02  0.000000e+00  1.826178e+01
     vertex  1.302267e+02  6.000000e+00  1.832299e+01
   endloop
 endfacet
 facet normal -9.947114e-01  0.000000e+00 -1.027091e-01
   outer loop
     vertex  1.302411e+02  6.000000e+00  1.820037e+01
     vertex  1.302347e+02  0.000000e+00  1.826178e+01
     vertex  1.302347e+02  6.000000e+00  1.826178e+01
   endloop
 endfacet
 facet normal -9.947114e-01 -0.000000e+00 -1.027091e-01
   outer loop
     vertex  1.302411e+02  6.000000e+00  1.820037e+01
     vertex  1.302411e+02  0.000000e+00  1.820037e+01
     vertex  1.302347e+02  0.000000e+00  1.826178e+01
   endloop
 endfacet
 facet normal -9.971548e-01  0.000000e+00 -7.538152e-02
   outer loop
     vertex  1.302457e+02  6.000000e+00  1.813881e+01
     vertex  1.302411e+02  0.000000e+00  1.820037e+01
     vertex  1.302411e+02  6.000000e+00  1.820037e+01
   endloop
 endfacet
 facet normal -9.971548e-01 -0.000000e+00 -7.538152e-02
   outer loop
     vertex  1.302457e+02  6.000000e+00  1.813881e+01
     vertex  1.302457e+02  0.000000e+00  1.813881e+01
     vertex  1.302411e+02  0.000000e+00  1.820037e+01
   endloop
 endfacet
 facet normal -9.988475e-01  0.000000e+00 -4.799716e-02
   outer loop
     vertex  1.302487e+02  6.000000e+00  1.807715e+01
     vertex  1.302457e+02  0.000000e+00  1.813881e+01
     vertex  1.302457e+02  6.000000e+00  1.813881e+01
   endloop
 endfacet
 facet normal -9.988475e-01 -0.000000e+00 -4.799716e-02
   outer loop
     vertex  1.302487e+02  6.000000e+00  1.807715e+01
     vertex  1.302487e+02  0.000000e+00  1.807715e+01
     vertex  1.302457e+02  0.000000e+00  1.813881e+01
   endloop
 endfacet
 facet normal -9.997883e-01 -0.000000e+00 -2.057667e-02
   outer loop
     vertex  1.302499e+02  6.000000e+00  1.801543e+01
     vertex  1.302499e+02  0.000000e+00  1.801543e+01
     vertex  1.302487e+02  0.000000e+00  1.807715e+01
   endloop
 endfacet
 facet normal -9.997883e-01  0.000000e+00 -2.057667e-02
   outer loop
     vertex  1.302499e+02  6.000000e+00  1.801543e+01
     vertex  1.302487e+02  0.000000e+00  1.807715e+01
     vertex  1.302487e+02  6.000000e+00  1.807715e+01
   endloop
 endfacet
 facet normal -9.999765e-01  0.000000e+00  6.859319e-03
   outer loop
     vertex  1.302499e+02  6.000000e+00  1.801543e+01
     vertex  1.302495e+02  0.000000e+00  1.795370e+01
     vertex  1.302499e+02  0.000000e+00  1.801543e+01
   endloop
 endfacet
 facet normal -9.999765e-01  0.000000e+00  6.859319e-03
   outer loop
     vertex  1.302495e+02  6.000000e+00  1.795370e+01
     vertex  1.302495e+02  0.000000e+00  1.795370e+01
     vertex  1.302499e+02  6.000000e+00  1.801543e+01
   endloop
 endfacet
 facet normal -9.994119e-01  0.000000e+00  3.429014e-02
   outer loop
     vertex  1.302474e+02  6.000000e+00  1.789201e+01
     vertex  1.302474e+02  0.000000e+00  1.789201e+01
     vertex  1.302495e+02  0.000000e+00  1.795370e+01
   endloop
 endfacet
 facet normal -9.994119e-01  0.000000e+00  3.429014e-02
   outer loop
     vertex  1.302474e+02  6.000000e+00  1.789201e+01
     vertex  1.302495e+02  0.000000e+00  1.795370e+01
     vertex  1.302495e+02  6.000000e+00  1.795370e+01
   endloop
 endfacet
 facet normal -9.980950e-01  0.000000e+00  6.169515e-02
   outer loop
     vertex  1.302436e+02  6.000000e+00  1.783039e+01
     vertex  1.302436e+02  0.000000e+00  1.783039e+01
     vertex  1.302474e+02  0.000000e+00  1.789201e+01
   endloop
 endfacet
 facet normal -9.960268e-01  0.000000e+00  8.905371e-02
   outer loop
     vertex  1.302436e+02  6.000000e+00  1.783039e+01
     vertex  1.302381e+02  0.000000e+00  1.776890e+01
     vertex  1.302436e+02  0.000000e+00  1.783039e+01
   endloop
 endfacet
 facet normal -9.980950e-01  0.000000e+00  6.169515e-02
   outer loop
     vertex  1.302436e+02  6.000000e+00  1.783039e+01
     vertex  1.302474e+02  0.000000e+00  1.789201e+01
     vertex  1.302474e+02  6.000000e+00  1.789201e+01
   endloop
 endfacet
 facet normal -9.960268e-01  0.000000e+00  8.905371e-02
   outer loop
     vertex  1.302381e+02  6.000000e+00  1.776890e+01
     vertex  1.302381e+02  0.000000e+00  1.776890e+01
     vertex  1.302436e+02  6.000000e+00  1.783039e+01
   endloop
 endfacet
 facet normal -9.932088e-01  0.000000e+00  1.163452e-01
   outer loop
     vertex  1.302309e+02  6.000000e+00  1.770759e+01
     vertex  1.302381e+02  0.000000e+00  1.776890e+01
     vertex  1.302381e+02  6.000000e+00  1.776890e+01
   endloop
 endfacet
 facet normal -9.932088e-01  0.000000e+00  1.163452e-01
   outer loop
     vertex  1.302309e+02  6.000000e+00  1.770759e+01
     vertex  1.302309e+02  0.000000e+00  1.770759e+01
     vertex  1.302381e+02  0.000000e+00  1.776890e+01
   endloop
 endfacet
 facet normal -9.896432e-01  0.000000e+00  1.435492e-01
   outer loop
     vertex  1.302221e+02  6.000000e+00  1.764650e+01
     vertex  1.302309e+02  0.000000e+00  1.770759e+01
     vertex  1.302309e+02  6.000000e+00  1.770759e+01
   endloop
 endfacet
 facet normal -9.896432e-01  0.000000e+00  1.435492e-01
   outer loop
     vertex  1.302221e+02  6.000000e+00  1.764650e+01
     vertex  1.302221e+02  0.000000e+00  1.764650e+01
     vertex  1.302309e+02  0.000000e+00  1.770759e+01
   endloop
 endfacet
 facet normal -9.853326e-01  0.000000e+00  1.706451e-01
   outer loop
     vertex  1.302221e+02  6.000000e+00  1.764650e+01
     vertex  1.302115e+02  0.000000e+00  1.758567e+01
     vertex  1.302221e+02  0.000000e+00  1.764650e+01
   endloop
 endfacet
 facet normal -9.853326e-01  0.000000e+00  1.706451e-01
   outer loop
     vertex  1.302115e+02  6.000000e+00  1.758567e+01
     vertex  1.302115e+02  0.000000e+00  1.758567e+01
     vertex  1.302221e+02  6.000000e+00  1.764650e+01
   endloop
 endfacet
 facet normal -9.802802e-01  0.000000e+00  1.976125e-01
   outer loop
     vertex  1.301993e+02  6.000000e+00  1.752516e+01
     vertex  1.302115e+02  0.000000e+00  1.758567e+01
     vertex  1.302115e+02  6.000000e+00  1.758567e+01
   endloop
 endfacet
 facet normal -9.802802e-01  0.000000e+00  1.976125e-01
   outer loop
     vertex  1.301993e+02  6.000000e+00  1.752516e+01
     vertex  1.301993e+02  0.000000e+00  1.752516e+01
     vertex  1.302115e+02  0.000000e+00  1.758567e+01
   endloop
 endfacet
 facet normal -9.744899e-01  0.000000e+00  2.244312e-01
   outer loop
     vertex  1.301855e+02  6.000000e+00  1.746500e+01
     vertex  1.301993e+02  0.000000e+00  1.752516e+01
     vertex  1.301993e+02  6.000000e+00  1.752516e+01
   endloop
 endfacet
 facet normal -9.744899e-01  0.000000e+00  2.244312e-01
   outer loop
     vertex  1.301855e+02  6.000000e+00  1.746500e+01
     vertex  1.301855e+02  0.000000e+00  1.746500e+01
     vertex  1.301993e+02  0.000000e+00  1.752516e+01
   endloop
 endfacet
 facet normal -9.679661e-01  0.000000e+00  2.510809e-01
   outer loop
     vertex  1.301855e+02  6.000000e+00  1.746500e+01
     vertex  1.301700e+02  0.000000e+00  1.740524e+01
     vertex  1.301855e+02  0.000000e+00  1.746500e+01
   endloop
 endfacet
 facet normal -9.679661e-01  0.000000e+00  2.510809e-01
   outer loop
     vertex  1.301700e+02  6.000000e+00  1.740524e+01
     vertex  1.301700e+02  0.000000e+00  1.740524e+01
     vertex  1.301855e+02  6.000000e+00  1.746500e+01
   endloop
 endfacet
 facet normal -9.607136e-01  0.000000e+00  2.775416e-01
   outer loop
     vertex  1.301528e+02  6.000000e+00  1.734594e+01
     vertex  1.301700e+02  0.000000e+00  1.740524e+01
     vertex  1.301700e+02  6.000000e+00  1.740524e+01
   endloop
 endfacet
 facet normal -9.607136e-01  0.000000e+00  2.775416e-01
   outer loop
     vertex  1.301528e+02  6.000000e+00  1.734594e+01
     vertex  1.301528e+02  0.000000e+00  1.734594e+01
     vertex  1.301700e+02  0.000000e+00  1.740524e+01
   endloop
 endfacet
 facet normal -9.527379e-01  0.000000e+00  3.037934e-01
   outer loop
     vertex  1.301341e+02  6.000000e+00  1.728712e+01
     vertex  1.301528e+02  0.000000e+00  1.734594e+01
     vertex  1.301528e+02  6.000000e+00  1.734594e+01
   endloop
 endfacet
 facet normal -9.527379e-01  0.000000e+00  3.037934e-01
   outer loop
     vertex  1.301341e+02  6.000000e+00  1.728712e+01
     vertex  1.301341e+02  0.000000e+00  1.728712e+01
     vertex  1.301528e+02  0.000000e+00  1.734594e+01
   endloop
 endfacet
 facet normal -9.440450e-01  0.000000e+00  3.298166e-01
   outer loop
     vertex  1.301137e+02  6.000000e+00  1.722884e+01
     vertex  1.301341e+02  0.000000e+00  1.728712e+01
     vertex  1.301341e+02  6.000000e+00  1.728712e+01
   endloop
 endfacet
 facet normal -9.440450e-01  0.000000e+00  3.298166e-01
   outer loop
     vertex  1.301137e+02  6.000000e+00  1.722884e+01
     vertex  1.301137e+02  0.000000e+00  1.722884e+01
     vertex  1.301341e+02  0.000000e+00  1.728712e+01
   endloop
 endfacet
 facet normal -9.346415e-01  0.000000e+00  3.555914e-01
   outer loop
     vertex  1.301137e+02  6.000000e+00  1.722884e+01
     vertex  1.300918e+02  0.000000e+00  1.717115e+01
     vertex  1.301137e+02  0.000000e+00  1.722884e+01
   endloop
 endfacet
 facet normal -9.346415e-01  0.000000e+00  3.555914e-01
   outer loop
     vertex  1.300918e+02  6.000000e+00  1.717115e+01
     vertex  1.300918e+02  0.000000e+00  1.717115e+01
     vertex  1.301137e+02  6.000000e+00  1.722884e+01
   endloop
 endfacet
 facet normal -9.137314e-01  0.000000e+00  4.063188e-01
   outer loop
     vertex  1.300682e+02  6.000000e+00  1.711407e+01
     vertex  1.300432e+02  0.000000e+00  1.705767e+01
     vertex  1.300682e+02  0.000000e+00  1.711407e+01
   endloop
 endfacet
 facet normal -9.245344e-01  0.000000e+00  3.810986e-01
   outer loop
     vertex  1.300682e+02  6.000000e+00  1.711407e+01
     vertex  1.300918e+02  0.000000e+00  1.717115e+01
     vertex  1.300918e+02  6.000000e+00  1.717115e+01
   endloop
 endfacet
 facet normal -9.245344e-01  0.000000e+00  3.810986e-01
   outer loop
     vertex  1.300682e+02  6.000000e+00  1.711407e+01
     vertex  1.300682e+02  0.000000e+00  1.711407e+01
     vertex  1.300918e+02  0.000000e+00  1.717115e+01
   endloop
 endfacet
 facet normal -9.137314e-01  0.000000e+00  4.063188e-01
   outer loop
     vertex  1.300432e+02  6.000000e+00  1.705767e+01
     vertex  1.300432e+02  0.000000e+00  1.705767e+01
     vertex  1.300682e+02  6.000000e+00  1.711407e+01
   endloop
 endfacet
 facet normal -9.022405e-01  0.000000e+00  4.312333e-01
   outer loop
     vertex  1.300165e+02  6.000000e+00  1.700197e+01
     vertex  1.300165e+02  0.000000e+00  1.700197e+01
     vertex  1.300432e+02  0.000000e+00  1.705767e+01
   endloop
 endfacet
 facet normal -9.022405e-01  0.000000e+00  4.312333e-01
   outer loop
     vertex  1.300165e+02  6.000000e+00  1.700197e+01
     vertex  1.300432e+02  0.000000e+00  1.705767e+01
     vertex  1.300432e+02  6.000000e+00  1.705767e+01
   endloop
 endfacet
 facet normal -8.900704e-01  0.000000e+00  4.558231e-01
   outer loop
     vertex  1.299884e+02  6.000000e+00  1.694702e+01
     vertex  1.299884e+02  0.000000e+00  1.694702e+01
     vertex  1.300165e+02  0.000000e+00  1.700197e+01
   endloop
 endfacet
 facet normal -8.772303e-01  0.000000e+00  4.800697e-01
   outer loop
     vertex  1.299884e+02  6.000000e+00  1.694702e+01
     vertex  1.299588e+02  0.000000e+00  1.689287e+01
     vertex  1.299884e+02  0.000000e+00  1.694702e+01
   endloop
 endfacet
 facet normal -8.900704e-01  0.000000e+00  4.558231e-01
   outer loop
     vertex  1.299884e+02  6.000000e+00  1.694702e+01
     vertex  1.300165e+02  0.000000e+00  1.700197e+01
     vertex  1.300165e+02  6.000000e+00  1.700197e+01
   endloop
 endfacet
 facet normal -8.772303e-01  0.000000e+00  4.800697e-01
   outer loop
     vertex  1.299588e+02  6.000000e+00  1.689287e+01
     vertex  1.299588e+02  0.000000e+00  1.689287e+01
     vertex  1.299884e+02  6.000000e+00  1.694702e+01
   endloop
 endfacet
 facet normal -8.637299e-01  0.000000e+00  5.039550e-01
   outer loop
     vertex  1.299277e+02  6.000000e+00  1.683955e+01
     vertex  1.299277e+02  0.000000e+00  1.683955e+01
     vertex  1.299588e+02  0.000000e+00  1.689287e+01
   endloop
 endfacet
 facet normal -8.637299e-01  0.000000e+00  5.039550e-01
   outer loop
     vertex  1.299277e+02  6.000000e+00  1.683955e+01
     vertex  1.299588e+02  0.000000e+00  1.689287e+01
     vertex  1.299588e+02  6.000000e+00  1.689287e+01
   endloop
 endfacet
 facet normal -8.495793e-01  0.000000e+00  5.274609e-01
   outer loop
     vertex  1.298951e+02  6.000000e+00  1.678710e+01
     vertex  1.298951e+02  0.000000e+00  1.678710e+01
     vertex  1.299277e+02  0.000000e+00  1.683955e+01
   endloop
 endfacet
 facet normal -8.347891e-01  0.000000e+00  5.505698e-01
   outer loop
     vertex  1.298951e+02  6.000000e+00  1.678710e+01
     vertex  1.298611e+02  0.000000e+00  1.673557e+01
     vertex  1.298951e+02  0.000000e+00  1.678710e+01
   endloop
 endfacet
 facet normal -8.495793e-01  0.000000e+00  5.274609e-01
   outer loop
     vertex  1.298951e+02  6.000000e+00  1.678710e+01
     vertex  1.299277e+02  0.000000e+00  1.683955e+01
     vertex  1.299277e+02  6.000000e+00  1.683955e+01
   endloop
 endfacet
 facet normal -8.347891e-01  0.000000e+00  5.505698e-01
   outer loop
     vertex  1.298611e+02  6.000000e+00  1.673557e+01
     vertex  1.298611e+02  0.000000e+00  1.673557e+01
     vertex  1.298951e+02  6.000000e+00  1.678710e+01
   endloop
 endfacet
 facet normal -8.193706e-01  0.000000e+00  5.732642e-01
   outer loop
     vertex  1.298257e+02  6.000000e+00  1.668499e+01
     vertex  1.298257e+02  0.000000e+00  1.668499e+01
     vertex  1.298611e+02  0.000000e+00  1.673557e+01
   endloop
 endfacet
 facet normal -8.193706e-01  0.000000e+00  5.732642e-01
   outer loop
     vertex  1.298257e+02  6.000000e+00  1.668499e+01
     vertex  1.298611e+02  0.000000e+00  1.673557e+01
     vertex  1.298611e+02  6.000000e+00  1.673557e+01
   endloop
 endfacet
 facet normal -8.033352e-01  0.000000e+00  5.955271e-01
   outer loop
     vertex  1.297890e+02  6.000000e+00  1.663539e+01
     vertex  1.297890e+02  0.000000e+00  1.663539e+01
     vertex  1.298257e+02  0.000000e+00  1.668499e+01
   endloop
 endfacet
 facet normal -7.866951e-01  0.000000e+00  6.173417e-01
   outer loop
     vertex  1.297890e+02  6.000000e+00  1.663539e+01
     vertex  1.297508e+02  0.000000e+00  1.658683e+01
     vertex  1.297890e+02  0.000000e+00  1.663539e+01
   endloop
 endfacet
 facet normal -8.033352e-01  0.000000e+00  5.955271e-01
   outer loop
     vertex  1.297890e+02  6.000000e+00  1.663539e+01
     vertex  1.298257e+02  0.000000e+00  1.668499e+01
     vertex  1.298257e+02  6.000000e+00  1.668499e+01
   endloop
 endfacet
 facet normal -7.866951e-01  0.000000e+00  6.173417e-01
   outer loop
     vertex  1.297508e+02  6.000000e+00  1.658683e+01
     vertex  1.297508e+02  0.000000e+00  1.658683e+01
     vertex  1.297890e+02  6.000000e+00  1.663539e+01
   endloop
 endfacet
 facet normal -7.694628e-01  0.000000e+00  6.386916e-01
   outer loop
     vertex  1.297114e+02  6.000000e+00  1.653933e+01
     vertex  1.297114e+02  0.000000e+00  1.653933e+01
     vertex  1.297508e+02  0.000000e+00  1.658683e+01
   endloop
 endfacet
 facet normal -7.694628e-01  0.000000e+00  6.386916e-01
   outer loop
     vertex  1.297114e+02  6.000000e+00  1.653933e+01
     vertex  1.297508e+02  0.000000e+00  1.658683e+01
     vertex  1.297508e+02  6.000000e+00  1.658683e+01
   endloop
 endfacet
 facet normal -7.516513e-01  0.000000e+00  6.595607e-01
   outer loop
     vertex  1.296707e+02  6.000000e+00  1.649293e+01
     vertex  1.296707e+02  0.000000e+00  1.649293e+01
     vertex  1.297114e+02  0.000000e+00  1.653933e+01
   endloop
 endfacet
 facet normal -7.516513e-01  0.000000e+00  6.595607e-01
   outer loop
     vertex  1.296707e+02  6.000000e+00  1.649293e+01
     vertex  1.297114e+02  0.000000e+00  1.653933e+01
     vertex  1.297114e+02  6.000000e+00  1.653933e+01
   endloop
 endfacet
 facet normal -7.332740e-01  0.000000e+00  6.799333e-01
   outer loop
     vertex  1.296287e+02  6.000000e+00  1.644766e+01
     vertex  1.296287e+02  0.000000e+00  1.644766e+01
     vertex  1.296707e+02  0.000000e+00  1.649293e+01
   endloop
 endfacet
 facet normal -7.143447e-01  0.000000e+00  6.997940e-01
   outer loop
     vertex  1.296287e+02  6.000000e+00  1.644766e+01
     vertex  1.295855e+02  0.000000e+00  1.640356e+01
     vertex  1.296287e+02  0.000000e+00  1.644766e+01
   endloop
 endfacet
 facet normal -7.332740e-01  0.000000e+00  6.799333e-01
   outer loop
     vertex  1.296287e+02  6.000000e+00  1.644766e+01
     vertex  1.296707e+02  0.000000e+00  1.649293e+01
     vertex  1.296707e+02  6.000000e+00  1.649293e+01
   endloop
 endfacet
 facet normal -7.143447e-01  0.000000e+00  6.997940e-01
   outer loop
     vertex  1.295855e+02  6.000000e+00  1.640356e+01
     vertex  1.295855e+02  0.000000e+00  1.640356e+01
     vertex  1.296287e+02  6.000000e+00  1.644766e+01
   endloop
 endfacet
 facet normal -6.948776e-01  0.000000e+00  7.191280e-01
   outer loop
     vertex  1.295855e+02  6.000000e+00  1.640356e+01
     vertex  1.295411e+02  0.000000e+00  1.636067e+01
     vertex  1.295855e+02  0.000000e+00  1.640356e+01
   endloop
 endfacet
 facet normal -6.948776e-01  0.000000e+00  7.191280e-01
   outer loop
     vertex  1.295411e+02  6.000000e+00  1.636067e+01
     vertex  1.295411e+02  0.000000e+00  1.636067e+01
     vertex  1.295855e+02  6.000000e+00  1.640356e+01
   endloop
 endfacet
 facet normal -6.748875e-01  0.000000e+00  7.379206e-01
   outer loop
     vertex  1.295411e+02  6.000000e+00  1.636067e+01
     vertex  1.294956e+02  0.000000e+00  1.631900e+01
     vertex  1.295411e+02  0.000000e+00  1.636067e+01
   endloop
 endfacet
 facet normal -6.748875e-01  0.000000e+00  7.379206e-01
   outer loop
     vertex  1.294956e+02  6.000000e+00  1.631900e+01
     vertex  1.294956e+02  0.000000e+00  1.631900e+01
     vertex  1.295411e+02  6.000000e+00  1.636067e+01
   endloop
 endfacet
 facet normal -6.543893e-01  0.000000e+00  7.561578e-01
   outer loop
     vertex  1.294489e+02  6.000000e+00  1.627861e+01
     vertex  1.294956e+02  0.000000e+00  1.631900e+01
     vertex  1.294956e+02  6.000000e+00  1.631900e+01
   endloop
 endfacet
 facet normal -6.543893e-01  0.000000e+00  7.561578e-01
   outer loop
     vertex  1.294489e+02  6.000000e+00  1.627861e+01
     vertex  1.294489e+02  0.000000e+00  1.627861e+01
     vertex  1.294956e+02  0.000000e+00  1.631900e+01
   endloop
 endfacet
 facet normal -6.333986e-01  0.000000e+00  7.738257e-01
   outer loop
     vertex  1.294489e+02  6.000000e+00  1.627861e+01
     vertex  1.294011e+02  0.000000e+00  1.623951e+01
     vertex  1.294489e+02  0.000000e+00  1.627861e+01
   endloop
 endfacet
 facet normal -6.333986e-01  0.000000e+00  7.738257e-01
   outer loop
     vertex  1.294011e+02  6.000000e+00  1.623951e+01
     vertex  1.294011e+02  0.000000e+00  1.623951e+01
     vertex  1.294489e+02  6.000000e+00  1.627861e+01
   endloop
 endfacet
 facet normal -6.119310e-01  0.000000e+00  7.909112e-01
   outer loop
     vertex  1.293523e+02  6.000000e+00  1.620173e+01
     vertex  1.293523e+02  0.000000e+00  1.620173e+01
     vertex  1.294011e+02  0.000000e+00  1.623951e+01
   endloop
 endfacet
 facet normal -6.119310e-01  0.000000e+00  7.909112e-01
   outer loop
     vertex  1.293523e+02  6.000000e+00  1.620173e+01
     vertex  1.294011e+02  0.000000e+00  1.623951e+01
     vertex  1.294011e+02  6.000000e+00  1.623951e+01
   endloop
 endfacet
 facet normal -5.900028e-01  0.000000e+00  8.074012e-01
   outer loop
     vertex  1.293025e+02  6.000000e+00  1.616531e+01
     vertex  1.293523e+02  0.000000e+00  1.620173e+01
     vertex  1.293523e+02  6.000000e+00  1.620173e+01
   endloop
 endfacet
 facet normal -5.900028e-01  0.000000e+00  8.074012e-01
   outer loop
     vertex  1.293025e+02  6.000000e+00  1.616531e+01
     vertex  1.293025e+02  0.000000e+00  1.616531e+01
     vertex  1.293523e+02  0.000000e+00  1.620173e+01
   endloop
 endfacet
 facet normal -5.676304e-01  0.000000e+00  8.232835e-01
   outer loop
     vertex  1.293025e+02  6.000000e+00  1.616531e+01
     vertex  1.292516e+02  0.000000e+00  1.613027e+01
     vertex  1.293025e+02  0.000000e+00  1.616531e+01
   endloop
 endfacet
 facet normal -5.448308e-01  0.000000e+00  8.385460e-01
   outer loop
     vertex  1.292516e+02  6.000000e+00  1.613027e+01
     vertex  1.291999e+02  0.000000e+00  1.609663e+01
     vertex  1.292516e+02  0.000000e+00  1.613027e+01
   endloop
 endfacet
 facet normal -5.676304e-01  0.000000e+00  8.232835e-01
   outer loop
     vertex  1.292516e+02  6.000000e+00  1.613027e+01
     vertex  1.292516e+02  0.000000e+00  1.613027e+01
     vertex  1.293025e+02  6.000000e+00  1.616531e+01
   endloop
 endfacet
 facet normal -5.448308e-01  0.000000e+00  8.385460e-01
   outer loop
     vertex  1.291999e+02  6.000000e+00  1.609663e+01
     vertex  1.291999e+02  0.000000e+00  1.609663e+01
     vertex  1.292516e+02  6.000000e+00  1.613027e+01
   endloop
 endfacet
 facet normal -5.216210e-01  0.000000e+00  8.531773e-01
   outer loop
     vertex  1.291472e+02  6.000000e+00  1.606443e+01
     vertex  1.291472e+02  0.000000e+00  1.606443e+01
     vertex  1.291999e+02  0.000000e+00  1.609663e+01
   endloop
 endfacet
 facet normal -4.980186e-01  0.000000e+00  8.671664e-01
   outer loop
     vertex  1.291472e+02  6.000000e+00  1.606443e+01
     vertex  1.290937e+02  0.000000e+00  1.603369e+01
     vertex  1.291472e+02  0.000000e+00  1.606443e+01
   endloop
 endfacet
 facet normal -5.216210e-01  0.000000e+00  8.531773e-01
   outer loop
     vertex  1.291472e+02  6.000000e+00  1.606443e+01
     vertex  1.291999e+02  0.000000e+00  1.609663e+01
     vertex  1.291999e+02  6.000000e+00  1.609663e+01
   endloop
 endfacet
 facet normal -4.980186e-01  0.000000e+00  8.671664e-01
   outer loop
     vertex  1.290937e+02  6.000000e+00  1.603369e+01
     vertex  1.290937e+02  0.000000e+00  1.603369e+01
     vertex  1.291472e+02  6.000000e+00  1.606443e+01
   endloop
 endfacet
 facet normal -4.740412e-01  0.000000e+00  8.805026e-01
   outer loop
     vertex  1.290393e+02  6.000000e+00  1.600442e+01
     vertex  1.290393e+02  0.000000e+00  1.600442e+01
     vertex  1.290937e+02  0.000000e+00  1.603369e+01
   endloop
 endfacet
 facet normal -4.740412e-01  0.000000e+00  8.805026e-01
   outer loop
     vertex  1.290393e+02  6.000000e+00  1.600442e+01
     vertex  1.290937e+02  0.000000e+00  1.603369e+01
     vertex  1.290937e+02  6.000000e+00  1.603369e+01
   endloop
 endfacet
 facet normal -4.497071e-01  0.000000e+00  8.931761e-01
   outer loop
     vertex  1.289842e+02  6.000000e+00  1.597666e+01
     vertex  1.289842e+02  0.000000e+00  1.597666e+01
     vertex  1.290393e+02  0.000000e+00  1.600442e+01
   endloop
 endfacet
 facet normal -4.250344e-01  0.000000e+00  9.051772e-01
   outer loop
     vertex  1.289842e+02  6.000000e+00  1.597666e+01
     vertex  1.289283e+02  0.000000e+00  1.595042e+01
     vertex  1.289842e+02  0.000000e+00  1.597666e+01
   endloop
 endfacet
 facet normal -4.497071e-01  0.000000e+00  8.931761e-01
   outer loop
     vertex  1.289842e+02  6.000000e+00  1.597666e+01
     vertex  1.290393e+02  0.000000e+00  1.600442e+01
     vertex  1.290393e+02  6.000000e+00  1.600442e+01
   endloop
 endfacet
 facet normal -4.250344e-01  0.000000e+00  9.051772e-01
   outer loop
     vertex  1.289283e+02  6.000000e+00  1.595042e+01
     vertex  1.289283e+02  0.000000e+00  1.595042e+01
     vertex  1.289842e+02  6.000000e+00  1.597666e+01
   endloop
 endfacet
 facet normal -4.000417e-01  0.000000e+00  9.164969e-01
   outer loop
     vertex  1.288717e+02  6.000000e+00  1.592573e+01
     vertex  1.288717e+02  0.000000e+00  1.592573e+01
     vertex  1.289283e+02  0.000000e+00  1.595042e+01
   endloop
 endfacet
 facet normal -4.000417e-01  0.000000e+00  9.164969e-01
   outer loop
     vertex  1.288717e+02  6.000000e+00  1.592573e+01
     vertex  1.289283e+02  0.000000e+00  1.595042e+01
     vertex  1.289283e+02  6.000000e+00  1.595042e+01
   endloop
 endfacet
 facet normal -3.747479e-01  0.000000e+00  9.271267e-01
   outer loop
     vertex  1.288145e+02  6.000000e+00  1.590259e+01
     vertex  1.288145e+02  0.000000e+00  1.590259e+01
     vertex  1.288717e+02  0.000000e+00  1.592573e+01
   endloop
 endfacet
 facet normal -3.491720e-01  0.000000e+00  9.370586e-01
   outer loop
     vertex  1.288145e+02  6.000000e+00  1.590259e+01
     vertex  1.287566e+02  0.000000e+00  1.588104e+01
     vertex  1.288145e+02  0.000000e+00  1.590259e+01
   endloop
 endfacet
 facet normal -3.747479e-01  0.000000e+00  9.271267e-01
   outer loop
     vertex  1.288145e+02  6.000000e+00  1.590259e+01
     vertex  1.288717e+02  0.000000e+00  1.592573e+01
     vertex  1.288717e+02  6.000000e+00  1.592573e+01
   endloop
 endfacet
 facet normal -3.491720e-01  0.000000e+00  9.370586e-01
   outer loop
     vertex  1.287566e+02  6.000000e+00  1.588104e+01
     vertex  1.287566e+02  0.000000e+00  1.588104e+01
     vertex  1.288145e+02  6.000000e+00  1.590259e+01
   endloop
 endfacet
 facet normal -3.233333e-01  0.000000e+00  9.462851e-01
   outer loop
     vertex  1.286982e+02  6.000000e+00  1.586108e+01
     vertex  1.286982e+02  0.000000e+00  1.586108e+01
     vertex  1.287566e+02  0.000000e+00  1.588104e+01
   endloop
 endfacet
 facet normal -3.233333e-01  0.000000e+00  9.462851e-01
   outer loop
     vertex  1.286982e+02  6.000000e+00  1.586108e+01
     vertex  1.287566e+02  0.000000e+00  1.588104e+01
     vertex  1.287566e+02  6.000000e+00  1.588104e+01
   endloop
 endfacet
 facet normal -2.972512e-01  0.000000e+00  9.547993e-01
   outer loop
     vertex  1.286393e+02  6.000000e+00  1.584273e+01
     vertex  1.286393e+02  0.000000e+00  1.584273e+01
     vertex  1.286982e+02  0.000000e+00  1.586108e+01
   endloop
 endfacet
 facet normal -2.709453e-01  0.000000e+00  9.625948e-01
   outer loop
     vertex  1.286393e+02  6.000000e+00  1.584273e+01
     vertex  1.285799e+02  0.000000e+00  1.582600e+01
     vertex  1.286393e+02  0.000000e+00  1.584273e+01
   endloop
 endfacet
 facet normal -2.972512e-01  0.000000e+00  9.547993e-01
   outer loop
     vertex  1.286393e+02  6.000000e+00  1.584273e+01
     vertex  1.286982e+02  0.000000e+00  1.586108e+01
     vertex  1.286982e+02  6.000000e+00  1.586108e+01
   endloop
 endfacet
 facet normal -2.709453e-01  0.000000e+00  9.625948e-01
   outer loop
     vertex  1.285799e+02  6.000000e+00  1.582600e+01
     vertex  1.285799e+02  0.000000e+00  1.582600e+01
     vertex  1.286393e+02  6.000000e+00  1.584273e+01
   endloop
 endfacet
 facet normal -2.444354e-01  0.000000e+00  9.696656e-01
   outer loop
     vertex  1.285200e+02  6.000000e+00  1.581091e+01
     vertex  1.285200e+02  0.000000e+00  1.581091e+01
     vertex  1.285799e+02  0.000000e+00  1.582600e+01
   endloop
 endfacet
 facet normal -2.444354e-01  0.000000e+00  9.696656e-01
   outer loop
     vertex  1.285200e+02  6.000000e+00  1.581091e+01
     vertex  1.285799e+02  0.000000e+00  1.582600e+01
     vertex  1.285799e+02  6.000000e+00  1.582600e+01
   endloop
 endfacet
 facet normal -2.177416e-01  0.000000e+00  9.760065e-01
   outer loop
     vertex  1.284597e+02  6.000000e+00  1.579747e+01
     vertex  1.284597e+02  0.000000e+00  1.579747e+01
     vertex  1.285200e+02  0.000000e+00  1.581091e+01
   endloop
 endfacet
 facet normal -1.908838e-01  0.000000e+00  9.816126e-01
   outer loop
     vertex  1.284597e+02  6.000000e+00  1.579747e+01
     vertex  1.283991e+02  0.000000e+00  1.578569e+01
     vertex  1.284597e+02  0.000000e+00  1.579747e+01
   endloop
 endfacet
 facet normal -2.177416e-01  0.000000e+00  9.760065e-01
   outer loop
     vertex  1.284597e+02  6.000000e+00  1.579747e+01
     vertex  1.285200e+02  0.000000e+00  1.581091e+01
     vertex  1.285200e+02  6.000000e+00  1.581091e+01
   endloop
 endfacet
 facet normal -1.908838e-01  0.000000e+00  9.816126e-01
   outer loop
     vertex  1.283991e+02  6.000000e+00  1.578569e+01
     vertex  1.283991e+02  0.000000e+00  1.578569e+01
     vertex  1.284597e+02  6.000000e+00  1.579747e+01
   endloop
 endfacet
 facet normal -1.638824e-01  0.000000e+00  9.864799e-01
   outer loop
     vertex  1.283383e+02  6.000000e+00  1.577557e+01
     vertex  1.283383e+02  0.000000e+00  1.577557e+01
     vertex  1.283991e+02  0.000000e+00  1.578569e+01
   endloop
 endfacet
 facet normal -1.638824e-01  0.000000e+00  9.864799e-01
   outer loop
     vertex  1.283383e+02  6.000000e+00  1.577557e+01
     vertex  1.283991e+02  0.000000e+00  1.578569e+01
     vertex  1.283991e+02  6.000000e+00  1.578569e+01
   endloop
 endfacet
 facet normal -1.367575e-01  0.000000e+00  9.906046e-01
   outer loop
     vertex  1.282771e+02  6.000000e+00  1.576713e+01
     vertex  1.282771e+02  0.000000e+00  1.576713e+01
     vertex  1.283383e+02  0.000000e+00  1.577557e+01
   endloop
 endfacet
 facet normal -1.095298e-01  0.000000e+00  9.939835e-01
   outer loop
     vertex  1.282771e+02  6.000000e+00  1.576713e+01
     vertex  1.282157e+02  0.000000e+00  1.576037e+01
     vertex  1.282771e+02  0.000000e+00  1.576713e+01
   endloop
 endfacet
 facet normal -1.367575e-01  0.000000e+00  9.906046e-01
   outer loop
     vertex  1.282771e+02  6.000000e+00  1.576713e+01
     vertex  1.283383e+02  0.000000e+00  1.577557e+01
     vertex  1.283383e+02  6.000000e+00  1.577557e+01
   endloop
 endfacet
 facet normal -1.095298e-01  0.000000e+00  9.939835e-01
   outer loop
     vertex  1.282157e+02  6.000000e+00  1.576037e+01
     vertex  1.282157e+02  0.000000e+00  1.576037e+01
     vertex  1.282771e+02  6.000000e+00  1.576713e+01
   endloop
 endfacet
 facet normal -8.221955e-02  0.000000e+00  9.966142e-01
   outer loop
     vertex  1.281542e+02  6.000000e+00  1.575529e+01
     vertex  1.282157e+02  0.000000e+00  1.576037e+01
     vertex  1.282157e+02  6.000000e+00  1.576037e+01
   endloop
 endfacet
 facet normal -8.221955e-02  0.000000e+00  9.966142e-01
   outer loop
     vertex  1.281542e+02  6.000000e+00  1.575529e+01
     vertex  1.281542e+02  0.000000e+00  1.575529e+01
     vertex  1.282157e+02  0.000000e+00  1.576037e+01
   endloop
 endfacet
 facet normal -5.484744e-02  0.000000e+00  9.984947e-01
   outer loop
     vertex  1.281542e+02  6.000000e+00  1.575529e+01
     vertex  1.280926e+02  0.000000e+00  1.575191e+01
     vertex  1.281542e+02  0.000000e+00  1.575529e+01
   endloop
 endfacet
 facet normal -5.484744e-02  0.000000e+00  9.984947e-01
   outer loop
     vertex  1.280926e+02  6.000000e+00  1.575191e+01
     vertex  1.280926e+02  0.000000e+00  1.575191e+01
     vertex  1.281542e+02  6.000000e+00  1.575529e+01
   endloop
 endfacet
 facet normal -2.743405e-02  0.000000e+00  9.996236e-01
   outer loop
     vertex  1.280926e+02  6.000000e+00  1.575191e+01
     vertex  1.280309e+02  0.000000e+00  1.575021e+01
     vertex  1.280926e+02  0.000000e+00  1.575191e+01
   endloop
 endfacet
 facet normal -2.743405e-02  0.000000e+00  9.996236e-01
   outer loop
     vertex  1.280309e+02  6.000000e+00  1.575021e+01
     vertex  1.280309e+02  0.000000e+00  1.575021e+01
     vertex  1.280926e+02  6.000000e+00  1.575191e+01
   endloop
 endfacet
 facet normal  0.000000e+00  0.000000e+00  1.000000e+00
   outer loop
     vertex  1.280309e+02  6.000000e+00  1.575021e+01
     vertex  1.279691e+02  0.000000e+00  1.575021e+01
     vertex  1.280309e+02  0.000000e+00  1.575021e+01
   endloop
 endfacet
 facet normal -0.000000e+00  0.000000e+00  1.000000e+00
   outer loop
     vertex  1.279691e+02  6.000000e+00  1.575021e+01
     vertex  1.279691e+02  0.000000e+00  1.575021e+01
     vertex  1.280309e+02  6.000000e+00  1.575021e+01
   endloop
 endfacet
 facet normal  2.743405e-02  0.000000e+00  9.996236e-01
   outer loop
     vertex  1.279074e+02  6.000000e+00  1.575191e+01
     vertex  1.279691e+02  0.000000e+00  1.575021e+01
     vertex  1.279691e+02  6.000000e+00  1.575021e+01
   endloop
 endfacet
 facet normal  2.743405e-02  0.000000e+00  9.996236e-01
   outer loop
     vertex  1.279074e+02  6.000000e+00  1.575191e+01
     vertex  1.279074e+02  0.000000e+00  1.575191e+01
     vertex  1.279691e+02  0.000000e+00  1.575021e+01
   endloop
 endfacet
 facet normal  5.484744e-02  0.000000e+00  9.984947e-01
   outer loop
     vertex  1.278458e+02  6.000000e+00  1.575529e+01
     vertex  1.279074e+02  0.000000e+00  1.575191e+01
     vertex  1.279074e+02  6.000000e+00  1.575191e+01
   endloop
 endfacet
 facet normal  5.484744e-02  0.000000e+00  9.984947e-01
   outer loop
     vertex  1.278458e+02  6.000000e+00  1.575529e+01
     vertex  1.278458e+02  0.000000e+00  1.575529e+01
     vertex  1.279074e+02  0.000000e+00  1.575191e+01
   endloop
 endfacet
 facet normal  8.221955e-02  0.000000e+00  9.966142e-01
   outer loop
     vertex  1.277843e+02  6.000000e+00  1.576037e+01
     vertex  1.278458e+02  0.000000e+00  1.575529e+01
     vertex  1.278458e+02  6.000000e+00  1.575529e+01
   endloop
 endfacet
 facet normal  8.221955e-02  0.000000e+00  9.966142e-01
   outer loop
     vertex  1.277843e+02  6.000000e+00  1.576037e+01
     vertex  1.277843e+02  0.000000e+00  1.576037e+01
     vertex  1.278458e+02  0.000000e+00  1.575529e+01
   endloop
 endfacet
 facet normal  1.095298e-01  0.000000e+00  9.939835e-01
   outer loop
     vertex  1.277843e+02  6.000000e+00  1.576037e+01
     vertex  1.277229e+02  0.000000e+00  1.576713e+01
     vertex  1.277843e+02  0.000000e+00  1.576037e+01
   endloop
 endfacet
 facet normal  1.095298e-01  0.000000e+00  9.939835e-01
   outer loop
     vertex  1.277229e+02  6.000000e+00  1.576713e+01
     vertex  1.277229e+02  0.000000e+00  1.576713e+01
     vertex  1.277843e+02  6.000000e+00  1.576037e+01
   endloop
 endfacet
 facet normal  1.367575e-01  0.000000e+00  9.906046e-01
   outer loop
     vertex  1.277229e+02  6.000000e+00  1.576713e+01
     vertex  1.276617e+02  0.000000e+00  1.577557e+01
     vertex  1.277229e+02  0.000000e+00  1.576713e+01
   endloop
 endfacet
 facet normal  1.367575e-01  0.000000e+00  9.906046e-01
   outer loop
     vertex  1.276617e+02  6.000000e+00  1.577557e+01
     vertex  1.276617e+02  0.000000e+00  1.577557e+01
     vertex  1.277229e+02  6.000000e+00  1.576713e+01
   endloop
 endfacet
 facet normal  1.638824e-01  0.000000e+00  9.864799e-01
   outer loop
     vertex  1.276617e+02  6.000000e+00  1.577557e+01
     vertex  1.276009e+02  0.000000e+00  1.578569e+01
     vertex  1.276617e+02  0.000000e+00  1.577557e+01
   endloop
 endfacet
 facet normal  1.638824e-01  0.000000e+00  9.864799e-01
   outer loop
     vertex  1.276009e+02  6.000000e+00  1.578569e+01
     vertex  1.276009e+02  0.000000e+00  1.578569e+01
     vertex  1.276617e+02  6.000000e+00  1.577557e+01
   endloop
 endfacet
 facet normal  1.908838e-01  0.000000e+00  9.816126e-01
   outer loop
     vertex  1.275403e+02  6.000000e+00  1.579747e+01
     vertex  1.276009e+02  0.000000e+00  1.578569e+01
     vertex  1.276009e+02  6.000000e+00  1.578569e+01
   endloop
 endfacet
 facet normal  1.908838e-01  0.000000e+00  9.816126e-01
   outer loop
     vertex  1.275403e+02  6.000000e+00  1.579747e+01
     vertex  1.275403e+02  0.000000e+00  1.579747e+01
     vertex  1.276009e+02  0.000000e+00  1.578569e+01
   endloop
 endfacet
 facet normal  2.177416e-01  0.000000e+00  9.760065e-01
   outer loop
     vertex  1.275403e+02  6.000000e+00  1.579747e+01
     vertex  1.274800e+02  0.000000e+00  1.581091e+01
     vertex  1.275403e+02  0.000000e+00  1.579747e+01
   endloop
 endfacet
 facet normal  2.177416e-01  0.000000e+00  9.760065e-01
   outer loop
     vertex  1.274800e+02  6.000000e+00  1.581091e+01
     vertex  1.274800e+02  0.000000e+00  1.581091e+01
     vertex  1.275403e+02  6.000000e+00  1.579747e+01
   endloop
 endfacet
 facet normal  2.444354e-01  0.000000e+00  9.696656e-01
   outer loop
     vertex  1.274201e+02  6.000000e+00  1.582600e+01
     vertex  1.274201e+02  0.000000e+00  1.582600e+01
     vertex  1.274800e+02  0.000000e+00  1.581091e+01
   endloop
 endfacet
 facet normal  2.709453e-01  0.000000e+00  9.625948e-01
   outer loop
     vertex  1.274201e+02  6.000000e+00  1.582600e+01
     vertex  1.273607e+02  0.000000e+00  1.584273e+01
     vertex  1.274201e+02  0.000000e+00  1.582600e+01
   endloop
 endfacet
 facet normal  2.444354e-01  0.000000e+00  9.696656e-01
   outer loop
     vertex  1.274201e+02  6.000000e+00  1.582600e+01
     vertex  1.274800e+02  0.000000e+00  1.581091e+01
     vertex  1.274800e+02  6.000000e+00  1.581091e+01
   endloop
 endfacet
 facet normal  2.709453e-01  0.000000e+00  9.625948e-01
   outer loop
     vertex  1.273607e+02  6.000000e+00  1.584273e+01
     vertex  1.273607e+02  0.000000e+00  1.584273e+01
     vertex  1.274201e+02  6.000000e+00  1.582600e+01
   endloop
 endfacet
 facet normal  2.972512e-01  0.000000e+00  9.547993e-01
   outer loop
     vertex  1.273018e+02  6.000000e+00  1.586108e+01
     vertex  1.273018e+02  0.000000e+00  1.586108e+01
     vertex  1.273607e+02  0.000000e+00  1.584273e+01
   endloop
 endfacet
 facet normal  2.972512e-01  0.000000e+00  9.547993e-01
   outer loop
     vertex  1.273018e+02  6.000000e+00  1.586108e+01
     vertex  1.273607e+02  0.000000e+00  1.584273e+01
     vertex  1.273607e+02  6.000000e+00  1.584273e+01
   endloop
 endfacet
 facet normal  3.233333e-01  0.000000e+00  9.462851e-01
   outer loop
     vertex  1.272434e+02  6.000000e+00  1.588104e+01
     vertex  1.272434e+02  0.000000e+00  1.588104e+01
     vertex  1.273018e+02  0.000000e+00  1.586108e+01
   endloop
 endfacet
 facet normal  3.491720e-01  0.000000e+00  9.370586e-01
   outer loop
     vertex  1.272434e+02  6.000000e+00  1.588104e+01
     vertex  1.271855e+02  0.000000e+00  1.590259e+01
     vertex  1.272434e+02  0.000000e+00  1.588104e+01
   endloop
 endfacet
 facet normal  3.233333e-01  0.000000e+00  9.462851e-01
   outer loop
     vertex  1.272434e+02  6.000000e+00  1.588104e+01
     vertex  1.273018e+02  0.000000e+00  1.586108e+01
     vertex  1.273018e+02  6.000000e+00  1.586108e+01
   endloop
 endfacet
 facet normal  3.491720e-01  0.000000e+00  9.370586e-01
   outer loop
     vertex  1.271855e+02  6.000000e+00  1.590259e+01
     vertex  1.271855e+02  0.000000e+00  1.590259e+01
     vertex  1.272434e+02  6.000000e+00  1.588104e+01
   endloop
 endfacet
 facet normal  3.747479e-01  0.000000e+00  9.271267e-01
   outer loop
     vertex  1.271283e+02  6.000000e+00  1.592573e+01
     vertex  1.271283e+02  0.000000e+00  1.592573e+01
     vertex  1.271855e+02  0.000000e+00  1.590259e+01
   endloop
 endfacet
 facet normal  3.747479e-01  0.000000e+00  9.271267e-01
   outer loop
     vertex  1.271283e+02  6.000000e+00  1.592573e+01
     vertex  1.271855e+02  0.000000e+00  1.590259e+01
     vertex  1.271855e+02  6.000000e+00  1.590259e+01
   endloop
 endfacet
 facet normal  4.000417e-01  0.000000e+00  9.164969e-01
   outer loop
     vertex  1.270717e+02  6.000000e+00  1.595042e+01
     vertex  1.270717e+02  0.000000e+00  1.595042e+01
     vertex  1.271283e+02  0.000000e+00  1.592573e+01
   endloop
 endfacet
 facet normal  4.250344e-01  0.000000e+00  9.051772e-01
   outer loop
     vertex  1.270717e+02  6.000000e+00  1.595042e+01
     vertex  1.270158e+02  0.000000e+00  1.597666e+01
     vertex  1.270717e+02  0.000000e+00  1.595042e+01
   endloop
 endfacet
 facet normal  4.000417e-01  0.000000e+00  9.164969e-01
   outer loop
     vertex  1.270717e+02  6.000000e+00  1.595042e+01
     vertex  1.271283e+02  0.000000e+00  1.592573e+01
     vertex  1.271283e+02  6.000000e+00  1.592573e+01
   endloop
 endfacet
 facet normal  4.497071e-01  0.000000e+00  8.931761e-01
   outer loop
     vertex  1.270158e+02  6.000000e+00  1.597666e+01
     vertex  1.269607e+02  0.000000e+00  1.600442e+01
     vertex  1.270158e+02  0.000000e+00  1.597666e+01
   endloop
 endfacet
 facet normal  4.250344e-01  0.000000e+00  9.051772e-01
   outer loop
     vertex  1.270158e+02  6.000000e+00  1.597666e+01
     vertex  1.270158e+02  0.000000e+00  1.597666e+01
     vertex  1.270717e+02  6.000000e+00  1.595042e+01
   endloop
 endfacet
 facet normal  4.497071e-01  0.000000e+00  8.931761e-01
   outer loop
     vertex  1.269607e+02  6.000000e+00  1.600442e+01
     vertex  1.269607e+02  0.000000e+00  1.600442e+01
     vertex  1.270158e+02  6.000000e+00  1.597666e+01
   endloop
 endfacet
 facet normal  4.740412e-01  0.000000e+00  8.805026e-01
   outer loop
     vertex  1.269063e+02  6.000000e+00  1.603369e+01
     vertex  1.269063e+02  0.000000e+00  1.603369e+01
     vertex  1.269607e+02  0.000000e+00  1.600442e+01
   endloop
 endfacet
 facet normal  4.740412e-01  0.000000e+00  8.805026e-01
   outer loop
     vertex  1.269063e+02  6.000000e+00  1.603369e+01
     vertex  1.269607e+02  0.000000e+00  1.600442e+01
     vertex  1.269607e+02  6.000000e+00  1.600442e+01
   endloop
 endfacet
 facet normal  4.980186e-01  0.000000e+00  8.671664e-01
   outer loop
     vertex  1.268528e+02  6.000000e+00  1.606443e+01
     vertex  1.268528e+02  0.000000e+00  1.606443e+01
     vertex  1.269063e+02  0.000000e+00  1.603369e+01
   endloop
 endfacet
 facet normal  5.216210e-01  0.000000e+00  8.531773e-01
   outer loop
     vertex  1.268528e+02  6.000000e+00  1.606443e+01
     vertex  1.268001e+02  0.000000e+00  1.609663e+01
     vertex  1.268528e+02  0.000000e+00  1.606443e+01
   endloop
 endfacet
 facet normal  4.980186e-01  0.000000e+00  8.671664e-01
   outer loop
     vertex  1.268528e+02  6.000000e+00  1.606443e+01
     vertex  1.269063e+02  0.000000e+00  1.603369e+01
     vertex  1.269063e+02  6.000000e+00  1.603369e+01
   endloop
 endfacet
 facet normal  5.216210e-01  0.000000e+00  8.531773e-01
   outer loop
     vertex  1.268001e+02  6.000000e+00  1.609663e+01
     vertex  1.268001e+02  0.000000e+00  1.609663e+01
     vertex  1.268528e+02  6.000000e+00  1.606443e+01
   endloop
 endfacet
 facet normal  5.448308e-01  0.000000e+00  8.385460e-01
   outer loop
     vertex  1.267484e+02  6.000000e+00  1.613027e+01
     vertex  1.268001e+02  0.000000e+00  1.609663e+01
     vertex  1.268001e+02  6.000000e+00  1.609663e+01
   endloop
 endfacet
 facet normal  5.448308e-01  0.000000e+00  8.385460e-01
   outer loop
     vertex  1.267484e+02  6.000000e+00  1.613027e+01
     vertex  1.267484e+02  0.000000e+00  1.613027e+01
     vertex  1.268001e+02  0.000000e+00  1.609663e+01
   endloop
 endfacet
 facet normal  5.676304e-01  0.000000e+00  8.232835e-01
   outer loop
     vertex  1.267484e+02  6.000000e+00  1.613027e+01
     vertex  1.266975e+02  0.000000e+00  1.616531e+01
     vertex  1.267484e+02  0.000000e+00  1.613027e+01
   endloop
 endfacet
 facet normal  5.676304e-01  0.000000e+00  8.232835e-01
   outer loop
     vertex  1.266975e+02  6.000000e+00  1.616531e+01
     vertex  1.266975e+02  0.000000e+00  1.616531e+01
     vertex  1.267484e+02  6.000000e+00  1.613027e+01
   endloop
 endfacet
 facet normal  5.900028e-01  0.000000e+00  8.074012e-01
   outer loop
     vertex  1.266975e+02  6.000000e+00  1.616531e+01
     vertex  1.266477e+02  0.000000e+00  1.620173e+01
     vertex  1.266975e+02  0.000000e+00  1.616531e+01
   endloop
 endfacet
 facet normal  5.900028e-01  0.000000e+00  8.074012e-01
   outer loop
     vertex  1.266477e+02  6.000000e+00  1.620173e+01
     vertex  1.266477e+02  0.000000e+00  1.620173e+01
     vertex  1.266975e+02  6.000000e+00  1.616531e+01
   endloop
 endfacet
 facet normal  6.119310e-01  0.000000e+00  7.909112e-01
   outer loop
     vertex  1.265989e+02  6.000000e+00  1.623951e+01
     vertex  1.266477e+02  0.000000e+00  1.620173e+01
     vertex  1.266477e+02  6.000000e+00  1.620173e+01
   endloop
 endfacet
 facet normal  6.119310e-01  0.000000e+00  7.909112e-01
   outer loop
     vertex  1.265989e+02  6.000000e+00  1.623951e+01
     vertex  1.265989e+02  0.000000e+00  1.623951e+01
     vertex  1.266477e+02  0.000000e+00  1.620173e+01
   endloop
 endfacet
 facet normal  6.333986e-01  0.000000e+00  7.738257e-01
   outer loop
     vertex  1.265989e+02  6.000000e+00  1.623951e+01
     vertex  1.265511e+02  0.000000e+00  1.627861e+01
     vertex  1.265989e+02  0.000000e+00  1.623951e+01
   endloop
 endfacet
 facet normal  6.333986e-01  0.000000e+00  7.738257e-01
   outer loop
     vertex  1.265511e+02  6.000000e+00  1.627861e+01
     vertex  1.265511e+02  0.000000e+00  1.627861e+01
     vertex  1.265989e+02  6.000000e+00  1.623951e+01
   endloop
 endfacet
 facet normal  6.543893e-01  0.000000e+00  7.561578e-01
   outer loop
     vertex  1.265044e+02  6.000000e+00  1.631900e+01
     vertex  1.265511e+02  0.000000e+00  1.627861e+01
     vertex  1.265511e+02  6.000000e+00  1.627861e+01
   endloop
 endfacet
 facet normal  6.543893e-01  0.000000e+00  7.561578e-01
   outer loop
     vertex  1.265044e+02  6.000000e+00  1.631900e+01
     vertex  1.265044e+02  0.000000e+00  1.631900e+01
     vertex  1.265511e+02  0.000000e+00  1.627861e+01
   endloop
 endfacet
 facet normal  6.748875e-01  0.000000e+00  7.379206e-01
   outer loop
     vertex  1.265044e+02  6.000000e+00  1.631900e+01
     vertex  1.264589e+02  0.000000e+00  1.636067e+01
     vertex  1.265044e+02  0.000000e+00  1.631900e+01
   endloop
 endfacet
 facet normal  6.748875e-01  0.000000e+00  7.379206e-01
   outer loop
     vertex  1.264589e+02  6.000000e+00  1.636067e+01
     vertex  1.264589e+02  0.000000e+00  1.636067e+01
     vertex  1.265044e+02  6.000000e+00  1.631900e+01
   endloop
 endfacet
 facet normal  6.948776e-01  0.000000e+00  7.191280e-01
   outer loop
     vertex  1.264589e+02  6.000000e+00  1.636067e+01
     vertex  1.264145e+02  0.000000e+00  1.640356e+01
     vertex  1.264589e+02  0.000000e+00  1.636067e+01
   endloop
 endfacet
 facet normal  6.948776e-01  0.000000e+00  7.191280e-01
   outer loop
     vertex  1.264145e+02  6.000000e+00  1.640356e+01
     vertex  1.264145e+02  0.000000e+00  1.640356e+01
     vertex  1.264589e+02  6.000000e+00  1.636067e+01
   endloop
 endfacet
 facet normal  7.143447e-01  0.000000e+00  6.997940e-01
   outer loop
     vertex  1.264145e+02  6.000000e+00  1.640356e+01
     vertex  1.263713e+02  0.000000e+00  1.644766e+01
     vertex  1.264145e+02  0.000000e+00  1.640356e+01
   endloop
 endfacet
 facet normal  7.143447e-01  0.000000e+00  6.997940e-01
   outer loop
     vertex  1.263713e+02  6.000000e+00  1.644766e+01
     vertex  1.263713e+02  0.000000e+00  1.644766e+01
     vertex  1.264145e+02  6.000000e+00  1.640356e+01
   endloop
 endfacet
 facet normal  7.332740e-01  0.000000e+00  6.799333e-01
   outer loop
     vertex  1.263293e+02  6.000000e+00  1.649293e+01
     vertex  1.263713e+02  0.000000e+00  1.644766e+01
     vertex  1.263713e+02  6.000000e+00  1.644766e+01
   endloop
 endfacet
 facet normal  7.332740e-01  0.000000e+00  6.799333e-01
   outer loop
     vertex  1.263293e+02  6.000000e+00  1.649293e+01
     vertex  1.263293e+02  0.000000e+00  1.649293e+01
     vertex  1.263713e+02  0.000000e+00  1.644766e+01
   endloop
 endfacet
 facet normal  7.516513e-01  0.000000e+00  6.595607e-01
   outer loop
     vertex  1.262886e+02  6.000000e+00  1.653933e+01
     vertex  1.263293e+02  0.000000e+00  1.649293e+01
     vertex  1.263293e+02  6.000000e+00  1.649293e+01
   endloop
 endfacet
 facet normal  7.516513e-01  0.000000e+00  6.595607e-01
   outer loop
     vertex  1.262886e+02  6.000000e+00  1.653933e+01
     vertex  1.262886e+02  0.000000e+00  1.653933e+01
     vertex  1.263293e+02  0.000000e+00  1.649293e+01
   endloop
 endfacet
 facet normal  7.694628e-01  0.000000e+00  6.386916e-01
   outer loop
     vertex  1.262886e+02  6.000000e+00  1.653933e+01
     vertex  1.262492e+02  0.000000e+00  1.658683e+01
     vertex  1.262886e+02  0.000000e+00  1.653933e+01
   endloop
 endfacet
 facet normal  7.694628e-01  0.000000e+00  6.386916e-01
   outer loop
     vertex  1.262492e+02  6.000000e+00  1.658683e+01
     vertex  1.262492e+02  0.000000e+00  1.658683e+01
     vertex  1.262886e+02  6.000000e+00  1.653933e+01
   endloop
 endfacet
 facet normal  7.866951e-01  0.000000e+00  6.173417e-01
   outer loop
     vertex  1.262110e+02  6.000000e+00  1.663539e+01
     vertex  1.262492e+02  0.000000e+00  1.658683e+01
     vertex  1.262492e+02  6.000000e+00  1.658683e+01
   endloop
 endfacet
 facet normal  7.866951e-01  0.000000e+00  6.173417e-01
   outer loop
     vertex  1.262110e+02  6.000000e+00  1.663539e+01
     vertex  1.262110e+02  0.000000e+00  1.663539e+01
     vertex  1.262492e+02  0.000000e+00  1.658683e+01
   endloop
 endfacet
 facet normal  8.033352e-01  0.000000e+00  5.955271e-01
   outer loop
     vertex  1.262110e+02  6.000000e+00  1.663539e+01
     vertex  1.261743e+02  0.000000e+00  1.668499e+01
     vertex  1.262110e+02  0.000000e+00  1.663539e+01
   endloop
 endfacet
 facet normal  8.033352e-01  0.000000e+00  5.955271e-01
   outer loop
     vertex  1.261743e+02  6.000000e+00  1.668499e+01
     vertex  1.261743e+02  0.000000e+00  1.668499e+01
     vertex  1.262110e+02  6.000000e+00  1.663539e+01
   endloop
 endfacet
 facet normal  8.193706e-01  0.000000e+00  5.732642e-01
   outer loop
     vertex  1.261743e+02  6.000000e+00  1.668499e+01
     vertex  1.261389e+02  0.000000e+00  1.673557e+01
     vertex  1.261743e+02  0.000000e+00  1.668499e+01
   endloop
 endfacet
 facet normal  8.193706e-01  0.000000e+00  5.732642e-01
   outer loop
     vertex  1.261389e+02  6.000000e+00  1.673557e+01
     vertex  1.261389e+02  0.000000e+00  1.673557e+01
     vertex  1.261743e+02  6.000000e+00  1.668499e+01
   endloop
 endfacet
 facet normal  8.347891e-01  0.000000e+00  5.505698e-01
   outer loop
     vertex  1.261389e+02  6.000000e+00  1.673557e+01
     vertex  1.261049e+02  0.000000e+00  1.678710e+01
     vertex  1.261389e+02  0.000000e+00  1.673557e+01
   endloop
 endfacet
 facet normal  8.347891e-01  0.000000e+00  5.505698e-01
   outer loop
     vertex  1.261049e+02  6.000000e+00  1.678710e+01
     vertex  1.261049e+02  0.000000e+00  1.678710e+01
     vertex  1.261389e+02  6.000000e+00  1.673557e+01
   endloop
 endfacet
 facet normal  8.495793e-01  0.000000e+00  5.274609e-01
   outer loop
     vertex  1.260723e+02  6.000000e+00  1.683955e+01
     vertex  1.261049e+02  0.000000e+00  1.678710e+01
     vertex  1.261049e+02  6.000000e+00  1.678710e+01
   endloop
 endfacet
 facet normal  8.495793e-01  0.000000e+00  5.274609e-01
   outer loop
     vertex  1.260723e+02  6.000000e+00  1.683955e+01
     vertex  1.260723e+02  0.000000e+00  1.683955e+01
     vertex  1.261049e+02  0.000000e+00  1.678710e+01
   endloop
 endfacet
 facet normal  8.637299e-01  0.000000e+00  5.039550e-01
   outer loop
     vertex  1.260723e+02  6.000000e+00  1.683955e+01
     vertex  1.260412e+02  0.000000e+00  1.689287e+01
     vertex  1.260723e+02  0.000000e+00  1.683955e+01
   endloop
 endfacet
 facet normal  8.637299e-01  0.000000e+00  5.039550e-01
   outer loop
     vertex  1.260412e+02  6.000000e+00  1.689287e+01
     vertex  1.260412e+02  0.000000e+00  1.689287e+01
     vertex  1.260723e+02  6.000000e+00  1.683955e+01
   endloop
 endfacet
 facet normal  8.772303e-01  0.000000e+00  4.800697e-01
   outer loop
     vertex  1.260116e+02  6.000000e+00  1.694702e+01
     vertex  1.260412e+02  0.000000e+00  1.689287e+01
     vertex  1.260412e+02  6.000000e+00  1.689287e+01
   endloop
 endfacet
 facet normal  8.772303e-01  0.000000e+00  4.800697e-01
   outer loop
     vertex  1.260116e+02  6.000000e+00  1.694702e+01
     vertex  1.260116e+02  0.000000e+00  1.694702e+01
     vertex  1.260412e+02  0.000000e+00  1.689287e+01
   endloop
 endfacet
 facet normal  8.900704e-01  0.000000e+00  4.558231e-01
   outer loop
     vertex  1.260116e+02  6.000000e+00  1.694702e+01
     vertex  1.259835e+02  0.000000e+00  1.700197e+01
     vertex  1.260116e+02  0.000000e+00  1.694702e+01
   endloop
 endfacet
 facet normal  8.900704e-01  0.000000e+00  4.558231e-01
   outer loop
     vertex  1.259835e+02  6.000000e+00  1.700197e+01
     vertex  1.259835e+02  0.000000e+00  1.700197e+01
     vertex  1.260116e+02  6.000000e+00  1.694702e+01
   endloop
 endfacet
 facet normal  9.022405e-01  0.000000e+00  4.312333e-01
   outer loop
     vertex  1.259568e+02  6.000000e+00  1.705767e+01
     vertex  1.259835e+02  0.000000e+00  1.700197e+01
     vertex  1.259835e+02  6.000000e+00  1.700197e+01
   endloop
 endfacet
 facet normal  9.022405e-01  0.000000e+00  4.312333e-01
   outer loop
     vertex  1.259568e+02  6.000000e+00  1.705767e+01
     vertex  1.259568e+02  0.000000e+00  1.705767e+01
     vertex  1.259835e+02  0.000000e+00  1.700197e+01
   endloop
 endfacet
 facet normal  9.137314e-01  0.000000e+00  4.063188e-01
   outer loop
     vertex  1.259318e+02  6.000000e+00  1.711407e+01
     vertex  1.259568e+02  0.000000e+00  1.705767e+01
     vertex  1.259568e+02  6.000000e+00  1.705767e+01
   endloop
 endfacet
 facet normal  9.137314e-01  0.000000e+00  4.063188e-01
   outer loop
     vertex  1.259318e+02  6.000000e+00  1.711407e+01
     vertex  1.259318e+02  0.000000e+00  1.711407e+01
     vertex  1.259568e+02  0.000000e+00  1.705767e+01
   endloop
 endfacet
 facet normal  9.245344e-01  0.000000e+00  3.810986e-01
   outer loop
     vertex  1.259318e+02  6.000000e+00  1.711407e+01
     vertex  1.259082e+02  0.000000e+00  1.717115e+01
     vertex  1.259318e+02  0.000000e+00  1.711407e+01
   endloop
 endfacet
 facet normal  9.245344e-01  0.000000e+00  3.810986e-01
   outer loop
     vertex  1.259082e+02  6.000000e+00  1.717115e+01
     vertex  1.259082e+02  0.000000e+00  1.717115e+01
     vertex  1.259318e+02  6.000000e+00  1.711407e+01
   endloop
 endfacet
 facet normal  9.346415e-01  0.000000e+00  3.555914e-01
   outer loop
     vertex  1.258863e+02  6.000000e+00  1.722884e+01
     vertex  1.258863e+02  0.000000e+00  1.722884e+01
     vertex  1.259082e+02  0.000000e+00  1.717115e+01
   endloop
 endfacet
 facet normal  9.346415e-01  0.000000e+00  3.555914e-01
   outer loop
     vertex  1.258863e+02  6.000000e+00  1.722884e+01
     vertex  1.259082e+02  0.000000e+00  1.717115e+01
     vertex  1.259082e+02  6.000000e+00  1.717115e+01
   endloop
 endfacet
 facet normal  9.440450e-01  0.000000e+00  3.298166e-01
   outer loop
     vertex  1.258659e+02  6.000000e+00  1.728712e+01
     vertex  1.258659e+02  0.000000e+00  1.728712e+01
     vertex  1.258863e+02  0.000000e+00  1.722884e+01
   endloop
 endfacet
 facet normal  9.527379e-01  0.000000e+00  3.037934e-01
   outer loop
     vertex  1.258659e+02  6.000000e+00  1.728712e+01
     vertex  1.258472e+02  0.000000e+00  1.734594e+01
     vertex  1.258659e+02  0.000000e+00  1.728712e+01
   endloop
 endfacet
 facet normal  9.440450e-01  0.000000e+00  3.298166e-01
   outer loop
     vertex  1.258659e+02  6.000000e+00  1.728712e+01
     vertex  1.258863e+02  0.000000e+00  1.722884e+01
     vertex  1.258863e+02  6.000000e+00  1.722884e+01
   endloop
 endfacet
 facet normal  9.607136e-01  0.000000e+00  2.775416e-01
   outer loop
     vertex  1.258472e+02  6.000000e+00  1.734594e+01
     vertex  1.258300e+02  0.000000e+00  1.740524e+01
     vertex  1.258472e+02  0.000000e+00  1.734594e+01
   endloop
 endfacet
 facet normal  9.527379e-01  0.000000e+00  3.037934e-01
   outer loop
     vertex  1.258472e+02  6.000000e+00  1.734594e+01
     vertex  1.258472e+02  0.000000e+00  1.734594e+01
     vertex  1.258659e+02  6.000000e+00  1.728712e+01
   endloop
 endfacet
 facet normal  9.607136e-01  0.000000e+00  2.775416e-01
   outer loop
     vertex  1.258300e+02  6.000000e+00  1.740524e+01
     vertex  1.258300e+02  0.000000e+00  1.740524e+01
     vertex  1.258472e+02  6.000000e+00  1.734594e+01
   endloop
 endfacet
 facet normal  9.679661e-01  0.000000e+00  2.510809e-01
   outer loop
     vertex  1.258145e+02  6.000000e+00  1.746500e+01
     vertex  1.258300e+02  0.000000e+00  1.740524e+01
     vertex  1.258300e+02  6.000000e+00  1.740524e+01
   endloop
 endfacet
 facet normal  9.679661e-01  0.000000e+00  2.510809e-01
   outer loop
     vertex  1.258145e+02  6.000000e+00  1.746500e+01
     vertex  1.258145e+02  0.000000e+00  1.746500e+01
     vertex  1.258300e+02  0.000000e+00  1.740524e+01
   endloop
 endfacet
 facet normal  9.744899e-01  0.000000e+00  2.244312e-01
   outer loop
     vertex  1.258145e+02  6.000000e+00  1.746500e+01
     vertex  1.258007e+02  0.000000e+00  1.752516e+01
     vertex  1.258145e+02  0.000000e+00  1.746500e+01
   endloop
 endfacet
 facet normal  9.744899e-01  0.000000e+00  2.244312e-01
   outer loop
     vertex  1.258007e+02  6.000000e+00  1.752516e+01
     vertex  1.258007e+02  0.000000e+00  1.752516e+01
     vertex  1.258145e+02  6.000000e+00  1.746500e+01
   endloop
 endfacet
 facet normal  9.802802e-01  0.000000e+00  1.976125e-01
   outer loop
     vertex  1.257885e+02  6.000000e+00  1.758567e+01
     vertex  1.258007e+02  0.000000e+00  1.752516e+01
     vertex  1.258007e+02  6.000000e+00  1.752516e+01
   endloop
 endfacet
 facet normal  9.802802e-01  0.000000e+00  1.976125e-01
   outer loop
     vertex  1.257885e+02  6.000000e+00  1.758567e+01
     vertex  1.257885e+02  0.000000e+00  1.758567e+01
     vertex  1.258007e+02  0.000000e+00  1.752516e+01
   endloop
 endfacet
 facet normal  9.853326e-01  0.000000e+00  1.706451e-01
   outer loop
     vertex  1.257885e+02  6.000000e+00  1.758567e+01
     vertex  1.257779e+02  0.000000e+00  1.764650e+01
     vertex  1.257885e+02  0.000000e+00  1.758567e+01
   endloop
 endfacet
 facet normal  9.853326e-01  0.000000e+00  1.706451e-01
   outer loop
     vertex  1.257779e+02  6.000000e+00  1.764650e+01
     vertex  1.257779e+02  0.000000e+00  1.764650e+01
     vertex  1.257885e+02  6.000000e+00  1.758567e+01
   endloop
 endfacet
 facet normal  9.896432e-01  0.000000e+00  1.435492e-01
   outer loop
     vertex  1.257779e+02  6.000000e+00  1.764650e+01
     vertex  1.257691e+02  0.000000e+00  1.770759e+01
     vertex  1.257779e+02  0.000000e+00  1.764650e+01
   endloop
 endfacet
 facet normal  9.896432e-01  0.000000e+00  1.435492e-01
   outer loop
     vertex  1.257691e+02  6.000000e+00  1.770759e+01
     vertex  1.257691e+02  0.000000e+00  1.770759e+01
     vertex  1.257779e+02  6.000000e+00  1.764650e+01
   endloop
 endfacet
 facet normal  9.932088e-01  0.000000e+00  1.163452e-01
   outer loop
     vertex  1.257691e+02  6.000000e+00  1.770759e+01
     vertex  1.257619e+02  0.000000e+00  1.776890e+01
     vertex  1.257691e+02  0.000000e+00  1.770759e+01
   endloop
 endfacet
 facet normal  9.932088e-01  0.000000e+00  1.163452e-01
   outer loop
     vertex  1.257619e+02  6.000000e+00  1.776890e+01
     vertex  1.257619e+02  0.000000e+00  1.776890e+01
     vertex  1.257691e+02  6.000000e+00  1.770759e+01
   endloop
 endfacet
 facet normal  9.960268e-01  0.000000e+00  8.905371e-02
   outer loop
     vertex  1.257564e+02  6.000000e+00  1.783039e+01
     vertex  1.257619e+02  0.000000e+00  1.776890e+01
     vertex  1.257619e+02  6.000000e+00  1.776890e+01
   endloop
 endfacet
 facet normal  9.960268e-01  0.000000e+00  8.905371e-02
   outer loop
     vertex  1.257564e+02  6.000000e+00  1.783039e+01
     vertex  1.257564e+02  0.000000e+00  1.783039e+01
     vertex  1.257619e+02  0.000000e+00  1.776890e+01
   endloop
 endfacet
 facet normal  9.980950e-01  0.000000e+00  6.169515e-02
   outer loop
     vertex  1.257564e+02  6.000000e+00  1.783039e+01
     vertex  1.257526e+02  0.000000e+00  1.789201e+01
     vertex  1.257564e+02  0.000000e+00  1.783039e+01
   endloop
 endfacet
 facet normal  9.980950e-01  0.000000e+00  6.169515e-02
   outer loop
     vertex  1.257526e+02  6.000000e+00  1.789201e+01
     vertex  1.257526e+02  0.000000e+00  1.789201e+01
     vertex  1.257564e+02  6.000000e+00  1.783039e+01
   endloop
 endfacet
 facet normal  9.994119e-01  0.000000e+00  3.429014e-02
   outer loop
     vertex  1.257505e+02  6.000000e+00  1.795370e+01
     vertex  1.257526e+02  0.000000e+00  1.789201e+01
     vertex  1.257526e+02  6.000000e+00  1.789201e+01
   endloop
 endfacet
 facet normal  9.994119e-01  0.000000e+00  3.429014e-02
   outer loop
     vertex  1.257505e+02  6.000000e+00  1.795370e+01
     vertex  1.257505e+02  0.000000e+00  1.795370e+01
     vertex  1.257526e+02  0.000000e+00  1.789201e+01
   endloop
 endfacet
 facet normal  9.999765e-01  0.000000e+00  6.859319e-03
   outer loop
     vertex  1.257505e+02  6.000000e+00  1.795370e+01
     vertex  1.257501e+02  0.000000e+00  1.801543e+01
     vertex  1.257505e+02  0.000000e+00  1.795370e+01
   endloop
 endfacet
 facet normal  9.999765e-01  0.000000e+00  6.859319e-03
   outer loop
     vertex  1.257501e+02  6.000000e+00  1.801543e+01
     vertex  1.257501e+02  0.000000e+00  1.801543e+01
     vertex  1.257505e+02  6.000000e+00  1.795370e+01
   endloop
 endfacet
 facet normal  9.988475e-01  0.000000e+00 -4.799716e-02
   outer loop
     vertex  1.257513e+02  6.000000e+00  1.807715e+01
     vertex  1.257543e+02  0.000000e+00  1.813881e+01
     vertex  1.257513e+02  0.000000e+00  1.807715e+01
   endloop
 endfacet
 facet normal  9.997883e-01  0.000000e+00 -2.057667e-02
   outer loop
     vertex  1.257513e+02  6.000000e+00  1.807715e+01
     vertex  1.257501e+02  0.000000e+00  1.801543e+01
     vertex  1.257501e+02  6.000000e+00  1.801543e+01
   endloop
 endfacet
 facet normal  9.997883e-01  0.000000e+00 -2.057667e-02
   outer loop
     vertex  1.257513e+02  6.000000e+00  1.807715e+01
     vertex  1.257513e+02  0.000000e+00  1.807715e+01
     vertex  1.257501e+02  0.000000e+00  1.801543e+01
   endloop
 endfacet
 facet normal  9.988475e-01  0.000000e+00 -4.799716e-02
   outer loop
     vertex  1.257543e+02  6.000000e+00  1.813881e+01
     vertex  1.257543e+02  0.000000e+00  1.813881e+01
     vertex  1.257513e+02  6.000000e+00  1.807715e+01
   endloop
 endfacet
 facet normal  9.971548e-01  0.000000e+00 -7.538152e-02
   outer loop
     vertex  1.257589e+02  6.000000e+00  1.820037e+01
     vertex  1.257589e+02  0.000000e+00  1.820037e+01
     vertex  1.257543e+02  0.000000e+00  1.813881e+01
   endloop
 endfacet
 facet normal  9.971548e-01  0.000000e+00 -7.538152e-02
   outer loop
     vertex  1.257589e+02  6.000000e+00  1.820037e+01
     vertex  1.257543e+02  0.000000e+00  1.813881e+01
     vertex  1.257543e+02  6.000000e+00  1.813881e+01
   endloop
 endfacet
 facet normal  9.947114e-01  0.000000e+00 -1.027091e-01
   outer loop
     vertex  1.257653e+02  6.000000e+00  1.826178e+01
     vertex  1.257653e+02  0.000000e+00  1.826178e+01
     vertex  1.257589e+02  0.000000e+00  1.820037e+01
   endloop
 endfacet
 facet normal  9.947114e-01  0.000000e+00 -1.027091e-01
   outer loop
     vertex  1.257653e+02  6.000000e+00  1.826178e+01
     vertex  1.257589e+02  0.000000e+00  1.820037e+01
     vertex  1.257589e+02  6.000000e+00  1.820037e+01
   endloop
 endfacet
 facet normal  9.915193e-01  0.000000e+00 -1.299594e-01
   outer loop
     vertex  1.257733e+02  6.000000e+00  1.832299e+01
     vertex  1.257733e+02  0.000000e+00  1.832299e+01
     vertex  1.257653e+02  0.000000e+00  1.826178e+01
   endloop
 endfacet
 facet normal  9.915193e-01  0.000000e+00 -1.299594e-01
   outer loop
     vertex  1.257733e+02  6.000000e+00  1.832299e+01
     vertex  1.257653e+02  0.000000e+00  1.826178e+01
     vertex  1.257653e+02  6.000000e+00  1.826178e+01
   endloop
 endfacet
 facet normal  9.875808e-01  0.000000e+00 -1.571119e-01
   outer loop
     vertex  1.257830e+02  6.000000e+00  1.838395e+01
     vertex  1.257830e+02  0.000000e+00  1.838395e+01
     vertex  1.257733e+02  0.000000e+00  1.832299e+01
   endloop
 endfacet
 facet normal  9.828989e-01  0.000000e+00 -1.841461e-01
   outer loop
     vertex  1.257830e+02  6.000000e+00  1.838395e+01
     vertex  1.257944e+02  0.000000e+00  1.844463e+01
     vertex  1.257830e+02  0.000000e+00  1.838395e+01
   endloop
 endfacet
 facet normal  9.875808e-01  0.000000e+00 -1.571119e-01
   outer loop
     vertex  1.257830e+02  6.000000e+00  1.838395e+01
     vertex  1.257733e+02  0.000000e+00  1.832299e+01
     vertex  1.257733e+02  6.000000e+00  1.832299e+01
   endloop
 endfacet
 facet normal  9.774771e-01  0.000000e+00 -2.110417e-01
   outer loop
     vertex  1.257944e+02  6.000000e+00  1.844463e+01
     vertex  1.258074e+02  0.000000e+00  1.850497e+01
     vertex  1.257944e+02  0.000000e+00  1.844463e+01
   endloop
 endfacet
 facet normal  9.828989e-01  0.000000e+00 -1.841461e-01
   outer loop
     vertex  1.257944e+02  6.000000e+00  1.844463e+01
     vertex  1.257944e+02  0.000000e+00  1.844463e+01
     vertex  1.257830e+02  6.000000e+00  1.838395e+01
   endloop
 endfacet
 facet normal  9.713194e-01  0.000000e+00 -2.377784e-01
   outer loop
     vertex  1.258074e+02  6.000000e+00  1.850497e+01
     vertex  1.258221e+02  0.000000e+00  1.856493e+01
     vertex  1.258074e+02  0.000000e+00  1.850497e+01
   endloop
 endfacet
 facet normal  9.774771e-01  0.000000e+00 -2.110417e-01
   outer loop
     vertex  1.258074e+02  6.000000e+00  1.850497e+01
     vertex  1.258074e+02  0.000000e+00  1.850497e+01
     vertex  1.257944e+02  6.000000e+00  1.844463e+01
   endloop
 endfacet
 facet normal  9.644306e-01  0.000000e+00 -2.643362e-01
   outer loop
     vertex  1.258221e+02  6.000000e+00  1.856493e+01
     vertex  1.258384e+02  0.000000e+00  1.862447e+01
     vertex  1.258221e+02  0.000000e+00  1.856493e+01
   endloop
 endfacet
 facet normal  9.713194e-01  0.000000e+00 -2.377784e-01
   outer loop
     vertex  1.258221e+02  6.000000e+00  1.856493e+01
     vertex  1.258221e+02  0.000000e+00  1.856493e+01
     vertex  1.258074e+02  6.000000e+00  1.850497e+01
   endloop
 endfacet
 facet normal  9.644306e-01  0.000000e+00 -2.643362e-01
   outer loop
     vertex  1.258384e+02  6.000000e+00  1.862447e+01
     vertex  1.258384e+02  0.000000e+00  1.862447e+01
     vertex  1.258221e+02  6.000000e+00  1.856493e+01
   endloop
 endfacet
 facet normal  9.568158e-01  0.000000e+00 -2.906949e-01
   outer loop
     vertex  1.258563e+02  6.000000e+00  1.868354e+01
     vertex  1.258563e+02  0.000000e+00  1.868354e+01
     vertex  1.258384e+02  0.000000e+00  1.862447e+01
   endloop
 endfacet
 facet normal  9.568158e-01  0.000000e+00 -2.906949e-01
   outer loop
     vertex  1.258563e+02  6.000000e+00  1.868354e+01
     vertex  1.258384e+02  0.000000e+00  1.862447e+01
     vertex  1.258384e+02  6.000000e+00  1.862447e+01
   endloop
 endfacet
 facet normal  9.484807e-01  0.000000e+00 -3.168348e-01
   outer loop
     vertex  1.258759e+02  6.000000e+00  1.874209e+01
     vertex  1.258759e+02  0.000000e+00  1.874209e+01
     vertex  1.258563e+02  0.000000e+00  1.868354e+01
   endloop
 endfacet
 facet normal  9.394317e-01  0.000000e+00 -3.427362e-01
   outer loop
     vertex  1.258759e+02  6.000000e+00  1.874209e+01
     vertex  1.258971e+02  0.000000e+00  1.880008e+01
     vertex  1.258759e+02  0.000000e+00  1.874209e+01
   endloop
 endfacet
 facet normal  9.484807e-01  0.000000e+00 -3.168348e-01
   outer loop
     vertex  1.258759e+02  6.000000e+00  1.874209e+01
     vertex  1.258563e+02  0.000000e+00  1.868354e+01
     vertex  1.258563e+02  6.000000e+00  1.868354e+01
   endloop
 endfacet
 facet normal  9.394317e-01  0.000000e+00 -3.427362e-01
   outer loop
     vertex  1.258971e+02  6.000000e+00  1.880008e+01
     vertex  1.258971e+02  0.000000e+00  1.880008e+01
     vertex  1.258759e+02  6.000000e+00  1.874209e+01
   endloop
 endfacet
 facet normal  9.296754e-01  0.000000e+00 -3.683796e-01
   outer loop
     vertex  1.259198e+02  6.000000e+00  1.885747e+01
     vertex  1.259198e+02  0.000000e+00  1.885747e+01
     vertex  1.258971e+02  0.000000e+00  1.880008e+01
   endloop
 endfacet
 facet normal  9.296754e-01  0.000000e+00 -3.683796e-01
   outer loop
     vertex  1.259198e+02  6.000000e+00  1.885747e+01
     vertex  1.258971e+02  0.000000e+00  1.880008e+01
     vertex  1.258971e+02  6.000000e+00  1.880008e+01
   endloop
 endfacet
 facet normal  9.192194e-01  0.000000e+00 -3.937458e-01
   outer loop
     vertex  1.259441e+02  6.000000e+00  1.891422e+01
     vertex  1.259198e+02  0.000000e+00  1.885747e+01
     vertex  1.259198e+02  6.000000e+00  1.885747e+01
   endloop
 endfacet
 facet normal  9.192194e-01  0.000000e+00 -3.937458e-01
   outer loop
     vertex  1.259441e+02  6.000000e+00  1.891422e+01
     vertex  1.259441e+02  0.000000e+00  1.891422e+01
     vertex  1.259198e+02  0.000000e+00  1.885747e+01
   endloop
 endfacet
 facet normal  9.080714e-01  0.000000e+00 -4.188155e-01
   outer loop
     vertex  1.259441e+02  6.000000e+00  1.891422e+01
     vertex  1.259700e+02  0.000000e+00  1.897027e+01
     vertex  1.259441e+02  0.000000e+00  1.891422e+01
   endloop
 endfacet
 facet normal  9.080714e-01  0.000000e+00 -4.188155e-01
   outer loop
     vertex  1.259700e+02  6.000000e+00  1.897027e+01
     vertex  1.259700e+02  0.000000e+00  1.897027e+01
     vertex  1.259441e+02  6.000000e+00  1.891422e+01
   endloop
 endfacet
 facet normal  8.962398e-01  0.000000e+00 -4.435699e-01
   outer loop
     vertex  1.259973e+02  6.000000e+00  1.902560e+01
     vertex  1.259973e+02  0.000000e+00  1.902560e+01
     vertex  1.259700e+02  0.000000e+00  1.897027e+01
   endloop
 endfacet
 facet normal  8.837335e-01  0.000000e+00 -4.679904e-01
   outer loop
     vertex  1.259973e+02  6.000000e+00  1.902560e+01
     vertex  1.260262e+02  0.000000e+00  1.908016e+01
     vertex  1.259973e+02  0.000000e+00  1.902560e+01
   endloop
 endfacet
 facet normal  8.962398e-01  0.000000e+00 -4.435699e-01
   outer loop
     vertex  1.259973e+02  6.000000e+00  1.902560e+01
     vertex  1.259700e+02  0.000000e+00  1.897027e+01
     vertex  1.259700e+02  6.000000e+00  1.897027e+01
   endloop
 endfacet
 facet normal  8.837335e-01  0.000000e+00 -4.679904e-01
   outer loop
     vertex  1.260262e+02  6.000000e+00  1.908016e+01
     vertex  1.260262e+02  0.000000e+00  1.908016e+01
     vertex  1.259973e+02  6.000000e+00  1.902560e+01
   endloop
 endfacet
 facet normal  8.705620e-01  0.000000e+00 -4.920587e-01
   outer loop
     vertex  1.260262e+02  6.000000e+00  1.908016e+01
     vertex  1.260566e+02  0.000000e+00  1.913390e+01
     vertex  1.260262e+02  0.000000e+00  1.908016e+01
   endloop
 endfacet
 facet normal  8.705620e-01  0.000000e+00 -4.920587e-01
   outer loop
     vertex  1.260566e+02  6.000000e+00  1.913390e+01
     vertex  1.260566e+02  0.000000e+00  1.913390e+01
     vertex  1.260262e+02  6.000000e+00  1.908016e+01
   endloop
 endfacet
 facet normal  8.567352e-01  0.000000e+00 -5.157565e-01
   outer loop
     vertex  1.260566e+02  6.000000e+00  1.913390e+01
     vertex  1.260884e+02  0.000000e+00  1.918679e+01
     vertex  1.260566e+02  0.000000e+00  1.913390e+01
   endloop
 endfacet
 facet normal  8.567352e-01  0.000000e+00 -5.157565e-01
   outer loop
     vertex  1.260884e+02  6.000000e+00  1.918679e+01
     vertex  1.260884e+02  0.000000e+00  1.918679e+01
     vertex  1.260566e+02  6.000000e+00  1.913390e+01
   endloop
 endfacet
 facet normal  8.422635e-01  0.000000e+00 -5.390661e-01
   outer loop
     vertex  1.261217e+02  6.000000e+00  1.923878e+01
     vertex  1.261217e+02  0.000000e+00  1.923878e+01
     vertex  1.260884e+02  0.000000e+00  1.918679e+01
   endloop
 endfacet
 facet normal  8.422635e-01  0.000000e+00 -5.390661e-01
   outer loop
     vertex  1.261217e+02  6.000000e+00  1.923878e+01
     vertex  1.260884e+02  0.000000e+00  1.918679e+01
     vertex  1.260884e+02  6.000000e+00  1.918679e+01
   endloop
 endfacet
 facet normal  8.271577e-01  0.000000e+00 -5.619699e-01
   outer loop
     vertex  1.261564e+02  6.000000e+00  1.928984e+01
     vertex  1.261564e+02  0.000000e+00  1.928984e+01
     vertex  1.261217e+02  0.000000e+00  1.923878e+01
   endloop
 endfacet
 facet normal  8.114292e-01  0.000000e+00 -5.844507e-01
   outer loop
     vertex  1.261564e+02  6.000000e+00  1.928984e+01
     vertex  1.261925e+02  0.000000e+00  1.933994e+01
     vertex  1.261564e+02  0.000000e+00  1.928984e+01
   endloop
 endfacet
 facet normal  8.271577e-01  0.000000e+00 -5.619699e-01
   outer loop
     vertex  1.261564e+02  6.000000e+00  1.928984e+01
     vertex  1.261217e+02  0.000000e+00  1.923878e+01
     vertex  1.261217e+02  6.000000e+00  1.923878e+01
   endloop
 endfacet
 facet normal  8.114292e-01  0.000000e+00 -5.844507e-01
   outer loop
     vertex  1.261925e+02  6.000000e+00  1.933994e+01
     vertex  1.261925e+02  0.000000e+00  1.933994e+01
     vertex  1.261564e+02  6.000000e+00  1.928984e+01
   endloop
 endfacet
 facet normal  7.950900e-01  0.000000e+00 -6.064915e-01
   outer loop
     vertex  1.262299e+02  6.000000e+00  1.938902e+01
     vertex  1.262299e+02  0.000000e+00  1.938902e+01
     vertex  1.261925e+02  0.000000e+00  1.933994e+01
   endloop
 endfacet
 facet normal  7.781522e-01  0.000000e+00 -6.280757e-01
   outer loop
     vertex  1.262299e+02  6.000000e+00  1.938902e+01
     vertex  1.262687e+02  0.000000e+00  1.943706e+01
     vertex  1.262299e+02  0.000000e+00  1.938902e+01
   endloop
 endfacet
 facet normal  7.950900e-01  0.000000e+00 -6.064915e-01
   outer loop
     vertex  1.262299e+02  6.000000e+00  1.938902e+01
     vertex  1.261925e+02  0.000000e+00  1.933994e+01
     vertex  1.261925e+02  6.000000e+00  1.933994e+01
   endloop
 endfacet
 facet normal  7.781522e-01  0.000000e+00 -6.280757e-01
   outer loop
     vertex  1.262687e+02  6.000000e+00  1.943706e+01
     vertex  1.262687e+02  0.000000e+00  1.943706e+01
     vertex  1.262299e+02  6.000000e+00  1.938902e+01
   endloop
 endfacet
 facet normal  7.606287e-01  0.000000e+00 -6.491872e-01
   outer loop
     vertex  1.262687e+02  6.000000e+00  1.943706e+01
     vertex  1.263088e+02  0.000000e+00  1.948401e+01
     vertex  1.262687e+02  0.000000e+00  1.943706e+01
   endloop
 endfacet
 facet normal  7.606287e-01  0.000000e+00 -6.491872e-01
   outer loop
     vertex  1.263088e+02  6.000000e+00  1.948401e+01
     vertex  1.263088e+02  0.000000e+00  1.948401e+01
     vertex  1.262687e+02  6.000000e+00  1.943706e+01
   endloop
 endfacet
 facet normal  7.425325e-01  0.000000e+00 -6.698100e-01
   outer loop
     vertex  1.263501e+02  6.000000e+00  1.952985e+01
     vertex  1.263501e+02  0.000000e+00  1.952985e+01
     vertex  1.263088e+02  0.000000e+00  1.948401e+01
   endloop
 endfacet
 facet normal  7.425325e-01  0.000000e+00 -6.698100e-01
   outer loop
     vertex  1.263501e+02  6.000000e+00  1.952985e+01
     vertex  1.263088e+02  0.000000e+00  1.948401e+01
     vertex  1.263088e+02  6.000000e+00  1.948401e+01
   endloop
 endfacet
 facet normal  7.238775e-01  0.000000e+00 -6.899286e-01
   outer loop
     vertex  1.263927e+02  6.000000e+00  1.957454e+01
     vertex  1.263927e+02  0.000000e+00  1.957454e+01
     vertex  1.263501e+02  0.000000e+00  1.952985e+01
   endloop
 endfacet
 facet normal  7.238775e-01  0.000000e+00 -6.899286e-01
   outer loop
     vertex  1.263927e+02  6.000000e+00  1.957454e+01
     vertex  1.263501e+02  0.000000e+00  1.952985e+01
     vertex  1.263501e+02  6.000000e+00  1.952985e+01
   endloop
 endfacet
 facet normal  7.046775e-01  0.000000e+00 -7.095278e-01
   outer loop
     vertex  1.264365e+02  6.000000e+00  1.961804e+01
     vertex  1.264365e+02  0.000000e+00  1.961804e+01
     vertex  1.263927e+02  0.000000e+00  1.957454e+01
   endloop
 endfacet
 facet normal  7.046775e-01  0.000000e+00 -7.095278e-01
   outer loop
     vertex  1.264365e+02  6.000000e+00  1.961804e+01
     vertex  1.263927e+02  0.000000e+00  1.957454e+01
     vertex  1.263927e+02  6.000000e+00  1.957454e+01
   endloop
 endfacet
 facet normal  6.849470e-01  0.000000e+00 -7.285929e-01
   outer loop
     vertex  1.264815e+02  6.000000e+00  1.966032e+01
     vertex  1.264815e+02  0.000000e+00  1.966032e+01
     vertex  1.264365e+02  0.000000e+00  1.961804e+01
   endloop
 endfacet
 facet normal  6.849470e-01  0.000000e+00 -7.285929e-01
   outer loop
     vertex  1.264815e+02  6.000000e+00  1.966032e+01
     vertex  1.264365e+02  0.000000e+00  1.961804e+01
     vertex  1.264365e+02  6.000000e+00  1.961804e+01
   endloop
 endfacet
 facet normal  6.647010e-01  0.000000e+00 -7.471095e-01
   outer loop
     vertex  1.265276e+02  6.000000e+00  1.970136e+01
     vertex  1.265276e+02  0.000000e+00  1.970136e+01
     vertex  1.264815e+02  0.000000e+00  1.966032e+01
   endloop
 endfacet
 facet normal  6.647010e-01  0.000000e+00 -7.471095e-01
   outer loop
     vertex  1.265276e+02  6.000000e+00  1.970136e+01
     vertex  1.264815e+02  0.000000e+00  1.966032e+01
     vertex  1.264815e+02  6.000000e+00  1.966032e+01
   endloop
 endfacet
 facet normal  6.439545e-01  0.000000e+00 -7.650637e-01
   outer loop
     vertex  1.265749e+02  6.000000e+00  1.974111e+01
     vertex  1.265749e+02  0.000000e+00  1.974111e+01
     vertex  1.265276e+02  0.000000e+00  1.970136e+01
   endloop
 endfacet
 facet normal  6.439545e-01  0.000000e+00 -7.650637e-01
   outer loop
     vertex  1.265749e+02  6.000000e+00  1.974111e+01
     vertex  1.265276e+02  0.000000e+00  1.970136e+01
     vertex  1.265276e+02  6.000000e+00  1.970136e+01
   endloop
 endfacet
 facet normal  6.227234e-01  0.000000e+00 -7.824421e-01
   outer loop
     vertex  1.266232e+02  6.000000e+00  1.977955e+01
     vertex  1.266232e+02  0.000000e+00  1.977955e+01
     vertex  1.265749e+02  0.000000e+00  1.974111e+01
   endloop
 endfacet
 facet normal  6.227234e-01  0.000000e+00 -7.824421e-01
   outer loop
     vertex  1.266232e+02  6.000000e+00  1.977955e+01
     vertex  1.265749e+02  0.000000e+00  1.974111e+01
     vertex  1.265749e+02  6.000000e+00  1.974111e+01
   endloop
 endfacet
 facet normal  6.010234e-01  0.000000e+00 -7.992314e-01
   outer loop
     vertex  1.266725e+02  6.000000e+00  1.981665e+01
     vertex  1.266725e+02  0.000000e+00  1.981665e+01
     vertex  1.266232e+02  0.000000e+00  1.977955e+01
   endloop
 endfacet
 facet normal  6.010234e-01  0.000000e+00 -7.992314e-01
   outer loop
     vertex  1.266725e+02  6.000000e+00  1.981665e+01
     vertex  1.266232e+02  0.000000e+00  1.977955e+01
     vertex  1.266232e+02  6.000000e+00  1.977955e+01
   endloop
 endfacet
 facet normal  5.788711e-01  0.000000e+00 -8.154191e-01
   outer loop
     vertex  1.267228e+02  6.000000e+00  1.985239e+01
     vertex  1.267228e+02  0.000000e+00  1.985239e+01
     vertex  1.266725e+02  0.000000e+00  1.981665e+01
   endloop
 endfacet
 facet normal  5.562829e-01  0.000000e+00 -8.309929e-01
   outer loop
     vertex  1.267228e+02  6.000000e+00  1.985239e+01
     vertex  1.267741e+02  0.000000e+00  1.988673e+01
     vertex  1.267228e+02  0.000000e+00  1.985239e+01
   endloop
 endfacet
 facet normal  5.788711e-01  0.000000e+00 -8.154191e-01
   outer loop
     vertex  1.267228e+02  6.000000e+00  1.985239e+01
     vertex  1.266725e+02  0.000000e+00  1.981665e+01
     vertex  1.266725e+02  6.000000e+00  1.981665e+01
   endloop
 endfacet
 facet normal  5.562829e-01  0.000000e+00 -8.309929e-01
   outer loop
     vertex  1.267741e+02  6.000000e+00  1.988673e+01
     vertex  1.267741e+02  0.000000e+00  1.988673e+01
     vertex  1.267228e+02  6.000000e+00  1.985239e+01
   endloop
 endfacet
 facet normal  5.332761e-01  0.000000e+00 -8.459413e-01
   outer loop
     vertex  1.268264e+02  6.000000e+00  1.991965e+01
     vertex  1.268264e+02  0.000000e+00  1.991965e+01
     vertex  1.267741e+02  0.000000e+00  1.988673e+01
   endloop
 endfacet
 facet normal  5.098678e-01  0.000000e+00 -8.602528e-01
   outer loop
     vertex  1.268264e+02  6.000000e+00  1.991965e+01
     vertex  1.268795e+02  0.000000e+00  1.995112e+01
     vertex  1.268264e+02  0.000000e+00  1.991965e+01
   endloop
 endfacet
 facet normal  5.332761e-01  0.000000e+00 -8.459413e-01
   outer loop
     vertex  1.268264e+02  6.000000e+00  1.991965e+01
     vertex  1.267741e+02  0.000000e+00  1.988673e+01
     vertex  1.267741e+02  6.000000e+00  1.988673e+01
   endloop
 endfacet
 facet normal  5.098678e-01  0.000000e+00 -8.602528e-01
   outer loop
     vertex  1.268795e+02  6.000000e+00  1.995112e+01
     vertex  1.268795e+02  0.000000e+00  1.995112e+01
     vertex  1.268264e+02  6.000000e+00  1.991965e+01
   endloop
 endfacet
 facet normal  4.860756e-01  0.000000e+00 -8.739167e-01
   outer loop
     vertex  1.269334e+02  6.000000e+00  1.998113e+01
     vertex  1.269334e+02  0.000000e+00  1.998113e+01
     vertex  1.268795e+02  0.000000e+00  1.995112e+01
   endloop
 endfacet
 facet normal  4.860756e-01  0.000000e+00 -8.739167e-01
   outer loop
     vertex  1.269334e+02  6.000000e+00  1.998113e+01
     vertex  1.268795e+02  0.000000e+00  1.995112e+01
     vertex  1.268795e+02  6.000000e+00  1.995112e+01
   endloop
 endfacet
 facet normal  4.619176e-01  0.000000e+00 -8.869228e-01
   outer loop
     vertex  1.269882e+02  6.000000e+00  2.000965e+01
     vertex  1.269334e+02  0.000000e+00  1.998113e+01
     vertex  1.269334e+02  6.000000e+00  1.998113e+01
   endloop
 endfacet
 facet normal  4.619176e-01  0.000000e+00 -8.869228e-01
   outer loop
     vertex  1.269882e+02  6.000000e+00  2.000965e+01
     vertex  1.269882e+02  0.000000e+00  2.000965e+01
     vertex  1.269334e+02  0.000000e+00  1.998113e+01
   endloop
 endfacet
 facet normal  4.374119e-01  0.000000e+00 -8.992613e-01
   outer loop
     vertex  1.269882e+02  6.000000e+00  2.000965e+01
     vertex  1.270437e+02  0.000000e+00  2.003665e+01
     vertex  1.269882e+02  0.000000e+00  2.000965e+01
   endloop
 endfacet
 facet normal  4.374119e-01  0.000000e+00 -8.992613e-01
   outer loop
     vertex  1.270437e+02  6.000000e+00  2.003665e+01
     vertex  1.270437e+02  0.000000e+00  2.003665e+01
     vertex  1.269882e+02  6.000000e+00  2.000965e+01
   endloop
 endfacet
 facet normal  4.125769e-01  0.000000e+00 -9.109228e-01
   outer loop
     vertex  1.270999e+02  6.000000e+00  2.006212e+01
     vertex  1.270437e+02  0.000000e+00  2.003665e+01
     vertex  1.270437e+02  6.000000e+00  2.003665e+01
   endloop
 endfacet
 facet normal  4.125769e-01  0.000000e+00 -9.109228e-01
   outer loop
     vertex  1.270999e+02  6.000000e+00  2.006212e+01
     vertex  1.270999e+02  0.000000e+00  2.006212e+01
     vertex  1.270437e+02  0.000000e+00  2.003665e+01
   endloop
 endfacet
 facet normal  3.874313e-01  0.000000e+00 -9.218986e-01
   outer loop
     vertex  1.271568e+02  6.000000e+00  2.008604e+01
     vertex  1.270999e+02  0.000000e+00  2.006212e+01
     vertex  1.270999e+02  6.000000e+00  2.006212e+01
   endloop
 endfacet
 facet normal  3.874313e-01  0.000000e+00 -9.218986e-01
   outer loop
     vertex  1.271568e+02  6.000000e+00  2.008604e+01
     vertex  1.271568e+02  0.000000e+00  2.008604e+01
     vertex  1.270999e+02  0.000000e+00  2.006212e+01
   endloop
 endfacet
 facet normal  3.619940e-01  0.000000e+00 -9.321804e-01
   outer loop
     vertex  1.272144e+02  6.000000e+00  2.010838e+01
     vertex  1.271568e+02  0.000000e+00  2.008604e+01
     vertex  1.271568e+02  6.000000e+00  2.008604e+01
   endloop
 endfacet
 facet normal  3.619940e-01  0.000000e+00 -9.321804e-01
   outer loop
     vertex  1.272144e+02  6.000000e+00  2.010838e+01
     vertex  1.272144e+02  0.000000e+00  2.010838e+01
     vertex  1.271568e+02  0.000000e+00  2.008604e+01
   endloop
 endfacet
 facet normal  3.362843e-01  0.000000e+00 -9.417605e-01
   outer loop
     vertex  1.272725e+02  6.000000e+00  2.012914e+01
     vertex  1.272144e+02  0.000000e+00  2.010838e+01
     vertex  1.272144e+02  6.000000e+00  2.010838e+01
   endloop
 endfacet
 facet normal  3.362843e-01  0.000000e+00 -9.417605e-01
   outer loop
     vertex  1.272725e+02  6.000000e+00  2.012914e+01
     vertex  1.272725e+02  0.000000e+00  2.012914e+01
     vertex  1.272144e+02  0.000000e+00  2.010838e+01
   endloop
 endfacet
 facet normal  3.103214e-01  0.000000e+00 -9.506317e-01
   outer loop
     vertex  1.273312e+02  6.000000e+00  2.014830e+01
     vertex  1.272725e+02  0.000000e+00  2.012914e+01
     vertex  1.272725e+02  6.000000e+00  2.012914e+01
   endloop
 endfacet
 facet normal  3.103214e-01  0.000000e+00 -9.506317e-01
   outer loop
     vertex  1.273312e+02  6.000000e+00  2.014830e+01
     vertex  1.273312e+02  0.000000e+00  2.014830e+01
     vertex  1.272725e+02  0.000000e+00  2.012914e+01
   endloop
 endfacet
 facet normal  2.841250e-01  0.000000e+00 -9.587873e-01
   outer loop
     vertex  1.273312e+02  6.000000e+00  2.014830e+01
     vertex  1.273904e+02  0.000000e+00  2.016584e+01
     vertex  1.273312e+02  0.000000e+00  2.014830e+01
   endloop
 endfacet
 facet normal  2.841250e-01  0.000000e+00 -9.587873e-01
   outer loop
     vertex  1.273904e+02  6.000000e+00  2.016584e+01
     vertex  1.273904e+02  0.000000e+00  2.016584e+01
     vertex  1.273312e+02  6.000000e+00  2.014830e+01
   endloop
 endfacet
 facet normal  2.577146e-01  0.000000e+00 -9.662211e-01
   outer loop
     vertex  1.274500e+02  6.000000e+00  2.018175e+01
     vertex  1.273904e+02  0.000000e+00  2.016584e+01
     vertex  1.273904e+02  6.000000e+00  2.016584e+01
   endloop
 endfacet
 facet normal  2.577146e-01  0.000000e+00 -9.662211e-01
   outer loop
     vertex  1.274500e+02  6.000000e+00  2.018175e+01
     vertex  1.274500e+02  0.000000e+00  2.018175e+01
     vertex  1.273904e+02  0.000000e+00  2.016584e+01
   endloop
 endfacet
 facet normal  2.311102e-01  0.000000e+00 -9.729276e-01
   outer loop
     vertex  1.275101e+02  6.000000e+00  2.019601e+01
     vertex  1.274500e+02  0.000000e+00  2.018175e+01
     vertex  1.274500e+02  6.000000e+00  2.018175e+01
   endloop
 endfacet
 facet normal  2.311102e-01  0.000000e+00 -9.729276e-01
   outer loop
     vertex  1.275101e+02  6.000000e+00  2.019601e+01
     vertex  1.275101e+02  0.000000e+00  2.019601e+01
     vertex  1.274500e+02  0.000000e+00  2.018175e+01
   endloop
 endfacet
 facet normal  2.043319e-01  0.000000e+00 -9.789017e-01
   outer loop
     vertex  1.275705e+02  6.000000e+00  2.020863e+01
     vertex  1.275101e+02  0.000000e+00  2.019601e+01
     vertex  1.275101e+02  6.000000e+00  2.019601e+01
   endloop
 endfacet
 facet normal  2.043319e-01  0.000000e+00 -9.789017e-01
   outer loop
     vertex  1.275705e+02  6.000000e+00  2.020863e+01
     vertex  1.275705e+02  0.000000e+00  2.020863e+01
     vertex  1.275101e+02  0.000000e+00  2.019601e+01
   endloop
 endfacet
 facet normal  1.773998e-01  0.000000e+00 -9.841389e-01
   outer loop
     vertex  1.276313e+02  6.000000e+00  2.021958e+01
     vertex  1.275705e+02  0.000000e+00  2.020863e+01
     vertex  1.275705e+02  6.000000e+00  2.020863e+01
   endloop
 endfacet
 facet normal  1.773998e-01  0.000000e+00 -9.841389e-01
   outer loop
     vertex  1.276313e+02  6.000000e+00  2.021958e+01
     vertex  1.276313e+02  0.000000e+00  2.021958e+01
     vertex  1.275705e+02  0.000000e+00  2.020863e+01
   endloop
 endfacet
 facet normal  1.503341e-01  0.000000e+00 -9.886353e-01
   outer loop
     vertex  1.276923e+02  6.000000e+00  2.022886e+01
     vertex  1.276313e+02  0.000000e+00  2.021958e+01
     vertex  1.276313e+02  6.000000e+00  2.021958e+01
   endloop
 endfacet
 facet normal  1.503341e-01  0.000000e+00 -9.886353e-01
   outer loop
     vertex  1.276923e+02  6.000000e+00  2.022886e+01
     vertex  1.276923e+02  0.000000e+00  2.022886e+01
     vertex  1.276313e+02  0.000000e+00  2.021958e+01
   endloop
 endfacet
 facet normal  1.231552e-01  0.000000e+00 -9.923874e-01
   outer loop
     vertex  1.276923e+02  6.000000e+00  2.022886e+01
     vertex  1.277536e+02  0.000000e+00  2.023646e+01
     vertex  1.276923e+02  0.000000e+00  2.022886e+01
   endloop
 endfacet
 facet normal  1.231552e-01  0.000000e+00 -9.923874e-01
   outer loop
     vertex  1.277536e+02  6.000000e+00  2.023646e+01
     vertex  1.277536e+02  0.000000e+00  2.023646e+01
     vertex  1.276923e+02  6.000000e+00  2.022886e+01
   endloop
 endfacet
 facet normal  9.588368e-02  0.000000e+00 -9.953925e-01
   outer loop
     vertex  1.278150e+02  6.000000e+00  2.024238e+01
     vertex  1.278150e+02  0.000000e+00  2.024238e+01
     vertex  1.277536e+02  0.000000e+00  2.023646e+01
   endloop
 endfacet
 facet normal  6.853995e-02  0.000000e+00 -9.976484e-01
   outer loop
     vertex  1.278150e+02  6.000000e+00  2.024238e+01
     vertex  1.278766e+02  0.000000e+00  2.024661e+01
     vertex  1.278150e+02  0.000000e+00  2.024238e+01
   endloop
 endfacet
 facet normal  9.588368e-02  0.000000e+00 -9.953925e-01
   outer loop
     vertex  1.278150e+02  6.000000e+00  2.024238e+01
     vertex  1.277536e+02  0.000000e+00  2.023646e+01
     vertex  1.277536e+02  6.000000e+00  2.023646e+01
   endloop
 endfacet
 facet normal  6.853995e-02  0.000000e+00 -9.976484e-01
   outer loop
     vertex  1.278766e+02  6.000000e+00  2.024661e+01
     vertex  1.278766e+02  0.000000e+00  2.024661e+01
     vertex  1.278150e+02  6.000000e+00  2.024238e+01
   endloop
 endfacet
 facet normal  4.114462e-02  0.000000e+00 -9.991532e-01
   outer loop
     vertex  1.279383e+02  6.000000e+00  2.024915e+01
     vertex  1.279383e+02  0.000000e+00  2.024915e+01
     vertex  1.278766e+02  0.000000e+00  2.024661e+01
   endloop
 endfacet
 facet normal  4.114462e-02  0.000000e+00 -9.991532e-01
   outer loop
     vertex  1.279383e+02  6.000000e+00  2.024915e+01
     vertex  1.278766e+02  0.000000e+00  2.024661e+01
     vertex  1.278766e+02  6.000000e+00  2.024661e+01
   endloop
 endfacet
 facet normal  1.371831e-02  0.000000e+00 -9.999059e-01
   outer loop
     vertex  1.280000e+02  6.000000e+00  2.025000e+01
     vertex  1.280000e+02  0.000000e+00  2.025000e+01
     vertex  1.279383e+02  0.000000e+00  2.024915e+01
   endloop
 endfacet
 facet normal  1.371831e-02  0.000000e+00 -9.999059e-01
   outer loop
     vertex  1.280000e+02  6.000000e+00  2.025000e+01
     vertex  1.279383e+02  0.000000e+00  2.024915e+01
     vertex  1.279383e+02  6.000000e+00  2.024915e+01
   endloop
 endfacet
 facet normal  0.000000e+00  0.000000e+00  1.000000e+00
   outer loop
     vertex  1.180000e+02  6.135000e+01  3.000000e+00
     vertex  0.000000e+00  2.685000e+01  3.000000e+00
     vertex  1.180000e+02  2.685000e+01  3.000000e+00
   endloop
 endfacet
 facet normal  0.000000e+00  0.000000e+00  1.000000e+00
   outer loop
     vertex  1.180000e+02  7.535000e+01  3.000000e+00
     vertex  0.000000e+00  1.098500e+02  3.000000e+00
     vertex  0.000000e+00  2.685000e+01  3.000000e+00
   endloop
 endfacet
 facet normal  0.000000e+00  0.000000e+00  1.000000e+00
   outer loop
     vertex  1.180000e+02  7.535000e+01  3.000000e+00
     vertex  0.000000e+00  2.685000e+01  3.000000e+00
     vertex  1.180000e+02  6.135000e+01  3.000000e+00
   endloop
 endfacet
 facet normal  0.000000e+00  0.000000e+00  1.000000e+00
   outer loop
     vertex  1.180000e+02  1.098500e+02  3.000000e+00
     vertex  0.000000e+00  1.098500e+02  3.000000e+00
     vertex  1.180000e+02  7.535000e+01  3.000000e+00
   endloop
 endfacet
 facet normal  0.000000e+00  1.371831e-02 -9.999059e-01
   outer loop
     vertex  5.000000e+00  1.496571e+01  1.924953e+01
     vertex  0.000000e+00  1.500000e+01  1.925000e+01
     vertex  5.000000e+00  1.500000e+01  1.925000e+01
   endloop
 endfacet
 facet normal  0.000000e+00  1.371831e-02 -9.999059e-01
   outer loop
     vertex  5.000000e+00  1.496571e+01  1.924953e+01
     vertex  0.000000e+00  1.496571e+01  1.924953e+01
     vertex  0.000000e+00  1.500000e+01  1.925000e+01
   endloop
 endfacet
 facet normal  0.000000e+00  4.114462e-02 -9.991532e-01
   outer loop
     vertex  5.000000e+00  1.493144e+01  1.924812e+01
     vertex  0.000000e+00  1.493144e+01  1.924812e+01
     vertex  0.000000e+00  1.496571e+01  1.924953e+01
   endloop
 endfacet
 facet normal  0.000000e+00  6.853995e-02 -9.976484e-01
   outer loop
     vertex  5.000000e+00  1.493144e+01  1.924812e+01
     vertex  0.000000e+00  1.489723e+01  1.924577e+01
     vertex  0.000000e+00  1.493144e+01  1.924812e+01
   endloop
 endfacet
 facet normal  0.000000e+00  4.114462e-02 -9.991532e-01
   outer loop
     vertex  5.000000e+00  1.493144e+01  1.924812e+01
     vertex  0.000000e+00  1.496571e+01  1.924953e+01
     vertex  5.000000e+00  1.496571e+01  1.924953e+01
   endloop
 endfacet
 facet normal  0.000000e+00  6.853995e-02 -9.976484e-01
   outer loop
     vertex  5.000000e+00  1.489723e+01  1.924577e+01
     vertex  0.000000e+00  1.489723e+01  1.924577e+01
     vertex  5.000000e+00  1.493144e+01  1.924812e+01
   endloop
 endfacet
 facet normal  0.000000e+00  9.588368e-02 -9.953925e-01
   outer loop
     vertex  5.000000e+00  1.486309e+01  1.924248e+01
     vertex  0.000000e+00  1.486309e+01  1.924248e+01
     vertex  0.000000e+00  1.489723e+01  1.924577e+01
   endloop
 endfacet
 facet normal  0.000000e+00  9.588368e-02 -9.953925e-01
   outer loop
     vertex  5.000000e+00  1.486309e+01  1.924248e+01
     vertex  0.000000e+00  1.489723e+01  1.924577e+01
     vertex  5.000000e+00  1.489723e+01  1.924577e+01
   endloop
 endfacet
 facet normal  0.000000e+00  1.231552e-01 -9.923874e-01
   outer loop
     vertex  5.000000e+00  1.482905e+01  1.923826e+01
     vertex  0.000000e+00  1.482905e+01  1.923826e+01
     vertex  0.000000e+00  1.486309e+01  1.924248e+01
   endloop
 endfacet
 facet normal  0.000000e+00  1.503341e-01 -9.886353e-01
   outer loop
     vertex  5.000000e+00  1.482905e+01  1.923826e+01
     vertex  0.000000e+00  1.479515e+01  1.923310e+01
     vertex  0.000000e+00  1.482905e+01  1.923826e+01
   endloop
 endfacet
 facet normal  0.000000e+00  1.231552e-01 -9.923874e-01
   outer loop
     vertex  5.000000e+00  1.482905e+01  1.923826e+01
     vertex  0.000000e+00  1.486309e+01  1.924248e+01
     vertex  5.000000e+00  1.486309e+01  1.924248e+01
   endloop
 endfacet
 facet normal  0.000000e+00  1.503341e-01 -9.886353e-01
   outer loop
     vertex  5.000000e+00  1.479515e+01  1.923310e+01
     vertex  0.000000e+00  1.479515e+01  1.923310e+01
     vertex  5.000000e+00  1.482905e+01  1.923826e+01
   endloop
 endfacet
 facet normal  0.000000e+00  1.773998e-01 -9.841389e-01
   outer loop
     vertex  5.000000e+00  1.476140e+01  1.922702e+01
     vertex  0.000000e+00  1.476140e+01  1.922702e+01
     vertex  0.000000e+00  1.479515e+01  1.923310e+01
   endloop
 endfacet
 facet normal  0.000000e+00  1.773998e-01 -9.841389e-01
   outer loop
     vertex  5.000000e+00  1.476140e+01  1.922702e+01
     vertex  0.000000e+00  1.479515e+01  1.923310e+01
     vertex  5.000000e+00  1.479515e+01  1.923310e+01
   endloop
 endfacet
 facet normal  0.000000e+00  2.043319e-01 -9.789017e-01
   outer loop
     vertex  5.000000e+00  1.472782e+01  1.922001e+01
     vertex  0.000000e+00  1.472782e+01  1.922001e+01
     vertex  0.000000e+00  1.476140e+01  1.922702e+01
   endloop
 endfacet
 facet normal  0.000000e+00  2.043319e-01 -9.789017e-01
   outer loop
     vertex  5.000000e+00  1.472782e+01  1.922001e+01
     vertex  0.000000e+00  1.476140e+01  1.922702e+01
     vertex  5.000000e+00  1.476140e+01  1.922702e+01
   endloop
 endfacet
 facet normal  0.000000e+00  2.311102e-01 -9.729276e-01
   outer loop
     vertex  5.000000e+00  1.469446e+01  1.921208e+01
     vertex  0.000000e+00  1.469446e+01  1.921208e+01
     vertex  0.000000e+00  1.472782e+01  1.922001e+01
   endloop
 endfacet
 facet normal  0.000000e+00  2.311102e-01 -9.729276e-01
   outer loop
     vertex  5.000000e+00  1.469446e+01  1.921208e+01
     vertex  0.000000e+00  1.472782e+01  1.922001e+01
     vertex  5.000000e+00  1.472782e+01  1.922001e+01
   endloop
 endfacet
 facet normal  0.000000e+00  2.577146e-01 -9.662211e-01
   outer loop
     vertex  5.000000e+00  1.466132e+01  1.920324e+01
     vertex  0.000000e+00  1.469446e+01  1.921208e+01
     vertex  5.000000e+00  1.469446e+01  1.921208e+01
   endloop
 endfacet
 facet normal  0.000000e+00  2.577146e-01 -9.662211e-01
   outer loop
     vertex  5.000000e+00  1.466132e+01  1.920324e+01
     vertex  0.000000e+00  1.466132e+01  1.920324e+01
     vertex  0.000000e+00  1.469446e+01  1.921208e+01
   endloop
 endfacet
 facet normal  0.000000e+00  2.841250e-01 -9.587873e-01
   outer loop
     vertex  5.000000e+00  1.466132e+01  1.920324e+01
     vertex  0.000000e+00  1.462844e+01  1.919350e+01
     vertex  0.000000e+00  1.466132e+01  1.920324e+01
   endloop
 endfacet
 facet normal  0.000000e+00  2.841250e-01 -9.587873e-01
   outer loop
     vertex  5.000000e+00  1.462844e+01  1.919350e+01
     vertex  0.000000e+00  1.462844e+01  1.919350e+01
     vertex  5.000000e+00  1.466132e+01  1.920324e+01
   endloop
 endfacet
 facet normal  0.000000e+00  3.103214e-01 -9.506317e-01
   outer loop
     vertex  5.000000e+00  1.462844e+01  1.919350e+01
     vertex  0.000000e+00  1.459583e+01  1.918286e+01
     vertex  0.000000e+00  1.462844e+01  1.919350e+01
   endloop
 endfacet
 facet normal  0.000000e+00  3.103214e-01 -9.506317e-01
   outer loop
     vertex  5.000000e+00  1.459583e+01  1.918286e+01
     vertex  0.000000e+00  1.459583e+01  1.918286e+01
     vertex  5.000000e+00  1.462844e+01  1.919350e+01
   endloop
 endfacet
 facet normal  0.000000e+00  3.362843e-01 -9.417605e-01
   outer loop
     vertex  5.000000e+00  1.456353e+01  1.917132e+01
     vertex  0.000000e+00  1.459583e+01  1.918286e+01
     vertex  5.000000e+00  1.459583e+01  1.918286e+01
   endloop
 endfacet
 facet normal  0.000000e+00  3.362843e-01 -9.417605e-01
   outer loop
     vertex  5.000000e+00  1.456353e+01  1.917132e+01
     vertex  0.000000e+00  1.456353e+01  1.917132e+01
     vertex  0.000000e+00  1.459583e+01  1.918286e+01
   endloop
 endfacet
 facet normal  0.000000e+00  3.619940e-01 -9.321804e-01
   outer loop
     vertex  5.000000e+00  1.456353e+01  1.917132e+01
     vertex  0.000000e+00  1.453157e+01  1.915891e+01
     vertex  0.000000e+00  1.456353e+01  1.917132e+01
   endloop
 endfacet
 facet normal  0.000000e+00  3.619940e-01 -9.321804e-01
   outer loop
     vertex  5.000000e+00  1.453157e+01  1.915891e+01
     vertex  0.000000e+00  1.453157e+01  1.915891e+01
     vertex  5.000000e+00  1.456353e+01  1.917132e+01
   endloop
 endfacet
 facet normal  0.000000e+00  3.874313e-01 -9.218986e-01
   outer loop
     vertex  5.000000e+00  1.449995e+01  1.914562e+01
     vertex  0.000000e+00  1.453157e+01  1.915891e+01
     vertex  5.000000e+00  1.453157e+01  1.915891e+01
   endloop
 endfacet
 facet normal  0.000000e+00  3.874313e-01 -9.218986e-01
   outer loop
     vertex  5.000000e+00  1.449995e+01  1.914562e+01
     vertex  0.000000e+00  1.449995e+01  1.914562e+01
     vertex  0.000000e+00  1.453157e+01  1.915891e+01
   endloop
 endfacet
 facet normal  0.000000e+00  4.125769e-01 -9.109228e-01
   outer loop
     vertex  5.000000e+00  1.446871e+01  1.913147e+01
     vertex  0.000000e+00  1.449995e+01  1.914562e+01
     vertex  5.000000e+00  1.449995e+01  1.914562e+01
   endloop
 endfacet
 facet normal  0.000000e+00  4.125769e-01 -9.109228e-01
   outer loop
     vertex  5.000000e+00  1.446871e+01  1.913147e+01
     vertex  0.000000e+00  1.446871e+01  1.913147e+01
     vertex  0.000000e+00  1.449995e+01  1.914562e+01
   endloop
 endfacet
 facet normal  0.000000e+00  4.374119e-01 -8.992613e-01
   outer loop
     vertex  5.000000e+00  1.443787e+01  1.911647e+01
     vertex  0.000000e+00  1.446871e+01  1.913147e+01
     vertex  5.000000e+00  1.446871e+01  1.913147e+01
   endloop
 endfacet
 facet normal  0.000000e+00  4.374119e-01 -8.992613e-01
   outer loop
     vertex  5.000000e+00  1.443787e+01  1.911647e+01
     vertex  0.000000e+00  1.443787e+01  1.911647e+01
     vertex  0.000000e+00  1.446871e+01  1.913147e+01
   endloop
 endfacet
 facet normal  0.000000e+00  4.619176e-01 -8.869228e-01
   outer loop
     vertex  5.000000e+00  1.440745e+01  1.910063e+01
     vertex  0.000000e+00  1.443787e+01  1.911647e+01
     vertex  5.000000e+00  1.443787e+01  1.911647e+01
   endloop
 endfacet
 facet normal  0.000000e+00  4.619176e-01 -8.869228e-01
   outer loop
     vertex  5.000000e+00  1.440745e+01  1.910063e+01
     vertex  0.000000e+00  1.440745e+01  1.910063e+01
     vertex  0.000000e+00  1.443787e+01  1.911647e+01
   endloop
 endfacet
 facet normal  0.000000e+00  4.860756e-01 -8.739167e-01
   outer loop
     vertex  5.000000e+00  1.437748e+01  1.908396e+01
     vertex  0.000000e+00  1.440745e+01  1.910063e+01
     vertex  5.000000e+00  1.440745e+01  1.910063e+01
   endloop
 endfacet
 facet normal  0.000000e+00  4.860756e-01 -8.739167e-01
   outer loop
     vertex  5.000000e+00  1.437748e+01  1.908396e+01
     vertex  0.000000e+00  1.437748e+01  1.908396e+01
     vertex  0.000000e+00  1.440745e+01  1.910063e+01
   endloop
 endfacet
 facet normal  0.000000e+00  5.098678e-01 -8.602528e-01
   outer loop
     vertex  5.000000e+00  1.434797e+01  1.906647e+01
     vertex  0.000000e+00  1.437748e+01  1.908396e+01
     vertex  5.000000e+00  1.437748e+01  1.908396e+01
   endloop
 endfacet
 facet normal  0.000000e+00  5.098678e-01 -8.602528e-01
   outer loop
     vertex  5.000000e+00  1.434797e+01  1.906647e+01
     vertex  0.000000e+00  1.434797e+01  1.906647e+01
     vertex  0.000000e+00  1.437748e+01  1.908396e+01
   endloop
 endfacet
 facet normal  0.000000e+00  5.332761e-01 -8.459413e-01
   outer loop
     vertex  5.000000e+00  1.431896e+01  1.904818e+01
     vertex  0.000000e+00  1.434797e+01  1.906647e+01
     vertex  5.000000e+00  1.434797e+01  1.906647e+01
   endloop
 endfacet
 facet normal  0.000000e+00  5.332761e-01 -8.459413e-01
   outer loop
     vertex  5.000000e+00  1.431896e+01  1.904818e+01
     vertex  0.000000e+00  1.431896e+01  1.904818e+01
     vertex  0.000000e+00  1.434797e+01  1.906647e+01
   endloop
 endfacet
 facet normal  0.000000e+00  5.562829e-01 -8.309929e-01
   outer loop
     vertex  5.000000e+00  1.429046e+01  1.902910e+01
     vertex  0.000000e+00  1.429046e+01  1.902910e+01
     vertex  0.000000e+00  1.431896e+01  1.904818e+01
   endloop
 endfacet
 facet normal  0.000000e+00  5.562829e-01 -8.309929e-01
   outer loop
     vertex  5.000000e+00  1.429046e+01  1.902910e+01
     vertex  0.000000e+00  1.431896e+01  1.904818e+01
     vertex  5.000000e+00  1.431896e+01  1.904818e+01
   endloop
 endfacet
 facet normal  0.000000e+00  5.788711e-01 -8.154191e-01
   outer loop
     vertex  5.000000e+00  1.426250e+01  1.900925e+01
     vertex  0.000000e+00  1.426250e+01  1.900925e+01
     vertex  0.000000e+00  1.429046e+01  1.902910e+01
   endloop
 endfacet
 facet normal  0.000000e+00  5.788711e-01 -8.154191e-01
   outer loop
     vertex  5.000000e+00  1.426250e+01  1.900925e+01
     vertex  0.000000e+00  1.429046e+01  1.902910e+01
     vertex  5.000000e+00  1.429046e+01  1.902910e+01
   endloop
 endfacet
 facet normal  0.000000e+00  6.010234e-01 -7.992314e-01
   outer loop
     vertex  5.000000e+00  1.423509e+01  1.898864e+01
     vertex  0.000000e+00  1.423509e+01  1.898864e+01
     vertex  0.000000e+00  1.426250e+01  1.900925e+01
   endloop
 endfacet
 facet normal  0.000000e+00  6.010234e-01 -7.992314e-01
   outer loop
     vertex  5.000000e+00  1.423509e+01  1.898864e+01
     vertex  0.000000e+00  1.426250e+01  1.900925e+01
     vertex  5.000000e+00  1.426250e+01  1.900925e+01
   endloop
 endfacet
 facet normal  0.000000e+00  6.227234e-01 -7.824421e-01
   outer loop
     vertex  5.000000e+00  1.420825e+01  1.896728e+01
     vertex  0.000000e+00  1.420825e+01  1.896728e+01
     vertex  0.000000e+00  1.423509e+01  1.898864e+01
   endloop
 endfacet
 facet normal  0.000000e+00  6.439545e-01 -7.650637e-01
   outer loop
     vertex  5.000000e+00  1.420825e+01  1.896728e+01
     vertex  0.000000e+00  1.418201e+01  1.894520e+01
     vertex  0.000000e+00  1.420825e+01  1.896728e+01
   endloop
 endfacet
 facet normal  0.000000e+00  6.227234e-01 -7.824421e-01
   outer loop
     vertex  5.000000e+00  1.420825e+01  1.896728e+01
     vertex  0.000000e+00  1.423509e+01  1.898864e+01
     vertex  5.000000e+00  1.423509e+01  1.898864e+01
   endloop
 endfacet
 facet normal  0.000000e+00  6.439545e-01 -7.650637e-01
   outer loop
     vertex  5.000000e+00  1.418201e+01  1.894520e+01
     vertex  0.000000e+00  1.418201e+01  1.894520e+01
     vertex  5.000000e+00  1.420825e+01  1.896728e+01
   endloop
 endfacet
 facet normal  0.000000e+00  6.647010e-01 -7.471095e-01
   outer loop
     vertex  5.000000e+00  1.415639e+01  1.892240e+01
     vertex  0.000000e+00  1.415639e+01  1.892240e+01
     vertex  0.000000e+00  1.418201e+01  1.894520e+01
   endloop
 endfacet
 facet normal  0.000000e+00  6.647010e-01 -7.471095e-01
   outer loop
     vertex  5.000000e+00  1.415639e+01  1.892240e+01
     vertex  0.000000e+00  1.418201e+01  1.894520e+01
     vertex  5.000000e+00  1.418201e+01  1.894520e+01
   endloop
 endfacet
 facet normal  0.000000e+00  6.849470e-01 -7.285929e-01
   outer loop
     vertex  5.000000e+00  1.413140e+01  1.889891e+01
     vertex  0.000000e+00  1.413140e+01  1.889891e+01
     vertex  0.000000e+00  1.415639e+01  1.892240e+01
   endloop
 endfacet
 facet normal  0.000000e+00  6.849470e-01 -7.285929e-01
   outer loop
     vertex  5.000000e+00  1.413140e+01  1.889891e+01
     vertex  0.000000e+00  1.415639e+01  1.892240e+01
     vertex  5.000000e+00  1.415639e+01  1.892240e+01
   endloop
 endfacet
 facet normal  0.000000e+00  7.046775e-01 -7.095278e-01
   outer loop
     vertex  5.000000e+00  1.410707e+01  1.887474e+01
     vertex  0.000000e+00  1.410707e+01  1.887474e+01
     vertex  0.000000e+00  1.413140e+01  1.889891e+01
   endloop
 endfacet
 facet normal  0.000000e+00  7.046775e-01 -7.095278e-01
   outer loop
     vertex  5.000000e+00  1.410707e+01  1.887474e+01
     vertex  0.000000e+00  1.413140e+01  1.889891e+01
     vertex  5.000000e+00  1.413140e+01  1.889891e+01
   endloop
 endfacet
 facet normal  0.000000e+00  7.238775e-01 -6.899286e-01
   outer loop
     vertex  5.000000e+00  1.408341e+01  1.884992e+01
     vertex  0.000000e+00  1.408341e+01  1.884992e+01
     vertex  0.000000e+00  1.410707e+01  1.887474e+01
   endloop
 endfacet
 facet normal  0.000000e+00  7.238775e-01 -6.899286e-01
   outer loop
     vertex  5.000000e+00  1.408341e+01  1.884992e+01
     vertex  0.000000e+00  1.410707e+01  1.887474e+01
     vertex  5.000000e+00  1.410707e+01  1.887474e+01
   endloop
 endfacet
 facet normal  0.000000e+00  7.425325e-01 -6.698100e-01
   outer loop
     vertex  5.000000e+00  1.406044e+01  1.882445e+01
     vertex  0.000000e+00  1.406044e+01  1.882445e+01
     vertex  0.000000e+00  1.408341e+01  1.884992e+01
   endloop
 endfacet
 facet normal  0.000000e+00  7.425325e-01 -6.698100e-01
   outer loop
     vertex  5.000000e+00  1.406044e+01  1.882445e+01
     vertex  0.000000e+00  1.408341e+01  1.884992e+01
     vertex  5.000000e+00  1.408341e+01  1.884992e+01
   endloop
 endfacet
 facet normal  0.000000e+00  7.606287e-01 -6.491872e-01
   outer loop
     vertex  5.000000e+00  1.403817e+01  1.879836e+01
     vertex  0.000000e+00  1.403817e+01  1.879836e+01
     vertex  0.000000e+00  1.406044e+01  1.882445e+01
   endloop
 endfacet
 facet normal  0.000000e+00  7.606287e-01 -6.491872e-01
   outer loop
     vertex  5.000000e+00  1.403817e+01  1.879836e+01
     vertex  0.000000e+00  1.406044e+01  1.882445e+01
     vertex  5.000000e+00  1.406044e+01  1.882445e+01
   endloop
 endfacet
 facet normal  0.000000e+00  7.781522e-01 -6.280757e-01
   outer loop
     vertex  5.000000e+00  1.401663e+01  1.877168e+01
     vertex  0.000000e+00  1.401663e+01  1.877168e+01
     vertex  0.000000e+00  1.403817e+01  1.879836e+01
   endloop
 endfacet
 facet normal  0.000000e+00  7.781522e-01 -6.280757e-01
   outer loop
     vertex  5.000000e+00  1.401663e+01  1.877168e+01
     vertex  0.000000e+00  1.403817e+01  1.879836e+01
     vertex  5.000000e+00  1.403817e+01  1.879836e+01
   endloop
 endfacet
 facet normal  0.000000e+00  7.950900e-01 -6.064915e-01
   outer loop
     vertex  5.000000e+00  1.399583e+01  1.874441e+01
     vertex  0.000000e+00  1.399583e+01  1.874441e+01
     vertex  0.000000e+00  1.401663e+01  1.877168e+01
   endloop
 endfacet
 facet normal  0.000000e+00  7.950900e-01 -6.064915e-01
   outer loop
     vertex  5.000000e+00  1.399583e+01  1.874441e+01
     vertex  0.000000e+00  1.401663e+01  1.877168e+01
     vertex  5.000000e+00  1.401663e+01  1.877168e+01
   endloop
 endfacet
 facet normal  0.000000e+00  8.114292e-01 -5.844507e-01
   outer loop
     vertex  5.000000e+00  1.397579e+01  1.871658e+01
     vertex  0.000000e+00  1.397579e+01  1.871658e+01
     vertex  0.000000e+00  1.399583e+01  1.874441e+01
   endloop
 endfacet
 facet normal  0.000000e+00  8.114292e-01 -5.844507e-01
   outer loop
     vertex  5.000000e+00  1.397579e+01  1.871658e+01
     vertex  0.000000e+00  1.399583e+01  1.874441e+01
     vertex  5.000000e+00  1.399583e+01  1.874441e+01
   endloop
 endfacet
 facet normal  0.000000e+00  8.271577e-01 -5.619699e-01
   outer loop
     vertex  5.000000e+00  1.395651e+01  1.868821e+01
     vertex  0.000000e+00  1.397579e+01  1.871658e+01
     vertex  5.000000e+00  1.397579e+01  1.871658e+01
   endloop
 endfacet
 facet normal  0.000000e+00  8.271577e-01 -5.619699e-01
   outer loop
     vertex  5.000000e+00  1.395651e+01  1.868821e+01
     vertex  0.000000e+00  1.395651e+01  1.868821e+01
     vertex  0.000000e+00  1.397579e+01  1.871658e+01
   endloop
 endfacet
 facet normal  0.000000e+00  8.422635e-01 -5.390661e-01
   outer loop
     vertex  5.000000e+00  1.395651e+01  1.868821e+01
     vertex  0.000000e+00  1.393803e+01  1.865933e+01
     vertex  0.000000e+00  1.395651e+01  1.868821e+01
   endloop
 endfacet
 facet normal  0.000000e+00  8.422635e-01 -5.390661e-01
   outer loop
     vertex  5.000000e+00  1.393803e+01  1.865933e+01
     vertex  0.000000e+00  1.393803e+01  1.865933e+01
     vertex  5.000000e+00  1.395651e+01  1.868821e+01
   endloop
 endfacet
 facet normal  0.000000e+00  8.567352e-01 -5.157565e-01
   outer loop
     vertex  5.000000e+00  1.393803e+01  1.865933e+01
     vertex  0.000000e+00  1.392034e+01  1.862994e+01
     vertex  0.000000e+00  1.393803e+01  1.865933e+01
   endloop
 endfacet
 facet normal  0.000000e+00  8.567352e-01 -5.157565e-01
   outer loop
     vertex  5.000000e+00  1.392034e+01  1.862994e+01
     vertex  0.000000e+00  1.392034e+01  1.862994e+01
     vertex  5.000000e+00  1.393803e+01  1.865933e+01
   endloop
 endfacet
 facet normal  0.000000e+00  8.705620e-01 -4.920587e-01
   outer loop
     vertex  5.000000e+00  1.390346e+01  1.860009e+01
     vertex  0.000000e+00  1.392034e+01  1.862994e+01
     vertex  5.000000e+00  1.392034e+01  1.862994e+01
   endloop
 endfacet
 facet normal  0.000000e+00  8.705620e-01 -4.920587e-01
   outer loop
     vertex  5.000000e+00  1.390346e+01  1.860009e+01
     vertex  0.000000e+00  1.390346e+01  1.860009e+01
     vertex  0.000000e+00  1.392034e+01  1.862994e+01
   endloop
 endfacet
 facet normal  0.000000e+00  8.837335e-01 -4.679904e-01
   outer loop
     vertex  5.000000e+00  1.388741e+01  1.856978e+01
     vertex  0.000000e+00  1.390346e+01  1.860009e+01
     vertex  5.000000e+00  1.390346e+01  1.860009e+01
   endloop
 endfacet
 facet normal  0.000000e+00  8.837335e-01 -4.679904e-01
   outer loop
     vertex  5.000000e+00  1.388741e+01  1.856978e+01
     vertex  0.000000e+00  1.388741e+01  1.856978e+01
     vertex  0.000000e+00  1.390346e+01  1.860009e+01
   endloop
 endfacet
 facet normal  0.000000e+00  8.962398e-01 -4.435699e-01
   outer loop
     vertex  5.000000e+00  1.387220e+01  1.853904e+01
     vertex  0.000000e+00  1.388741e+01  1.856978e+01
     vertex  5.000000e+00  1.388741e+01  1.856978e+01
   endloop
 endfacet
 facet normal  0.000000e+00  8.962398e-01 -4.435699e-01
   outer loop
     vertex  5.000000e+00  1.387220e+01  1.853904e+01
     vertex  0.000000e+00  1.387220e+01  1.853904e+01
     vertex  0.000000e+00  1.388741e+01  1.856978e+01
   endloop
 endfacet
 facet normal  0.000000e+00  9.080714e-01 -4.188155e-01
   outer loop
     vertex  5.000000e+00  1.385784e+01  1.850790e+01
     vertex  0.000000e+00  1.387220e+01  1.853904e+01
     vertex  5.000000e+00  1.387220e+01  1.853904e+01
   endloop
 endfacet
 facet normal  0.000000e+00  9.080714e-01 -4.188155e-01
   outer loop
     vertex  5.000000e+00  1.385784e+01  1.850790e+01
     vertex  0.000000e+00  1.385784e+01  1.850790e+01
     vertex  0.000000e+00  1.387220e+01  1.853904e+01
   endloop
 endfacet
 facet normal  0.000000e+00  9.192194e-01 -3.937458e-01
   outer loop
     vertex  5.000000e+00  1.384433e+01  1.847637e+01
     vertex  0.000000e+00  1.385784e+01  1.850790e+01
     vertex  5.000000e+00  1.385784e+01  1.850790e+01
   endloop
 endfacet
 facet normal  0.000000e+00  9.192194e-01 -3.937458e-01
   outer loop
     vertex  5.000000e+00  1.384433e+01  1.847637e+01
     vertex  0.000000e+00  1.384433e+01  1.847637e+01
     vertex  0.000000e+00  1.385784e+01  1.850790e+01
   endloop
 endfacet
 facet normal  0.000000e+00  9.296754e-01 -3.683796e-01
   outer loop
     vertex  5.000000e+00  1.383170e+01  1.844449e+01
     vertex  0.000000e+00  1.384433e+01  1.847637e+01
     vertex  5.000000e+00  1.384433e+01  1.847637e+01
   endloop
 endfacet
 facet normal  0.000000e+00  9.296754e-01 -3.683796e-01
   outer loop
     vertex  5.000000e+00  1.383170e+01  1.844449e+01
     vertex  0.000000e+00  1.383170e+01  1.844449e+01
     vertex  0.000000e+00  1.384433e+01  1.847637e+01
   endloop
 endfacet
 facet normal  0.000000e+00  9.394317e-01 -3.427362e-01
   outer loop
     vertex  5.000000e+00  1.381994e+01  1.841227e+01
     vertex  0.000000e+00  1.383170e+01  1.844449e+01
     vertex  5.000000e+00  1.383170e+01  1.844449e+01
   endloop
 endfacet
 facet normal  0.000000e+00  9.394317e-01 -3.427362e-01
   outer loop
     vertex  5.000000e+00  1.381994e+01  1.841227e+01
     vertex  0.000000e+00  1.381994e+01  1.841227e+01
     vertex  0.000000e+00  1.383170e+01  1.844449e+01
   endloop
 endfacet
 facet normal  0.000000e+00  9.484807e-01 -3.168348e-01
   outer loop
     vertex  5.000000e+00  1.380908e+01  1.837974e+01
     vertex  0.000000e+00  1.381994e+01  1.841227e+01
     vertex  5.000000e+00  1.381994e+01  1.841227e+01
   endloop
 endfacet
 facet normal  0.000000e+00  9.484807e-01 -3.168348e-01
   outer loop
     vertex  5.000000e+00  1.380908e+01  1.837974e+01
     vertex  0.000000e+00  1.380908e+01  1.837974e+01
     vertex  0.000000e+00  1.381994e+01  1.841227e+01
   endloop
 endfacet
 facet normal  0.000000e+00  9.568158e-01 -2.906949e-01
   outer loop
     vertex  5.000000e+00  1.379911e+01  1.834693e+01
     vertex  0.000000e+00  1.380908e+01  1.837974e+01
     vertex  5.000000e+00  1.380908e+01  1.837974e+01
   endloop
 endfacet
 facet normal  0.000000e+00  9.568158e-01 -2.906949e-01
   outer loop
     vertex  5.000000e+00  1.379911e+01  1.834693e+01
     vertex  0.000000e+00  1.379911e+01  1.834693e+01
     vertex  0.000000e+00  1.380908e+01  1.837974e+01
   endloop
 endfacet
 facet normal  0.000000e+00  9.644306e-01 -2.643362e-01
   outer loop
     vertex  5.000000e+00  1.379911e+01  1.834693e+01
     vertex  0.000000e+00  1.379004e+01  1.831385e+01
     vertex  0.000000e+00  1.379911e+01  1.834693e+01
   endloop
 endfacet
 facet normal  0.000000e+00  9.644306e-01 -2.643362e-01
   outer loop
     vertex  5.000000e+00  1.379004e+01  1.831385e+01
     vertex  0.000000e+00  1.379004e+01  1.831385e+01
     vertex  5.000000e+00  1.379911e+01  1.834693e+01
   endloop
 endfacet
 facet normal  0.000000e+00  9.713194e-01 -2.377784e-01
   outer loop
     vertex  5.000000e+00  1.379004e+01  1.831385e+01
     vertex  0.000000e+00  1.378189e+01  1.828054e+01
     vertex  0.000000e+00  1.379004e+01  1.831385e+01
   endloop
 endfacet
 facet normal  0.000000e+00  9.713194e-01 -2.377784e-01
   outer loop
     vertex  5.000000e+00  1.378189e+01  1.828054e+01
     vertex  0.000000e+00  1.378189e+01  1.828054e+01
     vertex  5.000000e+00  1.379004e+01  1.831385e+01
   endloop
 endfacet
 facet normal  0.000000e+00  9.774771e-01 -2.110417e-01
   outer loop
     vertex  5.000000e+00  1.377465e+01  1.824702e+01
     vertex  0.000000e+00  1.378189e+01  1.828054e+01
     vertex  5.000000e+00  1.378189e+01  1.828054e+01
   endloop
 endfacet
 facet normal  0.000000e+00  9.774771e-01 -2.110417e-01
   outer loop
     vertex  5.000000e+00  1.377465e+01  1.824702e+01
     vertex  0.000000e+00  1.377465e+01  1.824702e+01
     vertex  0.000000e+00  1.378189e+01  1.828054e+01
   endloop
 endfacet
 facet normal  0.000000e+00  9.828989e-01 -1.841461e-01
   outer loop
     vertex  5.000000e+00  1.377465e+01  1.824702e+01
     vertex  0.000000e+00  1.376833e+01  1.821331e+01
     vertex  0.000000e+00  1.377465e+01  1.824702e+01
   endloop
 endfacet
 facet normal  0.000000e+00  9.828989e-01 -1.841461e-01
   outer loop
     vertex  5.000000e+00  1.376833e+01  1.821331e+01
     vertex  0.000000e+00  1.376833e+01  1.821331e+01
     vertex  5.000000e+00  1.377465e+01  1.824702e+01
   endloop
 endfacet
 facet normal  0.000000e+00  9.875808e-01 -1.571119e-01
   outer loop
     vertex  5.000000e+00  1.376833e+01  1.821331e+01
     vertex  0.000000e+00  1.376295e+01  1.817944e+01
     vertex  0.000000e+00  1.376833e+01  1.821331e+01
   endloop
 endfacet
 facet normal  0.000000e+00  9.875808e-01 -1.571119e-01
   outer loop
     vertex  5.000000e+00  1.376295e+01  1.817944e+01
     vertex  0.000000e+00  1.376295e+01  1.817944e+01
     vertex  5.000000e+00  1.376833e+01  1.821331e+01
   endloop
 endfacet
 facet normal  0.000000e+00  9.915193e-01 -1.299594e-01
   outer loop
     vertex  5.000000e+00  1.375849e+01  1.814543e+01
     vertex  0.000000e+00  1.376295e+01  1.817944e+01
     vertex  5.000000e+00  1.376295e+01  1.817944e+01
   endloop
 endfacet
 facet normal  0.000000e+00  9.915193e-01 -1.299594e-01
   outer loop
     vertex  5.000000e+00  1.375849e+01  1.814543e+01
     vertex  0.000000e+00  1.375849e+01  1.814543e+01
     vertex  0.000000e+00  1.376295e+01  1.817944e+01
   endloop
 endfacet
 facet normal  0.000000e+00  9.947114e-01 -1.027091e-01
   outer loop
     vertex  5.000000e+00  1.375849e+01  1.814543e+01
     vertex  0.000000e+00  1.375497e+01  1.811132e+01
     vertex  0.000000e+00  1.375849e+01  1.814543e+01
   endloop
 endfacet
 facet normal  0.000000e+00  9.947114e-01 -1.027091e-01
   outer loop
     vertex  5.000000e+00  1.375497e+01  1.811132e+01
     vertex  0.000000e+00  1.375497e+01  1.811132e+01
     vertex  5.000000e+00  1.375849e+01  1.814543e+01
   endloop
 endfacet
 facet normal  0.000000e+00  9.971548e-01 -7.538152e-02
   outer loop
     vertex  5.000000e+00  1.375238e+01  1.807712e+01
     vertex  0.000000e+00  1.375497e+01  1.811132e+01
     vertex  5.000000e+00  1.375497e+01  1.811132e+01
   endloop
 endfacet
 facet normal  0.000000e+00  9.971548e-01 -7.538152e-02
   outer loop
     vertex  5.000000e+00  1.375238e+01  1.807712e+01
     vertex  0.000000e+00  1.375238e+01  1.807712e+01
     vertex  0.000000e+00  1.375497e+01  1.811132e+01
   endloop
 endfacet
 facet normal  0.000000e+00  9.988475e-01 -4.799716e-02
   outer loop
     vertex  5.000000e+00  1.375238e+01  1.807712e+01
     vertex  0.000000e+00  1.375074e+01  1.804286e+01
     vertex  0.000000e+00  1.375238e+01  1.807712e+01
   endloop
 endfacet
 facet normal  0.000000e+00  9.997883e-01 -2.057667e-02
   outer loop
     vertex  5.000000e+00  1.375074e+01  1.804286e+01
     vertex  0.000000e+00  1.375003e+01  1.800857e+01
     vertex  0.000000e+00  1.375074e+01  1.804286e+01
   endloop
 endfacet
 facet normal  0.000000e+00  9.988475e-01 -4.799716e-02
   outer loop
     vertex  5.000000e+00  1.375074e+01  1.804286e+01
     vertex  0.000000e+00  1.375074e+01  1.804286e+01
     vertex  5.000000e+00  1.375238e+01  1.807712e+01
   endloop
 endfacet
 facet normal  0.000000e+00  9.997883e-01 -2.057667e-02
   outer loop
     vertex  5.000000e+00  1.375003e+01  1.800857e+01
     vertex  0.000000e+00  1.375003e+01  1.800857e+01
     vertex  5.000000e+00  1.375074e+01  1.804286e+01
   endloop
 endfacet
 facet normal  0.000000e+00  9.999765e-01  6.859319e-03
   outer loop
     vertex  5.000000e+00  1.375026e+01  1.797428e+01
     vertex  0.000000e+00  1.375026e+01  1.797428e+01
     vertex  0.000000e+00  1.375003e+01  1.800857e+01
   endloop
 endfacet
 facet normal  0.000000e+00  9.999765e-01  6.859319e-03
   outer loop
     vertex  5.000000e+00  1.375026e+01  1.797428e+01
     vertex  0.000000e+00  1.375003e+01  1.800857e+01
     vertex  5.000000e+00  1.375003e+01  1.800857e+01
   endloop
 endfacet
 facet normal  0.000000e+00  9.994119e-01  3.429014e-02
   outer loop
     vertex  5.000000e+00  1.375144e+01  1.794000e+01
     vertex  0.000000e+00  1.375144e+01  1.794000e+01
     vertex  0.000000e+00  1.375026e+01  1.797428e+01
   endloop
 endfacet
 facet normal  0.000000e+00  9.994119e-01  3.429014e-02
   outer loop
     vertex  5.000000e+00  1.375144e+01  1.794000e+01
     vertex  0.000000e+00  1.375026e+01  1.797428e+01
     vertex  5.000000e+00  1.375026e+01  1.797428e+01
   endloop
 endfacet
 facet normal  0.000000e+00  9.980950e-01  6.169515e-02
   outer loop
     vertex  5.000000e+00  1.375356e+01  1.790577e+01
     vertex  0.000000e+00  1.375356e+01  1.790577e+01
     vertex  0.000000e+00  1.375144e+01  1.794000e+01
   endloop
 endfacet
 facet normal  0.000000e+00  9.980950e-01  6.169515e-02
   outer loop
     vertex  5.000000e+00  1.375356e+01  1.790577e+01
     vertex  0.000000e+00  1.375144e+01  1.794000e+01
     vertex  5.000000e+00  1.375144e+01  1.794000e+01
   endloop
 endfacet
 facet normal  0.000000e+00  9.960268e-01  8.905371e-02
   outer loop
     vertex  5.000000e+00  1.375661e+01  1.787161e+01
     vertex  0.000000e+00  1.375356e+01  1.790577e+01
     vertex  5.000000e+00  1.375356e+01  1.790577e+01
   endloop
 endfacet
 facet normal  0.000000e+00  9.960268e-01  8.905371e-02
   outer loop
     vertex  5.000000e+00  1.375661e+01  1.787161e+01
     vertex  0.000000e+00  1.375661e+01  1.787161e+01
     vertex  0.000000e+00  1.375356e+01  1.790577e+01
   endloop
 endfacet
 facet normal  0.000000e+00  9.932088e-01  1.163452e-01
   outer loop
     vertex  5.000000e+00  1.376060e+01  1.783755e+01
     vertex  0.000000e+00  1.375661e+01  1.787161e+01
     vertex  5.000000e+00  1.375661e+01  1.787161e+01
   endloop
 endfacet
 facet normal  0.000000e+00  9.932088e-01  1.163452e-01
   outer loop
     vertex  5.000000e+00  1.376060e+01  1.783755e+01
     vertex  0.000000e+00  1.376060e+01  1.783755e+01
     vertex  0.000000e+00  1.375661e+01  1.787161e+01
   endloop
 endfacet
 facet normal  0.000000e+00  9.896432e-01  1.435492e-01
   outer loop
     vertex  5.000000e+00  1.376060e+01  1.783755e+01
     vertex  0.000000e+00  1.376552e+01  1.780361e+01
     vertex  0.000000e+00  1.376060e+01  1.783755e+01
   endloop
 endfacet
 facet normal  0.000000e+00  9.896432e-01  1.435492e-01
   outer loop
     vertex  5.000000e+00  1.376552e+01  1.780361e+01
     vertex  0.000000e+00  1.376552e+01  1.780361e+01
     vertex  5.000000e+00  1.376060e+01  1.783755e+01
   endloop
 endfacet
 facet normal  0.000000e+00  9.853326e-01  1.706451e-01
   outer loop
     vertex  5.000000e+00  1.377138e+01  1.776982e+01
     vertex  0.000000e+00  1.376552e+01  1.780361e+01
     vertex  5.000000e+00  1.376552e+01  1.780361e+01
   endloop
 endfacet
 facet normal  0.000000e+00  9.853326e-01  1.706451e-01
   outer loop
     vertex  5.000000e+00  1.377138e+01  1.776982e+01
     vertex  0.000000e+00  1.377138e+01  1.776982e+01
     vertex  0.000000e+00  1.376552e+01  1.780361e+01
   endloop
 endfacet
 facet normal  0.000000e+00  9.802802e-01  1.976125e-01
   outer loop
     vertex  5.000000e+00  1.377815e+01  1.773620e+01
     vertex  0.000000e+00  1.377138e+01  1.776982e+01
     vertex  5.000000e+00  1.377138e+01  1.776982e+01
   endloop
 endfacet
 facet normal  0.000000e+00  9.802802e-01  1.976125e-01
   outer loop
     vertex  5.000000e+00  1.377815e+01  1.773620e+01
     vertex  0.000000e+00  1.377815e+01  1.773620e+01
     vertex  0.000000e+00  1.377138e+01  1.776982e+01
   endloop
 endfacet
 facet normal  0.000000e+00  9.744899e-01  2.244312e-01
   outer loop
     vertex  5.000000e+00  1.377815e+01  1.773620e+01
     vertex  0.000000e+00  1.378585e+01  1.770278e+01
     vertex  0.000000e+00  1.377815e+01  1.773620e+01
   endloop
 endfacet
 facet normal  0.000000e+00  9.744899e-01  2.244312e-01
   outer loop
     vertex  5.000000e+00  1.378585e+01  1.770278e+01
     vertex  0.000000e+00  1.378585e+01  1.770278e+01
     vertex  5.000000e+00  1.377815e+01  1.773620e+01
   endloop
 endfacet
 facet normal  0.000000e+00  9.679661e-01  2.510809e-01
   outer loop
     vertex  5.000000e+00  1.379446e+01  1.766958e+01
     vertex  0.000000e+00  1.378585e+01  1.770278e+01
     vertex  5.000000e+00  1.378585e+01  1.770278e+01
   endloop
 endfacet
 facet normal  0.000000e+00  9.679661e-01  2.510809e-01
   outer loop
     vertex  5.000000e+00  1.379446e+01  1.766958e+01
     vertex  0.000000e+00  1.379446e+01  1.766958e+01
     vertex  0.000000e+00  1.378585e+01  1.770278e+01
   endloop
 endfacet
 facet normal  0.000000e+00  9.607136e-01  2.775416e-01
   outer loop
     vertex  5.000000e+00  1.379446e+01  1.766958e+01
     vertex  0.000000e+00  1.380398e+01  1.763663e+01
     vertex  0.000000e+00  1.379446e+01  1.766958e+01
   endloop
 endfacet
 facet normal  0.000000e+00  9.607136e-01  2.775416e-01
   outer loop
     vertex  5.000000e+00  1.380398e+01  1.763663e+01
     vertex  0.000000e+00  1.380398e+01  1.763663e+01
     vertex  5.000000e+00  1.379446e+01  1.766958e+01
   endloop
 endfacet
 facet normal  0.000000e+00  9.527379e-01  3.037934e-01
   outer loop
     vertex  5.000000e+00  1.381440e+01  1.760396e+01
     vertex  0.000000e+00  1.380398e+01  1.763663e+01
     vertex  5.000000e+00  1.380398e+01  1.763663e+01
   endloop
 endfacet
 facet normal  0.000000e+00  9.527379e-01  3.037934e-01
   outer loop
     vertex  5.000000e+00  1.381440e+01  1.760396e+01
     vertex  0.000000e+00  1.381440e+01  1.760396e+01
     vertex  0.000000e+00  1.380398e+01  1.763663e+01
   endloop
 endfacet
 facet normal  0.000000e+00  9.440450e-01  3.298166e-01
   outer loop
     vertex  5.000000e+00  1.381440e+01  1.760396e+01
     vertex  0.000000e+00  1.382571e+01  1.757158e+01
     vertex  0.000000e+00  1.381440e+01  1.760396e+01
   endloop
 endfacet
 facet normal  0.000000e+00  9.440450e-01  3.298166e-01
   outer loop
     vertex  5.000000e+00  1.382571e+01  1.757158e+01
     vertex  0.000000e+00  1.382571e+01  1.757158e+01
     vertex  5.000000e+00  1.381440e+01  1.760396e+01
   endloop
 endfacet
 facet normal  0.000000e+00  9.346415e-01  3.555914e-01
   outer loop
     vertex  5.000000e+00  1.383791e+01  1.753953e+01
     vertex  0.000000e+00  1.382571e+01  1.757158e+01
     vertex  5.000000e+00  1.382571e+01  1.757158e+01
   endloop
 endfacet
 facet normal  0.000000e+00  9.346415e-01  3.555914e-01
   outer loop
     vertex  5.000000e+00  1.383791e+01  1.753953e+01
     vertex  0.000000e+00  1.383791e+01  1.753953e+01
     vertex  0.000000e+00  1.382571e+01  1.757158e+01
   endloop
 endfacet
 facet normal  0.000000e+00  9.245344e-01  3.810986e-01
   outer loop
     vertex  5.000000e+00  1.385098e+01  1.750782e+01
     vertex  0.000000e+00  1.383791e+01  1.753953e+01
     vertex  5.000000e+00  1.383791e+01  1.753953e+01
   endloop
 endfacet
 facet normal  0.000000e+00  9.245344e-01  3.810986e-01
   outer loop
     vertex  5.000000e+00  1.385098e+01  1.750782e+01
     vertex  0.000000e+00  1.385098e+01  1.750782e+01
     vertex  0.000000e+00  1.383791e+01  1.753953e+01
   endloop
 endfacet
 facet normal  0.000000e+00  9.137314e-01  4.063188e-01
   outer loop
     vertex  5.000000e+00  1.386491e+01  1.747648e+01
     vertex  0.000000e+00  1.386491e+01  1.747648e+01
     vertex  0.000000e+00  1.385098e+01  1.750782e+01
   endloop
 endfacet
 facet normal  0.000000e+00  9.022405e-01  4.312333e-01
   outer loop
     vertex  5.000000e+00  1.386491e+01  1.747648e+01
     vertex  0.000000e+00  1.387970e+01  1.744554e+01
     vertex  0.000000e+00  1.386491e+01  1.747648e+01
   endloop
 endfacet
 facet normal  0.000000e+00  9.137314e-01  4.063188e-01
   outer loop
     vertex  5.000000e+00  1.386491e+01  1.747648e+01
     vertex  0.000000e+00  1.385098e+01  1.750782e+01
     vertex  5.000000e+00  1.385098e+01  1.750782e+01
   endloop
 endfacet
 facet normal  0.000000e+00  9.022405e-01  4.312333e-01
   outer loop
     vertex  5.000000e+00  1.387970e+01  1.744554e+01
     vertex  0.000000e+00  1.387970e+01  1.744554e+01
     vertex  5.000000e+00  1.386491e+01  1.747648e+01
   endloop
 endfacet
 facet normal  0.000000e+00  8.900704e-01  4.558231e-01
   outer loop
     vertex  5.000000e+00  1.389533e+01  1.741501e+01
     vertex  0.000000e+00  1.389533e+01  1.741501e+01
     vertex  0.000000e+00  1.387970e+01  1.744554e+01
   endloop
 endfacet
 facet normal  0.000000e+00  8.772303e-01  4.800697e-01
   outer loop
     vertex  5.000000e+00  1.389533e+01  1.741501e+01
     vertex  0.000000e+00  1.391180e+01  1.738493e+01
     vertex  0.000000e+00  1.389533e+01  1.741501e+01
   endloop
 endfacet
 facet normal  0.000000e+00  8.900704e-01  4.558231e-01
   outer loop
     vertex  5.000000e+00  1.389533e+01  1.741501e+01
     vertex  0.000000e+00  1.387970e+01  1.744554e+01
     vertex  5.000000e+00  1.387970e+01  1.744554e+01
   endloop
 endfacet
 facet normal  0.000000e+00  8.772303e-01  4.800697e-01
   outer loop
     vertex  5.000000e+00  1.391180e+01  1.738493e+01
     vertex  0.000000e+00  1.391180e+01  1.738493e+01
     vertex  5.000000e+00  1.389533e+01  1.741501e+01
   endloop
 endfacet
 facet normal  0.000000e+00  8.637299e-01  5.039550e-01
   outer loop
     vertex  5.000000e+00  1.392908e+01  1.735530e+01
     vertex  0.000000e+00  1.392908e+01  1.735530e+01
     vertex  0.000000e+00  1.391180e+01  1.738493e+01
   endloop
 endfacet
 facet normal  0.000000e+00  8.637299e-01  5.039550e-01
   outer loop
     vertex  5.000000e+00  1.392908e+01  1.735530e+01
     vertex  0.000000e+00  1.391180e+01  1.738493e+01
     vertex  5.000000e+00  1.391180e+01  1.738493e+01
   endloop
 endfacet
 facet normal  0.000000e+00  8.495793e-01  5.274609e-01
   outer loop
     vertex  5.000000e+00  1.394717e+01  1.732617e+01
     vertex  0.000000e+00  1.394717e+01  1.732617e+01
     vertex  0.000000e+00  1.392908e+01  1.735530e+01
   endloop
 endfacet
 facet normal  0.000000e+00  8.347891e-01  5.505698e-01
   outer loop
     vertex  5.000000e+00  1.394717e+01  1.732617e+01
     vertex  0.000000e+00  1.396605e+01  1.729754e+01
     vertex  0.000000e+00  1.394717e+01  1.732617e+01
   endloop
 endfacet
 facet normal  0.000000e+00  8.495793e-01  5.274609e-01
   outer loop
     vertex  5.000000e+00  1.394717e+01  1.732617e+01
     vertex  0.000000e+00  1.392908e+01  1.735530e+01
     vertex  5.000000e+00  1.392908e+01  1.735530e+01
   endloop
 endfacet
 facet normal  0.000000e+00  8.347891e-01  5.505698e-01
   outer loop
     vertex  5.000000e+00  1.396605e+01  1.729754e+01
     vertex  0.000000e+00  1.396605e+01  1.729754e+01
     vertex  5.000000e+00  1.394717e+01  1.732617e+01
   endloop
 endfacet
 facet normal  0.000000e+00  8.193706e-01  5.732642e-01
   outer loop
     vertex  5.000000e+00  1.398571e+01  1.726944e+01
     vertex  0.000000e+00  1.398571e+01  1.726944e+01
     vertex  0.000000e+00  1.396605e+01  1.729754e+01
   endloop
 endfacet
 facet normal  0.000000e+00  8.193706e-01  5.732642e-01
   outer loop
     vertex  5.000000e+00  1.398571e+01  1.726944e+01
     vertex  0.000000e+00  1.396605e+01  1.729754e+01
     vertex  5.000000e+00  1.396605e+01  1.729754e+01
   endloop
 endfacet
 facet normal  0.000000e+00  8.033352e-01  5.955271e-01
   outer loop
     vertex  5.000000e+00  1.400614e+01  1.724189e+01
     vertex  0.000000e+00  1.400614e+01  1.724189e+01
     vertex  0.000000e+00  1.398571e+01  1.726944e+01
   endloop
 endfacet
 facet normal  0.000000e+00  7.866951e-01  6.173417e-01
   outer loop
     vertex  5.000000e+00  1.400614e+01  1.724189e+01
     vertex  0.000000e+00  1.402731e+01  1.721491e+01
     vertex  0.000000e+00  1.400614e+01  1.724189e+01
   endloop
 endfacet
 facet normal  0.000000e+00  8.033352e-01  5.955271e-01
   outer loop
     vertex  5.000000e+00  1.400614e+01  1.724189e+01
     vertex  0.000000e+00  1.398571e+01  1.726944e+01
     vertex  5.000000e+00  1.398571e+01  1.726944e+01
   endloop
 endfacet
 facet normal  0.000000e+00  7.866951e-01  6.173417e-01
   outer loop
     vertex  5.000000e+00  1.402731e+01  1.721491e+01
     vertex  0.000000e+00  1.402731e+01  1.721491e+01
     vertex  5.000000e+00  1.400614e+01  1.724189e+01
   endloop
 endfacet
 facet normal  0.000000e+00  7.694628e-01  6.386916e-01
   outer loop
     vertex  5.000000e+00  1.404921e+01  1.718852e+01
     vertex  0.000000e+00  1.404921e+01  1.718852e+01
     vertex  0.000000e+00  1.402731e+01  1.721491e+01
   endloop
 endfacet
 facet normal  0.000000e+00  7.694628e-01  6.386916e-01
   outer loop
     vertex  5.000000e+00  1.404921e+01  1.718852e+01
     vertex  0.000000e+00  1.402731e+01  1.721491e+01
     vertex  5.000000e+00  1.402731e+01  1.721491e+01
   endloop
 endfacet
 facet normal  0.000000e+00  7.516513e-01  6.595607e-01
   outer loop
     vertex  5.000000e+00  1.407183e+01  1.716274e+01
     vertex  0.000000e+00  1.407183e+01  1.716274e+01
     vertex  0.000000e+00  1.404921e+01  1.718852e+01
   endloop
 endfacet
 facet normal  0.000000e+00  7.516513e-01  6.595607e-01
   outer loop
     vertex  5.000000e+00  1.407183e+01  1.716274e+01
     vertex  0.000000e+00  1.404921e+01  1.718852e+01
     vertex  5.000000e+00  1.404921e+01  1.718852e+01
   endloop
 endfacet
 facet normal  0.000000e+00  7.332740e-01  6.799333e-01
   outer loop
     vertex  5.000000e+00  1.409515e+01  1.713759e+01
     vertex  0.000000e+00  1.409515e+01  1.713759e+01
     vertex  0.000000e+00  1.407183e+01  1.716274e+01
   endloop
 endfacet
 facet normal  0.000000e+00  7.143447e-01  6.997940e-01
   outer loop
     vertex  5.000000e+00  1.409515e+01  1.713759e+01
     vertex  0.000000e+00  1.411915e+01  1.711309e+01
     vertex  0.000000e+00  1.409515e+01  1.713759e+01
   endloop
 endfacet
 facet normal  0.000000e+00  7.332740e-01  6.799333e-01
   outer loop
     vertex  5.000000e+00  1.409515e+01  1.713759e+01
     vertex  0.000000e+00  1.407183e+01  1.716274e+01
     vertex  5.000000e+00  1.407183e+01  1.716274e+01
   endloop
 endfacet
 facet normal  0.000000e+00  7.143447e-01  6.997940e-01
   outer loop
     vertex  5.000000e+00  1.411915e+01  1.711309e+01
     vertex  0.000000e+00  1.411915e+01  1.711309e+01
     vertex  5.000000e+00  1.409515e+01  1.713759e+01
   endloop
 endfacet
 facet normal  0.000000e+00  6.948776e-01  7.191280e-01
   outer loop
     vertex  5.000000e+00  1.414382e+01  1.708926e+01
     vertex  0.000000e+00  1.411915e+01  1.711309e+01
     vertex  5.000000e+00  1.411915e+01  1.711309e+01
   endloop
 endfacet
 facet normal  0.000000e+00  6.948776e-01  7.191280e-01
   outer loop
     vertex  5.000000e+00  1.414382e+01  1.708926e+01
     vertex  0.000000e+00  1.414382e+01  1.708926e+01
     vertex  0.000000e+00  1.411915e+01  1.711309e+01
   endloop
 endfacet
 facet normal  0.000000e+00  6.748875e-01  7.379206e-01
   outer loop
     vertex  5.000000e+00  1.416912e+01  1.706611e+01
     vertex  0.000000e+00  1.414382e+01  1.708926e+01
     vertex  5.000000e+00  1.414382e+01  1.708926e+01
   endloop
 endfacet
 facet normal  0.000000e+00  6.748875e-01  7.379206e-01
   outer loop
     vertex  5.000000e+00  1.416912e+01  1.706611e+01
     vertex  0.000000e+00  1.416912e+01  1.706611e+01
     vertex  0.000000e+00  1.414382e+01  1.708926e+01
   endloop
 endfacet
 facet normal  0.000000e+00  6.543893e-01  7.561578e-01
   outer loop
     vertex  5.000000e+00  1.416912e+01  1.706611e+01
     vertex  0.000000e+00  1.419506e+01  1.704367e+01
     vertex  0.000000e+00  1.416912e+01  1.706611e+01
   endloop
 endfacet
 facet normal  0.000000e+00  6.543893e-01  7.561578e-01
   outer loop
     vertex  5.000000e+00  1.419506e+01  1.704367e+01
     vertex  0.000000e+00  1.419506e+01  1.704367e+01
     vertex  5.000000e+00  1.416912e+01  1.706611e+01
   endloop
 endfacet
 facet normal  0.000000e+00  6.333986e-01  7.738257e-01
   outer loop
     vertex  5.000000e+00  1.419506e+01  1.704367e+01
     vertex  0.000000e+00  1.422160e+01  1.702195e+01
     vertex  0.000000e+00  1.419506e+01  1.704367e+01
   endloop
 endfacet
 facet normal  0.000000e+00  6.333986e-01  7.738257e-01
   outer loop
     vertex  5.000000e+00  1.422160e+01  1.702195e+01
     vertex  0.000000e+00  1.422160e+01  1.702195e+01
     vertex  5.000000e+00  1.419506e+01  1.704367e+01
   endloop
 endfacet
 facet normal  0.000000e+00  6.119310e-01  7.909112e-01
   outer loop
     vertex  5.000000e+00  1.424872e+01  1.700096e+01
     vertex  0.000000e+00  1.422160e+01  1.702195e+01
     vertex  5.000000e+00  1.422160e+01  1.702195e+01
   endloop
 endfacet
 facet normal  0.000000e+00  6.119310e-01  7.909112e-01
   outer loop
     vertex  5.000000e+00  1.424872e+01  1.700096e+01
     vertex  0.000000e+00  1.424872e+01  1.700096e+01
     vertex  0.000000e+00  1.422160e+01  1.702195e+01
   endloop
 endfacet
 facet normal  0.000000e+00  5.900028e-01  8.074012e-01
   outer loop
     vertex  5.000000e+00  1.427641e+01  1.698073e+01
     vertex  0.000000e+00  1.427641e+01  1.698073e+01
     vertex  0.000000e+00  1.424872e+01  1.700096e+01
   endloop
 endfacet
 facet normal  0.000000e+00  5.676304e-01  8.232835e-01
   outer loop
     vertex  5.000000e+00  1.427641e+01  1.698073e+01
     vertex  0.000000e+00  1.430465e+01  1.696126e+01
     vertex  0.000000e+00  1.427641e+01  1.698073e+01
   endloop
 endfacet
 facet normal  0.000000e+00  5.900028e-01  8.074012e-01
   outer loop
     vertex  5.000000e+00  1.427641e+01  1.698073e+01
     vertex  0.000000e+00  1.424872e+01  1.700096e+01
     vertex  5.000000e+00  1.424872e+01  1.700096e+01
   endloop
 endfacet
 facet normal  0.000000e+00  5.676304e-01  8.232835e-01
   outer loop
     vertex  5.000000e+00  1.430465e+01  1.696126e+01
     vertex  0.000000e+00  1.430465e+01  1.696126e+01
     vertex  5.000000e+00  1.427641e+01  1.698073e+01
   endloop
 endfacet
 facet normal  0.000000e+00  5.448308e-01  8.385460e-01
   outer loop
     vertex  5.000000e+00  1.433340e+01  1.694257e+01
     vertex  0.000000e+00  1.430465e+01  1.696126e+01
     vertex  5.000000e+00  1.430465e+01  1.696126e+01
   endloop
 endfacet
 facet normal  0.000000e+00  5.448308e-01  8.385460e-01
   outer loop
     vertex  5.000000e+00  1.433340e+01  1.694257e+01
     vertex  0.000000e+00  1.433340e+01  1.694257e+01
     vertex  0.000000e+00  1.430465e+01  1.696126e+01
   endloop
 endfacet
 facet normal  0.000000e+00  5.216210e-01  8.531773e-01
   outer loop
     vertex  5.000000e+00  1.433340e+01  1.694257e+01
     vertex  0.000000e+00  1.436267e+01  1.692468e+01
     vertex  0.000000e+00  1.433340e+01  1.694257e+01
   endloop
 endfacet
 facet normal  0.000000e+00  5.216210e-01  8.531773e-01
   outer loop
     vertex  5.000000e+00  1.436267e+01  1.692468e+01
     vertex  0.000000e+00  1.436267e+01  1.692468e+01
     vertex  5.000000e+00  1.433340e+01  1.694257e+01
   endloop
 endfacet
 facet normal  0.000000e+00  4.980186e-01  8.671664e-01
   outer loop
     vertex  5.000000e+00  1.439241e+01  1.690760e+01
     vertex  0.000000e+00  1.439241e+01  1.690760e+01
     vertex  0.000000e+00  1.436267e+01  1.692468e+01
   endloop
 endfacet
 facet normal  0.000000e+00  4.980186e-01  8.671664e-01
   outer loop
     vertex  5.000000e+00  1.439241e+01  1.690760e+01
     vertex  0.000000e+00  1.436267e+01  1.692468e+01
     vertex  5.000000e+00  1.436267e+01  1.692468e+01
   endloop
 endfacet
 facet normal  0.000000e+00  4.740412e-01  8.805026e-01
   outer loop
     vertex  5.000000e+00  1.442260e+01  1.689135e+01
     vertex  0.000000e+00  1.442260e+01  1.689135e+01
     vertex  0.000000e+00  1.439241e+01  1.690760e+01
   endloop
 endfacet
 facet normal  0.000000e+00  4.740412e-01  8.805026e-01
   outer loop
     vertex  5.000000e+00  1.442260e+01  1.689135e+01
     vertex  0.000000e+00  1.439241e+01  1.690760e+01
     vertex  5.000000e+00  1.439241e+01  1.690760e+01
   endloop
 endfacet
 facet normal  0.000000e+00  4.497071e-01  8.931761e-01
   outer loop
     vertex  5.000000e+00  1.445324e+01  1.687592e+01
     vertex  0.000000e+00  1.445324e+01  1.687592e+01
     vertex  0.000000e+00  1.442260e+01  1.689135e+01
   endloop
 endfacet
 facet normal  0.000000e+00  4.497071e-01  8.931761e-01
   outer loop
     vertex  5.000000e+00  1.445324e+01  1.687592e+01
     vertex  0.000000e+00  1.442260e+01  1.689135e+01
     vertex  5.000000e+00  1.442260e+01  1.689135e+01
   endloop
 endfacet
 facet normal  0.000000e+00  4.250344e-01  9.051772e-01
   outer loop
     vertex  5.000000e+00  1.448428e+01  1.686135e+01
     vertex  0.000000e+00  1.448428e+01  1.686135e+01
     vertex  0.000000e+00  1.445324e+01  1.687592e+01
   endloop
 endfacet
 facet normal  0.000000e+00  4.000417e-01  9.164969e-01
   outer loop
     vertex  5.000000e+00  1.448428e+01  1.686135e+01
     vertex  0.000000e+00  1.451571e+01  1.684763e+01
     vertex  0.000000e+00  1.448428e+01  1.686135e+01
   endloop
 endfacet
 facet normal  0.000000e+00  4.250344e-01  9.051772e-01
   outer loop
     vertex  5.000000e+00  1.448428e+01  1.686135e+01
     vertex  0.000000e+00  1.445324e+01  1.687592e+01
     vertex  5.000000e+00  1.445324e+01  1.687592e+01
   endloop
 endfacet
 facet normal  0.000000e+00  4.000417e-01  9.164969e-01
   outer loop
     vertex  5.000000e+00  1.451571e+01  1.684763e+01
     vertex  0.000000e+00  1.451571e+01  1.684763e+01
     vertex  5.000000e+00  1.448428e+01  1.686135e+01
   endloop
 endfacet
 facet normal  0.000000e+00  3.747479e-01  9.271267e-01
   outer loop
     vertex  5.000000e+00  1.454751e+01  1.683477e+01
     vertex  0.000000e+00  1.454751e+01  1.683477e+01
     vertex  0.000000e+00  1.451571e+01  1.684763e+01
   endloop
 endfacet
 facet normal  0.000000e+00  3.491720e-01  9.370586e-01
   outer loop
     vertex  5.000000e+00  1.454751e+01  1.683477e+01
     vertex  0.000000e+00  1.457964e+01  1.682280e+01
     vertex  0.000000e+00  1.454751e+01  1.683477e+01
   endloop
 endfacet
 facet normal  0.000000e+00  3.747479e-01  9.271267e-01
   outer loop
     vertex  5.000000e+00  1.454751e+01  1.683477e+01
     vertex  0.000000e+00  1.451571e+01  1.684763e+01
     vertex  5.000000e+00  1.451571e+01  1.684763e+01
   endloop
 endfacet
 facet normal  0.000000e+00  3.233333e-01  9.462851e-01
   outer loop
     vertex  5.000000e+00  1.457964e+01  1.682280e+01
     vertex  0.000000e+00  1.461210e+01  1.681171e+01
     vertex  0.000000e+00  1.457964e+01  1.682280e+01
   endloop
 endfacet
 facet normal  0.000000e+00  3.491720e-01  9.370586e-01
   outer loop
     vertex  5.000000e+00  1.457964e+01  1.682280e+01
     vertex  0.000000e+00  1.457964e+01  1.682280e+01
     vertex  5.000000e+00  1.454751e+01  1.683477e+01
   endloop
 endfacet
 facet normal  0.000000e+00  2.972512e-01  9.547993e-01
   outer loop
     vertex  5.000000e+00  1.461210e+01  1.681171e+01
     vertex  0.000000e+00  1.464484e+01  1.680152e+01
     vertex  0.000000e+00  1.461210e+01  1.681171e+01
   endloop
 endfacet
 facet normal  0.000000e+00  3.233333e-01  9.462851e-01
   outer loop
     vertex  5.000000e+00  1.461210e+01  1.681171e+01
     vertex  0.000000e+00  1.461210e+01  1.681171e+01
     vertex  5.000000e+00  1.457964e+01  1.682280e+01
   endloop
 endfacet
 facet normal  0.000000e+00  2.972512e-01  9.547993e-01
   outer loop
     vertex  5.000000e+00  1.464484e+01  1.680152e+01
     vertex  0.000000e+00  1.464484e+01  1.680152e+01
     vertex  5.000000e+00  1.461210e+01  1.681171e+01
   endloop
 endfacet
 facet normal  0.000000e+00  2.709453e-01  9.625948e-01
   outer loop
     vertex  5.000000e+00  1.467786e+01  1.679222e+01
     vertex  0.000000e+00  1.467786e+01  1.679222e+01
     vertex  0.000000e+00  1.464484e+01  1.680152e+01
   endloop
 endfacet
 facet normal  0.000000e+00  2.444354e-01  9.696656e-01
   outer loop
     vertex  5.000000e+00  1.467786e+01  1.679222e+01
     vertex  0.000000e+00  1.471111e+01  1.678384e+01
     vertex  0.000000e+00  1.467786e+01  1.679222e+01
   endloop
 endfacet
 facet normal  0.000000e+00  2.709453e-01  9.625948e-01
   outer loop
     vertex  5.000000e+00  1.467786e+01  1.679222e+01
     vertex  0.000000e+00  1.464484e+01  1.680152e+01
     vertex  5.000000e+00  1.464484e+01  1.680152e+01
   endloop
 endfacet
 facet normal  0.000000e+00  2.444354e-01  9.696656e-01
   outer loop
     vertex  5.000000e+00  1.471111e+01  1.678384e+01
     vertex  0.000000e+00  1.471111e+01  1.678384e+01
     vertex  5.000000e+00  1.467786e+01  1.679222e+01
   endloop
 endfacet
 facet normal  0.000000e+00  2.177416e-01  9.760065e-01
   outer loop
     vertex  5.000000e+00  1.474459e+01  1.677637e+01
     vertex  0.000000e+00  1.474459e+01  1.677637e+01
     vertex  0.000000e+00  1.471111e+01  1.678384e+01
   endloop
 endfacet
 facet normal  0.000000e+00  1.908838e-01  9.816126e-01
   outer loop
     vertex  5.000000e+00  1.474459e+01  1.677637e+01
     vertex  0.000000e+00  1.477825e+01  1.676983e+01
     vertex  0.000000e+00  1.474459e+01  1.677637e+01
   endloop
 endfacet
 facet normal  0.000000e+00  2.177416e-01  9.760065e-01
   outer loop
     vertex  5.000000e+00  1.474459e+01  1.677637e+01
     vertex  0.000000e+00  1.471111e+01  1.678384e+01
     vertex  5.000000e+00  1.471111e+01  1.678384e+01
   endloop
 endfacet
 facet normal  0.000000e+00  1.638824e-01  9.864799e-01
   outer loop
     vertex  5.000000e+00  1.477825e+01  1.676983e+01
     vertex  0.000000e+00  1.481208e+01  1.676421e+01
     vertex  0.000000e+00  1.477825e+01  1.676983e+01
   endloop
 endfacet
 facet normal  0.000000e+00  1.908838e-01  9.816126e-01
   outer loop
     vertex  5.000000e+00  1.477825e+01  1.676983e+01
     vertex  0.000000e+00  1.477825e+01  1.676983e+01
     vertex  5.000000e+00  1.474459e+01  1.677637e+01
   endloop
 endfacet
 facet normal  0.000000e+00  1.638824e-01  9.864799e-01
   outer loop
     vertex  5.000000e+00  1.481208e+01  1.676421e+01
     vertex  0.000000e+00  1.481208e+01  1.676421e+01
     vertex  5.000000e+00  1.477825e+01  1.676983e+01
   endloop
 endfacet
 facet normal  0.000000e+00  1.367575e-01  9.906046e-01
   outer loop
     vertex  5.000000e+00  1.484606e+01  1.675952e+01
     vertex  0.000000e+00  1.484606e+01  1.675952e+01
     vertex  0.000000e+00  1.481208e+01  1.676421e+01
   endloop
 endfacet
 facet normal  0.000000e+00  1.095298e-01  9.939835e-01
   outer loop
     vertex  5.000000e+00  1.484606e+01  1.675952e+01
     vertex  0.000000e+00  1.488015e+01  1.675576e+01
     vertex  0.000000e+00  1.484606e+01  1.675952e+01
   endloop
 endfacet
 facet normal  0.000000e+00  1.367575e-01  9.906046e-01
   outer loop
     vertex  5.000000e+00  1.484606e+01  1.675952e+01
     vertex  0.000000e+00  1.481208e+01  1.676421e+01
     vertex  5.000000e+00  1.481208e+01  1.676421e+01
   endloop
 endfacet
 facet normal  0.000000e+00  1.095298e-01  9.939835e-01
   outer loop
     vertex  5.000000e+00  1.488015e+01  1.675576e+01
     vertex  0.000000e+00  1.488015e+01  1.675576e+01
     vertex  5.000000e+00  1.484606e+01  1.675952e+01
   endloop
 endfacet
 facet normal  0.000000e+00  8.221955e-02  9.966142e-01
   outer loop
     vertex  5.000000e+00  1.491433e+01  1.675294e+01
     vertex  0.000000e+00  1.488015e+01  1.675576e+01
     vertex  5.000000e+00  1.488015e+01  1.675576e+01
   endloop
 endfacet
 facet normal  0.000000e+00  8.221955e-02  9.966142e-01
   outer loop
     vertex  5.000000e+00  1.491433e+01  1.675294e+01
     vertex  0.000000e+00  1.491433e+01  1.675294e+01
     vertex  0.000000e+00  1.488015e+01  1.675576e+01
   endloop
 endfacet
 facet normal  0.000000e+00  5.484744e-02  9.984947e-01
   outer loop
     vertex  5.000000e+00  1.491433e+01  1.675294e+01
     vertex  0.000000e+00  1.494857e+01  1.675106e+01
     vertex  0.000000e+00  1.491433e+01  1.675294e+01
   endloop
 endfacet
 facet normal  0.000000e+00  5.484744e-02  9.984947e-01
   outer loop
     vertex  5.000000e+00  1.494857e+01  1.675106e+01
     vertex  0.000000e+00  1.494857e+01  1.675106e+01
     vertex  5.000000e+00  1.491433e+01  1.675294e+01
   endloop
 endfacet
 facet normal  0.000000e+00  2.743405e-02  9.996236e-01
   outer loop
     vertex  5.000000e+00  1.498285e+01  1.675012e+01
     vertex  0.000000e+00  1.494857e+01  1.675106e+01
     vertex  5.000000e+00  1.494857e+01  1.675106e+01
   endloop
 endfacet
 facet normal  0.000000e+00  2.743405e-02  9.996236e-01
   outer loop
     vertex  5.000000e+00  1.498285e+01  1.675012e+01
     vertex  0.000000e+00  1.498285e+01  1.675012e+01
     vertex  0.000000e+00  1.494857e+01  1.675106e+01
   endloop
 endfacet
 facet normal  0.000000e+00  0.000000e+00  1.000000e+00
   outer loop
     vertex  5.000000e+00  1.501715e+01  1.675012e+01
     vertex  0.000000e+00  1.498285e+01  1.675012e+01
     vertex  5.000000e+00  1.498285e+01  1.675012e+01
   endloop
 endfacet
 facet normal  0.000000e+00  0.000000e+00  1.000000e+00
   outer loop
     vertex  5.000000e+00  1.501715e+01  1.675012e+01
     vertex  0.000000e+00  1.501715e+01  1.675012e+01
     vertex  0.000000e+00  1.498285e+01  1.675012e+01
   endloop
 endfacet
 facet normal  0.000000e+00 -2.743405e-02  9.996236e-01
   outer loop
     vertex  5.000000e+00  1.501715e+01  1.675012e+01
     vertex  0.000000e+00  1.505143e+01  1.675106e+01
     vertex  0.000000e+00  1.501715e+01  1.675012e+01
   endloop
 endfacet
 facet normal  0.000000e+00 -2.743405e-02  9.996236e-01
   outer loop
     vertex  5.000000e+00  1.505143e+01  1.675106e+01
     vertex  0.000000e+00  1.505143e+01  1.675106e+01
     vertex  5.000000e+00  1.501715e+01  1.675012e+01
   endloop
 endfacet
 facet normal  0.000000e+00 -5.484744e-02  9.984947e-01
   outer loop
     vertex  5.000000e+00  1.505143e+01  1.675106e+01
     vertex  0.000000e+00  1.508567e+01  1.675294e+01
     vertex  0.000000e+00  1.505143e+01  1.675106e+01
   endloop
 endfacet
 facet normal  0.000000e+00 -5.484744e-02  9.984947e-01
   outer loop
     vertex  5.000000e+00  1.508567e+01  1.675294e+01
     vertex  0.000000e+00  1.508567e+01  1.675294e+01
     vertex  5.000000e+00  1.505143e+01  1.675106e+01
   endloop
 endfacet
 facet normal  0.000000e+00 -8.221955e-02  9.966142e-01
   outer loop
     vertex  5.000000e+00  1.511985e+01  1.675576e+01
     vertex  0.000000e+00  1.508567e+01  1.675294e+01
     vertex  5.000000e+00  1.508567e+01  1.675294e+01
   endloop
 endfacet
 facet normal  0.000000e+00 -8.221955e-02  9.966142e-01
   outer loop
     vertex  5.000000e+00  1.511985e+01  1.675576e+01
     vertex  0.000000e+00  1.511985e+01  1.675576e+01
     vertex  0.000000e+00  1.508567e+01  1.675294e+01
   endloop
 endfacet
 facet normal  0.000000e+00 -1.095298e-01  9.939835e-01
   outer loop
     vertex  5.000000e+00  1.515394e+01  1.675952e+01
     vertex  0.000000e+00  1.511985e+01  1.675576e+01
     vertex  5.000000e+00  1.511985e+01  1.675576e+01
   endloop
 endfacet
 facet normal  0.000000e+00 -1.095298e-01  9.939835e-01
   outer loop
     vertex  5.000000e+00  1.515394e+01  1.675952e+01
     vertex  0.000000e+00  1.515394e+01  1.675952e+01
     vertex  0.000000e+00  1.511985e+01  1.675576e+01
   endloop
 endfacet
 facet normal  0.000000e+00 -1.367575e-01  9.906046e-01
   outer loop
     vertex  5.000000e+00  1.515394e+01  1.675952e+01
     vertex  0.000000e+00  1.518792e+01  1.676421e+01
     vertex  0.000000e+00  1.515394e+01  1.675952e+01
   endloop
 endfacet
 facet normal  0.000000e+00 -1.367575e-01  9.906046e-01
   outer loop
     vertex  5.000000e+00  1.518792e+01  1.676421e+01
     vertex  0.000000e+00  1.518792e+01  1.676421e+01
     vertex  5.000000e+00  1.515394e+01  1.675952e+01
   endloop
 endfacet
 facet normal  0.000000e+00 -1.638824e-01  9.864799e-01
   outer loop
     vertex  5.000000e+00  1.522175e+01  1.676983e+01
     vertex  0.000000e+00  1.518792e+01  1.676421e+01
     vertex  5.000000e+00  1.518792e+01  1.676421e+01
   endloop
 endfacet
 facet normal  0.000000e+00 -1.638824e-01  9.864799e-01
   outer loop
     vertex  5.000000e+00  1.522175e+01  1.676983e+01
     vertex  0.000000e+00  1.522175e+01  1.676983e+01
     vertex  0.000000e+00  1.518792e+01  1.676421e+01
   endloop
 endfacet
 facet normal  0.000000e+00 -1.908838e-01  9.816126e-01
   outer loop
     vertex  5.000000e+00  1.525541e+01  1.677637e+01
     vertex  0.000000e+00  1.522175e+01  1.676983e+01
     vertex  5.000000e+00  1.522175e+01  1.676983e+01
   endloop
 endfacet
 facet normal  0.000000e+00 -1.908838e-01  9.816126e-01
   outer loop
     vertex  5.000000e+00  1.525541e+01  1.677637e+01
     vertex  0.000000e+00  1.525541e+01  1.677637e+01
     vertex  0.000000e+00  1.522175e+01  1.676983e+01
   endloop
 endfacet
 facet normal  0.000000e+00 -2.177416e-01  9.760065e-01
   outer loop
     vertex  5.000000e+00  1.525541e+01  1.677637e+01
     vertex  0.000000e+00  1.528889e+01  1.678384e+01
     vertex  0.000000e+00  1.525541e+01  1.677637e+01
   endloop
 endfacet
 facet normal  0.000000e+00 -2.177416e-01  9.760065e-01
   outer loop
     vertex  5.000000e+00  1.528889e+01  1.678384e+01
     vertex  0.000000e+00  1.528889e+01  1.678384e+01
     vertex  5.000000e+00  1.525541e+01  1.677637e+01
   endloop
 endfacet
 facet normal  0.000000e+00 -2.444354e-01  9.696656e-01
   outer loop
     vertex  5.000000e+00  1.532214e+01  1.679222e+01
     vertex  0.000000e+00  1.532214e+01  1.679222e+01
     vertex  0.000000e+00  1.528889e+01  1.678384e+01
   endloop
 endfacet
 facet normal  0.000000e+00 -2.709453e-01  9.625948e-01
   outer loop
     vertex  5.000000e+00  1.532214e+01  1.679222e+01
     vertex  0.000000e+00  1.535516e+01  1.680152e+01
     vertex  0.000000e+00  1.532214e+01  1.679222e+01
   endloop
 endfacet
 facet normal  0.000000e+00 -2.444354e-01  9.696656e-01
   outer loop
     vertex  5.000000e+00  1.532214e+01  1.679222e+01
     vertex  0.000000e+00  1.528889e+01  1.678384e+01
     vertex  5.000000e+00  1.528889e+01  1.678384e+01
   endloop
 endfacet
 facet normal  0.000000e+00 -2.709453e-01  9.625948e-01
   outer loop
     vertex  5.000000e+00  1.535516e+01  1.680152e+01
     vertex  0.000000e+00  1.535516e+01  1.680152e+01
     vertex  5.000000e+00  1.532214e+01  1.679222e+01
   endloop
 endfacet
 facet normal  0.000000e+00 -2.972512e-01  9.547993e-01
   outer loop
     vertex  5.000000e+00  1.538790e+01  1.681171e+01
     vertex  0.000000e+00  1.538790e+01  1.681171e+01
     vertex  0.000000e+00  1.535516e+01  1.680152e+01
   endloop
 endfacet
 facet normal  0.000000e+00 -3.233333e-01  9.462851e-01
   outer loop
     vertex  5.000000e+00  1.538790e+01  1.681171e+01
     vertex  0.000000e+00  1.542036e+01  1.682280e+01
     vertex  0.000000e+00  1.538790e+01  1.681171e+01
   endloop
 endfacet
 facet normal  0.000000e+00 -2.972512e-01  9.547993e-01
   outer loop
     vertex  5.000000e+00  1.538790e+01  1.681171e+01
     vertex  0.000000e+00  1.535516e+01  1.680152e+01
     vertex  5.000000e+00  1.535516e+01  1.680152e+01
   endloop
 endfacet
 facet normal  0.000000e+00 -3.233333e-01  9.462851e-01
   outer loop
     vertex  5.000000e+00  1.542036e+01  1.682280e+01
     vertex  0.000000e+00  1.542036e+01  1.682280e+01
     vertex  5.000000e+00  1.538790e+01  1.681171e+01
   endloop
 endfacet
 facet normal  0.000000e+00 -3.491720e-01  9.370586e-01
   outer loop
     vertex  5.000000e+00  1.545249e+01  1.683477e+01
     vertex  0.000000e+00  1.545249e+01  1.683477e+01
     vertex  0.000000e+00  1.542036e+01  1.682280e+01
   endloop
 endfacet
 facet normal  0.000000e+00 -3.747479e-01  9.271267e-01
   outer loop
     vertex  5.000000e+00  1.545249e+01  1.683477e+01
     vertex  0.000000e+00  1.548429e+01  1.684763e+01
     vertex  0.000000e+00  1.545249e+01  1.683477e+01
   endloop
 endfacet
 facet normal  0.000000e+00 -3.491720e-01  9.370586e-01
   outer loop
     vertex  5.000000e+00  1.545249e+01  1.683477e+01
     vertex  0.000000e+00  1.542036e+01  1.682280e+01
     vertex  5.000000e+00  1.542036e+01  1.682280e+01
   endloop
 endfacet
 facet normal  0.000000e+00 -3.747479e-01  9.271267e-01
   outer loop
     vertex  5.000000e+00  1.548429e+01  1.684763e+01
     vertex  0.000000e+00  1.548429e+01  1.684763e+01
     vertex  5.000000e+00  1.545249e+01  1.683477e+01
   endloop
 endfacet
 facet normal  0.000000e+00 -4.000417e-01  9.164969e-01
   outer loop
     vertex  5.000000e+00  1.551572e+01  1.686135e+01
     vertex  0.000000e+00  1.551572e+01  1.686135e+01
     vertex  0.000000e+00  1.548429e+01  1.684763e+01
   endloop
 endfacet
 facet normal  0.000000e+00 -4.000417e-01  9.164969e-01
   outer loop
     vertex  5.000000e+00  1.551572e+01  1.686135e+01
     vertex  0.000000e+00  1.548429e+01  1.684763e+01
     vertex  5.000000e+00  1.548429e+01  1.684763e+01
   endloop
 endfacet
 facet normal  0.000000e+00 -4.250344e-01  9.051772e-01
   outer loop
     vertex  5.000000e+00  1.554676e+01  1.687592e+01
     vertex  0.000000e+00  1.554676e+01  1.687592e+01
     vertex  0.000000e+00  1.551572e+01  1.686135e+01
   endloop
 endfacet
 facet normal  0.000000e+00 -4.250344e-01  9.051772e-01
   outer loop
     vertex  5.000000e+00  1.554676e+01  1.687592e+01
     vertex  0.000000e+00  1.551572e+01  1.686135e+01
     vertex  5.000000e+00  1.551572e+01  1.686135e+01
   endloop
 endfacet
 facet normal  0.000000e+00 -4.497071e-01  8.931761e-01
   outer loop
     vertex  5.000000e+00  1.557740e+01  1.689135e+01
     vertex  0.000000e+00  1.557740e+01  1.689135e+01
     vertex  0.000000e+00  1.554676e+01  1.687592e+01
   endloop
 endfacet
 facet normal  0.000000e+00 -4.497071e-01  8.931761e-01
   outer loop
     vertex  5.000000e+00  1.557740e+01  1.689135e+01
     vertex  0.000000e+00  1.554676e+01  1.687592e+01
     vertex  5.000000e+00  1.554676e+01  1.687592e+01
   endloop
 endfacet
 facet normal  0.000000e+00 -4.740412e-01  8.805026e-01
   outer loop
     vertex  5.000000e+00  1.560759e+01  1.690760e+01
     vertex  0.000000e+00  1.560759e+01  1.690760e+01
     vertex  0.000000e+00  1.557740e+01  1.689135e+01
   endloop
 endfacet
 facet normal  0.000000e+00 -4.980186e-01  8.671664e-01
   outer loop
     vertex  5.000000e+00  1.560759e+01  1.690760e+01
     vertex  0.000000e+00  1.563733e+01  1.692468e+01
     vertex  0.000000e+00  1.560759e+01  1.690760e+01
   endloop
 endfacet
 facet normal  0.000000e+00 -4.740412e-01  8.805026e-01
   outer loop
     vertex  5.000000e+00  1.560759e+01  1.690760e+01
     vertex  0.000000e+00  1.557740e+01  1.689135e+01
     vertex  5.000000e+00  1.557740e+01  1.689135e+01
   endloop
 endfacet
 facet normal  0.000000e+00 -5.216210e-01  8.531773e-01
   outer loop
     vertex  5.000000e+00  1.563733e+01  1.692468e+01
     vertex  0.000000e+00  1.566660e+01  1.694257e+01
     vertex  0.000000e+00  1.563733e+01  1.692468e+01
   endloop
 endfacet
 facet normal  0.000000e+00 -4.980186e-01  8.671664e-01
   outer loop
     vertex  5.000000e+00  1.563733e+01  1.692468e+01
     vertex  0.000000e+00  1.563733e+01  1.692468e+01
     vertex  5.000000e+00  1.560759e+01  1.690760e+01
   endloop
 endfacet
 facet normal  0.000000e+00 -5.216210e-01  8.531773e-01
   outer loop
     vertex  5.000000e+00  1.566660e+01  1.694257e+01
     vertex  0.000000e+00  1.566660e+01  1.694257e+01
     vertex  5.000000e+00  1.563733e+01  1.692468e+01
   endloop
 endfacet
 facet normal  0.000000e+00 -5.448308e-01  8.385460e-01
   outer loop
     vertex  5.000000e+00  1.569535e+01  1.696126e+01
     vertex  0.000000e+00  1.566660e+01  1.694257e+01
     vertex  5.000000e+00  1.566660e+01  1.694257e+01
   endloop
 endfacet
 facet normal  0.000000e+00 -5.448308e-01  8.385460e-01
   outer loop
     vertex  5.000000e+00  1.569535e+01  1.696126e+01
     vertex  0.000000e+00  1.569535e+01  1.696126e+01
     vertex  0.000000e+00  1.566660e+01  1.694257e+01
   endloop
 endfacet
 facet normal  0.000000e+00 -5.676304e-01  8.232835e-01
   outer loop
     vertex  5.000000e+00  1.569535e+01  1.696126e+01
     vertex  0.000000e+00  1.572359e+01  1.698073e+01
     vertex  0.000000e+00  1.569535e+01  1.696126e+01
   endloop
 endfacet
 facet normal  0.000000e+00 -5.676304e-01  8.232835e-01
   outer loop
     vertex  5.000000e+00  1.572359e+01  1.698073e+01
     vertex  0.000000e+00  1.572359e+01  1.698073e+01
     vertex  5.000000e+00  1.569535e+01  1.696126e+01
   endloop
 endfacet
 facet normal  0.000000e+00 -5.900028e-01  8.074012e-01
   outer loop
     vertex  5.000000e+00  1.575128e+01  1.700096e+01
     vertex  0.000000e+00  1.572359e+01  1.698073e+01
     vertex  5.000000e+00  1.572359e+01  1.698073e+01
   endloop
 endfacet
 facet normal  0.000000e+00 -5.900028e-01  8.074012e-01
   outer loop
     vertex  5.000000e+00  1.575128e+01  1.700096e+01
     vertex  0.000000e+00  1.575128e+01  1.700096e+01
     vertex  0.000000e+00  1.572359e+01  1.698073e+01
   endloop
 endfacet
 facet normal  0.000000e+00 -6.119310e-01  7.909112e-01
   outer loop
     vertex  5.000000e+00  1.577840e+01  1.702195e+01
     vertex  0.000000e+00  1.575128e+01  1.700096e+01
     vertex  5.000000e+00  1.575128e+01  1.700096e+01
   endloop
 endfacet
 facet normal  0.000000e+00 -6.119310e-01  7.909112e-01
   outer loop
     vertex  5.000000e+00  1.577840e+01  1.702195e+01
     vertex  0.000000e+00  1.577840e+01  1.702195e+01
     vertex  0.000000e+00  1.575128e+01  1.700096e+01
   endloop
 endfacet
 facet normal  0.000000e+00 -6.333986e-01  7.738257e-01
   outer loop
     vertex  5.000000e+00  1.580494e+01  1.704367e+01
     vertex  0.000000e+00  1.577840e+01  1.702195e+01
     vertex  5.000000e+00  1.577840e+01  1.702195e+01
   endloop
 endfacet
 facet normal  0.000000e+00 -6.333986e-01  7.738257e-01
   outer loop
     vertex  5.000000e+00  1.580494e+01  1.704367e+01
     vertex  0.000000e+00  1.580494e+01  1.704367e+01
     vertex  0.000000e+00  1.577840e+01  1.702195e+01
   endloop
 endfacet
 facet normal  0.000000e+00 -6.543893e-01  7.561578e-01
   outer loop
     vertex  5.000000e+00  1.583088e+01  1.706611e+01
     vertex  0.000000e+00  1.580494e+01  1.704367e+01
     vertex  5.000000e+00  1.580494e+01  1.704367e+01
   endloop
 endfacet
 facet normal  0.000000e+00 -6.543893e-01  7.561578e-01
   outer loop
     vertex  5.000000e+00  1.583088e+01  1.706611e+01
     vertex  0.000000e+00  1.583088e+01  1.706611e+01
     vertex  0.000000e+00  1.580494e+01  1.704367e+01
   endloop
 endfacet
 facet normal  0.000000e+00 -6.748875e-01  7.379206e-01
   outer loop
     vertex  5.000000e+00  1.583088e+01  1.706611e+01
     vertex  0.000000e+00  1.585618e+01  1.708926e+01
     vertex  0.000000e+00  1.583088e+01  1.706611e+01
   endloop
 endfacet
 facet normal  0.000000e+00 -6.748875e-01  7.379206e-01
   outer loop
     vertex  5.000000e+00  1.585618e+01  1.708926e+01
     vertex  0.000000e+00  1.585618e+01  1.708926e+01
     vertex  5.000000e+00  1.583088e+01  1.706611e+01
   endloop
 endfacet
 facet normal  0.000000e+00 -6.948776e-01  7.191280e-01
   outer loop
     vertex  5.000000e+00  1.588085e+01  1.711309e+01
     vertex  0.000000e+00  1.585618e+01  1.708926e+01
     vertex  5.000000e+00  1.585618e+01  1.708926e+01
   endloop
 endfacet
 facet normal  0.000000e+00 -6.948776e-01  7.191280e-01
   outer loop
     vertex  5.000000e+00  1.588085e+01  1.711309e+01
     vertex  0.000000e+00  1.588085e+01  1.711309e+01
     vertex  0.000000e+00  1.585618e+01  1.708926e+01
   endloop
 endfacet
 facet normal  0.000000e+00 -7.143447e-01  6.997940e-01
   outer loop
     vertex  5.000000e+00  1.590485e+01  1.713759e+01
     vertex  0.000000e+00  1.588085e+01  1.711309e+01
     vertex  5.000000e+00  1.588085e+01  1.711309e+01
   endloop
 endfacet
 facet normal  0.000000e+00 -7.143447e-01  6.997940e-01
   outer loop
     vertex  5.000000e+00  1.590485e+01  1.713759e+01
     vertex  0.000000e+00  1.590485e+01  1.713759e+01
     vertex  0.000000e+00  1.588085e+01  1.711309e+01
   endloop
 endfacet
 facet normal  0.000000e+00 -7.332740e-01  6.799333e-01
   outer loop
     vertex  5.000000e+00  1.590485e+01  1.713759e+01
     vertex  0.000000e+00  1.592817e+01  1.716274e+01
     vertex  0.000000e+00  1.590485e+01  1.713759e+01
   endloop
 endfacet
 facet normal  0.000000e+00 -7.332740e-01  6.799333e-01
   outer loop
     vertex  5.000000e+00  1.592817e+01  1.716274e+01
     vertex  0.000000e+00  1.592817e+01  1.716274e+01
     vertex  5.000000e+00  1.590485e+01  1.713759e+01
   endloop
 endfacet
 facet normal  0.000000e+00 -7.516513e-01  6.595607e-01
   outer loop
     vertex  5.000000e+00  1.592817e+01  1.716274e+01
     vertex  0.000000e+00  1.595079e+01  1.718852e+01
     vertex  0.000000e+00  1.592817e+01  1.716274e+01
   endloop
 endfacet
 facet normal  0.000000e+00 -7.516513e-01  6.595607e-01
   outer loop
     vertex  5.000000e+00  1.595079e+01  1.718852e+01
     vertex  0.000000e+00  1.595079e+01  1.718852e+01
     vertex  5.000000e+00  1.592817e+01  1.716274e+01
   endloop
 endfacet
 facet normal  0.000000e+00 -7.694628e-01  6.386916e-01
   outer loop
     vertex  5.000000e+00  1.597269e+01  1.721491e+01
     vertex  0.000000e+00  1.595079e+01  1.718852e+01
     vertex  5.000000e+00  1.595079e+01  1.718852e+01
   endloop
 endfacet
 facet normal  0.000000e+00 -7.694628e-01  6.386916e-01
   outer loop
     vertex  5.000000e+00  1.597269e+01  1.721491e+01
     vertex  0.000000e+00  1.597269e+01  1.721491e+01
     vertex  0.000000e+00  1.595079e+01  1.718852e+01
   endloop
 endfacet
 facet normal  0.000000e+00 -7.866951e-01  6.173417e-01
   outer loop
     vertex  5.000000e+00  1.599386e+01  1.724189e+01
     vertex  0.000000e+00  1.597269e+01  1.721491e+01
     vertex  5.000000e+00  1.597269e+01  1.721491e+01
   endloop
 endfacet
 facet normal  0.000000e+00 -7.866951e-01  6.173417e-01
   outer loop
     vertex  5.000000e+00  1.599386e+01  1.724189e+01
     vertex  0.000000e+00  1.599386e+01  1.724189e+01
     vertex  0.000000e+00  1.597269e+01  1.721491e+01
   endloop
 endfacet
 facet normal  0.000000e+00 -8.033352e-01  5.955271e-01
   outer loop
     vertex  5.000000e+00  1.601429e+01  1.726944e+01
     vertex  0.000000e+00  1.599386e+01  1.724189e+01
     vertex  5.000000e+00  1.599386e+01  1.724189e+01
   endloop
 endfacet
 facet normal  0.000000e+00 -8.033352e-01  5.955271e-01
   outer loop
     vertex  5.000000e+00  1.601429e+01  1.726944e+01
     vertex  0.000000e+00  1.601429e+01  1.726944e+01
     vertex  0.000000e+00  1.599386e+01  1.724189e+01
   endloop
 endfacet
 facet normal  0.000000e+00 -8.193706e-01  5.732642e-01
   outer loop
     vertex  5.000000e+00  1.603395e+01  1.729754e+01
     vertex  0.000000e+00  1.601429e+01  1.726944e+01
     vertex  5.000000e+00  1.601429e+01  1.726944e+01
   endloop
 endfacet
 facet normal  0.000000e+00 -8.193706e-01  5.732642e-01
   outer loop
     vertex  5.000000e+00  1.603395e+01  1.729754e+01
     vertex  0.000000e+00  1.603395e+01  1.729754e+01
     vertex  0.000000e+00  1.601429e+01  1.726944e+01
   endloop
 endfacet
 facet normal  0.000000e+00 -8.347891e-01  5.505698e-01
   outer loop
     vertex  5.000000e+00  1.605283e+01  1.732617e+01
     vertex  0.000000e+00  1.603395e+01  1.729754e+01
     vertex  5.000000e+00  1.603395e+01  1.729754e+01
   endloop
 endfacet
 facet normal  0.000000e+00 -8.347891e-01  5.505698e-01
   outer loop
     vertex  5.000000e+00  1.605283e+01  1.732617e+01
     vertex  0.000000e+00  1.605283e+01  1.732617e+01
     vertex  0.000000e+00  1.603395e+01  1.729754e+01
   endloop
 endfacet
 facet normal  0.000000e+00 -8.495793e-01  5.274609e-01
   outer loop
     vertex  5.000000e+00  1.607092e+01  1.735530e+01
     vertex  0.000000e+00  1.605283e+01  1.732617e+01
     vertex  5.000000e+00  1.605283e+01  1.732617e+01
   endloop
 endfacet
 facet normal  0.000000e+00 -8.495793e-01  5.274609e-01
   outer loop
     vertex  5.000000e+00  1.607092e+01  1.735530e+01
     vertex  0.000000e+00  1.607092e+01  1.735530e+01
     vertex  0.000000e+00  1.605283e+01  1.732617e+01
   endloop
 endfacet
 facet normal  0.000000e+00 -8.637299e-01  5.039550e-01
   outer loop
     vertex  5.000000e+00  1.607092e+01  1.735530e+01
     vertex  0.000000e+00  1.608820e+01  1.738493e+01
     vertex  0.000000e+00  1.607092e+01  1.735530e+01
   endloop
 endfacet
 facet normal  0.000000e+00 -8.637299e-01  5.039550e-01
   outer loop
     vertex  5.000000e+00  1.608820e+01  1.738493e+01
     vertex  0.000000e+00  1.608820e+01  1.738493e+01
     vertex  5.000000e+00  1.607092e+01  1.735530e+01
   endloop
 endfacet
 facet normal  0.000000e+00 -8.772303e-01  4.800697e-01
   outer loop
     vertex  5.000000e+00  1.610467e+01  1.741501e+01
     vertex  0.000000e+00  1.608820e+01  1.738493e+01
     vertex  5.000000e+00  1.608820e+01  1.738493e+01
   endloop
 endfacet
 facet normal  0.000000e+00 -8.772303e-01  4.800697e-01
   outer loop
     vertex  5.000000e+00  1.610467e+01  1.741501e+01
     vertex  0.000000e+00  1.610467e+01  1.741501e+01
     vertex  0.000000e+00  1.608820e+01  1.738493e+01
   endloop
 endfacet
 facet normal  0.000000e+00 -8.900704e-01  4.558231e-01
   outer loop
     vertex  5.000000e+00  1.612030e+01  1.744554e+01
     vertex  0.000000e+00  1.610467e+01  1.741501e+01
     vertex  5.000000e+00  1.610467e+01  1.741501e+01
   endloop
 endfacet
 facet normal  0.000000e+00 -8.900704e-01  4.558231e-01
   outer loop
     vertex  5.000000e+00  1.612030e+01  1.744554e+01
     vertex  0.000000e+00  1.612030e+01  1.744554e+01
     vertex  0.000000e+00  1.610467e+01  1.741501e+01
   endloop
 endfacet
 facet normal  0.000000e+00 -9.022405e-01  4.312333e-01
   outer loop
     vertex  5.000000e+00  1.612030e+01  1.744554e+01
     vertex  0.000000e+00  1.613509e+01  1.747648e+01
     vertex  0.000000e+00  1.612030e+01  1.744554e+01
   endloop
 endfacet
 facet normal  0.000000e+00 -9.022405e-01  4.312333e-01
   outer loop
     vertex  5.000000e+00  1.613509e+01  1.747648e+01
     vertex  0.000000e+00  1.613509e+01  1.747648e+01
     vertex  5.000000e+00  1.612030e+01  1.744554e+01
   endloop
 endfacet
 facet normal  0.000000e+00 -9.137314e-01  4.063188e-01
   outer loop
     vertex  5.000000e+00  1.614902e+01  1.750782e+01
     vertex  0.000000e+00  1.613509e+01  1.747648e+01
     vertex  5.000000e+00  1.613509e+01  1.747648e+01
   endloop
 endfacet
 facet normal  0.000000e+00 -9.137314e-01  4.063188e-01
   outer loop
     vertex  5.000000e+00  1.614902e+01  1.750782e+01
     vertex  0.000000e+00  1.614902e+01  1.750782e+01
     vertex  0.000000e+00  1.613509e+01  1.747648e+01
   endloop
 endfacet
 facet normal  0.000000e+00 -9.245344e-01  3.810986e-01
   outer loop
     vertex  5.000000e+00  1.616209e+01  1.753953e+01
     vertex  0.000000e+00  1.616209e+01  1.753953e+01
     vertex  0.000000e+00  1.614902e+01  1.750782e+01
   endloop
 endfacet
 facet normal  0.000000e+00 -9.245344e-01  3.810986e-01
   outer loop
     vertex  5.000000e+00  1.616209e+01  1.753953e+01
     vertex  0.000000e+00  1.614902e+01  1.750782e+01
     vertex  5.000000e+00  1.614902e+01  1.750782e+01
   endloop
 endfacet
 facet normal  0.000000e+00 -9.346415e-01  3.555914e-01
   outer loop
     vertex  5.000000e+00  1.617429e+01  1.757158e+01
     vertex  0.000000e+00  1.617429e+01  1.757158e+01
     vertex  0.000000e+00  1.616209e+01  1.753953e+01
   endloop
 endfacet
 facet normal  0.000000e+00 -9.346415e-01  3.555914e-01
   outer loop
     vertex  5.000000e+00  1.617429e+01  1.757158e+01
     vertex  0.000000e+00  1.616209e+01  1.753953e+01
     vertex  5.000000e+00  1.616209e+01  1.753953e+01
   endloop
 endfacet
 facet normal  0.000000e+00 -9.440450e-01  3.298166e-01
   outer loop
     vertex  5.000000e+00  1.618560e+01  1.760396e+01
     vertex  0.000000e+00  1.618560e+01  1.760396e+01
     vertex  0.000000e+00  1.617429e+01  1.757158e+01
   endloop
 endfacet
 facet normal  0.000000e+00 -9.440450e-01  3.298166e-01
   outer loop
     vertex  5.000000e+00  1.618560e+01  1.760396e+01
     vertex  0.000000e+00  1.617429e+01  1.757158e+01
     vertex  5.000000e+00  1.617429e+01  1.757158e+01
   endloop
 endfacet
 facet normal  0.000000e+00 -9.527379e-01  3.037934e-01
   outer loop
     vertex  5.000000e+00  1.619602e+01  1.763663e+01
     vertex  0.000000e+00  1.619602e+01  1.763663e+01
     vertex  0.000000e+00  1.618560e+01  1.760396e+01
   endloop
 endfacet
 facet normal  0.000000e+00 -9.527379e-01  3.037934e-01
   outer loop
     vertex  5.000000e+00  1.619602e+01  1.763663e+01
     vertex  0.000000e+00  1.618560e+01  1.760396e+01
     vertex  5.000000e+00  1.618560e+01  1.760396e+01
   endloop
 endfacet
 facet normal  0.000000e+00 -9.607136e-01  2.775416e-01
   outer loop
     vertex  5.000000e+00  1.620554e+01  1.766958e+01
     vertex  0.000000e+00  1.619602e+01  1.763663e+01
     vertex  5.000000e+00  1.619602e+01  1.763663e+01
   endloop
 endfacet
 facet normal  0.000000e+00 -9.607136e-01  2.775416e-01
   outer loop
     vertex  5.000000e+00  1.620554e+01  1.766958e+01
     vertex  0.000000e+00  1.620554e+01  1.766958e+01
     vertex  0.000000e+00  1.619602e+01  1.763663e+01
   endloop
 endfacet
 facet normal  0.000000e+00 -9.679661e-01  2.510809e-01
   outer loop
     vertex  5.000000e+00  1.621415e+01  1.770278e+01
     vertex  0.000000e+00  1.620554e+01  1.766958e+01
     vertex  5.000000e+00  1.620554e+01  1.766958e+01
   endloop
 endfacet
 facet normal  0.000000e+00 -9.679661e-01  2.510809e-01
   outer loop
     vertex  5.000000e+00  1.621415e+01  1.770278e+01
     vertex  0.000000e+00  1.621415e+01  1.770278e+01
     vertex  0.000000e+00  1.620554e+01  1.766958e+01
   endloop
 endfacet
 facet normal  0.000000e+00 -9.744899e-01  2.244312e-01
   outer loop
     vertex  5.000000e+00  1.622185e+01  1.773620e+01
     vertex  0.000000e+00  1.621415e+01  1.770278e+01
     vertex  5.000000e+00  1.621415e+01  1.770278e+01
   endloop
 endfacet
 facet normal  0.000000e+00 -9.744899e-01  2.244312e-01
   outer loop
     vertex  5.000000e+00  1.622185e+01  1.773620e+01
     vertex  0.000000e+00  1.622185e+01  1.773620e+01
     vertex  0.000000e+00  1.621415e+01  1.770278e+01
   endloop
 endfacet
 facet normal  0.000000e+00 -9.802802e-01  1.976125e-01
   outer loop
     vertex  5.000000e+00  1.622862e+01  1.776982e+01
     vertex  0.000000e+00  1.622185e+01  1.773620e+01
     vertex  5.000000e+00  1.622185e+01  1.773620e+01
   endloop
 endfacet
 facet normal  0.000000e+00 -9.802802e-01  1.976125e-01
   outer loop
     vertex  5.000000e+00  1.622862e+01  1.776982e+01
     vertex  0.000000e+00  1.622862e+01  1.776982e+01
     vertex  0.000000e+00  1.622185e+01  1.773620e+01
   endloop
 endfacet
 facet normal  0.000000e+00 -9.853326e-01  1.706451e-01
   outer loop
     vertex  5.000000e+00  1.623448e+01  1.780361e+01
     vertex  0.000000e+00  1.622862e+01  1.776982e+01
     vertex  5.000000e+00  1.622862e+01  1.776982e+01
   endloop
 endfacet
 facet normal  0.000000e+00 -9.853326e-01  1.706451e-01
   outer loop
     vertex  5.000000e+00  1.623448e+01  1.780361e+01
     vertex  0.000000e+00  1.623448e+01  1.780361e+01
     vertex  0.000000e+00  1.622862e+01  1.776982e+01
   endloop
 endfacet
 facet normal  0.000000e+00 -9.896432e-01  1.435492e-01
   outer loop
     vertex  5.000000e+00  1.623940e+01  1.783755e+01
     vertex  0.000000e+00  1.623448e+01  1.780361e+01
     vertex  5.000000e+00  1.623448e+01  1.780361e+01
   endloop
 endfacet
 facet normal  0.000000e+00 -9.896432e-01  1.435492e-01
   outer loop
     vertex  5.000000e+00  1.623940e+01  1.783755e+01
     vertex  0.000000e+00  1.623940e+01  1.783755e+01
     vertex  0.000000e+00  1.623448e+01  1.780361e+01
   endloop
 endfacet
 facet normal  0.000000e+00 -9.932088e-01  1.163452e-01
   outer loop
     vertex  5.000000e+00  1.624339e+01  1.787161e+01
     vertex  0.000000e+00  1.623940e+01  1.783755e+01
     vertex  5.000000e+00  1.623940e+01  1.783755e+01
   endloop
 endfacet
 facet normal  0.000000e+00 -9.932088e-01  1.163452e-01
   outer loop
     vertex  5.000000e+00  1.624339e+01  1.787161e+01
     vertex  0.000000e+00  1.624339e+01  1.787161e+01
     vertex  0.000000e+00  1.623940e+01  1.783755e+01
   endloop
 endfacet
 facet normal  0.000000e+00 -9.960268e-01  8.905371e-02
   outer loop
     vertex  5.000000e+00  1.624644e+01  1.790577e+01
     vertex  0.000000e+00  1.624339e+01  1.787161e+01
     vertex  5.000000e+00  1.624339e+01  1.787161e+01
   endloop
 endfacet
 facet normal  0.000000e+00 -9.960268e-01  8.905371e-02
   outer loop
     vertex  5.000000e+00  1.624644e+01  1.790577e+01
     vertex  0.000000e+00  1.624644e+01  1.790577e+01
     vertex  0.000000e+00  1.624339e+01  1.787161e+01
   endloop
 endfacet
 facet normal  0.000000e+00 -9.980950e-01  6.169515e-02
   outer loop
     vertex  5.000000e+00  1.624856e+01  1.794000e+01
     vertex  0.000000e+00  1.624644e+01  1.790577e+01
     vertex  5.000000e+00  1.624644e+01  1.790577e+01
   endloop
 endfacet
 facet normal  0.000000e+00 -9.980950e-01  6.169515e-02
   outer loop
     vertex  5.000000e+00  1.624856e+01  1.794000e+01
     vertex  0.000000e+00  1.624856e+01  1.794000e+01
     vertex  0.000000e+00  1.624644e+01  1.790577e+01
   endloop
 endfacet
 facet normal  0.000000e+00 -9.994119e-01  3.429014e-02
   outer loop
     vertex  5.000000e+00  1.624974e+01  1.797428e+01
     vertex  0.000000e+00  1.624856e+01  1.794000e+01
     vertex  5.000000e+00  1.624856e+01  1.794000e+01
   endloop
 endfacet
 facet normal  0.000000e+00 -9.994119e-01  3.429014e-02
   outer loop
     vertex  5.000000e+00  1.624974e+01  1.797428e+01
     vertex  0.000000e+00  1.624974e+01  1.797428e+01
     vertex  0.000000e+00  1.624856e+01  1.794000e+01
   endloop
 endfacet
 facet normal  0.000000e+00 -9.999765e-01  6.859319e-03
   outer loop
     vertex  5.000000e+00  1.624974e+01  1.797428e+01
     vertex  0.000000e+00  1.624997e+01  1.800857e+01
     vertex  0.000000e+00  1.624974e+01  1.797428e+01
   endloop
 endfacet
 facet normal  0.000000e+00 -9.999765e-01  6.859319e-03
   outer loop
     vertex  5.000000e+00  1.624997e+01  1.800857e+01
     vertex  0.000000e+00  1.624997e+01  1.800857e+01
     vertex  5.000000e+00  1.624974e+01  1.797428e+01
   endloop
 endfacet
 facet normal -0.000000e+00 -9.997883e-01 -2.057667e-02
   outer loop
     vertex  5.000000e+00  1.624997e+01  1.800857e+01
     vertex  0.000000e+00  1.624926e+01  1.804286e+01
     vertex  0.000000e+00  1.624997e+01  1.800857e+01
   endloop
 endfacet
 facet normal -0.000000e+00 -9.997883e-01 -2.057667e-02
   outer loop
     vertex  5.000000e+00  1.624926e+01  1.804286e+01
     vertex  0.000000e+00  1.624926e+01  1.804286e+01
     vertex  5.000000e+00  1.624997e+01  1.800857e+01
   endloop
 endfacet
 facet normal -0.000000e+00 -9.988475e-01 -4.799716e-02
   outer loop
     vertex  5.000000e+00  1.624762e+01  1.807712e+01
     vertex  0.000000e+00  1.624762e+01  1.807712e+01
     vertex  0.000000e+00  1.624926e+01  1.804286e+01
   endloop
 endfacet
 facet normal  0.000000e+00 -9.988475e-01 -4.799716e-02
   outer loop
     vertex  5.000000e+00  1.624762e+01  1.807712e+01
     vertex  0.000000e+00  1.624926e+01  1.804286e+01
     vertex  5.000000e+00  1.624926e+01  1.804286e+01
   endloop
 endfacet
 facet normal -0.000000e+00 -9.971548e-01 -7.538152e-02
   outer loop
     vertex  5.000000e+00  1.624503e+01  1.811132e+01
     vertex  0.000000e+00  1.624503e+01  1.811132e+01
     vertex  0.000000e+00  1.624762e+01  1.807712e+01
   endloop
 endfacet
 facet normal  0.000000e+00 -9.971548e-01 -7.538152e-02
   outer loop
     vertex  5.000000e+00  1.624503e+01  1.811132e+01
     vertex  0.000000e+00  1.624762e+01  1.807712e+01
     vertex  5.000000e+00  1.624762e+01  1.807712e+01
   endloop
 endfacet
 facet normal -0.000000e+00 -9.947114e-01 -1.027091e-01
   outer loop
     vertex  5.000000e+00  1.624151e+01  1.814543e+01
     vertex  0.000000e+00  1.624151e+01  1.814543e+01
     vertex  0.000000e+00  1.624503e+01  1.811132e+01
   endloop
 endfacet
 facet normal  0.000000e+00 -9.947114e-01 -1.027091e-01
   outer loop
     vertex  5.000000e+00  1.624151e+01  1.814543e+01
     vertex  0.000000e+00  1.624503e+01  1.811132e+01
     vertex  5.000000e+00  1.624503e+01  1.811132e+01
   endloop
 endfacet
 facet normal -0.000000e+00 -9.915193e-01 -1.299594e-01
   outer loop
     vertex  5.000000e+00  1.623705e+01  1.817944e+01
     vertex  0.000000e+00  1.623705e+01  1.817944e+01
     vertex  0.000000e+00  1.624151e+01  1.814543e+01
   endloop
 endfacet
 facet normal  0.000000e+00 -9.915193e-01 -1.299594e-01
   outer loop
     vertex  5.000000e+00  1.623705e+01  1.817944e+01
     vertex  0.000000e+00  1.624151e+01  1.814543e+01
     vertex  5.000000e+00  1.624151e+01  1.814543e+01
   endloop
 endfacet
 facet normal -0.000000e+00 -9.875808e-01 -1.571119e-01
   outer loop
     vertex  5.000000e+00  1.623167e+01  1.821331e+01
     vertex  0.000000e+00  1.623167e+01  1.821331e+01
     vertex  0.000000e+00  1.623705e+01  1.817944e+01
   endloop
 endfacet
 facet normal  0.000000e+00 -9.875808e-01 -1.571119e-01
   outer loop
     vertex  5.000000e+00  1.623167e+01  1.821331e+01
     vertex  0.000000e+00  1.623705e+01  1.817944e+01
     vertex  5.000000e+00  1.623705e+01  1.817944e+01
   endloop
 endfacet
 facet normal -0.000000e+00 -9.828989e-01 -1.841461e-01
   outer loop
     vertex  5.000000e+00  1.622535e+01  1.824702e+01
     vertex  0.000000e+00  1.622535e+01  1.824702e+01
     vertex  0.000000e+00  1.623167e+01  1.821331e+01
   endloop
 endfacet
 facet normal  0.000000e+00 -9.828989e-01 -1.841461e-01
   outer loop
     vertex  5.000000e+00  1.622535e+01  1.824702e+01
     vertex  0.000000e+00  1.623167e+01  1.821331e+01
     vertex  5.000000e+00  1.623167e+01  1.821331e+01
   endloop
 endfacet
 facet normal -0.000000e+00 -9.774771e-01 -2.110417e-01
   outer loop
     vertex  5.000000e+00  1.621811e+01  1.828054e+01
     vertex  0.000000e+00  1.621811e+01  1.828054e+01
     vertex  0.000000e+00  1.622535e+01  1.824702e+01
   endloop
 endfacet
 facet normal  0.000000e+00 -9.774771e-01 -2.110417e-01
   outer loop
     vertex  5.000000e+00  1.621811e+01  1.828054e+01
     vertex  0.000000e+00  1.622535e+01  1.824702e+01
     vertex  5.000000e+00  1.622535e+01  1.824702e+01
   endloop
 endfacet
 facet normal -0.000000e+00 -9.713194e-01 -2.377784e-01
   outer loop
     vertex  5.000000e+00  1.620996e+01  1.831385e+01
     vertex  0.000000e+00  1.620996e+01  1.831385e+01
     vertex  0.000000e+00  1.621811e+01  1.828054e+01
   endloop
 endfacet
 facet normal  0.000000e+00 -9.713194e-01 -2.377784e-01
   outer loop
     vertex  5.000000e+00  1.620996e+01  1.831385e+01
     vertex  0.000000e+00  1.621811e+01  1.828054e+01
     vertex  5.000000e+00  1.621811e+01  1.828054e+01
   endloop
 endfacet
 facet normal -0.000000e+00 -9.644306e-01 -2.643362e-01
   outer loop
     vertex  5.000000e+00  1.620089e+01  1.834693e+01
     vertex  0.000000e+00  1.620089e+01  1.834693e+01
     vertex  0.000000e+00  1.620996e+01  1.831385e+01
   endloop
 endfacet
 facet normal  0.000000e+00 -9.644306e-01 -2.643362e-01
   outer loop
     vertex  5.000000e+00  1.620089e+01  1.834693e+01
     vertex  0.000000e+00  1.620996e+01  1.831385e+01
     vertex  5.000000e+00  1.620996e+01  1.831385e+01
   endloop
 endfacet
 facet normal -0.000000e+00 -9.568158e-01 -2.906949e-01
   outer loop
     vertex  5.000000e+00  1.619092e+01  1.837974e+01
     vertex  0.000000e+00  1.619092e+01  1.837974e+01
     vertex  0.000000e+00  1.620089e+01  1.834693e+01
   endloop
 endfacet
 facet normal  0.000000e+00 -9.568158e-01 -2.906949e-01
   outer loop
     vertex  5.000000e+00  1.619092e+01  1.837974e+01
     vertex  0.000000e+00  1.620089e+01  1.834693e+01
     vertex  5.000000e+00  1.620089e+01  1.834693e+01
   endloop
 endfacet
 facet normal -0.000000e+00 -9.484807e-01 -3.168348e-01
   outer loop
     vertex  5.000000e+00  1.618006e+01  1.841227e+01
     vertex  0.000000e+00  1.618006e+01  1.841227e+01
     vertex  0.000000e+00  1.619092e+01  1.837974e+01
   endloop
 endfacet
 facet normal -0.000000e+00 -9.394317e-01 -3.427362e-01
   outer loop
     vertex  5.000000e+00  1.618006e+01  1.841227e+01
     vertex  0.000000e+00  1.616830e+01  1.844449e+01
     vertex  0.000000e+00  1.618006e+01  1.841227e+01
   endloop
 endfacet
 facet normal  0.000000e+00 -9.484807e-01 -3.168348e-01
   outer loop
     vertex  5.000000e+00  1.618006e+01  1.841227e+01
     vertex  0.000000e+00  1.619092e+01  1.837974e+01
     vertex  5.000000e+00  1.619092e+01  1.837974e+01
   endloop
 endfacet
 facet normal -0.000000e+00 -9.296754e-01 -3.683796e-01
   outer loop
     vertex  5.000000e+00  1.616830e+01  1.844449e+01
     vertex  0.000000e+00  1.615567e+01  1.847637e+01
     vertex  0.000000e+00  1.616830e+01  1.844449e+01
   endloop
 endfacet
 facet normal -0.000000e+00 -9.394317e-01 -3.427362e-01
   outer loop
     vertex  5.000000e+00  1.616830e+01  1.844449e+01
     vertex  0.000000e+00  1.616830e+01  1.844449e+01
     vertex  5.000000e+00  1.618006e+01  1.841227e+01
   endloop
 endfacet
 facet normal -0.000000e+00 -9.296754e-01 -3.683796e-01
   outer loop
     vertex  5.000000e+00  1.615567e+01  1.847637e+01
     vertex  0.000000e+00  1.615567e+01  1.847637e+01
     vertex  5.000000e+00  1.616830e+01  1.844449e+01
   endloop
 endfacet
 facet normal  0.000000e+00 -9.192194e-01 -3.937458e-01
   outer loop
     vertex  5.000000e+00  1.614216e+01  1.850790e+01
     vertex  0.000000e+00  1.615567e+01  1.847637e+01
     vertex  5.000000e+00  1.615567e+01  1.847637e+01
   endloop
 endfacet
 facet normal -0.000000e+00 -9.192194e-01 -3.937458e-01
   outer loop
     vertex  5.000000e+00  1.614216e+01  1.850790e+01
     vertex  0.000000e+00  1.614216e+01  1.850790e+01
     vertex  0.000000e+00  1.615567e+01  1.847637e+01
   endloop
 endfacet
 facet normal -0.000000e+00 -9.080714e-01 -4.188155e-01
   outer loop
     vertex  5.000000e+00  1.614216e+01  1.850790e+01
     vertex  0.000000e+00  1.612780e+01  1.853904e+01
     vertex  0.000000e+00  1.614216e+01  1.850790e+01
   endloop
 endfacet
 facet normal -0.000000e+00 -9.080714e-01 -4.188155e-01
   outer loop
     vertex  5.000000e+00  1.612780e+01  1.853904e+01
     vertex  0.000000e+00  1.612780e+01  1.853904e+01
     vertex  5.000000e+00  1.614216e+01  1.850790e+01
   endloop
 endfacet
 facet normal -0.000000e+00 -8.962398e-01 -4.435699e-01
   outer loop
     vertex  5.000000e+00  1.611259e+01  1.856978e+01
     vertex  0.000000e+00  1.611259e+01  1.856978e+01
     vertex  0.000000e+00  1.612780e+01  1.853904e+01
   endloop
 endfacet
 facet normal -0.000000e+00 -8.837335e-01 -4.679904e-01
   outer loop
     vertex  5.000000e+00  1.611259e+01  1.856978e+01
     vertex  0.000000e+00  1.609654e+01  1.860009e+01
     vertex  0.000000e+00  1.611259e+01  1.856978e+01
   endloop
 endfacet
 facet normal  0.000000e+00 -8.962398e-01 -4.435699e-01
   outer loop
     vertex  5.000000e+00  1.611259e+01  1.856978e+01
     vertex  0.000000e+00  1.612780e+01  1.853904e+01
     vertex  5.000000e+00  1.612780e+01  1.853904e+01
   endloop
 endfacet
 facet normal -0.000000e+00 -8.837335e-01 -4.679904e-01
   outer loop
     vertex  5.000000e+00  1.609654e+01  1.860009e+01
     vertex  0.000000e+00  1.609654e+01  1.860009e+01
     vertex  5.000000e+00  1.611259e+01  1.856978e+01
   endloop
 endfacet
 facet normal -0.000000e+00 -8.705620e-01 -4.920587e-01
   outer loop
     vertex  5.000000e+00  1.607966e+01  1.862994e+01
     vertex  0.000000e+00  1.607966e+01  1.862994e+01
     vertex  0.000000e+00  1.609654e+01  1.860009e+01
   endloop
 endfacet
 facet normal  0.000000e+00 -8.705620e-01 -4.920587e-01
   outer loop
     vertex  5.000000e+00  1.607966e+01  1.862994e+01
     vertex  0.000000e+00  1.609654e+01  1.860009e+01
     vertex  5.000000e+00  1.609654e+01  1.860009e+01
   endloop
 endfacet
 facet normal -0.000000e+00 -8.567352e-01 -5.157565e-01
   outer loop
     vertex  5.000000e+00  1.607966e+01  1.862994e+01
     vertex  0.000000e+00  1.606197e+01  1.865933e+01
     vertex  0.000000e+00  1.607966e+01  1.862994e+01
   endloop
 endfacet
 facet normal -0.000000e+00 -8.567352e-01 -5.157565e-01
   outer loop
     vertex  5.000000e+00  1.606197e+01  1.865933e+01
     vertex  0.000000e+00  1.606197e+01  1.865933e+01
     vertex  5.000000e+00  1.607966e+01  1.862994e+01
   endloop
 endfacet
 facet normal -0.000000e+00 -8.422635e-01 -5.390661e-01
   outer loop
     vertex  5.000000e+00  1.606197e+01  1.865933e+01
     vertex  0.000000e+00  1.604349e+01  1.868821e+01
     vertex  0.000000e+00  1.606197e+01  1.865933e+01
   endloop
 endfacet
 facet normal -0.000000e+00 -8.271577e-01 -5.619699e-01
   outer loop
     vertex  5.000000e+00  1.604349e+01  1.868821e+01
     vertex  0.000000e+00  1.602421e+01  1.871658e+01
     vertex  0.000000e+00  1.604349e+01  1.868821e+01
   endloop
 endfacet
 facet normal -0.000000e+00 -8.422635e-01 -5.390661e-01
   outer loop
     vertex  5.000000e+00  1.604349e+01  1.868821e+01
     vertex  0.000000e+00  1.604349e+01  1.868821e+01
     vertex  5.000000e+00  1.606197e+01  1.865933e+01
   endloop
 endfacet
 facet normal -0.000000e+00 -8.271577e-01 -5.619699e-01
   outer loop
     vertex  5.000000e+00  1.602421e+01  1.871658e+01
     vertex  0.000000e+00  1.602421e+01  1.871658e+01
     vertex  5.000000e+00  1.604349e+01  1.868821e+01
   endloop
 endfacet
 facet normal -0.000000e+00 -8.114292e-01 -5.844507e-01
   outer loop
     vertex  5.000000e+00  1.600417e+01  1.874441e+01
     vertex  0.000000e+00  1.600417e+01  1.874441e+01
     vertex  0.000000e+00  1.602421e+01  1.871658e+01
   endloop
 endfacet
 facet normal -0.000000e+00 -7.950900e-01 -6.064915e-01
   outer loop
     vertex  5.000000e+00  1.600417e+01  1.874441e+01
     vertex  0.000000e+00  1.598337e+01  1.877168e+01
     vertex  0.000000e+00  1.600417e+01  1.874441e+01
   endloop
 endfacet
 facet normal  0.000000e+00 -8.114292e-01 -5.844507e-01
   outer loop
     vertex  5.000000e+00  1.600417e+01  1.874441e+01
     vertex  0.000000e+00  1.602421e+01  1.871658e+01
     vertex  5.000000e+00  1.602421e+01  1.871658e+01
   endloop
 endfacet
 facet normal -0.000000e+00 -7.950900e-01 -6.064915e-01
   outer loop
     vertex  5.000000e+00  1.598337e+01  1.877168e+01
     vertex  0.000000e+00  1.598337e+01  1.877168e+01
     vertex  5.000000e+00  1.600417e+01  1.874441e+01
   endloop
 endfacet
 facet normal -0.000000e+00 -7.781522e-01 -6.280757e-01
   outer loop
     vertex  5.000000e+00  1.596183e+01  1.879836e+01
     vertex  0.000000e+00  1.596183e+01  1.879836e+01
     vertex  0.000000e+00  1.598337e+01  1.877168e+01
   endloop
 endfacet
 facet normal  0.000000e+00 -7.781522e-01 -6.280757e-01
   outer loop
     vertex  5.000000e+00  1.596183e+01  1.879836e+01
     vertex  0.000000e+00  1.598337e+01  1.877168e+01
     vertex  5.000000e+00  1.598337e+01  1.877168e+01
   endloop
 endfacet
 facet normal -0.000000e+00 -7.606287e-01 -6.491872e-01
   outer loop
     vertex  5.000000e+00  1.593956e+01  1.882445e+01
     vertex  0.000000e+00  1.593956e+01  1.882445e+01
     vertex  0.000000e+00  1.596183e+01  1.879836e+01
   endloop
 endfacet
 facet normal  0.000000e+00 -7.606287e-01 -6.491872e-01
   outer loop
     vertex  5.000000e+00  1.593956e+01  1.882445e+01
     vertex  0.000000e+00  1.596183e+01  1.879836e+01
     vertex  5.000000e+00  1.596183e+01  1.879836e+01
   endloop
 endfacet
 facet normal -0.000000e+00 -7.425325e-01 -6.698100e-01
   outer loop
     vertex  5.000000e+00  1.591659e+01  1.884992e+01
     vertex  0.000000e+00  1.591659e+01  1.884992e+01
     vertex  0.000000e+00  1.593956e+01  1.882445e+01
   endloop
 endfacet
 facet normal -0.000000e+00 -7.238775e-01 -6.899286e-01
   outer loop
     vertex  5.000000e+00  1.591659e+01  1.884992e+01
     vertex  0.000000e+00  1.589293e+01  1.887474e+01
     vertex  0.000000e+00  1.591659e+01  1.884992e+01
   endloop
 endfacet
 facet normal  0.000000e+00 -7.425325e-01 -6.698100e-01
   outer loop
     vertex  5.000000e+00  1.591659e+01  1.884992e+01
     vertex  0.000000e+00  1.593956e+01  1.882445e+01
     vertex  5.000000e+00  1.593956e+01  1.882445e+01
   endloop
 endfacet
 facet normal -0.000000e+00 -7.238775e-01 -6.899286e-01
   outer loop
     vertex  5.000000e+00  1.589293e+01  1.887474e+01
     vertex  0.000000e+00  1.589293e+01  1.887474e+01
     vertex  5.000000e+00  1.591659e+01  1.884992e+01
   endloop
 endfacet
 facet normal -0.000000e+00 -7.046775e-01 -7.095278e-01
   outer loop
     vertex  5.000000e+00  1.586860e+01  1.889891e+01
     vertex  0.000000e+00  1.586860e+01  1.889891e+01
     vertex  0.000000e+00  1.589293e+01  1.887474e+01
   endloop
 endfacet
 facet normal  0.000000e+00 -7.046775e-01 -7.095278e-01
   outer loop
     vertex  5.000000e+00  1.586860e+01  1.889891e+01
     vertex  0.000000e+00  1.589293e+01  1.887474e+01
     vertex  5.000000e+00  1.589293e+01  1.887474e+01
   endloop
 endfacet
 facet normal -0.000000e+00 -6.849470e-01 -7.285929e-01
   outer loop
     vertex  5.000000e+00  1.584361e+01  1.892240e+01
     vertex  0.000000e+00  1.584361e+01  1.892240e+01
     vertex  0.000000e+00  1.586860e+01  1.889891e+01
   endloop
 endfacet
 facet normal  0.000000e+00 -6.849470e-01 -7.285929e-01
   outer loop
     vertex  5.000000e+00  1.584361e+01  1.892240e+01
     vertex  0.000000e+00  1.586860e+01  1.889891e+01
     vertex  5.000000e+00  1.586860e+01  1.889891e+01
   endloop
 endfacet
 facet normal -0.000000e+00 -6.647010e-01 -7.471095e-01
   outer loop
     vertex  5.000000e+00  1.581799e+01  1.894520e+01
     vertex  0.000000e+00  1.581799e+01  1.894520e+01
     vertex  0.000000e+00  1.584361e+01  1.892240e+01
   endloop
 endfacet
 facet normal  0.000000e+00 -6.647010e-01 -7.471095e-01
   outer loop
     vertex  5.000000e+00  1.581799e+01  1.894520e+01
     vertex  0.000000e+00  1.584361e+01  1.892240e+01
     vertex  5.000000e+00  1.584361e+01  1.892240e+01
   endloop
 endfacet
 facet normal -0.000000e+00 -6.439545e-01 -7.650637e-01
   outer loop
     vertex  5.000000e+00  1.579175e+01  1.896728e+01
     vertex  0.000000e+00  1.579175e+01  1.896728e+01
     vertex  0.000000e+00  1.581799e+01  1.894520e+01
   endloop
 endfacet
 facet normal -0.000000e+00 -6.227234e-01 -7.824421e-01
   outer loop
     vertex  5.000000e+00  1.579175e+01  1.896728e+01
     vertex  0.000000e+00  1.576491e+01  1.898864e+01
     vertex  0.000000e+00  1.579175e+01  1.896728e+01
   endloop
 endfacet
 facet normal  0.000000e+00 -6.439545e-01 -7.650637e-01
   outer loop
     vertex  5.000000e+00  1.579175e+01  1.896728e+01
     vertex  0.000000e+00  1.581799e+01  1.894520e+01
     vertex  5.000000e+00  1.581799e+01  1.894520e+01
   endloop
 endfacet
 facet normal -0.000000e+00 -6.227234e-01 -7.824421e-01
   outer loop
     vertex  5.000000e+00  1.576491e+01  1.898864e+01
     vertex  0.000000e+00  1.576491e+01  1.898864e+01
     vertex  5.000000e+00  1.579175e+01  1.896728e+01
   endloop
 endfacet
 facet normal -0.000000e+00 -6.010234e-01 -7.992314e-01
   outer loop
     vertex  5.000000e+00  1.573750e+01  1.900925e+01
     vertex  0.000000e+00  1.573750e+01  1.900925e+01
     vertex  0.000000e+00  1.576491e+01  1.898864e+01
   endloop
 endfacet
 facet normal  0.000000e+00 -6.010234e-01 -7.992314e-01
   outer loop
     vertex  5.000000e+00  1.573750e+01  1.900925e+01
     vertex  0.000000e+00  1.576491e+01  1.898864e+01
     vertex  5.000000e+00  1.576491e+01  1.898864e+01
   endloop
 endfacet
 facet normal -0.000000e+00 -5.788711e-01 -8.154191e-01
   outer loop
     vertex  5.000000e+00  1.570954e+01  1.902910e+01
     vertex  0.000000e+00  1.570954e+01  1.902910e+01
     vertex  0.000000e+00  1.573750e+01  1.900925e+01
   endloop
 endfacet
 facet normal  0.000000e+00 -5.788711e-01 -8.154191e-01
   outer loop
     vertex  5.000000e+00  1.570954e+01  1.902910e+01
     vertex  0.000000e+00  1.573750e+01  1.900925e+01
     vertex  5.000000e+00  1.573750e+01  1.900925e+01
   endloop
 endfacet
 facet normal -0.000000e+00 -5.562829e-01 -8.309929e-01
   outer loop
     vertex  5.000000e+00  1.568104e+01  1.904818e+01
     vertex  0.000000e+00  1.568104e+01  1.904818e+01
     vertex  0.000000e+00  1.570954e+01  1.902910e+01
   endloop
 endfacet
 facet normal  0.000000e+00 -5.562829e-01 -8.309929e-01
   outer loop
     vertex  5.000000e+00  1.568104e+01  1.904818e+01
     vertex  0.000000e+00  1.570954e+01  1.902910e+01
     vertex  5.000000e+00  1.570954e+01  1.902910e+01
   endloop
 endfacet
 facet normal -0.000000e+00 -5.332761e-01 -8.459413e-01
   outer loop
     vertex  5.000000e+00  1.565203e+01  1.906647e+01
     vertex  0.000000e+00  1.565203e+01  1.906647e+01
     vertex  0.000000e+00  1.568104e+01  1.904818e+01
   endloop
 endfacet
 facet normal  0.000000e+00 -5.332761e-01 -8.459413e-01
   outer loop
     vertex  5.000000e+00  1.565203e+01  1.906647e+01
     vertex  0.000000e+00  1.568104e+01  1.904818e+01
     vertex  5.000000e+00  1.568104e+01  1.904818e+01
   endloop
 endfacet
 facet normal -0.000000e+00 -5.098678e-01 -8.602528e-01
   outer loop
     vertex  5.000000e+00  1.562252e+01  1.908396e+01
     vertex  0.000000e+00  1.562252e+01  1.908396e+01
     vertex  0.000000e+00  1.565203e+01  1.906647e+01
   endloop
 endfacet
 facet normal -0.000000e+00 -4.860756e-01 -8.739167e-01
   outer loop
     vertex  5.000000e+00  1.562252e+01  1.908396e+01
     vertex  0.000000e+00  1.559255e+01  1.910063e+01
     vertex  0.000000e+00  1.562252e+01  1.908396e+01
   endloop
 endfacet
 facet normal  0.000000e+00 -5.098678e-01 -8.602528e-01
   outer loop
     vertex  5.000000e+00  1.562252e+01  1.908396e+01
     vertex  0.000000e+00  1.565203e+01  1.906647e+01
     vertex  5.000000e+00  1.565203e+01  1.906647e+01
   endloop
 endfacet
 facet normal -0.000000e+00 -4.619176e-01 -8.869228e-01
   outer loop
     vertex  5.000000e+00  1.559255e+01  1.910063e+01
     vertex  0.000000e+00  1.556213e+01  1.911647e+01
     vertex  0.000000e+00  1.559255e+01  1.910063e+01
   endloop
 endfacet
 facet normal -0.000000e+00 -4.860756e-01 -8.739167e-01
   outer loop
     vertex  5.000000e+00  1.559255e+01  1.910063e+01
     vertex  0.000000e+00  1.559255e+01  1.910063e+01
     vertex  5.000000e+00  1.562252e+01  1.908396e+01
   endloop
 endfacet
 facet normal -0.000000e+00 -4.619176e-01 -8.869228e-01
   outer loop
     vertex  5.000000e+00  1.556213e+01  1.911647e+01
     vertex  0.000000e+00  1.556213e+01  1.911647e+01
     vertex  5.000000e+00  1.559255e+01  1.910063e+01
   endloop
 endfacet
 facet normal -0.000000e+00 -4.374119e-01 -8.992613e-01
   outer loop
     vertex  5.000000e+00  1.556213e+01  1.911647e+01
     vertex  0.000000e+00  1.553129e+01  1.913147e+01
     vertex  0.000000e+00  1.556213e+01  1.911647e+01
   endloop
 endfacet
 facet normal -0.000000e+00 -4.374119e-01 -8.992613e-01
   outer loop
     vertex  5.000000e+00  1.553129e+01  1.913147e+01
     vertex  0.000000e+00  1.553129e+01  1.913147e+01
     vertex  5.000000e+00  1.556213e+01  1.911647e+01
   endloop
 endfacet
 facet normal  0.000000e+00 -4.125769e-01 -9.109228e-01
   outer loop
     vertex  5.000000e+00  1.550005e+01  1.914562e+01
     vertex  0.000000e+00  1.553129e+01  1.913147e+01
     vertex  5.000000e+00  1.553129e+01  1.913147e+01
   endloop
 endfacet
 facet normal -0.000000e+00 -4.125769e-01 -9.109228e-01
   outer loop
     vertex  5.000000e+00  1.550005e+01  1.914562e+01
     vertex  0.000000e+00  1.550005e+01  1.914562e+01
     vertex  0.000000e+00  1.553129e+01  1.913147e+01
   endloop
 endfacet
 facet normal  0.000000e+00 -3.874313e-01 -9.218986e-01
   outer loop
     vertex  5.000000e+00  1.546843e+01  1.915891e+01
     vertex  0.000000e+00  1.550005e+01  1.914562e+01
     vertex  5.000000e+00  1.550005e+01  1.914562e+01
   endloop
 endfacet
 facet normal -0.000000e+00 -3.874313e-01 -9.218986e-01
   outer loop
     vertex  5.000000e+00  1.546843e+01  1.915891e+01
     vertex  0.000000e+00  1.546843e+01  1.915891e+01
     vertex  0.000000e+00  1.550005e+01  1.914562e+01
   endloop
 endfacet
 facet normal  0.000000e+00 -3.619940e-01 -9.321804e-01
   outer loop
     vertex  5.000000e+00  1.543647e+01  1.917132e+01
     vertex  0.000000e+00  1.546843e+01  1.915891e+01
     vertex  5.000000e+00  1.546843e+01  1.915891e+01
   endloop
 endfacet
 facet normal -0.000000e+00 -3.619940e-01 -9.321804e-01
   outer loop
     vertex  5.000000e+00  1.543647e+01  1.917132e+01
     vertex  0.000000e+00  1.543647e+01  1.917132e+01
     vertex  0.000000e+00  1.546843e+01  1.915891e+01
   endloop
 endfacet
 facet normal -0.000000e+00 -3.362843e-01 -9.417605e-01
   outer loop
     vertex  5.000000e+00  1.543647e+01  1.917132e+01
     vertex  0.000000e+00  1.540417e+01  1.918286e+01
     vertex  0.000000e+00  1.543647e+01  1.917132e+01
   endloop
 endfacet
 facet normal -0.000000e+00 -3.362843e-01 -9.417605e-01
   outer loop
     vertex  5.000000e+00  1.540417e+01  1.918286e+01
     vertex  0.000000e+00  1.540417e+01  1.918286e+01
     vertex  5.000000e+00  1.543647e+01  1.917132e+01
   endloop
 endfacet
 facet normal  0.000000e+00 -3.103214e-01 -9.506317e-01
   outer loop
     vertex  5.000000e+00  1.537156e+01  1.919350e+01
     vertex  0.000000e+00  1.540417e+01  1.918286e+01
     vertex  5.000000e+00  1.540417e+01  1.918286e+01
   endloop
 endfacet
 facet normal -0.000000e+00 -3.103214e-01 -9.506317e-01
   outer loop
     vertex  5.000000e+00  1.537156e+01  1.919350e+01
     vertex  0.000000e+00  1.537156e+01  1.919350e+01
     vertex  0.000000e+00  1.540417e+01  1.918286e+01
   endloop
 endfacet
 facet normal  0.000000e+00 -2.841250e-01 -9.587873e-01
   outer loop
     vertex  5.000000e+00  1.533868e+01  1.920324e+01
     vertex  0.000000e+00  1.537156e+01  1.919350e+01
     vertex  5.000000e+00  1.537156e+01  1.919350e+01
   endloop
 endfacet
 facet normal -0.000000e+00 -2.841250e-01 -9.587873e-01
   outer loop
     vertex  5.000000e+00  1.533868e+01  1.920324e+01
     vertex  0.000000e+00  1.533868e+01  1.920324e+01
     vertex  0.000000e+00  1.537156e+01  1.919350e+01
   endloop
 endfacet
 facet normal -0.000000e+00 -2.577146e-01 -9.662211e-01
   outer loop
     vertex  5.000000e+00  1.533868e+01  1.920324e+01
     vertex  0.000000e+00  1.530554e+01  1.921208e+01
     vertex  0.000000e+00  1.533868e+01  1.920324e+01
   endloop
 endfacet
 facet normal -0.000000e+00 -2.577146e-01 -9.662211e-01
   outer loop
     vertex  5.000000e+00  1.530554e+01  1.921208e+01
     vertex  0.000000e+00  1.530554e+01  1.921208e+01
     vertex  5.000000e+00  1.533868e+01  1.920324e+01
   endloop
 endfacet
 facet normal  0.000000e+00 -2.311102e-01 -9.729276e-01
   outer loop
     vertex  5.000000e+00  1.527218e+01  1.922001e+01
     vertex  0.000000e+00  1.530554e+01  1.921208e+01
     vertex  5.000000e+00  1.530554e+01  1.921208e+01
   endloop
 endfacet
 facet normal -0.000000e+00 -2.311102e-01 -9.729276e-01
   outer loop
     vertex  5.000000e+00  1.527218e+01  1.922001e+01
     vertex  0.000000e+00  1.527218e+01  1.922001e+01
     vertex  0.000000e+00  1.530554e+01  1.921208e+01
   endloop
 endfacet
 facet normal  0.000000e+00 -2.043319e-01 -9.789017e-01
   outer loop
     vertex  5.000000e+00  1.523860e+01  1.922702e+01
     vertex  0.000000e+00  1.527218e+01  1.922001e+01
     vertex  5.000000e+00  1.527218e+01  1.922001e+01
   endloop
 endfacet
 facet normal -0.000000e+00 -2.043319e-01 -9.789017e-01
   outer loop
     vertex  5.000000e+00  1.523860e+01  1.922702e+01
     vertex  0.000000e+00  1.523860e+01  1.922702e+01
     vertex  0.000000e+00  1.527218e+01  1.922001e+01
   endloop
 endfacet
 facet normal  0.000000e+00 -1.773998e-01 -9.841389e-01
   outer loop
     vertex  5.000000e+00  1.520485e+01  1.923310e+01
     vertex  0.000000e+00  1.523860e+01  1.922702e+01
     vertex  5.000000e+00  1.523860e+01  1.922702e+01
   endloop
 endfacet
 facet normal -0.000000e+00 -1.773998e-01 -9.841389e-01
   outer loop
     vertex  5.000000e+00  1.520485e+01  1.923310e+01
     vertex  0.000000e+00  1.520485e+01  1.923310e+01
     vertex  0.000000e+00  1.523860e+01  1.922702e+01
   endloop
 endfacet
 facet normal -0.000000e+00 -1.503341e-01 -9.886353e-01
   outer loop
     vertex  5.000000e+00  1.520485e+01  1.923310e+01
     vertex  0.000000e+00  1.517095e+01  1.923826e+01
     vertex  0.000000e+00  1.520485e+01  1.923310e+01
   endloop
 endfacet
 facet normal -0.000000e+00 -1.503341e-01 -9.886353e-01
   outer loop
     vertex  5.000000e+00  1.517095e+01  1.923826e+01
     vertex  0.000000e+00  1.517095e+01  1.923826e+01
     vertex  5.000000e+00  1.520485e+01  1.923310e+01
   endloop
 endfacet
 facet normal -0.000000e+00 -1.231552e-01 -9.923874e-01
   outer loop
     vertex  5.000000e+00  1.513691e+01  1.924248e+01
     vertex  0.000000e+00  1.513691e+01  1.924248e+01
     vertex  0.000000e+00  1.517095e+01  1.923826e+01
   endloop
 endfacet
 facet normal  0.000000e+00 -1.231552e-01 -9.923874e-01
   outer loop
     vertex  5.000000e+00  1.513691e+01  1.924248e+01
     vertex  0.000000e+00  1.517095e+01  1.923826e+01
     vertex  5.000000e+00  1.517095e+01  1.923826e+01
   endloop
 endfacet
 facet normal -0.000000e+00 -9.588368e-02 -9.953925e-01
   outer loop
     vertex  5.000000e+00  1.510277e+01  1.924577e+01
     vertex  0.000000e+00  1.510277e+01  1.924577e+01
     vertex  0.000000e+00  1.513691e+01  1.924248e+01
   endloop
 endfacet
 facet normal  0.000000e+00 -9.588368e-02 -9.953925e-01
   outer loop
     vertex  5.000000e+00  1.510277e+01  1.924577e+01
     vertex  0.000000e+00  1.513691e+01  1.924248e+01
     vertex  5.000000e+00  1.513691e+01  1.924248e+01
   endloop
 endfacet
 facet normal -0.000000e+00 -6.853995e-02 -9.976484e-01
   outer loop
     vertex  5.000000e+00  1.506856e+01  1.924812e+01
     vertex  0.000000e+00  1.506856e+01  1.924812e+01
     vertex  0.000000e+00  1.510277e+01  1.924577e+01
   endloop
 endfacet
 facet normal  0.000000e+00 -6.853995e-02 -9.976484e-01
   outer loop
     vertex  5.000000e+00  1.506856e+01  1.924812e+01
     vertex  0.000000e+00  1.510277e+01  1.924577e+01
     vertex  5.000000e+00  1.510277e+01  1.924577e+01
   endloop
 endfacet
 facet normal -0.000000e+00 -4.114462e-02 -9.991532e-01
   outer loop
     vertex  5.000000e+00  1.503429e+01  1.924953e+01
     vertex  0.000000e+00  1.503429e+01  1.924953e+01
     vertex  0.000000e+00  1.506856e+01  1.924812e+01
   endloop
 endfacet
 facet normal -0.000000e+00 -1.371831e-02 -9.999059e-01
   outer loop
     vertex  5.000000e+00  1.503429e+01  1.924953e+01
     vertex  0.000000e+00  1.500000e+01  1.925000e+01
     vertex  0.000000e+00  1.503429e+01  1.924953e+01
   endloop
 endfacet
 facet normal  0.000000e+00 -4.114462e-02 -9.991532e-01
   outer loop
     vertex  5.000000e+00  1.503429e+01  1.924953e+01
     vertex  0.000000e+00  1.506856e+01  1.924812e+01
     vertex  5.000000e+00  1.506856e+01  1.924812e+01
   endloop
 endfacet
 facet normal -0.000000e+00 -1.371831e-02 -9.999059e-01
   outer loop
     vertex  5.000000e+00  1.500000e+01  1.925000e+01
     vertex  0.000000e+00  1.500000e+01  1.925000e+01
     vertex  5.000000e+00  1.503429e+01  1.924953e+01
   endloop
 endfacet
 facet normal  0.000000e+00  1.000000e+00  0.000000e+00
   outer loop
     vertex  1.564770e+01  1.307000e+02  1.979827e+01
     vertex  1.555110e+01  1.307000e+02  1.972139e+01
     vertex  1.559887e+01  1.307000e+02  1.976049e+01
   endloop
 endfacet
 facet normal  0.000000e+00  1.000000e+00  0.000000e+00
   outer loop
     vertex  1.564770e+01  1.307000e+02  1.979827e+01
     vertex  1.550442e+01  1.307000e+02  1.968100e+01
     vertex  1.555110e+01  1.307000e+02  1.972139e+01
   endloop
 endfacet
 facet normal  0.000000e+00  1.000000e+00  0.000000e+00
   outer loop
     vertex  1.564770e+01  1.307000e+02  1.979827e+01
     vertex  1.545887e+01  1.307000e+02  1.963933e+01
     vertex  1.550442e+01  1.307000e+02  1.968100e+01
   endloop
 endfacet
 facet normal  0.000000e+00  1.000000e+00  0.000000e+00
   outer loop
     vertex  1.564770e+01  1.307000e+02  1.979827e+01
     vertex  1.541448e+01  1.307000e+02  1.959644e+01
     vertex  1.545887e+01  1.307000e+02  1.963933e+01
   endloop
 endfacet
 facet normal  0.000000e+00  1.000000e+00  0.000000e+00
   outer loop
     vertex  1.564770e+01  1.307000e+02  1.979827e+01
     vertex  1.537128e+01  1.307000e+02  1.955234e+01
     vertex  1.541448e+01  1.307000e+02  1.959644e+01
   endloop
 endfacet
 facet normal  0.000000e+00  1.000000e+00  0.000000e+00
   outer loop
     vertex  1.564770e+01  1.307000e+02  1.979827e+01
     vertex  1.532930e+01  1.307000e+02  1.950707e+01
     vertex  1.537128e+01  1.307000e+02  1.955234e+01
   endloop
 endfacet
 facet normal  0.000000e+00  1.000000e+00  0.000000e+00
   outer loop
     vertex  1.513890e+01  1.307000e+02  1.926443e+01
     vertex  1.521105e+01  1.307000e+02  1.936461e+01
     vertex  1.524916e+01  1.307000e+02  1.941317e+01
   endloop
 endfacet
 facet normal  0.000000e+00  1.000000e+00  0.000000e+00
   outer loop
     vertex  1.513890e+01  1.307000e+02  1.926443e+01
     vertex  1.517428e+01  1.307000e+02  1.931501e+01
     vertex  1.521105e+01  1.307000e+02  1.936461e+01
   endloop
 endfacet
 facet normal  0.000000e+00  1.000000e+00  0.000000e+00
   outer loop
     vertex  1.510491e+01  1.307000e+02  1.921290e+01
     vertex  1.524916e+01  1.307000e+02  1.941317e+01
     vertex  1.528859e+01  1.307000e+02  1.946067e+01
   endloop
 endfacet
 facet normal  0.000000e+00  1.000000e+00  0.000000e+00
   outer loop
     vertex  1.510491e+01  1.307000e+02  1.921290e+01
     vertex  1.513890e+01  1.307000e+02  1.926443e+01
     vertex  1.524916e+01  1.307000e+02  1.941317e+01
   endloop
 endfacet
 facet normal  0.000000e+00  1.000000e+00  0.000000e+00
   outer loop
     vertex  1.507235e+01  1.307000e+02  1.916045e+01
     vertex  1.528859e+01  1.307000e+02  1.946067e+01
     vertex  1.532930e+01  1.307000e+02  1.950707e+01
   endloop
 endfacet
 facet normal  0.000000e+00  1.000000e+00  0.000000e+00
   outer loop
     vertex  1.507235e+01  1.307000e+02  1.916045e+01
     vertex  1.510491e+01  1.307000e+02  1.921290e+01
     vertex  1.528859e+01  1.307000e+02  1.946067e+01
   endloop
 endfacet
 facet normal  0.000000e+00  1.000000e+00  0.000000e+00
   outer loop
     vertex  1.590633e+01  1.307000e+02  1.996631e+01
     vertex  1.580013e+01  1.307000e+02  1.990337e+01
     vertex  1.585280e+01  1.307000e+02  1.993557e+01
   endloop
 endfacet
 facet normal  0.000000e+00  1.000000e+00  0.000000e+00
   outer loop
     vertex  1.590633e+01  1.307000e+02  1.996631e+01
     vertex  1.574836e+01  1.307000e+02  1.986973e+01
     vertex  1.580013e+01  1.307000e+02  1.990337e+01
   endloop
 endfacet
 facet normal  0.000000e+00  1.000000e+00  0.000000e+00
   outer loop
     vertex  1.501160e+01  1.307000e+02  1.905298e+01
     vertex  1.504124e+01  1.307000e+02  1.910713e+01
     vertex  1.507235e+01  1.307000e+02  1.916045e+01
   endloop
 endfacet
 facet normal  0.000000e+00  1.000000e+00  0.000000e+00
   outer loop
     vertex  1.601582e+01  1.307000e+02  2.002334e+01
     vertex  1.590633e+01  1.307000e+02  1.996631e+01
     vertex  1.596069e+01  1.307000e+02  1.999558e+01
   endloop
 endfacet
 facet normal  0.000000e+00  1.000000e+00  0.000000e+00
   outer loop
     vertex  1.607170e+01  1.307000e+02  2.004958e+01
     vertex  1.590633e+01  1.307000e+02  1.996631e+01
     vertex  1.601582e+01  1.307000e+02  2.002334e+01
   endloop
 endfacet
 facet normal  0.000000e+00  1.000000e+00  0.000000e+00
   outer loop
     vertex  1.490823e+01  1.307000e+02  1.882885e+01
     vertex  1.498346e+01  1.307000e+02  1.899803e+01
     vertex  1.501160e+01  1.307000e+02  1.905298e+01
   endloop
 endfacet
 facet normal  0.000000e+00  1.000000e+00  0.000000e+00
   outer loop
     vertex  1.490823e+01  1.307000e+02  1.882885e+01
     vertex  1.495684e+01  1.307000e+02  1.894233e+01
     vertex  1.498346e+01  1.307000e+02  1.899803e+01
   endloop
 endfacet
 facet normal  0.000000e+00  1.000000e+00  0.000000e+00
   outer loop
     vertex  1.490823e+01  1.307000e+02  1.882885e+01
     vertex  1.493176e+01  1.307000e+02  1.888593e+01
     vertex  1.495684e+01  1.307000e+02  1.894233e+01
   endloop
 endfacet
 facet normal  0.000000e+00  1.000000e+00  0.000000e+00
   outer loop
     vertex  1.618551e+01  1.307000e+02  2.009741e+01
     vertex  1.607170e+01  1.307000e+02  2.004958e+01
     vertex  1.612828e+01  1.307000e+02  2.007427e+01
   endloop
 endfacet
 facet normal  0.000000e+00  1.000000e+00  0.000000e+00
   outer loop
     vertex  1.618551e+01  1.307000e+02  2.009741e+01
     vertex  1.569754e+01  1.307000e+02  1.983469e+01
     vertex  1.574836e+01  1.307000e+02  1.986973e+01
   endloop
 endfacet
 facet normal  0.000000e+00  1.000000e+00  0.000000e+00
   outer loop
     vertex  1.618551e+01  1.307000e+02  2.009741e+01
     vertex  1.564770e+01  1.307000e+02  1.979827e+01
     vertex  1.569754e+01  1.307000e+02  1.983469e+01
   endloop
 endfacet
 facet normal  0.000000e+00  1.000000e+00  0.000000e+00
   outer loop
     vertex  1.618551e+01  1.307000e+02  2.009741e+01
     vertex  1.574836e+01  1.307000e+02  1.986973e+01
     vertex  1.590633e+01  1.307000e+02  1.996631e+01
   endloop
 endfacet
 facet normal  0.000000e+00  1.000000e+00  0.000000e+00
   outer loop
     vertex  1.618551e+01  1.307000e+02  2.009741e+01
     vertex  1.590633e+01  1.307000e+02  1.996631e+01
     vertex  1.607170e+01  1.307000e+02  2.004958e+01
   endloop
 endfacet
 facet normal  0.000000e+00  1.000000e+00  0.000000e+00
   outer loop
     vertex  1.636072e+01  1.307000e+02  2.015727e+01
     vertex  1.624336e+01  1.307000e+02  2.011896e+01
     vertex  1.630178e+01  1.307000e+02  2.013892e+01
   endloop
 endfacet
 facet normal  0.000000e+00  1.000000e+00  0.000000e+00
   outer loop
     vertex  1.636072e+01  1.307000e+02  2.015727e+01
     vertex  1.618551e+01  1.307000e+02  2.009741e+01
     vertex  1.624336e+01  1.307000e+02  2.011896e+01
   endloop
 endfacet
 facet normal  0.000000e+00  1.000000e+00  0.000000e+00
   outer loop
     vertex  1.483003e+01  1.307000e+02  1.859476e+01
     vertex  1.486592e+01  1.307000e+02  1.871288e+01
     vertex  1.488628e+01  1.307000e+02  1.877116e+01
   endloop
 endfacet
 facet normal  0.000000e+00  1.000000e+00  0.000000e+00
   outer loop
     vertex  1.483003e+01  1.307000e+02  1.859476e+01
     vertex  1.484716e+01  1.307000e+02  1.865406e+01
     vertex  1.486592e+01  1.307000e+02  1.871288e+01
   endloop
 endfacet
 facet normal  0.000000e+00  1.000000e+00  0.000000e+00
   outer loop
     vertex  1.648000e+01  1.307000e+02  2.018909e+01
     vertex  1.618551e+01  1.307000e+02  2.009741e+01
     vertex  1.636072e+01  1.307000e+02  2.015727e+01
   endloop
 endfacet
 facet normal  0.000000e+00  1.000000e+00  0.000000e+00
   outer loop
     vertex  1.648000e+01  1.307000e+02  2.018909e+01
     vertex  1.636072e+01  1.307000e+02  2.015727e+01
     vertex  1.642014e+01  1.307000e+02  2.017400e+01
   endloop
 endfacet
 facet normal  0.000000e+00  1.000000e+00  0.000000e+00
   outer loop
     vertex  1.478848e+01  1.307000e+02  1.841433e+01
     vertex  1.481453e+01  1.307000e+02  1.853500e+01
     vertex  1.483003e+01  1.307000e+02  1.859476e+01
   endloop
 endfacet
 facet normal  0.000000e+00  1.000000e+00  0.000000e+00
   outer loop
     vertex  1.478848e+01  1.307000e+02  1.841433e+01
     vertex  1.480068e+01  1.307000e+02  1.847484e+01
     vertex  1.481453e+01  1.307000e+02  1.853500e+01
   endloop
 endfacet
 facet normal  0.000000e+00  1.000000e+00  0.000000e+00
   outer loop
     vertex  1.660085e+01  1.307000e+02  2.021431e+01
     vertex  1.648000e+01  1.307000e+02  2.018909e+01
     vertex  1.654025e+01  1.307000e+02  2.020253e+01
   endloop
 endfacet
 facet normal  0.000000e+00  1.000000e+00  0.000000e+00
   outer loop
     vertex  1.477794e+01  1.307000e+02  1.835350e+01
     vertex  1.478848e+01  1.307000e+02  1.841433e+01
     vertex  1.483003e+01  1.307000e+02  1.859476e+01
   endloop
 endfacet
 facet normal  0.000000e+00  1.000000e+00  0.000000e+00
   outer loop
     vertex  1.477794e+01  1.307000e+02  1.835350e+01
     vertex  1.488628e+01  1.307000e+02  1.877116e+01
     vertex  1.490823e+01  1.307000e+02  1.882885e+01
   endloop
 endfacet
 facet normal  0.000000e+00  1.000000e+00  0.000000e+00
   outer loop
     vertex  1.477794e+01  1.307000e+02  1.835350e+01
     vertex  1.483003e+01  1.307000e+02  1.859476e+01
     vertex  1.488628e+01  1.307000e+02  1.877116e+01
   endloop
 endfacet
 facet normal  0.000000e+00  1.000000e+00  0.000000e+00
   outer loop
     vertex  1.476908e+01  1.307000e+02  1.829241e+01
     vertex  1.477794e+01  1.307000e+02  1.835350e+01
     vertex  1.490823e+01  1.307000e+02  1.882885e+01
   endloop
 endfacet
 facet normal  0.000000e+00  1.000000e+00  0.000000e+00
   outer loop
     vertex  1.475640e+01  1.307000e+02  1.816961e+01
     vertex  1.476908e+01  1.307000e+02  1.829241e+01
     vertex  1.490823e+01  1.307000e+02  1.882885e+01
   endloop
 endfacet
 facet normal  0.000000e+00  1.000000e+00  0.000000e+00
   outer loop
     vertex  1.475640e+01  1.307000e+02  1.816961e+01
     vertex  1.476190e+01  1.307000e+02  1.823110e+01
     vertex  1.476908e+01  1.307000e+02  1.829241e+01
   endloop
 endfacet
 facet normal  0.000000e+00  1.000000e+00  0.000000e+00
   outer loop
     vertex  1.690742e+01  1.307000e+02  2.024809e+01
     vertex  1.678426e+01  1.307000e+02  2.023963e+01
     vertex  1.684579e+01  1.307000e+02  2.024471e+01
   endloop
 endfacet
 facet normal  0.000000e+00  1.000000e+00  0.000000e+00
   outer loop
     vertex  1.690742e+01  1.307000e+02  2.024809e+01
     vertex  1.672290e+01  1.307000e+02  2.023287e+01
     vertex  1.678426e+01  1.307000e+02  2.023963e+01
   endloop
 endfacet
 facet normal  0.000000e+00  1.000000e+00  0.000000e+00
   outer loop
     vertex  1.690742e+01  1.307000e+02  2.024809e+01
     vertex  1.666175e+01  1.307000e+02  2.022443e+01
     vertex  1.672290e+01  1.307000e+02  2.023287e+01
   endloop
 endfacet
 facet normal  0.000000e+00  1.000000e+00  0.000000e+00
   outer loop
     vertex  1.475005e+01  1.307000e+02  1.798457e+01
     vertex  1.475048e+01  1.307000e+02  1.804630e+01
     vertex  1.475259e+01  1.307000e+02  1.810799e+01
   endloop
 endfacet
 facet normal  0.000000e+00  1.000000e+00  0.000000e+00
   outer loop
     vertex  1.703087e+01  1.307000e+02  2.024979e+01
     vertex  1.690742e+01  1.307000e+02  2.024809e+01
     vertex  1.696913e+01  1.307000e+02  2.024979e+01
   endloop
 endfacet
 facet normal  0.000000e+00  1.000000e+00  0.000000e+00
   outer loop
     vertex  1.475429e+01  1.307000e+02  1.786119e+01
     vertex  1.475005e+01  1.307000e+02  1.798457e+01
     vertex  1.475259e+01  1.307000e+02  1.810799e+01
   endloop
 endfacet
 facet normal  0.000000e+00  1.000000e+00 -0.000000e+00
   outer loop
     vertex  1.475429e+01  1.307000e+02  1.786119e+01
     vertex  1.475259e+01  1.307000e+02  1.810799e+01
     vertex  1.475640e+01  1.307000e+02  1.816961e+01
   endloop
 endfacet
 facet normal  0.000000e+00  1.000000e+00  0.000000e+00
   outer loop
     vertex  1.475429e+01  1.307000e+02  1.786119e+01
     vertex  1.475132e+01  1.307000e+02  1.792285e+01
     vertex  1.475005e+01  1.307000e+02  1.798457e+01
   endloop
 endfacet
 facet normal  0.000000e+00  1.000000e+00  0.000000e+00
   outer loop
     vertex  1.715421e+01  1.307000e+02  2.024471e+01
     vertex  1.703087e+01  1.307000e+02  2.024979e+01
     vertex  1.709258e+01  1.307000e+02  2.024809e+01
   endloop
 endfacet
 facet normal  0.000000e+00  1.000000e+00  0.000000e+00
   outer loop
     vertex  1.476528e+01  1.307000e+02  1.773822e+01
     vertex  1.475894e+01  1.307000e+02  1.779963e+01
     vertex  1.475429e+01  1.307000e+02  1.786119e+01
   endloop
 endfacet
 facet normal  0.000000e+00  1.000000e+00  0.000000e+00
   outer loop
     vertex  1.477330e+01  1.307000e+02  1.767701e+01
     vertex  1.476528e+01  1.307000e+02  1.773822e+01
     vertex  1.475429e+01  1.307000e+02  1.786119e+01
   endloop
 endfacet
 facet normal  0.000000e+00  1.000000e+00  0.000000e+00
   outer loop
     vertex  1.739915e+01  1.307000e+02  2.021431e+01
     vertex  1.727710e+01  1.307000e+02  2.023287e+01
     vertex  1.733825e+01  1.307000e+02  2.022443e+01
   endloop
 endfacet
 facet normal  0.000000e+00  1.000000e+00  0.000000e+00
   outer loop
     vertex  1.479437e+01  1.307000e+02  1.755537e+01
     vertex  1.478300e+01  1.307000e+02  1.761605e+01
     vertex  1.477330e+01  1.307000e+02  1.767701e+01
   endloop
 endfacet
 facet normal  0.000000e+00  1.000000e+00  0.000000e+00
   outer loop
     vertex  1.752000e+01  1.307000e+02  2.018909e+01
     vertex  1.739915e+01  1.307000e+02  2.021431e+01
     vertex  1.745975e+01  1.307000e+02  2.020253e+01
   endloop
 endfacet
 facet normal  0.000000e+00  1.000000e+00  0.000000e+00
   outer loop
     vertex  1.752000e+01  1.307000e+02  2.018909e+01
     vertex  1.721574e+01  1.307000e+02  2.023963e+01
     vertex  1.727710e+01  1.307000e+02  2.023287e+01
   endloop
 endfacet
 facet normal  0.000000e+00  1.000000e+00  0.000000e+00
   outer loop
     vertex  1.752000e+01  1.307000e+02  2.018909e+01
     vertex  1.727710e+01  1.307000e+02  2.023287e+01
     vertex  1.739915e+01  1.307000e+02  2.021431e+01
   endloop
 endfacet
 facet normal  0.000000e+00  1.000000e+00  0.000000e+00
   outer loop
     vertex  1.483839e+01  1.307000e+02  1.737553e+01
     vertex  1.479437e+01  1.307000e+02  1.755537e+01
     vertex  1.477330e+01  1.307000e+02  1.767701e+01
   endloop
 endfacet
 facet normal  0.000000e+00  1.000000e+00  0.000000e+00
   outer loop
     vertex  1.483839e+01  1.307000e+02  1.737553e+01
     vertex  1.480740e+01  1.307000e+02  1.749503e+01
     vertex  1.479437e+01  1.307000e+02  1.755537e+01
   endloop
 endfacet
 facet normal  0.000000e+00  1.000000e+00  0.000000e+00
   outer loop
     vertex  1.483839e+01  1.307000e+02  1.737553e+01
     vertex  1.482208e+01  1.307000e+02  1.743507e+01
     vertex  1.480740e+01  1.307000e+02  1.749503e+01
   endloop
 endfacet
 facet normal  0.000000e+00  1.000000e+00  0.000000e+00
   outer loop
     vertex  1.763928e+01  1.307000e+02  2.015727e+01
     vertex  1.752000e+01  1.307000e+02  2.018909e+01
     vertex  1.757986e+01  1.307000e+02  2.017400e+01
   endloop
 endfacet
 facet normal  0.000000e+00  1.000000e+00  0.000000e+00
   outer loop
     vertex  1.763928e+01  1.307000e+02  2.015727e+01
     vertex  1.715421e+01  1.307000e+02  2.024471e+01
     vertex  1.721574e+01  1.307000e+02  2.023963e+01
   endloop
 endfacet
 facet normal  0.000000e+00  1.000000e+00  0.000000e+00
   outer loop
     vertex  1.763928e+01  1.307000e+02  2.015727e+01
     vertex  1.721574e+01  1.307000e+02  2.023963e+01
     vertex  1.752000e+01  1.307000e+02  2.018909e+01
   endloop
 endfacet
 facet normal  0.000000e+00  1.000000e+00  0.000000e+00
   outer loop
     vertex  1.487590e+01  1.307000e+02  1.725791e+01
     vertex  1.485634e+01  1.307000e+02  1.731646e+01
     vertex  1.483839e+01  1.307000e+02  1.737553e+01
   endloop
 endfacet
 facet normal  0.000000e+00  1.000000e+00  0.000000e+00
   outer loop
     vertex  1.775664e+01  1.307000e+02  2.011896e+01
     vertex  1.763928e+01  1.307000e+02  2.015727e+01
     vertex  1.769822e+01  1.307000e+02  2.013892e+01
   endloop
 endfacet
 facet normal  0.000000e+00  1.000000e+00  0.000000e+00
   outer loop
     vertex  1.781449e+01  1.307000e+02  2.009741e+01
     vertex  1.763928e+01  1.307000e+02  2.015727e+01
     vertex  1.775664e+01  1.307000e+02  2.011896e+01
   endloop
 endfacet
 facet normal  0.000000e+00  1.000000e+00  0.000000e+00
   outer loop
     vertex  1.491980e+01  1.307000e+02  1.714253e+01
     vertex  1.483839e+01  1.307000e+02  1.737553e+01
     vertex  1.477330e+01  1.307000e+02  1.767701e+01
   endloop
 endfacet
 facet normal  0.000000e+00  1.000000e+00  0.000000e+00
   outer loop
     vertex  1.491980e+01  1.307000e+02  1.714253e+01
     vertex  1.489706e+01  1.307000e+02  1.719992e+01
     vertex  1.487590e+01  1.307000e+02  1.725791e+01
   endloop
 endfacet
 facet normal  0.000000e+00  1.000000e+00  0.000000e+00
   outer loop
     vertex  1.491980e+01  1.307000e+02  1.714253e+01
     vertex  1.487590e+01  1.307000e+02  1.725791e+01
     vertex  1.483839e+01  1.307000e+02  1.737553e+01
   endloop
 endfacet
 facet normal  0.000000e+00  1.000000e+00  0.000000e+00
   outer loop
     vertex  1.494410e+01  1.307000e+02  1.708578e+01
     vertex  1.491980e+01  1.307000e+02  1.714253e+01
     vertex  1.477330e+01  1.307000e+02  1.767701e+01
   endloop
 endfacet
 facet normal  0.000000e+00  1.000000e+00  0.000000e+00
   outer loop
     vertex  1.792830e+01  1.307000e+02  2.004958e+01
     vertex  1.781449e+01  1.307000e+02  2.009741e+01
     vertex  1.787172e+01  1.307000e+02  2.007427e+01
   endloop
 endfacet
 facet normal  0.000000e+00  1.000000e+00  0.000000e+00
   outer loop
     vertex  1.792830e+01  1.307000e+02  2.004958e+01
     vertex  1.763928e+01  1.307000e+02  2.015727e+01
     vertex  1.781449e+01  1.307000e+02  2.009741e+01
   endloop
 endfacet
 facet normal  0.000000e+00  1.000000e+00  0.000000e+00
   outer loop
     vertex  1.499734e+01  1.307000e+02  1.697440e+01
     vertex  1.496996e+01  1.307000e+02  1.702973e+01
     vertex  1.494410e+01  1.307000e+02  1.708578e+01
   endloop
 endfacet
 facet normal  0.000000e+00  1.000000e+00  0.000000e+00
   outer loop
     vertex  1.803931e+01  1.307000e+02  1.999558e+01
     vertex  1.763928e+01  1.307000e+02  2.015727e+01
     vertex  1.792830e+01  1.307000e+02  2.004958e+01
   endloop
 endfacet
 facet normal  0.000000e+00  1.000000e+00  0.000000e+00
   outer loop
     vertex  1.803931e+01  1.307000e+02  1.999558e+01
     vertex  1.792830e+01  1.307000e+02  2.004958e+01
     vertex  1.798418e+01  1.307000e+02  2.002334e+01
   endloop
 endfacet
 facet normal  0.000000e+00  1.000000e+00  0.000000e+00
   outer loop
     vertex  1.505661e+01  1.307000e+02  1.686610e+01
     vertex  1.499734e+01  1.307000e+02  1.697440e+01
     vertex  1.494410e+01  1.307000e+02  1.708578e+01
   endloop
 endfacet
 facet normal  0.000000e+00  1.000000e+00  0.000000e+00
   outer loop
     vertex  1.505661e+01  1.307000e+02  1.686610e+01
     vertex  1.502623e+01  1.307000e+02  1.691984e+01
     vertex  1.499734e+01  1.307000e+02  1.697440e+01
   endloop
 endfacet
 facet normal  0.000000e+00  1.000000e+00  0.000000e+00
   outer loop
     vertex  1.814720e+01  1.307000e+02  1.993557e+01
     vertex  1.763928e+01  1.307000e+02  2.015727e+01
     vertex  1.803931e+01  1.307000e+02  1.999558e+01
   endloop
 endfacet
 facet normal  0.000000e+00  1.000000e+00  0.000000e+00
   outer loop
     vertex  1.814720e+01  1.307000e+02  1.993557e+01
     vertex  1.803931e+01  1.307000e+02  1.999558e+01
     vertex  1.809367e+01  1.307000e+02  1.996631e+01
   endloop
 endfacet
 facet normal  0.000000e+00  1.000000e+00  0.000000e+00
   outer loop
     vertex  1.512172e+01  1.307000e+02  1.676122e+01
     vertex  1.505661e+01  1.307000e+02  1.686610e+01
     vertex  1.494410e+01  1.307000e+02  1.708578e+01
   endloop
 endfacet
 facet normal  0.000000e+00  1.000000e+00  0.000000e+00
   outer loop
     vertex  1.512172e+01  1.307000e+02  1.676122e+01
     vertex  1.508845e+01  1.307000e+02  1.681321e+01
     vertex  1.505661e+01  1.307000e+02  1.686610e+01
   endloop
 endfacet
 facet normal  0.000000e+00  1.000000e+00  0.000000e+00
   outer loop
     vertex  1.825164e+01  1.307000e+02  1.986973e+01
     vertex  1.814720e+01  1.307000e+02  1.993557e+01
     vertex  1.819987e+01  1.307000e+02  1.990337e+01
   endloop
 endfacet
 facet normal  0.000000e+00  1.000000e+00  0.000000e+00
   outer loop
     vertex  1.830246e+01  1.307000e+02  1.983469e+01
     vertex  1.814720e+01  1.307000e+02  1.993557e+01
     vertex  1.825164e+01  1.307000e+02  1.986973e+01
   endloop
 endfacet
 facet normal  0.000000e+00  1.000000e+00  0.000000e+00
   outer loop
     vertex  1.840113e+01  1.307000e+02  1.976049e+01
     vertex  1.648000e+01  1.307000e+02  2.018909e+01
     vertex  1.660085e+01  1.307000e+02  2.021431e+01
   endloop
 endfacet
 facet normal  0.000000e+00  1.000000e+00  0.000000e+00
   outer loop
     vertex  1.840113e+01  1.307000e+02  1.976049e+01
     vertex  1.666175e+01  1.307000e+02  2.022443e+01
     vertex  1.690742e+01  1.307000e+02  2.024809e+01
   endloop
 endfacet
 facet normal  0.000000e+00  1.000000e+00  0.000000e+00
   outer loop
     vertex  1.840113e+01  1.307000e+02  1.976049e+01
     vertex  1.763928e+01  1.307000e+02  2.015727e+01
     vertex  1.814720e+01  1.307000e+02  1.993557e+01
   endloop
 endfacet
 facet normal  0.000000e+00  1.000000e+00  0.000000e+00
   outer loop
     vertex  1.840113e+01  1.307000e+02  1.976049e+01
     vertex  1.660085e+01  1.307000e+02  2.021431e+01
     vertex  1.666175e+01  1.307000e+02  2.022443e+01
   endloop
 endfacet
 facet normal  0.000000e+00  1.000000e+00  0.000000e+00
   outer loop
     vertex  1.840113e+01  1.307000e+02  1.976049e+01
     vertex  1.814720e+01  1.307000e+02  1.993557e+01
     vertex  1.830246e+01  1.307000e+02  1.983469e+01
   endloop
 endfacet
 facet normal  0.000000e+00  1.000000e+00  0.000000e+00
   outer loop
     vertex  1.840113e+01  1.307000e+02  1.976049e+01
     vertex  1.690742e+01  1.307000e+02  2.024809e+01
     vertex  1.703087e+01  1.307000e+02  2.024979e+01
   endloop
 endfacet
 facet normal  0.000000e+00  1.000000e+00  0.000000e+00
   outer loop
     vertex  1.840113e+01  1.307000e+02  1.976049e+01
     vertex  1.703087e+01  1.307000e+02  2.024979e+01
     vertex  1.715421e+01  1.307000e+02  2.024471e+01
   endloop
 endfacet
 facet normal  0.000000e+00  1.000000e+00  0.000000e+00
   outer loop
     vertex  1.840113e+01  1.307000e+02  1.976049e+01
     vertex  1.715421e+01  1.307000e+02  2.024471e+01
     vertex  1.763928e+01  1.307000e+02  2.015727e+01
   endloop
 endfacet
 facet normal  0.000000e+00  1.000000e+00  0.000000e+00
   outer loop
     vertex  1.840113e+01  1.307000e+02  1.976049e+01
     vertex  1.830246e+01  1.307000e+02  1.983469e+01
     vertex  1.835230e+01  1.307000e+02  1.979827e+01
   endloop
 endfacet
 facet normal  0.000000e+00  1.000000e+00  0.000000e+00
   outer loop
     vertex  1.530878e+01  1.307000e+02  1.651599e+01
     vertex  1.512172e+01  1.307000e+02  1.676122e+01
     vertex  1.494410e+01  1.307000e+02  1.708578e+01
   endloop
 endfacet
 facet normal  0.000000e+00  1.000000e+00  0.000000e+00
   outer loop
     vertex  1.530878e+01  1.307000e+02  1.651599e+01
     vertex  1.515642e+01  1.307000e+02  1.671016e+01
     vertex  1.512172e+01  1.307000e+02  1.676122e+01
   endloop
 endfacet
 facet normal  0.000000e+00  1.000000e+00  0.000000e+00
   outer loop
     vertex  1.530878e+01  1.307000e+02  1.651599e+01
     vertex  1.519250e+01  1.307000e+02  1.666006e+01
     vertex  1.515642e+01  1.307000e+02  1.671016e+01
   endloop
 endfacet
 facet normal  0.000000e+00  1.000000e+00  0.000000e+00
   outer loop
     vertex  1.530878e+01  1.307000e+02  1.651599e+01
     vertex  1.522994e+01  1.307000e+02  1.661098e+01
     vertex  1.519250e+01  1.307000e+02  1.666006e+01
   endloop
 endfacet
 facet normal  0.000000e+00  1.000000e+00  0.000000e+00
   outer loop
     vertex  1.530878e+01  1.307000e+02  1.651599e+01
     vertex  1.526871e+01  1.307000e+02  1.656294e+01
     vertex  1.522994e+01  1.307000e+02  1.661098e+01
   endloop
 endfacet
 facet normal  0.000000e+00  1.000000e+00  0.000000e+00
   outer loop
     vertex  1.849558e+01  1.307000e+02  1.968100e+01
     vertex  1.840113e+01  1.307000e+02  1.976049e+01
     vertex  1.844890e+01  1.307000e+02  1.972139e+01
   endloop
 endfacet
 facet normal  0.000000e+00  1.000000e+00  0.000000e+00
   outer loop
     vertex  1.854113e+01  1.307000e+02  1.963933e+01
     vertex  1.840113e+01  1.307000e+02  1.976049e+01
     vertex  1.849558e+01  1.307000e+02  1.968100e+01
   endloop
 endfacet
 facet normal  0.000000e+00  1.000000e+00  0.000000e+00
   outer loop
     vertex  1.539272e+01  1.307000e+02  1.642546e+01
     vertex  1.475640e+01  1.307000e+02  1.816961e+01
     vertex  1.490823e+01  1.307000e+02  1.882885e+01
   endloop
 endfacet
 facet normal  0.000000e+00  1.000000e+00  0.000000e+00
   outer loop
     vertex  1.539272e+01  1.307000e+02  1.642546e+01
     vertex  1.475429e+01  1.307000e+02  1.786119e+01
     vertex  1.475640e+01  1.307000e+02  1.816961e+01
   endloop
 endfacet
 facet normal  0.000000e+00  1.000000e+00  0.000000e+00
   outer loop
     vertex  1.539272e+01  1.307000e+02  1.642546e+01
     vertex  1.477330e+01  1.307000e+02  1.767701e+01
     vertex  1.475429e+01  1.307000e+02  1.786119e+01
   endloop
 endfacet
 facet normal  0.000000e+00  1.000000e+00  0.000000e+00
   outer loop
     vertex  1.539272e+01  1.307000e+02  1.642546e+01
     vertex  1.501160e+01  1.307000e+02  1.905298e+01
     vertex  1.507235e+01  1.307000e+02  1.916045e+01
   endloop
 endfacet
 facet normal  0.000000e+00  1.000000e+00  0.000000e+00
   outer loop
     vertex  1.539272e+01  1.307000e+02  1.642546e+01
     vertex  1.490823e+01  1.307000e+02  1.882885e+01
     vertex  1.501160e+01  1.307000e+02  1.905298e+01
   endloop
 endfacet
 facet normal  0.000000e+00  1.000000e+00  0.000000e+00
   outer loop
     vertex  1.539272e+01  1.307000e+02  1.642546e+01
     vertex  1.530878e+01  1.307000e+02  1.651599e+01
     vertex  1.494410e+01  1.307000e+02  1.708578e+01
   endloop
 endfacet
 facet normal  0.000000e+00  1.000000e+00  0.000000e+00
   outer loop
     vertex  1.539272e+01  1.307000e+02  1.642546e+01
     vertex  1.535013e+01  1.307000e+02  1.647015e+01
     vertex  1.530878e+01  1.307000e+02  1.651599e+01
   endloop
 endfacet
 facet normal  0.000000e+00  1.000000e+00  0.000000e+00
   outer loop
     vertex  1.539272e+01  1.307000e+02  1.642546e+01
     vertex  1.494410e+01  1.307000e+02  1.708578e+01
     vertex  1.477330e+01  1.307000e+02  1.767701e+01
   endloop
 endfacet
 facet normal  0.000000e+00  1.000000e+00  0.000000e+00
   outer loop
     vertex  1.858552e+01  1.307000e+02  1.959644e+01
     vertex  1.840113e+01  1.307000e+02  1.976049e+01
     vertex  1.854113e+01  1.307000e+02  1.963933e+01
   endloop
 endfacet
 facet normal  0.000000e+00  1.000000e+00  0.000000e+00
   outer loop
     vertex  1.867070e+01  1.307000e+02  1.950707e+01
     vertex  1.840113e+01  1.307000e+02  1.976049e+01
     vertex  1.858552e+01  1.307000e+02  1.959644e+01
   endloop
 endfacet
 facet normal  0.000000e+00  1.000000e+00  0.000000e+00
   outer loop
     vertex  1.867070e+01  1.307000e+02  1.950707e+01
     vertex  1.858552e+01  1.307000e+02  1.959644e+01
     vertex  1.862872e+01  1.307000e+02  1.955234e+01
   endloop
 endfacet
 facet normal  0.000000e+00  1.000000e+00  0.000000e+00
   outer loop
     vertex  1.552762e+01  1.307000e+02  1.629864e+01
     vertex  1.548150e+01  1.307000e+02  1.633968e+01
     vertex  1.543653e+01  1.307000e+02  1.638196e+01
   endloop
 endfacet
 facet normal  0.000000e+00  1.000000e+00  0.000000e+00
   outer loop
     vertex  1.552762e+01  1.307000e+02  1.629864e+01
     vertex  1.543653e+01  1.307000e+02  1.638196e+01
     vertex  1.539272e+01  1.307000e+02  1.642546e+01
   endloop
 endfacet
 facet normal  0.000000e+00  1.000000e+00  0.000000e+00
   outer loop
     vertex  1.871141e+01  1.307000e+02  1.946067e+01
     vertex  1.840113e+01  1.307000e+02  1.976049e+01
     vertex  1.867070e+01  1.307000e+02  1.950707e+01
   endloop
 endfacet
 facet normal  0.000000e+00  1.000000e+00  0.000000e+00
   outer loop
     vertex  1.875084e+01  1.307000e+02  1.941317e+01
     vertex  1.840113e+01  1.307000e+02  1.976049e+01
     vertex  1.871141e+01  1.307000e+02  1.946067e+01
   endloop
 endfacet
 facet normal  0.000000e+00  1.000000e+00  0.000000e+00
   outer loop
     vertex  1.562316e+01  1.307000e+02  1.622045e+01
     vertex  1.557485e+01  1.307000e+02  1.625889e+01
     vertex  1.552762e+01  1.307000e+02  1.629864e+01
   endloop
 endfacet
 facet normal  0.000000e+00  1.000000e+00  0.000000e+00
   outer loop
     vertex  1.878895e+01  1.307000e+02  1.936461e+01
     vertex  1.840113e+01  1.307000e+02  1.976049e+01
     vertex  1.875084e+01  1.307000e+02  1.941317e+01
   endloop
 endfacet
 facet normal  0.000000e+00  1.000000e+00  0.000000e+00
   outer loop
     vertex  1.886110e+01  1.307000e+02  1.926443e+01
     vertex  1.840113e+01  1.307000e+02  1.976049e+01
     vertex  1.878895e+01  1.307000e+02  1.936461e+01
   endloop
 endfacet
 facet normal  0.000000e+00  1.000000e+00  0.000000e+00
   outer loop
     vertex  1.886110e+01  1.307000e+02  1.926443e+01
     vertex  1.878895e+01  1.307000e+02  1.936461e+01
     vertex  1.882572e+01  1.307000e+02  1.931501e+01
   endloop
 endfacet
 facet normal  0.000000e+00  1.000000e+00  0.000000e+00
   outer loop
     vertex  1.889509e+01  1.307000e+02  1.921290e+01
     vertex  1.840113e+01  1.307000e+02  1.976049e+01
     vertex  1.886110e+01  1.307000e+02  1.926443e+01
   endloop
 endfacet
 facet normal  0.000000e+00  1.000000e+00  0.000000e+00
   outer loop
     vertex  1.582635e+01  1.307000e+02  1.608035e+01
     vertex  1.572283e+01  1.307000e+02  1.614761e+01
     vertex  1.567249e+01  1.307000e+02  1.618335e+01
   endloop
 endfacet
 facet normal  0.000000e+00  1.000000e+00  0.000000e+00
   outer loop
     vertex  1.582635e+01  1.307000e+02  1.608035e+01
     vertex  1.577413e+01  1.307000e+02  1.611327e+01
     vertex  1.572283e+01  1.307000e+02  1.614761e+01
   endloop
 endfacet
 facet normal  0.000000e+00  1.000000e+00  0.000000e+00
   outer loop
     vertex  1.587946e+01  1.307000e+02  1.604888e+01
     vertex  1.582635e+01  1.307000e+02  1.608035e+01
     vertex  1.567249e+01  1.307000e+02  1.618335e+01
   endloop
 endfacet
 facet normal  0.000000e+00  1.000000e+00  0.000000e+00
   outer loop
     vertex  1.895876e+01  1.307000e+02  1.910713e+01
     vertex  1.889509e+01  1.307000e+02  1.921290e+01
     vertex  1.892765e+01  1.307000e+02  1.916045e+01
   endloop
 endfacet
 facet normal  0.000000e+00  1.000000e+00  0.000000e+00
   outer loop
     vertex  1.898840e+01  1.307000e+02  1.905298e+01
     vertex  1.889509e+01  1.307000e+02  1.921290e+01
     vertex  1.895876e+01  1.307000e+02  1.910713e+01
   endloop
 endfacet
 facet normal  0.000000e+00  1.000000e+00  0.000000e+00
   outer loop
     vertex  1.598816e+01  1.307000e+02  1.599035e+01
     vertex  1.567249e+01  1.307000e+02  1.618335e+01
     vertex  1.562316e+01  1.307000e+02  1.622045e+01
   endloop
 endfacet
 facet normal  0.000000e+00  1.000000e+00  0.000000e+00
   outer loop
     vertex  1.598816e+01  1.307000e+02  1.599035e+01
     vertex  1.593341e+01  1.307000e+02  1.601887e+01
     vertex  1.587946e+01  1.307000e+02  1.604888e+01
   endloop
 endfacet
 facet normal  0.000000e+00  1.000000e+00  0.000000e+00
   outer loop
     vertex  1.598816e+01  1.307000e+02  1.599035e+01
     vertex  1.562316e+01  1.307000e+02  1.622045e+01
     vertex  1.552762e+01  1.307000e+02  1.629864e+01
   endloop
 endfacet
 facet normal  0.000000e+00  1.000000e+00  0.000000e+00
   outer loop
     vertex  1.598816e+01  1.307000e+02  1.599035e+01
     vertex  1.587946e+01  1.307000e+02  1.604888e+01
     vertex  1.567249e+01  1.307000e+02  1.618335e+01
   endloop
 endfacet
 facet normal  0.000000e+00  1.000000e+00  0.000000e+00
   outer loop
     vertex  1.901654e+01  1.307000e+02  1.899803e+01
     vertex  1.889509e+01  1.307000e+02  1.921290e+01
     vertex  1.898840e+01  1.307000e+02  1.905298e+01
   endloop
 endfacet
 facet normal  0.000000e+00  1.000000e+00  0.000000e+00
   outer loop
     vertex  1.904316e+01  1.307000e+02  1.894233e+01
     vertex  1.889509e+01  1.307000e+02  1.921290e+01
     vertex  1.901654e+01  1.307000e+02  1.899803e+01
   endloop
 endfacet
 facet normal  0.000000e+00  1.000000e+00  0.000000e+00
   outer loop
     vertex  1.909177e+01  1.307000e+02  1.882885e+01
     vertex  1.889509e+01  1.307000e+02  1.921290e+01
     vertex  1.904316e+01  1.307000e+02  1.894233e+01
   endloop
 endfacet
 facet normal  0.000000e+00  1.000000e+00  0.000000e+00
   outer loop
     vertex  1.909177e+01  1.307000e+02  1.882885e+01
     vertex  1.904316e+01  1.307000e+02  1.894233e+01
     vertex  1.906824e+01  1.307000e+02  1.888593e+01
   endloop
 endfacet
 facet normal  0.000000e+00  1.000000e+00  0.000000e+00
   outer loop
     vertex  1.911372e+01  1.307000e+02  1.877116e+01
     vertex  1.889509e+01  1.307000e+02  1.921290e+01
     vertex  1.909177e+01  1.307000e+02  1.882885e+01
   endloop
 endfacet
 facet normal  0.000000e+00  1.000000e+00  0.000000e+00
   outer loop
     vertex  1.911372e+01  1.307000e+02  1.877116e+01
     vertex  1.539272e+01  1.307000e+02  1.642546e+01
     vertex  1.507235e+01  1.307000e+02  1.916045e+01
   endloop
 endfacet
 facet normal  0.000000e+00  1.000000e+00  0.000000e+00
   outer loop
     vertex  1.911372e+01  1.307000e+02  1.877116e+01
     vertex  1.648000e+01  1.307000e+02  2.018909e+01
     vertex  1.840113e+01  1.307000e+02  1.976049e+01
   endloop
 endfacet
 facet normal  0.000000e+00  1.000000e+00  0.000000e+00
   outer loop
     vertex  1.911372e+01  1.307000e+02  1.877116e+01
     vertex  1.532930e+01  1.307000e+02  1.950707e+01
     vertex  1.564770e+01  1.307000e+02  1.979827e+01
   endloop
 endfacet
 facet normal  0.000000e+00  1.000000e+00  0.000000e+00
   outer loop
     vertex  1.911372e+01  1.307000e+02  1.877116e+01
     vertex  1.564770e+01  1.307000e+02  1.979827e+01
     vertex  1.618551e+01  1.307000e+02  2.009741e+01
   endloop
 endfacet
 facet normal  0.000000e+00  1.000000e+00  0.000000e+00
   outer loop
     vertex  1.911372e+01  1.307000e+02  1.877116e+01
     vertex  1.840113e+01  1.307000e+02  1.976049e+01
     vertex  1.889509e+01  1.307000e+02  1.921290e+01
   endloop
 endfacet
 facet normal  0.000000e+00  1.000000e+00  0.000000e+00
   outer loop
     vertex  1.911372e+01  1.307000e+02  1.877116e+01
     vertex  1.552762e+01  1.307000e+02  1.629864e+01
     vertex  1.539272e+01  1.307000e+02  1.642546e+01
   endloop
 endfacet
 facet normal  0.000000e+00  1.000000e+00  0.000000e+00
   outer loop
     vertex  1.911372e+01  1.307000e+02  1.877116e+01
     vertex  1.507235e+01  1.307000e+02  1.916045e+01
     vertex  1.532930e+01  1.307000e+02  1.950707e+01
   endloop
 endfacet
 facet normal  0.000000e+00  1.000000e+00  0.000000e+00
   outer loop
     vertex  1.911372e+01  1.307000e+02  1.877116e+01
     vertex  1.618551e+01  1.307000e+02  2.009741e+01
     vertex  1.648000e+01  1.307000e+02  2.018909e+01
   endloop
 endfacet
 facet normal  0.000000e+00  1.000000e+00  0.000000e+00
   outer loop
     vertex  1.639037e+01  1.307000e+02  1.583416e+01
     vertex  1.615682e+01  1.307000e+02  1.591396e+01
     vertex  1.609991e+01  1.307000e+02  1.593788e+01
   endloop
 endfacet
 facet normal  0.000000e+00  1.000000e+00  0.000000e+00
   outer loop
     vertex  1.639037e+01  1.307000e+02  1.583416e+01
     vertex  1.621436e+01  1.307000e+02  1.589162e+01
     vertex  1.615682e+01  1.307000e+02  1.591396e+01
   endloop
 endfacet
 facet normal  0.000000e+00  1.000000e+00  0.000000e+00
   outer loop
     vertex  1.639037e+01  1.307000e+02  1.583416e+01
     vertex  1.627250e+01  1.307000e+02  1.587086e+01
     vertex  1.621436e+01  1.307000e+02  1.589162e+01
   endloop
 endfacet
 facet normal  0.000000e+00  1.000000e+00  0.000000e+00
   outer loop
     vertex  1.639037e+01  1.307000e+02  1.583416e+01
     vertex  1.633118e+01  1.307000e+02  1.585170e+01
     vertex  1.627250e+01  1.307000e+02  1.587086e+01
   endloop
 endfacet
 facet normal  0.000000e+00  1.000000e+00  0.000000e+00
   outer loop
     vertex  1.916997e+01  1.307000e+02  1.859476e+01
     vertex  1.913408e+01  1.307000e+02  1.871288e+01
     vertex  1.915284e+01  1.307000e+02  1.865406e+01
   endloop
 endfacet
 facet normal  0.000000e+00  1.000000e+00  0.000000e+00
   outer loop
     vertex  1.916997e+01  1.307000e+02  1.859476e+01
     vertex  1.911372e+01  1.307000e+02  1.877116e+01
     vertex  1.913408e+01  1.307000e+02  1.871288e+01
   endloop
 endfacet
 facet normal  0.000000e+00  1.000000e+00  0.000000e+00
   outer loop
     vertex  1.657051e+01  1.307000e+02  1.579137e+01
     vertex  1.598816e+01  1.307000e+02  1.599035e+01
     vertex  1.552762e+01  1.307000e+02  1.629864e+01
   endloop
 endfacet
 facet normal  0.000000e+00  1.000000e+00  0.000000e+00
   outer loop
     vertex  1.657051e+01  1.307000e+02  1.579137e+01
     vertex  1.604367e+01  1.307000e+02  1.596335e+01
     vertex  1.598816e+01  1.307000e+02  1.599035e+01
   endloop
 endfacet
 facet normal  0.000000e+00  1.000000e+00  0.000000e+00
   outer loop
     vertex  1.657051e+01  1.307000e+02  1.579137e+01
     vertex  1.609991e+01  1.307000e+02  1.593788e+01
     vertex  1.604367e+01  1.307000e+02  1.596335e+01
   endloop
 endfacet
 facet normal  0.000000e+00  1.000000e+00  0.000000e+00
   outer loop
     vertex  1.657051e+01  1.307000e+02  1.579137e+01
     vertex  1.645002e+01  1.307000e+02  1.581825e+01
     vertex  1.639037e+01  1.307000e+02  1.583416e+01
   endloop
 endfacet
 facet normal  0.000000e+00  1.000000e+00  0.000000e+00
   outer loop
     vertex  1.657051e+01  1.307000e+02  1.579137e+01
     vertex  1.651008e+01  1.307000e+02  1.580399e+01
     vertex  1.645002e+01  1.307000e+02  1.581825e+01
   endloop
 endfacet
 facet normal  0.000000e+00  1.000000e+00  0.000000e+00
   outer loop
     vertex  1.657051e+01  1.307000e+02  1.579137e+01
     vertex  1.639037e+01  1.307000e+02  1.583416e+01
     vertex  1.609991e+01  1.307000e+02  1.593788e+01
   endloop
 endfacet
 facet normal  0.000000e+00  1.000000e+00  0.000000e+00
   outer loop
     vertex  1.921152e+01  1.307000e+02  1.841433e+01
     vertex  1.918547e+01  1.307000e+02  1.853500e+01
     vertex  1.919932e+01  1.307000e+02  1.847484e+01
   endloop
 endfacet
 facet normal  0.000000e+00  1.000000e+00  0.000000e+00
   outer loop
     vertex  1.922206e+01  1.307000e+02  1.835350e+01
     vertex  1.918547e+01  1.307000e+02  1.853500e+01
     vertex  1.921152e+01  1.307000e+02  1.841433e+01
   endloop
 endfacet
 facet normal  0.000000e+00  1.000000e+00  0.000000e+00
   outer loop
     vertex  1.922206e+01  1.307000e+02  1.835350e+01
     vertex  1.916997e+01  1.307000e+02  1.859476e+01
     vertex  1.918547e+01  1.307000e+02  1.853500e+01
   endloop
 endfacet
 facet normal  0.000000e+00  1.000000e+00  0.000000e+00
   outer loop
     vertex  1.669230e+01  1.307000e+02  1.577114e+01
     vertex  1.663126e+01  1.307000e+02  1.578042e+01
     vertex  1.657051e+01  1.307000e+02  1.579137e+01
   endloop
 endfacet
 facet normal  0.000000e+00  1.000000e+00  0.000000e+00
   outer loop
     vertex  1.923810e+01  1.307000e+02  1.823110e+01
     vertex  1.916997e+01  1.307000e+02  1.859476e+01
     vertex  1.922206e+01  1.307000e+02  1.835350e+01
   endloop
 endfacet
 facet normal  0.000000e+00  1.000000e+00  0.000000e+00
   outer loop
     vertex  1.923810e+01  1.307000e+02  1.823110e+01
     vertex  1.922206e+01  1.307000e+02  1.835350e+01
     vertex  1.923092e+01  1.307000e+02  1.829241e+01
   endloop
 endfacet
 facet normal  0.000000e+00  1.000000e+00  0.000000e+00
   outer loop
     vertex  1.923810e+01  1.307000e+02  1.823110e+01
     vertex  1.911372e+01  1.307000e+02  1.877116e+01
     vertex  1.916997e+01  1.307000e+02  1.859476e+01
   endloop
 endfacet
 facet normal  0.000000e+00  1.000000e+00  0.000000e+00
   outer loop
     vertex  1.693827e+01  1.307000e+02  1.575085e+01
     vertex  1.675356e+01  1.307000e+02  1.576354e+01
     vertex  1.669230e+01  1.307000e+02  1.577114e+01
   endloop
 endfacet
 facet normal  0.000000e+00  1.000000e+00  0.000000e+00
   outer loop
     vertex  1.693827e+01  1.307000e+02  1.575085e+01
     vertex  1.681501e+01  1.307000e+02  1.575762e+01
     vertex  1.675356e+01  1.307000e+02  1.576354e+01
   endloop
 endfacet
 facet normal  0.000000e+00  1.000000e+00  0.000000e+00
   outer loop
     vertex  1.693827e+01  1.307000e+02  1.575085e+01
     vertex  1.687659e+01  1.307000e+02  1.575339e+01
     vertex  1.681501e+01  1.307000e+02  1.575762e+01
   endloop
 endfacet
 facet normal  0.000000e+00  1.000000e+00  0.000000e+00
   outer loop
     vertex  1.693827e+01  1.307000e+02  1.575085e+01
     vertex  1.669230e+01  1.307000e+02  1.577114e+01
     vertex  1.657051e+01  1.307000e+02  1.579137e+01
   endloop
 endfacet
 facet normal  0.000000e+00  1.000000e+00  0.000000e+00
   outer loop
     vertex  1.700000e+01  1.307000e+02  1.575000e+01
     vertex  1.693827e+01  1.307000e+02  1.575085e+01
     vertex  1.657051e+01  1.307000e+02  1.579137e+01
   endloop
 endfacet
 facet normal  0.000000e+00  1.000000e+00  0.000000e+00
   outer loop
     vertex  1.924868e+01  1.307000e+02  1.792285e+01
     vertex  1.924952e+01  1.307000e+02  1.804630e+01
     vertex  1.924995e+01  1.307000e+02  1.798457e+01
   endloop
 endfacet
 facet normal  0.000000e+00  1.000000e+00 -0.000000e+00
   outer loop
     vertex  1.924868e+01  1.307000e+02  1.792285e+01
     vertex  1.924741e+01  1.307000e+02  1.810799e+01
     vertex  1.924952e+01  1.307000e+02  1.804630e+01
   endloop
 endfacet
 facet normal  0.000000e+00  1.000000e+00  0.000000e+00
   outer loop
     vertex  1.924868e+01  1.307000e+02  1.792285e+01
     vertex  1.924360e+01  1.307000e+02  1.816961e+01
     vertex  1.924741e+01  1.307000e+02  1.810799e+01
   endloop
 endfacet
 facet normal  0.000000e+00  1.000000e+00  0.000000e+00
   outer loop
     vertex  1.924868e+01  1.307000e+02  1.792285e+01
     vertex  1.923810e+01  1.307000e+02  1.823110e+01
     vertex  1.924360e+01  1.307000e+02  1.816961e+01
   endloop
 endfacet
 facet normal  0.000000e+00  1.000000e+00  0.000000e+00
   outer loop
     vertex  1.712341e+01  1.307000e+02  1.575339e+01
     vertex  1.706173e+01  1.307000e+02  1.575085e+01
     vertex  1.700000e+01  1.307000e+02  1.575000e+01
   endloop
 endfacet
 facet normal  0.000000e+00  1.000000e+00  0.000000e+00
   outer loop
     vertex  1.724644e+01  1.307000e+02  1.576354e+01
     vertex  1.718499e+01  1.307000e+02  1.575762e+01
     vertex  1.712341e+01  1.307000e+02  1.575339e+01
   endloop
 endfacet
 facet normal  0.000000e+00  1.000000e+00  0.000000e+00
   outer loop
     vertex  1.724644e+01  1.307000e+02  1.576354e+01
     vertex  1.700000e+01  1.307000e+02  1.575000e+01
     vertex  1.657051e+01  1.307000e+02  1.579137e+01
   endloop
 endfacet
 facet normal  0.000000e+00  1.000000e+00  0.000000e+00
   outer loop
     vertex  1.724644e+01  1.307000e+02  1.576354e+01
     vertex  1.712341e+01  1.307000e+02  1.575339e+01
     vertex  1.700000e+01  1.307000e+02  1.575000e+01
   endloop
 endfacet
 facet normal  0.000000e+00  1.000000e+00  0.000000e+00
   outer loop
     vertex  1.922670e+01  1.307000e+02  1.767701e+01
     vertex  1.924106e+01  1.307000e+02  1.779963e+01
     vertex  1.923472e+01  1.307000e+02  1.773822e+01
   endloop
 endfacet
 facet normal  0.000000e+00  1.000000e+00  0.000000e+00
   outer loop
     vertex  1.922670e+01  1.307000e+02  1.767701e+01
     vertex  1.924571e+01  1.307000e+02  1.786119e+01
     vertex  1.924106e+01  1.307000e+02  1.779963e+01
   endloop
 endfacet
 facet normal  0.000000e+00  1.000000e+00  0.000000e+00
   outer loop
     vertex  1.922670e+01  1.307000e+02  1.767701e+01
     vertex  1.924868e+01  1.307000e+02  1.792285e+01
     vertex  1.924571e+01  1.307000e+02  1.786119e+01
   endloop
 endfacet
 facet normal  0.000000e+00  1.000000e+00  0.000000e+00
   outer loop
     vertex  1.736874e+01  1.307000e+02  1.578042e+01
     vertex  1.730770e+01  1.307000e+02  1.577114e+01
     vertex  1.724644e+01  1.307000e+02  1.576354e+01
   endloop
 endfacet
 facet normal  0.000000e+00  1.000000e+00  0.000000e+00
   outer loop
     vertex  1.920563e+01  1.307000e+02  1.755537e+01
     vertex  1.922670e+01  1.307000e+02  1.767701e+01
     vertex  1.921700e+01  1.307000e+02  1.761605e+01
   endloop
 endfacet
 facet normal  0.000000e+00  1.000000e+00  0.000000e+00
   outer loop
     vertex  1.920563e+01  1.307000e+02  1.755537e+01
     vertex  1.924868e+01  1.307000e+02  1.792285e+01
     vertex  1.922670e+01  1.307000e+02  1.767701e+01
   endloop
 endfacet
 facet normal  0.000000e+00  1.000000e+00  0.000000e+00
   outer loop
     vertex  1.748992e+01  1.307000e+02  1.580399e+01
     vertex  1.742949e+01  1.307000e+02  1.579137e+01
     vertex  1.736874e+01  1.307000e+02  1.578042e+01
   endloop
 endfacet
 facet normal  0.000000e+00  1.000000e+00  0.000000e+00
   outer loop
     vertex  1.748992e+01  1.307000e+02  1.580399e+01
     vertex  1.724644e+01  1.307000e+02  1.576354e+01
     vertex  1.657051e+01  1.307000e+02  1.579137e+01
   endloop
 endfacet
 facet normal  0.000000e+00  1.000000e+00  0.000000e+00
   outer loop
     vertex  1.748992e+01  1.307000e+02  1.580399e+01
     vertex  1.736874e+01  1.307000e+02  1.578042e+01
     vertex  1.724644e+01  1.307000e+02  1.576354e+01
   endloop
 endfacet
 facet normal  0.000000e+00  1.000000e+00  0.000000e+00
   outer loop
     vertex  1.919260e+01  1.307000e+02  1.749503e+01
     vertex  1.924868e+01  1.307000e+02  1.792285e+01
     vertex  1.920563e+01  1.307000e+02  1.755537e+01
   endloop
 endfacet
 facet normal  0.000000e+00  1.000000e+00  0.000000e+00
   outer loop
     vertex  1.916161e+01  1.307000e+02  1.737553e+01
     vertex  1.919260e+01  1.307000e+02  1.749503e+01
     vertex  1.917792e+01  1.307000e+02  1.743507e+01
   endloop
 endfacet
 facet normal  0.000000e+00  1.000000e+00  0.000000e+00
   outer loop
     vertex  1.778564e+01  1.307000e+02  1.589162e+01
     vertex  1.772750e+01  1.307000e+02  1.587086e+01
     vertex  1.766882e+01  1.307000e+02  1.585170e+01
   endloop
 endfacet
 facet normal  0.000000e+00  1.000000e+00  0.000000e+00
   outer loop
     vertex  1.910294e+01  1.307000e+02  1.719992e+01
     vertex  1.919260e+01  1.307000e+02  1.749503e+01
     vertex  1.916161e+01  1.307000e+02  1.737553e+01
   endloop
 endfacet
 facet normal  0.000000e+00  1.000000e+00  0.000000e+00
   outer loop
     vertex  1.910294e+01  1.307000e+02  1.719992e+01
     vertex  1.924868e+01  1.307000e+02  1.792285e+01
     vertex  1.919260e+01  1.307000e+02  1.749503e+01
   endloop
 endfacet
 facet normal  0.000000e+00  1.000000e+00  0.000000e+00
   outer loop
     vertex  1.910294e+01  1.307000e+02  1.719992e+01
     vertex  1.914366e+01  1.307000e+02  1.731646e+01
     vertex  1.912410e+01  1.307000e+02  1.725791e+01
   endloop
 endfacet
 facet normal  0.000000e+00  1.000000e+00  0.000000e+00
   outer loop
     vertex  1.910294e+01  1.307000e+02  1.719992e+01
     vertex  1.916161e+01  1.307000e+02  1.737553e+01
     vertex  1.914366e+01  1.307000e+02  1.731646e+01
   endloop
 endfacet
 facet normal  0.000000e+00  1.000000e+00  0.000000e+00
   outer loop
     vertex  1.784318e+01  1.307000e+02  1.591396e+01
     vertex  1.760963e+01  1.307000e+02  1.583416e+01
     vertex  1.754998e+01  1.307000e+02  1.581825e+01
   endloop
 endfacet
 facet normal  0.000000e+00  1.000000e+00  0.000000e+00
   outer loop
     vertex  1.784318e+01  1.307000e+02  1.591396e+01
     vertex  1.766882e+01  1.307000e+02  1.585170e+01
     vertex  1.760963e+01  1.307000e+02  1.583416e+01
   endloop
 endfacet
 facet normal  0.000000e+00  1.000000e+00  0.000000e+00
   outer loop
     vertex  1.784318e+01  1.307000e+02  1.591396e+01
     vertex  1.778564e+01  1.307000e+02  1.589162e+01
     vertex  1.766882e+01  1.307000e+02  1.585170e+01
   endloop
 endfacet
 facet normal  0.000000e+00  1.000000e+00  0.000000e+00
   outer loop
     vertex  1.905590e+01  1.307000e+02  1.708578e+01
     vertex  1.910294e+01  1.307000e+02  1.719992e+01
     vertex  1.908020e+01  1.307000e+02  1.714253e+01
   endloop
 endfacet
 facet normal  0.000000e+00  1.000000e+00  0.000000e+00
   outer loop
     vertex  1.795633e+01  1.307000e+02  1.596335e+01
     vertex  1.790009e+01  1.307000e+02  1.593788e+01
     vertex  1.784318e+01  1.307000e+02  1.591396e+01
   endloop
 endfacet
 facet normal  0.000000e+00  1.000000e+00  0.000000e+00
   outer loop
     vertex  1.795633e+01  1.307000e+02  1.596335e+01
     vertex  1.784318e+01  1.307000e+02  1.591396e+01
     vertex  1.754998e+01  1.307000e+02  1.581825e+01
   endloop
 endfacet
 facet normal  0.000000e+00  1.000000e+00  0.000000e+00
   outer loop
     vertex  1.903004e+01  1.307000e+02  1.702973e+01
     vertex  1.910294e+01  1.307000e+02  1.719992e+01
     vertex  1.905590e+01  1.307000e+02  1.708578e+01
   endloop
 endfacet
 facet normal  0.000000e+00  1.000000e+00  0.000000e+00
   outer loop
     vertex  1.801184e+01  1.307000e+02  1.599035e+01
     vertex  1.754998e+01  1.307000e+02  1.581825e+01
     vertex  1.748992e+01  1.307000e+02  1.580399e+01
   endloop
 endfacet
 facet normal  0.000000e+00  1.000000e+00  0.000000e+00
   outer loop
     vertex  1.801184e+01  1.307000e+02  1.599035e+01
     vertex  1.795633e+01  1.307000e+02  1.596335e+01
     vertex  1.754998e+01  1.307000e+02  1.581825e+01
   endloop
 endfacet
 facet normal  0.000000e+00  1.000000e+00  0.000000e+00
   outer loop
     vertex  1.894339e+01  1.307000e+02  1.686610e+01
     vertex  1.900266e+01  1.307000e+02  1.697440e+01
     vertex  1.897377e+01  1.307000e+02  1.691984e+01
   endloop
 endfacet
 facet normal  0.000000e+00  1.000000e+00  0.000000e+00
   outer loop
     vertex  1.817365e+01  1.307000e+02  1.608035e+01
     vertex  1.801184e+01  1.307000e+02  1.599035e+01
     vertex  1.748992e+01  1.307000e+02  1.580399e+01
   endloop
 endfacet
 facet normal  0.000000e+00  1.000000e+00  0.000000e+00
   outer loop
     vertex  1.817365e+01  1.307000e+02  1.608035e+01
     vertex  1.806659e+01  1.307000e+02  1.601887e+01
     vertex  1.801184e+01  1.307000e+02  1.599035e+01
   endloop
 endfacet
 facet normal  0.000000e+00  1.000000e+00  0.000000e+00
   outer loop
     vertex  1.817365e+01  1.307000e+02  1.608035e+01
     vertex  1.812054e+01  1.307000e+02  1.604888e+01
     vertex  1.806659e+01  1.307000e+02  1.601887e+01
   endloop
 endfacet
 facet normal  0.000000e+00  1.000000e+00  0.000000e+00
   outer loop
     vertex  1.891155e+01  1.307000e+02  1.681321e+01
     vertex  1.903004e+01  1.307000e+02  1.702973e+01
     vertex  1.900266e+01  1.307000e+02  1.697440e+01
   endloop
 endfacet
 facet normal  0.000000e+00  1.000000e+00  0.000000e+00
   outer loop
     vertex  1.891155e+01  1.307000e+02  1.681321e+01
     vertex  1.900266e+01  1.307000e+02  1.697440e+01
     vertex  1.894339e+01  1.307000e+02  1.686610e+01
   endloop
 endfacet
 facet normal  0.000000e+00  1.000000e+00  0.000000e+00
   outer loop
     vertex  1.887828e+01  1.307000e+02  1.676122e+01
     vertex  1.910294e+01  1.307000e+02  1.719992e+01
     vertex  1.903004e+01  1.307000e+02  1.702973e+01
   endloop
 endfacet
 facet normal  0.000000e+00  1.000000e+00  0.000000e+00
   outer loop
     vertex  1.887828e+01  1.307000e+02  1.676122e+01
     vertex  1.903004e+01  1.307000e+02  1.702973e+01
     vertex  1.891155e+01  1.307000e+02  1.681321e+01
   endloop
 endfacet
 facet normal  0.000000e+00  1.000000e+00  0.000000e+00
   outer loop
     vertex  1.827717e+01  1.307000e+02  1.614761e+01
     vertex  1.822587e+01  1.307000e+02  1.611327e+01
     vertex  1.817365e+01  1.307000e+02  1.608035e+01
   endloop
 endfacet
 facet normal  0.000000e+00  1.000000e+00  0.000000e+00
   outer loop
     vertex  1.837684e+01  1.307000e+02  1.622045e+01
     vertex  1.832751e+01  1.307000e+02  1.618335e+01
     vertex  1.827717e+01  1.307000e+02  1.614761e+01
   endloop
 endfacet
 facet normal  0.000000e+00  1.000000e+00  0.000000e+00
   outer loop
     vertex  1.877006e+01  1.307000e+02  1.661098e+01
     vertex  1.884358e+01  1.307000e+02  1.671016e+01
     vertex  1.880750e+01  1.307000e+02  1.666006e+01
   endloop
 endfacet
 facet normal  0.000000e+00  1.000000e+00  0.000000e+00
   outer loop
     vertex  1.877006e+01  1.307000e+02  1.661098e+01
     vertex  1.887828e+01  1.307000e+02  1.676122e+01
     vertex  1.884358e+01  1.307000e+02  1.671016e+01
   endloop
 endfacet
 facet normal  0.000000e+00  1.000000e+00  0.000000e+00
   outer loop
     vertex  1.842515e+01  1.307000e+02  1.625889e+01
     vertex  1.827717e+01  1.307000e+02  1.614761e+01
     vertex  1.817365e+01  1.307000e+02  1.608035e+01
   endloop
 endfacet
 facet normal  0.000000e+00  1.000000e+00  0.000000e+00
   outer loop
     vertex  1.842515e+01  1.307000e+02  1.625889e+01
     vertex  1.837684e+01  1.307000e+02  1.622045e+01
     vertex  1.827717e+01  1.307000e+02  1.614761e+01
   endloop
 endfacet
 facet normal  0.000000e+00  1.000000e+00  0.000000e+00
   outer loop
     vertex  1.847238e+01  1.307000e+02  1.629864e+01
     vertex  1.842515e+01  1.307000e+02  1.625889e+01
     vertex  1.817365e+01  1.307000e+02  1.608035e+01
   endloop
 endfacet
 facet normal  0.000000e+00  1.000000e+00  0.000000e+00
   outer loop
     vertex  1.851850e+01  1.307000e+02  1.633968e+01
     vertex  1.847238e+01  1.307000e+02  1.629864e+01
     vertex  1.817365e+01  1.307000e+02  1.608035e+01
   endloop
 endfacet
 facet normal  0.000000e+00  1.000000e+00  0.000000e+00
   outer loop
     vertex  1.864987e+01  1.307000e+02  1.647015e+01
     vertex  1.873129e+01  1.307000e+02  1.656294e+01
     vertex  1.869122e+01  1.307000e+02  1.651599e+01
   endloop
 endfacet
 facet normal  0.000000e+00  1.000000e+00  0.000000e+00
   outer loop
     vertex  1.864987e+01  1.307000e+02  1.647015e+01
     vertex  1.877006e+01  1.307000e+02  1.661098e+01
     vertex  1.873129e+01  1.307000e+02  1.656294e+01
   endloop
 endfacet
 facet normal  0.000000e+00  1.000000e+00  0.000000e+00
   outer loop
     vertex  1.864987e+01  1.307000e+02  1.647015e+01
     vertex  1.887828e+01  1.307000e+02  1.676122e+01
     vertex  1.877006e+01  1.307000e+02  1.661098e+01
   endloop
 endfacet
 facet normal  0.000000e+00  1.000000e+00  0.000000e+00
   outer loop
     vertex  1.856347e+01  1.307000e+02  1.638196e+01
     vertex  1.851850e+01  1.307000e+02  1.633968e+01
     vertex  1.817365e+01  1.307000e+02  1.608035e+01
   endloop
 endfacet
 facet normal  0.000000e+00  1.000000e+00 -0.000000e+00
   outer loop
     vertex  1.860728e+01  1.307000e+02  1.642546e+01
     vertex  1.552762e+01  1.307000e+02  1.629864e+01
     vertex  1.911372e+01  1.307000e+02  1.877116e+01
   endloop
 endfacet
 facet normal  0.000000e+00  1.000000e+00  0.000000e+00
   outer loop
     vertex  1.860728e+01  1.307000e+02  1.642546e+01
     vertex  1.924868e+01  1.307000e+02  1.792285e+01
     vertex  1.910294e+01  1.307000e+02  1.719992e+01
   endloop
 endfacet
 facet normal  0.000000e+00  1.000000e+00  0.000000e+00
   outer loop
     vertex  1.860728e+01  1.307000e+02  1.642546e+01
     vertex  1.910294e+01  1.307000e+02  1.719992e+01
     vertex  1.887828e+01  1.307000e+02  1.676122e+01
   endloop
 endfacet
 facet normal  0.000000e+00  1.000000e+00  0.000000e+00
   outer loop
     vertex  1.860728e+01  1.307000e+02  1.642546e+01
     vertex  1.657051e+01  1.307000e+02  1.579137e+01
     vertex  1.552762e+01  1.307000e+02  1.629864e+01
   endloop
 endfacet
 facet normal  0.000000e+00  1.000000e+00  0.000000e+00
   outer loop
     vertex  1.860728e+01  1.307000e+02  1.642546e+01
     vertex  1.817365e+01  1.307000e+02  1.608035e+01
     vertex  1.748992e+01  1.307000e+02  1.580399e+01
   endloop
 endfacet
 facet normal  0.000000e+00  1.000000e+00  0.000000e+00
   outer loop
     vertex  1.860728e+01  1.307000e+02  1.642546e+01
     vertex  1.911372e+01  1.307000e+02  1.877116e+01
     vertex  1.923810e+01  1.307000e+02  1.823110e+01
   endloop
 endfacet
 facet normal  0.000000e+00  1.000000e+00  0.000000e+00
   outer loop
     vertex  1.860728e+01  1.307000e+02  1.642546e+01
     vertex  1.856347e+01  1.307000e+02  1.638196e+01
     vertex  1.817365e+01  1.307000e+02  1.608035e+01
   endloop
 endfacet
 facet normal  0.000000e+00  1.000000e+00  0.000000e+00
   outer loop
     vertex  1.860728e+01  1.307000e+02  1.642546e+01
     vertex  1.923810e+01  1.307000e+02  1.823110e+01
     vertex  1.924868e+01  1.307000e+02  1.792285e+01
   endloop
 endfacet
 facet normal  0.000000e+00  1.000000e+00  0.000000e+00
   outer loop
     vertex  1.860728e+01  1.307000e+02  1.642546e+01
     vertex  1.887828e+01  1.307000e+02  1.676122e+01
     vertex  1.864987e+01  1.307000e+02  1.647015e+01
   endloop
 endfacet
 facet normal  0.000000e+00  1.000000e+00  0.000000e+00
   outer loop
     vertex  1.860728e+01  1.307000e+02  1.642546e+01
     vertex  1.748992e+01  1.307000e+02  1.580399e+01
     vertex  1.657051e+01  1.307000e+02  1.579137e+01
   endloop
 endfacet
 facet normal  0.000000e+00  1.000000e+00  0.000000e+00
   outer loop
     vertex  1.333293e+02  1.307000e+02  1.950707e+01
     vertex  1.333713e+02  1.307000e+02  1.955234e+01
     vertex  1.334145e+02  1.307000e+02  1.959644e+01
   endloop
 endfacet
 facet normal  0.000000e+00  1.000000e+00  0.000000e+00
   outer loop
     vertex  1.332110e+02  1.307000e+02  1.936461e+01
     vertex  1.332886e+02  1.307000e+02  1.946067e+01
     vertex  1.333293e+02  1.307000e+02  1.950707e+01
   endloop
 endfacet
 facet normal  0.000000e+00  1.000000e+00  0.000000e+00
   outer loop
     vertex  1.332110e+02  1.307000e+02  1.936461e+01
     vertex  1.332492e+02  1.307000e+02  1.941317e+01
     vertex  1.332886e+02  1.307000e+02  1.946067e+01
   endloop
 endfacet
 facet normal  0.000000e+00  1.000000e+00  0.000000e+00
   outer loop
     vertex  1.337484e+02  1.307000e+02  1.986973e+01
     vertex  1.336477e+02  1.307000e+02  1.979827e+01
     vertex  1.336975e+02  1.307000e+02  1.983469e+01
   endloop
 endfacet
 facet normal  0.000000e+00  1.000000e+00  0.000000e+00
   outer loop
     vertex  1.338001e+02  1.307000e+02  1.990337e+01
     vertex  1.335989e+02  1.307000e+02  1.976049e+01
     vertex  1.336477e+02  1.307000e+02  1.979827e+01
   endloop
 endfacet
 facet normal  0.000000e+00  1.000000e+00  0.000000e+00
   outer loop
     vertex  1.338001e+02  1.307000e+02  1.990337e+01
     vertex  1.335511e+02  1.307000e+02  1.972139e+01
     vertex  1.335989e+02  1.307000e+02  1.976049e+01
   endloop
 endfacet
 facet normal  0.000000e+00  1.000000e+00  0.000000e+00
   outer loop
     vertex  1.338001e+02  1.307000e+02  1.990337e+01
     vertex  1.336477e+02  1.307000e+02  1.979827e+01
     vertex  1.337484e+02  1.307000e+02  1.986973e+01
   endloop
 endfacet
 facet normal  0.000000e+00  1.000000e+00  0.000000e+00
   outer loop
     vertex  1.338001e+02  1.307000e+02  1.990337e+01
     vertex  1.335044e+02  1.307000e+02  1.968100e+01
     vertex  1.335511e+02  1.307000e+02  1.972139e+01
   endloop
 endfacet
 facet normal  0.000000e+00  1.000000e+00  0.000000e+00
   outer loop
     vertex  1.330723e+02  1.307000e+02  1.916045e+01
     vertex  1.331743e+02  1.307000e+02  1.931501e+01
     vertex  1.332110e+02  1.307000e+02  1.936461e+01
   endloop
 endfacet
 facet normal  0.000000e+00  1.000000e+00  0.000000e+00
   outer loop
     vertex  1.330723e+02  1.307000e+02  1.916045e+01
     vertex  1.331389e+02  1.307000e+02  1.926443e+01
     vertex  1.331743e+02  1.307000e+02  1.931501e+01
   endloop
 endfacet
 facet normal  0.000000e+00  1.000000e+00  0.000000e+00
   outer loop
     vertex  1.330723e+02  1.307000e+02  1.916045e+01
     vertex  1.331049e+02  1.307000e+02  1.921290e+01
     vertex  1.331389e+02  1.307000e+02  1.926443e+01
   endloop
 endfacet
 facet normal  0.000000e+00  1.000000e+00  0.000000e+00
   outer loop
     vertex  1.330723e+02  1.307000e+02  1.916045e+01
     vertex  1.332110e+02  1.307000e+02  1.936461e+01
     vertex  1.333293e+02  1.307000e+02  1.950707e+01
   endloop
 endfacet
 facet normal  0.000000e+00  1.000000e+00  0.000000e+00
   outer loop
     vertex  1.339063e+02  1.307000e+02  1.996631e+01
     vertex  1.338001e+02  1.307000e+02  1.990337e+01
     vertex  1.338528e+02  1.307000e+02  1.993557e+01
   endloop
 endfacet
 facet normal  0.000000e+00  1.000000e+00  0.000000e+00
   outer loop
     vertex  1.340717e+02  1.307000e+02  2.004958e+01
     vertex  1.339607e+02  1.307000e+02  1.999558e+01
     vertex  1.340158e+02  1.307000e+02  2.002334e+01
   endloop
 endfacet
 facet normal  0.000000e+00  1.000000e+00  0.000000e+00
   outer loop
     vertex  1.329318e+02  1.307000e+02  1.888593e+01
     vertex  1.329835e+02  1.307000e+02  1.899803e+01
     vertex  1.330116e+02  1.307000e+02  1.905298e+01
   endloop
 endfacet
 facet normal  0.000000e+00  1.000000e+00  0.000000e+00
   outer loop
     vertex  1.329318e+02  1.307000e+02  1.888593e+01
     vertex  1.329568e+02  1.307000e+02  1.894233e+01
     vertex  1.329835e+02  1.307000e+02  1.899803e+01
   endloop
 endfacet
 facet normal  0.000000e+00  1.000000e+00  0.000000e+00
   outer loop
     vertex  1.329082e+02  1.307000e+02  1.882885e+01
     vertex  1.330116e+02  1.307000e+02  1.905298e+01
     vertex  1.330412e+02  1.307000e+02  1.910713e+01
   endloop
 endfacet
 facet normal  0.000000e+00  1.000000e+00  0.000000e+00
   outer loop
     vertex  1.329082e+02  1.307000e+02  1.882885e+01
     vertex  1.329318e+02  1.307000e+02  1.888593e+01
     vertex  1.330116e+02  1.307000e+02  1.905298e+01
   endloop
 endfacet
 facet normal  0.000000e+00  1.000000e+00  0.000000e+00
   outer loop
     vertex  1.341855e+02  1.307000e+02  2.009741e+01
     vertex  1.340717e+02  1.307000e+02  2.004958e+01
     vertex  1.341283e+02  1.307000e+02  2.007427e+01
   endloop
 endfacet
 facet normal  0.000000e+00  1.000000e+00  0.000000e+00
   outer loop
     vertex  1.341855e+02  1.307000e+02  2.009741e+01
     vertex  1.339607e+02  1.307000e+02  1.999558e+01
     vertex  1.340717e+02  1.307000e+02  2.004958e+01
   endloop
 endfacet
 facet normal  0.000000e+00  1.000000e+00  0.000000e+00
   outer loop
     vertex  1.328863e+02  1.307000e+02  1.877116e+01
     vertex  1.329082e+02  1.307000e+02  1.882885e+01
     vertex  1.330412e+02  1.307000e+02  1.910713e+01
   endloop
 endfacet
 facet normal  0.000000e+00  1.000000e+00  0.000000e+00
   outer loop
     vertex  1.328659e+02  1.307000e+02  1.871288e+01
     vertex  1.328863e+02  1.307000e+02  1.877116e+01
     vertex  1.330412e+02  1.307000e+02  1.910713e+01
   endloop
 endfacet
 facet normal  0.000000e+00  1.000000e+00  0.000000e+00
   outer loop
     vertex  1.343607e+02  1.307000e+02  2.015727e+01
     vertex  1.342434e+02  1.307000e+02  2.011896e+01
     vertex  1.343018e+02  1.307000e+02  2.013892e+01
   endloop
 endfacet
 facet normal  0.000000e+00  1.000000e+00  0.000000e+00
   outer loop
     vertex  1.343607e+02  1.307000e+02  2.015727e+01
     vertex  1.341855e+02  1.307000e+02  2.009741e+01
     vertex  1.342434e+02  1.307000e+02  2.011896e+01
   endloop
 endfacet
 facet normal  0.000000e+00  1.000000e+00  0.000000e+00
   outer loop
     vertex  1.344800e+02  1.307000e+02  2.018909e+01
     vertex  1.343607e+02  1.307000e+02  2.015727e+01
     vertex  1.344201e+02  1.307000e+02  2.017400e+01
   endloop
 endfacet
 facet normal  0.000000e+00  1.000000e+00  0.000000e+00
   outer loop
     vertex  1.345403e+02  1.307000e+02  2.020253e+01
     vertex  1.341855e+02  1.307000e+02  2.009741e+01
     vertex  1.343607e+02  1.307000e+02  2.015727e+01
   endloop
 endfacet
 facet normal  0.000000e+00  1.000000e+00  0.000000e+00
   outer loop
     vertex  1.345403e+02  1.307000e+02  2.020253e+01
     vertex  1.339063e+02  1.307000e+02  1.996631e+01
     vertex  1.339607e+02  1.307000e+02  1.999558e+01
   endloop
 endfacet
 facet normal  0.000000e+00  1.000000e+00  0.000000e+00
   outer loop
     vertex  1.345403e+02  1.307000e+02  2.020253e+01
     vertex  1.343607e+02  1.307000e+02  2.015727e+01
     vertex  1.344800e+02  1.307000e+02  2.018909e+01
   endloop
 endfacet
 facet normal  0.000000e+00  1.000000e+00  0.000000e+00
   outer loop
     vertex  1.345403e+02  1.307000e+02  2.020253e+01
     vertex  1.339607e+02  1.307000e+02  1.999558e+01
     vertex  1.341855e+02  1.307000e+02  2.009741e+01
   endloop
 endfacet
 facet normal  0.000000e+00  1.000000e+00  0.000000e+00
   outer loop
     vertex  1.327779e+02  1.307000e+02  1.835350e+01
     vertex  1.328007e+02  1.307000e+02  1.847484e+01
     vertex  1.328145e+02  1.307000e+02  1.853500e+01
   endloop
 endfacet
 facet normal  0.000000e+00  1.000000e+00  0.000000e+00
   outer loop
     vertex  1.327779e+02  1.307000e+02  1.835350e+01
     vertex  1.327885e+02  1.307000e+02  1.841433e+01
     vertex  1.328007e+02  1.307000e+02  1.847484e+01
   endloop
 endfacet
 facet normal  0.000000e+00  1.000000e+00  0.000000e+00
   outer loop
     vertex  1.327564e+02  1.307000e+02  1.816961e+01
     vertex  1.327779e+02  1.307000e+02  1.835350e+01
     vertex  1.328145e+02  1.307000e+02  1.853500e+01
   endloop
 endfacet
 facet normal  0.000000e+00  1.000000e+00  0.000000e+00
   outer loop
     vertex  1.327564e+02  1.307000e+02  1.816961e+01
     vertex  1.330412e+02  1.307000e+02  1.910713e+01
     vertex  1.330723e+02  1.307000e+02  1.916045e+01
   endloop
 endfacet
 facet normal  0.000000e+00  1.000000e+00  0.000000e+00
   outer loop
     vertex  1.327564e+02  1.307000e+02  1.816961e+01
     vertex  1.328472e+02  1.307000e+02  1.865406e+01
     vertex  1.328659e+02  1.307000e+02  1.871288e+01
   endloop
 endfacet
 facet normal  0.000000e+00  1.000000e+00  0.000000e+00
   outer loop
     vertex  1.327564e+02  1.307000e+02  1.816961e+01
     vertex  1.328300e+02  1.307000e+02  1.859476e+01
     vertex  1.328472e+02  1.307000e+02  1.865406e+01
   endloop
 endfacet
 facet normal  0.000000e+00  1.000000e+00  0.000000e+00
   outer loop
     vertex  1.327564e+02  1.307000e+02  1.816961e+01
     vertex  1.328145e+02  1.307000e+02  1.853500e+01
     vertex  1.328300e+02  1.307000e+02  1.859476e+01
   endloop
 endfacet
 facet normal  0.000000e+00  1.000000e+00  0.000000e+00
   outer loop
     vertex  1.327564e+02  1.307000e+02  1.816961e+01
     vertex  1.327691e+02  1.307000e+02  1.829241e+01
     vertex  1.327779e+02  1.307000e+02  1.835350e+01
   endloop
 endfacet
 facet normal  0.000000e+00  1.000000e+00  0.000000e+00
   outer loop
     vertex  1.327564e+02  1.307000e+02  1.816961e+01
     vertex  1.327619e+02  1.307000e+02  1.823110e+01
     vertex  1.327691e+02  1.307000e+02  1.829241e+01
   endloop
 endfacet
 facet normal  0.000000e+00  1.000000e+00  0.000000e+00
   outer loop
     vertex  1.327564e+02  1.307000e+02  1.816961e+01
     vertex  1.328659e+02  1.307000e+02  1.871288e+01
     vertex  1.330412e+02  1.307000e+02  1.910713e+01
   endloop
 endfacet
 facet normal  0.000000e+00  1.000000e+00  0.000000e+00
   outer loop
     vertex  1.349074e+02  1.307000e+02  2.024809e+01
     vertex  1.347843e+02  1.307000e+02  2.023963e+01
     vertex  1.348458e+02  1.307000e+02  2.024471e+01
   endloop
 endfacet
 facet normal  0.000000e+00  1.000000e+00  0.000000e+00
   outer loop
     vertex  1.349074e+02  1.307000e+02  2.024809e+01
     vertex  1.347229e+02  1.307000e+02  2.023287e+01
     vertex  1.347843e+02  1.307000e+02  2.023963e+01
   endloop
 endfacet
 facet normal  0.000000e+00  1.000000e+00  0.000000e+00
   outer loop
     vertex  1.349074e+02  1.307000e+02  2.024809e+01
     vertex  1.346617e+02  1.307000e+02  2.022443e+01
     vertex  1.347229e+02  1.307000e+02  2.023287e+01
   endloop
 endfacet
 facet normal  0.000000e+00  1.000000e+00  0.000000e+00
   outer loop
     vertex  1.327513e+02  1.307000e+02  1.792285e+01
     vertex  1.327526e+02  1.307000e+02  1.810799e+01
     vertex  1.327564e+02  1.307000e+02  1.816961e+01
   endloop
 endfacet
 facet normal  0.000000e+00  1.000000e+00 -0.000000e+00
   outer loop
     vertex  1.327513e+02  1.307000e+02  1.792285e+01
     vertex  1.327505e+02  1.307000e+02  1.804630e+01
     vertex  1.327526e+02  1.307000e+02  1.810799e+01
   endloop
 endfacet
 facet normal  0.000000e+00  1.000000e+00  0.000000e+00
   outer loop
     vertex  1.327513e+02  1.307000e+02  1.792285e+01
     vertex  1.327501e+02  1.307000e+02  1.798457e+01
     vertex  1.327505e+02  1.307000e+02  1.804630e+01
   endloop
 endfacet
 facet normal  0.000000e+00  1.000000e+00  0.000000e+00
   outer loop
     vertex  1.350926e+02  1.307000e+02  2.024809e+01
     vertex  1.349691e+02  1.307000e+02  2.024979e+01
     vertex  1.350309e+02  1.307000e+02  2.024979e+01
   endloop
 endfacet
 facet normal  0.000000e+00  1.000000e+00  0.000000e+00
   outer loop
     vertex  1.350926e+02  1.307000e+02  2.024809e+01
     vertex  1.349074e+02  1.307000e+02  2.024809e+01
     vertex  1.349691e+02  1.307000e+02  2.024979e+01
   endloop
 endfacet
 facet normal  0.000000e+00  1.000000e+00  0.000000e+00
   outer loop
     vertex  1.327589e+02  1.307000e+02  1.779963e+01
     vertex  1.327543e+02  1.307000e+02  1.786119e+01
     vertex  1.327513e+02  1.307000e+02  1.792285e+01
   endloop
 endfacet
 facet normal  0.000000e+00  1.000000e+00  0.000000e+00
   outer loop
     vertex  1.327733e+02  1.307000e+02  1.767701e+01
     vertex  1.327653e+02  1.307000e+02  1.773822e+01
     vertex  1.327589e+02  1.307000e+02  1.779963e+01
   endloop
 endfacet
 facet normal  0.000000e+00  1.000000e+00  0.000000e+00
   outer loop
     vertex  1.327830e+02  1.307000e+02  1.761605e+01
     vertex  1.327733e+02  1.307000e+02  1.767701e+01
     vertex  1.327589e+02  1.307000e+02  1.779963e+01
   endloop
 endfacet
 facet normal  0.000000e+00  1.000000e+00  0.000000e+00
   outer loop
     vertex  1.353991e+02  1.307000e+02  2.021431e+01
     vertex  1.352771e+02  1.307000e+02  2.023287e+01
     vertex  1.353383e+02  1.307000e+02  2.022443e+01
   endloop
 endfacet
 facet normal  0.000000e+00  1.000000e+00  0.000000e+00
   outer loop
     vertex  1.328074e+02  1.307000e+02  1.749503e+01
     vertex  1.327944e+02  1.307000e+02  1.755537e+01
     vertex  1.327830e+02  1.307000e+02  1.761605e+01
   endloop
 endfacet
 facet normal  0.000000e+00  1.000000e+00  0.000000e+00
   outer loop
     vertex  1.328221e+02  1.307000e+02  1.743507e+01
     vertex  1.328074e+02  1.307000e+02  1.749503e+01
     vertex  1.327830e+02  1.307000e+02  1.761605e+01
   endloop
 endfacet
 facet normal  0.000000e+00  1.000000e+00  0.000000e+00
   outer loop
     vertex  1.328384e+02  1.307000e+02  1.737553e+01
     vertex  1.327830e+02  1.307000e+02  1.761605e+01
     vertex  1.327589e+02  1.307000e+02  1.779963e+01
   endloop
 endfacet
 facet normal  0.000000e+00  1.000000e+00  0.000000e+00
   outer loop
     vertex  1.328384e+02  1.307000e+02  1.737553e+01
     vertex  1.328221e+02  1.307000e+02  1.743507e+01
     vertex  1.327830e+02  1.307000e+02  1.761605e+01
   endloop
 endfacet
 facet normal  0.000000e+00  1.000000e+00  0.000000e+00
   outer loop
     vertex  1.356393e+02  1.307000e+02  2.015727e+01
     vertex  1.355200e+02  1.307000e+02  2.018909e+01
     vertex  1.355799e+02  1.307000e+02  2.017400e+01
   endloop
 endfacet
 facet normal  0.000000e+00  1.000000e+00  0.000000e+00
   outer loop
     vertex  1.356393e+02  1.307000e+02  2.015727e+01
     vertex  1.354597e+02  1.307000e+02  2.020253e+01
     vertex  1.355200e+02  1.307000e+02  2.018909e+01
   endloop
 endfacet
 facet normal  0.000000e+00  1.000000e+00  0.000000e+00
   outer loop
     vertex  1.356393e+02  1.307000e+02  2.015727e+01
     vertex  1.353991e+02  1.307000e+02  2.021431e+01
     vertex  1.354597e+02  1.307000e+02  2.020253e+01
   endloop
 endfacet
 facet normal  0.000000e+00  1.000000e+00  0.000000e+00
   outer loop
     vertex  1.356393e+02  1.307000e+02  2.015727e+01
     vertex  1.352157e+02  1.307000e+02  2.023963e+01
     vertex  1.352771e+02  1.307000e+02  2.023287e+01
   endloop
 endfacet
 facet normal  0.000000e+00  1.000000e+00  0.000000e+00
   outer loop
     vertex  1.356393e+02  1.307000e+02  2.015727e+01
     vertex  1.351542e+02  1.307000e+02  2.024471e+01
     vertex  1.352157e+02  1.307000e+02  2.023963e+01
   endloop
 endfacet
 facet normal  0.000000e+00  1.000000e+00  0.000000e+00
   outer loop
     vertex  1.356393e+02  1.307000e+02  2.015727e+01
     vertex  1.350926e+02  1.307000e+02  2.024809e+01
     vertex  1.351542e+02  1.307000e+02  2.024471e+01
   endloop
 endfacet
 facet normal  0.000000e+00  1.000000e+00  0.000000e+00
   outer loop
     vertex  1.356393e+02  1.307000e+02  2.015727e+01
     vertex  1.352771e+02  1.307000e+02  2.023287e+01
     vertex  1.353991e+02  1.307000e+02  2.021431e+01
   endloop
 endfacet
 facet normal  0.000000e+00  1.000000e+00  0.000000e+00
   outer loop
     vertex  1.328759e+02  1.307000e+02  1.725791e+01
     vertex  1.328563e+02  1.307000e+02  1.731646e+01
     vertex  1.328384e+02  1.307000e+02  1.737553e+01
   endloop
 endfacet
 facet normal  0.000000e+00  1.000000e+00  0.000000e+00
   outer loop
     vertex  1.329198e+02  1.307000e+02  1.714253e+01
     vertex  1.327513e+02  1.307000e+02  1.792285e+01
     vertex  1.327564e+02  1.307000e+02  1.816961e+01
   endloop
 endfacet
 facet normal  0.000000e+00  1.000000e+00  0.000000e+00
   outer loop
     vertex  1.329198e+02  1.307000e+02  1.714253e+01
     vertex  1.328971e+02  1.307000e+02  1.719992e+01
     vertex  1.328759e+02  1.307000e+02  1.725791e+01
   endloop
 endfacet
 facet normal  0.000000e+00  1.000000e+00  0.000000e+00
   outer loop
     vertex  1.329198e+02  1.307000e+02  1.714253e+01
     vertex  1.328384e+02  1.307000e+02  1.737553e+01
     vertex  1.327589e+02  1.307000e+02  1.779963e+01
   endloop
 endfacet
 facet normal  0.000000e+00  1.000000e+00  0.000000e+00
   outer loop
     vertex  1.329198e+02  1.307000e+02  1.714253e+01
     vertex  1.328759e+02  1.307000e+02  1.725791e+01
     vertex  1.328384e+02  1.307000e+02  1.737553e+01
   endloop
 endfacet
 facet normal  0.000000e+00  1.000000e+00  0.000000e+00
   outer loop
     vertex  1.329198e+02  1.307000e+02  1.714253e+01
     vertex  1.327589e+02  1.307000e+02  1.779963e+01
     vertex  1.327513e+02  1.307000e+02  1.792285e+01
   endloop
 endfacet
 facet normal  0.000000e+00  1.000000e+00  0.000000e+00
   outer loop
     vertex  1.359283e+02  1.307000e+02  2.004958e+01
     vertex  1.358145e+02  1.307000e+02  2.009741e+01
     vertex  1.358717e+02  1.307000e+02  2.007427e+01
   endloop
 endfacet
 facet normal  0.000000e+00  1.000000e+00  0.000000e+00
   outer loop
     vertex  1.329700e+02  1.307000e+02  1.702973e+01
     vertex  1.329441e+02  1.307000e+02  1.708578e+01
     vertex  1.329198e+02  1.307000e+02  1.714253e+01
   endloop
 endfacet
 facet normal  0.000000e+00  1.000000e+00  0.000000e+00
   outer loop
     vertex  1.359842e+02  1.307000e+02  2.002334e+01
     vertex  1.357566e+02  1.307000e+02  2.011896e+01
     vertex  1.358145e+02  1.307000e+02  2.009741e+01
   endloop
 endfacet
 facet normal  0.000000e+00  1.000000e+00  0.000000e+00
   outer loop
     vertex  1.359842e+02  1.307000e+02  2.002334e+01
     vertex  1.358145e+02  1.307000e+02  2.009741e+01
     vertex  1.359283e+02  1.307000e+02  2.004958e+01
   endloop
 endfacet
 facet normal  0.000000e+00  1.000000e+00  0.000000e+00
   outer loop
     vertex  1.330262e+02  1.307000e+02  1.691984e+01
     vertex  1.329700e+02  1.307000e+02  1.702973e+01
     vertex  1.329198e+02  1.307000e+02  1.714253e+01
   endloop
 endfacet
 facet normal  0.000000e+00  1.000000e+00  0.000000e+00
   outer loop
     vertex  1.330262e+02  1.307000e+02  1.691984e+01
     vertex  1.329973e+02  1.307000e+02  1.697440e+01
     vertex  1.329700e+02  1.307000e+02  1.702973e+01
   endloop
 endfacet
 facet normal  0.000000e+00  1.000000e+00  0.000000e+00
   outer loop
     vertex  1.360937e+02  1.307000e+02  1.996631e+01
     vertex  1.356982e+02  1.307000e+02  2.013892e+01
     vertex  1.357566e+02  1.307000e+02  2.011896e+01
   endloop
 endfacet
 facet normal  0.000000e+00  1.000000e+00  0.000000e+00
   outer loop
     vertex  1.360937e+02  1.307000e+02  1.996631e+01
     vertex  1.357566e+02  1.307000e+02  2.011896e+01
     vertex  1.359842e+02  1.307000e+02  2.002334e+01
   endloop
 endfacet
 facet normal  0.000000e+00  1.000000e+00  0.000000e+00
   outer loop
     vertex  1.360937e+02  1.307000e+02  1.996631e+01
     vertex  1.359842e+02  1.307000e+02  2.002334e+01
     vertex  1.360393e+02  1.307000e+02  1.999558e+01
   endloop
 endfacet
 facet normal  0.000000e+00  1.000000e+00  0.000000e+00
   outer loop
     vertex  1.330566e+02  1.307000e+02  1.686610e+01
     vertex  1.330262e+02  1.307000e+02  1.691984e+01
     vertex  1.329198e+02  1.307000e+02  1.714253e+01
   endloop
 endfacet
 facet normal  0.000000e+00  1.000000e+00  0.000000e+00
   outer loop
     vertex  1.361472e+02  1.307000e+02  1.993557e+01
     vertex  1.356982e+02  1.307000e+02  2.013892e+01
     vertex  1.360937e+02  1.307000e+02  1.996631e+01
   endloop
 endfacet
 facet normal  0.000000e+00  1.000000e+00  0.000000e+00
   outer loop
     vertex  1.330884e+02  1.307000e+02  1.681321e+01
     vertex  1.330566e+02  1.307000e+02  1.686610e+01
     vertex  1.329198e+02  1.307000e+02  1.714253e+01
   endloop
 endfacet
 facet normal  0.000000e+00  1.000000e+00  0.000000e+00
   outer loop
     vertex  1.362516e+02  1.307000e+02  1.986973e+01
     vertex  1.361472e+02  1.307000e+02  1.993557e+01
     vertex  1.361999e+02  1.307000e+02  1.990337e+01
   endloop
 endfacet
 facet normal  0.000000e+00  1.000000e+00  0.000000e+00
   outer loop
     vertex  1.331564e+02  1.307000e+02  1.671016e+01
     vertex  1.330884e+02  1.307000e+02  1.681321e+01
     vertex  1.329198e+02  1.307000e+02  1.714253e+01
   endloop
 endfacet
 facet normal  0.000000e+00  1.000000e+00  0.000000e+00
   outer loop
     vertex  1.331564e+02  1.307000e+02  1.671016e+01
     vertex  1.331217e+02  1.307000e+02  1.676122e+01
     vertex  1.330884e+02  1.307000e+02  1.681321e+01
   endloop
 endfacet
 facet normal  0.000000e+00  1.000000e+00  0.000000e+00
   outer loop
     vertex  1.363025e+02  1.307000e+02  1.983469e+01
     vertex  1.356982e+02  1.307000e+02  2.013892e+01
     vertex  1.361472e+02  1.307000e+02  1.993557e+01
   endloop
 endfacet
 facet normal  0.000000e+00  1.000000e+00  0.000000e+00
   outer loop
     vertex  1.363025e+02  1.307000e+02  1.983469e+01
     vertex  1.361472e+02  1.307000e+02  1.993557e+01
     vertex  1.362516e+02  1.307000e+02  1.986973e+01
   endloop
 endfacet
 facet normal  0.000000e+00  1.000000e+00  0.000000e+00
   outer loop
     vertex  1.331925e+02  1.307000e+02  1.666006e+01
     vertex  1.331564e+02  1.307000e+02  1.671016e+01
     vertex  1.329198e+02  1.307000e+02  1.714253e+01
   endloop
 endfacet
 facet normal  0.000000e+00  1.000000e+00  0.000000e+00
   outer loop
     vertex  1.364956e+02  1.307000e+02  1.968100e+01
     vertex  1.364011e+02  1.307000e+02  1.976049e+01
     vertex  1.364489e+02  1.307000e+02  1.972139e+01
   endloop
 endfacet
 facet normal  0.000000e+00  1.000000e+00  0.000000e+00
   outer loop
     vertex  1.364956e+02  1.307000e+02  1.968100e+01
     vertex  1.363523e+02  1.307000e+02  1.979827e+01
     vertex  1.364011e+02  1.307000e+02  1.976049e+01
   endloop
 endfacet
 facet normal  0.000000e+00  1.000000e+00  0.000000e+00
   outer loop
     vertex  1.364956e+02  1.307000e+02  1.968100e+01
     vertex  1.363025e+02  1.307000e+02  1.983469e+01
     vertex  1.363523e+02  1.307000e+02  1.979827e+01
   endloop
 endfacet
 facet normal  0.000000e+00  1.000000e+00  0.000000e+00
   outer loop
     vertex  1.333927e+02  1.307000e+02  1.642546e+01
     vertex  1.331925e+02  1.307000e+02  1.666006e+01
     vertex  1.329198e+02  1.307000e+02  1.714253e+01
   endloop
 endfacet
 facet normal  0.000000e+00  1.000000e+00  0.000000e+00
   outer loop
     vertex  1.333927e+02  1.307000e+02  1.642546e+01
     vertex  1.332299e+02  1.307000e+02  1.661098e+01
     vertex  1.331925e+02  1.307000e+02  1.666006e+01
   endloop
 endfacet
 facet normal  0.000000e+00  1.000000e+00  0.000000e+00
   outer loop
     vertex  1.333927e+02  1.307000e+02  1.642546e+01
     vertex  1.332687e+02  1.307000e+02  1.656294e+01
     vertex  1.332299e+02  1.307000e+02  1.661098e+01
   endloop
 endfacet
 facet normal  0.000000e+00  1.000000e+00  0.000000e+00
   outer loop
     vertex  1.333927e+02  1.307000e+02  1.642546e+01
     vertex  1.333088e+02  1.307000e+02  1.651599e+01
     vertex  1.332687e+02  1.307000e+02  1.656294e+01
   endloop
 endfacet
 facet normal  0.000000e+00  1.000000e+00  0.000000e+00
   outer loop
     vertex  1.333927e+02  1.307000e+02  1.642546e+01
     vertex  1.333501e+02  1.307000e+02  1.647015e+01
     vertex  1.333088e+02  1.307000e+02  1.651599e+01
   endloop
 endfacet
 facet normal  0.000000e+00  1.000000e+00  0.000000e+00
   outer loop
     vertex  1.365855e+02  1.307000e+02  1.959644e+01
     vertex  1.363025e+02  1.307000e+02  1.983469e+01
     vertex  1.364956e+02  1.307000e+02  1.968100e+01
   endloop
 endfacet
 facet normal  0.000000e+00  1.000000e+00  0.000000e+00
   outer loop
     vertex  1.365855e+02  1.307000e+02  1.959644e+01
     vertex  1.364956e+02  1.307000e+02  1.968100e+01
     vertex  1.365411e+02  1.307000e+02  1.963933e+01
   endloop
 endfacet
 facet normal  0.000000e+00  1.000000e+00  0.000000e+00
   outer loop
     vertex  1.334815e+02  1.307000e+02  1.633968e+01
     vertex  1.334365e+02  1.307000e+02  1.638196e+01
     vertex  1.333927e+02  1.307000e+02  1.642546e+01
   endloop
 endfacet
 facet normal  0.000000e+00  1.000000e+00  0.000000e+00
   outer loop
     vertex  1.335276e+02  1.307000e+02  1.629864e+01
     vertex  1.334815e+02  1.307000e+02  1.633968e+01
     vertex  1.333927e+02  1.307000e+02  1.642546e+01
   endloop
 endfacet
 facet normal  0.000000e+00  1.000000e+00  0.000000e+00
   outer loop
     vertex  1.367114e+02  1.307000e+02  1.946067e+01
     vertex  1.366287e+02  1.307000e+02  1.955234e+01
     vertex  1.366707e+02  1.307000e+02  1.950707e+01
   endloop
 endfacet
 facet normal  0.000000e+00  1.000000e+00  0.000000e+00
   outer loop
     vertex  1.367114e+02  1.307000e+02  1.946067e+01
     vertex  1.365855e+02  1.307000e+02  1.959644e+01
     vertex  1.366287e+02  1.307000e+02  1.955234e+01
   endloop
 endfacet
 facet normal  0.000000e+00  1.000000e+00  0.000000e+00
   outer loop
     vertex  1.335749e+02  1.307000e+02  1.625889e+01
     vertex  1.335276e+02  1.307000e+02  1.629864e+01
     vertex  1.333927e+02  1.307000e+02  1.642546e+01
   endloop
 endfacet
 facet normal  0.000000e+00  1.000000e+00  0.000000e+00
   outer loop
     vertex  1.335749e+02  1.307000e+02  1.625889e+01
     vertex  1.333927e+02  1.307000e+02  1.642546e+01
     vertex  1.329198e+02  1.307000e+02  1.714253e+01
   endloop
 endfacet
 facet normal  0.000000e+00  1.000000e+00  0.000000e+00
   outer loop
     vertex  1.336232e+02  1.307000e+02  1.622045e+01
     vertex  1.335749e+02  1.307000e+02  1.625889e+01
     vertex  1.329198e+02  1.307000e+02  1.714253e+01
   endloop
 endfacet
 facet normal  0.000000e+00  1.000000e+00  0.000000e+00
   outer loop
     vertex  1.367890e+02  1.307000e+02  1.936461e+01
     vertex  1.365855e+02  1.307000e+02  1.959644e+01
     vertex  1.367114e+02  1.307000e+02  1.946067e+01
   endloop
 endfacet
 facet normal  0.000000e+00  1.000000e+00  0.000000e+00
   outer loop
     vertex  1.367890e+02  1.307000e+02  1.936461e+01
     vertex  1.367114e+02  1.307000e+02  1.946067e+01
     vertex  1.367508e+02  1.307000e+02  1.941317e+01
   endloop
 endfacet
 facet normal  0.000000e+00  1.000000e+00  0.000000e+00
   outer loop
     vertex  1.336725e+02  1.307000e+02  1.618335e+01
     vertex  1.336232e+02  1.307000e+02  1.622045e+01
     vertex  1.329198e+02  1.307000e+02  1.714253e+01
   endloop
 endfacet
 facet normal  0.000000e+00  1.000000e+00  0.000000e+00
   outer loop
     vertex  1.337228e+02  1.307000e+02  1.614761e+01
     vertex  1.336725e+02  1.307000e+02  1.618335e+01
     vertex  1.329198e+02  1.307000e+02  1.714253e+01
   endloop
 endfacet
 facet normal  0.000000e+00  1.000000e+00  0.000000e+00
   outer loop
     vertex  1.368611e+02  1.307000e+02  1.926443e+01
     vertex  1.367890e+02  1.307000e+02  1.936461e+01
     vertex  1.368257e+02  1.307000e+02  1.931501e+01
   endloop
 endfacet
 facet normal  0.000000e+00  1.000000e+00  0.000000e+00
   outer loop
     vertex  1.369277e+02  1.307000e+02  1.916045e+01
     vertex  1.368611e+02  1.307000e+02  1.926443e+01
     vertex  1.368951e+02  1.307000e+02  1.921290e+01
   endloop
 endfacet
 facet normal  0.000000e+00  1.000000e+00  0.000000e+00
   outer loop
     vertex  1.369884e+02  1.307000e+02  1.905298e+01
     vertex  1.368611e+02  1.307000e+02  1.926443e+01
     vertex  1.369277e+02  1.307000e+02  1.916045e+01
   endloop
 endfacet
 facet normal  0.000000e+00  1.000000e+00  0.000000e+00
   outer loop
     vertex  1.369884e+02  1.307000e+02  1.905298e+01
     vertex  1.369277e+02  1.307000e+02  1.916045e+01
     vertex  1.369588e+02  1.307000e+02  1.910713e+01
   endloop
 endfacet
 facet normal  0.000000e+00  1.000000e+00  0.000000e+00
   outer loop
     vertex  1.370165e+02  1.307000e+02  1.899803e+01
     vertex  1.368611e+02  1.307000e+02  1.926443e+01
     vertex  1.369884e+02  1.307000e+02  1.905298e+01
   endloop
 endfacet
 facet normal  0.000000e+00  1.000000e+00  0.000000e+00
   outer loop
     vertex  1.340437e+02  1.307000e+02  1.596335e+01
     vertex  1.339334e+02  1.307000e+02  1.601887e+01
     vertex  1.338795e+02  1.307000e+02  1.604888e+01
   endloop
 endfacet
 facet normal  0.000000e+00  1.000000e+00  0.000000e+00
   outer loop
     vertex  1.340437e+02  1.307000e+02  1.596335e+01
     vertex  1.339882e+02  1.307000e+02  1.599035e+01
     vertex  1.339334e+02  1.307000e+02  1.601887e+01
   endloop
 endfacet
 facet normal  0.000000e+00  1.000000e+00  0.000000e+00
   outer loop
     vertex  1.370432e+02  1.307000e+02  1.894233e+01
     vertex  1.368611e+02  1.307000e+02  1.926443e+01
     vertex  1.370165e+02  1.307000e+02  1.899803e+01
   endloop
 endfacet
 facet normal  0.000000e+00  1.000000e+00  0.000000e+00
   outer loop
     vertex  1.370432e+02  1.307000e+02  1.894233e+01
     vertex  1.367890e+02  1.307000e+02  1.936461e+01
     vertex  1.368611e+02  1.307000e+02  1.926443e+01
   endloop
 endfacet
 facet normal  0.000000e+00  1.000000e+00  0.000000e+00
   outer loop
     vertex  1.370682e+02  1.307000e+02  1.888593e+01
     vertex  1.365855e+02  1.307000e+02  1.959644e+01
     vertex  1.367890e+02  1.307000e+02  1.936461e+01
   endloop
 endfacet
 facet normal  0.000000e+00  1.000000e+00  0.000000e+00
   outer loop
     vertex  1.370682e+02  1.307000e+02  1.888593e+01
     vertex  1.367890e+02  1.307000e+02  1.936461e+01
     vertex  1.370432e+02  1.307000e+02  1.894233e+01
   endloop
 endfacet
 facet normal  0.000000e+00  1.000000e+00  0.000000e+00
   outer loop
     vertex  1.341568e+02  1.307000e+02  1.591396e+01
     vertex  1.337741e+02  1.307000e+02  1.611327e+01
     vertex  1.337228e+02  1.307000e+02  1.614761e+01
   endloop
 endfacet
 facet normal  0.000000e+00  1.000000e+00  0.000000e+00
   outer loop
     vertex  1.341568e+02  1.307000e+02  1.591396e+01
     vertex  1.338264e+02  1.307000e+02  1.608035e+01
     vertex  1.337741e+02  1.307000e+02  1.611327e+01
   endloop
 endfacet
 facet normal  0.000000e+00  1.000000e+00  0.000000e+00
   outer loop
     vertex  1.341568e+02  1.307000e+02  1.591396e+01
     vertex  1.338795e+02  1.307000e+02  1.604888e+01
     vertex  1.338264e+02  1.307000e+02  1.608035e+01
   endloop
 endfacet
 facet normal  0.000000e+00  1.000000e+00  0.000000e+00
   outer loop
     vertex  1.341568e+02  1.307000e+02  1.591396e+01
     vertex  1.340999e+02  1.307000e+02  1.593788e+01
     vertex  1.340437e+02  1.307000e+02  1.596335e+01
   endloop
 endfacet
 facet normal  0.000000e+00  1.000000e+00  0.000000e+00
   outer loop
     vertex  1.341568e+02  1.307000e+02  1.591396e+01
     vertex  1.340437e+02  1.307000e+02  1.596335e+01
     vertex  1.338795e+02  1.307000e+02  1.604888e+01
   endloop
 endfacet
 facet normal  0.000000e+00  1.000000e+00  0.000000e+00
   outer loop
     vertex  1.342144e+02  1.307000e+02  1.589162e+01
     vertex  1.341568e+02  1.307000e+02  1.591396e+01
     vertex  1.337228e+02  1.307000e+02  1.614761e+01
   endloop
 endfacet
 facet normal  0.000000e+00  1.000000e+00  0.000000e+00
   outer loop
     vertex  1.342144e+02  1.307000e+02  1.589162e+01
     vertex  1.327564e+02  1.307000e+02  1.816961e+01
     vertex  1.330723e+02  1.307000e+02  1.916045e+01
   endloop
 endfacet
 facet normal  0.000000e+00  1.000000e+00  0.000000e+00
   outer loop
     vertex  1.342144e+02  1.307000e+02  1.589162e+01
     vertex  1.329198e+02  1.307000e+02  1.714253e+01
     vertex  1.327564e+02  1.307000e+02  1.816961e+01
   endloop
 endfacet
 facet normal  0.000000e+00  1.000000e+00  0.000000e+00
   outer loop
     vertex  1.342144e+02  1.307000e+02  1.589162e+01
     vertex  1.333293e+02  1.307000e+02  1.950707e+01
     vertex  1.334145e+02  1.307000e+02  1.959644e+01
   endloop
 endfacet
 facet normal  0.000000e+00  1.000000e+00  0.000000e+00
   outer loop
     vertex  1.342144e+02  1.307000e+02  1.589162e+01
     vertex  1.334589e+02  1.307000e+02  1.963933e+01
     vertex  1.335044e+02  1.307000e+02  1.968100e+01
   endloop
 endfacet
 facet normal  0.000000e+00  1.000000e+00  0.000000e+00
   outer loop
     vertex  1.342144e+02  1.307000e+02  1.589162e+01
     vertex  1.334145e+02  1.307000e+02  1.959644e+01
     vertex  1.334589e+02  1.307000e+02  1.963933e+01
   endloop
 endfacet
 facet normal  0.000000e+00  1.000000e+00  0.000000e+00
   outer loop
     vertex  1.342144e+02  1.307000e+02  1.589162e+01
     vertex  1.337228e+02  1.307000e+02  1.614761e+01
     vertex  1.329198e+02  1.307000e+02  1.714253e+01
   endloop
 endfacet
 facet normal  0.000000e+00  1.000000e+00  0.000000e+00
   outer loop
     vertex  1.342144e+02  1.307000e+02  1.589162e+01
     vertex  1.330723e+02  1.307000e+02  1.916045e+01
     vertex  1.333293e+02  1.307000e+02  1.950707e+01
   endloop
 endfacet
 facet normal  0.000000e+00  1.000000e+00  0.000000e+00
   outer loop
     vertex  1.371341e+02  1.307000e+02  1.871288e+01
     vertex  1.370918e+02  1.307000e+02  1.882885e+01
     vertex  1.371137e+02  1.307000e+02  1.877116e+01
   endloop
 endfacet
 facet normal  0.000000e+00  1.000000e+00  0.000000e+00
   outer loop
     vertex  1.343904e+02  1.307000e+02  1.583416e+01
     vertex  1.342725e+02  1.307000e+02  1.587086e+01
     vertex  1.342144e+02  1.307000e+02  1.589162e+01
   endloop
 endfacet
 facet normal  0.000000e+00  1.000000e+00  0.000000e+00
   outer loop
     vertex  1.343904e+02  1.307000e+02  1.583416e+01
     vertex  1.343312e+02  1.307000e+02  1.585170e+01
     vertex  1.342725e+02  1.307000e+02  1.587086e+01
   endloop
 endfacet
 facet normal  0.000000e+00  1.000000e+00  0.000000e+00
   outer loop
     vertex  1.343904e+02  1.307000e+02  1.583416e+01
     vertex  1.335044e+02  1.307000e+02  1.968100e+01
     vertex  1.338001e+02  1.307000e+02  1.990337e+01
   endloop
 endfacet
 facet normal  0.000000e+00  1.000000e+00  0.000000e+00
   outer loop
     vertex  1.343904e+02  1.307000e+02  1.583416e+01
     vertex  1.342144e+02  1.307000e+02  1.589162e+01
     vertex  1.335044e+02  1.307000e+02  1.968100e+01
   endloop
 endfacet
 facet normal  0.000000e+00  1.000000e+00  0.000000e+00
   outer loop
     vertex  1.371700e+02  1.307000e+02  1.859476e+01
     vertex  1.371341e+02  1.307000e+02  1.871288e+01
     vertex  1.371528e+02  1.307000e+02  1.865406e+01
   endloop
 endfacet
 facet normal  0.000000e+00  1.000000e+00  0.000000e+00
   outer loop
     vertex  1.371855e+02  1.307000e+02  1.853500e+01
     vertex  1.370918e+02  1.307000e+02  1.882885e+01
     vertex  1.371341e+02  1.307000e+02  1.871288e+01
   endloop
 endfacet
 facet normal  0.000000e+00  1.000000e+00  0.000000e+00
   outer loop
     vertex  1.371855e+02  1.307000e+02  1.853500e+01
     vertex  1.371341e+02  1.307000e+02  1.871288e+01
     vertex  1.371700e+02  1.307000e+02  1.859476e+01
   endloop
 endfacet
 facet normal  0.000000e+00  1.000000e+00  0.000000e+00
   outer loop
     vertex  1.345101e+02  1.307000e+02  1.580399e+01
     vertex  1.344500e+02  1.307000e+02  1.581825e+01
     vertex  1.343904e+02  1.307000e+02  1.583416e+01
   endloop
 endfacet
 facet normal  0.000000e+00  1.000000e+00  0.000000e+00
   outer loop
     vertex  1.371993e+02  1.307000e+02  1.847484e+01
     vertex  1.370918e+02  1.307000e+02  1.882885e+01
     vertex  1.371855e+02  1.307000e+02  1.853500e+01
   endloop
 endfacet
 facet normal  0.000000e+00  1.000000e+00  0.000000e+00
   outer loop
     vertex  1.371993e+02  1.307000e+02  1.847484e+01
     vertex  1.370682e+02  1.307000e+02  1.888593e+01
     vertex  1.370918e+02  1.307000e+02  1.882885e+01
   endloop
 endfacet
 facet normal  0.000000e+00  1.000000e+00  0.000000e+00
   outer loop
     vertex  1.346923e+02  1.307000e+02  1.577114e+01
     vertex  1.345705e+02  1.307000e+02  1.579137e+01
     vertex  1.345101e+02  1.307000e+02  1.580399e+01
   endloop
 endfacet
 facet normal  0.000000e+00  1.000000e+00  0.000000e+00
   outer loop
     vertex  1.346923e+02  1.307000e+02  1.577114e+01
     vertex  1.346313e+02  1.307000e+02  1.578042e+01
     vertex  1.345705e+02  1.307000e+02  1.579137e+01
   endloop
 endfacet
 facet normal  0.000000e+00  1.000000e+00  0.000000e+00
   outer loop
     vertex  1.346923e+02  1.307000e+02  1.577114e+01
     vertex  1.345101e+02  1.307000e+02  1.580399e+01
     vertex  1.343904e+02  1.307000e+02  1.583416e+01
   endloop
 endfacet
 facet normal  0.000000e+00  1.000000e+00  0.000000e+00
   outer loop
     vertex  1.372381e+02  1.307000e+02  1.823110e+01
     vertex  1.372221e+02  1.307000e+02  1.835350e+01
     vertex  1.372309e+02  1.307000e+02  1.829241e+01
   endloop
 endfacet
 facet normal  0.000000e+00  1.000000e+00  0.000000e+00
   outer loop
     vertex  1.372381e+02  1.307000e+02  1.823110e+01
     vertex  1.372115e+02  1.307000e+02  1.841433e+01
     vertex  1.372221e+02  1.307000e+02  1.835350e+01
   endloop
 endfacet
 facet normal  0.000000e+00  1.000000e+00  0.000000e+00
   outer loop
     vertex  1.372381e+02  1.307000e+02  1.823110e+01
     vertex  1.371993e+02  1.307000e+02  1.847484e+01
     vertex  1.372115e+02  1.307000e+02  1.841433e+01
   endloop
 endfacet
 facet normal  0.000000e+00  1.000000e+00  0.000000e+00
   outer loop
     vertex  1.348150e+02  1.307000e+02  1.575762e+01
     vertex  1.347536e+02  1.307000e+02  1.576354e+01
     vertex  1.346923e+02  1.307000e+02  1.577114e+01
   endloop
 endfacet
 facet normal  0.000000e+00  1.000000e+00  0.000000e+00
   outer loop
     vertex  1.372436e+02  1.307000e+02  1.816961e+01
     vertex  1.370682e+02  1.307000e+02  1.888593e+01
     vertex  1.371993e+02  1.307000e+02  1.847484e+01
   endloop
 endfacet
 facet normal  0.000000e+00  1.000000e+00  0.000000e+00
   outer loop
     vertex  1.372436e+02  1.307000e+02  1.816961e+01
     vertex  1.371993e+02  1.307000e+02  1.847484e+01
     vertex  1.372381e+02  1.307000e+02  1.823110e+01
   endloop
 endfacet
 facet normal  0.000000e+00  1.000000e+00  0.000000e+00
   outer loop
     vertex  1.348766e+02  1.307000e+02  1.575339e+01
     vertex  1.346923e+02  1.307000e+02  1.577114e+01
     vertex  1.343904e+02  1.307000e+02  1.583416e+01
   endloop
 endfacet
 facet normal  0.000000e+00  1.000000e+00  0.000000e+00
   outer loop
     vertex  1.348766e+02  1.307000e+02  1.575339e+01
     vertex  1.348150e+02  1.307000e+02  1.575762e+01
     vertex  1.346923e+02  1.307000e+02  1.577114e+01
   endloop
 endfacet
 facet normal  0.000000e+00  1.000000e+00  0.000000e+00
   outer loop
     vertex  1.348766e+02  1.307000e+02  1.575339e+01
     vertex  1.339063e+02  1.307000e+02  1.996631e+01
     vertex  1.345403e+02  1.307000e+02  2.020253e+01
   endloop
 endfacet
 facet normal  0.000000e+00  1.000000e+00  0.000000e+00
   outer loop
     vertex  1.348766e+02  1.307000e+02  1.575339e+01
     vertex  1.346009e+02  1.307000e+02  2.021431e+01
     vertex  1.346617e+02  1.307000e+02  2.022443e+01
   endloop
 endfacet
 facet normal  0.000000e+00  1.000000e+00  0.000000e+00
   outer loop
     vertex  1.348766e+02  1.307000e+02  1.575339e+01
     vertex  1.345403e+02  1.307000e+02  2.020253e+01
     vertex  1.346009e+02  1.307000e+02  2.021431e+01
   endloop
 endfacet
 facet normal  0.000000e+00  1.000000e+00  0.000000e+00
   outer loop
     vertex  1.348766e+02  1.307000e+02  1.575339e+01
     vertex  1.343904e+02  1.307000e+02  1.583416e+01
     vertex  1.338001e+02  1.307000e+02  1.990337e+01
   endloop
 endfacet
 facet normal  0.000000e+00  1.000000e+00  0.000000e+00
   outer loop
     vertex  1.348766e+02  1.307000e+02  1.575339e+01
     vertex  1.338001e+02  1.307000e+02  1.990337e+01
     vertex  1.339063e+02  1.307000e+02  1.996631e+01
   endloop
 endfacet
 facet normal  0.000000e+00  1.000000e+00  0.000000e+00
   outer loop
     vertex  1.350000e+02  1.307000e+02  1.575000e+01
     vertex  1.349383e+02  1.307000e+02  1.575085e+01
     vertex  1.348766e+02  1.307000e+02  1.575339e+01
   endloop
 endfacet
 facet normal  0.000000e+00  1.000000e+00  0.000000e+00
   outer loop
     vertex  1.372499e+02  1.307000e+02  1.798457e+01
     vertex  1.372474e+02  1.307000e+02  1.810799e+01
     vertex  1.372495e+02  1.307000e+02  1.804630e+01
   endloop
 endfacet
 facet normal  0.000000e+00  1.000000e+00  0.000000e+00
   outer loop
     vertex  1.372499e+02  1.307000e+02  1.798457e+01
     vertex  1.372436e+02  1.307000e+02  1.816961e+01
     vertex  1.372474e+02  1.307000e+02  1.810799e+01
   endloop
 endfacet
 facet normal  0.000000e+00  1.000000e+00 -0.000000e+00
   outer loop
     vertex  1.372487e+02  1.307000e+02  1.792285e+01
     vertex  1.372436e+02  1.307000e+02  1.816961e+01
     vertex  1.372499e+02  1.307000e+02  1.798457e+01
   endloop
 endfacet
 facet normal  0.000000e+00  1.000000e+00  0.000000e+00
   outer loop
     vertex  1.351234e+02  1.307000e+02  1.575339e+01
     vertex  1.350617e+02  1.307000e+02  1.575085e+01
     vertex  1.350000e+02  1.307000e+02  1.575000e+01
   endloop
 endfacet
 facet normal  0.000000e+00  1.000000e+00  0.000000e+00
   outer loop
     vertex  1.351850e+02  1.307000e+02  1.575762e+01
     vertex  1.351234e+02  1.307000e+02  1.575339e+01
     vertex  1.350000e+02  1.307000e+02  1.575000e+01
   endloop
 endfacet
 facet normal  0.000000e+00  1.000000e+00  0.000000e+00
   outer loop
     vertex  1.351850e+02  1.307000e+02  1.575762e+01
     vertex  1.350000e+02  1.307000e+02  1.575000e+01
     vertex  1.348766e+02  1.307000e+02  1.575339e+01
   endloop
 endfacet
 facet normal  0.000000e+00  1.000000e+00  0.000000e+00
   outer loop
     vertex  1.351850e+02  1.307000e+02  1.575762e+01
     vertex  1.348766e+02  1.307000e+02  1.575339e+01
     vertex  1.346617e+02  1.307000e+02  2.022443e+01
   endloop
 endfacet
 facet normal  0.000000e+00  1.000000e+00  0.000000e+00
   outer loop
     vertex  1.372411e+02  1.307000e+02  1.779963e+01
     vertex  1.372487e+02  1.307000e+02  1.792285e+01
     vertex  1.372457e+02  1.307000e+02  1.786119e+01
   endloop
 endfacet
 facet normal  0.000000e+00  1.000000e+00  0.000000e+00
   outer loop
     vertex  1.352464e+02  1.307000e+02  1.576354e+01
     vertex  1.346617e+02  1.307000e+02  2.022443e+01
     vertex  1.349074e+02  1.307000e+02  2.024809e+01
   endloop
 endfacet
 facet normal  0.000000e+00  1.000000e+00  0.000000e+00
   outer loop
     vertex  1.352464e+02  1.307000e+02  1.576354e+01
     vertex  1.351850e+02  1.307000e+02  1.575762e+01
     vertex  1.346617e+02  1.307000e+02  2.022443e+01
   endloop
 endfacet
 facet normal  0.000000e+00  1.000000e+00  0.000000e+00
   outer loop
     vertex  1.372347e+02  1.307000e+02  1.773822e+01
     vertex  1.372487e+02  1.307000e+02  1.792285e+01
     vertex  1.372411e+02  1.307000e+02  1.779963e+01
   endloop
 endfacet
 facet normal  0.000000e+00  1.000000e+00  0.000000e+00
   outer loop
     vertex  1.372267e+02  1.307000e+02  1.767701e+01
     vertex  1.372487e+02  1.307000e+02  1.792285e+01
     vertex  1.372347e+02  1.307000e+02  1.773822e+01
   endloop
 endfacet
 facet normal  0.000000e+00  1.000000e+00  0.000000e+00
   outer loop
     vertex  1.353687e+02  1.307000e+02  1.578042e+01
     vertex  1.353077e+02  1.307000e+02  1.577114e+01
     vertex  1.352464e+02  1.307000e+02  1.576354e+01
   endloop
 endfacet
 facet normal  0.000000e+00  1.000000e+00  0.000000e+00
   outer loop
     vertex  1.372170e+02  1.307000e+02  1.761605e+01
     vertex  1.372487e+02  1.307000e+02  1.792285e+01
     vertex  1.372267e+02  1.307000e+02  1.767701e+01
   endloop
 endfacet
 facet normal  0.000000e+00  1.000000e+00  0.000000e+00
   outer loop
     vertex  1.354899e+02  1.307000e+02  1.580399e+01
     vertex  1.354295e+02  1.307000e+02  1.579137e+01
     vertex  1.353687e+02  1.307000e+02  1.578042e+01
   endloop
 endfacet
 facet normal  0.000000e+00  1.000000e+00  0.000000e+00
   outer loop
     vertex  1.354899e+02  1.307000e+02  1.580399e+01
     vertex  1.353687e+02  1.307000e+02  1.578042e+01
     vertex  1.352464e+02  1.307000e+02  1.576354e+01
   endloop
 endfacet
 facet normal  0.000000e+00  1.000000e+00  0.000000e+00
   outer loop
     vertex  1.371926e+02  1.307000e+02  1.749503e+01
     vertex  1.372170e+02  1.307000e+02  1.761605e+01
     vertex  1.372056e+02  1.307000e+02  1.755537e+01
   endloop
 endfacet
 facet normal  0.000000e+00  1.000000e+00  0.000000e+00
   outer loop
     vertex  1.355500e+02  1.307000e+02  1.581825e+01
     vertex  1.354899e+02  1.307000e+02  1.580399e+01
     vertex  1.352464e+02  1.307000e+02  1.576354e+01
   endloop
 endfacet
 facet normal  0.000000e+00  1.000000e+00  0.000000e+00
   outer loop
     vertex  1.371779e+02  1.307000e+02  1.743507e+01
     vertex  1.372170e+02  1.307000e+02  1.761605e+01
     vertex  1.371926e+02  1.307000e+02  1.749503e+01
   endloop
 endfacet
 facet normal  0.000000e+00  1.000000e+00  0.000000e+00
   outer loop
     vertex  1.356096e+02  1.307000e+02  1.583416e+01
     vertex  1.356393e+02  1.307000e+02  2.015727e+01
     vertex  1.356982e+02  1.307000e+02  2.013892e+01
   endloop
 endfacet
 facet normal  0.000000e+00  1.000000e+00 -0.000000e+00
   outer loop
     vertex  1.356096e+02  1.307000e+02  1.583416e+01
     vertex  1.350926e+02  1.307000e+02  2.024809e+01
     vertex  1.356393e+02  1.307000e+02  2.015727e+01
   endloop
 endfacet
 facet normal  0.000000e+00  1.000000e+00  0.000000e+00
   outer loop
     vertex  1.356096e+02  1.307000e+02  1.583416e+01
     vertex  1.349074e+02  1.307000e+02  2.024809e+01
     vertex  1.350926e+02  1.307000e+02  2.024809e+01
   endloop
 endfacet
 facet normal  0.000000e+00  1.000000e+00  0.000000e+00
   outer loop
     vertex  1.356096e+02  1.307000e+02  1.583416e+01
     vertex  1.352464e+02  1.307000e+02  1.576354e+01
     vertex  1.349074e+02  1.307000e+02  2.024809e+01
   endloop
 endfacet
 facet normal  0.000000e+00  1.000000e+00  0.000000e+00
   outer loop
     vertex  1.356096e+02  1.307000e+02  1.583416e+01
     vertex  1.355500e+02  1.307000e+02  1.581825e+01
     vertex  1.352464e+02  1.307000e+02  1.576354e+01
   endloop
 endfacet
 facet normal  0.000000e+00  1.000000e+00  0.000000e+00
   outer loop
     vertex  1.371241e+02  1.307000e+02  1.725791e+01
     vertex  1.372170e+02  1.307000e+02  1.761605e+01
     vertex  1.371779e+02  1.307000e+02  1.743507e+01
   endloop
 endfacet
 facet normal  0.000000e+00  1.000000e+00  0.000000e+00
   outer loop
     vertex  1.371241e+02  1.307000e+02  1.725791e+01
     vertex  1.371616e+02  1.307000e+02  1.737553e+01
     vertex  1.371437e+02  1.307000e+02  1.731646e+01
   endloop
 endfacet
 facet normal  0.000000e+00  1.000000e+00  0.000000e+00
   outer loop
     vertex  1.371241e+02  1.307000e+02  1.725791e+01
     vertex  1.371779e+02  1.307000e+02  1.743507e+01
     vertex  1.371616e+02  1.307000e+02  1.737553e+01
   endloop
 endfacet
 facet normal  0.000000e+00  1.000000e+00  0.000000e+00
   outer loop
     vertex  1.357856e+02  1.307000e+02  1.589162e+01
     vertex  1.356688e+02  1.307000e+02  1.585170e+01
     vertex  1.356096e+02  1.307000e+02  1.583416e+01
   endloop
 endfacet
 facet normal  0.000000e+00  1.000000e+00  0.000000e+00
   outer loop
     vertex  1.357856e+02  1.307000e+02  1.589162e+01
     vertex  1.357275e+02  1.307000e+02  1.587086e+01
     vertex  1.356688e+02  1.307000e+02  1.585170e+01
   endloop
 endfacet
 facet normal  0.000000e+00  1.000000e+00  0.000000e+00
   outer loop
     vertex  1.371029e+02  1.307000e+02  1.719992e+01
     vertex  1.372170e+02  1.307000e+02  1.761605e+01
     vertex  1.371241e+02  1.307000e+02  1.725791e+01
   endloop
 endfacet
 facet normal  0.000000e+00  1.000000e+00 -0.000000e+00
   outer loop
     vertex  1.371029e+02  1.307000e+02  1.719992e+01
     vertex  1.370682e+02  1.307000e+02  1.888593e+01
     vertex  1.372436e+02  1.307000e+02  1.816961e+01
   endloop
 endfacet
 facet normal  0.000000e+00  1.000000e+00  0.000000e+00
   outer loop
     vertex  1.371029e+02  1.307000e+02  1.719992e+01
     vertex  1.372436e+02  1.307000e+02  1.816961e+01
     vertex  1.372487e+02  1.307000e+02  1.792285e+01
   endloop
 endfacet
 facet normal  0.000000e+00  1.000000e+00  0.000000e+00
   outer loop
     vertex  1.371029e+02  1.307000e+02  1.719992e+01
     vertex  1.372487e+02  1.307000e+02  1.792285e+01
     vertex  1.372170e+02  1.307000e+02  1.761605e+01
   endloop
 endfacet
 facet normal  0.000000e+00  1.000000e+00  0.000000e+00
   outer loop
     vertex  1.359563e+02  1.307000e+02  1.596335e+01
     vertex  1.356096e+02  1.307000e+02  1.583416e+01
     vertex  1.356982e+02  1.307000e+02  2.013892e+01
   endloop
 endfacet
 facet normal  0.000000e+00  1.000000e+00  0.000000e+00
   outer loop
     vertex  1.359563e+02  1.307000e+02  1.596335e+01
     vertex  1.358432e+02  1.307000e+02  1.591396e+01
     vertex  1.357856e+02  1.307000e+02  1.589162e+01
   endloop
 endfacet
 facet normal  0.000000e+00  1.000000e+00  0.000000e+00
   outer loop
     vertex  1.359563e+02  1.307000e+02  1.596335e+01
     vertex  1.359001e+02  1.307000e+02  1.593788e+01
     vertex  1.358432e+02  1.307000e+02  1.591396e+01
   endloop
 endfacet
 facet normal  0.000000e+00  1.000000e+00  0.000000e+00
   outer loop
     vertex  1.359563e+02  1.307000e+02  1.596335e+01
     vertex  1.357856e+02  1.307000e+02  1.589162e+01
     vertex  1.356096e+02  1.307000e+02  1.583416e+01
   endloop
 endfacet
 facet normal  0.000000e+00  1.000000e+00  0.000000e+00
   outer loop
     vertex  1.370027e+02  1.307000e+02  1.697440e+01
     vertex  1.370559e+02  1.307000e+02  1.708578e+01
     vertex  1.370300e+02  1.307000e+02  1.702973e+01
   endloop
 endfacet
 facet normal  0.000000e+00  1.000000e+00  0.000000e+00
   outer loop
     vertex  1.370027e+02  1.307000e+02  1.697440e+01
     vertex  1.370802e+02  1.307000e+02  1.714253e+01
     vertex  1.370559e+02  1.307000e+02  1.708578e+01
   endloop
 endfacet
 facet normal  0.000000e+00  1.000000e+00  0.000000e+00
   outer loop
     vertex  1.370027e+02  1.307000e+02  1.697440e+01
     vertex  1.371029e+02  1.307000e+02  1.719992e+01
     vertex  1.370802e+02  1.307000e+02  1.714253e+01
   endloop
 endfacet
 facet normal  0.000000e+00  1.000000e+00  0.000000e+00
   outer loop
     vertex  1.361205e+02  1.307000e+02  1.604888e+01
     vertex  1.360118e+02  1.307000e+02  1.599035e+01
     vertex  1.359563e+02  1.307000e+02  1.596335e+01
   endloop
 endfacet
 facet normal  0.000000e+00  1.000000e+00  0.000000e+00
   outer loop
     vertex  1.361205e+02  1.307000e+02  1.604888e+01
     vertex  1.360666e+02  1.307000e+02  1.601887e+01
     vertex  1.360118e+02  1.307000e+02  1.599035e+01
   endloop
 endfacet
 facet normal  0.000000e+00  1.000000e+00  0.000000e+00
   outer loop
     vertex  1.369434e+02  1.307000e+02  1.686610e+01
     vertex  1.370027e+02  1.307000e+02  1.697440e+01
     vertex  1.369738e+02  1.307000e+02  1.691984e+01
   endloop
 endfacet
 facet normal  0.000000e+00  1.000000e+00  0.000000e+00
   outer loop
     vertex  1.368783e+02  1.307000e+02  1.676122e+01
     vertex  1.369434e+02  1.307000e+02  1.686610e+01
     vertex  1.369116e+02  1.307000e+02  1.681321e+01
   endloop
 endfacet
 facet normal  0.000000e+00  1.000000e+00  0.000000e+00
   outer loop
     vertex  1.368783e+02  1.307000e+02  1.676122e+01
     vertex  1.371029e+02  1.307000e+02  1.719992e+01
     vertex  1.370027e+02  1.307000e+02  1.697440e+01
   endloop
 endfacet
 facet normal  0.000000e+00  1.000000e+00  0.000000e+00
   outer loop
     vertex  1.368783e+02  1.307000e+02  1.676122e+01
     vertex  1.370027e+02  1.307000e+02  1.697440e+01
     vertex  1.369434e+02  1.307000e+02  1.686610e+01
   endloop
 endfacet
 facet normal  0.000000e+00  1.000000e+00  0.000000e+00
   outer loop
     vertex  1.362772e+02  1.307000e+02  1.614761e+01
     vertex  1.362259e+02  1.307000e+02  1.611327e+01
     vertex  1.361736e+02  1.307000e+02  1.608035e+01
   endloop
 endfacet
 facet normal  0.000000e+00  1.000000e+00  0.000000e+00
   outer loop
     vertex  1.363275e+02  1.307000e+02  1.618335e+01
     vertex  1.361736e+02  1.307000e+02  1.608035e+01
     vertex  1.361205e+02  1.307000e+02  1.604888e+01
   endloop
 endfacet
 facet normal  0.000000e+00  1.000000e+00  0.000000e+00
   outer loop
     vertex  1.363275e+02  1.307000e+02  1.618335e+01
     vertex  1.362772e+02  1.307000e+02  1.614761e+01
     vertex  1.361736e+02  1.307000e+02  1.608035e+01
   endloop
 endfacet
 facet normal  0.000000e+00  1.000000e+00  0.000000e+00
   outer loop
     vertex  1.363275e+02  1.307000e+02  1.618335e+01
     vertex  1.361205e+02  1.307000e+02  1.604888e+01
     vertex  1.359563e+02  1.307000e+02  1.596335e+01
   endloop
 endfacet
 facet normal  0.000000e+00  1.000000e+00  0.000000e+00
   outer loop
     vertex  1.368075e+02  1.307000e+02  1.666006e+01
     vertex  1.368783e+02  1.307000e+02  1.676122e+01
     vertex  1.368436e+02  1.307000e+02  1.671016e+01
   endloop
 endfacet
 facet normal  0.000000e+00  1.000000e+00  0.000000e+00
   outer loop
     vertex  1.363768e+02  1.307000e+02  1.622045e+01
     vertex  1.356982e+02  1.307000e+02  2.013892e+01
     vertex  1.363025e+02  1.307000e+02  1.983469e+01
   endloop
 endfacet
 facet normal  0.000000e+00  1.000000e+00  0.000000e+00
   outer loop
     vertex  1.363768e+02  1.307000e+02  1.622045e+01
     vertex  1.359563e+02  1.307000e+02  1.596335e+01
     vertex  1.356982e+02  1.307000e+02  2.013892e+01
   endloop
 endfacet
 facet normal  0.000000e+00  1.000000e+00  0.000000e+00
   outer loop
     vertex  1.363768e+02  1.307000e+02  1.622045e+01
     vertex  1.363275e+02  1.307000e+02  1.618335e+01
     vertex  1.359563e+02  1.307000e+02  1.596335e+01
   endloop
 endfacet
 facet normal  0.000000e+00  1.000000e+00  0.000000e+00
   outer loop
     vertex  1.367701e+02  1.307000e+02  1.661098e+01
     vertex  1.368783e+02  1.307000e+02  1.676122e+01
     vertex  1.368075e+02  1.307000e+02  1.666006e+01
   endloop
 endfacet
 facet normal  0.000000e+00  1.000000e+00  0.000000e+00
   outer loop
     vertex  1.367313e+02  1.307000e+02  1.656294e+01
     vertex  1.368783e+02  1.307000e+02  1.676122e+01
     vertex  1.367701e+02  1.307000e+02  1.661098e+01
   endloop
 endfacet
 facet normal  0.000000e+00  1.000000e+00  0.000000e+00
   outer loop
     vertex  1.364724e+02  1.307000e+02  1.629864e+01
     vertex  1.364251e+02  1.307000e+02  1.625889e+01
     vertex  1.363768e+02  1.307000e+02  1.622045e+01
   endloop
 endfacet
 facet normal  0.000000e+00  1.000000e+00  0.000000e+00
   outer loop
     vertex  1.366912e+02  1.307000e+02  1.651599e+01
     vertex  1.368783e+02  1.307000e+02  1.676122e+01
     vertex  1.367313e+02  1.307000e+02  1.656294e+01
   endloop
 endfacet
 facet normal  0.000000e+00  1.000000e+00  0.000000e+00
   outer loop
     vertex  1.365185e+02  1.307000e+02  1.633968e+01
     vertex  1.364724e+02  1.307000e+02  1.629864e+01
     vertex  1.363768e+02  1.307000e+02  1.622045e+01
   endloop
 endfacet
 facet normal  0.000000e+00  1.000000e+00  0.000000e+00
   outer loop
     vertex  1.365635e+02  1.307000e+02  1.638196e+01
     vertex  1.365185e+02  1.307000e+02  1.633968e+01
     vertex  1.363768e+02  1.307000e+02  1.622045e+01
   endloop
 endfacet
 facet normal  0.000000e+00  1.000000e+00  0.000000e+00
   outer loop
     vertex  1.366073e+02  1.307000e+02  1.642546e+01
     vertex  1.370682e+02  1.307000e+02  1.888593e+01
     vertex  1.371029e+02  1.307000e+02  1.719992e+01
   endloop
 endfacet
 facet normal  0.000000e+00  1.000000e+00 -0.000000e+00
   outer loop
     vertex  1.366073e+02  1.307000e+02  1.642546e+01
     vertex  1.365855e+02  1.307000e+02  1.959644e+01
     vertex  1.370682e+02  1.307000e+02  1.888593e+01
   endloop
 endfacet
 facet normal  0.000000e+00  1.000000e+00  0.000000e+00
   outer loop
     vertex  1.366073e+02  1.307000e+02  1.642546e+01
     vertex  1.366912e+02  1.307000e+02  1.651599e+01
     vertex  1.366499e+02  1.307000e+02  1.647015e+01
   endloop
 endfacet
 facet normal  0.000000e+00  1.000000e+00  0.000000e+00
   outer loop
     vertex  1.366073e+02  1.307000e+02  1.642546e+01
     vertex  1.363768e+02  1.307000e+02  1.622045e+01
     vertex  1.363025e+02  1.307000e+02  1.983469e+01
   endloop
 endfacet
 facet normal  0.000000e+00  1.000000e+00  0.000000e+00
   outer loop
     vertex  1.366073e+02  1.307000e+02  1.642546e+01
     vertex  1.371029e+02  1.307000e+02  1.719992e+01
     vertex  1.368783e+02  1.307000e+02  1.676122e+01
   endloop
 endfacet
 facet normal  0.000000e+00  1.000000e+00  0.000000e+00
   outer loop
     vertex  1.366073e+02  1.307000e+02  1.642546e+01
     vertex  1.365635e+02  1.307000e+02  1.638196e+01
     vertex  1.363768e+02  1.307000e+02  1.622045e+01
   endloop
 endfacet
 facet normal  0.000000e+00  1.000000e+00  0.000000e+00
   outer loop
     vertex  1.366073e+02  1.307000e+02  1.642546e+01
     vertex  1.368783e+02  1.307000e+02  1.676122e+01
     vertex  1.366912e+02  1.307000e+02  1.651599e+01
   endloop
 endfacet
 facet normal  0.000000e+00  1.000000e+00  0.000000e+00
   outer loop
     vertex  1.366073e+02  1.307000e+02  1.642546e+01
     vertex  1.363025e+02  1.307000e+02  1.983469e+01
     vertex  1.365855e+02  1.307000e+02  1.959644e+01
   endloop
 endfacet
 facet normal  0.000000e+00 -1.000000e+00  0.000000e+00
   outer loop
     vertex  1.263293e+02  6.000000e+00  1.649293e+01
     vertex  1.263713e+02  6.000000e+00  1.644766e+01
     vertex  1.264145e+02  6.000000e+00  1.640356e+01
   endloop
 endfacet
 facet normal  0.000000e+00 -1.000000e+00  0.000000e+00
   outer loop
     vertex  1.262492e+02  6.000000e+00  1.658683e+01
     vertex  1.262886e+02  6.000000e+00  1.653933e+01
     vertex  1.263293e+02  6.000000e+00  1.649293e+01
   endloop
 endfacet
 facet normal  0.000000e+00 -1.000000e+00  0.000000e+00
   outer loop
     vertex  1.261049e+02  6.000000e+00  1.678710e+01
     vertex  1.261389e+02  6.000000e+00  1.673557e+01
     vertex  1.261743e+02  6.000000e+00  1.668499e+01
   endloop
 endfacet
 facet normal  0.000000e+00 -1.000000e+00  0.000000e+00
   outer loop
     vertex  1.260723e+02  6.000000e+00  1.683955e+01
     vertex  1.261049e+02  6.000000e+00  1.678710e+01
     vertex  1.261743e+02  6.000000e+00  1.668499e+01
   endloop
 endfacet
 facet normal  0.000000e+00 -1.000000e+00  0.000000e+00
   outer loop
     vertex  1.259835e+02  6.000000e+00  1.700197e+01
     vertex  1.260412e+02  6.000000e+00  1.689287e+01
     vertex  1.260723e+02  6.000000e+00  1.683955e+01
   endloop
 endfacet
 facet normal  0.000000e+00 -1.000000e+00  0.000000e+00
   outer loop
     vertex  1.259835e+02  6.000000e+00  1.700197e+01
     vertex  1.260116e+02  6.000000e+00  1.694702e+01
     vertex  1.260412e+02  6.000000e+00  1.689287e+01
   endloop
 endfacet
 facet normal  0.000000e+00 -1.000000e+00  0.000000e+00
   outer loop
     vertex  1.270158e+02  6.000000e+00  1.597666e+01
     vertex  1.269063e+02  6.000000e+00  1.603369e+01
     vertex  1.269607e+02  6.000000e+00  1.600442e+01
   endloop
 endfacet
 facet normal  0.000000e+00 -1.000000e+00  0.000000e+00
   outer loop
     vertex  1.270717e+02  6.000000e+00  1.595042e+01
     vertex  1.268528e+02  6.000000e+00  1.606443e+01
     vertex  1.269063e+02  6.000000e+00  1.603369e+01
   endloop
 endfacet
 facet normal  0.000000e+00 -1.000000e+00  0.000000e+00
   outer loop
     vertex  1.270717e+02  6.000000e+00  1.595042e+01
     vertex  1.268001e+02  6.000000e+00  1.609663e+01
     vertex  1.268528e+02  6.000000e+00  1.606443e+01
   endloop
 endfacet
 facet normal  0.000000e+00 -1.000000e+00  0.000000e+00
   outer loop
     vertex  1.270717e+02  6.000000e+00  1.595042e+01
     vertex  1.267484e+02  6.000000e+00  1.613027e+01
     vertex  1.268001e+02  6.000000e+00  1.609663e+01
   endloop
 endfacet
 facet normal  0.000000e+00 -1.000000e+00  0.000000e+00
   outer loop
     vertex  1.270717e+02  6.000000e+00  1.595042e+01
     vertex  1.266975e+02  6.000000e+00  1.616531e+01
     vertex  1.267484e+02  6.000000e+00  1.613027e+01
   endloop
 endfacet
 facet normal  0.000000e+00 -1.000000e+00  0.000000e+00
   outer loop
     vertex  1.270717e+02  6.000000e+00  1.595042e+01
     vertex  1.266477e+02  6.000000e+00  1.620173e+01
     vertex  1.266975e+02  6.000000e+00  1.616531e+01
   endloop
 endfacet
 facet normal  0.000000e+00 -1.000000e+00  0.000000e+00
   outer loop
     vertex  1.270717e+02  6.000000e+00  1.595042e+01
     vertex  1.269063e+02  6.000000e+00  1.603369e+01
     vertex  1.270158e+02  6.000000e+00  1.597666e+01
   endloop
 endfacet
 facet normal  0.000000e+00 -1.000000e+00  0.000000e+00
   outer loop
     vertex  1.259318e+02  6.000000e+00  1.711407e+01
     vertex  1.263293e+02  6.000000e+00  1.649293e+01
     vertex  1.264145e+02  6.000000e+00  1.640356e+01
   endloop
 endfacet
 facet normal  0.000000e+00 -1.000000e+00  0.000000e+00
   outer loop
     vertex  1.259318e+02  6.000000e+00  1.711407e+01
     vertex  1.264589e+02  6.000000e+00  1.636067e+01
     vertex  1.265044e+02  6.000000e+00  1.631900e+01
   endloop
 endfacet
 facet normal  0.000000e+00 -1.000000e+00  0.000000e+00
   outer loop
     vertex  1.259318e+02  6.000000e+00  1.711407e+01
     vertex  1.264145e+02  6.000000e+00  1.640356e+01
     vertex  1.264589e+02  6.000000e+00  1.636067e+01
   endloop
 endfacet
 facet normal  0.000000e+00 -1.000000e+00  0.000000e+00
   outer loop
     vertex  1.259318e+02  6.000000e+00  1.711407e+01
     vertex  1.262492e+02  6.000000e+00  1.658683e+01
     vertex  1.263293e+02  6.000000e+00  1.649293e+01
   endloop
 endfacet
 facet normal  0.000000e+00 -1.000000e+00  0.000000e+00
   outer loop
     vertex  1.259318e+02  6.000000e+00  1.711407e+01
     vertex  1.262110e+02  6.000000e+00  1.663539e+01
     vertex  1.262492e+02  6.000000e+00  1.658683e+01
   endloop
 endfacet
 facet normal  0.000000e+00 -1.000000e+00  0.000000e+00
   outer loop
     vertex  1.259318e+02  6.000000e+00  1.711407e+01
     vertex  1.261743e+02  6.000000e+00  1.668499e+01
     vertex  1.262110e+02  6.000000e+00  1.663539e+01
   endloop
 endfacet
 facet normal  0.000000e+00 -1.000000e+00  0.000000e+00
   outer loop
     vertex  1.259318e+02  6.000000e+00  1.711407e+01
     vertex  1.259568e+02  6.000000e+00  1.705767e+01
     vertex  1.259835e+02  6.000000e+00  1.700197e+01
   endloop
 endfacet
 facet normal  0.000000e+00 -1.000000e+00  0.000000e+00
   outer loop
     vertex  1.259318e+02  6.000000e+00  1.711407e+01
     vertex  1.260723e+02  6.000000e+00  1.683955e+01
     vertex  1.261743e+02  6.000000e+00  1.668499e+01
   endloop
 endfacet
 facet normal  0.000000e+00 -1.000000e+00  0.000000e+00
   outer loop
     vertex  1.259318e+02  6.000000e+00  1.711407e+01
     vertex  1.259835e+02  6.000000e+00  1.700197e+01
     vertex  1.260723e+02  6.000000e+00  1.683955e+01
   endloop
 endfacet
 facet normal  0.000000e+00 -1.000000e+00  0.000000e+00
   outer loop
     vertex  1.271855e+02  6.000000e+00  1.590259e+01
     vertex  1.270717e+02  6.000000e+00  1.595042e+01
     vertex  1.271283e+02  6.000000e+00  1.592573e+01
   endloop
 endfacet
 facet normal  0.000000e+00 -1.000000e+00  0.000000e+00
   outer loop
     vertex  1.273018e+02  6.000000e+00  1.586108e+01
     vertex  1.271855e+02  6.000000e+00  1.590259e+01
     vertex  1.272434e+02  6.000000e+00  1.588104e+01
   endloop
 endfacet
 facet normal  0.000000e+00 -1.000000e+00  0.000000e+00
   outer loop
     vertex  1.273607e+02  6.000000e+00  1.584273e+01
     vertex  1.271855e+02  6.000000e+00  1.590259e+01
     vertex  1.273018e+02  6.000000e+00  1.586108e+01
   endloop
 endfacet
 facet normal  0.000000e+00 -1.000000e+00  0.000000e+00
   outer loop
     vertex  1.258145e+02  6.000000e+00  1.746500e+01
     vertex  1.258863e+02  6.000000e+00  1.722884e+01
     vertex  1.259082e+02  6.000000e+00  1.717115e+01
   endloop
 endfacet
 facet normal  0.000000e+00 -1.000000e+00  0.000000e+00
   outer loop
     vertex  1.258145e+02  6.000000e+00  1.746500e+01
     vertex  1.258659e+02  6.000000e+00  1.728712e+01
     vertex  1.258863e+02  6.000000e+00  1.722884e+01
   endloop
 endfacet
 facet normal  0.000000e+00 -1.000000e+00  0.000000e+00
   outer loop
     vertex  1.258145e+02  6.000000e+00  1.746500e+01
     vertex  1.258472e+02  6.000000e+00  1.734594e+01
     vertex  1.258659e+02  6.000000e+00  1.728712e+01
   endloop
 endfacet
 facet normal  0.000000e+00 -1.000000e+00  0.000000e+00
   outer loop
     vertex  1.258145e+02  6.000000e+00  1.746500e+01
     vertex  1.258300e+02  6.000000e+00  1.740524e+01
     vertex  1.258472e+02  6.000000e+00  1.734594e+01
   endloop
 endfacet
 facet normal  0.000000e+00 -1.000000e+00  0.000000e+00
   outer loop
     vertex  1.274800e+02  6.000000e+00  1.581091e+01
     vertex  1.273607e+02  6.000000e+00  1.584273e+01
     vertex  1.274201e+02  6.000000e+00  1.582600e+01
   endloop
 endfacet
 facet normal  0.000000e+00 -1.000000e+00  0.000000e+00
   outer loop
     vertex  1.257779e+02  6.000000e+00  1.764650e+01
     vertex  1.258007e+02  6.000000e+00  1.752516e+01
     vertex  1.258145e+02  6.000000e+00  1.746500e+01
   endloop
 endfacet
 facet normal  0.000000e+00 -1.000000e+00  0.000000e+00
   outer loop
     vertex  1.257779e+02  6.000000e+00  1.764650e+01
     vertex  1.257885e+02  6.000000e+00  1.758567e+01
     vertex  1.258007e+02  6.000000e+00  1.752516e+01
   endloop
 endfacet
 facet normal  0.000000e+00 -1.000000e+00  0.000000e+00
   outer loop
     vertex  1.257691e+02  6.000000e+00  1.770759e+01
     vertex  1.257779e+02  6.000000e+00  1.764650e+01
     vertex  1.258145e+02  6.000000e+00  1.746500e+01
   endloop
 endfacet
 facet normal  0.000000e+00 -1.000000e+00  0.000000e+00
   outer loop
     vertex  1.257564e+02  6.000000e+00  1.783039e+01
     vertex  1.257619e+02  6.000000e+00  1.776890e+01
     vertex  1.257691e+02  6.000000e+00  1.770759e+01
   endloop
 endfacet
 facet normal  0.000000e+00 -1.000000e+00  0.000000e+00
   outer loop
     vertex  1.278458e+02  6.000000e+00  1.575529e+01
     vertex  1.277229e+02  6.000000e+00  1.576713e+01
     vertex  1.277843e+02  6.000000e+00  1.576037e+01
   endloop
 endfacet
 facet normal  0.000000e+00 -1.000000e+00  0.000000e+00
   outer loop
     vertex  1.279074e+02  6.000000e+00  1.575191e+01
     vertex  1.276617e+02  6.000000e+00  1.577557e+01
     vertex  1.277229e+02  6.000000e+00  1.576713e+01
   endloop
 endfacet
 facet normal  0.000000e+00 -1.000000e+00  0.000000e+00
   outer loop
     vertex  1.279074e+02  6.000000e+00  1.575191e+01
     vertex  1.277229e+02  6.000000e+00  1.576713e+01
     vertex  1.278458e+02  6.000000e+00  1.575529e+01
   endloop
 endfacet
 facet normal  0.000000e+00 -1.000000e+00  0.000000e+00
   outer loop
     vertex  1.280309e+02  6.000000e+00  1.575021e+01
     vertex  1.279074e+02  6.000000e+00  1.575191e+01
     vertex  1.279691e+02  6.000000e+00  1.575021e+01
   endloop
 endfacet
 facet normal  0.000000e+00 -1.000000e+00  0.000000e+00
   outer loop
     vertex  1.257543e+02  6.000000e+00  1.813881e+01
     vertex  1.257505e+02  6.000000e+00  1.795370e+01
     vertex  1.257526e+02  6.000000e+00  1.789201e+01
   endloop
 endfacet
 facet normal  0.000000e+00 -1.000000e+00  0.000000e+00
   outer loop
     vertex  1.257543e+02  6.000000e+00  1.813881e+01
     vertex  1.257501e+02  6.000000e+00  1.801543e+01
     vertex  1.257505e+02  6.000000e+00  1.795370e+01
   endloop
 endfacet
 facet normal  0.000000e+00 -1.000000e+00  0.000000e+00
   outer loop
     vertex  1.257543e+02  6.000000e+00  1.813881e+01
     vertex  1.257513e+02  6.000000e+00  1.807715e+01
     vertex  1.257501e+02  6.000000e+00  1.801543e+01
   endloop
 endfacet
 facet normal  0.000000e+00 -1.000000e+00  0.000000e+00
   outer loop
     vertex  1.257733e+02  6.000000e+00  1.832299e+01
     vertex  1.257589e+02  6.000000e+00  1.820037e+01
     vertex  1.257543e+02  6.000000e+00  1.813881e+01
   endloop
 endfacet
 facet normal  0.000000e+00 -1.000000e+00  0.000000e+00
   outer loop
     vertex  1.257733e+02  6.000000e+00  1.832299e+01
     vertex  1.257653e+02  6.000000e+00  1.826178e+01
     vertex  1.257589e+02  6.000000e+00  1.820037e+01
   endloop
 endfacet
 facet normal  0.000000e+00 -1.000000e+00  0.000000e+00
   outer loop
     vertex  1.283383e+02  6.000000e+00  1.577557e+01
     vertex  1.282157e+02  6.000000e+00  1.576037e+01
     vertex  1.282771e+02  6.000000e+00  1.576713e+01
   endloop
 endfacet
 facet normal  0.000000e+00 -1.000000e+00  0.000000e+00
   outer loop
     vertex  1.283383e+02  6.000000e+00  1.577557e+01
     vertex  1.281542e+02  6.000000e+00  1.575529e+01
     vertex  1.282157e+02  6.000000e+00  1.576037e+01
   endloop
 endfacet
 facet normal  0.000000e+00 -1.000000e+00  0.000000e+00
   outer loop
     vertex  1.283383e+02  6.000000e+00  1.577557e+01
     vertex  1.280926e+02  6.000000e+00  1.575191e+01
     vertex  1.281542e+02  6.000000e+00  1.575529e+01
   endloop
 endfacet
 facet normal  0.000000e+00 -1.000000e+00  0.000000e+00
   outer loop
     vertex  1.257944e+02  6.000000e+00  1.844463e+01
     vertex  1.257543e+02  6.000000e+00  1.813881e+01
     vertex  1.257526e+02  6.000000e+00  1.789201e+01
   endloop
 endfacet
 facet normal  0.000000e+00 -1.000000e+00  0.000000e+00
   outer loop
     vertex  1.257944e+02  6.000000e+00  1.844463e+01
     vertex  1.257733e+02  6.000000e+00  1.832299e+01
     vertex  1.257543e+02  6.000000e+00  1.813881e+01
   endloop
 endfacet
 facet normal  0.000000e+00 -1.000000e+00  0.000000e+00
   outer loop
     vertex  1.257944e+02  6.000000e+00  1.844463e+01
     vertex  1.257526e+02  6.000000e+00  1.789201e+01
     vertex  1.257564e+02  6.000000e+00  1.783039e+01
   endloop
 endfacet
 facet normal  0.000000e+00 -1.000000e+00  0.000000e+00
   outer loop
     vertex  1.257944e+02  6.000000e+00  1.844463e+01
     vertex  1.257830e+02  6.000000e+00  1.838395e+01
     vertex  1.257733e+02  6.000000e+00  1.832299e+01
   endloop
 endfacet
 facet normal  0.000000e+00 -1.000000e+00  0.000000e+00
   outer loop
     vertex  1.284597e+02  6.000000e+00  1.579747e+01
     vertex  1.283383e+02  6.000000e+00  1.577557e+01
     vertex  1.283991e+02  6.000000e+00  1.578569e+01
   endloop
 endfacet
 facet normal  0.000000e+00 -1.000000e+00  0.000000e+00
   outer loop
     vertex  1.258221e+02  6.000000e+00  1.856493e+01
     vertex  1.258074e+02  6.000000e+00  1.850497e+01
     vertex  1.257944e+02  6.000000e+00  1.844463e+01
   endloop
 endfacet
 facet normal  0.000000e+00 -1.000000e+00  0.000000e+00
   outer loop
     vertex  1.285799e+02  6.000000e+00  1.582600e+01
     vertex  1.284597e+02  6.000000e+00  1.579747e+01
     vertex  1.285200e+02  6.000000e+00  1.581091e+01
   endloop
 endfacet
 facet normal  0.000000e+00 -1.000000e+00  0.000000e+00
   outer loop
     vertex  1.286393e+02  6.000000e+00  1.584273e+01
     vertex  1.284597e+02  6.000000e+00  1.579747e+01
     vertex  1.285799e+02  6.000000e+00  1.582600e+01
   endloop
 endfacet
 facet normal  0.000000e+00 -1.000000e+00  0.000000e+00
   outer loop
     vertex  1.286982e+02  6.000000e+00  1.586108e+01
     vertex  1.284597e+02  6.000000e+00  1.579747e+01
     vertex  1.286393e+02  6.000000e+00  1.584273e+01
   endloop
 endfacet
 facet normal  0.000000e+00 -1.000000e+00  0.000000e+00
   outer loop
     vertex  1.258759e+02  6.000000e+00  1.874209e+01
     vertex  1.258221e+02  6.000000e+00  1.856493e+01
     vertex  1.257944e+02  6.000000e+00  1.844463e+01
   endloop
 endfacet
 facet normal  0.000000e+00 -1.000000e+00  0.000000e+00
   outer loop
     vertex  1.258759e+02  6.000000e+00  1.874209e+01
     vertex  1.258384e+02  6.000000e+00  1.862447e+01
     vertex  1.258221e+02  6.000000e+00  1.856493e+01
   endloop
 endfacet
 facet normal  0.000000e+00 -1.000000e+00  0.000000e+00
   outer loop
     vertex  1.258759e+02  6.000000e+00  1.874209e+01
     vertex  1.258563e+02  6.000000e+00  1.868354e+01
     vertex  1.258384e+02  6.000000e+00  1.862447e+01
   endloop
 endfacet
 facet normal  0.000000e+00 -1.000000e+00  0.000000e+00
   outer loop
     vertex  1.287566e+02  6.000000e+00  1.588104e+01
     vertex  1.284597e+02  6.000000e+00  1.579747e+01
     vertex  1.286982e+02  6.000000e+00  1.586108e+01
   endloop
 endfacet
 facet normal  0.000000e+00 -1.000000e+00  0.000000e+00
   outer loop
     vertex  1.258971e+02  6.000000e+00  1.880008e+01
     vertex  1.258759e+02  6.000000e+00  1.874209e+01
     vertex  1.257944e+02  6.000000e+00  1.844463e+01
   endloop
 endfacet
 facet normal  0.000000e+00 -1.000000e+00  0.000000e+00
   outer loop
     vertex  1.288145e+02  6.000000e+00  1.590259e+01
     vertex  1.283383e+02  6.000000e+00  1.577557e+01
     vertex  1.284597e+02  6.000000e+00  1.579747e+01
   endloop
 endfacet
 facet normal  0.000000e+00 -1.000000e+00  0.000000e+00
   outer loop
     vertex  1.288145e+02  6.000000e+00  1.590259e+01
     vertex  1.284597e+02  6.000000e+00  1.579747e+01
     vertex  1.287566e+02  6.000000e+00  1.588104e+01
   endloop
 endfacet
 facet normal  0.000000e+00 -1.000000e+00  0.000000e+00
   outer loop
     vertex  1.259198e+02  6.000000e+00  1.885747e+01
     vertex  1.258971e+02  6.000000e+00  1.880008e+01
     vertex  1.257944e+02  6.000000e+00  1.844463e+01
   endloop
 endfacet
 facet normal  0.000000e+00 -1.000000e+00  0.000000e+00
   outer loop
     vertex  1.289283e+02  6.000000e+00  1.595042e+01
     vertex  1.288145e+02  6.000000e+00  1.590259e+01
     vertex  1.288717e+02  6.000000e+00  1.592573e+01
   endloop
 endfacet
 facet normal  0.000000e+00 -1.000000e+00  0.000000e+00
   outer loop
     vertex  1.289842e+02  6.000000e+00  1.597666e+01
     vertex  1.288145e+02  6.000000e+00  1.590259e+01
     vertex  1.289283e+02  6.000000e+00  1.595042e+01
   endloop
 endfacet
 facet normal  0.000000e+00 -1.000000e+00  0.000000e+00
   outer loop
     vertex  1.259973e+02  6.000000e+00  1.902560e+01
     vertex  1.259700e+02  6.000000e+00  1.897027e+01
     vertex  1.259441e+02  6.000000e+00  1.891422e+01
   endloop
 endfacet
 facet normal  0.000000e+00 -1.000000e+00  0.000000e+00
   outer loop
     vertex  1.290393e+02  6.000000e+00  1.600442e+01
     vertex  1.288145e+02  6.000000e+00  1.590259e+01
     vertex  1.289842e+02  6.000000e+00  1.597666e+01
   endloop
 endfacet
 facet normal  0.000000e+00 -1.000000e+00  0.000000e+00
   outer loop
     vertex  1.290393e+02  6.000000e+00  1.600442e+01
     vertex  1.280309e+02  6.000000e+00  1.575021e+01
     vertex  1.280926e+02  6.000000e+00  1.575191e+01
   endloop
 endfacet
 facet normal  0.000000e+00 -1.000000e+00  0.000000e+00
   outer loop
     vertex  1.290393e+02  6.000000e+00  1.600442e+01
     vertex  1.280926e+02  6.000000e+00  1.575191e+01
     vertex  1.283383e+02  6.000000e+00  1.577557e+01
   endloop
 endfacet
 facet normal  0.000000e+00 -1.000000e+00  0.000000e+00
   outer loop
     vertex  1.290393e+02  6.000000e+00  1.600442e+01
     vertex  1.283383e+02  6.000000e+00  1.577557e+01
     vertex  1.288145e+02  6.000000e+00  1.590259e+01
   endloop
 endfacet
 facet normal  0.000000e+00 -1.000000e+00  0.000000e+00
   outer loop
     vertex  1.260262e+02  6.000000e+00  1.908016e+01
     vertex  1.259973e+02  6.000000e+00  1.902560e+01
     vertex  1.259441e+02  6.000000e+00  1.891422e+01
   endloop
 endfacet
 facet normal  0.000000e+00 -1.000000e+00  0.000000e+00
   outer loop
     vertex  1.260262e+02  6.000000e+00  1.908016e+01
     vertex  1.259441e+02  6.000000e+00  1.891422e+01
     vertex  1.259198e+02  6.000000e+00  1.885747e+01
   endloop
 endfacet
 facet normal  0.000000e+00 -1.000000e+00  0.000000e+00
   outer loop
     vertex  1.291472e+02  6.000000e+00  1.606443e+01
     vertex  1.280309e+02  6.000000e+00  1.575021e+01
     vertex  1.290393e+02  6.000000e+00  1.600442e+01
   endloop
 endfacet
 facet normal  0.000000e+00 -1.000000e+00  0.000000e+00
   outer loop
     vertex  1.291472e+02  6.000000e+00  1.606443e+01
     vertex  1.290393e+02  6.000000e+00  1.600442e+01
     vertex  1.290937e+02  6.000000e+00  1.603369e+01
   endloop
 endfacet
 facet normal  0.000000e+00 -1.000000e+00  0.000000e+00
   outer loop
     vertex  1.260884e+02  6.000000e+00  1.918679e+01
     vertex  1.260262e+02  6.000000e+00  1.908016e+01
     vertex  1.259198e+02  6.000000e+00  1.885747e+01
   endloop
 endfacet
 facet normal  0.000000e+00 -1.000000e+00  0.000000e+00
   outer loop
     vertex  1.260884e+02  6.000000e+00  1.918679e+01
     vertex  1.260566e+02  6.000000e+00  1.913390e+01
     vertex  1.260262e+02  6.000000e+00  1.908016e+01
   endloop
 endfacet
 facet normal  0.000000e+00 -1.000000e+00  0.000000e+00
   outer loop
     vertex  1.261217e+02  6.000000e+00  1.923878e+01
     vertex  1.260884e+02  6.000000e+00  1.918679e+01
     vertex  1.259198e+02  6.000000e+00  1.885747e+01
   endloop
 endfacet
 facet normal  0.000000e+00 -1.000000e+00  0.000000e+00
   outer loop
     vertex  1.261925e+02  6.000000e+00  1.933994e+01
     vertex  1.261217e+02  6.000000e+00  1.923878e+01
     vertex  1.259198e+02  6.000000e+00  1.885747e+01
   endloop
 endfacet
 facet normal  0.000000e+00 -1.000000e+00  0.000000e+00
   outer loop
     vertex  1.261925e+02  6.000000e+00  1.933994e+01
     vertex  1.261564e+02  6.000000e+00  1.928984e+01
     vertex  1.261217e+02  6.000000e+00  1.923878e+01
   endloop
 endfacet
 facet normal  0.000000e+00 -1.000000e+00  0.000000e+00
   outer loop
     vertex  1.293523e+02  6.000000e+00  1.620173e+01
     vertex  1.292516e+02  6.000000e+00  1.613027e+01
     vertex  1.293025e+02  6.000000e+00  1.616531e+01
   endloop
 endfacet
 facet normal  0.000000e+00 -1.000000e+00  0.000000e+00
   outer loop
     vertex  1.293523e+02  6.000000e+00  1.620173e+01
     vertex  1.291999e+02  6.000000e+00  1.609663e+01
     vertex  1.292516e+02  6.000000e+00  1.613027e+01
   endloop
 endfacet
 facet normal  0.000000e+00 -1.000000e+00  0.000000e+00
   outer loop
     vertex  1.293523e+02  6.000000e+00  1.620173e+01
     vertex  1.291472e+02  6.000000e+00  1.606443e+01
     vertex  1.291999e+02  6.000000e+00  1.609663e+01
   endloop
 endfacet
 facet normal  0.000000e+00 -1.000000e+00  0.000000e+00
   outer loop
     vertex  1.294011e+02  6.000000e+00  1.623951e+01
     vertex  1.291472e+02  6.000000e+00  1.606443e+01
     vertex  1.293523e+02  6.000000e+00  1.620173e+01
   endloop
 endfacet
 facet normal  0.000000e+00 -1.000000e+00  0.000000e+00
   outer loop
     vertex  1.294489e+02  6.000000e+00  1.627861e+01
     vertex  1.291472e+02  6.000000e+00  1.606443e+01
     vertex  1.294011e+02  6.000000e+00  1.623951e+01
   endloop
 endfacet
 facet normal  0.000000e+00 -1.000000e+00  0.000000e+00
   outer loop
     vertex  1.263088e+02  6.000000e+00  1.948401e+01
     vertex  1.262687e+02  6.000000e+00  1.943706e+01
     vertex  1.262299e+02  6.000000e+00  1.938902e+01
   endloop
 endfacet
 facet normal  0.000000e+00 -1.000000e+00  0.000000e+00
   outer loop
     vertex  1.294956e+02  6.000000e+00  1.631900e+01
     vertex  1.291472e+02  6.000000e+00  1.606443e+01
     vertex  1.294489e+02  6.000000e+00  1.627861e+01
   endloop
 endfacet
 facet normal  0.000000e+00 -1.000000e+00  0.000000e+00
   outer loop
     vertex  1.263927e+02  6.000000e+00  1.957454e+01
     vertex  1.263501e+02  6.000000e+00  1.952985e+01
     vertex  1.263088e+02  6.000000e+00  1.948401e+01
   endloop
 endfacet
 facet normal  0.000000e+00 -1.000000e+00  0.000000e+00
   outer loop
     vertex  1.296287e+02  6.000000e+00  1.644766e+01
     vertex  1.295411e+02  6.000000e+00  1.636067e+01
     vertex  1.295855e+02  6.000000e+00  1.640356e+01
   endloop
 endfacet
 facet normal  0.000000e+00 -1.000000e+00  0.000000e+00
   outer loop
     vertex  1.296707e+02  6.000000e+00  1.649293e+01
     vertex  1.295411e+02  6.000000e+00  1.636067e+01
     vertex  1.296287e+02  6.000000e+00  1.644766e+01
   endloop
 endfacet
 facet normal  0.000000e+00 -1.000000e+00  0.000000e+00
   outer loop
     vertex  1.265276e+02  6.000000e+00  1.970136e+01
     vertex  1.264815e+02  6.000000e+00  1.966032e+01
     vertex  1.264365e+02  6.000000e+00  1.961804e+01
   endloop
 endfacet
 facet normal  0.000000e+00 -1.000000e+00  0.000000e+00
   outer loop
     vertex  1.265276e+02  6.000000e+00  1.970136e+01
     vertex  1.264365e+02  6.000000e+00  1.961804e+01
     vertex  1.263927e+02  6.000000e+00  1.957454e+01
   endloop
 endfacet
 facet normal  0.000000e+00 -1.000000e+00  0.000000e+00
   outer loop
     vertex  1.297114e+02  6.000000e+00  1.653933e+01
     vertex  1.291472e+02  6.000000e+00  1.606443e+01
     vertex  1.294956e+02  6.000000e+00  1.631900e+01
   endloop
 endfacet
 facet normal  0.000000e+00 -1.000000e+00  0.000000e+00
   outer loop
     vertex  1.297114e+02  6.000000e+00  1.653933e+01
     vertex  1.295411e+02  6.000000e+00  1.636067e+01
     vertex  1.296707e+02  6.000000e+00  1.649293e+01
   endloop
 endfacet
 facet normal  0.000000e+00 -1.000000e+00  0.000000e+00
   outer loop
     vertex  1.297114e+02  6.000000e+00  1.653933e+01
     vertex  1.294956e+02  6.000000e+00  1.631900e+01
     vertex  1.295411e+02  6.000000e+00  1.636067e+01
   endloop
 endfacet
 facet normal  0.000000e+00 -1.000000e+00  0.000000e+00
   outer loop
     vertex  1.265749e+02  6.000000e+00  1.974111e+01
     vertex  1.265276e+02  6.000000e+00  1.970136e+01
     vertex  1.263927e+02  6.000000e+00  1.957454e+01
   endloop
 endfacet
 facet normal  0.000000e+00 -1.000000e+00  0.000000e+00
   outer loop
     vertex  1.265749e+02  6.000000e+00  1.974111e+01
     vertex  1.263088e+02  6.000000e+00  1.948401e+01
     vertex  1.262299e+02  6.000000e+00  1.938902e+01
   endloop
 endfacet
 facet normal  0.000000e+00 -1.000000e+00  0.000000e+00
   outer loop
     vertex  1.265749e+02  6.000000e+00  1.974111e+01
     vertex  1.262299e+02  6.000000e+00  1.938902e+01
     vertex  1.261925e+02  6.000000e+00  1.933994e+01
   endloop
 endfacet
 facet normal  0.000000e+00 -1.000000e+00  0.000000e+00
   outer loop
     vertex  1.265749e+02  6.000000e+00  1.974111e+01
     vertex  1.263927e+02  6.000000e+00  1.957454e+01
     vertex  1.263088e+02  6.000000e+00  1.948401e+01
   endloop
 endfacet
 facet normal  0.000000e+00 -1.000000e+00  0.000000e+00
   outer loop
     vertex  1.297508e+02  6.000000e+00  1.658683e+01
     vertex  1.291472e+02  6.000000e+00  1.606443e+01
     vertex  1.297114e+02  6.000000e+00  1.653933e+01
   endloop
 endfacet
 facet normal  0.000000e+00 -1.000000e+00  0.000000e+00
   outer loop
     vertex  1.267228e+02  6.000000e+00  1.985239e+01
     vertex  1.266232e+02  6.000000e+00  1.977955e+01
     vertex  1.265749e+02  6.000000e+00  1.974111e+01
   endloop
 endfacet
 facet normal  0.000000e+00 -1.000000e+00  0.000000e+00
   outer loop
     vertex  1.267228e+02  6.000000e+00  1.985239e+01
     vertex  1.266725e+02  6.000000e+00  1.981665e+01
     vertex  1.266232e+02  6.000000e+00  1.977955e+01
   endloop
 endfacet
 facet normal  0.000000e+00 -1.000000e+00  0.000000e+00
   outer loop
     vertex  1.267228e+02  6.000000e+00  1.985239e+01
     vertex  1.261925e+02  6.000000e+00  1.933994e+01
     vertex  1.259198e+02  6.000000e+00  1.885747e+01
   endloop
 endfacet
 facet normal  0.000000e+00 -1.000000e+00  0.000000e+00
   outer loop
     vertex  1.267228e+02  6.000000e+00  1.985239e+01
     vertex  1.265749e+02  6.000000e+00  1.974111e+01
     vertex  1.261925e+02  6.000000e+00  1.933994e+01
   endloop
 endfacet
 facet normal  0.000000e+00 -1.000000e+00  0.000000e+00
   outer loop
     vertex  1.267228e+02  6.000000e+00  1.985239e+01
     vertex  1.257944e+02  6.000000e+00  1.844463e+01
     vertex  1.257564e+02  6.000000e+00  1.783039e+01
   endloop
 endfacet
 facet normal  0.000000e+00 -1.000000e+00  0.000000e+00
   outer loop
     vertex  1.267228e+02  6.000000e+00  1.985239e+01
     vertex  1.259198e+02  6.000000e+00  1.885747e+01
     vertex  1.257944e+02  6.000000e+00  1.844463e+01
   endloop
 endfacet
 facet normal  0.000000e+00 -1.000000e+00  0.000000e+00
   outer loop
     vertex  1.298611e+02  6.000000e+00  1.673557e+01
     vertex  1.297890e+02  6.000000e+00  1.663539e+01
     vertex  1.298257e+02  6.000000e+00  1.668499e+01
   endloop
 endfacet
 facet normal  0.000000e+00 -1.000000e+00  0.000000e+00
   outer loop
     vertex  1.298611e+02  6.000000e+00  1.673557e+01
     vertex  1.297508e+02  6.000000e+00  1.658683e+01
     vertex  1.297890e+02  6.000000e+00  1.663539e+01
   endloop
 endfacet
 facet normal  0.000000e+00 -1.000000e+00  0.000000e+00
   outer loop
     vertex  1.267741e+02  6.000000e+00  1.988673e+01
     vertex  1.267228e+02  6.000000e+00  1.985239e+01
     vertex  1.257564e+02  6.000000e+00  1.783039e+01
   endloop
 endfacet
 facet normal  0.000000e+00 -1.000000e+00  0.000000e+00
   outer loop
     vertex  1.298951e+02  6.000000e+00  1.678710e+01
     vertex  1.297508e+02  6.000000e+00  1.658683e+01
     vertex  1.298611e+02  6.000000e+00  1.673557e+01
   endloop
 endfacet
 facet normal  0.000000e+00 -1.000000e+00  0.000000e+00
   outer loop
     vertex  1.268795e+02  6.000000e+00  1.995112e+01
     vertex  1.268264e+02  6.000000e+00  1.991965e+01
     vertex  1.267741e+02  6.000000e+00  1.988673e+01
   endloop
 endfacet
 facet normal  0.000000e+00 -1.000000e+00  0.000000e+00
   outer loop
     vertex  1.268795e+02  6.000000e+00  1.995112e+01
     vertex  1.257564e+02  6.000000e+00  1.783039e+01
     vertex  1.257691e+02  6.000000e+00  1.770759e+01
   endloop
 endfacet
 facet normal  0.000000e+00 -1.000000e+00  0.000000e+00
   outer loop
     vertex  1.268795e+02  6.000000e+00  1.995112e+01
     vertex  1.267741e+02  6.000000e+00  1.988673e+01
     vertex  1.257564e+02  6.000000e+00  1.783039e+01
   endloop
 endfacet
 facet normal  0.000000e+00 -1.000000e+00  0.000000e+00
   outer loop
     vertex  1.268795e+02  6.000000e+00  1.995112e+01
     vertex  1.257691e+02  6.000000e+00  1.770759e+01
     vertex  1.258145e+02  6.000000e+00  1.746500e+01
   endloop
 endfacet
 facet normal  0.000000e+00 -1.000000e+00  0.000000e+00
   outer loop
     vertex  1.299588e+02  6.000000e+00  1.689287e+01
     vertex  1.298951e+02  6.000000e+00  1.678710e+01
     vertex  1.299277e+02  6.000000e+00  1.683955e+01
   endloop
 endfacet
 facet normal  0.000000e+00 -1.000000e+00  0.000000e+00
   outer loop
     vertex  1.299884e+02  6.000000e+00  1.694702e+01
     vertex  1.297508e+02  6.000000e+00  1.658683e+01
     vertex  1.298951e+02  6.000000e+00  1.678710e+01
   endloop
 endfacet
 facet normal  0.000000e+00 -1.000000e+00  0.000000e+00
   outer loop
     vertex  1.299884e+02  6.000000e+00  1.694702e+01
     vertex  1.298951e+02  6.000000e+00  1.678710e+01
     vertex  1.299588e+02  6.000000e+00  1.689287e+01
   endloop
 endfacet
 facet normal  0.000000e+00 -1.000000e+00  0.000000e+00
   outer loop
     vertex  1.270999e+02  6.000000e+00  2.006212e+01
     vertex  1.258145e+02  6.000000e+00  1.746500e+01
     vertex  1.259082e+02  6.000000e+00  1.717115e+01
   endloop
 endfacet
 facet normal  0.000000e+00 -1.000000e+00  0.000000e+00
   outer loop
     vertex  1.270999e+02  6.000000e+00  2.006212e+01
     vertex  1.269334e+02  6.000000e+00  1.998113e+01
     vertex  1.268795e+02  6.000000e+00  1.995112e+01
   endloop
 endfacet
 facet normal  0.000000e+00 -1.000000e+00  0.000000e+00
   outer loop
     vertex  1.270999e+02  6.000000e+00  2.006212e+01
     vertex  1.269882e+02  6.000000e+00  2.000965e+01
     vertex  1.269334e+02  6.000000e+00  1.998113e+01
   endloop
 endfacet
 facet normal  0.000000e+00 -1.000000e+00  0.000000e+00
   outer loop
     vertex  1.270999e+02  6.000000e+00  2.006212e+01
     vertex  1.270437e+02  6.000000e+00  2.003665e+01
     vertex  1.269882e+02  6.000000e+00  2.000965e+01
   endloop
 endfacet
 facet normal  0.000000e+00 -1.000000e+00  0.000000e+00
   outer loop
     vertex  1.270999e+02  6.000000e+00  2.006212e+01
     vertex  1.265989e+02  6.000000e+00  1.623951e+01
     vertex  1.266477e+02  6.000000e+00  1.620173e+01
   endloop
 endfacet
 facet normal  0.000000e+00 -1.000000e+00  0.000000e+00
   outer loop
     vertex  1.270999e+02  6.000000e+00  2.006212e+01
     vertex  1.265511e+02  6.000000e+00  1.627861e+01
     vertex  1.265989e+02  6.000000e+00  1.623951e+01
   endloop
 endfacet
 facet normal  0.000000e+00 -1.000000e+00  0.000000e+00
   outer loop
     vertex  1.270999e+02  6.000000e+00  2.006212e+01
     vertex  1.265044e+02  6.000000e+00  1.631900e+01
     vertex  1.265511e+02  6.000000e+00  1.627861e+01
   endloop
 endfacet
 facet normal  0.000000e+00 -1.000000e+00  0.000000e+00
   outer loop
     vertex  1.270999e+02  6.000000e+00  2.006212e+01
     vertex  1.259082e+02  6.000000e+00  1.717115e+01
     vertex  1.259318e+02  6.000000e+00  1.711407e+01
   endloop
 endfacet
 facet normal  0.000000e+00 -1.000000e+00  0.000000e+00
   outer loop
     vertex  1.270999e+02  6.000000e+00  2.006212e+01
     vertex  1.259318e+02  6.000000e+00  1.711407e+01
     vertex  1.265044e+02  6.000000e+00  1.631900e+01
   endloop
 endfacet
 facet normal  0.000000e+00 -1.000000e+00  0.000000e+00
   outer loop
     vertex  1.270999e+02  6.000000e+00  2.006212e+01
     vertex  1.266477e+02  6.000000e+00  1.620173e+01
     vertex  1.270717e+02  6.000000e+00  1.595042e+01
   endloop
 endfacet
 facet normal  0.000000e+00 -1.000000e+00 -0.000000e+00
   outer loop
     vertex  1.270999e+02  6.000000e+00  2.006212e+01
     vertex  1.270717e+02  6.000000e+00  1.595042e+01
     vertex  1.271855e+02  6.000000e+00  1.590259e+01
   endloop
 endfacet
 facet normal  0.000000e+00 -1.000000e+00  0.000000e+00
   outer loop
     vertex  1.270999e+02  6.000000e+00  2.006212e+01
     vertex  1.268795e+02  6.000000e+00  1.995112e+01
     vertex  1.258145e+02  6.000000e+00  1.746500e+01
   endloop
 endfacet
 facet normal  0.000000e+00 -1.000000e+00  0.000000e+00
   outer loop
     vertex  1.300682e+02  6.000000e+00  1.711407e+01
     vertex  1.276009e+02  6.000000e+00  1.578569e+01
     vertex  1.276617e+02  6.000000e+00  1.577557e+01
   endloop
 endfacet
 facet normal  0.000000e+00 -1.000000e+00  0.000000e+00
   outer loop
     vertex  1.300682e+02  6.000000e+00  1.711407e+01
     vertex  1.275403e+02  6.000000e+00  1.579747e+01
     vertex  1.276009e+02  6.000000e+00  1.578569e+01
   endloop
 endfacet
 facet normal  0.000000e+00 -1.000000e+00  0.000000e+00
   outer loop
     vertex  1.300682e+02  6.000000e+00  1.711407e+01
     vertex  1.280309e+02  6.000000e+00  1.575021e+01
     vertex  1.291472e+02  6.000000e+00  1.606443e+01
   endloop
 endfacet
 facet normal  0.000000e+00 -1.000000e+00  0.000000e+00
   outer loop
     vertex  1.300682e+02  6.000000e+00  1.711407e+01
     vertex  1.274800e+02  6.000000e+00  1.581091e+01
     vertex  1.275403e+02  6.000000e+00  1.579747e+01
   endloop
 endfacet
 facet normal  0.000000e+00 -1.000000e+00  0.000000e+00
   outer loop
     vertex  1.300682e+02  6.000000e+00  1.711407e+01
     vertex  1.276617e+02  6.000000e+00  1.577557e+01
     vertex  1.279074e+02  6.000000e+00  1.575191e+01
   endloop
 endfacet
 facet normal  0.000000e+00 -1.000000e+00  0.000000e+00
   outer loop
     vertex  1.300682e+02  6.000000e+00  1.711407e+01
     vertex  1.279074e+02  6.000000e+00  1.575191e+01
     vertex  1.280309e+02  6.000000e+00  1.575021e+01
   endloop
 endfacet
 facet normal  0.000000e+00 -1.000000e+00  0.000000e+00
   outer loop
     vertex  1.300682e+02  6.000000e+00  1.711407e+01
     vertex  1.291472e+02  6.000000e+00  1.606443e+01
     vertex  1.297508e+02  6.000000e+00  1.658683e+01
   endloop
 endfacet
 facet normal  0.000000e+00 -1.000000e+00  0.000000e+00
   outer loop
     vertex  1.300682e+02  6.000000e+00  1.711407e+01
     vertex  1.300165e+02  6.000000e+00  1.700197e+01
     vertex  1.300432e+02  6.000000e+00  1.705767e+01
   endloop
 endfacet
 facet normal  0.000000e+00 -1.000000e+00  0.000000e+00
   outer loop
     vertex  1.300682e+02  6.000000e+00  1.711407e+01
     vertex  1.299884e+02  6.000000e+00  1.694702e+01
     vertex  1.300165e+02  6.000000e+00  1.700197e+01
   endloop
 endfacet
 facet normal  0.000000e+00 -1.000000e+00  0.000000e+00
   outer loop
     vertex  1.300682e+02  6.000000e+00  1.711407e+01
     vertex  1.297508e+02  6.000000e+00  1.658683e+01
     vertex  1.299884e+02  6.000000e+00  1.694702e+01
   endloop
 endfacet
 facet normal  0.000000e+00 -1.000000e+00  0.000000e+00
   outer loop
     vertex  1.272144e+02  6.000000e+00  2.010838e+01
     vertex  1.271568e+02  6.000000e+00  2.008604e+01
     vertex  1.270999e+02  6.000000e+00  2.006212e+01
   endloop
 endfacet
 facet normal  0.000000e+00 -1.000000e+00  0.000000e+00
   outer loop
     vertex  1.301137e+02  6.000000e+00  1.722884e+01
     vertex  1.300682e+02  6.000000e+00  1.711407e+01
     vertex  1.300918e+02  6.000000e+00  1.717115e+01
   endloop
 endfacet
 facet normal  0.000000e+00 -1.000000e+00  0.000000e+00
   outer loop
     vertex  1.272725e+02  6.000000e+00  2.012914e+01
     vertex  1.272144e+02  6.000000e+00  2.010838e+01
     vertex  1.270999e+02  6.000000e+00  2.006212e+01
   endloop
 endfacet
 facet normal  0.000000e+00 -1.000000e+00  0.000000e+00
   outer loop
     vertex  1.301528e+02  6.000000e+00  1.734594e+01
     vertex  1.300682e+02  6.000000e+00  1.711407e+01
     vertex  1.301137e+02  6.000000e+00  1.722884e+01
   endloop
 endfacet
 facet normal  0.000000e+00 -1.000000e+00  0.000000e+00
   outer loop
     vertex  1.301528e+02  6.000000e+00  1.734594e+01
     vertex  1.301137e+02  6.000000e+00  1.722884e+01
     vertex  1.301341e+02  6.000000e+00  1.728712e+01
   endloop
 endfacet
 facet normal  0.000000e+00 -1.000000e+00  0.000000e+00
   outer loop
     vertex  1.273904e+02  6.000000e+00  2.016584e+01
     vertex  1.273312e+02  6.000000e+00  2.014830e+01
     vertex  1.272725e+02  6.000000e+00  2.012914e+01
   endloop
 endfacet
 facet normal  0.000000e+00 -1.000000e+00  0.000000e+00
   outer loop
     vertex  1.274500e+02  6.000000e+00  2.018175e+01
     vertex  1.273904e+02  6.000000e+00  2.016584e+01
     vertex  1.272725e+02  6.000000e+00  2.012914e+01
   endloop
 endfacet
 facet normal  0.000000e+00 -1.000000e+00  0.000000e+00
   outer loop
     vertex  1.275101e+02  6.000000e+00  2.019601e+01
     vertex  1.272725e+02  6.000000e+00  2.012914e+01
     vertex  1.270999e+02  6.000000e+00  2.006212e+01
   endloop
 endfacet
 facet normal  0.000000e+00 -1.000000e+00  0.000000e+00
   outer loop
     vertex  1.275101e+02  6.000000e+00  2.019601e+01
     vertex  1.274500e+02  6.000000e+00  2.018175e+01
     vertex  1.272725e+02  6.000000e+00  2.012914e+01
   endloop
 endfacet
 facet normal  0.000000e+00 -1.000000e+00  0.000000e+00
   outer loop
     vertex  1.301993e+02  6.000000e+00  1.752516e+01
     vertex  1.301700e+02  6.000000e+00  1.740524e+01
     vertex  1.301855e+02  6.000000e+00  1.746500e+01
   endloop
 endfacet
 facet normal  0.000000e+00 -1.000000e+00  0.000000e+00
   outer loop
     vertex  1.301993e+02  6.000000e+00  1.752516e+01
     vertex  1.301528e+02  6.000000e+00  1.734594e+01
     vertex  1.301700e+02  6.000000e+00  1.740524e+01
   endloop
 endfacet
 facet normal  0.000000e+00 -1.000000e+00  0.000000e+00
   outer loop
     vertex  1.302221e+02  6.000000e+00  1.764650e+01
     vertex  1.301528e+02  6.000000e+00  1.734594e+01
     vertex  1.301993e+02  6.000000e+00  1.752516e+01
   endloop
 endfacet
 facet normal  0.000000e+00 -1.000000e+00  0.000000e+00
   outer loop
     vertex  1.302221e+02  6.000000e+00  1.764650e+01
     vertex  1.301993e+02  6.000000e+00  1.752516e+01
     vertex  1.302115e+02  6.000000e+00  1.758567e+01
   endloop
 endfacet
 facet normal  0.000000e+00 -1.000000e+00  0.000000e+00
   outer loop
     vertex  1.276923e+02  6.000000e+00  2.022886e+01
     vertex  1.276313e+02  6.000000e+00  2.021958e+01
     vertex  1.275705e+02  6.000000e+00  2.020863e+01
   endloop
 endfacet
 facet normal  0.000000e+00 -1.000000e+00  0.000000e+00
   outer loop
     vertex  1.302381e+02  6.000000e+00  1.776890e+01
     vertex  1.301528e+02  6.000000e+00  1.734594e+01
     vertex  1.302221e+02  6.000000e+00  1.764650e+01
   endloop
 endfacet
 facet normal  0.000000e+00 -1.000000e+00  0.000000e+00
   outer loop
     vertex  1.302381e+02  6.000000e+00  1.776890e+01
     vertex  1.302221e+02  6.000000e+00  1.764650e+01
     vertex  1.302309e+02  6.000000e+00  1.770759e+01
   endloop
 endfacet
 facet normal  0.000000e+00 -1.000000e+00  0.000000e+00
   outer loop
     vertex  1.278150e+02  6.000000e+00  2.024238e+01
     vertex  1.277536e+02  6.000000e+00  2.023646e+01
     vertex  1.276923e+02  6.000000e+00  2.022886e+01
   endloop
 endfacet
 facet normal  0.000000e+00 -1.000000e+00  0.000000e+00
   outer loop
     vertex  1.278150e+02  6.000000e+00  2.024238e+01
     vertex  1.276923e+02  6.000000e+00  2.022886e+01
     vertex  1.275705e+02  6.000000e+00  2.020863e+01
   endloop
 endfacet
 facet normal  0.000000e+00 -1.000000e+00  0.000000e+00
   outer loop
     vertex  1.278766e+02  6.000000e+00  2.024661e+01
     vertex  1.278150e+02  6.000000e+00  2.024238e+01
     vertex  1.275705e+02  6.000000e+00  2.020863e+01
   endloop
 endfacet
 facet normal  0.000000e+00 -1.000000e+00  0.000000e+00
   outer loop
     vertex  1.302495e+02  6.000000e+00  1.795370e+01
     vertex  1.302436e+02  6.000000e+00  1.783039e+01
     vertex  1.302474e+02  6.000000e+00  1.789201e+01
   endloop
 endfacet
 facet normal  0.000000e+00 -1.000000e+00  0.000000e+00
   outer loop
     vertex  1.280000e+02  6.000000e+00  2.025000e+01
     vertex  1.279383e+02  6.000000e+00  2.024915e+01
     vertex  1.278766e+02  6.000000e+00  2.024661e+01
   endloop
 endfacet
 facet normal  0.000000e+00 -1.000000e+00  0.000000e+00
   outer loop
     vertex  1.280617e+02  6.000000e+00  2.024915e+01
     vertex  1.275705e+02  6.000000e+00  2.020863e+01
     vertex  1.275101e+02  6.000000e+00  2.019601e+01
   endloop
 endfacet
 facet normal  0.000000e+00 -1.000000e+00  0.000000e+00
   outer loop
     vertex  1.280617e+02  6.000000e+00  2.024915e+01
     vertex  1.278766e+02  6.000000e+00  2.024661e+01
     vertex  1.275705e+02  6.000000e+00  2.020863e+01
   endloop
 endfacet
 facet normal -0.000000e+00 -1.000000e+00  0.000000e+00
   outer loop
     vertex  1.280617e+02  6.000000e+00  2.024915e+01
     vertex  1.280000e+02  6.000000e+00  2.025000e+01
     vertex  1.278766e+02  6.000000e+00  2.024661e+01
   endloop
 endfacet
 facet normal  0.000000e+00 -1.000000e+00  0.000000e+00
   outer loop
     vertex  1.302487e+02  6.000000e+00  1.807715e+01
     vertex  1.301528e+02  6.000000e+00  1.734594e+01
     vertex  1.302381e+02  6.000000e+00  1.776890e+01
   endloop
 endfacet
 facet normal  0.000000e+00 -1.000000e+00  0.000000e+00
   outer loop
     vertex  1.302487e+02  6.000000e+00  1.807715e+01
     vertex  1.302495e+02  6.000000e+00  1.795370e+01
     vertex  1.302499e+02  6.000000e+00  1.801543e+01
   endloop
 endfacet
 facet normal  0.000000e+00 -1.000000e+00  0.000000e+00
   outer loop
     vertex  1.302487e+02  6.000000e+00  1.807715e+01
     vertex  1.302381e+02  6.000000e+00  1.776890e+01
     vertex  1.302436e+02  6.000000e+00  1.783039e+01
   endloop
 endfacet
 facet normal  0.000000e+00 -1.000000e+00 -0.000000e+00
   outer loop
     vertex  1.302487e+02  6.000000e+00  1.807715e+01
     vertex  1.302436e+02  6.000000e+00  1.783039e+01
     vertex  1.302495e+02  6.000000e+00  1.795370e+01
   endloop
 endfacet
 facet normal -0.000000e+00 -1.000000e+00  0.000000e+00
   outer loop
     vertex  1.281234e+02  6.000000e+00  2.024661e+01
     vertex  1.280617e+02  6.000000e+00  2.024915e+01
     vertex  1.275101e+02  6.000000e+00  2.019601e+01
   endloop
 endfacet
 facet normal  0.000000e+00 -1.000000e+00  0.000000e+00
   outer loop
     vertex  1.281850e+02  6.000000e+00  2.024238e+01
     vertex  1.270999e+02  6.000000e+00  2.006212e+01
     vertex  1.271855e+02  6.000000e+00  1.590259e+01
   endloop
 endfacet
 facet normal  0.000000e+00 -1.000000e+00  0.000000e+00
   outer loop
     vertex  1.281850e+02  6.000000e+00  2.024238e+01
     vertex  1.275101e+02  6.000000e+00  2.019601e+01
     vertex  1.270999e+02  6.000000e+00  2.006212e+01
   endloop
 endfacet
 facet normal -0.000000e+00 -1.000000e+00  0.000000e+00
   outer loop
     vertex  1.281850e+02  6.000000e+00  2.024238e+01
     vertex  1.281234e+02  6.000000e+00  2.024661e+01
     vertex  1.275101e+02  6.000000e+00  2.019601e+01
   endloop
 endfacet
 facet normal  0.000000e+00 -1.000000e+00  0.000000e+00
   outer loop
     vertex  1.302347e+02  6.000000e+00  1.826178e+01
     vertex  1.302457e+02  6.000000e+00  1.813881e+01
     vertex  1.302411e+02  6.000000e+00  1.820037e+01
   endloop
 endfacet
 facet normal  0.000000e+00 -1.000000e+00  0.000000e+00
   outer loop
     vertex  1.283687e+02  6.000000e+00  2.021958e+01
     vertex  1.283077e+02  6.000000e+00  2.022886e+01
     vertex  1.282464e+02  6.000000e+00  2.023646e+01
   endloop
 endfacet
 facet normal  0.000000e+00 -1.000000e+00  0.000000e+00
   outer loop
     vertex  1.302170e+02  6.000000e+00  1.838395e+01
     vertex  1.302347e+02  6.000000e+00  1.826178e+01
     vertex  1.302267e+02  6.000000e+00  1.832299e+01
   endloop
 endfacet
 facet normal  0.000000e+00 -1.000000e+00  0.000000e+00
   outer loop
     vertex  1.284295e+02  6.000000e+00  2.020863e+01
     vertex  1.282464e+02  6.000000e+00  2.023646e+01
     vertex  1.281850e+02  6.000000e+00  2.024238e+01
   endloop
 endfacet
 facet normal  0.000000e+00 -1.000000e+00  0.000000e+00
   outer loop
     vertex  1.284295e+02  6.000000e+00  2.020863e+01
     vertex  1.283687e+02  6.000000e+00  2.021958e+01
     vertex  1.282464e+02  6.000000e+00  2.023646e+01
   endloop
 endfacet
 facet normal  0.000000e+00 -1.000000e+00  0.000000e+00
   outer loop
     vertex  1.302056e+02  6.000000e+00  1.844463e+01
     vertex  1.302487e+02  6.000000e+00  1.807715e+01
     vertex  1.302457e+02  6.000000e+00  1.813881e+01
   endloop
 endfacet
 facet normal  0.000000e+00 -1.000000e+00  0.000000e+00
   outer loop
     vertex  1.302056e+02  6.000000e+00  1.844463e+01
     vertex  1.302457e+02  6.000000e+00  1.813881e+01
     vertex  1.302347e+02  6.000000e+00  1.826178e+01
   endloop
 endfacet
 facet normal  0.000000e+00 -1.000000e+00  0.000000e+00
   outer loop
     vertex  1.302056e+02  6.000000e+00  1.844463e+01
     vertex  1.302347e+02  6.000000e+00  1.826178e+01
     vertex  1.302170e+02  6.000000e+00  1.838395e+01
   endloop
 endfacet
 facet normal  0.000000e+00 -1.000000e+00  0.000000e+00
   outer loop
     vertex  1.301926e+02  6.000000e+00  1.850497e+01
     vertex  1.302487e+02  6.000000e+00  1.807715e+01
     vertex  1.302056e+02  6.000000e+00  1.844463e+01
   endloop
 endfacet
 facet normal  0.000000e+00 -1.000000e+00  0.000000e+00
   outer loop
     vertex  1.285500e+02  6.000000e+00  2.018175e+01
     vertex  1.284899e+02  6.000000e+00  2.019601e+01
     vertex  1.284295e+02  6.000000e+00  2.020863e+01
   endloop
 endfacet
 facet normal  0.000000e+00 -1.000000e+00  0.000000e+00
   outer loop
     vertex  1.301779e+02  6.000000e+00  1.856493e+01
     vertex  1.302487e+02  6.000000e+00  1.807715e+01
     vertex  1.301926e+02  6.000000e+00  1.850497e+01
   endloop
 endfacet
 facet normal  0.000000e+00 -1.000000e+00  0.000000e+00
   outer loop
     vertex  1.301779e+02  6.000000e+00  1.856493e+01
     vertex  1.300682e+02  6.000000e+00  1.711407e+01
     vertex  1.301528e+02  6.000000e+00  1.734594e+01
   endloop
 endfacet
 facet normal  0.000000e+00 -1.000000e+00 -0.000000e+00
   outer loop
     vertex  1.301779e+02  6.000000e+00  1.856493e+01
     vertex  1.301528e+02  6.000000e+00  1.734594e+01
     vertex  1.302487e+02  6.000000e+00  1.807715e+01
   endloop
 endfacet
 facet normal -0.000000e+00 -1.000000e+00  0.000000e+00
   outer loop
     vertex  1.286096e+02  6.000000e+00  2.016584e+01
     vertex  1.281850e+02  6.000000e+00  2.024238e+01
     vertex  1.271855e+02  6.000000e+00  1.590259e+01
   endloop
 endfacet
 facet normal  0.000000e+00 -1.000000e+00  0.000000e+00
   outer loop
     vertex  1.286096e+02  6.000000e+00  2.016584e+01
     vertex  1.284295e+02  6.000000e+00  2.020863e+01
     vertex  1.281850e+02  6.000000e+00  2.024238e+01
   endloop
 endfacet
 facet normal  0.000000e+00 -1.000000e+00  0.000000e+00
   outer loop
     vertex  1.286096e+02  6.000000e+00  2.016584e+01
     vertex  1.273607e+02  6.000000e+00  1.584273e+01
     vertex  1.274800e+02  6.000000e+00  1.581091e+01
   endloop
 endfacet
 facet normal  0.000000e+00 -1.000000e+00  0.000000e+00
   outer loop
     vertex  1.286096e+02  6.000000e+00  2.016584e+01
     vertex  1.271855e+02  6.000000e+00  1.590259e+01
     vertex  1.273607e+02  6.000000e+00  1.584273e+01
   endloop
 endfacet
 facet normal  0.000000e+00 -1.000000e+00  0.000000e+00
   outer loop
     vertex  1.286096e+02  6.000000e+00  2.016584e+01
     vertex  1.285500e+02  6.000000e+00  2.018175e+01
     vertex  1.284295e+02  6.000000e+00  2.020863e+01
   endloop
 endfacet
 facet normal  0.000000e+00 -1.000000e+00  0.000000e+00
   outer loop
     vertex  1.301437e+02  6.000000e+00  1.868354e+01
     vertex  1.301779e+02  6.000000e+00  1.856493e+01
     vertex  1.301616e+02  6.000000e+00  1.862447e+01
   endloop
 endfacet
 facet normal  0.000000e+00 -1.000000e+00  0.000000e+00
   outer loop
     vertex  1.288432e+02  6.000000e+00  2.008604e+01
     vertex  1.286688e+02  6.000000e+00  2.014830e+01
     vertex  1.286096e+02  6.000000e+00  2.016584e+01
   endloop
 endfacet
 facet normal  0.000000e+00 -1.000000e+00  0.000000e+00
   outer loop
     vertex  1.288432e+02  6.000000e+00  2.008604e+01
     vertex  1.287275e+02  6.000000e+00  2.012914e+01
     vertex  1.286688e+02  6.000000e+00  2.014830e+01
   endloop
 endfacet
 facet normal  0.000000e+00 -1.000000e+00  0.000000e+00
   outer loop
     vertex  1.288432e+02  6.000000e+00  2.008604e+01
     vertex  1.287856e+02  6.000000e+00  2.010838e+01
     vertex  1.287275e+02  6.000000e+00  2.012914e+01
   endloop
 endfacet
 facet normal  0.000000e+00 -1.000000e+00  0.000000e+00
   outer loop
     vertex  1.300559e+02  6.000000e+00  1.891422e+01
     vertex  1.301779e+02  6.000000e+00  1.856493e+01
     vertex  1.301437e+02  6.000000e+00  1.868354e+01
   endloop
 endfacet
 facet normal  0.000000e+00 -1.000000e+00  0.000000e+00
   outer loop
     vertex  1.300559e+02  6.000000e+00  1.891422e+01
     vertex  1.301029e+02  6.000000e+00  1.880008e+01
     vertex  1.300802e+02  6.000000e+00  1.885747e+01
   endloop
 endfacet
 facet normal  0.000000e+00 -1.000000e+00  0.000000e+00
   outer loop
     vertex  1.300559e+02  6.000000e+00  1.891422e+01
     vertex  1.301241e+02  6.000000e+00  1.874209e+01
     vertex  1.301029e+02  6.000000e+00  1.880008e+01
   endloop
 endfacet
 facet normal  0.000000e+00 -1.000000e+00  0.000000e+00
   outer loop
     vertex  1.300559e+02  6.000000e+00  1.891422e+01
     vertex  1.301437e+02  6.000000e+00  1.868354e+01
     vertex  1.301241e+02  6.000000e+00  1.874209e+01
   endloop
 endfacet
 facet normal  0.000000e+00 -1.000000e+00  0.000000e+00
   outer loop
     vertex  1.289563e+02  6.000000e+00  2.003665e+01
     vertex  1.289001e+02  6.000000e+00  2.006212e+01
     vertex  1.288432e+02  6.000000e+00  2.008604e+01
   endloop
 endfacet
 facet normal  0.000000e+00 -1.000000e+00  0.000000e+00
   outer loop
     vertex  1.289563e+02  6.000000e+00  2.003665e+01
     vertex  1.288432e+02  6.000000e+00  2.008604e+01
     vertex  1.286096e+02  6.000000e+00  2.016584e+01
   endloop
 endfacet
 facet normal  0.000000e+00 -1.000000e+00  0.000000e+00
   outer loop
     vertex  1.290118e+02  6.000000e+00  2.000965e+01
     vertex  1.289563e+02  6.000000e+00  2.003665e+01
     vertex  1.286096e+02  6.000000e+00  2.016584e+01
   endloop
 endfacet
 facet normal  0.000000e+00 -1.000000e+00  0.000000e+00
   outer loop
     vertex  1.300027e+02  6.000000e+00  1.902560e+01
     vertex  1.301779e+02  6.000000e+00  1.856493e+01
     vertex  1.300559e+02  6.000000e+00  1.891422e+01
   endloop
 endfacet
 facet normal  0.000000e+00 -1.000000e+00  0.000000e+00
   outer loop
     vertex  1.300027e+02  6.000000e+00  1.902560e+01
     vertex  1.300559e+02  6.000000e+00  1.891422e+01
     vertex  1.300300e+02  6.000000e+00  1.897027e+01
   endloop
 endfacet
 facet normal  0.000000e+00 -1.000000e+00  0.000000e+00
   outer loop
     vertex  1.299738e+02  6.000000e+00  1.908016e+01
     vertex  1.301779e+02  6.000000e+00  1.856493e+01
     vertex  1.300027e+02  6.000000e+00  1.902560e+01
   endloop
 endfacet
 facet normal  0.000000e+00 -1.000000e+00  0.000000e+00
   outer loop
     vertex  1.299738e+02  6.000000e+00  1.908016e+01
     vertex  1.300682e+02  6.000000e+00  1.711407e+01
     vertex  1.301779e+02  6.000000e+00  1.856493e+01
   endloop
 endfacet
 facet normal  0.000000e+00 -1.000000e+00  0.000000e+00
   outer loop
     vertex  1.291205e+02  6.000000e+00  1.995112e+01
     vertex  1.290666e+02  6.000000e+00  1.998113e+01
     vertex  1.290118e+02  6.000000e+00  2.000965e+01
   endloop
 endfacet
 facet normal  0.000000e+00 -1.000000e+00  0.000000e+00
   outer loop
     vertex  1.291736e+02  6.000000e+00  1.991965e+01
     vertex  1.290118e+02  6.000000e+00  2.000965e+01
     vertex  1.286096e+02  6.000000e+00  2.016584e+01
   endloop
 endfacet
 facet normal  0.000000e+00 -1.000000e+00  0.000000e+00
   outer loop
     vertex  1.291736e+02  6.000000e+00  1.991965e+01
     vertex  1.291205e+02  6.000000e+00  1.995112e+01
     vertex  1.290118e+02  6.000000e+00  2.000965e+01
   endloop
 endfacet
 facet normal  0.000000e+00 -1.000000e+00  0.000000e+00
   outer loop
     vertex  1.298783e+02  6.000000e+00  1.923878e+01
     vertex  1.299434e+02  6.000000e+00  1.913390e+01
     vertex  1.299116e+02  6.000000e+00  1.918679e+01
   endloop
 endfacet
 facet normal  0.000000e+00 -1.000000e+00  0.000000e+00
   outer loop
     vertex  1.298783e+02  6.000000e+00  1.923878e+01
     vertex  1.299738e+02  6.000000e+00  1.908016e+01
     vertex  1.299434e+02  6.000000e+00  1.913390e+01
   endloop
 endfacet
 facet normal  0.000000e+00 -1.000000e+00  0.000000e+00
   outer loop
     vertex  1.293275e+02  6.000000e+00  1.981665e+01
     vertex  1.292259e+02  6.000000e+00  1.988673e+01
     vertex  1.291736e+02  6.000000e+00  1.991965e+01
   endloop
 endfacet
 facet normal  0.000000e+00 -1.000000e+00  0.000000e+00
   outer loop
     vertex  1.293275e+02  6.000000e+00  1.981665e+01
     vertex  1.292772e+02  6.000000e+00  1.985239e+01
     vertex  1.292259e+02  6.000000e+00  1.988673e+01
   endloop
 endfacet
 facet normal  0.000000e+00 -1.000000e+00  0.000000e+00
   outer loop
     vertex  1.297701e+02  6.000000e+00  1.938902e+01
     vertex  1.298436e+02  6.000000e+00  1.928984e+01
     vertex  1.298075e+02  6.000000e+00  1.933994e+01
   endloop
 endfacet
 facet normal  0.000000e+00 -1.000000e+00  0.000000e+00
   outer loop
     vertex  1.297701e+02  6.000000e+00  1.938902e+01
     vertex  1.298783e+02  6.000000e+00  1.923878e+01
     vertex  1.298436e+02  6.000000e+00  1.928984e+01
   endloop
 endfacet
 facet normal  0.000000e+00 -1.000000e+00  0.000000e+00
   outer loop
     vertex  1.294251e+02  6.000000e+00  1.974111e+01
     vertex  1.293768e+02  6.000000e+00  1.977955e+01
     vertex  1.293275e+02  6.000000e+00  1.981665e+01
   endloop
 endfacet
 facet normal  0.000000e+00 -1.000000e+00  0.000000e+00
   outer loop
     vertex  1.294251e+02  6.000000e+00  1.974111e+01
     vertex  1.293275e+02  6.000000e+00  1.981665e+01
     vertex  1.291736e+02  6.000000e+00  1.991965e+01
   endloop
 endfacet
 facet normal  0.000000e+00 -1.000000e+00  0.000000e+00
   outer loop
     vertex  1.297313e+02  6.000000e+00  1.943706e+01
     vertex  1.298783e+02  6.000000e+00  1.923878e+01
     vertex  1.297701e+02  6.000000e+00  1.938902e+01
   endloop
 endfacet
 facet normal  0.000000e+00 -1.000000e+00  0.000000e+00
   outer loop
     vertex  1.294724e+02  6.000000e+00  1.970136e+01
     vertex  1.291736e+02  6.000000e+00  1.991965e+01
     vertex  1.286096e+02  6.000000e+00  2.016584e+01
   endloop
 endfacet
 facet normal  0.000000e+00 -1.000000e+00  0.000000e+00
   outer loop
     vertex  1.294724e+02  6.000000e+00  1.970136e+01
     vertex  1.294251e+02  6.000000e+00  1.974111e+01
     vertex  1.291736e+02  6.000000e+00  1.991965e+01
   endloop
 endfacet
 facet normal  0.000000e+00 -1.000000e+00  0.000000e+00
   outer loop
     vertex  1.296499e+02  6.000000e+00  1.952985e+01
     vertex  1.297313e+02  6.000000e+00  1.943706e+01
     vertex  1.296912e+02  6.000000e+00  1.948401e+01
   endloop
 endfacet
 facet normal  0.000000e+00 -1.000000e+00  0.000000e+00
   outer loop
     vertex  1.296499e+02  6.000000e+00  1.952985e+01
     vertex  1.299738e+02  6.000000e+00  1.908016e+01
     vertex  1.298783e+02  6.000000e+00  1.923878e+01
   endloop
 endfacet
 facet normal  0.000000e+00 -1.000000e+00  0.000000e+00
   outer loop
     vertex  1.296499e+02  6.000000e+00  1.952985e+01
     vertex  1.298783e+02  6.000000e+00  1.923878e+01
     vertex  1.297313e+02  6.000000e+00  1.943706e+01
   endloop
 endfacet
 facet normal  0.000000e+00 -1.000000e+00  0.000000e+00
   outer loop
     vertex  1.295635e+02  6.000000e+00  1.961804e+01
     vertex  1.295185e+02  6.000000e+00  1.966032e+01
     vertex  1.294724e+02  6.000000e+00  1.970136e+01
   endloop
 endfacet
 facet normal  0.000000e+00 -1.000000e+00  0.000000e+00
   outer loop
     vertex  1.295635e+02  6.000000e+00  1.961804e+01
     vertex  1.294724e+02  6.000000e+00  1.970136e+01
     vertex  1.286096e+02  6.000000e+00  2.016584e+01
   endloop
 endfacet
 facet normal  0.000000e+00 -1.000000e+00 -0.000000e+00
   outer loop
     vertex  1.296073e+02  6.000000e+00  1.957454e+01
     vertex  1.274800e+02  6.000000e+00  1.581091e+01
     vertex  1.300682e+02  6.000000e+00  1.711407e+01
   endloop
 endfacet
 facet normal -0.000000e+00 -1.000000e+00  0.000000e+00
   outer loop
     vertex  1.296073e+02  6.000000e+00  1.957454e+01
     vertex  1.286096e+02  6.000000e+00  2.016584e+01
     vertex  1.274800e+02  6.000000e+00  1.581091e+01
   endloop
 endfacet
 facet normal  0.000000e+00 -1.000000e+00  0.000000e+00
   outer loop
     vertex  1.296073e+02  6.000000e+00  1.957454e+01
     vertex  1.300682e+02  6.000000e+00  1.711407e+01
     vertex  1.299738e+02  6.000000e+00  1.908016e+01
   endloop
 endfacet
 facet normal  0.000000e+00 -1.000000e+00  0.000000e+00
   outer loop
     vertex  1.296073e+02  6.000000e+00  1.957454e+01
     vertex  1.295635e+02  6.000000e+00  1.961804e+01
     vertex  1.286096e+02  6.000000e+00  2.016584e+01
   endloop
 endfacet
 facet normal  0.000000e+00 -1.000000e+00  0.000000e+00
   outer loop
     vertex  1.296073e+02  6.000000e+00  1.957454e+01
     vertex  1.299738e+02  6.000000e+00  1.908016e+01
     vertex  1.296499e+02  6.000000e+00  1.952985e+01
   endloop
 endfacet
 facet normal -1.000000e+00  0.000000e+00  0.000000e+00
   outer loop
     vertex  5.000000e+00  1.572359e+01  1.698073e+01
     vertex  5.000000e+00  1.577840e+01  1.702195e+01
     vertex  5.000000e+00  1.575128e+01  1.700096e+01
   endloop
 endfacet
 facet normal -1.000000e+00  0.000000e+00  0.000000e+00
   outer loop
     vertex  5.000000e+00  1.607092e+01  1.735530e+01
     vertex  5.000000e+00  1.599386e+01  1.724189e+01
     vertex  5.000000e+00  1.597269e+01  1.721491e+01
   endloop
 endfacet
 facet normal -1.000000e+00  0.000000e+00  0.000000e+00
   outer loop
     vertex  5.000000e+00  1.607092e+01  1.735530e+01
     vertex  5.000000e+00  1.601429e+01  1.726944e+01
     vertex  5.000000e+00  1.599386e+01  1.724189e+01
   endloop
 endfacet
 facet normal -1.000000e+00  0.000000e+00  0.000000e+00
   outer loop
     vertex  5.000000e+00  1.607092e+01  1.735530e+01
     vertex  5.000000e+00  1.603395e+01  1.729754e+01
     vertex  5.000000e+00  1.601429e+01  1.726944e+01
   endloop
 endfacet
 facet normal -1.000000e+00  0.000000e+00  0.000000e+00
   outer loop
     vertex  5.000000e+00  1.607092e+01  1.735530e+01
     vertex  5.000000e+00  1.605283e+01  1.732617e+01
     vertex  5.000000e+00  1.603395e+01  1.729754e+01
   endloop
 endfacet
 facet normal -1.000000e+00  0.000000e+00  0.000000e+00
   outer loop
     vertex  5.000000e+00  1.551572e+01  1.686135e+01
     vertex  5.000000e+00  1.557740e+01  1.689135e+01
     vertex  5.000000e+00  1.554676e+01  1.687592e+01
   endloop
 endfacet
 facet normal -1.000000e+00  0.000000e+00  0.000000e+00
   outer loop
     vertex  5.000000e+00  1.545249e+01  1.683477e+01
     vertex  5.000000e+00  1.551572e+01  1.686135e+01
     vertex  5.000000e+00  1.548429e+01  1.684763e+01
   endloop
 endfacet
 facet normal -1.000000e+00  0.000000e+00  0.000000e+00
   outer loop
     vertex  5.000000e+00  1.545249e+01  1.683477e+01
     vertex  5.000000e+00  1.557740e+01  1.689135e+01
     vertex  5.000000e+00  1.551572e+01  1.686135e+01
   endloop
 endfacet
 facet normal -1.000000e+00  0.000000e+00  0.000000e+00
   outer loop
     vertex  5.000000e+00  1.535516e+01  1.680152e+01
     vertex  5.000000e+00  1.542036e+01  1.682280e+01
     vertex  5.000000e+00  1.538790e+01  1.681171e+01
   endloop
 endfacet
 facet normal -1.000000e+00  0.000000e+00  0.000000e+00
   outer loop
     vertex  5.000000e+00  1.621415e+01  1.770278e+01
     vertex  5.000000e+00  1.619602e+01  1.763663e+01
     vertex  5.000000e+00  1.618560e+01  1.760396e+01
   endloop
 endfacet
 facet normal -1.000000e+00  0.000000e+00  0.000000e+00
   outer loop
     vertex  5.000000e+00  1.621415e+01  1.770278e+01
     vertex  5.000000e+00  1.620554e+01  1.766958e+01
     vertex  5.000000e+00  1.619602e+01  1.763663e+01
   endloop
 endfacet
 facet normal -1.000000e+00  0.000000e+00  0.000000e+00
   outer loop
     vertex  5.000000e+00  1.528889e+01  1.678384e+01
     vertex  5.000000e+00  1.535516e+01  1.680152e+01
     vertex  5.000000e+00  1.532214e+01  1.679222e+01
   endloop
 endfacet
 facet normal -1.000000e+00  0.000000e+00  0.000000e+00
   outer loop
     vertex  5.000000e+00  1.622862e+01  1.776982e+01
     vertex  5.000000e+00  1.622185e+01  1.773620e+01
     vertex  5.000000e+00  1.621415e+01  1.770278e+01
   endloop
 endfacet
 facet normal -1.000000e+00  0.000000e+00  0.000000e+00
   outer loop
     vertex  5.000000e+00  1.623448e+01  1.780361e+01
     vertex  5.000000e+00  1.622862e+01  1.776982e+01
     vertex  5.000000e+00  1.621415e+01  1.770278e+01
   endloop
 endfacet
 facet normal -1.000000e+00  0.000000e+00  0.000000e+00
   outer loop
     vertex  5.000000e+00  1.518792e+01  1.676421e+01
     vertex  5.000000e+00  1.535516e+01  1.680152e+01
     vertex  5.000000e+00  1.528889e+01  1.678384e+01
   endloop
 endfacet
 facet normal -1.000000e+00  0.000000e+00  0.000000e+00
   outer loop
     vertex  5.000000e+00  1.518792e+01  1.676421e+01
     vertex  5.000000e+00  1.525541e+01  1.677637e+01
     vertex  5.000000e+00  1.522175e+01  1.676983e+01
   endloop
 endfacet
 facet normal -1.000000e+00  0.000000e+00  0.000000e+00
   outer loop
     vertex  5.000000e+00  1.518792e+01  1.676421e+01
     vertex  5.000000e+00  1.528889e+01  1.678384e+01
     vertex  5.000000e+00  1.525541e+01  1.677637e+01
   endloop
 endfacet
 facet normal -1.000000e+00  0.000000e+00  0.000000e+00
   outer loop
     vertex  5.000000e+00  1.518792e+01  1.676421e+01
     vertex  5.000000e+00  1.545249e+01  1.683477e+01
     vertex  5.000000e+00  1.542036e+01  1.682280e+01
   endloop
 endfacet
 facet normal -1.000000e+00  0.000000e+00  0.000000e+00
   outer loop
     vertex  5.000000e+00  1.518792e+01  1.676421e+01
     vertex  5.000000e+00  1.542036e+01  1.682280e+01
     vertex  5.000000e+00  1.535516e+01  1.680152e+01
   endloop
 endfacet
 facet normal -1.000000e+00  0.000000e+00  0.000000e+00
   outer loop
     vertex  5.000000e+00  1.511985e+01  1.675576e+01
     vertex  5.000000e+00  1.518792e+01  1.676421e+01
     vertex  5.000000e+00  1.515394e+01  1.675952e+01
   endloop
 endfacet
 facet normal -1.000000e+00  0.000000e+00  0.000000e+00
   outer loop
     vertex  5.000000e+00  1.624644e+01  1.790577e+01
     vertex  5.000000e+00  1.623448e+01  1.780361e+01
     vertex  5.000000e+00  1.621415e+01  1.770278e+01
   endloop
 endfacet
 facet normal -1.000000e+00  0.000000e+00  0.000000e+00
   outer loop
     vertex  5.000000e+00  1.624644e+01  1.790577e+01
     vertex  5.000000e+00  1.623940e+01  1.783755e+01
     vertex  5.000000e+00  1.623448e+01  1.780361e+01
   endloop
 endfacet
 facet normal -1.000000e+00  0.000000e+00  0.000000e+00
   outer loop
     vertex  5.000000e+00  1.624644e+01  1.790577e+01
     vertex  5.000000e+00  1.624339e+01  1.787161e+01
     vertex  5.000000e+00  1.623940e+01  1.783755e+01
   endloop
 endfacet
 facet normal -1.000000e+00  0.000000e+00  0.000000e+00
   outer loop
     vertex  5.000000e+00  1.624997e+01  1.800857e+01
     vertex  5.000000e+00  1.624974e+01  1.797428e+01
     vertex  5.000000e+00  1.624856e+01  1.794000e+01
   endloop
 endfacet
 facet normal -1.000000e+00  0.000000e+00  0.000000e+00
   outer loop
     vertex  5.000000e+00  1.624762e+01  1.807712e+01
     vertex  5.000000e+00  1.624926e+01  1.804286e+01
     vertex  5.000000e+00  1.624997e+01  1.800857e+01
   endloop
 endfacet
 facet normal -1.000000e+00  0.000000e+00  0.000000e+00
   outer loop
     vertex  5.000000e+00  1.623705e+01  1.817944e+01
     vertex  5.000000e+00  1.624503e+01  1.811132e+01
     vertex  5.000000e+00  1.624762e+01  1.807712e+01
   endloop
 endfacet
 facet normal -1.000000e+00  0.000000e+00  0.000000e+00
   outer loop
     vertex  5.000000e+00  1.623705e+01  1.817944e+01
     vertex  5.000000e+00  1.624151e+01  1.814543e+01
     vertex  5.000000e+00  1.624503e+01  1.811132e+01
   endloop
 endfacet
 facet normal -1.000000e+00  0.000000e+00  0.000000e+00
   outer loop
     vertex  5.000000e+00  1.623167e+01  1.821331e+01
     vertex  5.000000e+00  1.623705e+01  1.817944e+01
     vertex  5.000000e+00  1.624762e+01  1.807712e+01
   endloop
 endfacet
 facet normal -1.000000e+00  0.000000e+00  0.000000e+00
   outer loop
     vertex  5.000000e+00  1.477825e+01  1.676983e+01
     vertex  5.000000e+00  1.484606e+01  1.675952e+01
     vertex  5.000000e+00  1.481208e+01  1.676421e+01
   endloop
 endfacet
 facet normal -1.000000e+00  0.000000e+00  0.000000e+00
   outer loop
     vertex  5.000000e+00  1.477825e+01  1.676983e+01
     vertex  5.000000e+00  1.488015e+01  1.675576e+01
     vertex  5.000000e+00  1.484606e+01  1.675952e+01
   endloop
 endfacet
 facet normal -1.000000e+00  0.000000e+00  0.000000e+00
   outer loop
     vertex  5.000000e+00  1.477825e+01  1.676983e+01
     vertex  5.000000e+00  1.491433e+01  1.675294e+01
     vertex  5.000000e+00  1.488015e+01  1.675576e+01
   endloop
 endfacet
 facet normal -1.000000e+00  0.000000e+00  0.000000e+00
   outer loop
     vertex  5.000000e+00  1.471111e+01  1.678384e+01
     vertex  5.000000e+00  1.477825e+01  1.676983e+01
     vertex  5.000000e+00  1.474459e+01  1.677637e+01
   endloop
 endfacet
 facet normal -1.000000e+00  0.000000e+00  0.000000e+00
   outer loop
     vertex  5.000000e+00  1.620089e+01  1.834693e+01
     vertex  5.000000e+00  1.621811e+01  1.828054e+01
     vertex  5.000000e+00  1.622535e+01  1.824702e+01
   endloop
 endfacet
 facet normal -1.000000e+00  0.000000e+00  0.000000e+00
   outer loop
     vertex  5.000000e+00  1.620089e+01  1.834693e+01
     vertex  5.000000e+00  1.620996e+01  1.831385e+01
     vertex  5.000000e+00  1.621811e+01  1.828054e+01
   endloop
 endfacet
 facet normal -1.000000e+00  0.000000e+00  0.000000e+00
   outer loop
     vertex  5.000000e+00  1.464484e+01  1.680152e+01
     vertex  5.000000e+00  1.471111e+01  1.678384e+01
     vertex  5.000000e+00  1.467786e+01  1.679222e+01
   endloop
 endfacet
 facet normal -1.000000e+00  0.000000e+00  0.000000e+00
   outer loop
     vertex  5.000000e+00  1.619092e+01  1.837974e+01
     vertex  5.000000e+00  1.623167e+01  1.821331e+01
     vertex  5.000000e+00  1.624762e+01  1.807712e+01
   endloop
 endfacet
 facet normal -1.000000e+00  0.000000e+00  0.000000e+00
   outer loop
     vertex  5.000000e+00  1.619092e+01  1.837974e+01
     vertex  5.000000e+00  1.622535e+01  1.824702e+01
     vertex  5.000000e+00  1.623167e+01  1.821331e+01
   endloop
 endfacet
 facet normal -1.000000e+00  0.000000e+00  0.000000e+00
   outer loop
     vertex  5.000000e+00  1.619092e+01  1.837974e+01
     vertex  5.000000e+00  1.620089e+01  1.834693e+01
     vertex  5.000000e+00  1.622535e+01  1.824702e+01
   endloop
 endfacet
 facet normal -1.000000e+00  0.000000e+00  0.000000e+00
   outer loop
     vertex  5.000000e+00  1.461210e+01  1.681171e+01
     vertex  5.000000e+00  1.471111e+01  1.678384e+01
     vertex  5.000000e+00  1.464484e+01  1.680152e+01
   endloop
 endfacet
 facet normal -1.000000e+00  0.000000e+00  0.000000e+00
   outer loop
     vertex  5.000000e+00  1.616830e+01  1.844449e+01
     vertex  5.000000e+00  1.618006e+01  1.841227e+01
     vertex  5.000000e+00  1.619092e+01  1.837974e+01
   endloop
 endfacet
 facet normal -1.000000e+00  0.000000e+00  0.000000e+00
   outer loop
     vertex  5.000000e+00  1.454751e+01  1.683477e+01
     vertex  5.000000e+00  1.461210e+01  1.681171e+01
     vertex  5.000000e+00  1.457964e+01  1.682280e+01
   endloop
 endfacet
 facet normal -1.000000e+00  0.000000e+00  0.000000e+00
   outer loop
     vertex  5.000000e+00  1.454751e+01  1.683477e+01
     vertex  5.000000e+00  1.471111e+01  1.678384e+01
     vertex  5.000000e+00  1.461210e+01  1.681171e+01
   endloop
 endfacet
 facet normal -1.000000e+00  0.000000e+00  0.000000e+00
   outer loop
     vertex  5.000000e+00  1.615567e+01  1.847637e+01
     vertex  5.000000e+00  1.616830e+01  1.844449e+01
     vertex  5.000000e+00  1.619092e+01  1.837974e+01
   endloop
 endfacet
 facet normal -1.000000e+00  0.000000e+00  0.000000e+00
   outer loop
     vertex  5.000000e+00  1.448428e+01  1.686135e+01
     vertex  5.000000e+00  1.454751e+01  1.683477e+01
     vertex  5.000000e+00  1.451571e+01  1.684763e+01
   endloop
 endfacet
 facet normal -1.000000e+00  0.000000e+00  0.000000e+00
   outer loop
     vertex  5.000000e+00  1.445324e+01  1.687592e+01
     vertex  5.000000e+00  1.454751e+01  1.683477e+01
     vertex  5.000000e+00  1.448428e+01  1.686135e+01
   endloop
 endfacet
 facet normal -1.000000e+00  0.000000e+00  0.000000e+00
   outer loop
     vertex  5.000000e+00  1.611259e+01  1.856978e+01
     vertex  5.000000e+00  1.615567e+01  1.847637e+01
     vertex  5.000000e+00  1.619092e+01  1.837974e+01
   endloop
 endfacet
 facet normal -1.000000e+00  0.000000e+00  0.000000e+00
   outer loop
     vertex  5.000000e+00  1.611259e+01  1.856978e+01
     vertex  5.000000e+00  1.614216e+01  1.850790e+01
     vertex  5.000000e+00  1.615567e+01  1.847637e+01
   endloop
 endfacet
 facet normal -1.000000e+00  0.000000e+00  0.000000e+00
   outer loop
     vertex  5.000000e+00  1.611259e+01  1.856978e+01
     vertex  5.000000e+00  1.612780e+01  1.853904e+01
     vertex  5.000000e+00  1.614216e+01  1.850790e+01
   endloop
 endfacet
 facet normal -1.000000e+00  0.000000e+00  0.000000e+00
   outer loop
     vertex  5.000000e+00  1.442260e+01  1.689135e+01
     vertex  5.000000e+00  1.454751e+01  1.683477e+01
     vertex  5.000000e+00  1.445324e+01  1.687592e+01
   endloop
 endfacet
 facet normal -1.000000e+00  0.000000e+00  0.000000e+00
   outer loop
     vertex  5.000000e+00  1.442260e+01  1.689135e+01
     vertex  5.000000e+00  1.471111e+01  1.678384e+01
     vertex  5.000000e+00  1.454751e+01  1.683477e+01
   endloop
 endfacet
 facet normal -1.000000e+00  0.000000e+00  0.000000e+00
   outer loop
     vertex  5.000000e+00  1.606197e+01  1.865933e+01
     vertex  5.000000e+00  1.609654e+01  1.860009e+01
     vertex  5.000000e+00  1.611259e+01  1.856978e+01
   endloop
 endfacet
 facet normal -1.000000e+00  0.000000e+00  0.000000e+00
   outer loop
     vertex  5.000000e+00  1.606197e+01  1.865933e+01
     vertex  5.000000e+00  1.607966e+01  1.862994e+01
     vertex  5.000000e+00  1.609654e+01  1.860009e+01
   endloop
 endfacet
 facet normal -1.000000e+00  0.000000e+00  0.000000e+00
   outer loop
     vertex  5.000000e+00  1.433340e+01  1.694257e+01
     vertex  5.000000e+00  1.439241e+01  1.690760e+01
     vertex  5.000000e+00  1.436267e+01  1.692468e+01
   endloop
 endfacet
 facet normal -1.000000e+00  0.000000e+00  0.000000e+00
   outer loop
     vertex  5.000000e+00  1.430465e+01  1.696126e+01
     vertex  5.000000e+00  1.494857e+01  1.675106e+01
     vertex  5.000000e+00  1.491433e+01  1.675294e+01
   endloop
 endfacet
 facet normal -1.000000e+00  0.000000e+00  0.000000e+00
   outer loop
     vertex  5.000000e+00  1.430465e+01  1.696126e+01
     vertex  5.000000e+00  1.498285e+01  1.675012e+01
     vertex  5.000000e+00  1.494857e+01  1.675106e+01
   endloop
 endfacet
 facet normal -1.000000e+00  0.000000e+00  0.000000e+00
   outer loop
     vertex  5.000000e+00  1.430465e+01  1.696126e+01
     vertex  5.000000e+00  1.501715e+01  1.675012e+01
     vertex  5.000000e+00  1.498285e+01  1.675012e+01
   endloop
 endfacet
 facet normal -1.000000e+00  0.000000e+00  0.000000e+00
   outer loop
     vertex  5.000000e+00  1.430465e+01  1.696126e+01
     vertex  5.000000e+00  1.505143e+01  1.675106e+01
     vertex  5.000000e+00  1.501715e+01  1.675012e+01
   endloop
 endfacet
 facet normal -1.000000e+00  0.000000e+00  0.000000e+00
   outer loop
     vertex  5.000000e+00  1.430465e+01  1.696126e+01
     vertex  5.000000e+00  1.439241e+01  1.690760e+01
     vertex  5.000000e+00  1.433340e+01  1.694257e+01
   endloop
 endfacet
 facet normal -1.000000e+00  0.000000e+00  0.000000e+00
   outer loop
     vertex  5.000000e+00  1.430465e+01  1.696126e+01
     vertex  5.000000e+00  1.477825e+01  1.676983e+01
     vertex  5.000000e+00  1.471111e+01  1.678384e+01
   endloop
 endfacet
 facet normal -1.000000e+00  0.000000e+00  0.000000e+00
   outer loop
     vertex  5.000000e+00  1.430465e+01  1.696126e+01
     vertex  5.000000e+00  1.491433e+01  1.675294e+01
     vertex  5.000000e+00  1.477825e+01  1.676983e+01
   endloop
 endfacet
 facet normal -1.000000e+00  0.000000e+00  0.000000e+00
   outer loop
     vertex  5.000000e+00  1.430465e+01  1.696126e+01
     vertex  5.000000e+00  1.442260e+01  1.689135e+01
     vertex  5.000000e+00  1.439241e+01  1.690760e+01
   endloop
 endfacet
 facet normal -1.000000e+00  0.000000e+00  0.000000e+00
   outer loop
     vertex  5.000000e+00  1.430465e+01  1.696126e+01
     vertex  5.000000e+00  1.471111e+01  1.678384e+01
     vertex  5.000000e+00  1.442260e+01  1.689135e+01
   endloop
 endfacet
 facet normal -1.000000e+00  0.000000e+00  0.000000e+00
   outer loop
     vertex  5.000000e+00  1.602421e+01  1.871658e+01
     vertex  5.000000e+00  1.606197e+01  1.865933e+01
     vertex  5.000000e+00  1.611259e+01  1.856978e+01
   endloop
 endfacet
 facet normal -1.000000e+00  0.000000e+00  0.000000e+00
   outer loop
     vertex  5.000000e+00  1.602421e+01  1.871658e+01
     vertex  5.000000e+00  1.611259e+01  1.856978e+01
     vertex  5.000000e+00  1.619092e+01  1.837974e+01
   endloop
 endfacet
 facet normal -1.000000e+00  0.000000e+00  0.000000e+00
   outer loop
     vertex  5.000000e+00  1.602421e+01  1.871658e+01
     vertex  5.000000e+00  1.624997e+01  1.800857e+01
     vertex  5.000000e+00  1.624856e+01  1.794000e+01
   endloop
 endfacet
 facet normal -1.000000e+00  0.000000e+00  0.000000e+00
   outer loop
     vertex  5.000000e+00  1.602421e+01  1.871658e+01
     vertex  5.000000e+00  1.624762e+01  1.807712e+01
     vertex  5.000000e+00  1.624997e+01  1.800857e+01
   endloop
 endfacet
 facet normal -1.000000e+00  0.000000e+00  0.000000e+00
   outer loop
     vertex  5.000000e+00  1.602421e+01  1.871658e+01
     vertex  5.000000e+00  1.619092e+01  1.837974e+01
     vertex  5.000000e+00  1.624762e+01  1.807712e+01
   endloop
 endfacet
 facet normal -1.000000e+00  0.000000e+00  0.000000e+00
   outer loop
     vertex  5.000000e+00  1.602421e+01  1.871658e+01
     vertex  5.000000e+00  1.624856e+01  1.794000e+01
     vertex  5.000000e+00  1.624644e+01  1.790577e+01
   endloop
 endfacet
 facet normal -1.000000e+00  0.000000e+00  0.000000e+00
   outer loop
     vertex  5.000000e+00  1.602421e+01  1.871658e+01
     vertex  5.000000e+00  1.604349e+01  1.868821e+01
     vertex  5.000000e+00  1.606197e+01  1.865933e+01
   endloop
 endfacet
 facet normal -1.000000e+00  0.000000e+00  0.000000e+00
   outer loop
     vertex  5.000000e+00  1.422160e+01  1.702195e+01
     vertex  5.000000e+00  1.427641e+01  1.698073e+01
     vertex  5.000000e+00  1.424872e+01  1.700096e+01
   endloop
 endfacet
 facet normal -1.000000e+00  0.000000e+00  0.000000e+00
   outer loop
     vertex  5.000000e+00  1.596183e+01  1.879836e+01
     vertex  5.000000e+00  1.602421e+01  1.871658e+01
     vertex  5.000000e+00  1.624644e+01  1.790577e+01
   endloop
 endfacet
 facet normal -1.000000e+00  0.000000e+00  0.000000e+00
   outer loop
     vertex  5.000000e+00  1.596183e+01  1.879836e+01
     vertex  5.000000e+00  1.600417e+01  1.874441e+01
     vertex  5.000000e+00  1.602421e+01  1.871658e+01
   endloop
 endfacet
 facet normal -1.000000e+00  0.000000e+00  0.000000e+00
   outer loop
     vertex  5.000000e+00  1.596183e+01  1.879836e+01
     vertex  5.000000e+00  1.598337e+01  1.877168e+01
     vertex  5.000000e+00  1.600417e+01  1.874441e+01
   endloop
 endfacet
 facet normal -1.000000e+00  0.000000e+00  0.000000e+00
   outer loop
     vertex  5.000000e+00  1.416912e+01  1.706611e+01
     vertex  5.000000e+00  1.427641e+01  1.698073e+01
     vertex  5.000000e+00  1.422160e+01  1.702195e+01
   endloop
 endfacet
 facet normal -1.000000e+00  0.000000e+00  0.000000e+00
   outer loop
     vertex  5.000000e+00  1.416912e+01  1.706611e+01
     vertex  5.000000e+00  1.422160e+01  1.702195e+01
     vertex  5.000000e+00  1.419506e+01  1.704367e+01
   endloop
 endfacet
 facet normal -1.000000e+00  0.000000e+00  0.000000e+00
   outer loop
     vertex  5.000000e+00  1.416912e+01  1.706611e+01
     vertex  5.000000e+00  1.430465e+01  1.696126e+01
     vertex  5.000000e+00  1.427641e+01  1.698073e+01
   endloop
 endfacet
 facet normal -1.000000e+00  0.000000e+00  0.000000e+00
   outer loop
     vertex  5.000000e+00  1.591659e+01  1.884992e+01
     vertex  5.000000e+00  1.593956e+01  1.882445e+01
     vertex  5.000000e+00  1.596183e+01  1.879836e+01
   endloop
 endfacet
 facet normal -1.000000e+00  0.000000e+00  0.000000e+00
   outer loop
     vertex  5.000000e+00  1.411915e+01  1.711309e+01
     vertex  5.000000e+00  1.416912e+01  1.706611e+01
     vertex  5.000000e+00  1.414382e+01  1.708926e+01
   endloop
 endfacet
 facet normal -1.000000e+00  0.000000e+00  0.000000e+00
   outer loop
     vertex  5.000000e+00  1.586860e+01  1.889891e+01
     vertex  5.000000e+00  1.591659e+01  1.884992e+01
     vertex  5.000000e+00  1.596183e+01  1.879836e+01
   endloop
 endfacet
 facet normal -1.000000e+00  0.000000e+00  0.000000e+00
   outer loop
     vertex  5.000000e+00  1.586860e+01  1.889891e+01
     vertex  5.000000e+00  1.589293e+01  1.887474e+01
     vertex  5.000000e+00  1.591659e+01  1.884992e+01
   endloop
 endfacet
 facet normal -1.000000e+00  0.000000e+00  0.000000e+00
   outer loop
     vertex  5.000000e+00  1.409515e+01  1.713759e+01
     vertex  5.000000e+00  1.416912e+01  1.706611e+01
     vertex  5.000000e+00  1.411915e+01  1.711309e+01
   endloop
 endfacet
 facet normal -1.000000e+00  0.000000e+00  0.000000e+00
   outer loop
     vertex  5.000000e+00  1.404921e+01  1.718852e+01
     vertex  5.000000e+00  1.416912e+01  1.706611e+01
     vertex  5.000000e+00  1.409515e+01  1.713759e+01
   endloop
 endfacet
 facet normal -1.000000e+00  0.000000e+00  0.000000e+00
   outer loop
     vertex  5.000000e+00  1.404921e+01  1.718852e+01
     vertex  5.000000e+00  1.409515e+01  1.713759e+01
     vertex  5.000000e+00  1.407183e+01  1.716274e+01
   endloop
 endfacet
 facet normal -1.000000e+00  0.000000e+00  0.000000e+00
   outer loop
     vertex  5.000000e+00  1.579175e+01  1.896728e+01
     vertex  5.000000e+00  1.584361e+01  1.892240e+01
     vertex  5.000000e+00  1.586860e+01  1.889891e+01
   endloop
 endfacet
 facet normal -1.000000e+00  0.000000e+00  0.000000e+00
   outer loop
     vertex  5.000000e+00  1.579175e+01  1.896728e+01
     vertex  5.000000e+00  1.581799e+01  1.894520e+01
     vertex  5.000000e+00  1.584361e+01  1.892240e+01
   endloop
 endfacet
 facet normal -1.000000e+00  0.000000e+00  0.000000e+00
   outer loop
     vertex  5.000000e+00  1.402731e+01  1.721491e+01
     vertex  5.000000e+00  1.416912e+01  1.706611e+01
     vertex  5.000000e+00  1.404921e+01  1.718852e+01
   endloop
 endfacet
 facet normal -1.000000e+00  0.000000e+00  0.000000e+00
   outer loop
     vertex  5.000000e+00  1.573750e+01  1.900925e+01
     vertex  5.000000e+00  1.576491e+01  1.898864e+01
     vertex  5.000000e+00  1.579175e+01  1.896728e+01
   endloop
 endfacet
 facet normal -1.000000e+00  0.000000e+00  0.000000e+00
   outer loop
     vertex  5.000000e+00  1.573750e+01  1.900925e+01
     vertex  5.000000e+00  1.579175e+01  1.896728e+01
     vertex  5.000000e+00  1.586860e+01  1.889891e+01
   endloop
 endfacet
 facet normal -1.000000e+00  0.000000e+00  0.000000e+00
   outer loop
     vertex  5.000000e+00  1.398571e+01  1.726944e+01
     vertex  5.000000e+00  1.416912e+01  1.706611e+01
     vertex  5.000000e+00  1.402731e+01  1.721491e+01
   endloop
 endfacet
 facet normal -1.000000e+00  0.000000e+00  0.000000e+00
   outer loop
     vertex  5.000000e+00  1.398571e+01  1.726944e+01
     vertex  5.000000e+00  1.402731e+01  1.721491e+01
     vertex  5.000000e+00  1.400614e+01  1.724189e+01
   endloop
 endfacet
 facet normal -1.000000e+00  0.000000e+00  0.000000e+00
   outer loop
     vertex  5.000000e+00  1.570954e+01  1.902910e+01
     vertex  5.000000e+00  1.573750e+01  1.900925e+01
     vertex  5.000000e+00  1.586860e+01  1.889891e+01
   endloop
 endfacet
 facet normal -1.000000e+00  0.000000e+00  0.000000e+00
   outer loop
     vertex  5.000000e+00  1.394717e+01  1.732617e+01
     vertex  5.000000e+00  1.398571e+01  1.726944e+01
     vertex  5.000000e+00  1.396605e+01  1.729754e+01
   endloop
 endfacet
 facet normal -1.000000e+00  0.000000e+00  0.000000e+00
   outer loop
     vertex  5.000000e+00  1.565203e+01  1.906647e+01
     vertex  5.000000e+00  1.568104e+01  1.904818e+01
     vertex  5.000000e+00  1.570954e+01  1.902910e+01
   endloop
 endfacet
 facet normal -1.000000e+00  0.000000e+00  0.000000e+00
   outer loop
     vertex  5.000000e+00  1.562252e+01  1.908396e+01
     vertex  5.000000e+00  1.570954e+01  1.902910e+01
     vertex  5.000000e+00  1.586860e+01  1.889891e+01
   endloop
 endfacet
 facet normal -1.000000e+00  0.000000e+00  0.000000e+00
   outer loop
     vertex  5.000000e+00  1.562252e+01  1.908396e+01
     vertex  5.000000e+00  1.565203e+01  1.906647e+01
     vertex  5.000000e+00  1.570954e+01  1.902910e+01
   endloop
 endfacet
 facet normal -1.000000e+00  0.000000e+00  0.000000e+00
   outer loop
     vertex  5.000000e+00  1.391180e+01  1.738493e+01
     vertex  5.000000e+00  1.394717e+01  1.732617e+01
     vertex  5.000000e+00  1.392908e+01  1.735530e+01
   endloop
 endfacet
 facet normal -1.000000e+00  0.000000e+00  0.000000e+00
   outer loop
     vertex  5.000000e+00  1.391180e+01  1.738493e+01
     vertex  5.000000e+00  1.398571e+01  1.726944e+01
     vertex  5.000000e+00  1.394717e+01  1.732617e+01
   endloop
 endfacet
 facet normal -1.000000e+00  0.000000e+00  0.000000e+00
   outer loop
     vertex  5.000000e+00  1.559255e+01  1.910063e+01
     vertex  5.000000e+00  1.562252e+01  1.908396e+01
     vertex  5.000000e+00  1.586860e+01  1.889891e+01
   endloop
 endfacet
 facet normal -1.000000e+00  0.000000e+00  0.000000e+00
   outer loop
     vertex  5.000000e+00  1.387970e+01  1.744554e+01
     vertex  5.000000e+00  1.398571e+01  1.726944e+01
     vertex  5.000000e+00  1.391180e+01  1.738493e+01
   endloop
 endfacet
 facet normal -1.000000e+00  0.000000e+00  0.000000e+00
   outer loop
     vertex  5.000000e+00  1.387970e+01  1.744554e+01
     vertex  5.000000e+00  1.391180e+01  1.738493e+01
     vertex  5.000000e+00  1.389533e+01  1.741501e+01
   endloop
 endfacet
 facet normal -1.000000e+00  0.000000e+00  0.000000e+00
   outer loop
     vertex  5.000000e+00  1.553129e+01  1.913147e+01
     vertex  5.000000e+00  1.556213e+01  1.911647e+01
     vertex  5.000000e+00  1.559255e+01  1.910063e+01
   endloop
 endfacet
 facet normal -1.000000e+00  0.000000e+00  0.000000e+00
   outer loop
     vertex  5.000000e+00  1.553129e+01  1.913147e+01
     vertex  5.000000e+00  1.559255e+01  1.910063e+01
     vertex  5.000000e+00  1.586860e+01  1.889891e+01
   endloop
 endfacet
 facet normal -1.000000e+00  0.000000e+00  0.000000e+00
   outer loop
     vertex  5.000000e+00  1.386491e+01  1.747648e+01
     vertex  5.000000e+00  1.398571e+01  1.726944e+01
     vertex  5.000000e+00  1.387970e+01  1.744554e+01
   endloop
 endfacet
 facet normal -1.000000e+00  0.000000e+00  0.000000e+00
   outer loop
     vertex  5.000000e+00  1.546843e+01  1.915891e+01
     vertex  5.000000e+00  1.621415e+01  1.770278e+01
     vertex  5.000000e+00  1.618560e+01  1.760396e+01
   endloop
 endfacet
 facet normal -1.000000e+00  0.000000e+00  0.000000e+00
   outer loop
     vertex  5.000000e+00  1.546843e+01  1.915891e+01
     vertex  5.000000e+00  1.550005e+01  1.914562e+01
     vertex  5.000000e+00  1.553129e+01  1.913147e+01
   endloop
 endfacet
 facet normal -1.000000e+00  0.000000e+00  0.000000e+00
   outer loop
     vertex  5.000000e+00  1.546843e+01  1.915891e+01
     vertex  5.000000e+00  1.624644e+01  1.790577e+01
     vertex  5.000000e+00  1.621415e+01  1.770278e+01
   endloop
 endfacet
 facet normal -1.000000e+00  0.000000e+00  0.000000e+00
   outer loop
     vertex  5.000000e+00  1.546843e+01  1.915891e+01
     vertex  5.000000e+00  1.596183e+01  1.879836e+01
     vertex  5.000000e+00  1.624644e+01  1.790577e+01
   endloop
 endfacet
 facet normal -1.000000e+00  0.000000e+00  0.000000e+00
   outer loop
     vertex  5.000000e+00  1.546843e+01  1.915891e+01
     vertex  5.000000e+00  1.586860e+01  1.889891e+01
     vertex  5.000000e+00  1.596183e+01  1.879836e+01
   endloop
 endfacet
 facet normal -1.000000e+00  0.000000e+00  0.000000e+00
   outer loop
     vertex  5.000000e+00  1.546843e+01  1.915891e+01
     vertex  5.000000e+00  1.614902e+01  1.750782e+01
     vertex  5.000000e+00  1.613509e+01  1.747648e+01
   endloop
 endfacet
 facet normal -1.000000e+00  0.000000e+00  0.000000e+00
   outer loop
     vertex  5.000000e+00  1.546843e+01  1.915891e+01
     vertex  5.000000e+00  1.616209e+01  1.753953e+01
     vertex  5.000000e+00  1.614902e+01  1.750782e+01
   endloop
 endfacet
 facet normal -1.000000e+00  0.000000e+00  0.000000e+00
   outer loop
     vertex  5.000000e+00  1.546843e+01  1.915891e+01
     vertex  5.000000e+00  1.617429e+01  1.757158e+01
     vertex  5.000000e+00  1.616209e+01  1.753953e+01
   endloop
 endfacet
 facet normal -1.000000e+00  0.000000e+00  0.000000e+00
   outer loop
     vertex  5.000000e+00  1.546843e+01  1.915891e+01
     vertex  5.000000e+00  1.618560e+01  1.760396e+01
     vertex  5.000000e+00  1.617429e+01  1.757158e+01
   endloop
 endfacet
 facet normal -1.000000e+00  0.000000e+00  0.000000e+00
   outer loop
     vertex  5.000000e+00  1.546843e+01  1.915891e+01
     vertex  5.000000e+00  1.553129e+01  1.913147e+01
     vertex  5.000000e+00  1.586860e+01  1.889891e+01
   endloop
 endfacet
 facet normal -1.000000e+00  0.000000e+00  0.000000e+00
   outer loop
     vertex  5.000000e+00  1.382571e+01  1.757158e+01
     vertex  5.000000e+00  1.385098e+01  1.750782e+01
     vertex  5.000000e+00  1.383791e+01  1.753953e+01
   endloop
 endfacet
 facet normal -1.000000e+00  0.000000e+00  0.000000e+00
   outer loop
     vertex  5.000000e+00  1.382571e+01  1.757158e+01
     vertex  5.000000e+00  1.386491e+01  1.747648e+01
     vertex  5.000000e+00  1.385098e+01  1.750782e+01
   endloop
 endfacet
 facet normal -1.000000e+00  0.000000e+00  0.000000e+00
   outer loop
     vertex  5.000000e+00  1.540417e+01  1.918286e+01
     vertex  5.000000e+00  1.543647e+01  1.917132e+01
     vertex  5.000000e+00  1.546843e+01  1.915891e+01
   endloop
 endfacet
 facet normal -1.000000e+00  0.000000e+00  0.000000e+00
   outer loop
     vertex  5.000000e+00  1.540417e+01  1.918286e+01
     vertex  5.000000e+00  1.608820e+01  1.738493e+01
     vertex  5.000000e+00  1.607092e+01  1.735530e+01
   endloop
 endfacet
 facet normal -1.000000e+00  0.000000e+00  0.000000e+00
   outer loop
     vertex  5.000000e+00  1.540417e+01  1.918286e+01
     vertex  5.000000e+00  1.610467e+01  1.741501e+01
     vertex  5.000000e+00  1.608820e+01  1.738493e+01
   endloop
 endfacet
 facet normal -1.000000e+00  0.000000e+00  0.000000e+00
   outer loop
     vertex  5.000000e+00  1.540417e+01  1.918286e+01
     vertex  5.000000e+00  1.612030e+01  1.744554e+01
     vertex  5.000000e+00  1.610467e+01  1.741501e+01
   endloop
 endfacet
 facet normal -1.000000e+00  0.000000e+00  0.000000e+00
   outer loop
     vertex  5.000000e+00  1.540417e+01  1.918286e+01
     vertex  5.000000e+00  1.613509e+01  1.747648e+01
     vertex  5.000000e+00  1.612030e+01  1.744554e+01
   endloop
 endfacet
 facet normal -1.000000e+00  0.000000e+00  0.000000e+00
   outer loop
     vertex  5.000000e+00  1.540417e+01  1.918286e+01
     vertex  5.000000e+00  1.546843e+01  1.915891e+01
     vertex  5.000000e+00  1.613509e+01  1.747648e+01
   endloop
 endfacet
 facet normal -1.000000e+00  0.000000e+00  0.000000e+00
   outer loop
     vertex  5.000000e+00  1.530554e+01  1.921208e+01
     vertex  5.000000e+00  1.537156e+01  1.919350e+01
     vertex  5.000000e+00  1.540417e+01  1.918286e+01
   endloop
 endfacet
 facet normal -1.000000e+00  0.000000e+00  0.000000e+00
   outer loop
     vertex  5.000000e+00  1.530554e+01  1.921208e+01
     vertex  5.000000e+00  1.533868e+01  1.920324e+01
     vertex  5.000000e+00  1.537156e+01  1.919350e+01
   endloop
 endfacet
 facet normal -1.000000e+00  0.000000e+00  0.000000e+00
   outer loop
     vertex  5.000000e+00  1.378585e+01  1.770278e+01
     vertex  5.000000e+00  1.380398e+01  1.763663e+01
     vertex  5.000000e+00  1.379446e+01  1.766958e+01
   endloop
 endfacet
 facet normal -1.000000e+00  0.000000e+00  0.000000e+00
   outer loop
     vertex  5.000000e+00  1.527218e+01  1.922001e+01
     vertex  5.000000e+00  1.530554e+01  1.921208e+01
     vertex  5.000000e+00  1.540417e+01  1.918286e+01
   endloop
 endfacet
 facet normal -1.000000e+00  0.000000e+00  0.000000e+00
   outer loop
     vertex  5.000000e+00  1.377815e+01  1.773620e+01
     vertex  5.000000e+00  1.380398e+01  1.763663e+01
     vertex  5.000000e+00  1.378585e+01  1.770278e+01
   endloop
 endfacet
 facet normal -1.000000e+00  0.000000e+00  0.000000e+00
   outer loop
     vertex  5.000000e+00  1.376552e+01  1.780361e+01
     vertex  5.000000e+00  1.380398e+01  1.763663e+01
     vertex  5.000000e+00  1.377815e+01  1.773620e+01
   endloop
 endfacet
 facet normal -1.000000e+00  0.000000e+00  0.000000e+00
   outer loop
     vertex  5.000000e+00  1.376552e+01  1.780361e+01
     vertex  5.000000e+00  1.377815e+01  1.773620e+01
     vertex  5.000000e+00  1.377138e+01  1.776982e+01
   endloop
 endfacet
 facet normal -1.000000e+00  0.000000e+00  0.000000e+00
   outer loop
     vertex  5.000000e+00  1.376552e+01  1.780361e+01
     vertex  5.000000e+00  1.381440e+01  1.760396e+01
     vertex  5.000000e+00  1.380398e+01  1.763663e+01
   endloop
 endfacet
 facet normal -1.000000e+00  0.000000e+00  0.000000e+00
   outer loop
     vertex  5.000000e+00  1.376552e+01  1.780361e+01
     vertex  5.000000e+00  1.382571e+01  1.757158e+01
     vertex  5.000000e+00  1.381440e+01  1.760396e+01
   endloop
 endfacet
 facet normal -1.000000e+00  0.000000e+00  0.000000e+00
   outer loop
     vertex  5.000000e+00  1.517095e+01  1.923826e+01
     vertex  5.000000e+00  1.520485e+01  1.923310e+01
     vertex  5.000000e+00  1.523860e+01  1.922702e+01
   endloop
 endfacet
 facet normal -1.000000e+00  0.000000e+00  0.000000e+00
   outer loop
     vertex  5.000000e+00  1.376060e+01  1.783755e+01
     vertex  5.000000e+00  1.382571e+01  1.757158e+01
     vertex  5.000000e+00  1.376552e+01  1.780361e+01
   endloop
 endfacet
 facet normal -1.000000e+00  0.000000e+00  0.000000e+00
   outer loop
     vertex  5.000000e+00  1.513691e+01  1.924248e+01
     vertex  5.000000e+00  1.517095e+01  1.923826e+01
     vertex  5.000000e+00  1.523860e+01  1.922702e+01
   endloop
 endfacet
 facet normal -1.000000e+00  0.000000e+00  0.000000e+00
   outer loop
     vertex  5.000000e+00  1.510277e+01  1.924577e+01
     vertex  5.000000e+00  1.523860e+01  1.922702e+01
     vertex  5.000000e+00  1.527218e+01  1.922001e+01
   endloop
 endfacet
 facet normal -1.000000e+00  0.000000e+00  0.000000e+00
   outer loop
     vertex  5.000000e+00  1.510277e+01  1.924577e+01
     vertex  5.000000e+00  1.513691e+01  1.924248e+01
     vertex  5.000000e+00  1.523860e+01  1.922702e+01
   endloop
 endfacet
 facet normal -1.000000e+00  0.000000e+00  0.000000e+00
   outer loop
     vertex  5.000000e+00  1.375356e+01  1.790577e+01
     vertex  5.000000e+00  1.376060e+01  1.783755e+01
     vertex  5.000000e+00  1.375661e+01  1.787161e+01
   endloop
 endfacet
 facet normal -1.000000e+00  0.000000e+00  0.000000e+00
   outer loop
     vertex  5.000000e+00  1.375356e+01  1.790577e+01
     vertex  5.000000e+00  1.382571e+01  1.757158e+01
     vertex  5.000000e+00  1.376060e+01  1.783755e+01
   endloop
 endfacet
 facet normal -1.000000e+00  0.000000e+00  0.000000e+00
   outer loop
     vertex  5.000000e+00  1.506856e+01  1.924812e+01
     vertex  5.000000e+00  1.510277e+01  1.924577e+01
     vertex  5.000000e+00  1.527218e+01  1.922001e+01
   endloop
 endfacet
 facet normal -1.000000e+00  0.000000e+00  0.000000e+00
   outer loop
     vertex  5.000000e+00  1.506856e+01  1.924812e+01
     vertex  5.000000e+00  1.527218e+01  1.922001e+01
     vertex  5.000000e+00  1.540417e+01  1.918286e+01
   endloop
 endfacet
 facet normal -1.000000e+00  0.000000e+00  0.000000e+00
   outer loop
     vertex  5.000000e+00  1.375026e+01  1.797428e+01
     vertex  5.000000e+00  1.375356e+01  1.790577e+01
     vertex  5.000000e+00  1.375144e+01  1.794000e+01
   endloop
 endfacet
 facet normal -1.000000e+00  0.000000e+00  0.000000e+00
   outer loop
     vertex  5.000000e+00  1.500000e+01  1.925000e+01
     vertex  5.000000e+00  1.503429e+01  1.924953e+01
     vertex  5.000000e+00  1.506856e+01  1.924812e+01
   endloop
 endfacet
 facet normal -1.000000e+00  0.000000e+00  0.000000e+00
   outer loop
     vertex  5.000000e+00  1.375003e+01  1.800857e+01
     vertex  5.000000e+00  1.375356e+01  1.790577e+01
     vertex  5.000000e+00  1.375026e+01  1.797428e+01
   endloop
 endfacet
 facet normal -1.000000e+00  0.000000e+00  0.000000e+00
   outer loop
     vertex  5.000000e+00  1.493144e+01  1.924812e+01
     vertex  5.000000e+00  1.496571e+01  1.924953e+01
     vertex  5.000000e+00  1.500000e+01  1.925000e+01
   endloop
 endfacet
 facet normal -1.000000e+00  0.000000e+00  0.000000e+00
   outer loop
     vertex  5.000000e+00  1.489723e+01  1.924577e+01
     vertex  5.000000e+00  1.493144e+01  1.924812e+01
     vertex  5.000000e+00  1.500000e+01  1.925000e+01
   endloop
 endfacet
 facet normal -1.000000e+00  0.000000e+00  0.000000e+00
   outer loop
     vertex  5.000000e+00  1.489723e+01  1.924577e+01
     vertex  5.000000e+00  1.500000e+01  1.925000e+01
     vertex  5.000000e+00  1.506856e+01  1.924812e+01
   endloop
 endfacet
 facet normal -1.000000e+00  0.000000e+00  0.000000e+00
   outer loop
     vertex  5.000000e+00  1.489723e+01  1.924577e+01
     vertex  5.000000e+00  1.506856e+01  1.924812e+01
     vertex  5.000000e+00  1.540417e+01  1.918286e+01
   endloop
 endfacet
 facet normal -1.000000e+00  0.000000e+00  0.000000e+00
   outer loop
     vertex  5.000000e+00  1.375497e+01  1.811132e+01
     vertex  5.000000e+00  1.375074e+01  1.804286e+01
     vertex  5.000000e+00  1.375238e+01  1.807712e+01
   endloop
 endfacet
 facet normal -1.000000e+00  0.000000e+00  0.000000e+00
   outer loop
     vertex  5.000000e+00  1.375497e+01  1.811132e+01
     vertex  5.000000e+00  1.375003e+01  1.800857e+01
     vertex  5.000000e+00  1.375074e+01  1.804286e+01
   endloop
 endfacet
 facet normal -1.000000e+00  0.000000e+00  0.000000e+00
   outer loop
     vertex  5.000000e+00  1.375849e+01  1.814543e+01
     vertex  5.000000e+00  1.375003e+01  1.800857e+01
     vertex  5.000000e+00  1.375497e+01  1.811132e+01
   endloop
 endfacet
 facet normal -1.000000e+00  0.000000e+00  0.000000e+00
   outer loop
     vertex  5.000000e+00  1.482905e+01  1.923826e+01
     vertex  5.000000e+00  1.486309e+01  1.924248e+01
     vertex  5.000000e+00  1.489723e+01  1.924577e+01
   endloop
 endfacet
 facet normal -1.000000e+00  0.000000e+00  0.000000e+00
   outer loop
     vertex  5.000000e+00  1.482905e+01  1.923826e+01
     vertex  5.000000e+00  1.489723e+01  1.924577e+01
     vertex  5.000000e+00  1.540417e+01  1.918286e+01
   endloop
 endfacet
 facet normal -1.000000e+00  0.000000e+00  0.000000e+00
   outer loop
     vertex  5.000000e+00  1.376295e+01  1.817944e+01
     vertex  5.000000e+00  1.375003e+01  1.800857e+01
     vertex  5.000000e+00  1.375849e+01  1.814543e+01
   endloop
 endfacet
 facet normal -1.000000e+00  0.000000e+00  0.000000e+00
   outer loop
     vertex  5.000000e+00  1.476140e+01  1.922702e+01
     vertex  5.000000e+00  1.479515e+01  1.923310e+01
     vertex  5.000000e+00  1.482905e+01  1.923826e+01
   endloop
 endfacet
 facet normal -1.000000e+00  0.000000e+00  0.000000e+00
   outer loop
     vertex  5.000000e+00  1.472782e+01  1.922001e+01
     vertex  5.000000e+00  1.583088e+01  1.706611e+01
     vertex  5.000000e+00  1.580494e+01  1.704367e+01
   endloop
 endfacet
 facet normal -1.000000e+00  0.000000e+00  0.000000e+00
   outer loop
     vertex  5.000000e+00  1.472782e+01  1.922001e+01
     vertex  5.000000e+00  1.585618e+01  1.708926e+01
     vertex  5.000000e+00  1.583088e+01  1.706611e+01
   endloop
 endfacet
 facet normal -1.000000e+00  0.000000e+00  0.000000e+00
   outer loop
     vertex  5.000000e+00  1.472782e+01  1.922001e+01
     vertex  5.000000e+00  1.588085e+01  1.711309e+01
     vertex  5.000000e+00  1.585618e+01  1.708926e+01
   endloop
 endfacet
 facet normal -1.000000e+00  0.000000e+00  0.000000e+00
   outer loop
     vertex  5.000000e+00  1.472782e+01  1.922001e+01
     vertex  5.000000e+00  1.590485e+01  1.713759e+01
     vertex  5.000000e+00  1.588085e+01  1.711309e+01
   endloop
 endfacet
 facet normal -1.000000e+00  0.000000e+00  0.000000e+00
   outer loop
     vertex  5.000000e+00  1.472782e+01  1.922001e+01
     vertex  5.000000e+00  1.592817e+01  1.716274e+01
     vertex  5.000000e+00  1.590485e+01  1.713759e+01
   endloop
 endfacet
 facet normal -1.000000e+00  0.000000e+00  0.000000e+00
   outer loop
     vertex  5.000000e+00  1.472782e+01  1.922001e+01
     vertex  5.000000e+00  1.595079e+01  1.718852e+01
     vertex  5.000000e+00  1.592817e+01  1.716274e+01
   endloop
 endfacet
 facet normal -1.000000e+00  0.000000e+00  0.000000e+00
   outer loop
     vertex  5.000000e+00  1.472782e+01  1.922001e+01
     vertex  5.000000e+00  1.597269e+01  1.721491e+01
     vertex  5.000000e+00  1.595079e+01  1.718852e+01
   endloop
 endfacet
 facet normal -1.000000e+00  0.000000e+00  0.000000e+00
   outer loop
     vertex  5.000000e+00  1.472782e+01  1.922001e+01
     vertex  5.000000e+00  1.607092e+01  1.735530e+01
     vertex  5.000000e+00  1.597269e+01  1.721491e+01
   endloop
 endfacet
 facet normal -1.000000e+00  0.000000e+00  0.000000e+00
   outer loop
     vertex  5.000000e+00  1.472782e+01  1.922001e+01
     vertex  5.000000e+00  1.540417e+01  1.918286e+01
     vertex  5.000000e+00  1.607092e+01  1.735530e+01
   endloop
 endfacet
 facet normal -1.000000e+00  0.000000e+00  0.000000e+00
   outer loop
     vertex  5.000000e+00  1.472782e+01  1.922001e+01
     vertex  5.000000e+00  1.476140e+01  1.922702e+01
     vertex  5.000000e+00  1.482905e+01  1.923826e+01
   endloop
 endfacet
 facet normal -1.000000e+00  0.000000e+00  0.000000e+00
   outer loop
     vertex  5.000000e+00  1.472782e+01  1.922001e+01
     vertex  5.000000e+00  1.482905e+01  1.923826e+01
     vertex  5.000000e+00  1.540417e+01  1.918286e+01
   endloop
 endfacet
 facet normal -1.000000e+00  0.000000e+00  0.000000e+00
   outer loop
     vertex  5.000000e+00  1.378189e+01  1.828054e+01
     vertex  5.000000e+00  1.376833e+01  1.821331e+01
     vertex  5.000000e+00  1.377465e+01  1.824702e+01
   endloop
 endfacet
 facet normal -1.000000e+00  0.000000e+00  0.000000e+00
   outer loop
     vertex  5.000000e+00  1.378189e+01  1.828054e+01
     vertex  5.000000e+00  1.376295e+01  1.817944e+01
     vertex  5.000000e+00  1.376833e+01  1.821331e+01
   endloop
 endfacet
 facet normal -1.000000e+00  0.000000e+00  0.000000e+00
   outer loop
     vertex  5.000000e+00  1.379004e+01  1.831385e+01
     vertex  5.000000e+00  1.376295e+01  1.817944e+01
     vertex  5.000000e+00  1.378189e+01  1.828054e+01
   endloop
 endfacet
 facet normal -1.000000e+00  0.000000e+00  0.000000e+00
   outer loop
     vertex  5.000000e+00  1.466132e+01  1.920324e+01
     vertex  5.000000e+00  1.469446e+01  1.921208e+01
     vertex  5.000000e+00  1.472782e+01  1.922001e+01
   endloop
 endfacet
 facet normal -1.000000e+00  0.000000e+00  0.000000e+00
   outer loop
     vertex  5.000000e+00  1.462844e+01  1.919350e+01
     vertex  5.000000e+00  1.466132e+01  1.920324e+01
     vertex  5.000000e+00  1.472782e+01  1.922001e+01
   endloop
 endfacet
 facet normal -1.000000e+00  0.000000e+00  0.000000e+00
   outer loop
     vertex  5.000000e+00  1.380908e+01  1.837974e+01
     vertex  5.000000e+00  1.379004e+01  1.831385e+01
     vertex  5.000000e+00  1.379911e+01  1.834693e+01
   endloop
 endfacet
 facet normal -1.000000e+00  0.000000e+00  0.000000e+00
   outer loop
     vertex  5.000000e+00  1.459583e+01  1.918286e+01
     vertex  5.000000e+00  1.462844e+01  1.919350e+01
     vertex  5.000000e+00  1.472782e+01  1.922001e+01
   endloop
 endfacet
 facet normal -1.000000e+00  0.000000e+00  0.000000e+00
   outer loop
     vertex  5.000000e+00  1.381994e+01  1.841227e+01
     vertex  5.000000e+00  1.379004e+01  1.831385e+01
     vertex  5.000000e+00  1.380908e+01  1.837974e+01
   endloop
 endfacet
 facet normal -1.000000e+00  0.000000e+00  0.000000e+00
   outer loop
     vertex  5.000000e+00  1.383170e+01  1.844449e+01
     vertex  5.000000e+00  1.379004e+01  1.831385e+01
     vertex  5.000000e+00  1.381994e+01  1.841227e+01
   endloop
 endfacet
 facet normal -1.000000e+00  0.000000e+00  0.000000e+00
   outer loop
     vertex  5.000000e+00  1.453157e+01  1.915891e+01
     vertex  5.000000e+00  1.459583e+01  1.918286e+01
     vertex  5.000000e+00  1.472782e+01  1.922001e+01
   endloop
 endfacet
 facet normal -1.000000e+00  0.000000e+00  0.000000e+00
   outer loop
     vertex  5.000000e+00  1.453157e+01  1.915891e+01
     vertex  5.000000e+00  1.456353e+01  1.917132e+01
     vertex  5.000000e+00  1.459583e+01  1.918286e+01
   endloop
 endfacet
 facet normal -1.000000e+00  0.000000e+00  0.000000e+00
   outer loop
     vertex  5.000000e+00  1.384433e+01  1.847637e+01
     vertex  5.000000e+00  1.379004e+01  1.831385e+01
     vertex  5.000000e+00  1.383170e+01  1.844449e+01
   endloop
 endfacet
 facet normal -1.000000e+00  0.000000e+00  0.000000e+00
   outer loop
     vertex  5.000000e+00  1.446871e+01  1.913147e+01
     vertex  5.000000e+00  1.449995e+01  1.914562e+01
     vertex  5.000000e+00  1.453157e+01  1.915891e+01
   endloop
 endfacet
 facet normal -1.000000e+00  0.000000e+00  0.000000e+00
   outer loop
     vertex  5.000000e+00  1.446871e+01  1.913147e+01
     vertex  5.000000e+00  1.453157e+01  1.915891e+01
     vertex  5.000000e+00  1.472782e+01  1.922001e+01
   endloop
 endfacet
 facet normal -1.000000e+00  0.000000e+00  0.000000e+00
   outer loop
     vertex  5.000000e+00  1.390346e+01  1.860009e+01
     vertex  5.000000e+00  1.387220e+01  1.853904e+01
     vertex  5.000000e+00  1.388741e+01  1.856978e+01
   endloop
 endfacet
 facet normal -1.000000e+00  0.000000e+00  0.000000e+00
   outer loop
     vertex  5.000000e+00  1.390346e+01  1.860009e+01
     vertex  5.000000e+00  1.385784e+01  1.850790e+01
     vertex  5.000000e+00  1.387220e+01  1.853904e+01
   endloop
 endfacet
 facet normal -1.000000e+00  0.000000e+00  0.000000e+00
   outer loop
     vertex  5.000000e+00  1.390346e+01  1.860009e+01
     vertex  5.000000e+00  1.384433e+01  1.847637e+01
     vertex  5.000000e+00  1.385784e+01  1.850790e+01
   endloop
 endfacet
 facet normal -1.000000e+00  0.000000e+00  0.000000e+00
   outer loop
     vertex  5.000000e+00  1.437748e+01  1.908396e+01
     vertex  5.000000e+00  1.443787e+01  1.911647e+01
     vertex  5.000000e+00  1.446871e+01  1.913147e+01
   endloop
 endfacet
 facet normal -1.000000e+00  0.000000e+00  0.000000e+00
   outer loop
     vertex  5.000000e+00  1.437748e+01  1.908396e+01
     vertex  5.000000e+00  1.440745e+01  1.910063e+01
     vertex  5.000000e+00  1.443787e+01  1.911647e+01
   endloop
 endfacet
 facet normal -1.000000e+00  0.000000e+00  0.000000e+00
   outer loop
     vertex  5.000000e+00  1.437748e+01  1.908396e+01
     vertex  5.000000e+00  1.446871e+01  1.913147e+01
     vertex  5.000000e+00  1.472782e+01  1.922001e+01
   endloop
 endfacet
 facet normal -1.000000e+00  0.000000e+00  0.000000e+00
   outer loop
     vertex  5.000000e+00  1.392034e+01  1.862994e+01
     vertex  5.000000e+00  1.384433e+01  1.847637e+01
     vertex  5.000000e+00  1.390346e+01  1.860009e+01
   endloop
 endfacet
 facet normal -1.000000e+00  0.000000e+00  0.000000e+00
   outer loop
     vertex  5.000000e+00  1.393803e+01  1.865933e+01
     vertex  5.000000e+00  1.384433e+01  1.847637e+01
     vertex  5.000000e+00  1.392034e+01  1.862994e+01
   endloop
 endfacet
 facet normal -1.000000e+00  0.000000e+00  0.000000e+00
   outer loop
     vertex  5.000000e+00  1.426250e+01  1.900925e+01
     vertex  5.000000e+00  1.434797e+01  1.906647e+01
     vertex  5.000000e+00  1.437748e+01  1.908396e+01
   endloop
 endfacet
 facet normal -1.000000e+00  0.000000e+00  0.000000e+00
   outer loop
     vertex  5.000000e+00  1.426250e+01  1.900925e+01
     vertex  5.000000e+00  1.431896e+01  1.904818e+01
     vertex  5.000000e+00  1.434797e+01  1.906647e+01
   endloop
 endfacet
 facet normal -1.000000e+00  0.000000e+00  0.000000e+00
   outer loop
     vertex  5.000000e+00  1.426250e+01  1.900925e+01
     vertex  5.000000e+00  1.429046e+01  1.902910e+01
     vertex  5.000000e+00  1.431896e+01  1.904818e+01
   endloop
 endfacet
 facet normal -1.000000e+00  0.000000e+00  0.000000e+00
   outer loop
     vertex  5.000000e+00  1.399583e+01  1.874441e+01
     vertex  5.000000e+00  1.376295e+01  1.817944e+01
     vertex  5.000000e+00  1.379004e+01  1.831385e+01
   endloop
 endfacet
 facet normal -1.000000e+00  0.000000e+00  0.000000e+00
   outer loop
     vertex  5.000000e+00  1.399583e+01  1.874441e+01
     vertex  5.000000e+00  1.379004e+01  1.831385e+01
     vertex  5.000000e+00  1.384433e+01  1.847637e+01
   endloop
 endfacet
 facet normal -1.000000e+00  0.000000e+00  0.000000e+00
   outer loop
     vertex  5.000000e+00  1.399583e+01  1.874441e+01
     vertex  5.000000e+00  1.395651e+01  1.868821e+01
     vertex  5.000000e+00  1.397579e+01  1.871658e+01
   endloop
 endfacet
 facet normal -1.000000e+00  0.000000e+00  0.000000e+00
   outer loop
     vertex  5.000000e+00  1.399583e+01  1.874441e+01
     vertex  5.000000e+00  1.393803e+01  1.865933e+01
     vertex  5.000000e+00  1.395651e+01  1.868821e+01
   endloop
 endfacet
 facet normal -1.000000e+00  0.000000e+00  0.000000e+00
   outer loop
     vertex  5.000000e+00  1.399583e+01  1.874441e+01
     vertex  5.000000e+00  1.384433e+01  1.847637e+01
     vertex  5.000000e+00  1.393803e+01  1.865933e+01
   endloop
 endfacet
 facet normal -1.000000e+00  0.000000e+00  0.000000e+00
   outer loop
     vertex  5.000000e+00  1.399583e+01  1.874441e+01
     vertex  5.000000e+00  1.375356e+01  1.790577e+01
     vertex  5.000000e+00  1.375003e+01  1.800857e+01
   endloop
 endfacet
 facet normal -1.000000e+00  0.000000e+00  0.000000e+00
   outer loop
     vertex  5.000000e+00  1.399583e+01  1.874441e+01
     vertex  5.000000e+00  1.375003e+01  1.800857e+01
     vertex  5.000000e+00  1.376295e+01  1.817944e+01
   endloop
 endfacet
 facet normal -1.000000e+00  0.000000e+00  0.000000e+00
   outer loop
     vertex  5.000000e+00  1.418201e+01  1.894520e+01
     vertex  5.000000e+00  1.420825e+01  1.896728e+01
     vertex  5.000000e+00  1.423509e+01  1.898864e+01
   endloop
 endfacet
 facet normal -1.000000e+00  0.000000e+00  0.000000e+00
   outer loop
     vertex  5.000000e+00  1.406044e+01  1.882445e+01
     vertex  5.000000e+00  1.401663e+01  1.877168e+01
     vertex  5.000000e+00  1.403817e+01  1.879836e+01
   endloop
 endfacet
 facet normal -1.000000e+00  0.000000e+00  0.000000e+00
   outer loop
     vertex  5.000000e+00  1.406044e+01  1.882445e+01
     vertex  5.000000e+00  1.399583e+01  1.874441e+01
     vertex  5.000000e+00  1.401663e+01  1.877168e+01
   endloop
 endfacet
 facet normal -1.000000e+00  0.000000e+00  0.000000e+00
   outer loop
     vertex  5.000000e+00  1.415639e+01  1.892240e+01
     vertex  5.000000e+00  1.423509e+01  1.898864e+01
     vertex  5.000000e+00  1.426250e+01  1.900925e+01
   endloop
 endfacet
 facet normal -1.000000e+00  0.000000e+00  0.000000e+00
   outer loop
     vertex  5.000000e+00  1.415639e+01  1.892240e+01
     vertex  5.000000e+00  1.418201e+01  1.894520e+01
     vertex  5.000000e+00  1.423509e+01  1.898864e+01
   endloop
 endfacet
 facet normal -1.000000e+00  0.000000e+00  0.000000e+00
   outer loop
     vertex  5.000000e+00  1.408341e+01  1.884992e+01
     vertex  5.000000e+00  1.399583e+01  1.874441e+01
     vertex  5.000000e+00  1.406044e+01  1.882445e+01
   endloop
 endfacet
 facet normal -1.000000e+00  0.000000e+00  0.000000e+00
   outer loop
     vertex  5.000000e+00  1.413140e+01  1.889891e+01
     vertex  5.000000e+00  1.426250e+01  1.900925e+01
     vertex  5.000000e+00  1.437748e+01  1.908396e+01
   endloop
 endfacet
 facet normal -1.000000e+00  0.000000e+00  0.000000e+00
   outer loop
     vertex  5.000000e+00  1.413140e+01  1.889891e+01
     vertex  5.000000e+00  1.415639e+01  1.892240e+01
     vertex  5.000000e+00  1.426250e+01  1.900925e+01
   endloop
 endfacet
 facet normal -1.000000e+00  0.000000e+00  0.000000e+00
   outer loop
     vertex  5.000000e+00  1.410707e+01  1.887474e+01
     vertex  5.000000e+00  1.472782e+01  1.922001e+01
     vertex  5.000000e+00  1.580494e+01  1.704367e+01
   endloop
 endfacet
 facet normal -1.000000e+00  0.000000e+00  0.000000e+00
   outer loop
     vertex  5.000000e+00  1.410707e+01  1.887474e+01
     vertex  5.000000e+00  1.386491e+01  1.747648e+01
     vertex  5.000000e+00  1.382571e+01  1.757158e+01
   endloop
 endfacet
 facet normal -1.000000e+00  0.000000e+00  0.000000e+00
   outer loop
     vertex  5.000000e+00  1.410707e+01  1.887474e+01
     vertex  5.000000e+00  1.545249e+01  1.683477e+01
     vertex  5.000000e+00  1.518792e+01  1.676421e+01
   endloop
 endfacet
 facet normal -1.000000e+00  0.000000e+00  0.000000e+00
   outer loop
     vertex  5.000000e+00  1.410707e+01  1.887474e+01
     vertex  5.000000e+00  1.508567e+01  1.675294e+01
     vertex  5.000000e+00  1.505143e+01  1.675106e+01
   endloop
 endfacet
 facet normal -1.000000e+00  0.000000e+00  0.000000e+00
   outer loop
     vertex  5.000000e+00  1.410707e+01  1.887474e+01
     vertex  5.000000e+00  1.511985e+01  1.675576e+01
     vertex  5.000000e+00  1.508567e+01  1.675294e+01
   endloop
 endfacet
 facet normal -1.000000e+00  0.000000e+00  0.000000e+00
   outer loop
     vertex  5.000000e+00  1.410707e+01  1.887474e+01
     vertex  5.000000e+00  1.382571e+01  1.757158e+01
     vertex  5.000000e+00  1.375356e+01  1.790577e+01
   endloop
 endfacet
 facet normal -1.000000e+00  0.000000e+00  0.000000e+00
   outer loop
     vertex  5.000000e+00  1.410707e+01  1.887474e+01
     vertex  5.000000e+00  1.518792e+01  1.676421e+01
     vertex  5.000000e+00  1.511985e+01  1.675576e+01
   endloop
 endfacet
 facet normal -1.000000e+00  0.000000e+00  0.000000e+00
   outer loop
     vertex  5.000000e+00  1.410707e+01  1.887474e+01
     vertex  5.000000e+00  1.560759e+01  1.690760e+01
     vertex  5.000000e+00  1.557740e+01  1.689135e+01
   endloop
 endfacet
 facet normal -1.000000e+00  0.000000e+00  0.000000e+00
   outer loop
     vertex  5.000000e+00  1.410707e+01  1.887474e+01
     vertex  5.000000e+00  1.563733e+01  1.692468e+01
     vertex  5.000000e+00  1.560759e+01  1.690760e+01
   endloop
 endfacet
 facet normal -1.000000e+00  0.000000e+00  0.000000e+00
   outer loop
     vertex  5.000000e+00  1.410707e+01  1.887474e+01
     vertex  5.000000e+00  1.566660e+01  1.694257e+01
     vertex  5.000000e+00  1.563733e+01  1.692468e+01
   endloop
 endfacet
 facet normal -1.000000e+00  0.000000e+00  0.000000e+00
   outer loop
     vertex  5.000000e+00  1.410707e+01  1.887474e+01
     vertex  5.000000e+00  1.569535e+01  1.696126e+01
     vertex  5.000000e+00  1.566660e+01  1.694257e+01
   endloop
 endfacet
 facet normal -1.000000e+00  0.000000e+00  0.000000e+00
   outer loop
     vertex  5.000000e+00  1.410707e+01  1.887474e+01
     vertex  5.000000e+00  1.572359e+01  1.698073e+01
     vertex  5.000000e+00  1.569535e+01  1.696126e+01
   endloop
 endfacet
 facet normal -1.000000e+00  0.000000e+00  0.000000e+00
   outer loop
     vertex  5.000000e+00  1.410707e+01  1.887474e+01
     vertex  5.000000e+00  1.437748e+01  1.908396e+01
     vertex  5.000000e+00  1.472782e+01  1.922001e+01
   endloop
 endfacet
 facet normal -1.000000e+00  0.000000e+00  0.000000e+00
   outer loop
     vertex  5.000000e+00  1.410707e+01  1.887474e+01
     vertex  5.000000e+00  1.580494e+01  1.704367e+01
     vertex  5.000000e+00  1.577840e+01  1.702195e+01
   endloop
 endfacet
 facet normal -1.000000e+00  0.000000e+00  0.000000e+00
   outer loop
     vertex  5.000000e+00  1.410707e+01  1.887474e+01
     vertex  5.000000e+00  1.375356e+01  1.790577e+01
     vertex  5.000000e+00  1.399583e+01  1.874441e+01
   endloop
 endfacet
 facet normal -1.000000e+00  0.000000e+00  0.000000e+00
   outer loop
     vertex  5.000000e+00  1.410707e+01  1.887474e+01
     vertex  5.000000e+00  1.398571e+01  1.726944e+01
     vertex  5.000000e+00  1.386491e+01  1.747648e+01
   endloop
 endfacet
 facet normal -1.000000e+00  0.000000e+00  0.000000e+00
   outer loop
     vertex  5.000000e+00  1.410707e+01  1.887474e+01
     vertex  5.000000e+00  1.430465e+01  1.696126e+01
     vertex  5.000000e+00  1.416912e+01  1.706611e+01
   endloop
 endfacet
 facet normal -1.000000e+00  0.000000e+00  0.000000e+00
   outer loop
     vertex  5.000000e+00  1.410707e+01  1.887474e+01
     vertex  5.000000e+00  1.577840e+01  1.702195e+01
     vertex  5.000000e+00  1.572359e+01  1.698073e+01
   endloop
 endfacet
 facet normal -1.000000e+00  0.000000e+00  0.000000e+00
   outer loop
     vertex  5.000000e+00  1.410707e+01  1.887474e+01
     vertex  5.000000e+00  1.413140e+01  1.889891e+01
     vertex  5.000000e+00  1.437748e+01  1.908396e+01
   endloop
 endfacet
 facet normal -1.000000e+00  0.000000e+00  0.000000e+00
   outer loop
     vertex  5.000000e+00  1.410707e+01  1.887474e+01
     vertex  5.000000e+00  1.399583e+01  1.874441e+01
     vertex  5.000000e+00  1.408341e+01  1.884992e+01
   endloop
 endfacet
 facet normal -1.000000e+00  0.000000e+00 -0.000000e+00
   outer loop
     vertex  5.000000e+00  1.410707e+01  1.887474e+01
     vertex  5.000000e+00  1.416912e+01  1.706611e+01
     vertex  5.000000e+00  1.398571e+01  1.726944e+01
   endloop
 endfacet
 facet normal -1.000000e+00  0.000000e+00  0.000000e+00
   outer loop
     vertex  5.000000e+00  1.410707e+01  1.887474e+01
     vertex  5.000000e+00  1.557740e+01  1.689135e+01
     vertex  5.000000e+00  1.545249e+01  1.683477e+01
   endloop
 endfacet
 facet normal -1.000000e+00  0.000000e+00  0.000000e+00
   outer loop
     vertex  5.000000e+00  1.410707e+01  1.887474e+01
     vertex  5.000000e+00  1.505143e+01  1.675106e+01
     vertex  5.000000e+00  1.430465e+01  1.696126e+01
   endloop
 endfacet
endsolid
